DBRep_DrawableShape

CASCADE Topology V1, (c) Matra-Datavision
Locations 16
1
             -1 -1.22464679914735e-16               0               0 
1.22464679914735e-16              -1               0               0 
              0               0               1               0 
1
             -1 -1.22464679914735e-16               0               0 
1.22464679914735e-16              -1               0               0 
              0               0               1               0 
2  2 -1 0
1
             -1 -1.22464679914735e-16               0               0 
1.22464679914735e-16              -1               0               0 
              0               0               1               0 
1
             -1 -1.22464679914735e-16               0               0 
1.22464679914735e-16              -1               0               0 
              0               0               1               0 
2  4 -1 0
1
             -1 -1.22464679914735e-16               0               0 
1.22464679914735e-16              -1               0               0 
              0               0               1               0 
2  7 -1 0
2  5 -1 0
1
             -1 -1.22464679914735e-16               0               0 
1.22464679914735e-16              -1               0               0 
              0               0               1               0 
2  10 -1 0
2  1 -1 0
1
             -1 -1.22464679914735e-16               0               0 
1.22464679914735e-16              -1               0               0 
              0               0               1               0 
1
             -1 -1.22464679914735e-16               0               0 
1.22464679914735e-16              -1               0               0 
              0               0               1               0 
2  13 -1 0
1
             -1 -1.22464679914735e-16               0               0 
1.22464679914735e-16              -1               0               0 
              0               0               1               0 
Curve2ds 1010
1 1.5707963267948966 0 0 1 
1 0 0 0 -1 
1 3.1415926535897931 0 0 1 
1 2.8800000000000026 0 0 1 
7 0 0  7 20 4  4.096909271714301 0  4.017572076390044 0.079337195324256371  3.9382338891297195 0.15867405707211901  3.8572712513923761 0.23719751354821028  3.7730237211003441 0.3140826607995848  3.6837629884921625 0.3883882249863575  3.5872124901429205 0.45882022687564755  3.428538099494407 0.55598804995962314  3.373338535165463 0.5869641711267628  3.3155906740568559 0.61630457999823862  3.2550735686395904 0.64375964773958061  3.1916279376272039 0.6690460713614369  3.1252184299123038 0.69186009659513492  2.9868130394243635 0.73196103953625247  2.9148166734119161 0.749247615986255  2.840195703763539 0.76348203556104821  2.7633103939842596 0.77438180284883629  2.6847869902314039 0.78172686011812098  2.6054501402436618 0.78539816339744639  2.5261129449194057 0.78539816339744639 
 1.5707963267948966 8 2.3561944901923484 6 2.748893571891073 6 3.1415926535897931 8
1 0 3.1800000000000002 1 0 
1 0 0 1 0 
7 0 0  7 20 4  4.0969092717143019 0  4.0175720763900449 -0.079337195324256329  3.9382338891298332 -0.15867405707206217  3.8572712513919214 -0.23719751354840923  3.7730237211017084 -0.31408266079947111  3.6837629884919352 -0.38838822498641434  3.5872124901429214 -0.45882022687564655  3.4285380994944075 -0.55598804995962203  3.373338535165423 -0.58696417112676258  3.3155906740569612 -0.61630457999823862  3.2550735686396837 -0.64375964773958372  3.191627937627143 -0.66904607136144179  3.1252184299123038 -0.69186009659513403  2.9868130394243635 -0.73196103953625136  2.9148166734119161 -0.74924761598623935  2.840195703763539 -0.76348203556103911  2.7633103939842596 -0.77438180284882718  2.6847869902314039 -0.78172686011810533  2.6054501402436636 -0.78539816339744462  2.5261129449194066 -0.78539816339744462 
 1.5707963267948966 8 2.3561944901923386 6 2.7488935718910681 6 3.1415926535897931 8
1 0 0 1 0 
7 0 0  7 20 4  4.0969092717143019 0  4.0175720763900458 0.079337195324256718  3.9382338891296058 0.15867405707204796  3.8572712513910119 0.23719751354843766  3.7730237211003441 0.31408266079947111  3.6837629884921625 0.38838822498644276  3.5872124901429254 0.45882022687564905  3.4285380994944128 0.55598804995962514  3.3733385351655052 0.58696417112677357  3.3155906740568475 0.61630457999824473  3.255073568639582 0.64375964773958372  3.1916279376272447 0.66904607136144345  3.1252184299123038 0.69186009659513947  2.9868130394243635 0.73196103953625702  2.9148166734118752 0.74924761598624101  2.8401957037635799 0.76348203556104721  2.763310393984288 0.77438180284883529  2.6847869902313439 0.78172686011810733  2.6054501402436658 0.78539816339745172  2.5261129449194093 0.78539816339745172 
 1.5707963267948966 8 2.3561944901923466 6 2.7488935718910721 6 3.1415926535897931 8
1 2.526112944919408 2.3561944901923471 0 -1 
1 0 2.8800000000000026 1 0 
1 0 0 0 -1 
1 1.5707963267948966 0 0 1 
1 2.8800000000000026 0 0 1 
1 3.1415926535897931 0 0 1 
1 0 3.1800000000000002 1 0 
7 0 0  7 20 4  4.096909271714301 0  4.017572076390044 0.079337195324256371  3.9382338891297195 0.15867405707211901  3.8572712513923761 0.23719751354821028  3.7730237211003441 0.3140826607995848  3.6837629884921625 0.3883882249863575  3.5872124901429205 0.45882022687564755  3.428538099494407 0.55598804995962314  3.373338535165463 0.5869641711267628  3.3155906740568559 0.61630457999823862  3.2550735686395904 0.64375964773958061  3.1916279376272039 0.6690460713614369  3.1252184299123038 0.69186009659513492  2.9868130394243635 0.73196103953625247  2.9148166734119161 0.749247615986255  2.840195703763539 0.76348203556104821  2.7633103939842596 0.77438180284883629  2.6847869902314039 0.78172686011812098  2.6054501402436618 0.78539816339744639  2.5261129449194057 0.78539816339744639 
 1.5707963267948966 8 2.3561944901923484 6 2.748893571891073 6 3.1415926535897931 8
1 0 0 1 0 
7 0 0  7 20 4  4.0969092717143019 0  4.0175720763900449 -0.079337195324256329  3.9382338891298332 -0.15867405707206217  3.8572712513919214 -0.23719751354840923  3.7730237211017084 -0.31408266079947111  3.6837629884919352 -0.38838822498641434  3.5872124901429214 -0.45882022687564655  3.4285380994944075 -0.55598804995962203  3.373338535165423 -0.58696417112676258  3.3155906740569612 -0.61630457999823862  3.2550735686396837 -0.64375964773958372  3.191627937627143 -0.66904607136144179  3.1252184299123038 -0.69186009659513403  2.9868130394243635 -0.73196103953625136  2.9148166734119161 -0.74924761598623935  2.840195703763539 -0.76348203556103911  2.7633103939842596 -0.77438180284882718  2.6847869902314039 -0.78172686011810533  2.6054501402436636 -0.78539816339744462  2.5261129449194066 -0.78539816339744462 
 1.5707963267948966 8 2.3561944901923386 6 2.7488935718910681 6 3.1415926535897931 8
1 0 0 1 0 
7 0 0  7 20 4  4.096909271714301 0  4.0175720763900449 -0.079337195324256704  3.9382338891296058 -0.15867405707206217  3.8572712513910119 -0.23719751354835239  3.7730237211003441 -0.31408266079955638  3.6837629884921625 -0.38838822498642855  3.587212490142925 -0.45882022687564838  3.4285380994944128 -0.5559880499596247  3.3733385351654239 -0.58696417112676846  3.3155906740568963 -0.61630457999823363  3.2550735686396308 -0.64375964773957561  3.1916279376271643 -0.66904607136144278  3.1252184299123078 -0.69186009659513747  2.986813039424367 -0.73196103953625524  2.914816673411917 -0.74924761598624556  2.8401957037635719 -0.763482035561034  2.76331039398428 -0.77438180284882507  2.6847869902313835 -0.78172686011811676  2.6054501402436618 -0.78539816339744972  2.5261129449194049 -0.78539816339744972 
 1.5707963267948966 8 2.3561944901923448 6 2.7488935718910676 6 3.1415926535897931 8
1 0 2.8800000000000026 1 0 
1 2.5261129449194044 -2.3561944901923466 -0 1 
1 0 12.23 1 0 
2 0 0 1 0 -0 1 9.8499999999999996
1 -6.2831853071795862 12.229999999999999 1 0 
8 -2.7825000000000002 8.3475000000000001
1 10.879999999999999 2.7825000000000002 0 1 
8 -2.7825000000000002 8.3475000000000001
1 -8.1299999999999955 2.7825000000000002 0 -1 
2 0 -2.0286274227875903e-15 1 0 0 -1 9.5499999999999989
1 6.2831853071795862 1.7850000000000037 1 0 
1 0 1.7850000000000037 1 0 
1 0 12.229999999999999 1 0 
8 0.050000000000000711 12.2300006
1 -1.3500000000000005 0.0039209680134851274 1 0 
8 0.050000000000000711 12.2300006
1 2.5416725242777689 -2.0714265606735056e-16 0 1 
1 2.5416725242777689 0 0 1 
8 -5.999999999062311e-07 13.965000000000003
1 3.6939139762255326 0 0 1 
8 -5.999999999062311e-07 13.965000000000003
1 12.665000000000003 0.55445112787031703 -1 -1.2246467991473532e-16 
2 12.115000000000002 1.1200000000000008 -1.2246467991473532e-16 1 -1 -1.2246467991473532e-16 1.3266499161421608
7 0 0  6 12 3  4.0969092717143036 0.26498148605945998  4.0265104080999032 0.19458262244505931  3.9577255855881504 0.12418384361431167  3.8891586997027048 0.054412487874260229  3.819680556582 -0.014172596710348095  3.7481700251488559 -0.080946013665779665  3.5989179799180948 -0.20931292763050002  3.521176783085707 -0.27090714458363863  3.4392383592157216 -0.32912812583034423  3.3520764271311805 -0.38306256559458873  3.2587492733892489 -0.43149233733732484  3.1592972587267565 -0.47314838542098142 
 1.381218206666768 7 1.9785723728616027 5 2.5759265390564376 7
1 0 0 1 0 
1 3.1415926535897931 0 0 1 
1 3.1415926535897931 0 0 1 
1 0 0 0 1 
1 0 0 1 0 
7 0 0  7 20 4  4.0969092717142992 0  4.0175720763900422 -0.079337195324256163  3.9382338891309701 -0.15867405707206217  3.8572712513882834 -0.23719751354832397  3.7730237211053463 -0.31408266079952796  3.6837629884910257 -0.38838822498644276  3.5872124901429192 -0.45882022687564716  3.4285380994944061 -0.55598804995962225  3.3733385351654426 -0.5869641711267829  3.3155906740569088 -0.61630457999822652  3.2550735686396552 -0.6437596477395654  3.1916279376272021 -0.66904607136145167  3.1252184299122971 -0.69186009659513303  2.9868130394243573 -0.73196103953624991  2.9148166734119343 -0.74924761598623901  2.840195703763519 -0.763482035561031  2.7633103939842392 -0.77438180284881597  2.6847869902314239 -0.78172686011810022  2.6054501402436618 -0.7853981633974445  2.5261129449194057 -0.7853981633974445 
 1.5707963267948966 8 2.3561944901923475 6 2.748893571891069 6 3.1415926535897931 8
1 -6.6613381477509392e-16 -1.6000000000000014 1 0 
2 0.29999999999999716 -10.010000000000002 1 0 -0 1 0.84852813742385624
7 0 0  5 6 2  3.4620699403337696 -0.26157766335763372  3.4776486587166149 -0.30443928472009335  3.4967929395563999 -0.34616746128251341  3.5196951069094027 -0.38639632303762372  3.5466299898696652 -0.42469633143889818  3.5777631574677775 -0.46055399168132077 
 4.3510218564780336 6 4.7123889803846941 6
7 0 0  6 62 13  1.5707963267948966 10.803725393319377  1.5797563836253303 10.799153506056014  1.5886937747470338 10.794512424630163  1.5976078318860587 10.789801826639762  1.6064978554683649 10.785021358022641  1.6153631146198242 10.780170633056519  1.6648334348907361 10.752628717227186  1.7049225225637312 10.728516267512562  1.7444001913986338 10.702869437622457  1.7831745973524995 10.675630890612792  1.8211271760640226 10.646726069951939  1.8973169313623859 10.583469519145076  1.935403153842755 10.5489144073319  1.9721944571999872 10.512202872895251  2.0073927510688541 10.473148636032427  2.0405612126018662 10.431563798508989  2.0835604779413486 10.368899909237369  2.0956234210791398 10.35018031134191  2.1071802766475893 10.330972145646806  2.1181714161988503 10.311263737808332  2.1285272521341376 10.291050554332157  2.145379014862336 10.254853347843365  2.1521887667389783 10.239091376603577  2.158567550586199 10.223053685375676  2.1644792472519572 10.206748965221701  2.1698867765475822 10.190193056516222  2.1772926201389762 10.164661507143832  2.1796837630657229 10.155851239150564  2.1819232242881363 10.146983012602073  2.1840062353690324 10.138061117223701  2.1859283719250331 10.129090552595239  2.1912123747537522 10.101986076934578  2.1940753110853883 10.083719717616338  2.1962409575024378 10.065328913530388  2.1976871159575766 10.046869989397635  2.1984057121399547 10.028404650190874  2.1984057121399547 9.9914700563117655  2.1976772576737233 9.9729995336446198  2.1962292103503067 9.9546581405463144  2.1940877514502994 9.9365042192884179  2.1912909946280132 9.9185861240627968  2.1861842480167883 9.892144846386568  2.1843328842113716 9.8834141392783703  2.1823350402058783 9.8747558612293052  2.1801963526908854 9.866173601581032  2.1779225620390741 9.8576701556409976  2.1709583169333944 9.8332606456738549  2.1659313849726529 9.8175653701326464  2.1604779145505408 9.8021746472555105  2.1546357603603532 9.7870930931755815  2.1484395257581679 9.7723189078931458  2.1236458172371906 9.7172891093697711  2.1028446655541329 9.6791423478064882  2.0801357127342532 9.6431618375414789  2.0559113664957014 9.6091034214433222  2.0304099662267507 9.5767374798325591  1.9761144823756625 9.5138587754397896  1.9472664799180885 9.4834827983399386  1.9173256285359854 9.4544891238882602  1.8863784938317751 9.4267573850157902  1.8544962049345772 9.4002062535000199  1.8217306655559491 9.3747826561886551 
 0 7 0.034846154634756848 5 0.19501160481313995 5 0.36496797543701215 5 0.43479502672981457 5 0.4869903013666339 5 0.51419921785256473 5 0.56880995129380851 5 0.62379245870064204 5 0.65121356161470512 5 0.70326117675152333 5 0.84910942844659687 5 1 7
7 0 0  6 62 13  3.4620699403337611 -0.26157766335760363  3.4587850010277137 -0.25253983230665317  3.4555035593358316 -0.24350731411788698  3.4522259018847521 -0.23447998548259538  3.448952366422859 -0.22545770677436805  3.4456833418202808 -0.21644032204909439  3.4274164120210435 -0.16600222078662458  3.4125190211993712 -0.12467873366265997  3.397768242395979 -0.083436328608004873  3.3832335639985436 -0.042251338098532765  3.3690183242059222 -0.001094813594875399  3.3407464301645935 0.083772217005490701  3.3267628536417426 0.12745572353293788  3.3135471526936149 0.17122923040286236  3.3014343930232259 0.2151357656023748  3.2909182638136305 0.25918652534916414  3.2796257784087133 0.32153554450413679  3.276762675132995 0.33970951239293917  3.2743884873196802 0.35789754542379804  3.2725807588269427 0.37608752861110589  3.2714311843080757 0.39425786029970505  3.2707576636490678 0.42592052708262212  3.2708965760622175 0.43943452828831692  3.2715063202215142 0.45290464907956096  3.272635468808494 0.46631082364249249  3.2743341872528373 0.47962696647781639  3.2778588448789687 0.49969877758924763  3.2792345188263123 0.50654336380723863  3.2807850563288148 0.51334996301741187  3.2825169769227318 0.52011344565877249  3.2844363586234859 0.52682824918240634  3.2907887731737788 0.54685585347231613  3.2958069426063932 0.56000484690957453  3.3016467921685702 0.57288361340459359  3.3083407794152282 0.58543937073697838  3.3159029576854127 0.59762006478992669  3.3327974742618647 0.62121223694215144  3.3421424052956574 0.63261926788141065  3.3523443408132905 0.64354593379164149  3.3633713118595741 0.65395464637932565  3.3751748237004331 0.66381966856167585  3.3939365458119268 0.6777661829943602  3.4003580480187598 0.68226821027480089  3.4069504455044801 0.68662970688133385  3.413706161843955 0.69084968836338323  3.4206173917375016 0.69492782080897442  3.4410741391851789 0.70633642677575059  3.4550033722157139 0.71329825702102789  3.4694103389628359 0.71975217517204937  3.4842414665810462 0.72570670683979976  3.4994461471432108 0.7311743829855254  3.5585083829828239 0.75016679396242236  3.6045708250695569 0.76043760141253602  3.6522720422839963 0.7673449969668007  3.7008452310192905 0.77122691486340766  3.7497704524743147 0.77239306248112483  3.8494501061836868 0.76972158706424909  3.9001553450207949 0.76571119417015399  3.9504909962645161 0.7593230361613752  4.0001672361461491 0.75078066675575794  4.0490036652593915 0.74029880714375751  4.0969092717142459 0.72807218595662038 
 0 7 0.034846154634756848 5 0.19501160481313995 5 0.36496797543701215 5 0.43479502672981457 5 0.4869903013666339 5 0.51419921785256473 5 0.56880995129380851 5 0.62379245870064204 5 0.65121356161470512 5 0.70326117675152333 5 0.84910942844659687 5 1 7
1 0 8.8900000000000006 1 0 
7 0 0  7 20 4  4.0969092717143019 0  4.0175720763900458 0.079337195324256898  3.9382338891292648 0.15867405707207638  3.8572712513928309 0.23719751354835239  3.7730237211007989 0.31408266079952796  3.6837629884921625 0.38838822498641434  3.5872124901429201 0.45882022687565294  3.428538099494407 0.55598804995962914  3.3733385351654834 0.58696417112676968  3.3155906740569003 0.61630457999824173  3.2550735686396228 0.64375964773958372  3.191627937627203 0.66904607136144378  3.1252184299123003 0.69186009659514103  2.9868130394243591 0.73196103953625857  2.9148166734118943 0.74924761598625167  2.840195703763527 0.76348203556106142  2.7633103939842352 0.77438180284884039  2.6847869902313612 0.781726860118103  2.6054501402436565 0.78539816339745472  2.5261129449193995 0.78539816339745461 
 1.5707963267948966 8 2.3561944901923506 6 2.7488935718910743 6 3.1415926535897931 8
1 0.30000000000000071 0 0 -1 
1 1.5707963267948966 0 0 1 
1 0 -11.130000000000001 1 0 
1 1.5707963267948966 0 0 1 
1 0 0 0 -1 
1 1.5707963267948966 0 0 1 
2 0 0 1 0 -0 1 9.8499999999999996
1 -6.2831853071795862 12.23 1 0 
8 -2.7825000000000002 8.3475000000000001
1 10.879999999999999 2.7825000000000002 0 1 
8 -2.7825000000000002 8.3475000000000001
1 -8.1299999999999955 2.7825000000000002 0 -1 
2 0 0 1 0 -0 1 9.5499999999999989
1 -6.2831853071795862 34.914999999999999 1 0 
1 0 34.914999999999999 1 0 
1 0 12.23 1 0 
1 0 0 0 1 
1 3.1415926535897931 0 0 1 
1 0 11.130000000000001 1 0 
1 3.1415926535897931 0 0 1 
2 12.115000000000002 10.010000000000002 0 -1 1 0 1.3266499161421608
7 0 0  6 12 3  3.1592972587266326 0.47314838542103527  3.2587492733891419 0.43149233733738135  3.35207642713101 0.38306256559464558  3.4392383592157785 0.32912812583038686  3.5211767830855649 0.27090714458368836  3.5989179799180389 0.20931292763054782  3.7481700251488195 0.080946013665816677  3.8196805565819147 0.014172596710366303  3.8891586997026479 -0.054412487874218485  3.9577255855881504 -0.1241838436143059  4.0265104080998961 -0.19458262244504909  4.0969092717143045 -0.26498148605945721 
 3.707258768123022 7 4.3046129343179196 5 4.9019671005128176 7
8 22.734999999999999 36.700000600000003
1 -24.035 10.575548872129687 1 0 
8 22.734999999999999 36.700000600000003
1 -2.5892713309540536 0 0 1 
8 0.050000000000000711 12.230000599999999
1 -1.3500000000000005 11.126079031986515 1 0 
8 0.050000000000000711 12.230000599999999
1 -2.5416725242777689 0 0 1 
7 0 0  6 42 9  3.8692604214027004 -0.78539816339747415  3.8623723805472614 -0.7415918796884019  3.8549710099946162 -0.69724772882069053  3.847116231502945 -0.65234097252052126  3.8388369279707386 -0.60686391529603734  3.8301409691659418 -0.56083043299617874  3.8164914869868034 -0.49112868196482307  3.8118539577197113 -0.46784975143088342  3.8071122831636957 -0.44444948463763284  3.802265268134251 -0.4209354180573836  3.7973110173537954 -0.39731723289127446  3.7891054151889736 -0.35889752544054515  3.7859215367443633 -0.3441525049169023  3.7826948339350843 -0.32937497695544876  3.7794246171828672 -0.31456815223048423  3.7761101021152279 -0.29973555175995342  3.7653139753587879 -0.25200155622812787  3.7576557828112414 -0.21901278602029514  3.7497671607688789 -0.18595976083608667  3.7416359040959559 -0.1528893450006801  3.7332472075303511 -0.11985260954689987  3.712809761109543 -0.04212552747944933  3.7005265720746539 0.0024958330274770604  3.687695202918043 0.046807000950649214  3.6742590140593108 0.090679035955330514  3.6601482694933893 0.13399278766624781  3.6374990681371795 0.19895655281420685  3.6295069177695338 0.22110102974371137  3.6212953441131575 0.24304604482649586  3.6128510295328873 0.26477745535605512  3.6041593939723122 0.28628214642488414  3.5635919320456479 0.38262188090564586  3.5287195626230421 0.45467354941778226  3.4898516748380137 0.52326360184200649  3.4460997758216525 0.58795476732863494  3.3963399825231542 0.64815739847861575  3.3246347459073018 0.71787562515987557  3.3090751252041244 0.7321667365210448  3.2930154382753845 0.74607825128525362  3.2764435271833192 0.75959652753010865  3.2593504527867965 0.77270779665827016  3.2417304947413199 0.78539816339745172 
 0 7 0.16456410765552232 5 0.24641081221120315 5 0.29718805898143291 5 0.40957978804911654 5 0.56235069167268692 5 0.64235975360227715 5 0.92481159860083939 5 1 7
7 0 0  6 42 9  -2.7183532812584548 35.220034648909994  -2.7136707801360997 35.180780283256446  -2.7086946184566361 35.143487191405207  -2.7034290991670744 35.108392000502214  -2.6978827973433646 35.075766593257583  -2.6920704591106701 35.045898907485714  -2.6830031410835269 35.005732114890158  -2.6799312979678427 34.993143395968929  -2.6768022821670439 34.98134279986305  -2.6736195209809819 34.97036509132888  -2.6703870134416445 34.960243441222005  -2.665075963412507 34.945278850905439  -2.6630251693616791 34.939890575830852  -2.6609581074943645 34.934850793740274  -2.6588759612591186 34.930166266685291  -2.6567799936021141 34.925843188626686  -2.6500046542538502 34.913130861150421  -2.6452763648406119 34.906172362662751  -2.6405016895220785 34.901073059067976  -2.6356966953125167 34.897875424455492  -2.6308783751983911 34.896599979857861  -2.6195211775858187 34.898115234753114  -2.6129848192608773 34.902531738404655  -2.606500925675745 34.910481489300139  -2.6001109252070136 34.921868519917005  -2.5938518467476377 34.936529180986291  -2.584563449065794 34.963530993573549  -2.5814154217806196 34.973652143430286  -2.578316256540512 34.984583312870789  -2.5752698106218515 34.996292343302613  -2.5722794347876881 35.008745224653694  -2.5589991866724251 35.06836723523125  -2.5493909907668013 35.123626607225198  -2.5406344712163338 35.186165350261525  -2.5327862201032327 35.254360421762819  -2.5258627509358762 35.326639057704931  -2.5182435556718765 35.421591334374746  -2.5167061457673436 35.441743345454263  -2.5152328973898759 35.462057412383679  -2.5138233988038419 35.482506604427343  -2.5124770745817266 35.503064748892996  -2.5111931856041392 35.523706431131821 
 0 7 0.16456410765552232 5 0.24641081221120315 5 0.29718805898143291 5 0.40957978804911654 5 0.56235069167268692 5 0.64235975360227715 5 0.92481159860083939 5 1 7
7 0 0  7 8 2  2.990166139116075 12.115000000000002  2.990166139116075 12.009416878921597  2.9973093094115573 11.904143069188498  3.011524479351305 11.799551169646257  3.0329113290762955 11.696267492001013  3.0615975932145338 11.595156560196569  3.0977114659901432 11.497254111850989  3.1415926535897931 11.403944446614844 
 0 8 1 8
7 0 0  7 8 2  2.5261129449194049 0.58748027985465179  2.6200766225146213 0.58748027985465179  2.7137655996298728 0.58239736704681855  2.8068640494553749 0.57227849051854829  2.8988415449589811 0.55686043008758923  2.9889008576859428 0.53563602024985879  3.0760746074290664 0.50800667135786903  3.1592972587266304 0.47314838542102972 
 0 8 1 8
1 0 0 1 0 
1 2.5261129449194044 2.3561944901923462 0 -1 
1 0 0 1 0 
7 0 0  7 20 4  4.0969092717143019 0  4.0175720763900458 0.079337195324256649  3.9382338891300606 0.1586740570721048  3.8572712513891929 0.23719751354818186  3.7730237211021631 0.31408266079969849  3.6837629884917078 0.38838822498637171  3.5872124901429268 0.45882022687564883  3.4285380994944137 0.55598804995962514  3.3733385351654652 0.58696417112675836  3.3155906740568559 0.61630457999823562  3.2550735686396024 0.64375964773958061  3.1916279376272243 0.66904607136143746  3.1252184299123038 0.69186009659513659  2.9868130394243635 0.73196103953625424  2.9148166734119161 0.74924761598624534  2.8401957037635719 0.76348203556105843  2.76331039398428 0.77438180284883729  2.6847869902313835 0.78172686011809689  2.6054501402436641 0.7853981633974515  2.5261129449194075 0.78539816339745161 
 1.5707963267948966 8 2.3561944901923475 6 2.748893571891073 6 3.1415926535897931 8
7 0 0  5 10 3  2.3515938299842283 0  2.4346901143331761 0.054559447547520359  2.5173579086206717 0.10470201901098247  2.5997626517832839 0.14927790526333107  2.6820993555609967 0.18723733913194252  2.8398294143842135 0.24555177140250994  2.9151876167314192 0.26716137846890931  2.9906049068133935 0.2818384559530957  3.0660765238372099 0.28918482638392717  3.1415926535897931 0.28918482638392717 
 0 6 0.52305933449554476 4 1 6
7 0 0  5 10 3  -2.5412301752945661 35.191024200036502  -2.5311175705030018 35.269981649937883  -2.5220103675326908 35.356809662008047  -2.5140450997121069 35.450355293911954  -2.5073376429816343 35.549475261932244  -2.497107396654727 35.747457756677903  -2.493356443931479 35.845563292300071  -2.4908240498101626 35.946166912851197  -2.4895562688248218 36.048053224834014  -2.4895562688248218 36.149999999999999 
 0 6 0.52305933449554476 4 1 6
1 0 0 1 0 
1 3.1415926535897931 0 0 1 
8 0.050000000000000711 12.230000599999999
1 -1.3500000000000005 0.0039209680134852931 1 0 
8 0.050000000000000711 12.230000599999999
1 2.5416725242777689 0 0 1 
8 22.734999999999999 36.700000600000003
1 2.5892713309540536 0 0 1 
8 22.734999999999999 36.700000600000003
1 -24.035 0.55445112787031459 1 0 
2 12.115000000000002 1.1200000000000001 0 -1 1 0 1.3266499161421608
7 0 0  6 12 3  4.0969092717143045 0.2649814860594597  4.0265104080998961 0.19458262244505159  3.9577255855880367 0.12418384361430679  3.8891586997027048 0.054412487874214044  3.8196805565818295 -0.014172596710355201  3.7481700251488208 -0.080946013665816982  3.5989179799180402 -0.20931292763054826  3.5211767830855081 -0.27090714458367415  3.4392383592158353 -0.32912812583041529  3.3520764271309815 -0.38306256559463137  3.258749273389145 -0.43149233733738118  3.1592972587266357 -0.47314838542103527 
 4.5228108602565609 7 5.1201650264514589 5 5.7175191926463569 7
1 0 0 1 0 
1 3.1415926535897931 0 0 1 
7 0 0  5 10 3  2.5412301752945647 35.191024200036516  2.5311175705029978 35.269981649937918  2.5220103675326939 35.356809662008025  2.5140450997121073 35.450355293911933  2.5073376429816325 35.54947526193228  2.497107396654727 35.747457756677903  2.493356443931479 35.845563292300064  2.490824049810163 35.946166912851233  2.4895562688248218 36.048053224833978  2.4895562688248218 36.149999999999999 
 0 6 0.52305933449545128 4 1 6
7 0 0  5 10 3  2.3515938299842389 0  2.4346901143332085 0.054559447547534355  2.5173579086206557 0.10470201901098906  2.5997626517832684 0.14927790526331591  2.6820993555610242 0.18723733913195539  2.8398294143842149 0.24555177140251314  2.9151876167314152 0.26716137846890681  2.9906049068134188 0.28183845595309681  3.0660765238371868 0.28918482638392806  3.1415926535897931 0.28918482638392806 
 0 6 0.52305933449545128 4 1 6
1 0 0 1 0 
1 3.1415926535897931 0 0 1 
1 0 0 1 0 
7 0 0  7 20 4  4.0969092717143019 0  4.0175720763900458 -0.079337195324256649  3.9382338891300606 -0.1586740570721048  3.8572712513891929 -0.23719751354818186  3.7730237211021631 -0.31408266079969849  3.6837629884917078 -0.38838822498637171  3.5872124901429268 -0.45882022687564883  3.4285380994944137 -0.55598804995962514  3.3733385351654652 -0.58696417112675836  3.3155906740568559 -0.61630457999823562  3.2550735686396024 -0.64375964773958061  3.1916279376272243 -0.66904607136143746  3.1252184299123038 -0.69186009659513659  2.9868130394243635 -0.73196103953625424  2.9148166734119161 -0.74924761598624534  2.8401957037635719 -0.76348203556105843  2.76331039398428 -0.77438180284883729  2.6847869902313835 -0.78172686011809689  2.6054501402436641 -0.7853981633974515  2.5261129449194075 -0.78539816339745161 
 1.5707963267948966 8 2.3561944901923475 6 2.748893571891073 6 3.1415926535897931 8
1 0 0 1 0 
1 2.5261129449194044 -2.3561944901923462 -0 1 
7 0 0  7 8 2  2.990166139116075 12.115000000000002  2.990166139116075 12.00941687892964  2.9973093094119414 11.904143069178133  3.0115244793505958 11.799551169654206  3.0329113290769536 11.696267491996997  3.0615975932141839 11.595156560197832  3.0977114659902361 11.497254111850792  3.1415926535897931 11.403944446614844 
 0 8 1 8
7 0 0  7 8 2  2.5261129449194049 -0.58748027985465179  2.6200766225074634 -0.58748027985465179  2.7137655996390904 -0.58239736704648526  2.8068640494483206 -0.57227849051915658  2.8988415449625355 -0.55686043008703434  2.9889008576848242 -0.53563602025014656  3.0760746074292422 -0.50800667135779543  3.1592972587266304 -0.47314838542102972 
 0 8 1 8
7 0 0  6 42 9  2.5111931856041392 35.52370643113192  2.5124764637879209 35.503074568910137  2.5138221176968769 35.48252616700394  2.5152308855052077 35.462086601895273  2.5167033419417097 35.441782007797627  2.5182398982897776 35.421639276655903  2.5258603125429118 35.326660576214145  2.5327867228743992 35.254348210110066  2.5406387616748995 35.186122918265319  2.5493998919731262 35.123559647151588  2.5590134242359999 35.068283715726558  2.5723297978237345 35.008524749073331  2.5753516444116036 34.995956250686127  2.5784306675646573 34.984147413833355  2.5815634054522083 34.973133279729929  2.5847458687579121 34.962946946775965  2.5940233746445811 34.936136666835473  2.6002329684122496 34.921668192837991  2.606570742387611 34.910421353744589  2.6130005369743738 34.902555086785569  2.6194819450978089 34.898162792087682  2.63082147857715 34.896576462150051  2.6356770771500968 34.897845133122551  2.6405192305735663 34.901065918696041  2.6453305490287913 34.906217852114473  2.6500945980802486 34.913257336421644  2.6568836302330836 34.92605723260565  2.6589589342381594 34.930352987461639  2.6610206440265762 34.935003103901117  2.6630675341740875 34.9400015526953  2.6650984558258215 34.945341759328933  2.6703830845666072 34.960233130357445  2.6736088977537462 34.970332436735404  2.6767851793522728 34.981284273217142  2.6799079542841597 34.993055681001216  2.6829738145071964 35.005612118531005  2.6920424339829458 35.04575493590341  2.6978614036772739 35.075640769363417  2.7034138667844112 35.108290485677223  2.7086850220568146 35.143415277309657  2.7136662653178809 35.18074243461087  2.7183532812584548 35.220034648909945 
 0 7 0.075152582526373884 5 0.35773149178268349 5 0.438557498888272 5 0.59005490471696453 5 0.70331161041840629 5 0.75360141026161165 5 0.83527717278956148 5 1 7
7 0 0  6 42 9  3.2417304947412577 -0.78539816339748814  3.2593420703164337 -0.77271383393842175  3.276427262179237 -0.75960900381810281  3.2929917833463644 -0.74609754719966459  3.3090445592169515 -0.7321932126147086  3.3245977275725647 -0.71790962296330552  3.3963267864021822 -0.64817771568194282  3.4461098028983037 -0.58794859498800389  3.4898793792469096 -0.52322687262365786  3.5287610375918566 -0.45460301214705656  3.563644351549216 -0.38251479758200096  3.6043106742900228 -0.28591788603870683  3.6130869070453535 -0.26418981452080698  3.6216109764708495 -0.24223055324234269  3.6298978950780914 -0.22005363888088617  3.6379613618408992 -0.19767367974752958  3.6605320233816272 -0.13280696281963245  3.674511022555214 -0.08984275258882353  3.6878277129507908 -0.046331305261487488  3.7005499518758218 -0.0023889918718657346  3.7127329346723124 0.041858358885478696  3.7331493982743531 0.1194622371450814  3.7416048035084941 0.15275320652564031  3.7497987165737743 0.1860786132542539  3.7577462983314178 0.21938620690618241  3.7654600285350939 0.25262807553715555  3.7762739749440559 0.30046901522097419  3.779554933463007 0.31515821199183391  3.7827924629752712 0.32982202261464083  3.7859873236606689 0.34445703244247095  3.7891401845153259 0.35906012571802054  3.7973049172663473 0.39728898737907281  3.8022489679323641 0.42085795590438685  3.8070862264793415 0.4443232597170988  3.811818577213415 0.46767527393016223  3.816447210353473 0.49090650090540328  3.8300990412423332 0.56060848921687867  3.8388049909690878 0.60668850755865755  3.8470935081251718 0.65221106919881988  3.8549567376184233 0.69716221362213204  3.862365739170885 0.74154964213143559  3.869260421402704 0.78539816339744817 
 0 7 0.075152582526373884 5 0.35773149178268349 5 0.438557498888272 5 0.59005490471696453 5 0.70331161041840629 5 0.75360141026161165 5 0.83527717278956148 5 1 7
1 0.30000000000000071 0 0 -1 
1 1.5707963267948966 0 0 1 
1 0 11.130000000000001 1 0 
7 0 0  7 20 4  4.0969092717143027 0  4.0175720763900467 0.079337195324256662  3.9382338891298332 0.15867405707207638  3.8572712513923761 0.2371975135482387  3.7730237211012536 0.31408266079961322  3.6837629884919352 0.38838822498638592  3.5872124901429254 0.45882022687564905  3.4285380994944128 0.55598804995962514  3.3733385351654239 0.58696417112675836  3.3155906740569288 0.61630457999824373  3.2550735686396632 0.64375964773958572  3.1916279376271635 0.6690460713614329  3.1252184299123029 0.69186009659513847  2.9868130394243635 0.73196103953625602  2.9148166734118957 0.74924761598623568  2.8401957037635595 0.76348203556105232  2.7633103939842676 0.77438180284884039  2.684786990231363 0.781726860118102  2.6054501402436636 0.78539816339745083  2.5261129449194066 0.78539816339745083 
 1.5707963267948966 8 2.3561944901923466 6 2.7488935718910721 6 3.1415926535897931 8
7 0 0  7 26 5  1.5707963267948966 8.2393410403312508  1.6292443121974378 8.5190425839642465  1.6944275453548454 8.7941351721503231  1.7669866422811416 9.0669914012820598  1.8478537126885808 9.3378189167598826  1.9380674285924366 9.6047618978268456  2.0388220828101495 9.8643082689356536  2.2037841555968156 10.222205676454946  2.2583777507459888 10.332071822794896  2.3159430965853907 10.438663315828409  2.3766659741140188 10.541032887859375  2.4407533682410198 10.638050942385822  2.508445477446144 10.728338675500847  2.6060806807092489 10.839905510255681  2.6326276733887517 10.868527759444616  2.659662343624531 10.895897628221844  2.6871732422222481 10.921907791183653  2.7151492824842918 10.946453465204282  2.7435799507261933 10.969432126933322  2.8222550201683725 11.027496877346923  2.8734755794612719 11.059362972166761  2.9258482667001573 11.085620346849504  2.9791075191066869 11.105719644725506  3.0329932466448519 11.119277958187894  3.0872456363717125 11.126079031986508  3.1415926535897931 11.126079031986508 
 0 8 0.52318235599549001 6 0.76262345403100329 6 0.8497461243311305 6 1 8
7 0 0  7 26 5  -2.8666344564403472 -4.4408920985006262e-16  -2.8371300742005796 -6.5173816708800275e-16  -2.8078253396788782 0.0053809250775733557  -2.7784352110089574 0.018371673826337517  -2.7488885144817159 0.041908769472796564  -2.7193324517023396 0.079964437639492791  -2.6901110391487135 0.13778145702204581  -2.6491561458725945 0.2600481788086515  -2.6364836109468004 0.30404287276257252  -2.6240872983131251 0.35429196042167527  -2.6120817885110861 0.41146941020419853  -2.6006096056896446 0.47626279672723093  -2.5898509010501924 0.54931434215215291  -2.5764692913843303 0.66087960464724727  -2.5730269127039 0.69178320500215196  -2.5697265198372343 0.72381943200338161  -2.5665823057981636 0.75697438341576329  -2.5636082971006089 0.79122705660211101  -2.5608183314425474 0.82654923660720414  -2.5537552985836145 0.92560608048606918  -2.5498637047642805 0.99150519855728869  -2.5466459625760747 1.0601554878211108  -2.5441767715485968 1.1309988014361685  -2.5425090573837843 1.2033908883027846  -2.5416725242777689 1.2766315267555901  -2.5416725242777689 1.3499999999999994 
 0 8 0.52318235599549001 6 0.76262345403100329 6 0.8497461243311305 6 1 8
7 0 0  7 8 2  1.5707963267948966 2.649999999999999  1.7951958020513104 2.649999999999999  2.0195952773074168 2.7293107080228083  2.2439947525647312 2.8879206187571071  2.468394227820454 3.1160917852043895  2.6927937030773137 3.3941226469196408  2.9171931783333793 3.69706070840384  3.1415926535897931 3.9999999999999987 
 3.1415926535897931 8 4.7123889803846897 8
7 0 0  7 8 2  1.5707963267948939 9.4549999999999983  1.7951958020513077 9.4549999999999983  2.0195952773073031 9.3756892919750499  2.2439947525647312 9.217079381248368  2.4683942278209088 8.9889082147910813  2.6927937030770863 8.7108773530821964  2.9171931783333793 8.4079392915961595  3.1415926535897931 8.1050000000000004 
 3.1415926535897931 8 4.7123889803846897 8
1 0.30000000000000071 0 0 1 
1 1.5707963267948966 0 0 1 
1 0 13 1 0 
1 2.526112944919408 2.3561944901923422 0 -1 
7 0 0  5 10 3  3.1415926535897931 12.246275912551546  3.0980255843118005 12.333673157571701  3.0611690109453704 12.426012412858373  3.0311069563233448 12.522115878458246  3.0080684701720561 12.620910669453293  2.9834965075995621 12.776449270568531  2.9769490971443999 12.831996110616524  2.9725747449423339 12.887883000779903  2.9703871311770484 12.943939644101913  2.9703871311770484 12.999999999999996 
 0 6 0.64618277259121792 4 1 6
7 0 0  5 10 3  2.5492403111120083 1.3500000000000036  2.6272735655942894 1.3500000000000036  2.7045965890185699 1.3467977903093618  2.7813371068904003 1.3423612318094642  2.857654725175891 1.3381519007780731  2.975402842329701 1.3332143264692207  3.0169962419665133 1.3317722638482519  3.0585429404590854 1.330766485891882  3.100066464035657 1.3302631318652749  3.1415926535897931 1.3302631318652749 
 0 6 0.64618277259121792 4 1 6
8 12.115000000000002 13
1 2.9901661391161141 0 0 1 
8 12.115000000000002 13
1 1.7687142103376943 -12.115000000000002 0 1 
1 0 0 1 0 
1 2.5261129449194062 -2.3561944901923431 -0 1 
1 0 0 0 1 
1 1.5707963267948966 0 0 1 
7 0 0  6 7 2  3.1415926535897931 1.6000000000000014  3.0224396406324221 1.4391434325075503  2.9032866276750156 1.2782870047175834  2.7841336147176889 1.1215404435666869  2.6649806017602771 0.97301823758185435  2.5458275888029376 0.83647034606162141  2.4266745758455666 0.71499999999999275 
 1.5707963267948966 7 2.2857144045391236 7
7 0 0  6 7 2  1.5707963267948966 0.88499999999999446  1.6899493397522678 0.72414343250754343  1.8091023527096013 0.56328700471757998  1.9282553656670132 0.40654044356671193  2.0474083786243256 0.25801823758183673  2.1665613915817521 0.12147034606161444  2.2857144045391231 -1.4210854715202004e-14 
 1.5707963267948966 7 2.2857144045391236 7
1 0 0 0 1 
1 1.5707963267948966 0 0 1 
7 0 0  6 7 2  2.4266745758455666 0.71499999999999275  2.5458275888029376 0.83647034606162141  2.6649806017603055 0.97301823758181172  2.7841336147175753 1.1215404435667438  2.903286627675044 1.278287004717555  3.0224396406324221 1.4391434325075503  3.1415926535897931 1.6000000000000014 
 3.9974709026404627 7 4.7123889803846897 7
7 0 0  6 7 2  2.2857144045391231 -1.4210854715202004e-14  2.1665613915817521 0.12147034606161439  2.0474083786244108 0.25801823758182962  1.9282553656668426 0.40654044356671193  1.8091023527096866 0.56328700471757287  1.6899493397522678 0.72414343250754343  1.5707963267948966 0.88499999999999446 
 3.9974709026404627 7 4.7123889803846897 7
8 12.115000000000002 13
1 2.9901661391161141 0 0 1 
8 12.115000000000002 13
1 1.7687142103376943 -12.115000000000002 0 1 
1 0.30000000000000071 0 0 1 
1 1.5707963267948966 0 0 1 
1 0 13 1 0 
1 2.526112944919408 -2.3561944901923422 -0 1 
7 0 0  5 10 3  3.1415926535897931 12.246275912551548  3.0980255843117996 12.333673157571704  3.0611690109453749 12.426012412858361  3.031106956323351 12.522115878458228  3.0080684701720615 12.620910669453274  2.9834965075995648 12.776449270568513  2.9769490971444013 12.831996110616492  2.9725747449423343 12.887883000779889  2.9703871311770489 12.943939644101922  2.9703871311770489 12.999999999999996 
 0 6 0.64618277259114409 4 1 6
7 0 0  5 10 3  2.5492403111120088 1.3500000000000036  2.627273565594292 1.3500000000000036  2.7045965890185633 1.3467977903093618  2.7813371068903829 1.3423612318094655  2.8576547251758759 1.3381519007780738  2.9754028423296868 1.3332143264692209  3.016996241966492 1.3317722638482521  3.0585429404590729 1.330766485891882  3.1000664640356654 1.3302631318652751  3.1415926535897931 1.3302631318652751 
 0 6 0.64618277259114409 4 1 6
1 0 0 1 0 
1 2.5261129449194062 2.3561944901923431 0 -1 
7 0 0  7 8 2  3.1415926535897931 3.9999999999999987  2.9171931783333793 3.69706070840384  2.6927937030773137 3.394122646918845  2.4683942278209088 3.1160917852057537  2.2439947525645039 2.8879206187552882  2.0195952773076442 2.7293107080236041  1.7951958020513104 2.649999999999999  1.5707963267948966 2.649999999999999 
 1.5707963267948966 8 3.1415926535897931 8
7 0 0  7 8 2  3.1415926535897931 3.0250000000000012  2.9171931783333793 2.7220607084038426  2.6927937030770863 2.4191226469198455  2.4683942278213635 2.1410917852049351  2.2439947525640491 1.9129206187571981  2.0195952773077579 1.7543107080230129  1.7951958020513077 1.6750000000000016  1.5707963267948939 1.6750000000000016 
 1.5707963267948966 8 3.1415926535897931 8
7 0 0  7 26 5  1.5707963267948966 2.8906589596687486  1.6292443121973923 2.6109574160359705  1.6944275453548228 2.3358648278496363  1.7669866422814597 2.0630085987169982  1.8478537126881664 1.7921810832413501  1.9380674285926427 1.5252381021725616  2.0388220828101482 1.2656917310643478  2.203784155596773 0.90779432354514467  2.258377750745967 0.79792817720510156  2.3159430965854533 0.69133668417149763  2.3766659741140681 0.5889671121405744  2.440753368240979 0.49194905761422714  2.5084454774461107 0.40166132449919051  2.6060806807092471 0.29009448974432045  2.6326276733887211 0.26147224055541435  2.6596623436245088 0.2341023717781793  2.6871732422222578 0.20809220881633581  2.7151492824843158 0.18354653479569233  2.7435799507261973 0.16056787306667394  2.8222550201683916 0.10250312265306039  2.8734755794612035 0.070637027833251223  2.9258482667002275 0.04437965315049279  2.9791075191067518 0.024280355274482242  3.0329932466447689 0.01072204181210778  3.0872456363717125 0.0039209680134879585  3.1415926535897931 0.0039209680134879576 
 0 8 0.52318235599571628 6 0.76262345403113541 6 0.84974612433118346 6 1 8
7 0 0  7 26 5  2.8666344564403472 -4.4408920985006262e-16  2.8371300742006027 -4.5719178764602497e-16  2.8078253396788742 0.0053809250775126855  2.7784352110088548 0.018371673826531182  2.7488885144818536 0.041908769472566665  2.7193324517022726 0.079964437639608629  2.6901110391487135 0.13778145702204506  2.6491561458726052 0.26004817880861969  2.6364836109468017 0.30404287276254943  2.624087298313114 0.35429196042172667  2.612081788511079 0.41146941020424654  2.6006096056896522 0.47626279672720007  2.5898509010501978 0.54931434215211528  2.5764692913843308 0.6608796046472446  2.5730269127039032 0.69178320500211743  2.569726519837237 0.72381943200335697  2.5665823057981627 0.7569743834157745  2.5636082971006053 0.79122705660213966  2.5608183314425474 0.82654923660720947  2.5537552985836132 0.92560608048609205  2.5498637047642796 0.99150519855715835  2.5466459625760756 1.0601554878212329  2.5441767715485972 1.1309988014362866  2.5425090573837825 1.2033908883026403  2.5416725242777694 1.2766315267555903  2.5416725242777694 1.3499999999999994 
 0 8 0.52318235599571628 6 0.76262345403113541 6 0.84974612433118346 6 1 8
1 0 0 1 0 
7 0 0  7 20 4  4.0969092717143027 0  4.0175720763900467 -0.079337195324256662  3.9382338891298332 -0.15867405707207638  3.8572712513923761 -0.2371975135482387  3.7730237211012536 -0.31408266079961322  3.6837629884919352 -0.38838822498638592  3.5872124901429254 -0.45882022687564905  3.4285380994944128 -0.55598804995962514  3.3733385351654239 -0.58696417112675836  3.3155906740569288 -0.61630457999824373  3.2550735686396632 -0.64375964773958572  3.1916279376271635 -0.6690460713614329  3.1252184299123029 -0.69186009659513847  2.9868130394243635 -0.73196103953625602  2.9148166734118957 -0.74924761598623568  2.8401957037635595 -0.76348203556105232  2.7633103939842676 -0.77438180284884039  2.684786990231363 -0.781726860118102  2.6054501402436636 -0.78539816339745083  2.5261129449194066 -0.78539816339745083 
 1.5707963267948966 8 2.3561944901923466 6 2.7488935718910721 6 3.1415926535897931 8
1 0.30000000000000071 0 0 1 
1 1.5707963267948966 0 0 1 
8 2.6499993999999991 3.9999999999999996
1 1.8749343028136172 0 0 1 
8 2.6499993999999991 3.9999999999999996
1 -2.7424443433135131 -2.649999999999999 0 1 
1 0 2.649999999999999 1 0 
2 -9.4800000000000004 -2.5399999999999991 -1 -1.1102230246251565e-16 1.1102230246251565e-16 -1 1.3500000000000001
8 20.035 24.035
1 3.5402274262814384 0 0 1 
8 20.035 24.035
1 2.0976471468386624 -20.035 0 1 
1 0 0 1 0 
1 2.5261129449194044 -2.3561944901923435 -0 1 
1 0 0 1 0 
2 0 0 1 0 -0 1 9.8499999999999996
1 -6.2831853071795862 0 1 0 
1 0 22.685000000000002 1 0 
2 0 0 1 0 -0 1 9.5499999999999989
1 6.2831853071795862 2.649999999999999 -1 0 
2 -9.4800000000000004 2.5399999999999991 -1 1.1102230246251565e-16 -1.1102230246251565e-16 -1 1.3500000000000001
1 0.30000000000000071 0 0 1 
1 1.5707963267948966 0 0 1 
8 2.6499993999999991 3.9999999999999996
1 1.8749343028136172 0 0 1 
8 2.6499993999999991 3.9999999999999996
1 2.7424443433135131 -2.649999999999999 0 1 
8 20.035 24.035
1 2.7429578808981478 0 0 1 
8 20.035 24.035
1 2.0976471468386624 -20.035 0 1 
1 0 0 1 0 
1 2.5261129449194044 2.3561944901923435 0 -1 
8 -0.30000000000000071 -0
1 0 2.649999999999999 -1 0 
8 -0.30000000000000071 -0
1 0 -9.4550000000000001 -1 -0 
1 0 -11.130000000000001 1 0 
1 1.5707963267948966 0 0 1 
1 0 0 0 -1 
1 1.5707963267948966 0 0 1 
1 0 0.30000000000000071 1 0 
7 0 0  7 20 4  4.0969092717143027 0  4.0175720763900458 -0.079337195324256413  3.9382338891298332 -0.15867405707204796  3.8572712513905572 -0.23719751354846608  3.7730237211012536 -0.31408266079949954  3.6837629884919352 -0.38838822498642855  3.5872124901429236 -0.45882022687564789  3.4285380994944106 -0.55598804995962359  3.3733385351653422 -0.58696417112676313  3.3155906740569776 -0.61630457999824684  3.2550735686397121 -0.64375964773958871  3.1916279376270822 -0.66904607136143723  3.1252184299123038 -0.6918600965951357  2.9868130394243635 -0.73196103953625324  2.9148166734119161 -0.7492476159862298  2.840195703763539 -0.76348203556104921  2.7633103939842596 -0.77438180284884039  2.6847869902314025 -0.781726860118101  2.6054501402436601 -0.78539816339744684  2.526112944919404 -0.78539816339744672 
 1.5707963267948966 8 2.3561944901923506 6 2.7488935718910739 6 3.1415926535897931 8
1 0 0 0 1 
1 1.5707963267948966 0 0 1 
1 0 13 1 0 
1 3.1415926535897931 0 0 1 
1 0 0 1 0 
1 3.1415926535897931 0 0 1 
1 0 11.130000000000001 1 0 
7 0 0  7 20 4  4.0969092717143045 2.6316397620744406e-15  4.0175720763900484 -0.079337195324254081  3.9382338891305153 -0.15867405707203375  3.8572712513910119 -0.23719751354838081  3.7730237211044368 -0.31408266079944269  3.6837629884912531 -0.3883882249864854  3.5872124901429263 -0.45882022687564905  3.4285380994944137 -0.55598804995962536  3.3733385351654852 -0.58696417112674837  3.3155906740568679 -0.61630457999824573  3.2550735686396024 -0.64375964773959082  3.1916279376272252 -0.66904607136142757  3.1252184299123065 -0.69186009659513747  2.986813039424367 -0.73196103953625513  2.9148166734118766 -0.74924761598624556  2.8401957037635799 -0.76348203556105021  2.7633103939843005 -0.77438180284883529  2.684786990231363 -0.78172686011810677  2.6054501402436645 -0.78539816339745017  2.526112944919408 -0.78539816339745017 
 1.5707963267948966 8 2.3561944901923497 6 2.7488935718910739 6 3.1415926535897931 8
7 0 0  5 26 7  2.7972890714413707 -0.59239464346323734  2.8585189601408332 -0.58244500374726305  2.9193534830667902 -0.57291945471089711  2.979754755974088 -0.56374111480178801  3.0396909278688882 -0.55474545600942071  3.145564125615369 -0.53867343072172935  3.1917067853248877 -0.53160583374823478  3.2375060620701985 -0.52442448021106958  3.2829312289000643 -0.51701422764883698  3.3671168944625878 -0.50249929071121091  3.4059771816093325 -0.49547969432116562  3.4444983505244382 -0.48811441747559581  3.4826463005404542 -0.48031992455401989  3.5557236626826154 -0.46423200857134639  3.5907034684836261 -0.45600178400669594  3.6252859666945185 -0.4472528943921768  3.6594304188705515 -0.43791854260328034  3.7352141811591286 -0.41543888475774249  3.7765777791701254 -0.40192611113740756  3.8170894358230152 -0.38727126617347341  3.8566363447427143 -0.37136190286854753  3.9384985944558544 -0.33466900024729423  3.9805233723802171 -0.31352204251031157  4.02102255235123 -0.29056285940057586  4.0598451836252307 -0.2657316040110777  4.0969092717143045 -0.23906769633458236 
 0 6 0.20843068207900051 4 0.37143364923710565 4 0.51329716091792776 4 0.64617109328074052 4 0.81246551091608921 4 1 6
7 0 0  5 26 7  3.1415926535897931 1.2959938271458142  3.0911641685424205 1.2802348505084293  3.0413646537026819 1.2607241081041765  2.9924427691652427 1.2375809026163103  2.9445977717615808 1.210978094717847  2.861583018124163 1.1577217686233578  2.8259221846167635 1.1323422985995872  2.7911159108324481 1.1050377491740928  2.7572408454376509 1.0758908298018981  2.6957687913087658 1.0180673888812535  2.6679277478032803 0.98982046201865581  2.6409004631040052 0.96028133820276262  2.614739742037246 0.92949471007705287  2.5658662896859843 0.86753446192235795  2.5430404983908752 0.8365095958655715  2.5210735803875437 0.80445909420918971  2.5000195359720676 0.77141680163084958  2.4548074479215294 0.69486693812820621  2.4312012833660694 0.65081872484366121  2.4092380926554666 0.60534231984743336  2.3890585629453995 0.55852257471909406  2.3502285713218982 0.45629429649670183  2.3321022704050569 0.40055145384721852  2.3166419209972373 0.34342536849842209  2.3040673963704337 0.28514916781284944  2.2945324559368676 0.22604497599222384 
 0 6 0.20843068207900051 4 0.37143364923710565 4 0.51329716091792776 4 0.64617109328074052 4 0.81246551091608921 4 1 6
7 0 0  3 47 45  3.1415926535897931 -0.30400617285418718  3.1364632571600208 -0.30560910770150213  3.1262201034668538 -0.30890816320465725  3.1109055625518232 -0.31413454134350088  3.095644515693742 -0.31963698331703794  3.0804401542515869 -0.32541364785368321  3.0652956028515232 -0.33146262773058777  3.0502139138812159 -0.33778194420989666  3.0351980753882444 -0.34436955482828641  3.0202510148878305 -0.3512233576084739  3.0053756037590551 -0.35834119622913624  2.990574660966657 -0.36572086493938188  2.9758509564496971 -0.37336011353678089  2.9612072140535481 -0.38125665234613609  2.9466461141459246 -0.38940815713226357  2.9321702954739086 -0.39781227427567678  2.9177823579005873 -0.40646662496281677  2.9034848599220662 -0.4153688130549808  2.8892803337473763 -0.42451641922808375  2.8751710578321701 -0.43390715758850934  2.8611594277940533 -0.44353865413323385  2.8472477803991949 -0.45340855630212423  2.8334384301807991 -0.46351451735279886  2.8197336642916153 -0.47385420479160467  2.8061357482110862 -0.48442530236173736  2.7926469282111532 -0.49522551374667001  2.7792694342936093 -0.50625256585473399  2.7660054828011797 -0.51750421206468311  2.7528572781467067 -0.528978236045484  2.7398270166543925 -0.5406724533182049  2.7269168810736071 -0.55258472127561309  2.7141290685191284 -0.56471291762885634  2.7014658174196868 -0.57705492248584511  2.6889293055324224 -0.58960871646435609  2.6765217540832769 -0.60237228715427327  2.6642454047336117 -0.61534365334971464  2.6521025282630561 -0.62852085971455807  2.6400954245420083 -0.64190197938160842  2.6282264246506482 -0.65548511438395152  2.616497892127748 -0.66926839682404426  2.6049122245472409 -0.68324998925946434  2.5934718536405126 -0.69742808748449348  2.5821792498914991 -0.71180091451132743  2.5710370109884977 -0.72636660982222401  2.560047685826476 -0.74112345979177874  2.5528251881470276 -0.75108762364670278  2.5492403077072874 -0.75610098055535246 
 0 4 0.01272045474805294 1 0.02544090949610588 1 0.038161364244158821 1 0.050881818992211759 1 0.063602273740264698 1 0.076322728488317643 1 0.089043183236370574 1 0.10176363798442352 1 0.11448409273247646 1 0.1272045474805294 1 0.13992500222858234 1 0.15264545697663529 1 0.16536591172468823 1 0.17808636647274115 1 0.19080682122079409 1 0.20352727596884704 1 0.21624773071689998 1 0.22896818546495293 1 0.24168864021300585 1 0.25440909496105879 1 0.26712954970911174 1 0.27985000445716468 1 0.29257045920521763 1 0.30529091395327057 1 0.31801136870132352 1 0.33073182344937646 1 0.34345227819742935 1 0.3561727329454823 1 0.36889318769353524 1 0.38161364244158819 1 0.39433409718964113 1 0.40705455193769408 1 0.41977500668574702 1 0.43249546143379997 1 0.44521591618185291 1 0.45793637092990586 1 0.4706568256779588 1 0.48337728042601169 1 0.49609773517406464 1 0.50881818992211758 1 0.52153864467017053 1 0.53425909941822347 1 0.54697955416627642 1 0.55970000891432936 4
7 0 0  5 6 2  2.5261129449194057 -0.61419264098470561  2.5809684649054918 -0.61419264098470561  2.6358241740517627 -0.61198687672468388  2.6903595969899818 -0.60757460388711149  2.744258984021962 -0.60101184455793877  2.7972890714413414 -0.59239464346323845 
 0 6 0.22747602695103994 6
2 3.5527136788005009e-15 0 1 0 -0 1 1.3302631318652713
1 0 0.30000000000000071 1 0 
7 0 0  7 20 4  4.0969092717143027 1.3158198810372219e-15  4.0175720763900458 0.079337195324257676  3.9382338891300606 0.15867405707209059  3.8572712513928309 0.23719751354815344  3.7730237210998894 0.31408266079961322  3.6837629884921625 0.38838822498637171  3.5872124901429219 0.45882022687564883  3.4285380994944075 0.55598804995962425  3.3733385351654634 0.58696417112677335  3.3155906740568883 0.61630457999823662  3.2550735686396228 0.64375964773957861  3.1916279376272039 0.66904607136144711  3.1252184299123025 0.69186009659513492  2.9868130394243622 0.73196103953625236  2.9148166734119356 0.74924761598622958  2.8401957037635515 0.76348203556104111  2.7633103939842596 0.77438180284882918  2.6847869902314039 0.78172686011809567  2.6054501402436636 0.78539816339744672  2.5261129449194075 0.78539816339744672 
 1.5707963267948966 8 2.3561944901923377 6 2.7488935718910654 6 3.1415926535897931 8
1 0 0 1 0 
1 3.1415926535897931 0 0 1 
1 0 0 1 0 
1 3.1415926535897931 0 0 1 
1 0 0.30000000000000071 1 0 
7 0 0  7 20 4  4.0969092717143027 -1.3158198810372219e-15  4.0175720763900458 -0.079337195324257676  3.9382338891300606 -0.15867405707209059  3.8572712513928309 -0.23719751354815344  3.7730237210998894 -0.31408266079961322  3.6837629884921625 -0.38838822498637171  3.5872124901429219 -0.45882022687564883  3.4285380994944075 -0.55598804995962425  3.3733385351654634 -0.58696417112677335  3.3155906740568883 -0.61630457999823662  3.2550735686396228 -0.64375964773957861  3.1916279376272039 -0.66904607136144711  3.1252184299123025 -0.69186009659513492  2.9868130394243622 -0.73196103953625236  2.9148166734119356 -0.74924761598622958  2.8401957037635515 -0.76348203556104111  2.7633103939842596 -0.77438180284882918  2.6847869902314039 -0.78172686011809567  2.6054501402436636 -0.78539816339744672  2.5261129449194075 -0.78539816339744672 
 1.5707963267948966 8 2.3561944901923377 6 2.7488935718910654 6 3.1415926535897931 8
7 0 0  5 6 2  2.5261129449194057 0.61419264098470561  2.5809684649054918 0.61419264098470561  2.6358241740517627 0.61198687672468388  2.6903595969899818 0.60757460388711149  2.744258984021962 0.60101184455793877  2.7972890714413414 0.59239464346323845 
 0 6 0.22747602695103994 6
2 3.5527136788005009e-15 0 1 0 -0 1 1.3302631318652713
7 0 0  5 26 7  2.7972890714413707 0.59239464346323734  2.8585189601408345 0.58244500374726282  2.9193534830667844 0.57291945471089889  2.9797547559740929 0.56374111480178657  3.0396909278688864 0.55474545600942093  3.1455641256153686 0.53867343072172957  3.1917067853248908 0.531605833748234  3.2375060620701941 0.52442448021107091  3.2829312289000665 0.51701422764883664  3.3671168944625918 0.50249929071121024  3.4059771816093267 0.49547969432116767  3.4444983505244395 0.4881144174755942  3.4826463005404538 0.48031992455402006  3.5557236626826145 0.46423200857134661  3.590703468483627 0.45600178400669583  3.6252859666945185 0.4472528943921768  3.6594304188705515 0.43791854260328045  3.7352141811591313 0.41543888475774171  3.7765777791701174 0.40192611113741206  3.8170894358230258 0.38727126617346785  3.8566363447427099 0.37136190286854964  3.9384985944558553 0.33466900024729374  3.9805233723802118 0.3135220425103129  4.0210225523512344 0.29056285940057458  4.0598451836252298 0.26573160401107837  4.0969092717143045 0.23906769633458194 
 0 6 0.20843068207899368 4 0.37143364923708577 4 0.51329716091791699 4 0.6461710932807313 4 0.81246551091609243 4 1 6
7 0 0  5 26 7  3.1415926535897931 1.2959938271458142  3.0911641685424192 1.2802348505084289  3.0413646537026846 1.2607241081041747  2.9924427691652404 1.2375809026163118  2.9445977717615821 1.2109780947178479  2.8615830181241635 1.1577217686233583  2.825922184616763 1.1323422985995899  2.7911159108324495 1.1050377491740915  2.7572408454376496 1.075890829801897  2.6957687913087627 1.0180673888812506  2.6679277478032875 0.98982046201866269  2.6409004631039998 0.96028133820275785  2.6147397420372465 0.92949471007705353  2.5658662896859852 0.86753446192235872  2.5430404983908752 0.83650959586557116  2.5210735803875428 0.80445909420918904  2.5000195359720676 0.77141680163085002  2.4548074479215276 0.69486693812820355  2.4312012833660734 0.65081872484367098  2.4092380926554622 0.60534231984742126  2.3890585629454013 0.55852257471909972  2.3502285713218978 0.45629429649670056  2.3321022704050582 0.40055145384722307  2.316641920997236 0.34342536849841648  2.3040673963704341 0.28514916781285193  2.2945324559368676 0.22604497599222384 
 0 6 0.20843068207899368 4 0.37143364923708577 4 0.51329716091791699 4 0.6461710932807313 4 0.81246551091609243 4 1 6
7 0 0  3 47 45  3.1415926535897931 -0.30400617285418718  3.1364632571600199 -0.30560910770150423  3.1262201034668529 -0.30890816320466158  3.1109055625518263 -0.31413454134350394  3.0956445156937455 -0.31963698331704249  3.080440154251586 -0.32541364785368326  3.0652956028515241 -0.33146262773058288  3.0502139138812141 -0.3377819442098946  3.0351980753882457 -0.34436955482829906  3.0202510148878261 -0.35122335760846818  3.0053756037590564 -0.35834119622914623  2.9905746609666553 -0.36572086493938993  2.9758509564497047 -0.37336011353678117  2.9612072140535339 -0.38125665234612699  2.9466461141459255 -0.38940815713225707  2.9321702954739046 -0.39781227427569049  2.9177823579005797 -0.40646662496281066  2.9034848599220688 -0.41536881305499151  2.8892803337473714 -0.42451641922808958  2.8751710578321656 -0.43390715758851806  2.8611594277940435 -0.4435386541332354  2.84724778039919 -0.45340855630213067  2.8334384301807907 -0.46351451735279264  2.8197336642916051 -0.4738542047916231  2.8061357482110738 -0.48442530236173431  2.7926469282111364 -0.49522551374666368  2.7792694342935844 -0.50625256585474088  2.7660054828011851 -0.51750421206470398  2.7528572781466827 -0.52897823604550087  2.7398270166543854 -0.54067245331822322  2.7269168810735867 -0.55258472127560843  2.7141290685191235 -0.56471291762887788  2.7014658174196748 -0.57705492248584889  2.6889293055324073 -0.58960871646436219  2.6765217540832706 -0.60237228715428781  2.6642454047336006 -0.61534365334971464  2.6521025282630415 -0.62852085971456462  2.6400954245419954 -0.64190197938160365  2.6282264246506379 -0.65548511438394252  2.6164978921277444 -0.66926839682404193  2.604912224547236 -0.68324998925948299  2.5934718536405161 -0.69742808748448504  2.5821792498914982 -0.71180091451134286  2.5710370109884915 -0.72636660982221335  2.5600476858264769 -0.74112345979178484  2.5528251881470294 -0.75108762364671011  2.5492403077072869 -0.75610098055535602 
 0 4 0.012720454748052723 1 0.025440909496105446 1 0.038161364244158169 1 0.050881818992210892 1 0.063602273740263615 1 0.076322728488316338 1 0.089043183236369061 1 0.10176363798442178 1 0.11448409273247451 1 0.12720454748052723 1 0.13992500222857995 1 0.15264545697663268 1 0.1653659117246854 1 0.17808636647273812 1 0.19080682122079085 1 0.20352727596884357 1 0.21624773071689629 1 0.22896818546494901 1 0.24168864021300174 1 0.25440909496105446 1 0.26712954970910718 1 0.27985000445715991 1 0.29257045920521263 1 0.30529091395326535 1 0.31801136870131808 1 0.3307318234493708 1 0.34345227819742352 1 0.35617273294547624 1 0.36889318769352897 1 0.38161364244158169 1 0.39433409718963441 1 0.40705455193768714 1 0.41977500668573986 1 0.43249546143379258 1 0.44521591618184531 1 0.45793637092989803 1 0.47065682567795075 1 0.48337728042600348 1 0.4960977351740562 1 0.50881818992210892 1 0.52153864467016164 1 0.53425909941821437 1 0.54697955416626709 1 0.55970000891431981 4
1 0 0 1 0 
7 0 0  7 20 4  4.0969092717143045 -2.6316397620744406e-15  4.0175720763900484 0.079337195324254081  3.9382338891305153 0.15867405707203375  3.8572712513910119 0.23719751354838081  3.7730237211044368 0.31408266079944269  3.6837629884912531 0.3883882249864854  3.5872124901429263 0.45882022687564905  3.4285380994944137 0.55598804995962536  3.3733385351654852 0.58696417112674837  3.3155906740568679 0.61630457999824573  3.2550735686396024 0.64375964773959082  3.1916279376272252 0.66904607136142757  3.1252184299123065 0.69186009659513747  2.986813039424367 0.73196103953625513  2.9148166734118766 0.74924761598624556  2.8401957037635799 0.76348203556105021  2.7633103939843005 0.77438180284883529  2.684786990231363 0.78172686011810677  2.6054501402436645 0.78539816339745017  2.526112944919408 0.78539816339745017 
 1.5707963267948966 8 2.3561944901923497 6 2.7488935718910739 6 3.1415926535897931 8
1 0 0 0 1 
1 1.5707963267948966 0 0 1 
1 0 13 1 0 
1 3.1415926535897931 0 0 1 
1 0 0 1 0 
1 3.1415926535897931 0 0 1 
1 0 0.30000000000000071 1 0 
7 0 0  7 20 4  4.0969092717143027 0  4.0175720763900458 0.079337195324256413  3.9382338891298332 0.15867405707204796  3.8572712513905572 0.23719751354846608  3.7730237211012536 0.31408266079949954  3.6837629884919352 0.38838822498642855  3.5872124901429236 0.45882022687564789  3.4285380994944106 0.55598804995962359  3.3733385351653422 0.58696417112676313  3.3155906740569776 0.61630457999824684  3.2550735686397121 0.64375964773958871  3.1916279376270822 0.66904607136143723  3.1252184299123038 0.6918600965951357  2.9868130394243635 0.73196103953625324  2.9148166734119161 0.7492476159862298  2.840195703763539 0.76348203556104921  2.7633103939842596 0.77438180284884039  2.6847869902314025 0.781726860118101  2.6054501402436601 0.78539816339744684  2.526112944919404 0.78539816339744672 
 1.5707963267948966 8 2.3561944901923506 6 2.7488935718910739 6 3.1415926535897931 8
1 0 0 1 0 
1 1.5707963267948966 0 0 1 
8 -0.30000000000000071 -0
1 0 2.649999999999999 -1 0 
8 -0.30000000000000071 -0
1 0 -1.6750000000000003 -1 -0 
7 0 0  7 32 6  2.7429578808981594 20.035  2.7429578808981594 19.911046268005823  2.7443596601646889 19.787423844663575  2.7471502537446981 19.664797021922212  2.7513595943036524 19.544123368908046  2.757029699332548 19.426697481496991  2.7642050000884146 19.314111638640071  2.7760429616048734 19.170929200577774  2.7793403881823093 19.134298191813681  2.7828353979249898 19.098648732843092  2.7865291887441517 19.064093130015433  2.7904219911754664 19.030757049328798  2.7945127119919535 18.998778042651089  2.8022132934330566 18.944024280524832  2.805751737758758 18.920700961221105  2.8094123233850605 18.898409547211639  2.8131925070974795 18.877231486884984  2.8170885576601243 18.857251933058901  2.8210953235998315 18.838557430202769  2.8317954291576322 18.793463452625364  2.8386552596696464 18.769200873696779  2.8457527217214205 18.748826199022204  2.8530463620792736 18.732677683680606  2.860485227722148 18.721030777574551  2.8680084387293414 18.714060071120382  2.8784599935088528 18.710903602904629  2.881377246810072 18.710725436757137  2.8842930584585211 18.711250534054269  2.8872036553952172 18.712477005508941  2.8901053443619156 18.714399952786184  2.8929945119011107 18.717011468503099  2.8958676243560322 18.720300636228881 
 0 8 0.44117019318092454 6 0.59779886984429853 6 0.72259101453211172 6 0.92263319618675055 6 1 8
7 0 0  7 32 6  2.5261129449194071 0.25854734335367197  2.6210872410676642 0.25854734335367185  2.7158072654757559 0.25467855941947626  2.8107572340584515 0.24697584364460656  2.9061660871876001 0.23530022167491249  3.0021990604489721 0.2194155234937834  3.098993637277752 0.19900823927006506  3.2316684314158115 0.1645928995342231  3.2665602958527589 0.1549495319330903  3.3015926598757801 0.14466106108472893  3.3367724350265298 0.13370844410195445  3.3721039135514244 0.12207345339569928  3.4075898612031379 0.10973967089286571  3.4716305711622297 0.086299077507196134  3.5001268588695842 0.075452884644790746  3.5287212422381358 0.064148674362501948  3.5574113851016884 0.052382141875443891  3.5861928312553291 0.040151892421095882  3.6150589896568568 0.027460426762092011  3.6903954406465163 -0.0067568286949003797  3.7370086637279871 -0.0290057476453916  3.7837686677852536 -0.052386437145699426  3.8306100388666127 -0.076826115027271033  3.8774757063477137 -0.10221780268940513  3.9243030892600137 -0.12841008204119134  3.9890528679971786 -0.16555165959444701  4.0070929367078216 -0.17599985340277002  4.0251111405224842 -0.18652661460743072  4.0431042419957608 -0.1971205170142647  4.0610695846023193 -0.20776989171823021  4.0790050927368968 -0.218462827103408  4.0969092717143019 -0.22918716884300139 
 0 8 0.44117019318092454 6 0.59779886984429853 6 0.72259101453211172 6 0.92263319618675055 6 1 8
7 0 0  6 7 2  3.0204413852618126 18.684999999999999  2.9958153881779612 18.684999999999999  2.9711888161456805 18.685718141110453  2.9465332369192385 18.687807698002526  2.9218339734697647 18.69219125036069  2.8971006816033986 18.700081477710658  2.8723840935955556 18.713093116187888 
 0 7 1 7
7 0 0  6 7 2  1.5707963267948966 1.3858336341757118  1.5918500286905026 1.1523791818208016  1.6180146304766398 0.91975913532272213  1.649307759061855 0.68795929532097977  1.6858100564727527 0.45709895724391936  1.7276680837208755 0.22754153208099628  1.7751601834358546 0 
 0 7 1 7
1 0 18.685000000000002 1 0 
2 9.7799999999999976 -2.54 1 0 -0 1 9.5499999999999989
7 0 0  6 7 2  3.2627439219177736 18.684999999999999  3.2873699190015517 18.684999999999999  3.3119964910339159 18.685718141110446  3.3366520702604578 18.687807698002526  3.3613513337098251 18.692191250360729  3.3860846255760975 18.700081477710611  3.4108012135840293 18.713093116187888 
 0 7 1 7
7 0 0  6 7 2  1.5707963267948966 3.694166365824286  1.59185002869044 3.9276208181785033  1.6180146304766099 4.1602408646773563  1.6493077590620093 4.3920407046801069  1.6858100564728025 4.6229010427560411  1.7276680837207039 4.8524584679181881  1.7751601834358528 5.0800000000000001 
 0 7 1 7
7 0 0  7 32 6  3.3873176828235536 18.720300636228973  3.3901969080041603 18.717004470594002  3.3930922569771669 18.714388842967917  3.3960001731012741 18.712464740427034  3.3989170194733629 18.711240114834585  3.4018390789284916 18.710719882840692  3.404762554039896 18.710905925882397  3.415227567581741 18.714098669710587  3.4227577694666365 18.721103896801221  3.4302031257805674 18.7327938857246  3.4375026138097375 18.748992953798673  3.4446051905662016 18.76942434193824  3.4514693573653052 18.793748483888614  3.4621669295095145 18.838913300646976  3.4661677314230515 18.857609362394271  3.4700579765171122 18.877586638416801  3.4738325451619305 18.898758867859289  3.4774877299618701 18.921041195293487  3.481021004861784 18.944352466030352  3.48873363881675 18.999237817797908  3.4928396048977071 19.031375184185084  3.4967458993499543 19.064879802061391  3.5004514324170053 19.099612449748872  3.5039564550143085 19.135445995890336  3.5072621960113728 19.172266892915779  3.5190721042812934 19.315544090233104  3.5262160473260025 19.427951021258608  3.5318638625354297 19.54518208107833  3.5360569270605842 19.665668546036116  3.5388352912197552 19.788105358326217  3.5402274262814375 19.91147461247434  3.5402274262814375 20.035000000000004 
 0 8 0.077520935807609229 6 0.27773160237067002 6 0.40237696361486114 6 0.55966809024556574 6 1 8
7 0 0  7 32 6  4.0969092717142965 0.2291871688430234  4.0789670004810459 0.21844001039846783  4.0609932656280181 0.20772439104513743  4.0429895722247498 0.19705254405163794  4.0249580108217691 0.18643645722586402  4.00690125745058 0.1758878729149996  3.9888225736236746 0.16541828800551794  3.9239879050972517 0.12823260318120325  3.8771142921833137 0.10201904998876207  3.8302027347318526 0.076608558593217621  3.7833159744834637 0.052152794652221592  3.7365112039107609 0.028758802551853733  3.6898539595586621 0.0064993137520778311  3.6145057735215458 -0.027704366110436317  3.5856710627772967 -0.040375118663476921  3.5569209818043914 -0.052585573321380238  3.5282620754906371 -0.064333281009496562  3.4996987654831551 -0.07561966282776024  3.4712333635026473 -0.086449031121698952  3.407069154836647 -0.10992443529966966  3.3714304279678635 -0.12230270448362734  3.3359474913101717 -0.13397624996618443  3.3006175116020833 -0.14496173590099753  3.2654361168903603 -0.15527764876064007  3.2303962783585867 -0.16494328736273073  3.0977602260849575 -0.19926947498565206  3.0011744788332035 -0.21958477531731158  2.9053256262888891 -0.23540629007091418  2.810079472656799 -0.24703629667874938  2.7152851552186208 -0.25470511114142225  2.6207590402644141 -0.25854734335368884  2.5261129449194044 -0.25854734335368879 
 0 8 0.077520935807609229 6 0.27773160237067002 6 0.40237696361486114 6 0.55966809024556574 6 1 8
1 6.2831853071795862 -0 0 1 
1 0 -0 0 1 
1 0 14.015000000000002 1 0 
2 0 -5.3088438743037746e-16 1 0 0 -1 9.5499999999999989
8 12.665000000000003 16.665000000000003
1 3.5402274262814384 0 0 1 
8 12.665000000000003 16.665000000000003
1 2.0976471468386633 16.665000000000003 0 -1 
7 0 0  7 32 6  3.5402274262814375 16.665000000000003  3.5402274262814375 16.788572824547764  3.5388342280934597 16.911914194016148  3.5360567905639262 17.034301397261558  3.5318658768261106 17.154746927800797  3.5262208146164609 17.271953522335597  3.5190787281583829 17.384347557063823  3.5072819067854999 17.527503929166325  3.503985867303967 17.564234444822254  3.5004915882574288 17.599983259637231  3.4967978479192965 17.634637770583506  3.4929043900324106 17.668071937648069  3.4888122811580726 17.700147751542211  3.4811104986777095 17.755053227631112  3.4775727131455576 17.778433596637999  3.4739124821372576 17.800782274840625  3.4701323316218398 17.822017669855544  3.466235975839326 17.842054442138931  3.4622285503113313 17.860805816618566  3.4515125760473993 17.9061019758994  3.4446358410889268 17.930494995650598  3.437519576731046 17.950980920286945  3.4302055033852583 17.967217970061025  3.422744960130899 17.978927600628982  3.4151993443184501 17.98593314095535  3.4047253136796343 17.989096397092833  3.4018080603795871 17.989274563238137  3.3988922487325866 17.988749465944966  3.3959816518004602 17.98752299450063  3.3930799628391672 17.985600047234932  3.3901907952987935 17.982988531520164  3.3873176828235541 17.979699363771122 
 0 8 0.44021968679842866 6 0.5971114864708118 6 0.72201605181642725 6 0.92263920746741057 6 1 8
7 0 0  7 32 6  2.5261129449194044 0.25854734335368867  2.620795386873044 0.25854734335368873  2.7153001272339896 0.25470220028029855  2.8100574011444701 0.24703589483533817  2.9052709198803557 0.23541175908972778  3.0010957512981489 0.21959819569367528  3.0976680477100391 0.19928823941333068  3.2301812319692886 0.16500075147033702  3.2651293006601949 0.15536381708827257  3.3002181412652698 0.14508007951369567  3.3354547361787357 0.13413039247825181  3.3708434442074173 0.12249640718367302  3.4063871048844461 0.11016156632694581  3.4705104225350745 0.086723166663802267  3.49903122833084 0.075881745704261636  3.5276503738099443 0.064581542402543921  3.55636555977373 0.052818181733850098  3.5851723626330458 0.040590193295054929  3.6140642228560926 0.027899998106866743  3.6895615078345356 -0.0063589203673144346  3.7363115610375002 -0.028657275938091718  3.7832099365549143 -0.052094971584331753  3.830190695552997 -0.076598940723230147  3.8771963521549244 -0.1020615537353763  3.9241638461020498 -0.12833020979062221  3.9890528679420436 -0.16555165956279774  4.0070929366457877 -0.17599985336721385  4.025111140451612 -0.18652661456620837  4.043104241896275 -0.19712051695535007  4.0610695844687594 -0.20776989163845147  4.0790050926102843 -0.21846282702756867  4.0969092717143019 -0.22918716884300139 
 0 8 0.44021968679842866 6 0.5971114864708118 6 0.72201605181642725 6 0.92263920746741057 6 1 8
7 0 0  6 7 2  3.2627439219177736 18.015000000000004  3.2873699190016104 18.015000000000004  3.3119964910339017 18.014281858889557  3.3366520702603877 18.012192301997466  3.3613513337098007 18.007808749639317  3.3860846255761805 17.999918522289349  3.4108012135840293 17.986906883812114 
 0 7 1 7
7 0 0  6 7 2  1.5707963267948966 1.3858336341757138  1.5918500286904902 1.1523791818209401  1.618014630476619 0.91975913532277642  1.6493077590619269 0.68795929532056965  1.685810056472717 0.45709895724416  1.7276680837208636 0.22754153208104669  1.7751601834358528 0 
 0 7 1 7
1 0 18.015000000000001 1 0 
2 9.7799999999999976 -2.54 1 0 0 -1 9.5499999999999989
7 0 0  6 7 2  3.0204413852618126 18.015000000000004  2.9958153881779581 18.015000000000004  2.9711888161456854 18.014281858889554  2.9465332369192052 18.012192301997462  2.9218339734697962 18.007808749639324  2.8971006816033968 17.999918522289345  2.8723840935955569 17.986906883812114 
 0 7 1 7
7 0 0  6 7 2  1.5707963267948966 3.6941663658242883  1.5918500286905053 3.9276208181792285  1.6180146304766265 4.1602408646772115  1.6493077590619158 4.3920407046793812  1.6858100564726965 4.62290104275574  1.7276680837208804 4.8524584679190355  1.7751601834358528 5.0800000000000001 
 0 7 1 7
7 0 0  7 38 7  2.8958676243560322 17.979699363771122  2.8929956155602805 17.982987268016903  2.8901075660805406 17.985598036909309  2.8872070034354418 17.987520771113562  2.8842975358371636 17.988747573575516  2.8813828521914373 17.98927354952168  2.8784667220975448 17.98909680645918  2.8718321881482471 17.987096804556085  2.8681150993257232 17.984831084970562  2.8644098009358783 17.981423850866385  2.8607240028032459 17.976886132870948  2.8570650314964974 17.971236604130613  2.8534398088031736 17.964500747649375  2.8461499578573095 17.948658751577412  2.8424878819456461 17.939480457192833  2.8388756398892991 17.929209529790423  2.8353193752393744 17.917885863333662  2.831824401408447 17.905553327495308  2.8283952654008027 17.892258238719791  2.8209327434890774 17.860691954040718  2.8169335919359848 17.841970547922411  2.8130451001519026 17.821969021779783  2.8092723705044853 17.800773644698047  2.8056190952697588 17.77846925683988  2.8020877874413332 17.755136980286704  2.7943848830006779 17.700243281870076  2.7902862324802626 17.668122817255036  2.7863868231623954 17.634639735223807  2.7826877275283031 17.599932674650571  2.7791886873059459 17.56412823576558  2.7758884734195237 17.527339501826013  2.7640923631079248 17.38412803464562  2.7569555251645417 17.271763847984925  2.7513132792518138 17.154583372926151  2.7471242950253152 17.034152194296425  2.7443486343673715 16.911773480406815  2.7429578808981492 16.788464044521767  2.7429578808981492 16.665000000000003 
 0 8 0.077334808335071392 6 0.1760908086330992 6 0.27814954191042995 6 0.4027989479698677 6 0.55990588128183516 6 1 8
7 0 0  7 38 7  4.0969092717143019 0.22918716884300208  4.0790119703344896 0.21846694668392891  4.0610833706823222 0.20777811361350254  4.0431249601590604 0.1971328032390042  4.0251388088328195 0.18654291010347124  4.0071275694385635 0.17602008968569757  3.989094477378111 0.16557575840023311  3.9479921903436579 0.14199826027858201  3.9249106490656729 0.12892096562974933  3.9018076888923532 0.1160127769321693  3.878691636417543 0.10329473428531748  3.8555707518203728 0.090785548035994021  3.8324537978628728 0.078501796207455676  3.7854747715271237 0.054011666652912141  3.7616124497900074 0.041821000381918938  3.7377734351370124 0.029901814556347557  3.7139660804731269 0.018266286984740816  3.6901976074721587 0.0069235578466316627  3.6664744139013488 -0.0041197943042303176  3.6138905499507001 -0.027975940232836755  3.585054824631317 -0.040639407716141052  3.5563038525752506 -0.052842443798920426  3.5276441499860889 -0.064582650829642291  3.4990801131100833 -0.075861491331355183  3.4706140296626509 -0.086683310640157565  3.4064914075361279 -0.11012593156288616  3.3708945767034817 -0.12248070783254754  3.335453162553319 -0.13413251467345272  3.3001643156491869 -0.14509798197835008  3.2650236597261073 -0.15539554199170613  3.2300241790949031 -0.16504442808947678  3.0974784876424093 -0.19932873858613265  3.0009413605220252 -0.21962325063072835  2.9051402040942564 -0.23542893862359796  2.8099406538532152 -0.24704757348591463  2.7151923232489104 -0.25470892382443161  2.6207120387863223 -0.25854734335368246  2.5261129449194066 -0.25854734335368251 
 0 8 0.077334808335071392 6 0.1760908086330992 6 0.27814954191042995 6 0.4027989479698677 6 0.55990588128183516 6 1 8
8 12.665000000000003 16.664999999999999
1 2.7429578808981478 0 0 1 
8 12.665000000000003 16.664999999999999
1 2.0976471468386615 16.665000000000003 0 -1 
1 0 0 0 1 
1 1.5707963267948966 0 0 1 
1 0 0 1 0 
1 3.1415926535897931 0 0 1 
1 0 0.30000000000000071 1 0 
7 0 0  7 20 4  4.096909271714301 0  4.017572076390044 -0.079337195324256454  3.9382338891307427 -0.15867405707203375  3.8572712513887382 -0.23719751354832397  3.7730237211039821 -0.31408266079944269  3.6837629884912531 -0.38838822498645698  3.5872124901429228 -0.45882022687564727  3.4285380994944101 -0.55598804995962303  3.3733385351653626 -0.58696417112677302  3.3155906740569248 -0.61630457999824473  3.2550735686396592 -0.64375964773958672  3.1916279376271026 -0.66904607136144734  3.1252184299123025 -0.69186009659513581  2.9868130394243622 -0.73196103953625336  2.9148166734119156 -0.74924761598625522  2.840195703763539 -0.76348203556104011  2.7633103939842596 -0.77438180284882507  2.6847869902314039 -0.78172686011811621  2.6054501402436623 -0.78539816339744739  2.5261129449194066 -0.7853981633974475 
 1.5707963267948966 8 2.3561944901923475 6 2.7488935718910703 6 3.1415926535897931 8
1 0 5.0800000000000001 1 0 
7 0 0  7 20 4  4.096909271714301 0  4.0175720763900449 0.079337195324256649  3.9382338891297195 0.15867405707214743  3.8572712513923761 0.23719751354815344  3.7730237211003441 0.31408266079967007  3.6837629884921625 0.3883882249863575  3.5872124901429228 0.45882022687564933  3.4285380994944101 0.55598804995962536  3.3733385351655452 0.58696417112676358  3.3155906740568395 0.61630457999824684  3.2550735686395984 0.64375964773958871  3.191627937627326 0.66904607136143768  3.125218429912302 0.69186009659513759  2.9868130394243617 0.73196103953625513  2.9148166734119356 0.74924761598624046  2.8401957037635515 0.76348203556104721  2.7633103939842596 0.77438180284883529  2.6847869902314039 0.78172686011810633  2.6054501402436636 0.78539816339744839  2.5261129449194066 0.78539816339744839 
 1.5707963267948966 8 2.3561944901923475 6 2.7488935718910703 6 3.1415926535897931 8
1 0 0 0 1 
1 1.5707963267948966 0 0 1 
1 0 0 1 0 
1 3.1415926535897931 0 0 1 
1 0 0 1 0 
7 0 0  7 20 4  4.096909271714301 0  4.0175720763900449 -0.079337195324256649  3.9382338891297195 -0.15867405707214743  3.8572712513923761 -0.23719751354815344  3.7730237211003441 -0.31408266079967007  3.6837629884921625 -0.3883882249863575  3.5872124901429228 -0.45882022687564933  3.4285380994944101 -0.55598804995962536  3.3733385351655452 -0.58696417112676358  3.3155906740568395 -0.61630457999824684  3.2550735686395984 -0.64375964773958871  3.191627937627326 -0.66904607136143768  3.125218429912302 -0.69186009659513759  2.9868130394243617 -0.73196103953625513  2.9148166734119356 -0.74924761598624046  2.8401957037635515 -0.76348203556104721  2.7633103939842596 -0.77438180284883529  2.6847869902314039 -0.78172686011810633  2.6054501402436636 -0.78539816339744839  2.5261129449194066 -0.78539816339744839 
 1.5707963267948966 8 2.3561944901923475 6 2.7488935718910703 6 3.1415926535897931 8
1 0 0.30000000000000071 1 0 
7 0 0  7 20 4  4.096909271714301 0  4.017572076390044 0.079337195324256454  3.9382338891307427 0.15867405707203375  3.8572712513887382 0.23719751354832397  3.7730237211039821 0.31408266079944269  3.6837629884912531 0.38838822498645698  3.5872124901429228 0.45882022687564727  3.4285380994944101 0.55598804995962303  3.3733385351653626 0.58696417112677302  3.3155906740569248 0.61630457999824473  3.2550735686396592 0.64375964773958672  3.1916279376271026 0.66904607136144734  3.1252184299123025 0.69186009659513581  2.9868130394243622 0.73196103953625336  2.9148166734119156 0.74924761598625522  2.840195703763539 0.76348203556104011  2.7633103939842596 0.77438180284882507  2.6847869902314039 0.78172686011811621  2.6054501402436623 0.78539816339744739  2.5261129449194066 0.7853981633974475 
 1.5707963267948966 8 2.3561944901923475 6 2.7488935718910703 6 3.1415926535897931 8
1 0 0 1 0 
7 0 0  7 20 4  4.0969092717143045 0  4.0175720763900484 0.079337195324256649  3.9382338891308564 0.15867405707213322  3.8572712513891929 0.23719751354812502  3.7730237211035274 0.31408266079964164  3.6837629884910257 0.3883882249863575  3.5872124901429254 0.45882022687565138  3.4285380994944128 0.55598804995962747  3.3733385351654848 0.58696417112674382  3.3155906740568679 0.61630457999826704  3.2550735686396024 0.64375964773960903  3.1916279376272243 0.66904607136141803  3.1252184299123047 0.69186009659513947  2.9868130394243644 0.73196103953625702  2.9148166734119365 0.74924761598624612  2.8401957037634866 0.76348203556105021  2.7633103939841948 0.77438180284884139  2.6847869902314039 0.78172686011811698  2.6054501402436641 0.78539816339744994  2.5261129449194075 0.78539816339744994 
 1.5707963267948966 8 2.3561944901923413 6 2.7488935718910645 6 3.1415926535897931 8
7 0 0  7 8 2  3.1415926535897931 3.9999999999999987  2.9171931783333793 3.69706070840384  2.6927937030766316 3.394122646918845  2.4683942278213635 3.1160917852057537  2.2439947525631396 2.8879206187552882  2.0195952773078716 2.7293107080236041  1.7951958020513104 2.649999999999999  1.5707963267948966 2.649999999999999 
 1.5707963267948966 8 3.1415926535897931 8
7 0 0  7 8 2  3.1415926535897931 8.1050000000000004  2.9171931783333793 8.4079392915961595  2.6927937030768589 8.7108773530826511  2.4683942278218183 8.9889082147901718  2.2439947525635944 9.2170793812474585  2.0195952773078716 9.3756892919745951  1.7951958020513104 9.4549999999999983  1.5707963267948966 9.4549999999999983 
 1.5707963267948966 8 3.1415926535897931 8
1 0 11.130000000000001 1 0 
7 0 0  7 20 4  4.0969092717143036 0  4.0175720763900467 -0.079337195324256427  3.9382338891299469 -0.15867405707211901  3.8572712513914666 -0.23719751354826712  3.7730237211021631 -0.31408266079972691  3.6837629884921625 -0.38838822498641434  3.5872124901429254 -0.45882022687564639  3.4285380994944128 -0.55598804995962214  3.3733385351655052 -0.58696417112677268  3.3155906740568803 -0.61630457999822852  3.2550735686396144 -0.6437596477395735  3.1916279376272456 -0.66904607136145189  3.1252184299123056 -0.69186009659513392  2.9868130394243653 -0.73196103953625147  2.914816673411937 -0.74924761598625467  2.840195703763519 -0.763482035561032  2.7633103939842272 -0.77438180284882008  2.6847869902314048 -0.78172686011812131  2.6054501402436676 -0.78539816339744706  2.5261129449194111 -0.78539816339744728 
 1.5707963267948966 8 2.3561944901923439 6 2.7488935718910685 6 3.1415926535897931 8
1 0 0 0 1 
1 3.1415926535897931 0 0 1 
1 0 11.130000000000001 1 0 
1 3.1415926535897931 0 0 1 
1 0 13 1 0 
1 2.526112944919408 -2.3561944901923453 -0 1 
1 0 0 1 0 
1 2.526112944919408 2.3561944901923462 0 -1 
1 0 0 1 0 
7 0 0  7 20 4  4.0969092717143063 0  4.0175720763900502 -0.079337195324256593  3.9382338891308564 -0.15867405707207638  3.8572712513896477 -0.2371975135484945  3.7730237211030726 -0.31408266079947111  3.6837629884910257 -0.38838822498644276  3.587212490142925 -0.45882022687564861  3.4285380994944128 -0.5559880499596247  3.3733385351654648 -0.58696417112677857  3.3155906740568883 -0.61630457999824784  3.2550735686396348 -0.64375964773958672  3.1916279376272243 -0.66904607136144822  3.1252184299123038 -0.69186009659513881  2.9868130394243635 -0.73196103953625602  2.9148166734119365 -0.74924761598624079  2.8401957037635839 -0.76348203556103911  2.76331039398428 -0.77438180284882718  2.6847869902313843 -0.78172686011810655  2.6054501402436676 -0.78539816339744906  2.5261129449194111 -0.78539816339744917 
 1.5707963267948966 8 2.3561944901923479 6 2.748893571891073 6 3.1415926535897931 8
7 0 0  6 17 4  1.5707963267948974 10.858528137423859  1.6141780446223248 10.858528137423859  1.6573624431656087 10.862300730877868  1.7003525166820863 10.869782256799956  1.7431136156312714 10.880678957716031  1.7855243907294376 10.894463686858659  1.8857873488569168 10.932820664650341  1.9433777192305062 10.959641335487024  2.0004007097774132 10.989540002962642  2.057119081346773 11.021294892145725  2.1137736902091913 11.053969501816933  2.1832339492405324 11.094003378758979  2.1957603371406438 11.101222016072702  2.2083039678676468 11.108439256832391  2.2208679691873434 11.115646772504943  2.23345540377343 11.122836371666006  2.2460692692074975 11.130000000000001 
 0 7 0.36919000840571176 5 0.88636800531367066 5 1 7
7 0 0  6 17 4  2.2504701457031411 0  2.2504701457031411 0.058565319067027  2.2540630537252664 0.11686435581303076  2.2611885016918616 0.17470207757404665  2.2716440648229259 0.2318447169182111  2.2850777395418245 0.28794310689441716  2.323212136493503 0.41887016201437988  2.3504090489394542 0.4926668988761731  2.3816610608898268 0.56392990947147503  2.4162822993009416 0.63263555983660813  2.4538318403445336 0.69872929644714921  2.5029978014105425 0.77612608677258033  2.5119875582998787 0.78994054457901453  2.5211083270637982 0.80362649936795461  2.5303582968679077 0.81718267483692075  2.5397359998483915 0.83060748116396599  2.5492403111120066 0.84389901500767639 
 0 7 0.36919000840571176 5 0.88636800531367066 5 1 7
7 0 0  3 25 23  2.2504701457031402 -1.6000000000000014  2.2504691511943182 -1.5855793361068942  2.2510155706834953 -1.5567768196993357  2.253447871033488 -1.513740460941666  2.257465039270663 -1.4709201642199243  2.2630226430528286 -1.4283727500904071  2.2700650575458297 -1.3861619620050283  2.2785233818145505 -1.344361548297659  2.2883164905088571 -1.3030524582921621  2.2993467992752348 -1.2623389350518641  2.3115136136869139 -1.2222945940354444  2.3247687994902431 -1.1828313474006094  2.3390402373299533 -1.1439676024945593  2.3542677360337132 -1.1056964002341347  2.3703939886767711 -1.0680192203621244  2.3873671848930882 -1.0309366531645203  2.4051404761434392 -0.99445062909526227  2.4236722729095339 -0.95856354458681825  2.4429262960561751 -0.92327823948691767  2.4628717570156646 -0.88859766608248636  2.4834832957577584 -0.85452493442550426  2.5047418423659624 -0.82106215514119263  2.5266314749875498 -0.7882149374216475  2.5416368327956809 -0.76673486303613625  2.549240311112007 -0.75610098499232592 
 0 4 0.045454545454545456 1 0.090909090909090912 1 0.13636363636363635 1 0.18181818181818182 1 0.22727272727272729 1 0.27272727272727271 1 0.31818181818181818 1 0.36363636363636365 1 0.40909090909090912 1 0.45454545454545459 1 0.5 1 0.54545454545454541 1 0.59090909090909094 1 0.63636363636363635 1 0.68181818181818188 1 0.72727272727272729 1 0.77272727272727271 1 0.81818181818181823 1 0.86363636363636365 1 0.90909090909090917 1 0.95454545454545459 1 1 4
1 0 0 1 0 
1 1.5707963267948966 0 0 1 
1 0 0 1 0 
7 0 0  7 20 4  4.0969092717143027 2.6316397620744438e-15  4.0175720763900467 0.079337195324259285  3.9382338891310837 0.15867405707211901  3.8572712513891929 0.23719751354821028  3.7730237211044368 0.31408266079955638  3.6837629884910257 0.38838822498641434  3.5872124901429254 0.45882022687565144  3.4285380994944128 0.55598804995962736  3.3733385351654444 0.58696417112675903  3.3155906740568759 0.61630457999824373  3.2550735686396228 0.64375964773958871  3.1916279376272039 0.66904607136143834  3.1252184299123038 0.69186009659513947  2.9868130394243635 0.73196103953625702  2.9148166734119161 0.7492476159862359  2.8401957037635719 0.76348203556105232  2.763310393984292 0.77438180284884039  2.6847869902314025 0.78172686011810177  2.6054501402436605 0.78539816339744994  2.526112944919404 0.78539816339744972 
 1.5707963267948966 8 2.3561944901923466 6 2.7488935718910721 6 3.1415926535897931 8
7 0 0  6 17 4  1.5707963267948966 0.2714718625761422  1.6141780446223342 0.2714718625761422  1.6573624431656042 0.26769926912213771  1.7003525166820863 0.26021774320003827  1.7431136156312586 0.2493210422839785  1.7855243907294509 0.23553631314133819  1.8857873488569419 0.19717933534965112  1.9433777192304551 0.17035866451298742  2.0004007097774297 0.14045999703737255  2.0571190813467575 0.10870510785427473  2.113773690209217 0.076030498183054546  2.1832339492405333 0.035996621241023055  2.1957603371406438 0.028777983927299845  2.2083039678676464 0.021560743167608736  2.2208679691873452 0.014353227495058185  2.233455403773434 0.007163628333994137  2.2460692692075011 0 
 0 7 0.36919000840553123 5 0.88636800531359516 5 1 7
7 0 0  6 17 4  2.2504701457031411 0  2.2504701457031411 0.058565319067040864  2.2540630537252668 0.11686435581301488  2.2611885016918634 0.17470207757406092  2.2716440648229197 0.23184471691818745  2.2850777395418298 0.28794310689443475  2.3232121364935128 0.41887016201441285  2.3504090489394431 0.49266689887612014  2.3816610608898152 0.56392990947147248  2.4162822993009403 0.63263555983660469  2.4538318403445514 0.69872929644717729  2.5029978014105438 0.77612608677258155  2.5119875582998792 0.78994054457901486  2.5211083270637986 0.80362649936795461  2.530358296867909 0.81718267483692264  2.5397359998483942 0.83060748116397021  2.5492403111120088 0.84389901500768005 
 0 7 0.36919000840553123 5 0.88636800531359516 5 1 7
7 0 0  3 25 23  2.2504701457031402 -1.6000000000000014  2.2504691511943191 -1.5855793361068853  2.2510155706834971 -1.5567768196993135  2.2534478710334902 -1.5137404609416296  2.2574650392706714 -1.4709201642198588  2.2630226430528331 -1.4283727500903214  2.2700650575458519 -1.3861619620049461  2.2785233818145767 -1.3443615482975193  2.2883164905088935 -1.3030524582920351  2.2993467992752841 -1.2623389350517014  2.3115136136869658 -1.2222945940352852  2.324768799490295 -1.1828313474004724  2.3390402373299972 -1.1439676024944354  2.3542677360337652 -1.1056964002340219  2.3703939886768128 -1.0680192203620174  2.3873671848931473 -1.0309366531644431  2.40514047614348 -0.99445062909516613  2.4236722729095748 -0.95856354458672555  2.4429262960562168 -0.92327823948683052  2.462871757015709 -0.88859766608241553  2.4834832957577961 -0.85452493442542798  2.5047418423659971 -0.82106215514116232  2.5266314749875556 -0.78821493742161097  2.5416368327956795 -0.76673486303611371  2.5492403111120083 -0.75610098499231881 
 0 4 0.045454545454545456 1 0.090909090909090912 1 0.13636363636363635 1 0.18181818181818182 1 0.22727272727272729 1 0.27272727272727271 1 0.31818181818181818 1 0.36363636363636365 1 0.40909090909090912 1 0.45454545454545459 1 0.5 1 0.54545454545454541 1 0.59090909090909094 1 0.63636363636363635 1 0.68181818181818188 1 0.72727272727272729 1 0.77272727272727271 1 0.81818181818181823 1 0.86363636363636365 1 0.90909090909090917 1 0.95454545454545459 1 1 4
1 0 0 1 0 
1 3.1415926535897931 0 0 1 
1 0 13 1 0 
1 2.526112944919408 2.3561944901923462 0 -1 
1 0 0 1 0 
1 2.526112944919408 -2.3561944901923462 -0 1 
1 0 0 1 0 
7 0 0  7 20 4  4.0969092717143045 0  4.0175720763900484 -0.079337195324256649  3.9382338891308564 -0.15867405707213322  3.8572712513891929 -0.23719751354812502  3.7730237211035274 -0.31408266079964164  3.6837629884910257 -0.3883882249863575  3.5872124901429254 -0.45882022687565138  3.4285380994944128 -0.55598804995962747  3.3733385351654848 -0.58696417112674382  3.3155906740568679 -0.61630457999826704  3.2550735686396024 -0.64375964773960903  3.1916279376272243 -0.66904607136141803  3.1252184299123047 -0.69186009659513947  2.9868130394243644 -0.73196103953625702  2.9148166734119365 -0.74924761598624612  2.8401957037634866 -0.76348203556105021  2.7633103939841948 -0.77438180284884139  2.6847869902314039 -0.78172686011811698  2.6054501402436641 -0.78539816339744994  2.5261129449194075 -0.78539816339744994 
 1.5707963267948966 8 2.3561944901923413 6 2.7488935718910645 6 3.1415926535897931 8
7 0 0  7 8 2  1.5707963267948966 2.649999999999999  1.7951958020513104 2.649999999999999  2.0195952773071895 2.7293107080228083  2.2439947525658681 2.8879206187571071  2.4683942278188624 3.1160917852043895  2.6927937030774274 3.3941226469196408  2.9171931783333789 3.69706070840384  3.1415926535897927 3.9999999999999987 
 3.1415926535897931 8 4.7123889803846897 8
7 0 0  7 8 2  1.5707963267948966 1.6750000000000016  1.7951958020513104 1.6750000000000016  2.0195952773074168 1.7543107080237519  2.2439947525645039 1.9129206187558339  2.4683942278206814 2.141091785206072  2.6927937030773137 2.419122646918936  2.9171931783333793 2.7220607084038422  3.1415926535897931 3.0250000000000008 
 3.1415926535897931 8 4.7123889803846897 8
1 0 0 1 0 
7 0 0  7 20 4  4.0969092717143036 0  4.0175720763900467 0.079337195324256427  3.9382338891299469 0.15867405707211901  3.8572712513914666 0.23719751354826712  3.7730237211021631 0.31408266079972691  3.6837629884921625 0.38838822498641434  3.5872124901429254 0.45882022687564639  3.4285380994944128 0.55598804995962214  3.3733385351655052 0.58696417112677268  3.3155906740568803 0.61630457999822852  3.2550735686396144 0.6437596477395735  3.1916279376272456 0.66904607136145189  3.1252184299123056 0.69186009659513392  2.9868130394243653 0.73196103953625147  2.914816673411937 0.74924761598625467  2.840195703763519 0.763482035561032  2.7633103939842272 0.77438180284882008  2.6847869902314048 0.78172686011812131  2.6054501402436676 0.78539816339744706  2.5261129449194111 0.78539816339744728 
 1.5707963267948966 8 2.3561944901923439 6 2.7488935718910685 6 3.1415926535897931 8
1 0.30000000000000071 0 0 -1 
1 1.5707963267948966 0 0 1 
1 0 0 1 0 
1 1.5707963267948966 0 0 1 
1 0 -5.0800000000000001 1 0 
1 1.5707963267948966 0 0 1 
1 0 0 0 -1 
1 1.5707963267948966 0 0 1 
1 0 0 1 0 
2 0 0 1 0 -0 1 9.8499999999999996
1 0 0 1 0 
1 -6.2831853071795862 0 1 0 
1 0 2.6499999999999986 1 0 
2 -9.4800000000000004 -2.5399999999999991 -1 -1.1102230246251565e-16 1.1102230246251565e-16 -1 1.3500000000000001
1 6.2831853071795862 2.6499999999999995 -1 0 
2 -9.4800000000000004 2.5399999999999991 -1 1.1102230246251565e-16 -1.1102230246251565e-16 -1 1.3500000000000001
1 0.30000000000000071 0 0 1 
1 1.5707963267948966 0 0 1 
7 0 0  7 8 2  3.1415926535897936 3.9999999999999978  2.9171931783333798 3.6970607084038392  2.6927937030769726 3.3941226469187313  2.4683942278211362 3.1160917852066632  2.2439947525642765 2.8879206187566524  2.0195952773075305 2.7293107080240588  1.7951958020513104 2.6499999999999981  1.5707963267948966 2.6499999999999981 
 1.5707963267948966 8 3.1415926535897931 8
7 0 0  7 8 2  3.1415926535897927 3.0250000000000021  2.9171931783333789 2.7220607084038435  2.6927937030775411 2.4191226469197318  2.4683942278209088 2.1410917852053899  2.2439947525642765 1.9129206187569707  2.0195952773074168 1.7543107080231266  1.7951958020513077 1.675000000000002  1.5707963267948939 1.675000000000002 
 1.5707963267948966 8 3.1415926535897931 8
8 2.6499993999999987 4
1 1.8749343028136172 -6.4304908564751974e-17 0 1 
8 2.6499993999999987 4
1 2.7424443433135131 -2.649999999999999 0 1 
1 2.7424443433135131 -2.6499999999999986 0 1 
1 2.5261129449194044 2.3561944901923435 0 -1 
1 0 0 1 0 
1 0 0 1 0 
7 0 0  7 20 4  4.096909271714301 0  4.0175720763900449 -0.079337195324256649  3.9382338891297195 -0.15867405707214743  3.8572712513923761 -0.23719751354815344  3.7730237211003441 -0.31408266079967007  3.6837629884921625 -0.3883882249863575  3.5872124901429228 -0.45882022687564933  3.4285380994944101 -0.55598804995962536  3.3733385351655452 -0.58696417112676358  3.3155906740568395 -0.61630457999824684  3.2550735686395984 -0.64375964773958871  3.191627937627326 -0.66904607136143768  3.125218429912302 -0.69186009659513759  2.9868130394243617 -0.73196103953625513  2.9148166734119356 -0.74924761598624046  2.8401957037635515 -0.76348203556104721  2.7633103939842596 -0.77438180284883529  2.6847869902314039 -0.78172686011810633  2.6054501402436636 -0.78539816339744839  2.5261129449194066 -0.78539816339744839 
 1.5707963267948966 8 2.3561944901923475 6 2.7488935718910703 6 3.1415926535897931 8
7 0 0  7 20 4  4.096909271714301 0  4.017572076390044 0.079337195324256454  3.9382338891307427 0.15867405707203375  3.8572712513887382 0.23719751354832397  3.7730237211039821 0.31408266079944269  3.6837629884912531 0.38838822498645698  3.5872124901429228 0.45882022687564727  3.4285380994944101 0.55598804995962303  3.3733385351653626 0.58696417112677302  3.3155906740569248 0.61630457999824473  3.2550735686396592 0.64375964773958672  3.1916279376271026 0.66904607136144734  3.1252184299123025 0.69186009659513581  2.9868130394243622 0.73196103953625336  2.9148166734119156 0.74924761598625522  2.840195703763539 0.76348203556104011  2.7633103939842596 0.77438180284882507  2.6847869902314039 0.78172686011811621  2.6054501402436623 0.78539816339744739  2.5261129449194066 0.7853981633974475 
 1.5707963267948966 8 2.3561944901923475 6 2.7488935718910703 6 3.1415926535897931 8
1 0 0.30000000000000071 1 0 
1 0.30000000000000071 0 0 -1 
1 1.5707963267948966 0 0 1 
1 0 0 1 0 
1 1.5707963267948966 0 0 1 
1 0 -5.0800000000000001 1 0 
1 1.5707963267948966 0 0 1 
1 1.5707963267948966 0 0 1 
1 0 0 0 -1 
1 0 5.0800000000000001 1 0 
7 0 0  7 20 4  4.096909271714301 0  4.0175720763900449 0.079337195324256649  3.9382338891297195 0.15867405707214743  3.8572712513923761 0.23719751354815344  3.7730237211003441 0.31408266079967007  3.6837629884921625 0.3883882249863575  3.5872124901429228 0.45882022687564933  3.4285380994944101 0.55598804995962536  3.3733385351655452 0.58696417112676358  3.3155906740568395 0.61630457999824684  3.2550735686395984 0.64375964773958871  3.191627937627326 0.66904607136143768  3.125218429912302 0.69186009659513759  2.9868130394243617 0.73196103953625513  2.9148166734119356 0.74924761598624046  2.8401957037635515 0.76348203556104721  2.7633103939842596 0.77438180284883529  2.6847869902314039 0.78172686011810633  2.6054501402436636 0.78539816339744839  2.5261129449194066 0.78539816339744839 
 1.5707963267948966 8 2.3561944901923475 6 2.7488935718910703 6 3.1415926535897931 8
7 0 0  7 20 4  4.096909271714301 0  4.017572076390044 -0.079337195324256454  3.9382338891307427 -0.15867405707203375  3.8572712513887382 -0.23719751354832397  3.7730237211039821 -0.31408266079944269  3.6837629884912531 -0.38838822498645698  3.5872124901429228 -0.45882022687564727  3.4285380994944101 -0.55598804995962303  3.3733385351653626 -0.58696417112677302  3.3155906740569248 -0.61630457999824473  3.2550735686396592 -0.64375964773958672  3.1916279376271026 -0.66904607136144734  3.1252184299123025 -0.69186009659513581  2.9868130394243622 -0.73196103953625336  2.9148166734119156 -0.74924761598625522  2.840195703763539 -0.76348203556104011  2.7633103939842596 -0.77438180284882507  2.6847869902314039 -0.78172686011811621  2.6054501402436623 -0.78539816339744739  2.5261129449194066 -0.7853981633974475 
 1.5707963267948966 8 2.3561944901923475 6 2.7488935718910703 6 3.1415926535897931 8
1 0 0.30000000000000071 1 0 
1 2.5261129449194044 -2.3561944901923435 -0 1 
1 0 0 1 0 
1 1.5707963267948966 0 0 1 
1 0.30000000000000071 0 0 1 
7 0 0  7 8 2  1.5707963267948966 2.6499999999999972  1.7951958020513104 2.6499999999999972  2.0195952773076442 2.7293107080234904  2.2439947525642765 2.8879206187548334  2.468394227820454 3.1160917852066632  2.6927937030768589 3.3941226469192998  2.9171931783333784 3.6970607084038392  3.1415926535897922 3.9999999999999978 
 3.1415926535897931 8 4.7123889803846897 8
7 0 0  7 8 2  1.5707963267948939 9.4550000000000001  1.7951958020513077 9.4550000000000001  2.0195952773079853 9.3756892919755046  2.2439947525638217 9.2170793812456395  2.4683942278220457 8.9889082147938097  2.6927937030766316 8.7108773530817416  2.9171931783333789 8.4079392915961595  3.1415926535897927 8.1050000000000004 
 3.1415926535897931 8 4.7123889803846897 8
8 2.6499993999999987 3.9999999999999991
1 1.8749343028136172 6.4304908564751974e-17 0 1 
8 2.6499993999999987 3.9999999999999991
1 3.5407409638660732 -2.649999999999999 0 1 
1 -2.7424443433135131 -2.6499999999999995 0 1 
1 0 5.0800000000000001 1 0 
1 3.1415926535897931 0 0 1 
1 0 0 1 0 
1 2.5261129449194062 2.3561944901923466 0 -1 
1 0 0 1 0 
7 0 0  7 20 4  4.0969092717143027 0  4.0175720763900467 0.07933719532425669  3.9382338891298332 0.15867405707209059  3.8572712513923761 0.2371975135482387  3.7730237211012536 0.3140826607995848  3.6837629884919352 0.38838822498642855  3.587212490142925 0.4588202268756485  3.4285380994944128 0.5559880499596247  3.3733385351654848 0.58696417112677857  3.3155906740568679 0.61630457999824784  3.2550735686396024 0.64375964773958372  3.1916279376272243 0.66904607136144334  3.1252184299123047 0.69186009659513936  2.9868130394243644 0.73196103953625702  2.9148166734119565 0.7492476159862359  2.840195703763531 0.76348203556106042  2.7633103939842392 0.7743818028488515  2.6847869902314239 0.7817268601181071  2.6054501402436641 0.78539816339745094  2.5261129449194075 0.78539816339745094 
 1.5707963267948966 8 2.3561944901923435 6 2.7488935718910659 6 3.1415926535897931 8
1 0 0 1 0 
1 3.1415926535897931 0 0 1 
1 0 0 1 0 
1 2.5261129449194062 -2.3561944901923466 -0 1 
1 0 0 1 0 
7 0 0  7 20 4  4.0969092717143027 0  4.0175720763900467 -0.07933719532425669  3.9382338891298332 -0.15867405707209059  3.8572712513923761 -0.2371975135482387  3.7730237211012536 -0.3140826607995848  3.6837629884919352 -0.38838822498642855  3.587212490142925 -0.4588202268756485  3.4285380994944128 -0.5559880499596247  3.3733385351654848 -0.58696417112677857  3.3155906740568679 -0.61630457999824784  3.2550735686396024 -0.64375964773958372  3.1916279376272243 -0.66904607136144334  3.1252184299123047 -0.69186009659513936  2.9868130394243644 -0.73196103953625702  2.9148166734119565 -0.7492476159862359  2.840195703763531 -0.76348203556106042  2.7633103939842392 -0.7743818028488515  2.6847869902314239 -0.7817268601181071  2.6054501402436641 -0.78539816339745094  2.5261129449194075 -0.78539816339745094 
 1.5707963267948966 8 2.3561944901923435 6 2.7488935718910659 6 3.1415926535897931 8
1 0 11.130000000000001 1 0 
7 0 0  7 20 4  4.0969092717143063 0  4.0175720763900493 0.079337195324256468  3.9382338891305153 0.15867405707203375  3.8572712513896477 0.23719751354843766  3.7730237211044368 0.31408266079947111  3.6837629884912531 0.38838822498641434  3.587212490142925 0.45882022687564872  3.4285380994944128 0.55598804995962448  3.3733385351654648 0.58696417112676336  3.3155906740568559 0.61630457999824684  3.2550735686396024 0.64375964773958572  3.1916279376272252 0.66904607136143235  3.1252184299123078 0.6918600965951367  2.986813039424367 0.73196103953625424  2.9148166734118965 0.74924761598625034  2.840195703763527 0.76348203556103711  2.7633103939842352 0.77438180284882818  2.684786990231363 0.78172686011812131  2.6054501402436645 0.78539816339744739  2.5261129449194084 0.78539816339744739 
 1.5707963267948966 8 2.3561944901923453 6 2.7488935718910681 6 3.1415926535897931 8
1 0 0 0 -1 
1 1.5707963267948966 0 0 1 
8 1.1200000000000001 10.010000000000002
1 2.1984057121399654 0 0 1 
8 1.1200000000000001 10.010000000000002
1 2.5139832682447243 -1.1200000000000001 0 1 
7 0 0  6 22 5  1.5707963267948966 1.6162446581088161  1.6218116645917808 1.6005475673890528  1.6717868141819547 1.58062143085138  1.7205978760732965 1.55668246272446  1.7680951452492295 1.5290499804472608  1.8140996423961102 1.4981497903080017  1.9286760043091347 1.4111643082575407  1.9948333277193899 1.3508066125655733  2.057091891234434 1.2846895896996355  2.1155129815442857 1.2137113858690871  2.169999911411217 1.1384670086898878  2.2601821824660759 0.99589493600915924  2.2974976168881054 0.92994109571962502  2.3318939491824913 0.86139568674882738  2.3629301152504634 0.79031218980628415  2.389924483577996 0.71671247950242567  2.4277075995542963 0.58628183552565694  2.4409915679487195 0.53049249167197754  2.4513269361407755 0.47367444830913458  2.4583687075857972 0.41617167054546789  2.4619188346815526 0.3582155724897102  2.4619188346815526 0.29999999999999716 
 0 7 0.21020127089119703 5 0.54365903841014618 5 0.81019700563718344 5 1 7
7 0 0  6 22 5  1.794889419096265 7.3849999999999989  1.8472130548288102 7.3849999999999989  1.8992188283151121 7.3807841072987577  1.9507743831276187 7.3726734540497452  2.0017391803106785 7.3610829952960017  2.0519480432965267 7.3465146963069641  2.1793183082269936 7.3026395139466693  2.2552094422120867 7.2696335460433117  2.329243453871888 7.2323732587088765  2.4018137409548737 7.1924121496923723  2.4733327172647148 7.1511772102774271  2.6010540147900243 7.0775636901860599  2.65751077582485 7.0450331542991425  2.7140373604144621 7.0134411944445629  2.7708721369243552 6.9837194898228265  2.8282763991324726 6.9570797451275164  2.9281203085894298 6.9190568755731885  2.9702872116259256 6.9054219029154078  3.0128002968212648 6.8946494827007276  3.0555396350905251 6.8872558093040688  3.0984700073011169 6.8835281374238537  3.1415926535897931 6.8835281374238537 
 0 7 0.21020127089119703 5 0.54365903841014618 5 0.81019700563718344 5 1 7
2 0.29999999999999716 0.29999999999999716 1 1.1102230246251565e-16 -1.1102230246251565e-16 1 1.3500000000000001
1 0 7.3850000000000007 1 0 
1 13 0 0 1 
1 3.1415926535897931 0 0 1 
7 0 0  7 8 2  3.1415926535897931 0  2.9171931783333793 0.30293929159615857  2.6927937030773137 0.60587735308081392  2.4683942278213635 0.88390821479390524  2.2439947525640491 1.1120793812444845  2.0195952773078716 1.2706892919763391  1.7951958020513104 1.3500000000000014  1.5707963267948966 1.3500000000000014 
 4.7123889803846897 8 6.2831853071795862 8
7 0 0  7 8 2  3.1415926535897931 7.1550000000000002  2.9171931783333793 7.4579392915961584  2.6927937030773137 7.7608773530805593  2.4683942278209088 8.0389082147985391  2.2439947525645039 8.2670793812467309  2.0195952773076442 8.425689291976596  1.7951958020513104 8.504999999999999  1.5707963267948966 8.504999999999999 
 4.7123889803846897 8 6.2831853071795862 8
2 0.29999999999999716 -1.1200000000000001 1 0 -0 1 0.84852813742385624
7 0 0  5 6 2  3.5777631574677775 0.46055399168132077  3.5466299898696678 0.42469633143890129  3.5196951069094098 0.38639632303761928  3.496792939556407 0.3461674612825365  3.4776486587166224 0.30443928472010567  3.4620699403337771 0.26157766335765015 
 1.5707963267948923 6 1.9321634507015217 6
1 0 0 1 0 
7 0 0  7 20 4  4.0969092717142992 0  4.0175720763900431 -0.079337195324256898  3.9382338891305153 -0.15867405707207638  3.8572712513901024 -0.23719751354829555  3.7730237211035274 -0.31408266079961322  3.6837629884914804 -0.38838822498638592  3.5872124901429205 -0.45882022687565333  3.428538099494407 -0.5559880499596298  3.3733385351654226 -0.5869641711267547  3.3155906740568639 -0.61630457999824884  3.2550735686395984 -0.64375964773959693  3.1916279376271626 -0.66904607136143901  3.1252184299123003 -0.69186009659514192  2.9868130394243591 -0.73196103953625957  2.9148166734119347 -0.74924761598623668  2.840195703763519 -0.76348203556106042  2.7633103939842272 -0.77438180284884539  2.6847869902314017 -0.78172686011809789  2.6054501402436565 -0.78539816339745461  2.5261129449193995 -0.78539816339745461 
 1.5707963267948966 8 2.3561944901923488 6 2.7488935718910734 6 3.1415926535897931 8
7 0 0  6 62 13  1.8217306655559466 1.7552173438114496  1.8544962049356444 1.729793746499259  1.8863784938335311 1.7032426149828568  1.9173256285390949 1.6755108761090449  1.9472664799216086 1.6465172016568126  1.9761144823801371 1.6161412245556133  2.0304099662317521 1.5532625201613359  2.0559113665007507 1.5208965785501329  2.0801357127389193 1.486838162451533  2.1028446655588273 1.4508576521860626  2.1236458172415609 1.4127108906222026  2.148439525762285 1.3576810920974587  2.1546357603645467 1.3429069068142285  2.1604779145547766 1.3278253527334849  2.165931384976874 1.312434629855499  2.1709583169375293 1.2967393543134034  2.177922562043165 1.2723298443443241  2.1801963526950385 1.263826398403237  2.1823350402100563 1.2552441387538915  2.1843328842155327 1.2465858607037388  2.1861842480208891 1.2378551535944351  2.1912909946307888 1.2114138759201807  2.1940877514520367 1.1934957806978019  2.196229210351246 1.1753418594432308  2.197677257674119 1.1570004663483406  2.1984057121400711 1.1385299436847143  2.1984057121400711 1.1015953498072817  2.1976871159575535 1.0831300105986379  2.1962409575021167 1.0646710864640549  2.1940753110846285 1.046280282376304  2.1912123747524341 1.028013923056261  2.185928371922973 1.0009094473944848  2.1840062353669363 0.99193888276662445  2.1819232242860287 0.98301698738885601  2.1796837630636285 0.97414876084096003  2.1772926201369187 0.96533849284828299  2.1698867765454977 0.93980694347694638  2.1644792472498326 0.92325103477194848  2.1585675505840576 0.90694631461844055  2.1521887667368507 0.89090862339099353  2.1453790148602616 0.87514665215164655  2.1285272521320775 0.83894944566353769  2.1181714161967764 0.81873626218765905  2.1071802766454986 0.79902785434941814  2.0956234210770543 0.77981968865452667  2.0835604779393089 0.76110009075932317  2.0404876906770784 0.69832905617798491  2.0072328203240541 0.65665090292849393  1.9719398748567971 0.61751473284879266  1.9350482322549603 0.58073154978189356  1.8968575608564882 0.54611391547574217  1.820641669577483 0.482904315974512  1.7827778083125865 0.45409045161465672  1.7440972208703125 0.42693377658055587  1.7047174181123088 0.40136037810664299  1.6647294875199259 0.3773134115133201  1.6153631146198004 0.34982936694338695  1.6064978554683462 0.34497864197726763  1.5976078318860445 0.34019817336014929  1.5886937747470233 0.33548757536975349  1.5797563836253232 0.33084649394390836  1.5707963267948966 0.3262746066805482 
 0 7 0.15089054215328035 5 0.29673876542698086 5 0.34878637042331628 5 0.37620746799679311 5 0.43118996467861981 5 0.48580068748324412 5 0.51300959866525608 5 0.56520486312953355 5 0.63503190081455108 5 0.8053982298529232 5 0.96515385878898141 5 1 7
7 0 0  6 62 13  4.0969092717143223 -0.72807218595665657  4.0490036652579064 -0.74029880714419638  4.0001672361435192 -0.75078066675638844  3.9504909962596106 -0.75932303616225738  3.9001553450149791 -0.76571119417097977  3.8494501061759023 -0.76972158706492155  3.7497704524648885 -0.77239306248105388  3.7008452310095508 -0.77122691486295791  3.6522720422743826 -0.76734499696573366  3.6045708250597484 -0.7604376014110289  3.5585083829731836 -0.75016679396022357  3.4994461471333307 -0.73117438298215509  3.4842414665707122 -0.7257067068359403  3.4694103389520965 -0.71975217516765388  3.4550033722046325 -0.71329825701604044  3.4410741391738338 -0.70633642677011599  3.4206173917253775 -0.69492782080202964  3.4137061618312843 -0.6908496883557822  3.4069504454913075 -0.68662970687304481  3.4003580480051308 -0.68226821026578932  3.3939365457978936 -0.67776618298459468  3.3751748236890968 -0.6638196685523613  3.363371311851088 -0.65395464637147993  3.3523443408073574 -0.6435459337854651  3.3421424052919746 -0.63261926787711775  3.3327974742601385 -0.62121223693995831  3.3159029576844539 -0.59762006478880403  3.308340779413582 -0.58543937073458063  3.301646792166443 -0.57288361340086691  3.2958069426039533 -0.56000484690446772  3.2907887731711498 -0.54685585346577958  3.2844363586211505 -0.52682824917478388  3.2825169769206965 -0.52011344565151785  3.2807850563270513 -0.5133499630105367  3.2792345188247904 -0.50654336380075438  3.2778588448776609 -0.49969877758316322  3.2743341872519998 -0.47962696647239639  3.2726354688078949 -0.46631082363736054  3.2715063202211128 -0.45290464907471845  3.270896576061975 -0.43943452828377011  3.2707576636489506 -0.42592052707838596  3.2714311843081965 -0.39425786029590931  3.2725807588271718 -0.37608752860748945  3.2743884873200031 -0.35789754542031987  3.2767626751333836 -0.33970951238959751  3.2796257784091374 -0.32153554450097444  3.2909375721729193 -0.2590799184140159  3.3014851095312703 -0.21492339437081454  3.3136347839793467 -0.17091170380807208  3.3268903511745314 -0.12703350451314421  3.3409151130014827 -0.083245436721322008  3.3692001732772345 0.0016212499957868332  3.3833822979354253 0.042672768850677611  3.3978814468202887 0.083752830267230127  3.4125952382878184 0.12489015136192938  3.4274547946171787 0.1661082016654245  3.4456833418202542 0.21644032204915606  3.4489523664228305 0.22545770677442167  3.4522259018847232 0.23447998548264234  3.4555035593358014 0.24350731411792989  3.4587850010276817 0.25253983230669264  3.4620699403337269 0.26157766335763566 
 0 7 0.15089054215328035 5 0.29673876542698086 5 0.34878637042331628 5 0.37620746799679311 5 0.43118996467861981 5 0.48580068748324412 5 0.51300959866525608 5 0.56520486312953355 5 0.63503190081455108 5 0.8053982298529232 5 0.96515385878898141 5 1 7
1 0 0 1 0 
7 0 0  7 20 4  4.0969092717142992 0  4.0175720763900422 0.079337195324256163  3.9382338891302879 0.15867405707206217  3.8572712513905572 0.23719751354838081  3.7730237211021631 0.31408266079949954  3.6837629884917078 0.38838822498641434  3.5872124901429183 0.45882022687564644  3.4285380994944057 0.55598804995962181  3.3733385351654017 0.5869641711267829  3.3155906740569492 0.61630457999822652  3.2550735686396712 0.6437596477395654  3.1916279376271217 0.66904607136145167  3.1252184299123007 0.69186009659513303  2.9868130394243608 0.73196103953625014  2.9148166734118948 0.74924761598624412  2.840195703763527 0.7634820355610421  2.7633103939842476 0.77438180284882407  2.6847869902313826 0.78172686011810022  2.6054501402436605 0.78539816339744506  2.5261129449194044 0.78539816339744506 
 1.5707963267948966 8 2.3561944901923422 6 2.7488935718910668 6 3.1415926535897931 8
1 -6.6613381477509392e-16 -1.6000000000000014 1 0 
2 0.29999999999999716 0.29999999999999716 1 1.1102230246251565e-16 -1.1102230246251565e-16 1 1.3500000000000001
1 0 1.5049999999999999 1 0 
7 0 0  6 22 5  1.5707963267948966 1.6162446581088161  1.6218116645917837 1.6005475673890521  1.6717868141819443 1.5806214308513873  1.7205978760732956 1.55668246272446  1.7680951452492393 1.5290499804472535  1.8140996423961091 1.498149790308003  1.9286760043091422 1.4111643082575349  1.9948333277193349 1.3508066125656248  2.0570918912345197 1.2846895896995447  2.115512981544228 1.2137113858691573  2.1699999114112289 1.1384670086898692  2.2601821824660613 0.99589493600918189  2.2974976168881134 0.92994109571959616  2.3318939491824904 0.8613956867488638  2.3629301152504709 0.79031218980624085  2.3899244835779903 0.71671247950244599  2.4277075995542878 0.58628183552568602  2.4409915679487488 0.53049249167195123  2.4513269361407373 0.47367444830914285  2.4583687075858167 0.41617167054543941  2.4619188346815526 0.35821557248973451  2.4619188346815526 0.29999999999999716 
 0 7 0.21020127089122839 5 0.54365903841025209 5 0.81019700563731578 5 1 7
7 0 0  6 22 5  1.794889419096265 1.5050000000000006  1.8472130548288133 1.5050000000000006  1.8992188283151006 1.5092158927012411  1.9507743831276176 1.517326545950257  2.0017391803106892 1.5289170047040008  2.0519480432965249 1.5434853036930354  2.179318308227002 1.5873604860533337  2.255209442212025 1.6203664539566645  2.3292434538719835 1.6576267412911685  2.4018137409548066 1.6975878503075932  2.4733327172647317 1.7388227897225832  2.6010540147900043 1.8124363098139287  2.6575107758248731 1.8449668457008679  2.7140373604144328 1.8765588055554279  2.770872136924392 1.9062805101771878  2.8282763991324575 1.9329202548724784  2.9281203085894072 1.970943124426803  2.9702872116259549 1.9845780970846039  3.0128002968212408 1.995350517299268  3.0555396350905557 2.002744190695934  3.0984700073010987 2.0064718625761468  3.1415926535897931 2.0064718625761468 
 0 7 0.21020127089122839 5 0.54365903841025209 5 0.81019700563731578 5 1 7
1 0 0 1 0 
7 0 0  7 20 4  4.0969092717143045 0  4.0175720763900475 -0.079337195324256399  3.9382338891296058 -0.15867405707211901  3.8572712513923761 -0.23719751354818186  3.7730237211012536 -0.31408266079969849  3.6837629884921625 -0.38838822498637171  3.5872124901429245 -0.45882022687564605  3.428538099494411 -0.55598804995962159  3.3733385351655052 -0.58696417112675736  3.3155906740568803 -0.61630457999824373  3.2550735686396024 -0.64375964773958572  3.1916279376272243 -0.66904607136143157  3.1252184299123038 -0.69186009659513403  2.9868130394243635 -0.73196103953625136  2.9148166734118752 -0.74924761598623935  2.8401957037636123 -0.76348203556103911  2.7633103939843204 -0.77438180284882407  2.6847869902313426 -0.7817268601181  2.6054501402436623 -0.78539816339744373  2.5261129449194066 -0.78539816339744373 
 1.5707963267948966 8 2.3561944901923382 6 2.7488935718910681 6 3.1415926535897931 8
7 0 0  7 8 2  1.5707963267948966 1.3500000000000014  1.7951958020513104 1.3500000000000014  2.0195952773074168 1.2706892919763391  2.2439947525645039 1.1120793812441434  2.4683942278206814 0.88390821479424631  2.6927937030773137 0.60587735308075708  2.9171931783333793 0.30293929159615857  3.1415926535897931 0 
 0 8 1.5707963267948966 8
7 0 0  7 8 2  1.5707963267948966 2.6250000000000009  1.7951958020513104 2.6250000000000009  2.0195952773076442 2.7043107080237405  2.2439947525647312 2.8629206187561067  2.4683942278199993 3.091091785205208  2.6927937030768589 3.3691226469190951  2.9171931783333793 3.6720607084038419  3.1415926535897931 3.9750000000000005 
 0 8 1.5707963267948966 8
1 0 0 0 1 
1 3.1415926535897931 0 0 1 
1 0 5.0800000000000001 1 0 
7 0 0  7 20 4  4.0969092717143027 0  4.0175720763900458 -0.079337195324256399  3.9382338891293784 -0.15867405707206217  3.8572712513937404 -0.23719751354835239  3.7730237210998894 -0.31408266079947111  3.6837629884923899 -0.38838822498642855  3.5872124901429228 -0.45882022687564616  3.4285380994944101 -0.55598804995962181  3.3733385351655047 -0.5869641711267829  3.3155906740568151 -0.61630457999822652  3.255073568639562 -0.64375964773956851  3.1916279376272647 -0.669046071361457  3.1252184299123038 -0.69186009659513392  2.9868130394243635 -0.73196103953625147  2.9148166734118552 -0.74924761598622935  2.8401957037635026 -0.76348203556104921  2.7633103939842352 -0.77438180284883429  2.684786990231363 -0.78172686011809034  2.6054501402436641 -0.78539816339744573  2.5261129449194075 -0.78539816339744573 
 1.5707963267948966 8 2.3561944901923493 6 2.7488935718910734 6 3.1415926535897931 8
1 0 0 1 0 
7 0 0  7 20 4  4.0969092717143027 0  4.0175720763900458 0.079337195324256399  3.9382338891293784 0.15867405707206217  3.8572712513937404 0.23719751354835239  3.7730237210998894 0.31408266079947111  3.6837629884923899 0.38838822498642855  3.5872124901429228 0.45882022687564616  3.4285380994944101 0.55598804995962181  3.3733385351655047 0.5869641711267829  3.3155906740568151 0.61630457999822652  3.255073568639562 0.64375964773956851  3.1916279376272647 0.669046071361457  3.1252184299123038 0.69186009659513392  2.9868130394243635 0.73196103953625147  2.9148166734118552 0.74924761598622935  2.8401957037635026 0.76348203556104921  2.7633103939842352 0.77438180284883429  2.684786990231363 0.78172686011809034  2.6054501402436641 0.78539816339744573  2.5261129449194075 0.78539816339744573 
 1.5707963267948966 8 2.3561944901923493 6 2.7488935718910734 6 3.1415926535897931 8
1 1.5707963267948966 0 0 1 
1 0 0 0 1 
8 -0.30000000000000071 0
1 0 2.6499999999999995 -1 0 
8 -0.30000000000000071 0
1 0 -1.6750000000000007 -1 0 
1 3.1415926535897931 0 0 1 
1 0 0 1 0 
1 0.30000000000000071 0 0 -1 
1 1.5707963267948966 0 0 1 
7 0 0  7 26 5  1.5707963267948966 2.8906589596687486  1.6292443121975495 2.6109574160352182  1.694427545354642 2.3358648278507208  1.7669866422813341 2.0630085987169271  1.8478537126884231 1.7921810832407807  1.9380674285925434 1.5252381021728423  2.0388220828101029 1.2656917310644469  2.2037841555967654 0.90779432354516054  2.2583777507460137 0.79792817720501596  2.3159430965854804 0.69133668417146321  2.3766659741140095 0.58896711214066022  2.4407533682409137 0.4919490576143053  2.5084454774461942 0.40166132449909575  2.6060806807087635 0.29009448974487217  2.6326276733886673 0.26147224055540547  2.6596623436249138 0.23410237177774604  2.6871732422226713 0.20809220881600593  2.715149282484258 0.18354653479580382  2.7435799507256613 0.16056787306706996  2.8222550201684009 0.10250312265305327  2.8734755794612421 0.070637027833230323  2.9258482667001897 0.044379653150505412  2.9791075191067251 0.024280355274498931  3.0329932466448137 0.010722041812096073  3.0872456363716907 0.0039209680134880418  3.1415926535897931 0.0039209680134879576 
 0 8 0.52318235599945673 6 0.7626234540364607 6 0.84974612433556962 6 1 8
7 0 0  7 26 5  2.8666344564403472 -6.6613381477509392e-16  2.8371300742005232 -6.5303123697909627e-16  2.8078253396789878 0.0053809250775674645  2.7784352110088513 0.018371673826362275  2.7488885144817869 0.041908769472737473  2.7193324517023054 0.079964437639557559  2.6901110391487251 0.13778145702201111  2.6491561458726065 0.26004817880861397  2.6364836109467924 0.30404287276257885  2.6240872983131096 0.35429196042176819  2.6120817885110887 0.41146941020419792  2.6006096056896624 0.4762627967271128  2.5898509010501862 0.54931434215220987  2.5764692913843978 0.66087960464669249  2.5730269127039027 0.69178320500203561  2.5697265198371846 0.72381943200382792  2.5665823057981219 0.75697438341628731  2.5636082971006187 0.79122705660208592  2.5608183314425945 0.82654923660653379  2.5537552985836127 0.92560608048610415  2.5498637047642769 0.99150519855724906  2.5466459625760778 1.0601554878211537  2.5441767715485999 1.1309988014362167  2.5425090573837816 1.2033908883027331  2.5416725242777694 1.2766315267555601  2.5416725242777694 1.3499999999999992 
 0 8 0.52318235599945673 6 0.7626234540364607 6 0.84974612433556962 6 1 8
7 0 0  3 47 45  2.7424443433051633 0.061957629958866889  2.7404051920240637 0.064407810644637992  2.7363284947594866 0.069497381534143976  2.7302199630263631 0.077725525126048967  2.724119573348899 0.086573322790532287  2.7180291999453599 0.096067662953404381  2.7119508861851105 0.10623610690260046  2.7058868737224184 0.11710698398049477  2.6998396040440014 0.12870936617630424  2.6938117280096234 0.14107307387266466  2.6878061151508716 0.15422867005023111  2.681825860274377 0.16820746176043347  2.6758743056043768 0.18304147610100663  2.6699550081624452 0.19876352272570461  2.6640719155408803 0.21540692730665933  2.6582287679268934 0.23300648602426116  2.6524205598569366 0.25162850898188521  2.6466547695994733 0.27130557516063314  2.6409369046235343 0.29207711911613371  2.6352735054872523 0.31398105373765545  2.6296713623014258 0.33705590297597271  2.6241377491837632 0.36134009600752909  2.6186803890001293 0.38687200005979111  2.6133074936073206 0.41368973153083594  2.6080277862549885 0.44183100964592198  2.6028505341133759 0.4713329560471628  2.5977855722164773 0.50223196248901592  2.5928433655147742 0.53456323455261945  2.5880349407979453 0.56836145755399126  2.5833723145883507 0.60365719203343349  2.5788670806890823 0.64048912310114414  2.5745365392224104 0.67885141073616884  2.5703986203749709 0.71872377918595753  2.5664700154430649 0.76008922911416155  2.5627675019965777 0.80292296212657788  2.5593078751347123 0.84719158685551788  2.5561068361270527 0.89286706279171946  2.5531798685145546 0.93992553505805343  2.5505480328478294 0.98823468857373675  2.548228787080538 1.0376732207376442  2.5462379494591159 1.0881057381902199  2.5445891077800584 1.1393905427052073  2.5432937396430058 1.1913786813654987  2.5423610523679017 1.2439152495623087  2.5417982449693119 1.2968406175066585  2.5416723319264176 1.3322734784741663  2.5416725242777694 1.3499999999999979 
 0.31544393303051266 4 0.33100202546163737 1 0.34656011789276209 1 0.3621182103238868 1 0.37767630275501152 1 0.39323439518613623 1 0.40879248761726095 1 0.42435058004838566 1 0.43990867247951038 1 0.45546676491063509 1 0.47102485734175981 1 0.48658294977288452 1 0.50214104220400924 1 0.51769913463513395 1 0.53325722706625867 1 0.54881531949738338 1 0.5643734119285081 1 0.5799315043596327 1 0.59548959679075741 1 0.61104768922188213 1 0.62660578165300684 1 0.64216387408413156 1 0.65772196651525627 1 0.67328005894638099 1 0.6888381513775057 1 0.70439624380863042 1 0.71995433623975513 1 0.73551242867087985 1 0.75107052110200456 1 0.76662861353312928 1 0.78218670596425399 1 0.79774479839537871 1 0.81330289082650342 1 0.82886098325762814 1 0.84441907568875285 1 0.85997716811987757 1 0.87553526055100228 1 0.891093352982127 1 0.90665144541325171 1 0.92220953784437643 1 0.93776763027550114 1 0.95332572270662586 1 0.96888381513775057 1 0.98444190756887529 1 1 4
1 0 0 1 0 
7 0 0  7 20 4  4.0969092717143027 0  4.0175720763900467 -0.079337195324256662  3.9382338891298332 -0.15867405707207638  3.8572712513923761 -0.2371975135482387  3.7730237211012536 -0.31408266079961322  3.6837629884919352 -0.38838822498638592  3.5872124901429254 -0.45882022687564905  3.4285380994944128 -0.55598804995962514  3.3733385351654239 -0.58696417112675836  3.3155906740569288 -0.61630457999824373  3.2550735686396632 -0.64375964773958572  3.1916279376271635 -0.6690460713614329  3.1252184299123029 -0.69186009659513847  2.9868130394243635 -0.73196103953625602  2.9148166734118957 -0.74924761598623568  2.8401957037635595 -0.76348203556105232  2.7633103939842676 -0.77438180284884039  2.684786990231363 -0.781726860118102  2.6054501402436636 -0.78539816339745083  2.5261129449194066 -0.78539816339745083 
 1.5707963267948966 8 2.3561944901923466 6 2.7488935718910721 6 3.1415926535897931 8
1 0 0 1 0 
7 0 0  7 20 4  4.0969092717143027 0  4.0175720763900467 -0.07933719532425669  3.9382338891298332 -0.15867405707209059  3.8572712513923761 -0.2371975135482387  3.7730237211012536 -0.3140826607995848  3.6837629884919352 -0.38838822498642855  3.587212490142925 -0.4588202268756485  3.4285380994944128 -0.5559880499596247  3.3733385351654848 -0.58696417112677857  3.3155906740568679 -0.61630457999824784  3.2550735686396024 -0.64375964773958372  3.1916279376272243 -0.66904607136144334  3.1252184299123047 -0.69186009659513936  2.9868130394243644 -0.73196103953625702  2.9148166734119565 -0.7492476159862359  2.840195703763531 -0.76348203556106042  2.7633103939842392 -0.7743818028488515  2.6847869902314239 -0.7817268601181071  2.6054501402436641 -0.78539816339745094  2.5261129449194075 -0.78539816339745094 
 1.5707963267948966 8 2.3561944901923435 6 2.7488935718910659 6 3.1415926535897931 8
1 3.1415926535897931 0 0 1 
1 0 0 1 0 
1 0 0 1 0 
7 0 0  7 20 4  4.0969092717143027 0  4.0175720763900467 0.07933719532425669  3.9382338891298332 0.15867405707209059  3.8572712513923761 0.2371975135482387  3.7730237211012536 0.3140826607995848  3.6837629884919352 0.38838822498642855  3.587212490142925 0.4588202268756485  3.4285380994944128 0.5559880499596247  3.3733385351654848 0.58696417112677857  3.3155906740568679 0.61630457999824784  3.2550735686396024 0.64375964773958372  3.1916279376272243 0.66904607136144334  3.1252184299123047 0.69186009659513936  2.9868130394243644 0.73196103953625702  2.9148166734119565 0.7492476159862359  2.840195703763531 0.76348203556106042  2.7633103939842392 0.7743818028488515  2.6847869902314239 0.7817268601181071  2.6054501402436641 0.78539816339745094  2.5261129449194075 0.78539816339745094 
 1.5707963267948966 8 2.3561944901923435 6 2.7488935718910659 6 3.1415926535897931 8
1 3.1415926535897931 0 0 1 
1 0 0 0 1 
1 0 5.0800000000000001 1 0 
7 0 0  7 20 4  4.0969092717143027 0  4.0175720763900458 -0.079337195324256399  3.9382338891293784 -0.15867405707206217  3.8572712513937404 -0.23719751354835239  3.7730237210998894 -0.31408266079947111  3.6837629884923899 -0.38838822498642855  3.5872124901429228 -0.45882022687564616  3.4285380994944101 -0.55598804995962181  3.3733385351655047 -0.5869641711267829  3.3155906740568151 -0.61630457999822652  3.255073568639562 -0.64375964773956851  3.1916279376272647 -0.669046071361457  3.1252184299123038 -0.69186009659513392  2.9868130394243635 -0.73196103953625147  2.9148166734118552 -0.74924761598622935  2.8401957037635026 -0.76348203556104921  2.7633103939842352 -0.77438180284883429  2.684786990231363 -0.78172686011809034  2.6054501402436641 -0.78539816339744573  2.5261129449194075 -0.78539816339744573 
 1.5707963267948966 8 2.3561944901923493 6 2.7488935718910734 6 3.1415926535897931 8
1 0 0 1 0 
7 0 0  7 20 4  4.0969092717143027 0  4.0175720763900458 0.079337195324256399  3.9382338891293784 0.15867405707206217  3.8572712513937404 0.23719751354835239  3.7730237210998894 0.31408266079947111  3.6837629884923899 0.38838822498642855  3.5872124901429228 0.45882022687564616  3.4285380994944101 0.55598804995962181  3.3733385351655047 0.5869641711267829  3.3155906740568151 0.61630457999822652  3.255073568639562 0.64375964773956851  3.1916279376272647 0.669046071361457  3.1252184299123038 0.69186009659513392  2.9868130394243635 0.73196103953625147  2.9148166734118552 0.74924761598622935  2.8401957037635026 0.76348203556104921  2.7633103939842352 0.77438180284883429  2.684786990231363 0.78172686011809034  2.6054501402436641 0.78539816339744573  2.5261129449194075 0.78539816339744573 
 1.5707963267948966 8 2.3561944901923493 6 2.7488935718910734 6 3.1415926535897931 8
1 1.5707963267948966 0 0 1 
1 0 0 0 1 
8 -0.30000000000000071 0
1 0 2.6499999999999986 -1 0 
8 -0.30000000000000071 0
1 0 -9.4550000000000001 -1 0 
1 0 11.130000000000001 1 0 
7 0 0  7 20 4  4.0969092717143027 0  4.0175720763900467 0.079337195324256662  3.9382338891298332 0.15867405707207638  3.8572712513923761 0.2371975135482387  3.7730237211012536 0.31408266079961322  3.6837629884919352 0.38838822498638592  3.5872124901429254 0.45882022687564905  3.4285380994944128 0.55598804995962514  3.3733385351654239 0.58696417112675836  3.3155906740569288 0.61630457999824373  3.2550735686396632 0.64375964773958572  3.1916279376271635 0.6690460713614329  3.1252184299123029 0.69186009659513847  2.9868130394243635 0.73196103953625602  2.9148166734118957 0.74924761598623568  2.8401957037635595 0.76348203556105232  2.7633103939842676 0.77438180284884039  2.684786990231363 0.781726860118102  2.6054501402436636 0.78539816339745083  2.5261129449194066 0.78539816339745083 
 1.5707963267948966 8 2.3561944901923466 6 2.7488935718910721 6 3.1415926535897931 8
7 0 0  7 26 5  1.5707963267948966 8.2393410403312508  1.6292443121972255 8.5190425839632304  1.6944275453553446 8.7941351721530818  1.7669866422809639 9.066991401279644  1.847853712688021 9.3378189167598222  1.9380674285931052 9.6047618978280251  2.038822082809912 9.8643082689351367  2.2037841555968019 10.222205676454919  2.2583777507459404 10.332071822794832  2.3159430965854435 10.438663315828496  2.3766659741140841 10.541032887859464  2.4407533682409812 10.638050942385757  2.5084454774460996 10.728338675500794  2.60608068070876 10.839905510255122  2.6326276733886678 10.868527759444595  2.6596623436249165 10.895897628222256  2.6871732422226731 10.921907791183994  2.7151492824842576 10.946453465204192  2.7435799507256604 10.969432126932928  2.8222550201684165 11.027496877346953  2.8734755794612319 11.059362972166756  2.9258482667001866 11.085620346849492  2.9791075191067242 11.105719644725506  3.0329932466448049 11.119277958187897  3.0872456363716969 11.126079031986508  3.1415926535897931 11.126079031986508 
 0 8 0.52318235599988516 6 0.76262345403684462 6 0.8497461243357981 6 1 8
7 0 0  7 26 5  3.416550850739239 -6.6613381477509392e-16  3.4460552329788996 -8.737827720122804e-16  3.4753599675009883 0.0053809250774940337  3.5047500961704068 0.018371673826688001  3.5342967926978233 0.041908769472173341  3.5638528554773945 0.079964437640009711  3.5930742680308141 0.1377814570218695  3.6340291613069886 0.2600481788086409  3.6467016962327738 0.30404287276253444  3.6590980088664748 0.3542919604217149  3.6711035186685157 0.41146941020425526  3.6825757014899287 0.47626279672720789  3.6933344061293876 0.54931434215210229  3.7067160157951875 0.66087960464668782  3.7101583944756831 0.69178320500203527  3.7134587873424008 0.72381943200383092  3.7166030013814644 0.75697438341628964  3.719577010078968 0.79122705660208592  3.7223669757369913 0.8265492366065329  3.7294300085959753 0.92560608048612403  3.7333216024153075 0.9915051985572374  3.7365393446035093 1.0601554878211463  3.7390085356309877 1.1309988014362158  3.7406762497958046 1.203390888302728  3.7415127829018173 1.2766315267555686  3.7415127829018173 1.3499999999999992 
 0 8 0.52318235599988516 6 0.76262345403684462 6 0.8497461243357981 6 1 8
7 0 0  3 47 45  -2.7424443433051113 0.061957629958936167  -2.7404051920240136 0.064407810644705243  -2.7363284947594395 0.069497381534210076  -2.7302199630263209 0.077725525126116399  -2.7241195733488621 0.086573322790585619  -2.7180291999453301 0.096067662953453911  -2.7119508861850856 0.10623610690264208  -2.705886873722406 0.11710698398051854  -2.6998396040439969 0.12870936617630632  -2.6938117280096292 0.14107307387264859  -2.6878061151508934 0.15422867005017588  -2.6818258602744072 0.16820746176035628  -2.6758743056044216 0.18304147610088586  -2.6699550081624981 0.19876352272556652  -2.664071915540938 0.21540692730649069  -2.6582287679269476 0.23300648602409363  -2.6524205598569952 0.25162850898169525  -2.6466547695995342 0.27130557516042031  -2.6409369046235991 0.29207711911589151  -2.6352735054873202 0.31398105373739199  -2.6296713623014942 0.33705590297568094  -2.6241377491838302 0.36134009600722294  -2.618680389000196 0.38687200005946343  -2.6133074936073903 0.41368973153048683  -2.6080277862550552 0.44183100964554728  -2.6028505341134465 0.47133295604676129  -2.5977855722165488 0.50223196248856661  -2.5928433655148462 0.5345632345521325  -2.5880349407980199 0.56836145755345213  -2.5833723145884235 0.60365719203285206  -2.5788670806891516 0.64048912310056216  -2.5745365392224713 0.67885141073560928  -2.5703986203750233 0.7187237791854304  -2.5664700154431097 0.7600892291136655  -2.5627675019966181 0.80292296212610981  -2.5593078751347438 0.8471915868550951  -2.5561068361270793 0.89286706279133654  -2.5531798685145763 0.93992553505770149  -2.5505480328478449 0.98823468857341856  -2.5482287870805509 1.0376732207373605  -2.5462379494591243 1.0881057381899788  -2.5445891077800642 1.1393905427050124  -2.5432937396430084 1.1913786813653511  -2.5423610523679061 1.2439152495622048  -2.5417982449693111 1.2968406175066101  -2.5416723319264176 1.3322734784741515  -2.5416725242777698 1.3499999999999979 
 0.31544393303091633 4 0.33100202546203189 1 0.34656011789314739 1 0.36211821032426295 1 0.3776763027553785 1 0.39323439518649406 1 0.40879248761760956 1 0.42435058004872511 1 0.43990867247984067 1 0.45546676491095617 1 0.47102485734207172 1 0.48658294977318728 1 0.50214104220430278 1 0.51769913463541828 1 0.53325722706653389 1 0.54881531949764939 1 0.56437341192876489 1 0.5799315043598805 1 0.595489596790996 1 0.6110476892221115 1 0.62660578165322711 1 0.64216387408434261 1 0.65772196651545811 1 0.67328005894657372 1 0.68883815137768922 1 0.70439624380880472 1 0.71995433623992033 1 0.73551242867103594 1 0.75107052110215133 1 0.76662861353326694 1 0.78218670596438256 1 0.79774479839549794 1 0.81330289082661356 1 0.82886098325772906 1 0.84441907568884467 1 0.85997716811996017 1 0.87553526055107567 1 0.89109335298219128 1 0.90665144541330678 1 0.92220953784442228 1 0.93776763027553789 1 0.95332572270665339 1 0.96888381513776889 1 0.9844419075688845 1 1 4
1 0 0 0 1 
1 1.5707963267948966 0 0 1 
1 0 3.1800000000000002 1 0 
1 3.1415926535897931 0 0 1 
1 0 2.8800000000000026 1 0 
1 3.1415926535897931 0 0 1 
1 0.30000000000000071 0 0 1 
1 1.5707963267948966 0 0 1 
1 0 2.8800000000000026 1 0 
1 2.5261129449194044 2.3561944901923435 0 -1 
1 0 3.1800000000000002 1 0 
1 3.1415926535897931 0 0 1 
1 0 1.6500000000000021 1 0 
2 3.5527136788005009e-15 -6.0350000000000001 -1 -1.1102230246251565e-16 1.1102230246251565e-16 -1 1.3500000000000001
8 1.4275 4.6074999999999999
1 1.6500000000000021 -1.4275 0 1 
8 1.4275 4.6074999999999999
1 1.350000000000005 -1.4275000000000002 0 -1 
1 2.8800000000000026 0 0 1 
1 3.1415926535897931 0 0 1 
1 0 0 1 0 
1 3.1415926535897931 0 0 1 
1 0.30000000000000071 0 0 1 
1 1.5707963267948966 0 0 1 
1 0 2.8800000000000026 1 0 
1 2.5261129449194044 -2.3561944901923435 -0 1 
1 6.2831853071795862 1.6500000000000021 -1 0 
2 3.5527136788005009e-15 -2.8550000000000004 -1 1.1102230246251565e-16 -1.1102230246251565e-16 -1 1.3500000000000001
1 0 3.1800000000000002 1 0 
7 0 0  7 20 4  4.0969092717142992 -2.6316397620744481e-15  4.0175720763900431 -0.079337195324259244  3.938233889130629 -0.15867405707201954  3.8572712513882834 -0.23719751354840923  3.7730237211044368 -0.31408266079947111  3.6837629884912531 -0.38838822498647119  3.5872124901429188 -0.45882022687565011  3.4285380994944061 -0.55598804995962603  3.3733385351654426 -0.58696417112678911  3.3155906740569088 -0.61630457999822952  3.2550735686396552 -0.64375964773956851  3.191627937627203 -0.66904607136145799  3.1252184299122985 -0.69186009659513747  2.9868130394243582 -0.73196103953625469  2.9148166734118535 -0.74924761598623524  2.840195703763535 -0.76348203556105232  2.7633103939842556 -0.77438180284883729  2.6847869902313417 -0.78172686011809689  2.6054501402436605 -0.78539816339745039  2.526112944919404 -0.78539816339745039 
 1.5707963267948966 8 2.3561944901923479 6 2.7488935718910708 6 3.1415926535897931 8
1 0 0.30000000000000071 1 0 
7 0 0  7 20 4  4.0969092717142992 0  4.0175720763900422 0.079337195324256454  3.9382338891300606 0.1586740570721048  3.8572712513905572 0.2371975135482387  3.7730237211030726 0.31408266079961322  3.6837629884917078 0.38838822498640013  3.5872124901429197 0.45882022687564922  3.4285380994944066 0.55598804995962492  3.373338535165463 0.58696417112677346  3.3155906740569208 0.61630457999824473  3.2550735686396672 0.64375964773958672  3.1916279376272234 0.66904607136144756  3.1252184299123007 0.69186009659513648  2.9868130394243599 0.73196103953625402  2.9148166734119152 0.74924761598624523  2.840195703763539 0.76348203556105021  2.7633103939842596 0.77438180284883529  2.6847869902314017 0.78172686011810655  2.6054501402436583 0.78539816339744928  2.5261129449194013 0.78539816339744928 
 1.5707963267948966 8 2.3561944901923439 6 2.7488935718910672 6 3.1415926535897931 8
1 0.30000000000000071 0 0 -1 
1 1.5707963267948966 0 0 1 
1 0 0 1 0 
7 0 0  7 20 4  4.0969092717142992 2.6316397620744481e-15  4.0175720763900431 0.079337195324259244  3.938233889130629 0.15867405707201954  3.8572712513882834 0.23719751354840923  3.7730237211044368 0.31408266079947111  3.6837629884912531 0.38838822498647119  3.5872124901429188 0.45882022687565011  3.4285380994944061 0.55598804995962603  3.3733385351654426 0.58696417112678911  3.3155906740569088 0.61630457999822952  3.2550735686396552 0.64375964773956851  3.191627937627203 0.66904607136145799  3.1252184299122985 0.69186009659513747  2.9868130394243582 0.73196103953625469  2.9148166734118535 0.74924761598623524  2.840195703763535 0.76348203556105232  2.7633103939842556 0.77438180284883729  2.6847869902313417 0.78172686011809689  2.6054501402436605 0.78539816339745039  2.526112944919404 0.78539816339745039 
 1.5707963267948966 8 2.3561944901923479 6 2.7488935718910708 6 3.1415926535897931 8
1 0 0 0 1 
1 1.5707963267948966 0 0 1 
1 0 2.8800000000000026 1 0 
1 3.1415926535897931 0 0 1 
1 0 0.30000000000000071 1 0 
7 0 0  7 20 4  4.0969092717142992 0  4.0175720763900422 -0.079337195324256454  3.9382338891300606 -0.1586740570721048  3.8572712513905572 -0.2371975135482387  3.7730237211030726 -0.31408266079961322  3.6837629884917078 -0.38838822498640013  3.5872124901429197 -0.45882022687564922  3.4285380994944066 -0.55598804995962492  3.373338535165463 -0.58696417112677346  3.3155906740569208 -0.61630457999824473  3.2550735686396672 -0.64375964773958672  3.1916279376272234 -0.66904607136144756  3.1252184299123007 -0.69186009659513648  2.9868130394243599 -0.73196103953625402  2.9148166734119152 -0.74924761598624523  2.840195703763539 -0.76348203556105021  2.7633103939842596 -0.77438180284883529  2.6847869902314017 -0.78172686011810655  2.6054501402436583 -0.78539816339744928  2.5261129449194013 -0.78539816339744928 
 1.5707963267948966 8 2.3561944901923439 6 2.7488935718910672 6 3.1415926535897931 8
1 0 2.8800000000000026 1 0 
1 2.526112944919408 2.3561944901923471 0 -1 
1 0 0 1 0 
1 3.1415926535897931 0 0 1 
1 0 11.130000000000001 1 0 
1 3.1415926535897931 0 0 1 
2 12.115 10.010000000000002 -1.2246467991473532e-16 1 -1 -1.2246467991473532e-16 1.3266499161421608
7 0 0  6 12 3  3.1592972587266974 0.47314838542100773  3.2587492733891983 0.43149233733735243  3.3520764271310668 0.38306256559459939  3.4392383592158353 0.32912812583037976  3.5211767830855933 0.27090714458364928  3.5989179799180686 0.20931292763052389  3.748170025148839 0.080946013665798372  3.8196805565820284 0.014172596710356977  3.8891586997024774 -0.054412487874248683  3.9577255855882072 -0.12418384361430057  4.026510408099897 -0.19458262244505528  4.096909271714301 -0.26498148605945954 
 0.56566611453329485 7 1.1630202807281607 5 1.7603744469230245 7
8 -5.999999999062311e-07 13.965000000000002
1 12.665000000000001 10.575548872129689 -1 -1.2246467991473532e-16 
8 -5.999999999062311e-07 13.965000000000002
1 8.8724566381336398 0 0 1 
8 0.049999999999999822 12.230000599999997
1 -1.3500000000000001 11.126079031986515 1 0 
8 0.049999999999999822 12.230000599999997
1 3.7415127829018173 2.0714265606735056e-16 0 1 
1 -2.5416725242777689 0 -4.081702296416017e-17 1 
7 0 0  7 8 2  1.5707963267948966 2.6499999999999981  1.7951958020513104 2.6499999999999981  2.0195952773073031 2.7293107080228083  2.2439947525647312 2.8879206187575619  2.468394227820454 3.1160917852039347  2.6927937030774274 3.3941226469199819  2.9171931783333793 3.6970607084038392  3.1415926535897931 3.9999999999999978 
 3.1415926535897931 8 4.7123889803846897 8
7 0 0  7 8 2  1.5707963267948966 1.675000000000002  1.7951958020513104 1.675000000000002  2.0195952773071895 1.754310708023354  2.2439947525658681 1.9129206187569707  2.4683942278188624 2.1410917852049351  2.6927937030774274 2.4191226469196181  2.9171931783333789 2.7220607084038431  3.1415926535897927 3.0250000000000017 
 3.1415926535897931 8 4.7123889803846897 8
1 0 0 1 0 
1 3.1415926535897931 0 0 1 
1 0 0 1 0 
1 2.5261129449194062 -2.3561944901923466 -0 1 
1 0 0 1 0 
1 1.5707963267948966 0 0 1 
1 1.5707963267948966 0 0 1 
1 0 0 0 -1 
1 0 0.30000000000000071 1 0 
7 0 0  7 20 4  4.0969092717143027 0  4.0175720763900458 0.079337195324256413  3.9382338891298332 0.15867405707204796  3.8572712513905572 0.23719751354846608  3.7730237211012536 0.31408266079949954  3.6837629884919352 0.38838822498642855  3.5872124901429236 0.45882022687564789  3.4285380994944106 0.55598804995962359  3.3733385351653422 0.58696417112676313  3.3155906740569776 0.61630457999824684  3.2550735686397121 0.64375964773958871  3.1916279376270822 0.66904607136143723  3.1252184299123038 0.6918600965951357  2.9868130394243635 0.73196103953625324  2.9148166734119161 0.7492476159862298  2.840195703763539 0.76348203556104921  2.7633103939842596 0.77438180284884039  2.6847869902314025 0.781726860118101  2.6054501402436601 0.78539816339744684  2.526112944919404 0.78539816339744672 
 1.5707963267948966 8 2.3561944901923506 6 2.7488935718910739 6 3.1415926535897931 8
1 0 0 1 0 
1 2.5261129449194062 2.3561944901923431 0 -1 
1 0 0 1 0 
1 2.5261129449194062 2.3561944901923466 0 -1 
7 0 0  7 8 2  3.1415926535897922 3.9999999999999978  2.9171931783333784 3.6970607084038392  2.6927937030766316 3.3941226469191861  2.4683942278211362 3.1160917852075727  2.2439947525635944 2.8879206187557429  2.0195952773077579 2.7293107080236041  1.7951958020513104 2.6499999999999972  1.5707963267948966 2.6499999999999972 
 1.5707963267948966 8 3.1415926535897931 8
7 0 0  7 8 2  3.1415926535897927 8.1050000000000004  2.9171931783333789 8.4079392915961595  2.6927937030766316 8.7108773530790131  2.4683942278211362 8.9889082147974477  2.2439947525635944 9.2170793812401826  2.0195952773077579 9.3756892919782331  1.7951958020513104 9.4550000000000001  1.5707963267948966 9.4550000000000001 
 1.5707963267948966 8 3.1415926535897931 8
1 0 5.0800000000000001 1 0 
1 3.1415926535897931 0 0 1 
1 0 -11.130000000000001 1 0 
1 1.5707963267948966 0 0 1 
7 0 0  7 20 4  4.0969092717143027 0  4.0175720763900458 -0.079337195324256413  3.9382338891298332 -0.15867405707204796  3.8572712513905572 -0.23719751354846608  3.7730237211012536 -0.31408266079949954  3.6837629884919352 -0.38838822498642855  3.5872124901429236 -0.45882022687564789  3.4285380994944106 -0.55598804995962359  3.3733385351653422 -0.58696417112676313  3.3155906740569776 -0.61630457999824684  3.2550735686397121 -0.64375964773958871  3.1916279376270822 -0.66904607136143723  3.1252184299123038 -0.6918600965951357  2.9868130394243635 -0.73196103953625324  2.9148166734119161 -0.7492476159862298  2.840195703763539 -0.76348203556104921  2.7633103939842596 -0.77438180284884039  2.6847869902314025 -0.781726860118101  2.6054501402436601 -0.78539816339744684  2.526112944919404 -0.78539816339744672 
 1.5707963267948966 8 2.3561944901923506 6 2.7488935718910739 6 3.1415926535897931 8
1 0 0.30000000000000071 1 0 
1 2.5261129449194062 -2.3561944901923431 -0 1 
1 0 0 1 0 
1 0 -3.1800000000000002 1 0 
1 1.5707963267948966 0 0 1 
1 0 0 1 0 
1 1.5707963267948966 0 0 1 
1 0 0 1 0 
7 0 0  7 20 4  4.0969092717143019 0  4.0175720763900458 0.079337195324256718  3.9382338891296058 0.15867405707204796  3.8572712513910119 0.23719751354843766  3.7730237211003441 0.31408266079947111  3.6837629884921625 0.38838822498644276  3.5872124901429254 0.45882022687564905  3.4285380994944128 0.55598804995962514  3.3733385351655052 0.58696417112677357  3.3155906740568475 0.61630457999824473  3.255073568639582 0.64375964773958372  3.1916279376272447 0.66904607136144345  3.1252184299123038 0.69186009659513947  2.9868130394243635 0.73196103953625702  2.9148166734118752 0.74924761598624101  2.8401957037635799 0.76348203556104721  2.763310393984288 0.77438180284883529  2.6847869902313439 0.78172686011810733  2.6054501402436658 0.78539816339745172  2.5261129449194093 0.78539816339745172 
 1.5707963267948966 8 2.3561944901923466 6 2.7488935718910721 6 3.1415926535897931 8
1 0 0 1 0 
7 0 0  7 20 4  4.0969092717143019 0  4.0175720763900458 -0.079337195324256649  3.9382338891300606 -0.1586740570721048  3.8572712513891929 -0.23719751354818186  3.7730237211021631 -0.31408266079969849  3.6837629884917078 -0.38838822498637171  3.5872124901429268 -0.45882022687564883  3.4285380994944137 -0.55598804995962514  3.3733385351654652 -0.58696417112675836  3.3155906740568559 -0.61630457999823562  3.2550735686396024 -0.64375964773958061  3.1916279376272243 -0.66904607136143746  3.1252184299123038 -0.69186009659513659  2.9868130394243635 -0.73196103953625424  2.9148166734119161 -0.74924761598624534  2.8401957037635719 -0.76348203556105843  2.76331039398428 -0.77438180284883729  2.6847869902313835 -0.78172686011809689  2.6054501402436641 -0.7853981633974515  2.5261129449194075 -0.78539816339745161 
 1.5707963267948966 8 2.3561944901923475 6 2.748893571891073 6 3.1415926535897931 8
1 2.5261129449194044 -2.3561944901923462 -0 1 
1 0 0 1 0 
7 0 0  7 8 2  2.9901661391160568 12.115000000000002  2.9901661391160568 12.009416878931479  2.9973093094115755 11.904143069174797  3.0115244793512015 11.799551169657537  3.0329113290764687 11.696267491994497  3.0615975932143424 11.595156560198824  3.0977114659903169 11.497254111850394  3.1415926535897931 11.403944446614645 
 0 8 1 8
7 0 0  7 8 2  2.5261129449194049 -0.58748027985465157  2.6200766225058274 -0.58748027985465157  2.7137655996416328 -0.58239736704641532  2.8068640494461166 -0.57227849051930102  2.8988415449640721 -0.55686043008682828  2.9889008576842437 -0.53563602025027801  3.0760746074295482 -0.50800667135768873  3.1592972587267614 -0.47314838542098814 
 0 8 1 8
7 0 0  6 42 9  3.7719921215754471 1.176293568868509  3.7707151173405244 1.1968245618866316  3.7693763457246998 1.2172729090386791  3.7679750793161042 1.237613605790141  3.7665107509963414 1.257820902991976  3.764982953940486 1.2778683068806143  3.7573571794989142 1.3730293395027491  3.7504098653360067 1.4456056446745751  3.7425304363611271 1.5140700772340465  3.7337355750970076 1.5768310145915734  3.7240826738367665 1.632245787001549  3.7107437303778252 1.691939278421992  3.7077438005626147 1.7043874062121136  3.7046876585630795 1.7160869272347525  3.7015786931836789 1.7270036360709051  3.6984208047059206 1.7371052169963723  3.6891572147822131 1.7638801492972027  3.6829356289367614 1.7783733164243973  3.6765854110464082 1.7896323042480422  3.6701429361576605 1.7974973317909164  3.6636488532828557 1.8018746882365229  3.6523161618018301 1.8034077489310627  3.6474800125520499 1.8021295039356364  3.6426572899502259 1.7989147969625192  3.6378651750698485 1.7937844067741155  3.6331199078583869 1.7867813828760493  3.6263355006206308 1.7740137458806287  3.6242467763247812 1.7696950283556214  3.6221718096703497 1.7650173567430654  3.6201118500675347 1.7599868733816237  3.6180680684023128 1.7546102801255807  3.6127517398833753 1.7396164505083742  3.6095074225237371 1.7294449577115856  3.6063132815619041 1.7184111672247691  3.6031733567054247 1.7065486542154205  3.6000911073047548 1.6938926031178354  3.591034106570747 1.6536858756039781  3.5852408702677896 1.6238706249397656  3.5797123168948364 1.5913153625167078  3.5744630346003743 1.5563055292534853  3.5695015150858969 1.5191106348389181  3.5648320259211315 1.4799653510900583 
 0 7 0.074785233862422335 5 0.358335475391375 5 0.43853048460415395 5 0.59031577816345537 5 0.70312178594352859 5 0.75373250095369815 5 0.83589340129344769 5 1 7
7 0 0  6 42 9  3.2417304947415917 -0.78539816339734225  3.2592559672988024 -0.77277584764298035  3.2762601949059533 -0.75973713315376645  3.2927488004004171 -0.74629568943009372  3.3087305619858109 -0.73246506470795358  3.3242174132320019 -0.71825868595893549  3.3961240035481168 -0.64845175611548522  3.4460947293975819 -0.58802816729340535  3.4900081029209744 -0.5230800448208528  3.529002364783143 -0.45420428504850319  3.5639755385293288 -0.38184266953265661  3.6046349298679807 -0.28511432014707255  3.6133352824119309 -0.26354909955283518  3.621787718690737 -0.24175657757180793  3.6300068833701222 -0.21974999037524964  3.6380061480992758 -0.19754361522602734  3.6605445337045524 -0.13277356288966269  3.67454933460942 -0.089726888170835031  3.6878893957812555 -0.046131045501708101  3.7006329482558993 -0.0021030782076755608  3.7128354699774047 0.042230459898792906  3.7332319155972127 0.11978915832801114  3.7416517516115828 0.15294783796692621  3.7498122484257266 0.18614042521277327  3.7577283757509208 0.21931529250334778  3.7654124650868579 0.25242508554513488  3.7762205639405519 0.3002294450323118  3.7795230084682943 0.3150127245141045  3.782781461373796 0.32977032228291114  3.7859966979441517 0.34449875641460231  3.7891693999181815 0.35919485148672298  3.7973825910177084 0.39765606787628993  3.8023544975195236 0.42136369543962032  3.8072183668843258 0.44496628290747881  3.8119761105594763 0.46845405854262751  3.8166289284421677 0.49181942726474115  3.8302617633240099 0.56147002303161531  3.8389289446847914 0.6073694093408164  3.8471817067179139 0.65271533990339659  3.8550121382024627 0.69749418107636785  3.8623915213639219 0.74171361068019015  3.869260421402704 0.78539816339744795 
 0 7 0.074785233862422335 5 0.358335475391375 5 0.43853048460415395 5 0.59031577816345537 5 0.70312178594352859 5 0.75373250095369815 5 0.83589340129344769 5 1 7
1 1.5707963267948966 0 0 1 
1 0.30000000000000071 0 0 1 
1 2.526112944919408 -2.3561944901923422 -0 1 
1 0 13 1 0 
7 0 0  5 10 3  3.1415926535897931 12.246275912551546  3.098025584311805 12.333673157571692  3.0611690109453646 12.426012412858384  3.0311069563233466 12.522115878458242  3.0080684701720553 12.620910669453298  2.9834965075995519 12.776449270568598  2.9769490971443995 12.831996110616549  2.9725747449423383 12.887883000779876  2.9703871311770484 12.943939644101874  2.9703871311770484 12.999999999999996 
 0 6 0.6461827725909155 4 1 6
7 0 0  5 10 3  2.5492403111120083 1.3500000000000036  2.6272735655942818 1.3500000000000036  2.7045965890185784 1.346797790309362  2.781337106890398 1.342361231809464  2.857654725175895 1.3381519007780729  2.9754028423297525 1.3332143264692182  3.0169962419665337 1.3317722638482516  3.0585429404590663 1.3307664858918828  3.100066464035629 1.3302631318652749  3.1415926535897931 1.3302631318652749 
 0 6 0.6461827725909155 4 1 6
8 12.115000000000002 13
1 2.9901661391161145 2.4939373977168099e-17 0 1 
8 12.115000000000002 13
1 1.7687142103376943 -12.115000000000002 0 1 
1 0.30000000000000071 0 0 1 
1 1.5707963267948966 0 0 1 
1 2.526112944919408 2.3561944901923422 0 -1 
1 0 13 1 0 
7 0 0  5 10 3  3.1415926535897931 12.246275912551546  3.0980255843118059 12.33367315757169  3.0611690109453669 12.426012412858382  3.0311069563233568 12.522115878458205  3.0080684701720597 12.620910669453281  2.9834965075995559 12.77644927056857  2.9769490971444008 12.831996110616533  2.9725747449423379 12.887883000779869  2.9703871311770493 12.943939644101869  2.9703871311770493 12.999999999999995 
 0 6 0.64618277259088275 4 1 6
7 0 0  5 10 3  2.5492403111120092 1.3500000000000036  2.6272735655942809 1.3500000000000036  2.7045965890185801 1.3467977903093618  2.781337106890367 1.3423612318094658  2.8576547251758835 1.3381519007780736  2.9754028423297321 1.3332143264692189  3.0169962419665222 1.3317722638482519  3.0585429404590609 1.3307664858918831  3.1000664640356259 1.3302631318652751  3.1415926535897931 1.3302631318652751 
 0 6 0.64618277259088275 4 1 6
8 12.115 13.000000000000002
1 2.9901661391161141 -2.4939373977168207e-17 0 1 
8 12.115 13.000000000000002
1 1.7687142103376943 -12.115 0 1 
7 0 0  7 8 2  2.9901661391160328 12.114999999999998  2.9901661391160328 12.009416878925034  2.9973093094116745 11.904143069183922  3.0115244793509812 11.799551169649718  3.0329113290765379 11.696267491999192  3.0615975932143593 11.595156560197021  3.0977114659901703 11.497254111850815  3.1415926535897931 11.403944446614741 
 0 8 1 8
7 0 0  7 8 2  2.5261129449194053 0.58748027985465578  2.6200766225115597 0.58748027985465556  2.7137655996336392 0.58239736704668332  2.8068640494527193 0.57227849051879554  2.8988415449603133 0.55686043008735608  2.9889008576855876 0.53563602024996859  3.0760746074291987 0.50800667135782507  3.1592972587267001 0.47314838542100768 
 0 8 1 8
7 0 0  6 42 9  3.8692604214027013 -0.78539816339746882  3.8623874923470143 -0.74168798710141015  3.8550034816315808 -0.69744230513880234  3.847167926343193 -0.65263654005828664  3.8389095789997527 -0.60726301029395457  3.8302363422034706 -0.56133540025024631  3.8166128229621612 -0.4917395222149063  3.8119766288939183 -0.4684585537099078  3.8072362646164279 -0.44505607569865707  3.8023905435709771 -0.42153960152264952  3.7974375778789713 -0.39791878996658109  3.7892307331108488 -0.35947888243207321  3.7860442392410611 -0.34471636134318162  3.7828148303835873 -0.32992116945752037  3.7795418161496861 -0.31509652345077044  3.7762244108768024 -0.30024595213695204  3.7654198679473168 -0.25245895541277652  3.75775584903147 -0.21943463430506746  3.7498609952254545 -0.18634550003066611  3.7417230762253273 -0.1532385361814321  3.7333272515300018 -0.120164962981832  3.7129384280007023 -0.042604225643549876  3.7007163113925343 0.0018158178237858886  3.6879513812329177 0.045929758312699076  3.674587875125459 0.089610311531978029  3.6605571856553336 0.13273975678766436  3.6379967087823117 0.19756939458984521  3.630004474427837 0.21975556129640886  3.6217927297082162 0.2417422940691463  3.6133481389997808 0.26351535436459622  3.6046560982157474 0.28506154114364618  3.5640267876949787 0.38172928794737593  3.5290791420096776 0.45405286048217297  3.4901161425384992 0.52289517659683504  3.4462415004690774 0.58781525077639651  3.396319405963649 0.64821756719173163  3.3244363965078052 0.71805774600226291  3.3089113533034649 0.73230856878505257  3.292888698188436 0.74618162337148386  3.2763563804056264 0.759663370207733  3.2593055373845474 0.7727401459365888  3.2417304947413199 0.78539816339745172 
 0 7 0.16420286932723382 5 0.24606608391393819 5 0.29690727076056755 5 0.40942276233380764 5 0.56149715571612313 5 0.64161982575055609 5 0.92500321255817419 5 1 7
7 0 0  6 42 9  9.0015385884380414 1.4799653510900193  8.996866360341178 1.5191335958674455  8.9919017591191608 1.556349162758315  8.9866490597712083 1.5913769692438866  8.9811167714984315 1.623947007325335  8.9753195155950589 1.6537733117090347  8.9662688592811453 1.6939338561387658  8.9631976563847147 1.7065421972793258  8.9600692001043427 1.7183627044097154  8.9568869123547614 1.7293605769540752  8.9536547870689702 1.7395025985192329  8.9483420514347554 1.7545065165417835  8.9462892116620747 1.759912932602635  8.9442200328105006 1.7649701558608761  8.942135701231571 1.7696713886936439  8.9400374832555567 1.774010402826337  8.9332554538088385 1.7867699725660231  8.9285225045094165 1.7937572202369825  8.9237429253927516 1.7988815808604262  8.918932828620072 1.802100302185998  8.9141092598865512 1.8033926668552658  8.9027765141716149 1.8019121344871234  8.8962697103140087 1.7975498821300873  8.8898145074552382 1.7896861820188705  8.8834517984197756 1.7784150558747314  8.8772181753975534 1.7638971339449698  8.8679461538687221 1.7370929719793029  8.8647911572273657 1.7269998538281424  8.8616849970248666 1.7160930941489869  8.8586315629350683 1.7044049217294688  8.8556342349761294 1.6919694483811494  8.8423033193386669 1.6323242324523153  8.8326549907533778 1.5769532975593754  8.823863590334085 1.514242886157001  8.8159864606787739 1.4458328381979446  8.8090403135061592 1.3733119936298881  8.801409272063168 1.2781518097337519  8.7998764335607405 1.2580495185099996  8.7984074268222727 1.2377862022633488  8.797001842456428 1.2173885835772273  8.7956591089731635 1.1968826329646418  8.794378492783725 1.1762935688681786 
 0 7 0.16420286932723382 5 0.24606608391393819 5 0.29690727076056755 5 0.40942276233380764 5 0.56149715571612313 5 0.64161982575055609 5 0.92500321255817419 5 1 7
1 0 0 1 0 
1 2.5261129449194044 2.3561944901923462 0 -1 
1 0 0 1 0 
7 0 0  7 20 4  4.0969092717143019 0  4.0175720763900458 0.079337195324256649  3.9382338891300606 0.1586740570721048  3.8572712513891929 0.23719751354818186  3.7730237211021631 0.31408266079969849  3.6837629884917078 0.38838822498637171  3.5872124901429268 0.45882022687564883  3.4285380994944137 0.55598804995962514  3.3733385351654652 0.58696417112675836  3.3155906740568559 0.61630457999823562  3.2550735686396024 0.64375964773958061  3.1916279376272243 0.66904607136143746  3.1252184299123038 0.69186009659513659  2.9868130394243635 0.73196103953625424  2.9148166734119161 0.74924761598624534  2.8401957037635719 0.76348203556105843  2.76331039398428 0.77438180284883729  2.6847869902313835 0.78172686011809689  2.6054501402436641 0.7853981633974515  2.5261129449194075 0.78539816339745161 
 1.5707963267948966 8 2.3561944901923475 6 2.748893571891073 6 3.1415926535897931 8
1 3.1415926535897931 0 0 1 
1 0 0 0 1 
1 0 0 1 0 
7 0 0  7 20 4  4.0969092717143036 0  4.0175720763900467 0.079337195324256427  3.9382338891299469 0.15867405707211901  3.8572712513914666 0.23719751354826712  3.7730237211021631 0.31408266079972691  3.6837629884921625 0.38838822498641434  3.5872124901429254 0.45882022687564639  3.4285380994944128 0.55598804995962214  3.3733385351655052 0.58696417112677268  3.3155906740568803 0.61630457999822852  3.2550735686396144 0.6437596477395735  3.1916279376272456 0.66904607136145189  3.1252184299123056 0.69186009659513392  2.9868130394243653 0.73196103953625147  2.914816673411937 0.74924761598625467  2.840195703763519 0.763482035561032  2.7633103939842272 0.77438180284882008  2.6847869902314048 0.78172686011812131  2.6054501402436676 0.78539816339744706  2.5261129449194111 0.78539816339744728 
 1.5707963267948966 8 2.3561944901923439 6 2.7488935718910685 6 3.1415926535897931 8
1 3.1415926535897931 0 0 1 
1 0 0 1 0 
1 0 0 1 0 
7 0 0  7 20 4  4.0969092717143045 0  4.0175720763900484 -0.079337195324256649  3.9382338891308564 -0.15867405707213322  3.8572712513891929 -0.23719751354812502  3.7730237211035274 -0.31408266079964164  3.6837629884910257 -0.3883882249863575  3.5872124901429254 -0.45882022687565138  3.4285380994944128 -0.55598804995962747  3.3733385351654848 -0.58696417112674382  3.3155906740568679 -0.61630457999826704  3.2550735686396024 -0.64375964773960903  3.1916279376272243 -0.66904607136141803  3.1252184299123047 -0.69186009659513947  2.9868130394243644 -0.73196103953625702  2.9148166734119365 -0.74924761598624612  2.8401957037634866 -0.76348203556105021  2.7633103939841948 -0.77438180284884139  2.6847869902314039 -0.78172686011811698  2.6054501402436641 -0.78539816339744994  2.5261129449194075 -0.78539816339744994 
 1.5707963267948966 8 2.3561944901923413 6 2.7488935718910645 6 3.1415926535897931 8
1 0 11.130000000000001 1 0 
7 0 0  7 20 4  4.0969092717143036 0  4.0175720763900467 -0.079337195324256427  3.9382338891299469 -0.15867405707211901  3.8572712513914666 -0.23719751354826712  3.7730237211021631 -0.31408266079972691  3.6837629884921625 -0.38838822498641434  3.5872124901429254 -0.45882022687564639  3.4285380994944128 -0.55598804995962214  3.3733385351655052 -0.58696417112677268  3.3155906740568803 -0.61630457999822852  3.2550735686396144 -0.6437596477395735  3.1916279376272456 -0.66904607136145189  3.1252184299123056 -0.69186009659513392  2.9868130394243653 -0.73196103953625147  2.914816673411937 -0.74924761598625467  2.840195703763519 -0.763482035561032  2.7633103939842272 -0.77438180284882008  2.6847869902314048 -0.78172686011812131  2.6054501402436676 -0.78539816339744706  2.5261129449194111 -0.78539816339744728 
 1.5707963267948966 8 2.3561944901923439 6 2.7488935718910685 6 3.1415926535897931 8
1 0 0 1 0 
1 3.1415926535897931 0 0 1 
7 0 0  7 20 4  4.0969092717143045 0  4.0175720763900484 0.079337195324256649  3.9382338891308564 0.15867405707213322  3.8572712513891929 0.23719751354812502  3.7730237211035274 0.31408266079964164  3.6837629884910257 0.3883882249863575  3.5872124901429254 0.45882022687565138  3.4285380994944128 0.55598804995962747  3.3733385351654848 0.58696417112674382  3.3155906740568679 0.61630457999826704  3.2550735686396024 0.64375964773960903  3.1916279376272243 0.66904607136141803  3.1252184299123047 0.69186009659513947  2.9868130394243644 0.73196103953625702  2.9148166734119365 0.74924761598624612  2.8401957037634866 0.76348203556105021  2.7633103939841948 0.77438180284884139  2.6847869902314039 0.78172686011811698  2.6054501402436641 0.78539816339744994  2.5261129449194075 0.78539816339744994 
 1.5707963267948966 8 2.3561944901923413 6 2.7488935718910645 6 3.1415926535897931 8
1 0 0 1 0 
7 0 0  5 10 3  2.3515938299842247 0  2.4346901143331712 0.054559447547519867  2.5173579086206819 0.10470201901098525  2.5997626517832608 0.14927790526331519  2.6820993555610131 0.18723733913195123  2.8398294143842042 0.24555177140250919  2.9151876167314281 0.26716137846891008  2.9906049068133918 0.28183845595308982  3.0660765238372072 0.28918482638392806  3.1415926535897931 0.28918482638392806 
 0 6 0.52305933449552178 4 1 6
7 0 0  5 10 3  8.8244154824741532 1.508975799963503  8.8143028776825894 1.4300183500621204  8.8051956747122766 1.3431903379919525  8.7972304068916962 1.249644706088072  8.7905229501612201 1.1505247380677379  8.7802927038343146 0.95254224332211368  8.7765417511110648 0.85443670769992586  8.774009356989751 0.75383308714880082  8.7727415760044085 0.65194677516599564  8.7727415760044085 0.55000000000000449 
 0 6 0.52305933449552178 4 1 6
1 0 0 1 0 
1 3.1415926535897931 0 0 1 
7 0 0  5 10 3  3.7419551318850197 1.5089757999635058  3.7520677366765849 1.4300183500621144  3.7611749396468954 1.3431903379919632  3.7691402074674771 1.2496447060880675  3.7758476641979537 1.1505247380677366  3.7860779105248596 0.95254224332210002  3.7898288632481076 0.85443670769992697  3.7923612573694236 0.75383308714880026  3.7936290383547648 0.65194677516599686  3.7936290383547648 0.55000000000000449 
 0 6 0.52305933449550368 4 1 6
7 0 0  5 10 3  2.3515938299842216 0  2.4346901143331778 0.054559447547526445  2.517357908620669 0.10470201901097419  2.5997626517832675 0.14927790526332635  2.682099355561014 0.18723733913195331  2.8398294143842149 0.2455517714025145  2.9151876167314255 0.26716137846890853  2.9906049068133944 0.28183845595309831  3.0660765238372063 0.28918482638392895  3.1415926535897931 0.28918482638392895 
 0 6 0.52305933449550368 4 1 6
1 3.1415926535897931 0 0 1 
1 0 0 1 0 
1 1.5707963267948966 0 0 1 
1 0 0 0 1 
7 0 0  6 7 2  2.426674575845567 0.71499999999999275  2.545827588802938 0.83647034606162129  2.6649806017603623 0.97301823758186856  2.7841336147174616 1.1215404435666585  2.9032866276751008 1.2782870047175976  3.0224396406324221 1.4391434325075507  3.1415926535897931 1.6000000000000014 
 3.997470902640464 7 4.7123889803846897 7
7 0 0  6 7 2  2.2857144045391222 -1.4210854715202004e-14  2.1665613915817512 0.12147034606161429  2.0474083786244393 0.25801823758186515  1.9282553656668142 0.4065404435666764  1.8091023527097008 0.56328700471760129  1.6899493397522676 0.72414343250754376  1.5707963267948966 0.88499999999999446 
 3.997470902640464 7 4.7123889803846897 7
1 1.5707963267948966 0 0 1 
1 0 0 0 1 
1 3.1415926535897931 0 0 1 
1 0 13 1 0 
7 0 0  7 20 4  4.0969092717143027 -1.3158198810372219e-15  4.0175720763900458 -0.079337195324257676  3.9382338891300606 -0.15867405707209059  3.8572712513928309 -0.23719751354815344  3.7730237210998894 -0.31408266079961322  3.6837629884921625 -0.38838822498637171  3.5872124901429219 -0.45882022687564883  3.4285380994944075 -0.55598804995962425  3.3733385351654634 -0.58696417112677335  3.3155906740568883 -0.61630457999823662  3.2550735686396228 -0.64375964773957861  3.1916279376272039 -0.66904607136144711  3.1252184299123025 -0.69186009659513492  2.9868130394243622 -0.73196103953625236  2.9148166734119356 -0.74924761598622958  2.8401957037635515 -0.76348203556104111  2.7633103939842596 -0.77438180284882918  2.6847869902314039 -0.78172686011809567  2.6054501402436636 -0.78539816339744672  2.5261129449194075 -0.78539816339744672 
 1.5707963267948966 8 2.3561944901923377 6 2.7488935718910654 6 3.1415926535897931 8
1 0 0.30000000000000071 1 0 
7 0 0  5 6 2  2.5261129449194057 0.61419264098470561  2.5809684649054918 0.61419264098470561  2.6358241740517592 0.61198687672467944  2.6903595969899854 0.60757460388711682  2.7442589840219602 0.60101184455793843  2.7972890714413396 0.59239464346323811 
 1.5707963267948966 6 1.7982723537459366 6
2 3.5527136788005009e-15 0 0 -1 1 0 1.3302631318652713
7 0 0  5 26 7  2.7972890714413707 0.59239464346323634  2.8585189601408429 0.58244500374726049  2.9193534830667862 0.57291945471090222  2.9797547559740645 0.56374111480178835  3.0396909278689113 0.55474545600941727  3.1455641256153699 0.53867343072172935  3.191706785324893 0.53160583374823633  3.2375060620701852 0.52442448021106902  3.2829312289000718 0.51701422764883576  3.3671168944625949 0.50249929071120969  3.4059771816093214 0.49547969432116779  3.4444983505244435 0.48811441747559292  3.4826463005404511 0.48031992455402062  3.5557236626826141 0.46423200857134683  3.5907034684836292 0.45600178400669433  3.625285966694519 0.44725289439217508  3.659430418870548 0.43791854260328017  3.7352141811591157 0.41543888475774504  3.7765777791701569 0.40192611113739962  3.8170894358229903 0.38727126617347851  3.856636344742725 0.37136190286854276  3.9384985944558624 0.33466900024729074  3.9805233723801963 0.31352204251027738  4.0210225523513001 0.29056285940061555  4.0598451836252174 0.26573160401104751  4.0969092717143045 0.23906769633454097 
 0 6 0.2084306820789229 4 0.37143364923702815 4 0.51329716091789424 4 0.64617109328073408 4 0.81246551091604913 4 1 6
7 0 0  5 26 7  3.1415926535897931 1.2959938271458142  3.0911641685424125 1.2802348505084267  3.0413646537026833 1.2607241081041705  2.9924427691652622 1.2375809026163309  2.944597771761563 1.2109780947178355  2.8615830181241622 1.1577217686233574  2.8259221846167559 1.1323422985995935  2.7911159108324606 1.1050377491740915  2.7572408454376456 1.0758908298018932  2.6957687913087605 1.0180673888812484  2.6679277478032897 0.98982046201866347  2.6409004631040003 0.96028133820275507  2.6147397420372482 0.92949471007705586  2.5658662896859856 0.86753446192235961  2.5430404983908743 0.83650959586556906  2.5210735803875437 0.80445909420918604  2.5000195359720712 0.77141680163084858  2.4548074479215387 0.69486693812821465  2.4312012833660503 0.65081872484363057  2.4092380926554844 0.60534231984746278  2.3890585629453946 0.55852257471907785  2.3502285713218951 0.4562942964966894  2.3321022704050849 0.40055145384721802  2.3166419209971814 0.34342536849838173  2.3040673963704519 0.28514916781283367  2.2945324559368836 0.22604497599218476 
 0 6 0.2084306820789229 4 0.37143364923702815 4 0.51329716091789424 4 0.64617109328073408 4 0.81246551091604913 4 1 6
7 0 0  3 47 45  3.1415926535897931 -0.30400617285418718  3.1364632571600164 -0.30560910770150823  3.1262201034668449 -0.30890816320466646  3.1109055625518143 -0.31413454134350211  3.0956445156937216 -0.31963698331704504  3.0804401542515523 -0.32541364785369614  3.0652956028514953 -0.3314626277305931  3.0502139138811746 -0.33778194420990526  3.0351980753881995 -0.344369554828311  3.0202510148877795 -0.35122335760849499  3.0053756037590018 -0.35834119622917671  2.9905746609665886 -0.36572086493941236  2.9758509564496425 -0.37336011353683191  2.9612072140534496 -0.38125665234615752  2.9466461141458455 -0.38940815713231863  2.9321702954738078 -0.39781227427573351  2.9177823579004829 -0.40646662496287572  2.9034848599219574 -0.41536881305505069  2.8892803337472794 -0.42451641922815025  2.8751710578320617 -0.43390715758857828  2.8611594277939472 -0.44353865413331761  2.8472477803990892 -0.45340855630218935  2.8334384301806987 -0.46351451735288129  2.8197336642915038 -0.47385420479167906  2.8061357482109845 -0.48442530236182635  2.792646928211036 -0.49522551374672963  2.7792694342935009 -0.50625256585483258  2.7660054828010878 -0.51750421206478303  2.7528572781465797 -0.5289782360455616  2.7398270166542882 -0.54067245331830571  2.7269168810734974 -0.55258472127570757  2.7141290685190351 -0.56471291762895259  2.70146581741959 -0.57705492248594115  2.6889293055323238 -0.58960871646445145  2.6765217540831916 -0.60237228715437141  2.6642454047335233 -0.61534365334980201  2.6521025282629673 -0.62852085971464289  2.6400954245419213 -0.64190197938169269  2.6282264246505718 -0.65548511438401957  2.6164978921276778 -0.66926839682413553  2.604912224547169 -0.68324998925954228  2.593471853640454 -0.69742808748456031  2.5821792498914347 -0.71180091451140914  2.5710370109884368 -0.72636660982229917  2.5600476858264143 -0.74112345979186567  2.5528251881469721 -0.75108762364679083  2.549240307707235 -0.75610098055543773 
 0 4 0.01272045474805389 1 0.025440909496107781 1 0.038161364244161673 1 0.050881818992215562 1 0.063602273740269458 1 0.076322728488323346 1 0.089043183236377235 1 0.10176363798443112 1 0.11448409273248501 1 0.12720454748053892 1 0.1399250022285928 1 0.15264545697664669 1 0.16536591172470058 1 0.17808636647275447 1 0.19080682122080836 1 0.20352727596886225 1 0.21624773071691614 1 0.22896818546497003 1 0.24168864021302391 1 0.25440909496107783 1 0.26712954970913172 1 0.27985000445718561 1 0.2925704592052395 1 0.30529091395329339 1 0.31801136870134727 1 0.33073182344940116 1 0.34345227819745505 1 0.35617273294550894 1 0.36889318769356283 1 0.38161364244161672 1 0.39433409718967061 1 0.4070545519377245 1 0.41977500668577838 1 0.43249546143383227 1 0.44521591618188616 1 0.45793637092994005 1 0.47065682567799394 1 0.48337728042604783 1 0.49609773517410172 1 0.50881818992215566 1 0.52153864467020949 1 0.53425909941826344 1 0.54697955416631727 1 0.55970000891437122 4
1 0 0 1 0 
7 0 0  7 20 4  4.0969092717143045 -2.6316397620744406e-15  4.0175720763900484 0.079337195324254081  3.9382338891305153 0.15867405707203375  3.8572712513910119 0.23719751354838081  3.7730237211044368 0.31408266079944269  3.6837629884912531 0.3883882249864854  3.5872124901429263 0.45882022687564905  3.4285380994944137 0.55598804995962536  3.3733385351654852 0.58696417112674837  3.3155906740568679 0.61630457999824573  3.2550735686396024 0.64375964773959082  3.1916279376272252 0.66904607136142757  3.1252184299123065 0.69186009659513747  2.986813039424367 0.73196103953625513  2.9148166734118766 0.74924761598624556  2.8401957037635799 0.76348203556105021  2.7633103939843005 0.77438180284883529  2.684786990231363 0.78172686011810677  2.6054501402436645 0.78539816339745017  2.526112944919408 0.78539816339745017 
 1.5707963267948966 8 2.3561944901923497 6 2.7488935718910739 6 3.1415926535897931 8
1 0 0 1 0 
1 3.1415926535897931 0 0 1 
1 0 0 0 1 
1 1.5707963267948966 0 0 1 
1 0 13 1 0 
1 3.1415926535897931 0 0 1 
1 0 11.130000000000001 1 0 
7 0 0  7 20 4  4.0969092717143045 2.6316397620744406e-15  4.0175720763900484 -0.079337195324254081  3.9382338891305153 -0.15867405707203375  3.8572712513910119 -0.23719751354838081  3.7730237211044368 -0.31408266079944269  3.6837629884912531 -0.3883882249864854  3.5872124901429263 -0.45882022687564905  3.4285380994944137 -0.55598804995962536  3.3733385351654852 -0.58696417112674837  3.3155906740568679 -0.61630457999824573  3.2550735686396024 -0.64375964773959082  3.1916279376272252 -0.66904607136142757  3.1252184299123065 -0.69186009659513747  2.986813039424367 -0.73196103953625513  2.9148166734118766 -0.74924761598624556  2.8401957037635799 -0.76348203556105021  2.7633103939843005 -0.77438180284883529  2.684786990231363 -0.78172686011810677  2.6054501402436645 -0.78539816339745017  2.526112944919408 -0.78539816339745017 
 1.5707963267948966 8 2.3561944901923497 6 2.7488935718910739 6 3.1415926535897931 8
7 0 0  5 26 7  2.7972890714413707 -0.59239464346323734  2.8585189601408638 -0.58244500374725805  2.9193534830667427 -0.57291945471090722  2.9797547559741147 -0.56374111480178202  3.0396909278688891 -0.55474545600942116  3.1455641256153859 -0.53867343072172746  3.1917067853248766 -0.53160583374823644  3.2375060620701976 -0.52442448021107024  3.2829312289000709 -0.51701422764883598  3.3671168944625549 -0.50249929071121657  3.4059771816094053 -0.49547969432115363  3.4444983505243711 -0.48811441747560869  3.48264630054048 -0.4803199245540144  3.5557236626826154 -0.46423200857134644  3.5907034684836274 -0.45600178400669639  3.6252859666945185 -0.4472528943921773  3.6594304188705515 -0.43791854260328045  3.7352141811591277 -0.41543888475774271  3.776577779170132 -0.40192611113740595  3.8170894358230099 -0.3872712661734764  3.856636344742717 -0.37136190286854631  3.9384985944558535 -0.33466900024729485  3.9805233723802234 -0.31352204251031734  4.021022552351214 -0.29056285940056847  4.0598451836252316 -0.26573160401108381  4.0969092717143045 -0.23906769633458946 
 0 6 0.20843068207900872 4 0.37143364923716127 4 0.51329716091790922 4 0.64617109328072986 4 0.81246551091608299 4 1 6
7 0 0  5 26 7  3.1415926535897931 1.2959938271458142  3.0911641685423952 1.2802348505084213  3.0413646537027224 1.2607241081041947  2.99244276916522 1.2375809026163005  2.9445977717615799 1.2109780947178481  2.8615830181241497 1.1577217686233507  2.8259221846167781 1.1323422985995972  2.7911159108324419 1.1050377491740904  2.7572408454376474 1.0758908298018945  2.6957687913087902 1.0180673888812768  2.6679277478032324 0.98982046201860219  2.6409004631040456 0.96028133820281525  2.6147397420372296 0.92949471007703222  2.5658662896859856 0.86753446192235883  2.5430404983908743 0.8365095958655715  2.5210735803875424 0.80445909420918915  2.5000195359720676 0.77141680163084991  2.4548074479215298 0.6948669381282071  2.4312012833660681 0.6508187248436581  2.4092380926554675 0.60534231984743869  2.3890585629453982 0.55852257471909117  2.3502285713218991 0.45629429649670439  2.332102270405052 0.40055145384721891  2.3166419209972458 0.34342536849842686  2.3040673963704315 0.28514916781285454  2.2945324559368654 0.22604497599223095 
 0 6 0.20843068207900872 4 0.37143364923716127 4 0.51329716091790922 4 0.64617109328072986 4 0.81246551091608299 4 1 6
7 0 0  3 47 45  3.1415926535897931 -0.30400617285418718  3.1364632571600155 -0.30560910770150418  3.1262201034668475 -0.30890816320466147  3.1109055625518245 -0.31413454134350438  3.0956445156937358 -0.31963698331704049  3.0804401542515816 -0.32541364785369087  3.0652956028515201 -0.33146262773057583  3.0502139138812185 -0.3377819442098941  3.0351980753882364 -0.34436955482828735  3.0202510148878274 -0.35122335760847295  3.0053756037590427 -0.35834119622913929  2.9905746609666481 -0.36572086493939227  2.9758509564496967 -0.373360113536779  2.9612072140535264 -0.3812566523461331  2.9466461141459197 -0.38940815713227761  2.9321702954738851 -0.39781227427568744  2.9177823579005855 -0.40646662496282343  2.9034848599220484 -0.41536881305498652  2.8892803337473638 -0.4245164192280968  2.8751710578321545 -0.43390715758851583  2.8611594277940458 -0.4435386541332369  2.8472477803991896 -0.45340855630212656  2.8334384301807956 -0.46351451735278631  2.8197336642916166 -0.47385420479160972  2.8061357482111013 -0.48442530236172976  2.7926469282111537 -0.49522551374665219  2.7792694342936146 -0.50625256585472778  2.7660054828012073 -0.51750421206468322  2.7528572781467053 -0.52897823604546923  2.7398270166544125 -0.54067245331819946  2.7269168810736293 -0.55258472127556424  2.7141290685191595 -0.56471291762884368  2.701465817419693 -0.57705492248583834  2.6889293055324255 -0.5896087164643532  2.6765217540832622 -0.60237228715429147  2.6642454047335984 -0.61534365334972962  2.6521025282630202 -0.62852085971456506  2.6400954245419728 -0.64190197938162918  2.6282264246506188 -0.65548511438398971  2.6164978921277076 -0.66926839682410499  2.604912224547185 -0.6832499892595244  2.5934718536404544 -0.69742808748455531  2.5821792498914382 -0.71180091451140415  2.5710370109884377 -0.72636660982230317  2.5600476858264161 -0.74112345979185545  2.5528251881469708 -0.75108762364678328  2.5492403077072301 -0.75610098055543773 
 0 4 0.012720454748054121 1 0.025440909496108242 1 0.03816136424416236 1 0.050881818992216485 1 0.06360227374027061 1 0.07632272848832472 1 0.089043183236378845 1 0.10176363798443297 1 0.11448409273248709 1 0.12720454748054122 1 0.13992500222859533 1 0.15264545697664944 1 0.16536591172470358 1 0.17808636647275769 1 0.19080682122081183 1 0.20352727596886594 1 0.21624773071692005 1 0.22896818546497419 1 0.2416886402130283 1 0.25440909496108244 1 0.26712954970913655 1 0.27985000445719066 1 0.29257045920524477 1 0.30529091395329888 1 0.31801136870135305 1 0.33073182344940716 1 0.34345227819746127 1 0.35617273294551538 1 0.36889318769356949 1 0.38161364244162366 1 0.39433409718967777 1 0.40705455193773188 1 0.41977500668578599 1 0.4324954614338401 1 0.44521591618189427 1 0.45793637092994838 1 0.47065682567800249 1 0.4833772804260566 1 0.49609773517411071 1 0.50881818992216488 1 0.52153864467021893 1 0.5342590994182731 1 0.54697955416632726 1 0.55970000891438132 4
7 0 0  5 6 2  2.5261129449194071 -0.61419264098470594  2.5809684649054967 -0.61419264098470594  2.6358241740517769 -0.61198687672468832  2.6903595969899889 -0.6075746038871026  2.7442589840219784 -0.60101184455793855  2.797289071441361 -0.592394643463237 
 1.5707963267948966 6 1.7982723537459515 6
2 3.5527136788005009e-15 0 0 -1 1 0 1.3302631318652713
7 0 0  7 20 4  4.0969092717143027 1.3158198810372219e-15  4.0175720763900458 0.079337195324257676  3.9382338891300606 0.15867405707209059  3.8572712513928309 0.23719751354815344  3.7730237210998894 0.31408266079961322  3.6837629884921625 0.38838822498637171  3.5872124901429219 0.45882022687564883  3.4285380994944075 0.55598804995962425  3.3733385351654634 0.58696417112677335  3.3155906740568883 0.61630457999823662  3.2550735686396228 0.64375964773957861  3.1916279376272039 0.66904607136144711  3.1252184299123025 0.69186009659513492  2.9868130394243622 0.73196103953625236  2.9148166734119356 0.74924761598622958  2.8401957037635515 0.76348203556104111  2.7633103939842596 0.77438180284882918  2.6847869902314039 0.78172686011809567  2.6054501402436636 0.78539816339744672  2.5261129449194075 0.78539816339744672 
 1.5707963267948966 8 2.3561944901923377 6 2.7488935718910654 6 3.1415926535897931 8
1 0 0.30000000000000071 1 0 
7 0 0  6 7 2  3.1415926535897931 1.6000000000000014  3.0224396406324145 1.4391434325075403  2.903286627675044 1.2782870047176047  2.7841336147176321 1.1215404435666017  2.6649806017602486 0.97301823758182593  2.5458275888028998 0.83647034606157811  2.4266745758455213 0.71499999999994657 
 1.5707963267948966 7 2.2857144045391684 7
7 0 0  6 7 2  1.5707963267948966 0.88499999999999446  1.6899493397522751 0.72414343250753332  1.809102352709715 0.56328700471757287  1.9282553656668711 0.40654044356664087  2.0474083786244535 0.25801823758180831  2.1665613915817903 0.1214703460615711  2.2857144045391689 -6.0396132539608516e-14 
 1.5707963267948966 7 2.2857144045391684 7
1 0 0 1 0 
1 3.1415926535897931 0 0 1 
1 1.5707963267948966 0 0 1 
1 0 0 0 1 
1 0 0 1 0 
1 2.526112944919408 -2.3561944901923462 -0 1 
1 0 11.130000000000001 1 0 
1 3.1415926535897931 0 0 1 
1 0 13 1 0 
1 2.526112944919408 -2.3561944901923453 -0 1 
1 0 0 1 0 
1 2.526112944919408 2.3561944901923462 0 -1 
1 0 0 1 0 
1 3.1415926535897931 0 0 1 
1 0 13 1 0 
1 2.526112944919408 2.3561944901923462 0 -1 
1 1.5707963267948966 0 0 1 
1 0 0 1 0 
7 0 0  7 20 4  4.0969092717143027 2.6316397620744438e-15  4.0175720763900467 0.079337195324259285  3.9382338891310837 0.15867405707211901  3.8572712513891929 0.23719751354821028  3.7730237211044368 0.31408266079955638  3.6837629884910257 0.38838822498641434  3.5872124901429254 0.45882022687565144  3.4285380994944128 0.55598804995962736  3.3733385351654444 0.58696417112675903  3.3155906740568759 0.61630457999824373  3.2550735686396228 0.64375964773958871  3.1916279376272039 0.66904607136143834  3.1252184299123038 0.69186009659513947  2.9868130394243635 0.73196103953625702  2.9148166734119161 0.7492476159862359  2.8401957037635719 0.76348203556105232  2.763310393984292 0.77438180284884039  2.6847869902314025 0.78172686011810177  2.6054501402436605 0.78539816339744994  2.526112944919404 0.78539816339744972 
 1.5707963267948966 8 2.3561944901923466 6 2.7488935718910721 6 3.1415926535897931 8
1 0 0 1 0 
1 1.5707963267948966 0 0 1 
1 0.30000000000000071 0 0 -1 
7 0 0  6 17 4  1.5707963267948966 0.2714718625761422  1.6141780446223226 0.2714718625761422  1.6573624431655964 0.26769926912213043  1.700352516682089 0.26021774320005564  1.7431136156312588 0.24932104228396731  1.7855243907294309 0.23553631314134518  1.8857873488568611 0.19717933534968299  1.9433777192305102 0.17035866451298015  2.0004007097773711 0.14045999703737999  2.0571190813467823 0.1087051078542709  2.1137736902091429 0.076030498183097206  2.1832339492405066 0.035996621241038772  2.1957603371406225 0.028777983927312952  2.2083039678676308 0.021560743167618746  2.2208679691873336 0.014353227495064555  2.2334554037734269 0.0071636283339968103  2.2460692692074988 0 
 0 7 0.36919000840587318 5 0.88636800531371573 5 1 7
7 0 0  6 17 4  2.2504701457031411 6.7216449381949799e-17  2.2504701457031411 0.05856531906702532  2.2540630537252651 0.11686435581300865  2.261188501691862 0.17470207757405692  2.2716440648229219 0.23184471691819153  2.2850777395418227 0.28794310689440855  2.3232121364934812 0.41887016201430777  2.3504090489394489 0.49266689887617227  2.3816610608898081 0.56392990947143917  2.4162822993009465 0.63263555983660824  2.4538318403444999 0.69872929644709336  2.5029978014105243 0.77612608677255157  2.5119875582998641 0.78994054457899143  2.5211083270637862 0.80362649936793751  2.530358296867901 0.81718267483691054  2.5397359998483893 0.83060748116396266  2.5492403111120079 0.84389901500767761 
 0 7 0.36919000840587318 5 0.88636800531371573 5 1 7
7 0 0  3 25 23  2.2504701457031406 -1.6000000000000014  2.25046915119432 -1.5855793361069028  2.2510155706834976 -1.5567768196993612  2.2534478710334849 -1.5137404609417127  2.2574650392706608 -1.4709201642199894  2.2630226430528091 -1.4283727500904835  2.2700650575458177 -1.3861619620051486  2.278523381814519 -1.3443615482977611  2.2883164905088318 -1.3030524582923155  2.2993467992751819 -1.2623389350520213  2.3115136136868646 -1.2222945940356218  2.3247687994901902 -1.1828313474007666  2.3390402373298951 -1.1439676024947123  2.3542677360336604 -1.1056964002342615  2.37039398867672 -1.0680192203622307  2.3873671848930478 -1.0309366531646507  2.4051404761433939 -0.99445062909535853  2.4236722729094802 -0.95856354458689907  2.4429262960561244 -0.92327823948700971  2.4628717570156056 -0.88859766608256952  2.4834832957577069 -0.85452493442556976  2.5047418423659265 -0.82106215514125191  2.5266314749875325 -0.78821493742168658  2.5416368327956773 -0.76673486303614813  2.5492403111120083 -0.75610098499231881 
 0 4 0.045454545454545456 1 0.090909090909090912 1 0.13636363636363635 1 0.18181818181818182 1 0.22727272727272729 1 0.27272727272727271 1 0.31818181818181818 1 0.36363636363636365 1 0.40909090909090912 1 0.45454545454545459 1 0.5 1 0.54545454545454541 1 0.59090909090909094 1 0.63636363636363635 1 0.68181818181818188 1 0.72727272727272729 1 0.77272727272727271 1 0.81818181818181823 1 0.86363636363636365 1 0.90909090909090917 1 0.95454545454545459 1 1 4
1 0 -11.130000000000001 1 0 
1 1.5707963267948966 0 0 1 
1 0 0 1 0 
7 0 0  7 20 4  4.0969092717143063 0  4.0175720763900502 -0.079337195324256593  3.9382338891308564 -0.15867405707207638  3.8572712513896477 -0.2371975135484945  3.7730237211030726 -0.31408266079947111  3.6837629884910257 -0.38838822498644276  3.587212490142925 -0.45882022687564861  3.4285380994944128 -0.5559880499596247  3.3733385351654648 -0.58696417112677857  3.3155906740568883 -0.61630457999824784  3.2550735686396348 -0.64375964773958672  3.1916279376272243 -0.66904607136144822  3.1252184299123038 -0.69186009659513881  2.9868130394243635 -0.73196103953625602  2.9148166734119365 -0.74924761598624079  2.8401957037635839 -0.76348203556103911  2.76331039398428 -0.77438180284882718  2.6847869902313843 -0.78172686011810655  2.6054501402436676 -0.78539816339744906  2.5261129449194111 -0.78539816339744917 
 1.5707963267948966 8 2.3561944901923479 6 2.748893571891073 6 3.1415926535897931 8
7 0 0  6 17 4  1.5707963267948966 10.858528137423859  1.6141780446223233 10.858528137423859  1.6573624431655989 10.862300730877861  1.7003525166820903 10.869782256799958  1.7431136156312501 10.880678957716025  1.7855243907294349 10.894463686858657  1.885787348856812 10.932820664650299  1.9433777192305353 10.959641335487031  2.0004007097774075 10.989540002962634  2.0571190813467846 11.021294892145736  2.1137736902091153 11.053969501816887  2.1832339492405053 11.094003378758963  2.195760337140622 11.101222016072688  2.2083039678676308 11.108439256832382  2.2208679691873323 11.115646772504936  2.2334554037734247 11.122836371666004  2.2460692692074971 11.130000000000001 
 0 7 0.3691900084060622 5 0.886368005313798 5 1 7
7 0 0  6 17 4  2.2504701457031397 6.7216449381949799e-17  2.2504701457031397 0.058565319067026278  2.2540630537252637 0.11686435581301387  2.261188501691862 0.17470207757405559  2.2716440648229175 0.23184471691818165  2.2850777395418231 0.28794310689441399  2.3232121364934613 0.41887016201424365  2.3504090489394529 0.49266689887621928  2.3816610608898272 0.56392990947146182  2.4162822993009536 0.63263555983662123  2.4538318403444794 0.69872929644706305  2.502997801410523 0.77612608677255068  2.5119875582998628 0.78994054457899121  2.5211083270637857 0.80362649936793729  2.5303582968678993 0.81718267483690943  2.539735999848387 0.83060748116396066  2.5492403111120052 0.84389901500767606 
 0 7 0.3691900084060622 5 0.886368005313798 5 1 7
7 0 0  3 25 23  2.2504701457031402 -1.6000000000000014  2.2504691511943187 -1.5855793361069137  2.2510155706834949 -1.556776819699387  2.2534478710334804 -1.5137404609417555  2.2574650392706483 -1.4709201642200482  2.2630226430527993 -1.4283727500905892  2.2700650575457919 -1.3861619620052417  2.2785233818144963 -1.3443615482979017  2.2883164905087843 -1.3030524582924499  2.2993467992751442 -1.2623389350521963  2.3115136136868002 -1.2222945940357892  2.3247687994901329 -1.1828313474009455  2.3390402373298409 -1.1439676024948515  2.3542677360336124 -1.1056964002343781  2.3703939886766707 -1.06801922036235  2.3873671848929936 -1.0309366531647175  2.4051404761433512 -0.99445062909546245  2.4236722729094256 -0.95856354458697157  2.442926296056076 -0.9232782394870851  2.4628717570155527 -0.88859766608266433  2.4834832957576598 -0.85452493442562738  2.5047418423658971 -0.82106215514131009  2.5266314749875143 -0.78821493742169446  2.5416368327956693 -0.76673486303614735  2.5492403111120074 -0.75610098499232592 
 0 4 0.045454545454545456 1 0.090909090909090912 1 0.13636363636363635 1 0.18181818181818182 1 0.22727272727272729 1 0.27272727272727271 1 0.31818181818181818 1 0.36363636363636365 1 0.40909090909090912 1 0.45454545454545459 1 0.5 1 0.54545454545454541 1 0.59090909090909094 1 0.63636363636363635 1 0.68181818181818188 1 0.72727272727272729 1 0.77272727272727271 1 0.81818181818181823 1 0.86363636363636365 1 0.90909090909090917 1 0.95454545454545459 1 1 4
1 0 11.130000000000001 1 0 
7 0 0  7 20 4  4.0969092717143063 0  4.0175720763900493 0.079337195324256468  3.9382338891305153 0.15867405707203375  3.8572712513896477 0.23719751354843766  3.7730237211044368 0.31408266079947111  3.6837629884912531 0.38838822498641434  3.587212490142925 0.45882022687564872  3.4285380994944128 0.55598804995962448  3.3733385351654648 0.58696417112676336  3.3155906740568559 0.61630457999824684  3.2550735686396024 0.64375964773958572  3.1916279376272252 0.66904607136143235  3.1252184299123078 0.6918600965951367  2.986813039424367 0.73196103953625424  2.9148166734118965 0.74924761598625034  2.840195703763527 0.76348203556103711  2.7633103939842352 0.77438180284882818  2.684786990231363 0.78172686011812131  2.6054501402436645 0.78539816339744739  2.5261129449194084 0.78539816339744739 
 1.5707963267948966 8 2.3561944901923453 6 2.7488935718910681 6 3.1415926535897931 8
1 1.5707963267948966 0 0 1 
1 0 0 0 -1 
1 13 0 0 1 
1 3.1415926535897931 0 0 1 
7 0 0  7 8 2  3.1415926535897931 0  2.9171931783333793 0.30293929159615862  2.6927937030768589 0.60587735308058654  2.468394227822273 0.88390821479504211  2.2439947525631396 1.112079381243575  2.0195952773078716 1.2706892919765096  1.7951958020513104 1.3500000000000014  1.5707963267948966 1.3500000000000014 
 4.7123889803846897 8 6.2831853071795862 8
7 0 0  7 8 2  3.1415926535897931 7.1550000000000002  2.9171931783333793 7.4579392915961584  2.6927937030766316 7.7608773530778308  2.4683942278211362 8.0389082147985391  2.2439947525635944 8.2670793812412739  2.0195952773077579 8.4256892919775055  1.7951958020513104 8.5050000000000008  1.5707963267948966 8.5050000000000008 
 4.7123889803846897 8 6.2831853071795862 8
8 1.1200000000000001 10.010000000000002
1 2.1984057121399654 1.3382148875730404e-16 0 1 
8 1.1200000000000001 10.010000000000002
1 2.5139832682447243 -1.1200000000000001 0 1 
7 0 0  6 62 13  1.5707963267948966 10.803725393319377  1.5797563836253168 10.799153506056021  1.5886937747470071 10.794512424630172  1.5976078318860198 10.789801826639779  1.6064978554683158 10.785021358022668  1.6153631146197649 10.780170633056557  1.6648334348895162 10.752628717227873  1.704922522561747 10.728516267513594  1.744400191395127 10.702869437624996  1.783174597348552 10.675630890615427  1.8211271760588454 10.64672606995588  1.8973169313568063 10.58346951915007  1.9354031538378531 10.548914407336664  1.9721944571951306 10.512202872900412  2.0073927510647533 10.473148636037195  2.0405612125981039 10.431563798513869  2.0835604779380108 10.368899909242483  2.0956234210757376 10.35018031134741  2.1071802766441787 10.33097214565265  2.118171416195461 10.31126373781454  2.128527252130771 10.291050554338803  2.1453790148589413 10.254853347851077  2.1521887667355166 10.239091376611981  2.158567550582704 10.223053685384786  2.1644792472484755 10.206748965231528  2.1698867765441752 10.190193056526793  2.1772926201356113 10.164661507156035  2.1796837630623078 10.155851239163669  2.1819232242847031 10.14698301261609  2.1840062353656129 10.138061117238641  2.1859283719216624 10.129090552611103  2.1912123747515313 10.101986076948693  2.1940753110840525 10.083719717627732  2.1962409575017641 10.065328913538957  2.1976871159573439 10.046869989403342  2.1984057121399529 10.028404650193757  2.1984057121399529 9.9914700563161514  2.1976772576740711 9.9729995336533381  2.1962292103513232 9.954658140559296  2.1940877514523045 9.9365042193055491  2.1912909946313128 9.9185861240839142  2.1861842480217368 9.8921448464101527  2.1843328842163889 9.8834141393005872  2.1823350402109134 9.874755861250172  2.1801963526958938 9.8661736016005701  2.1779225620440115 9.8576701556592248  2.1709583169383859 9.8332606456896734  2.1659313849777462 9.8175653701473937  2.1604779145556585 9.802174647269192  2.1546357603654229 9.7870930931882381  2.148439525763135 9.7723189079048396  2.1236458172423358 9.7172891093794593  2.1028446655594766 9.6791423478151799  2.0801357127395437 9.6431618375494317  2.0559113665009825 9.6091034214503779  2.0304099662319199 9.5767374798390019  1.9761144823800225 9.513858775444394  1.9472664799216497 9.4834827983433634  1.9173256285388982 9.4544891238908946  1.8863784938335999 9.4267573850173161  1.8544962049355973 9.400206253500814  1.821730665555946 9.3747826561886551 
 0 7 0.034846154634966577 5 0.19501160480998608 5 0.36496797543536597 5 0.43479502672737225 5 0.48699030136235832 5 0.5141992178457141 5 0.56880995129540601 5 0.62379245868910815 5 0.65121356160685573 5 0.70326117674625255 5 0.849109428442678 5 1 7
7 0 0  6 62 13  3.4620699403337611 -0.26157766335760363  3.4587850010277177 -0.25253983230666704  3.4555035593358441 -0.24350731411791063  3.4522259018847703 -0.23447998548262994  3.4489523664228794 -0.22545770677441668  3.4456833418203012 -0.21644032204915875  3.4274164120214934 -0.16600222078787324  3.4125190212001217 -0.12467873366468474  3.3977682423972815 -0.083436328611686594  3.3832335640000268 -0.042251338102716363  3.3690183242078655 -0.0010948136004882425  3.3407464301666501 0.083772216999121629  3.3267628536435101 0.12745572352714629  3.3135471526953144 0.17122923039694532  3.3014343930246106 0.21513576559713132  3.2909182638147785 0.25918652534407011  3.2796257784095215 0.32153554449914645  3.2767626751337482 0.33970951238768743  3.2743884873203286 0.35789754541832131  3.2725807588274503 0.37608752860540634  3.2714311843084256 0.39425786029375248  3.2707576636490541 0.42592052707597983  3.270896576061999 0.43943452828119306  3.2715063202210533 0.45290464907197475  3.2726354688077373 0.46631082363445658  3.274334187251712 0.47962696646933867  3.2778588448771164 0.49969877757974041  3.2792345188241252 0.5065433637971265  3.2807850563262542 0.51334996300670577  3.2825169769197604 0.52011344564748263  3.2844363586200629 0.52682824917054771  3.2907887731699113 0.54685585346215237  3.2958069426027663 0.56000484690159225  3.3016467921654651 0.57288361339876204  3.3083407794129021 0.5854393707332094  3.3159029576840955 0.59762006478808383  3.3327974742598609 0.62121223693934813  3.3421424052912485 0.63261926787602107  3.3523443408060776 0.64354593378390401  3.3633713118491797 0.65395464636950418  3.3751748236865229 0.66381966855004892  3.3939365457946589 0.67776618298216429  3.4003580480019959 0.68226821026353779  3.4069504454882815 0.68662970687096614  3.4137061618283764 0.69084968835387139  3.4206173917225962 0.69492782080027948  3.4410741391712438 0.7063364267686828  3.4550033722020963 0.71329825701475036  3.4694103389496447 0.71975217516651002  3.4842414665683621 0.72570670683493033  3.4994461471310827 0.7311743829812517  3.5585083829713153 0.75016679395970698  3.6045708250582447 0.76043760141072569  3.652272042273101 0.76734499696556746  3.7008452310089304 0.77122691486285411  3.7497704524644897 0.77239306248099271  3.8494501061760165 0.76972158706484683  3.9001553450147775 0.76571119417094557  3.9504909962598997 0.75932303616213059  4.0001672361433123 0.75078066675637678  4.0490036652578985 0.7402988071441361  4.0969092717142486 0.72807218595661705 
 0 7 0.034846154634966577 5 0.19501160480998608 5 0.36496797543536597 5 0.43479502672737225 5 0.48699030136235832 5 0.5141992178457141 5 0.56880995129540601 5 0.62379245868910815 5 0.65121356160685573 5 0.70326117674625255 5 0.849109428442678 5 1 7
1 0 0 1 0 
7 0 0  7 20 4  4.0969092717143045 0  4.0175720763900475 -0.079337195324256399  3.9382338891296058 -0.15867405707211901  3.8572712513923761 -0.23719751354818186  3.7730237211012536 -0.31408266079969849  3.6837629884921625 -0.38838822498637171  3.5872124901429245 -0.45882022687564605  3.428538099494411 -0.55598804995962159  3.3733385351655052 -0.58696417112675736  3.3155906740568803 -0.61630457999824373  3.2550735686396024 -0.64375964773958572  3.1916279376272243 -0.66904607136143157  3.1252184299123038 -0.69186009659513403  2.9868130394243635 -0.73196103953625136  2.9148166734118752 -0.74924761598623935  2.8401957037636123 -0.76348203556103911  2.7633103939843204 -0.77438180284882407  2.6847869902313426 -0.7817268601181  2.6054501402436623 -0.78539816339744373  2.5261129449194066 -0.78539816339744373 
 1.5707963267948966 8 2.3561944901923382 6 2.7488935718910681 6 3.1415926535897931 8
7 0 0  6 62 13  1.8217306655559409 1.7552173438114638  1.8544962049355544 1.7297937464993389  1.8863784938335759 1.7032426149827675  1.917325628538834 1.6755108761093929  1.9472664799215731 1.6465172016567946  1.9761144823799297 1.6161412245558433  2.0304099662316379 1.5532625201614938  2.0559113665005664 1.5208965785503494  2.0801357127389903 1.4868381624515328  2.10284466555877 1.4508576521861425  2.1236458172416004 1.4127108906221442  2.1484395257623441 1.3576810920973301  2.1546357603646102 1.3429069068140922  2.1604779145548374 1.3278253527333286  2.1659313849769322 1.3124346298553273  2.1709583169375901 1.296739354313232  2.1779225620432259 1.272329844344122  2.1801963526950994 1.2638263984030154  2.1823350402101158 1.2552441387536535  2.1843328842155922 1.246585860703487  2.1861842480209486 1.237855153594172  2.1912909946308283 1.2114138759199498  2.1940877514520642 1.193495780697601  2.1962292103512606 1.1753418594430836  2.1976772576741261 1.1570004663482507  2.1984057121400755 1.1385299436846619  2.1984057121400755 1.1015953498112918  2.1976871159578728 1.0831300106067216  2.1962409575030652 1.0646710864761204  2.1940753110865159 1.0462802823922883  2.1912123747555534 1.0280139230761356  2.185928371927703 1.0009094474167879  2.1840062353717404 0.9919388827876231  2.1819232242908559 0.98301698740855625  2.1796837630684274 0.97414876085937196  2.1772926201416412 0.9653384928654174  2.1698867765502778 0.93980694349177873  2.1644792472547114 0.92325103478574277  2.1585675505889657 0.90694631463122288  2.1521887667417179 0.89090862340278865  2.1453790148650231 0.87514665216247156  2.1285272521367955 0.8389494456728549  2.118171416201545 0.81873626219639295  2.1071802766502814 0.7990278543576208  2.0956234210818114 0.77981968866222129  2.0835604779440011 0.76110009076650076  2.0404876906820011 0.69832905618429719  2.0072328203290639 0.65665090293424377  1.9719398748621839 0.61751473285445524  1.9350482322602125 0.58073154978695363  1.8968575608619775 0.54611391548062804  1.8206416695819958 0.48290431597792327  1.7827778083162713 0.45409045161723038  1.7440972208725509 0.42693377658195897  1.7047174181138205 0.40136037810752179  1.6647294875200414 0.37731341151333769  1.6153631146189618 0.34982936694291838  1.6064978554676703 0.34497864197689543  1.597607831885534 0.34019817335987151  1.5886937747466838 0.33548757536956897  1.5797563836251569 0.3308464939438146  1.5707963267948966 0.32627460668053931 
 0 7 0.15089054215335423 5 0.29673876542748401 5 0.34878637042392707 5 0.37620746799747423 5 0.43118996467918047 5 0.48580068747194066 5 0.51300959865759044 5 0.56520486312450713 5 0.63503190081073801 5 0.80539822984915621 5 0.96515385878963289 5 1 7
7 0 0  6 62 13  4.0969092717143294 -0.72807218595666101  4.049003665258037 -0.74029880714416951  4.0001672361434508 -0.75078066675640776  3.9504909962600649 -0.75932303616219332  3.9001553450150173 -0.76571119417097244  3.8494501061762723 -0.7697215870649019  3.7497704524651136 -0.77239306248106898  3.7008452310098896 -0.77122691486298567  3.6522720422742929 -0.76734499696574421  3.6045708250598611 -0.76043760141106076  3.5585083829730988 -0.75016679396021346  3.4994461471331881 -0.73117438298211079  3.4842414665705657 -0.72570670683589134  3.469410338951938 -0.71975217516759393  3.4550033722044664 -0.71329825701597016  3.4410741391736734 -0.70633642677004149  3.420617391725203 -0.69492782080193483  3.4137061618311013 -0.69084968835567839  3.4069504454911166 -0.68662970687293079  3.4003580480049327 -0.68226821026566464  3.3939365457976898 -0.67776618298445912  3.3751748236889347 -0.66381966855223462  3.3633713118509667 -0.65395464637136824  3.3523443408072686 -0.64354593378538105  3.3421424052919142 -0.63261926787706324  3.3327974742601079 -0.62121223693992633  3.3159029576862813 -0.59762006479136687  3.308340779416882 -0.58543937073991181  3.3016467921708106 -0.57288361340907534  3.2958069426090213 -0.56000484691566665  3.2907887731766023 -0.54685585348008814  3.2844363586259711 -0.52682824919145366  3.282516976924871 -0.52011344566738937  3.2807850563306413 -0.51334996302558622  3.2792345188278582 -0.50654336381496012  3.2778588448802641 -0.49969877759650738  3.2743341872535825 -0.47962696648429087  3.2726354688089532 -0.46631082364865123  3.27150632022175 -0.45290464908536671  3.2708965760622752 -0.43943452829375773  3.2707576636489724 -0.42592052708771333  3.271431184307708 -0.39425786030425786  3.2725807588264466 -0.37608752861548961  3.2743884873190967 -0.35789754542800017  3.2767626751323409 -0.33970951239695885  3.2796257784079903 -0.32153554450798283  3.2909375721713907 -0.25907991842063904  3.3014851095295903 -0.21492339437710828  3.3136347839774261 -0.17091170381473986  3.326890351172632 -0.12703350451924822  3.3409151129994563 -0.083245436727575672  3.3692001732755372 0.0016212499909054046  3.3833822979340389 0.042672768846749976  3.3978814468194458 0.083752830264950506  3.4125952382872531 0.12489015136035853  3.4274547946171285 0.16610820166531903  3.4456833418205544 0.21644032205001226  3.448952366423073 0.22545770677511204  3.4522259018849053 0.23447998548316451  3.4555035593359205 0.24350731411827811  3.4587850010277363 0.25253983230686489  3.4620699403337203 0.26157766335764027 
 0 7 0.15089054215335423 5 0.29673876542748401 5 0.34878637042392707 5 0.37620746799747423 5 0.43118996467918047 5 0.48580068747194066 5 0.51300959865759044 5 0.56520486312450713 5 0.63503190081073801 5 0.80539822984915621 5 0.96515385878963289 5 1 7
7 0 0  7 8 2  1.5707963267948966 1.3499999999999979  1.7951958020513104 1.3499999999999979  2.0195952773076442 1.2706892919763391  2.2439947525642765 1.1120793812442571  2.468394227820454 0.88390821479435999  2.6927937030768589 0.60587735308081392  2.9171931783333793 0.30293929159615857  3.1415926535897931 0 
 0 8 1.5707963267948966 8
7 0 0  7 8 2  1.5707963267948966 2.6250000000000009  1.7951958020513104 2.6250000000000009  2.0195952773074168 2.7043107080233995  2.2439947525645039 2.8629206187565615  2.4683942278206814 3.091091785205208  2.6927937030773137 3.3691226469193225  2.9171931783333793 3.6720607084038419  3.1415926535897931 3.9750000000000005 
 0 8 1.5707963267948966 8
7 0 0  7 20 4  4.0969092717142992 0  4.0175720763900431 -0.079337195324256898  3.9382338891305153 -0.15867405707207638  3.8572712513901024 -0.23719751354829555  3.7730237211035274 -0.31408266079961322  3.6837629884914804 -0.38838822498638592  3.5872124901429205 -0.45882022687565333  3.428538099494407 -0.5559880499596298  3.3733385351654226 -0.5869641711267547  3.3155906740568639 -0.61630457999824884  3.2550735686395984 -0.64375964773959693  3.1916279376271626 -0.66904607136143901  3.1252184299123003 -0.69186009659514192  2.9868130394243591 -0.73196103953625957  2.9148166734119347 -0.74924761598623668  2.840195703763519 -0.76348203556106042  2.7633103939842272 -0.77438180284884539  2.6847869902314017 -0.78172686011809789  2.6054501402436565 -0.78539816339745461  2.5261129449193995 -0.78539816339745461 
 1.5707963267948966 8 2.3561944901923488 6 2.7488935718910734 6 3.1415926535897931 8
1 0 0 1 0 
2 0.29999999999999716 -1.1200000000000001 0 -1 1 0 0.84852813742385624
7 0 0  5 6 2  3.5777631574677748 0.46055399168132133  3.5466299898696652 0.4246963314389019  3.5196951069093956 0.38639632303761395  3.496792939556407 0.34616746128254361  3.4776486587166189 0.30443928472010551  3.462069940333774 0.26157766335765004 
 3.1415926535897891 6 3.5029597774964181 6
7 0 0  7 20 4  4.0969092717142992 0  4.0175720763900422 0.079337195324256163  3.9382338891302879 0.15867405707206217  3.8572712513905572 0.23719751354838081  3.7730237211021631 0.31408266079949954  3.6837629884917078 0.38838822498641434  3.5872124901429183 0.45882022687564644  3.4285380994944057 0.55598804995962181  3.3733385351654017 0.5869641711267829  3.3155906740569492 0.61630457999822652  3.2550735686396712 0.6437596477395654  3.1916279376271217 0.66904607136145167  3.1252184299123007 0.69186009659513303  2.9868130394243608 0.73196103953625014  2.9148166734118948 0.74924761598624412  2.840195703763527 0.7634820355610421  2.7633103939842476 0.77438180284882407  2.6847869902313826 0.78172686011810022  2.6054501402436605 0.78539816339744506  2.5261129449194044 0.78539816339744506 
 1.5707963267948966 8 2.3561944901923422 6 2.7488935718910668 6 3.1415926535897931 8
1 0 0 1 0 
1 0 -1.6000000000000014 1 0 
1 1.5707963267948966 0 0 1 
1 0 0 0 -1 
2 0.29999999999999716 0.29999999999999716 1 1.1102230246251565e-16 -1.1102230246251565e-16 1 1.3500000000000001
1 0 1.5049999999999999 1 0 
7 0 0  6 22 5  1.5707963267948966 1.6162446581088161  1.6218116645889118 1.6005475673899359  1.6717868141828252 1.5806214308515643  1.7205978760759599 1.5566824627230778  1.76809514524978 1.5290499804463324  1.8140996423936542 1.4981497903098664  1.9286760043091284 1.4111643082575456  1.9948333277193648 1.3508066125655831  2.0570918912344944 1.2846895896996022  2.1155129815442351 1.2137113858691317  2.1699999114112285 1.1384670086898698  2.2601821824660968 0.99589493600912682  2.2974976168880765 0.92994109571965555  2.3318939491825295 0.86139568674878164  2.362930115250427 0.7903121898063632  2.3899244835780085 0.71671247950238448  2.4277075995543007 0.58628183552564095  2.4409915679487248 0.5304924916720114  2.4513269361407559 0.47367444830909611  2.4583687075858105 0.41617167054549226  2.4619188346815526 0.35821557248968855  2.4619188346815526 0.29999999999999749 
 0 7 0.21020127090031607 5 0.54365903841520213 5 0.81019700563918873 5 1 7
7 0 0  6 22 5  1.794889419096265 1.5050000000000008  1.8472130548258674 1.5050000000000008  1.8992188283159177 1.5092158927008612  1.950774383130456 1.5173265459507379  2.0017391803113869 1.5289170047046465  2.0519480432937964 1.5434853036920959  2.1793183082269865 1.5873604860533288  2.2552094422120526 1.6203664539566751  2.3292434538719649 1.6576267412911601  2.401813740954811 1.6975878503075965  2.4733327172647313 1.7388227897225834  2.6010540147900536 1.812436309813958  2.6575107758248353 1.8449668457008501  2.7140373604144803 1.8765588055554394  2.7708721369243037 1.9062805101771587  2.8282763991325046 1.9329202548724966  2.9281203085894423 1.9709431244268165  2.9702872116259171 1.9845780970845825  3.0128002968212657 1.9953505172992847  3.0555396350905211 2.0027441906959291  3.0984700073011329 2.0064718625761473  3.1415926535897931 2.0064718625761473 
 0 7 0.21020127090031607 5 0.54365903841520213 5 0.81019700563918873 5 1 7
1 1.5707963267948966 0 0 1 
1 0 0 0 1 
1 3.1415926535897931 0 0 1 
1 0 0 1 0 
1 0 0 0 1 
1 1.5707963267948966 0 0 1 
1 2.5261129449194044 -2.3561944901923466 -0 1 
1 0 2.8800000000000026 1 0 
1 0 3.1800000000000002 1 0 
1 3.1415926535897931 0 0 1 
7 0 0  6 22 5  1.5707963267948966 1.616244658108817  1.6218116645917895 1.600547567389051  1.6717868141819512 1.5806214308513808  1.7205978760732912 1.5566824627244629  1.7680951452492308 1.5290499804472624  1.8140996423961131 1.4981497903080003  1.9286760043091271 1.4111643082575471  1.9948333277193822 1.3508066125655966  2.0570918912344656 1.284689589699578  2.1155129815442653 1.2137113858691249  2.1699999114112143 1.1384670086898927  2.2601821824660839 0.99589493600914691  2.2974976168880992 0.9299410957196439  2.3318939491824984 0.86139568674879841  2.3629301152504523 0.79031218980632378  2.389924483578 0.71671247950241268  2.4277075995543065 0.58628183552562119  2.4409915679487204 0.53049249167199053  2.4513269361407675 0.47367444830910493  2.4583687075858016 0.41617167054551196  2.4619188346815526 0.35821557248968672  2.4619188346815526 0.29999999999999788 
 0 7 0.21020127089116145 5 0.54365903841002805 5 0.81019700563704022 5 1 7
7 0 0  6 22 5  1.794889419096265 7.3849999999999989  1.8472130548288188 7.3849999999999989  1.8992188283151081 7.3807841072987586  1.9507743831276125 7.3726734540497452  2.0017391803106794 7.3610829952960017  2.0519480432965298 7.3465146963069623  2.1793183082269851 7.302639513946672  2.2552094422120597 7.2696335460433188  2.3292434538719569 7.2323732587088561  2.4018137409548332 7.1924121496923847  2.4733327172647113 7.1511772102774298  2.6010540147900358 7.0775636901860537  2.6575107758248349 7.0450331542991451  2.7140373604144852 7.0134411944445647  2.7708721369243259 6.9837194898228319  2.8282763991324833 6.9570797451275119  2.9281203085894578 6.9190568755731778  2.9702872116259331 6.9054219029154114  3.0128002968212559 6.8946494827007268  3.0555396350905113 6.8872558093040688  3.0984700073011346 6.8835281374238537  3.1415926535897931 6.8835281374238537 
 0 7 0.21020127089116145 5 0.54365903841002805 5 0.81019700563704022 5 1 7
2 0.29999999999999716 -10.010000000000002 0 -1 1 0 0.84852813742385624
7 0 0  5 6 2  3.4620699403337696 -0.26157766335763372  3.4776486587166149 -0.30443928472009335  3.4967929395563999 -0.34616746128251519  3.5196951069094027 -0.38639632303762061  3.5466299898696652 -0.42469633143889818  3.5777631574677775 -0.46055399168132077 
 5.9218181832729302 6 6.2831853071795907 6
1 0 8.8900000000000006 1 0 
7 0 0  7 20 4  4.0969092717143019 0  4.0175720763900458 0.079337195324256898  3.9382338891292648 0.15867405707207638  3.8572712513928309 0.23719751354835239  3.7730237211007989 0.31408266079952796  3.6837629884921625 0.38838822498641434  3.5872124901429201 0.45882022687565294  3.428538099494407 0.55598804995962914  3.3733385351654834 0.58696417112676968  3.3155906740569003 0.61630457999824173  3.2550735686396228 0.64375964773958372  3.191627937627203 0.66904607136144378  3.1252184299123003 0.69186009659514103  2.9868130394243591 0.73196103953625857  2.9148166734118943 0.74924761598625167  2.840195703763527 0.76348203556106142  2.7633103939842352 0.77438180284884039  2.6847869902313612 0.781726860118103  2.6054501402436565 0.78539816339745472  2.5261129449193995 0.78539816339745461 
 1.5707963267948966 8 2.3561944901923506 6 2.7488935718910743 6 3.1415926535897931 8
2 0.29999999999999716 0.29999999999999716 1 1.1102230246251565e-16 -1.1102230246251565e-16 1 1.3500000000000001
1 0 7.3850000000000007 1 0 
1 0 0 1 0 
7 0 0  7 20 4  4.0969092717142992 0  4.0175720763900422 -0.079337195324256163  3.9382338891309701 -0.15867405707206217  3.8572712513882834 -0.23719751354832397  3.7730237211053463 -0.31408266079952796  3.6837629884910257 -0.38838822498644276  3.5872124901429192 -0.45882022687564716  3.4285380994944061 -0.55598804995962225  3.3733385351654426 -0.5869641711267829  3.3155906740569088 -0.61630457999822652  3.2550735686396552 -0.6437596477395654  3.1916279376272021 -0.66904607136145167  3.1252184299122971 -0.69186009659513303  2.9868130394243573 -0.73196103953624991  2.9148166734119343 -0.74924761598623901  2.840195703763519 -0.763482035561031  2.7633103939842392 -0.77438180284881597  2.6847869902314239 -0.78172686011810022  2.6054501402436618 -0.7853981633974445  2.5261129449194057 -0.7853981633974445 
 1.5707963267948966 8 2.3561944901923475 6 2.748893571891069 6 3.1415926535897931 8
1 0 -1.6000000000000014 1 0 
1 3.1415926535897931 0 0 1 
1 0 2.8800000000000026 1 0 
1 1.5707963267948966 0 0 1 
1 0.30000000000000071 0 0 1 
1 0 2.8800000000000026 1 0 
1 3.1415926535897931 0 0 1 
1 0.30000000000000071 0 0 1 
1 1.5707963267948966 0 0 1 
7 0 0  7 20 4  4.096909271714301 0  4.0175720763900449 -0.079337195324256704  3.9382338891296058 -0.15867405707206217  3.8572712513910119 -0.23719751354835239  3.7730237211003441 -0.31408266079955638  3.6837629884921625 -0.38838822498642855  3.587212490142925 -0.45882022687564838  3.4285380994944128 -0.5559880499596247  3.3733385351654239 -0.58696417112676846  3.3155906740568963 -0.61630457999823363  3.2550735686396308 -0.64375964773957561  3.1916279376271643 -0.66904607136144278  3.1252184299123078 -0.69186009659513747  2.986813039424367 -0.73196103953625524  2.914816673411917 -0.74924761598624556  2.8401957037635719 -0.763482035561034  2.76331039398428 -0.77438180284882507  2.6847869902313835 -0.78172686011811676  2.6054501402436618 -0.78539816339744972  2.5261129449194049 -0.78539816339744972 
 1.5707963267948966 8 2.3561944901923448 6 2.7488935718910676 6 3.1415926535897931 8
1 0 0 1 0 
1 1.5707963267948966 0 0 1 
1 0 0 1 0 
1 1.5707963267948966 0 0 1 
1 0.30000000000000071 0 0 -1 
1 1.5707963267948966 0 0 1 
1 0 -3.1800000000000002 1 0 
1 0 2.8800000000000026 1 0 
1 2.5261129449194044 2.3561944901923435 0 -1 
1 3.1415926535897931 0 0 1 
1 0 3.1800000000000002 1 0 
1 0 1.6500000000000021 1 0 
2 3.5527136788005009e-15 -6.0350000000000001 -1 -1.1102230246251565e-16 1.1102230246251565e-16 -1 1.3500000000000001
8 1.4275000000000002 4.6074999999999999
1 1.6500000000000024 -1.4275000000000002 0 1 
8 1.4275000000000002 4.6074999999999999
1 1.350000000000005 -1.4275000000000002 0 -1 
1 2.8800000000000026 0 0 1 
1 3.1415926535897931 0 0 1 
1 0 0 1 0 
1 3.1415926535897931 0 0 1 
1 2.5261129449194044 -2.3561944901923435 -0 1 
1 0 2.8800000000000026 1 0 
1 6.2831853071795862 1.6500000000000021 -1 0 
2 3.5527136788005009e-15 -2.8550000000000004 -1 1.1102230246251565e-16 -1.1102230246251565e-16 -1 1.3500000000000001
1 0 0.30000000000000071 1 0 
7 0 0  7 20 4  4.0969092717142992 0  4.0175720763900422 -0.079337195324256454  3.9382338891300606 -0.1586740570721048  3.8572712513905572 -0.2371975135482387  3.7730237211030726 -0.31408266079961322  3.6837629884917078 -0.38838822498640013  3.5872124901429197 -0.45882022687564922  3.4285380994944066 -0.55598804995962492  3.373338535165463 -0.58696417112677346  3.3155906740569208 -0.61630457999824473  3.2550735686396672 -0.64375964773958672  3.1916279376272234 -0.66904607136144756  3.1252184299123007 -0.69186009659513648  2.9868130394243599 -0.73196103953625402  2.9148166734119152 -0.74924761598624523  2.840195703763539 -0.76348203556105021  2.7633103939842596 -0.77438180284883529  2.6847869902314017 -0.78172686011810655  2.6054501402436583 -0.78539816339744928  2.5261129449194013 -0.78539816339744928 
 1.5707963267948966 8 2.3561944901923439 6 2.7488935718910672 6 3.1415926535897931 8
7 0 0  7 20 4  4.0969092717142992 0  4.0175720763900422 0.079337195324256454  3.9382338891300606 0.1586740570721048  3.8572712513905572 0.2371975135482387  3.7730237211030726 0.31408266079961322  3.6837629884917078 0.38838822498640013  3.5872124901429197 0.45882022687564922  3.4285380994944066 0.55598804995962492  3.373338535165463 0.58696417112677346  3.3155906740569208 0.61630457999824473  3.2550735686396672 0.64375964773958672  3.1916279376272234 0.66904607136144756  3.1252184299123007 0.69186009659513648  2.9868130394243599 0.73196103953625402  2.9148166734119152 0.74924761598624523  2.840195703763539 0.76348203556105021  2.7633103939842596 0.77438180284883529  2.6847869902314017 0.78172686011810655  2.6054501402436583 0.78539816339744928  2.5261129449194013 0.78539816339744928 
 1.5707963267948966 8 2.3561944901923439 6 2.7488935718910672 6 3.1415926535897931 8
1 0 0.30000000000000071 1 0 
7 0 0  7 20 4  4.0969092717142992 -2.6316397620744481e-15  4.0175720763900431 -0.079337195324259244  3.938233889130629 -0.15867405707201954  3.8572712513882834 -0.23719751354840923  3.7730237211044368 -0.31408266079947111  3.6837629884912531 -0.38838822498647119  3.5872124901429188 -0.45882022687565011  3.4285380994944061 -0.55598804995962603  3.3733385351654426 -0.58696417112678911  3.3155906740569088 -0.61630457999822952  3.2550735686396552 -0.64375964773956851  3.191627937627203 -0.66904607136145799  3.1252184299122985 -0.69186009659513747  2.9868130394243582 -0.73196103953625469  2.9148166734118535 -0.74924761598623524  2.840195703763535 -0.76348203556105232  2.7633103939842556 -0.77438180284883729  2.6847869902313417 -0.78172686011809689  2.6054501402436605 -0.78539816339745039  2.526112944919404 -0.78539816339745039 
 1.5707963267948966 8 2.3561944901923479 6 2.7488935718910708 6 3.1415926535897931 8
1 0 3.1800000000000002 1 0 
7 0 0  7 20 4  4.0969092717142992 2.6316397620744481e-15  4.0175720763900431 0.079337195324259244  3.938233889130629 0.15867405707201954  3.8572712513882834 0.23719751354840923  3.7730237211044368 0.31408266079947111  3.6837629884912531 0.38838822498647119  3.5872124901429188 0.45882022687565011  3.4285380994944061 0.55598804995962603  3.3733385351654426 0.58696417112678911  3.3155906740569088 0.61630457999822952  3.2550735686396552 0.64375964773956851  3.191627937627203 0.66904607136145799  3.1252184299122985 0.69186009659513747  2.9868130394243582 0.73196103953625469  2.9148166734118535 0.74924761598623524  2.840195703763535 0.76348203556105232  2.7633103939842556 0.77438180284883729  2.6847869902313417 0.78172686011809689  2.6054501402436605 0.78539816339745039  2.526112944919404 0.78539816339745039 
 1.5707963267948966 8 2.3561944901923479 6 2.7488935718910708 6 3.1415926535897931 8
1 0 0 1 0 
8 36.031500000000001 36.700000600000003
1 0.28918482638392717 -36.150000000000006 0 1 
8 36.031500000000001 36.700000600000003
1 -2.4895562688248218 0 0 1 
8 -3.9399999999999977 0.060000000000002274
1 -3.9400000000000013 -5.7949999999999999 1 0 
8 -3.9399999999999977 0.060000000000002274
1 3.9399999999999977 0.55000000000000071 1 0 
1 4 0 0 1 
1 1.5707963267948966 0 0 1 
1 3.1415926535897931 0 0 1 
2 0 0 1 0 -0 1 9.5499999999999989
1 -6.2831853071795862 36.700000000000003 1 0 
2 -3.8800000000000026 -4.4450000000000003 -1 -1.1102230246251565e-16 1.1102230246251565e-16 -1 1.3500000000000001
1 0 0.55000000000000071 1 0 
1 0 -5.7716499161421604 1 0 
1 2.9553323500132369 3.879999999999999 0 1 
2 3.620000000000001 -4.4450000000000003 1 -1.1102230246251565e-16 1.1102230246251565e-16 1 1.3500000000000001
1 6.2831853071795862 0.55000000000000071 -1 0 
8 1.8100000000000023 5
1 1.8099999999999987 -5.7949999999999999 1 0 
8 1.8100000000000023 5
1 -1.8100000000000023 0.55000000000000071 1 0 
2 6.8099999999999987 -4.4450000000000003 -1 -1.1102230246251565e-16 1.1102230246251565e-16 -1 1.3500000000000001
1 0 0.55000000000000071 1 0 
8 -6.6675000000000004 2.2225000000000001
1 8.1600000000000001 2.2225000000000001 0 1 
8 -6.6675000000000004 2.2225000000000001
1 0.55000000000000071 2.2225000000000001 0 -1 
2 6.8099999999999987 4.4450000000000003 -1 1.1102230246251565e-16 -1.1102230246251565e-16 -1 1.3500000000000001
1 6.2831853071795862 0.55000000000000071 -1 0 
8 1.8100000000000023 5
1 1.8099999999999987 5.7949999999999999 1 0 
8 1.8100000000000023 5
1 -1.8100000000000023 0.55000000000000071 1 0 
2 3.620000000000001 4.4450000000000003 1 1.1102230246251565e-16 -1.1102230246251565e-16 1 1.3500000000000001
1 0 0.55000000000000071 1 0 
1 -3.879999999999999 5.7716499161421604 1 0 
1 2.9553323500132369 -3.879999999999999 0 1 
2 -3.8800000000000026 4.4450000000000003 -1 1.1102230246251565e-16 -1.1102230246251565e-16 -1 1.3500000000000001
1 6.2831853071795862 0.55000000000000071 -1 0 
8 -3.9399999999999977 0.060000000000002274
1 -3.9400000000000013 5.7949999999999999 1 0 
8 -3.9399999999999977 0.060000000000002274
1 3.9399999999999977 0.55000000000000071 1 0 
1 0 36.700000000000003 1 0 
1 0 1.1849999999999987 1 0 
1 2.5261129449194044 2.3561944901923431 0 -1 
7 0 0  6 7 2  1.5707963267948966 0.30000000000000071  1.6899493397522678 0.46085656749245196  1.8091023527096723 0.62171299528241519  1.9282553656668995 0.77845955643324771  2.0474083786244393 0.92698176241817265  2.1665613915817516 1.0635296539383807  2.2857144045391231 1.1850000000000094 
 4.7123889803846897 7 5.4273070581289176 7
7 0 0  6 7 2  3.1415926535897931 -3.5527136788005009e-15  3.0224396406324217 0.1608565674924477  2.9032866276750156 0.32171299528241448  2.7841336147176321 0.47845955643325766  2.6649806017602486 0.62698176241816839  2.5458275888029376 0.76352965393837646  2.4266745758455661 0.88500000000000512 
 4.7123889803846897 7 5.4273070581289176 7
7 0 0  3 25 23  2.9553323500132369 0.24999999999999645  2.9473223837379696 0.26062642909328576  2.9313024511874337 0.28183113749305994  2.907272552361631 0.31347549081422599  2.8832426535358247 0.34493883481258403  2.8592127547100241 0.37620300988562166  2.8351828558842214 0.40724996180640499  2.8111529570584155 0.4380617643537757  2.7871230582326159 0.46862062639261243  2.76309315940681 0.49890890302295493  2.7390632605810081 0.52890910553343051  2.715033361755204 0.55860391156237665  2.6910034629293995 0.58797617508294731  2.6669735641036003 0.61700893630815978  2.6429436652777922 0.64568543148146984  2.6189137664519926 0.67398910256014333  2.5948838676261881 0.70190360676263364  2.5708539688003844 0.72941282605488023  2.5468240699745817 0.7565008762708666  2.5227941711487789 0.78315211697901488  2.4987642723229762 0.80935115792018264  2.4747343734971725 0.83508287757112454  2.4507044746713675 0.86033239576062959  2.434684542120833 0.87683427661696378  2.4266745758455661 0.88500000000000512 
 4.8986492839612463 4 4.92267918278705 1 4.9467090816128527 1 4.9707389804386564 1 4.9947688792644591 1 5.0187987780902628 1 5.0428286769160655 1 5.0668585757418692 1 5.0908884745676719 1 5.1149183733934755 1 5.1389482722192783 1 5.1629781710450819 1 5.1870080698708856 1 5.2110379686966883 1 5.235067867522492 1 5.2590977663482947 1 5.2831276651740984 1 5.3071575639999011 1 5.3311874628257048 1 5.3552173616515075 1 5.3792472604773112 1 5.4032771593031139 1 5.4273070581289176 4
1 0 0 0 1 
1 1.5707963267948966 0 0 1 
1 0 0.69999999999999929 1 0 
1 2.5261129449194044 -2.35619449019234 -0 1 
7 0 0  5 6 2  2.8407801783331843 3.2200000000000166  2.9009426733845061 3.2975722995692283  2.9611051684358429 3.3769543569847045  3.0212676634871478 3.457561259318183  3.0814301585384714 3.5387806316807167  3.1415926535897931 3.620000000000001 
 4.4115765051280817 6 4.7123889803846897 6
7 0 0  5 6 2  1.8716088020515054 0.69999999999998508  1.8114463070001838 0.62242770043077333  1.7512838119488663 0.54304564301529989  1.6911213168975401 0.46243874068182489  1.6309588218462181 0.38121936831928482  1.5707963267948966 0.30000000000000071 
 4.4115765051280817 6 4.7123889803846897 6
7 0 0  3 25 23  2.8407801783331843 7.1000000000000156  2.8425158172980338 7.1022378976165621  2.8459870952277324 7.1067173078720947  2.8511940121222801 7.1134470858383638  2.8564009290168295 7.1201873440151031  2.8616078459113741 7.1269378996382642  2.8668147628059235 7.1336985696933821  2.8720216797004738 7.14046917088407  2.877228596595018 7.1472495196467483  2.8824355134895683 7.1540394321530236  2.8876424303841115 7.1608387243153286  2.8928493472786605 7.1676472117917784  2.8980562641732091 7.1744647099912067  2.9032631810677585 7.1812910340781082  2.9084700979623048 7.1881259989777435  2.9136770148568516 7.194969419381045  2.9188839317514024 7.2018211097497593  2.9240908486459452 7.2086808843213435  2.9292977655404955 7.2155485571142366  2.93450468243504 7.2224239419323011  2.9397115993295926 7.2293068523717361  2.944918516224138 7.2361971018195854  2.9501254331186848 7.2430945034829257  2.9535967110483821 7.2476974146970017  2.9553323500132316 7.2499999999999929 
 4.4115765051280817 4 4.416783422022629 1 4.4219903389171771 1 4.4271972558117243 1 4.4324041727062724 1 4.4376110896008196 1 4.4428180064953677 1 4.448024923389915 1 4.4532318402844631 1 4.4584387571790103 1 4.4636456740735584 1 4.4688525909681056 1 4.4740595078626528 1 4.4792664247572009 1 4.4844733416517482 1 4.4896802585462963 1 4.4948871754408435 1 4.5000940923353916 1 4.5053010092299388 1 4.5105079261244869 1 4.5157148430190341 1 4.5209217599135822 1 4.5261286768081295 4
1 0 0.69999999999999929 1 0 
1 3.1415926535897931 0 0 1 
1 3.1899999999999977 0 0 1 
1 1.5707963267948966 0 0 1 
1 0 0.69999999999999929 1 0 
1 2.526112944919408 2.3561944901923462 0 -1 
1 0 8.8900000000000006 1 0 
1 3.1415926535897931 0 0 1 
1 0.69999999999999929 0 0 1 
1 3.1415926535897931 0 0 1 
1 0 0 1 0 
1 3.1415926535897931 0 0 1 
1 3.1899999999999977 0 0 1 
1 1.5707963267948966 0 0 1 
1 0 0.69999999999999929 1 0 
1 2.526112944919408 -2.3561944901923462 -0 1 
1 0 0 0 1 
1 1.5707963267948966 0 0 1 
1 0 0.69999999999999929 1 0 
1 3.1415926535897931 0 0 1 
1 0 0.69999999999999929 1 0 
1 2.5261129449194044 2.35619449019234 0 -1 
7 0 0  5 6 2  3.1415926535897931 3.620000000000001  3.0814301585384714 3.5387806316807167  3.021267663487162 3.457561259318183  2.9611051684358358 3.3769543569847045  2.9009426733845061 3.2975722995692283  2.8407801783331843 3.2200000000000166 
 1.5707963267948966 6 1.8716088020515045 6
7 0 0  5 6 2  1.5707963267948966 0.30000000000000071  1.6309588218462181 0.38121936831928482  1.6911213168975401 0.46243874068181867  1.7512838119488663 0.54304564301530522  1.8114463070001838 0.62242770043077322  1.8716088020515054 0.69999999999998508 
 1.5707963267948966 6 1.8716088020515045 6
7 0 0  3 25 23  2.9553323500132316 3.3699999999999939  2.9535967110483825 3.3676974146970027  2.9501254331186848 3.3630945034829263  2.9449185162241389 3.3561971018195882  2.9397115993295921 3.3493068523717371  2.9345046824350405 3.3424239419323021  2.929297765540495 3.3355485571142358  2.9240908486459465 3.3286808843213476  2.9188839317514019 3.3218211097497594  2.9136770148568516 3.3149694193810464  2.9084700979623044 3.3081259989777436  2.9032631810677589 3.3012910340781096  2.8980562641732091 3.2944647099912072  2.8928493472786601 3.2876472117917803  2.8876424303841155 3.2808387243153305  2.8824355134895669 3.2740394321530233  2.8772285965950188 3.2672495196467493  2.8720216797004734 3.2604691708840714  2.866814762805924 3.2536985696933853  2.8616078459113736 3.2469378996382652  2.85640092901683 3.2401873440151028  2.8511940121222819 3.2334470858383728  2.845987095227732 3.2267173078721045  2.8425158172980338 3.2222378976165658  2.8407801783331843 3.2200000000000166 
 1.757056630371457 4 1.7622635472660046 1 1.7674704641605523 1 1.7726773810550998 1 1.7778842979496474 1 1.7830912148441951 1 1.7882981317387427 1 1.7935050486332902 1 1.7987119655278379 1 1.8039188824223855 1 1.8091257993169332 1 1.8143327162114806 1 1.8195396331060283 1 1.824746550000576 1 1.8299534668951236 1 1.8351603837896713 1 1.8403673006842187 1 1.8455742175787664 1 1.850781134473314 1 1.8559880513678617 1 1.8611949682624092 1 1.8664018851569568 1 1.8716088020515045 4
1 4 0 0 1 
1 1.5707963267948966 0 0 1 
1 0 1.1849999999999987 1 0 
1 2.5261129449194044 -2.3561944901923431 -0 1 
7 0 0  6 7 2  2.2857144045391231 1.1850000000000094  2.1665613915817516 1.0635296539383807  2.0474083786244393 0.92698176241815844  1.9282553656668711 0.77845955643324771  1.8091023527097008 0.62171299528240809  1.6899493397522678 0.46085656749245196  1.5707963267948966 0.30000000000000071 
 0.85587824905066889 7 1.5707963267948966 7
7 0 0  6 7 2  2.4266745758455661 0.88500000000000512  2.5458275888029376 0.76352965393837646  2.6649806017603055 0.62698176241816483  2.7841336147175753 0.47845955643325766  2.9032866276750724 0.32171299528241448  3.0224396406324217 0.16085656749244767  3.1415926535897931 -3.5527136788005009e-15 
 0.85587824905066889 7 1.5707963267948966 7
7 0 0  3 25 23  2.4266745758455661 -2.9949999999999939  2.4346845421208334 -3.0031657233830358  2.450704474671368 -3.0196676042393702  2.4747343734971716 -3.044917122428874  2.4987642723229766 -3.0706488420798168  2.5227941711487794 -3.0968478830209842  2.5468240699745799 -3.1234991237291321  2.5708539688003862 -3.1505871739451194  2.5948838676261872 -3.1780963932373658  2.6189137664519921 -3.2060108974398549  2.6429436652777936 -3.2343145685185308  2.6669735641035968 -3.2629910636918331  2.6910034629294004 -3.2920238249170528  2.715033361755204 -3.3213960884376226  2.7390632605810068 -3.3510908944665685  2.7630931594068082 -3.3810910969770416  2.7871230582326123 -3.4113793736073812  2.8111529570584173 -3.4419382356462265  2.8351828558842183 -3.4727500381935896  2.8592127547100206 -3.5037969901143731  2.8832426535358269 -3.5350611651874173  2.9072725523616265 -3.5665245091857676  2.9313024511874319 -3.5981688625069355  2.947322383737967 -3.6193735709067103  2.9553323500132342 -3.629999999999999 
 0.85587824905066889 4 0.87990814787647198 1 0.90393804670227518 1 0.92796794552807826 1 0.95199784435388146 1 0.97602774317968455 1 1.0000576420054876 1 1.0240875408312908 1 1.0481174396570938 1 1.072147338482897 1 1.0961772373087002 1 1.1202071361345034 1 1.1442370349603064 1 1.1682669337861096 1 1.1922968326119125 1 1.2163267314377157 1 1.2403566302635189 1 1.2643865290893221 1 1.2884164279151253 1 1.3124463267409283 1 1.3364762255667315 1 1.3605061243925345 1 1.3845360232183377 4
1 0 8.8900000000000006 1 0 
7 0 0  7 20 4  4.0969092717142974 -2.6316397620744414e-15  4.0175720763900413 -0.079337195324259285  3.9382338891304016 -0.15867405707204796  3.8572712513887382 -0.23719751354829555  3.7730237211035274 -0.31408266079952796  3.6837629884914804 -0.38838822498642855  3.5872124901429219 -0.45882022687564916  3.4285380994944092 -0.55598804995962536  3.3733385351654435 -0.58696417112677879  3.3155906740568111 -0.61630457999823973  3.2550735686395575 -0.64375964773958161  3.1916279376272039 -0.66904607136145267  3.1252184299123025 -0.6918600965951367  2.9868130394243622 -0.73196103953625435  2.9148166734119156 -0.74924761598625034  2.8401957037635719 -0.76348203556103711  2.76331039398428 -0.77438180284882507  2.6847869902313835 -0.78172686011811698  2.6054501402436623 -0.78539816339744994  2.5261129449194057 -0.78539816339744994 
 1.5707963267948966 8 2.3561944901923435 6 2.7488935718910685 6 3.1415926535897931 8
7 0 0  5 18 5  2.5261129449193906 0.070480085653370605  2.569078990705683 0.013723749196722146  2.6115074003104395 -0.043904088371693906  2.653096043281014 -0.10273684996360888  2.6936583133004257 -0.1629449556376722  2.7603608046306554 -0.26724407929491517  2.7870996471906615 -0.31059635078113629  2.8132440330222352 -0.35463792660479265  2.8387701296601993 -0.39935456317199436  2.8875725153225025 -0.48822821861649091  2.910899576926111 -0.53233916802208125  2.9336428072884271 -0.57698622393168553  2.9558170055520812 -0.62211669657578939  2.9829911538058709 -0.67925924638169111  2.9884768661200769 -0.69089204044785113  2.9939297779223919 -0.70255012054711286  2.999350986148186 -0.71423224379518324  3.0047418141037552 -0.7259371205549946 
 0 6 0.39579882054833132 4 0.66985337799679945 4 0.93294340764939543 4 1 6
7 0 0  5 18 5  2.4266745758455972 0.88499999999976353  2.3699182393889573 0.94286015526958289  2.3098078618636189 0.9958473642793908  2.246893941205375 1.0437634825767284  2.1815993709198205 1.0863487703970969  2.0677747557271049 1.148958016532555  2.020265389644043 1.1718927460496811  1.9719602026142271 1.1920584836118389  1.9229950515091436 1.2093728812650566  1.8260290156714607 1.2375951678424337  1.7780645232276351 1.2487326241282437  1.7297665225943306 1.2571275293356154  1.6812637316648211 1.26274585207128  1.6203237322983512 1.2663049312566454  1.6079421116545654 1.2668470969599268  1.5955587937362423 1.2672084548073017  1.5831760918069222 1.2673890483981753  1.5707963267948966 1.2673890483981753 
 0 6 0.39579882054833132 4 0.66985337799679945 4 0.93294340764939543 4 1 6
7 0 0  3 47 45  2.4266745758455972 0.88499999999976353  2.4212428624363365 0.89053733352601827  2.4103057679261957 0.90150491044822234  2.3936851056423594 0.91763263266666528  2.3768554584669164 0.93343436726178963  2.3598226762791379 0.94890767067091908  2.3425924925877055 0.96405004016711837  2.3251705123353235 0.97885890895520922  2.3075622225774621 0.99333165328382  2.2897729980517738 1.0074655963376378  2.271808109133437 1.0212580129924063  2.2536727301577928 1.0347061343389579  2.2353719486366881 1.0478071522681185  2.2169107751946218 1.060558224043572  2.1982941542725003 1.0729564768613784  2.1795269754221782 1.084999012475439  2.1606140856551872 1.096682911572409  2.1415603009335289 1.1080052390823678  2.122370423713666 1.1189630459979378  2.103049240497878 1.1295533842232315  2.0836015397355077 1.1397732866788772  2.0640322498067314 1.149619750335602  2.0443462412903819 1.1590898317344913  2.0245483765234447 1.168180633995169  2.0046435077591602 1.1768893175724082  1.9846364903750187 1.1852131046404979  1.9645321931738651 1.1931492852179517  1.9443355110966019 1.2006952227029342  1.9240513769311216 1.207848360026339  1.9036847802212087 1.2146062239218054  1.8832407637941184 1.2209664361123622  1.8627245078053249 1.2269266987119527  1.8421406718181712 1.2324849944994112  1.8214946007470736 1.2376392591188647  1.8007915057227291 1.2423876134655427  1.7800366038800439 1.2467283321447238  1.7592350974004418 1.2506598560206983  1.7383921962602287 1.2541807929665978  1.7175131303880851 1.2572899217206148  1.6966031638799794 1.259986195115375  1.6756676148628782 1.2622687427093742  1.654711853857386 1.2641368764357968  1.6337413854882936 1.2655900847803516  1.6127616211167179 1.2666280698257786  1.5917777410835363 1.2672507350815263  1.5777893842994515 1.2673890651605522  1.5707963267948966 1.2673890483981793 
 0 4 0.022727272727272728 1 0.045454545454545456 1 0.068181818181818177 1 0.090909090909090912 1 0.11363636363636365 1 0.13636363636363635 1 0.15909090909090909 1 0.18181818181818182 1 0.20454545454545456 1 0.22727272727272729 1 0.25 1 0.27272727272727271 1 0.29545454545454547 1 0.31818181818181818 1 0.34090909090909094 1 0.36363636363636365 1 0.38636363636363635 1 0.40909090909090912 1 0.43181818181818182 1 0.45454545454545459 1 0.47727272727272729 1 0.5 1 0.52272727272727271 1 0.54545454545454541 1 0.56818181818181823 1 0.59090909090909094 1 0.61363636363636365 1 0.63636363636363635 1 0.65909090909090906 1 0.68181818181818188 1 0.70454545454545459 1 0.72727272727272729 1 0.75 1 0.77272727272727271 1 0.79545454545454553 1 0.81818181818181823 1 0.84090909090909094 1 0.86363636363636365 1 0.88636363636363635 1 0.90909090909090917 1 0.93181818181818188 1 0.95454545454545459 1 0.97727272727272729 1 1 4
1 0 4 1 0 
7 0 0  7 20 4  4.096909271714301 0  4.017572076390044 0.079337195324256427  3.9382338891305153 0.15867405707213322  3.8572712513896477 0.23719751354821028  3.7730237211039821 0.31408266079967007  3.6837629884914804 0.38838822498634329  3.5872124901429228 0.45882022687564722  3.4285380994944101 0.55598804995962303  3.3733385351653626 0.58696417112677302  3.3155906740569248 0.61630457999822041  3.2550735686396712 0.6437596477395624  3.1916279376271226 0.66904607136144689  3.1252184299123025 0.69186009659513392  2.9868130394243622 0.73196103953625147  2.9148166734118952 0.74924761598624456  2.840195703763527 0.763482035561034  2.7633103939842476 0.77438180284881908  2.6847869902313826 0.78172686011810577  2.6054501402436601 0.78539816339744672  2.526112944919404 0.78539816339744672 
 1.5707963267948966 8 2.3561944901923475 6 2.7488935718910703 6 3.1415926535897931 8
1 -6.6613381477509392e-16 4 1 0 
1 0 0 1 0 
7 0 0  7 20 4  4.096909271714301 0  4.017572076390044 -0.079337195324256163  3.9382338891307427 -0.15867405707213322  3.8572712513901024 -0.2371975135482387  3.7730237211017084 -0.31408266079961322  3.6837629884914804 -0.38838822498637171  3.5872124901429245 -0.45882022687564611  3.428538099494411 -0.55598804995962159  3.3733385351654444 -0.58696417112676758  3.3155906740568759 -0.61630457999823363  3.2550735686396104 -0.6437596477395725  3.1916279376271839 -0.66904607136143646  3.1252184299123043 -0.69186009659513292  2.9868130394243644 -0.73196103953625047  2.9148166734118957 -0.74924761598624923  2.8401957037635595 -0.76348203556102079  2.7633103939842676 -0.77438180284880886  2.684786990231363 -0.78172686011811543  2.6054501402436618 -0.7853981633974445  2.5261129449194057 -0.7853981633974445 
 1.5707963267948966 8 2.3561944901923346 6 2.7488935718910628 6 3.1415926535897931 8
7 0 0  7 26 5  1.5707963267948966 2.6608336953373559  1.6022526534444432 2.6608336953373559  1.6337670289044584 2.6614836309139163  1.6653212408736076 2.6627877754676677  1.6968986455115969 2.6647494544886308  1.7284835910024618 2.6673712372536014  1.760060841117852 2.6706551285235349  1.850213956689744 2.6819338735390366  1.9087382839606073 2.6915547064033092  1.9670836940400456 2.7034752604209449  2.0251589839858908 2.7177010883158785  2.0828743631773063 2.7342388652761875  2.1401302508592184 2.7531002755581149  2.2361260644109495 2.789014575819627  2.2751693615531843 2.8048533283108132  2.3138983401034081 2.8218282851574332  2.352273137115946 2.8399498962295238  2.3902494107719749 2.8592334490292659  2.427775630608211 2.8797012697702313  2.5244143148920339 2.9363133119301099  2.5826466455566113 2.974358224962093  2.6393241505489371 3.0156996121845507  2.6941369849902959 3.060549524893978  2.7465587837327119 3.1092319837722631  2.7958703878410613 3.16209422799583  2.8407801783331741 3.2200000000000166 
 0 8 0.16075141119925604 6 0.45928149016728981 6 0.66638854729556574 6 1 8
7 0 0  7 26 5  3.4768957157027449 0.52636628263265239  3.4559587437631794 0.50064109677103108  3.4352579843779014 0.4749233554447585  3.4147383987007585 0.44923858584691428  3.3943518508329262 0.42360914847737813  3.3740561944643903 0.39805488803793515  3.3538143595154364 0.37259378432737872  3.2960413388029015 0.30016314009270861  3.258558251569049 0.25345868311386704  3.220937894906803 0.20724103778932332  3.1830165875431176 0.16159363304168881  3.1446626272305047 0.11658267517279379  3.1057745778930284 0.072260267661566818  3.0388947354710019 -0.0015888031917023556  3.0112112068671091 -0.031491716132763477  2.9832151277944519 -0.061040426700648687  2.9548897224804831 -0.090231485316987409  2.9262260665124962 -0.11906901459466571  2.8972249617866757 -0.14756691569887176  2.8206597663501007 -0.22115058142080668  2.7726282706397067 -0.26568666104661703  2.7237913487185441 -0.30954725659625421  2.6742569878611113 -0.35292671338502202  2.6243500541428566 -0.3961517626833731  2.5745870258560286 -0.43967589764871978  2.5261129449194044 -0.48458568814083403 
 0 8 0.16075141119925604 6 0.45928149016728981 6 0.66638854729556574 6 1 8
7 0 0  3 47 45  1.5707963267948966 6.540833695337362  1.5811734944097791 6.540833671554636  1.6019439360225352 6.541015594387912  1.6331378342397189 6.5418364564803557  1.6643597340071019 6.5432074685815325  1.6955999292160788 6.5451304335381177  1.7268489343918869 6.5476069445832117  1.7580975252263982 6.5506383850829515  1.7893363898501056 6.5542259335749717  1.8205570087940495 6.5583707075992965  1.8517508236769296 6.5630737023815078  1.8829083691370869 6.5683356683254814  1.9140207327553034 6.5741573364571533  1.9450790665074149 6.580539399548714  1.9760746200639348 6.5874825559646011  2.0069986381884695 6.594987534591966  2.0378422975478263 6.6030551227923793  2.0685966339078843 6.611686191264841  2.0992524748099739 6.6208817183247124  2.1298003606017337 6.6306428096868668  2.1602305014754166 6.6409707268983498  2.1905325913800833 6.6518668757492554  2.2206961422370495 6.6633329362029192  2.2507117987524841 6.6753715679285177  2.2805683379679005 6.6879853330404746  2.310254485981925 6.7011773879388148  2.3397583547822003 6.7149514271810853  2.3690674491175501 6.7293118038314619  2.3981685713140561 6.7442636337948061  2.427047543132566 6.7598127877322529  2.455689746431001 6.7759663486685442  2.4840775623640532 6.7927313192468688  2.5121839048322769 6.8101105295040076  2.539997781985615 6.8281186098530684  2.5675011973870121 6.8467688568705256  2.5946739888611612 6.8660763360826635  2.6214922827086622 6.8860572532851885  2.6479286436356095 6.9067293313780675  2.6739517350049655 6.9281119555981387  2.6995260507304657 6.9502264532212745  2.7246115545510228 6.9730964351484355  2.7491632163178599 6.9967482782324044  2.7731305456139048 7.0212116600862444  2.7964566290390671 7.0465205751391213  2.8190784468687813 7.0727133597170493  2.8336406597938799 7.0907960138132573  2.8407801783331741 7.1000000000000156 
 0 4 0.022727272727272728 1 0.045454545454545456 1 0.068181818181818177 1 0.090909090909090912 1 0.11363636363636365 1 0.13636363636363635 1 0.15909090909090909 1 0.18181818181818182 1 0.20454545454545456 1 0.22727272727272729 1 0.25 1 0.27272727272727271 1 0.29545454545454547 1 0.31818181818181818 1 0.34090909090909094 1 0.36363636363636365 1 0.38636363636363635 1 0.40909090909090912 1 0.43181818181818182 1 0.45454545454545459 1 0.47727272727272729 1 0.5 1 0.52272727272727271 1 0.54545454545454541 1 0.56818181818181823 1 0.59090909090909094 1 0.61363636363636365 1 0.63636363636363635 1 0.65909090909090906 1 0.68181818181818188 1 0.70454545454545459 1 0.72727272727272729 1 0.75 1 0.77272727272727271 1 0.79545454545454553 1 0.81818181818181823 1 0.84090909090909094 1 0.86363636363636365 1 0.88636363636363635 1 0.90909090909090917 1 0.93181818181818188 1 0.95454545454545459 1 0.97727272727272729 1 1 4
1 0 8.8900000000000006 1 0 
7 0 0  7 20 4  4.096909271714301 0  4.0175720763900449 0.079337195324256898  3.9382338891294921 0.15867405707213322  3.8572712513928309 0.23719751354818186  3.7730237210998894 0.31408266079967007  3.6837629884923899 0.3883882249863575  3.5872124901429254 0.45882022687565344  3.4285380994944128 0.55598804995963003  3.3733385351654035 0.5869641711267598  3.3155906740569492 0.61630457999823562  3.2550735686396712 0.64375964773958061  3.1916279376271239 0.66904607136143912  3.1252184299123074 0.69186009659514236  2.9868130394243662 0.73196103953626035  2.9148166734118761 0.7492476159862369  2.8401957037636123 0.76348203556106042  2.7633103939843329 0.77438180284884239  2.684786990231363 0.78172686011809311  2.6054501402436645 0.78539816339745516  2.5261129449194075 0.78539816339745527 
 1.5707963267948966 8 2.3561944901923462 6 2.7488935718910721 6 3.1415926535897931 8
1 0 -8.8900000000000006 1 0 
1 1.5707963267948966 0 0 1 
1 0 3.1899999999999977 1 0 
7 0 0  7 20 4  4.0969092717143019 0  4.0175720763900458 0.079337195324256649  3.9382338891298332 0.15867405707203375  3.8572712513919214 0.23719751354840923  3.7730237211017084 0.31408266079949954  3.6837629884919352 0.38838822498642855  3.5872124901429268 0.45882022687564894  3.4285380994944137 0.55598804995962514  3.3733385351655056 0.58696417112675836  3.3155906740569128 0.61630457999824373  3.2550735686396473 0.64375964773958572  3.1916279376272456 0.66904607136143235  3.1252184299123056 0.6918600965951367  2.9868130394243653 0.73196103953625424  2.914816673411937 0.74924761598623513  2.840195703763519 0.76348203556104421  2.7633103939842392 0.77438180284883218  2.6847869902314252 0.781726860118101  2.6054501402436672 0.78539816339744795  2.5261129449194102 0.78539816339744806 
 1.5707963267948966 8 2.3561944901923444 6 2.7488935718910685 6 3.1415926535897931 8
1 0 8.8900000000000006 1 0 
7 0 0  7 20 4  4.0969092717143019 0  4.0175720763900449 -0.079337195324256399  3.9382338891310837 -0.15867405707209059  3.8572712513878287 -0.23719751354826712  3.7730237211048916 -0.31408266079955638  3.6837629884907983 -0.38838822498638592  3.5872124901429219 -0.45882022687564739  3.4285380994944092 -0.55598804995962292  3.3733385351655243 -0.5869641711267628  3.3155906740567951 -0.61630457999824684  3.2550735686395416 -0.64375964773958272  3.1916279376272851 -0.66904607136142735  3.1252184299123038 -0.6918600965951367  2.9868130394243635 -0.73196103953625413  2.9148166734119365 -0.74924761598621992  2.840195703763519 -0.7634820355610431  2.7633103939842272 -0.77438180284883118  2.6847869902314039 -0.78172686011808579  2.6054501402436645 -0.78539816339744739  2.5261129449194084 -0.78539816339744739 
 1.5707963267948966 8 2.3561944901923457 6 2.7488935718910716 6 3.1415926535897931 8
1 3.1899999999999977 0 0 -1 
1 1.5707963267948966 0 0 1 
1 0 0 1 0 
7 0 0  7 20 4  4.0969092717143019 0  4.0175720763900449 0.079337195324256399  3.9382338891310837 0.15867405707209059  3.8572712513878287 0.23719751354826712  3.7730237211048916 0.31408266079955638  3.6837629884907983 0.38838822498638592  3.5872124901429219 0.45882022687564739  3.4285380994944092 0.55598804995962292  3.3733385351655243 0.5869641711267628  3.3155906740567951 0.61630457999824684  3.2550735686395416 0.64375964773958272  3.1916279376272851 0.66904607136142735  3.1252184299123038 0.6918600965951367  2.9868130394243635 0.73196103953625413  2.9148166734119365 0.74924761598621992  2.840195703763519 0.7634820355610431  2.7633103939842272 0.77438180284883118  2.6847869902314039 0.78172686011808579  2.6054501402436645 0.78539816339744739  2.5261129449194084 0.78539816339744739 
 1.5707963267948966 8 2.3561944901923457 6 2.7488935718910716 6 3.1415926535897931 8
1 0 3.1899999999999977 1 0 
7 0 0  7 20 4  4.0969092717143019 0  4.0175720763900458 -0.079337195324256649  3.9382338891298332 -0.15867405707203375  3.8572712513919214 -0.23719751354840923  3.7730237211017084 -0.31408266079949954  3.6837629884919352 -0.38838822498642855  3.5872124901429268 -0.45882022687564894  3.4285380994944137 -0.55598804995962514  3.3733385351655056 -0.58696417112675836  3.3155906740569128 -0.61630457999824373  3.2550735686396473 -0.64375964773958572  3.1916279376272456 -0.66904607136143235  3.1252184299123056 -0.6918600965951367  2.9868130394243653 -0.73196103953625424  2.914816673411937 -0.74924761598623513  2.840195703763519 -0.76348203556104421  2.7633103939842392 -0.77438180284883218  2.6847869902314252 -0.781726860118101  2.6054501402436672 -0.78539816339744795  2.5261129449194102 -0.78539816339744806 
 1.5707963267948966 8 2.3561944901923444 6 2.7488935718910685 6 3.1415926535897931 8
1 0 0 1 0 
1 1.5707963267948966 0 0 1 
1 0 0 1 0 
7 0 0  7 20 4  4.096909271714301 0  4.017572076390044 0.079337195324256163  3.9382338891307427 0.15867405707213322  3.8572712513901024 0.2371975135482387  3.7730237211017084 0.31408266079961322  3.6837629884914804 0.38838822498637171  3.5872124901429245 0.45882022687564611  3.428538099494411 0.55598804995962159  3.3733385351654444 0.58696417112676758  3.3155906740568759 0.61630457999823363  3.2550735686396104 0.6437596477395725  3.1916279376271839 0.66904607136143646  3.1252184299123043 0.69186009659513292  2.9868130394243644 0.73196103953625047  2.9148166734118957 0.74924761598624923  2.8401957037635595 0.76348203556102079  2.7633103939842676 0.77438180284880886  2.684786990231363 0.78172686011811543  2.6054501402436618 0.7853981633974445  2.5261129449194057 0.7853981633974445 
 1.5707963267948966 8 2.3561944901923346 6 2.7488935718910628 6 3.1415926535897931 8
1 0 0 1 0 
7 0 0  7 20 4  4.096909271714301 0  4.0175720763900449 -0.079337195324256898  3.9382338891294921 -0.15867405707213322  3.8572712513928309 -0.23719751354818186  3.7730237210998894 -0.31408266079967007  3.6837629884923899 -0.3883882249863575  3.5872124901429254 -0.45882022687565344  3.4285380994944128 -0.55598804995963003  3.3733385351654035 -0.5869641711267598  3.3155906740569492 -0.61630457999823562  3.2550735686396712 -0.64375964773958061  3.1916279376271239 -0.66904607136143912  3.1252184299123074 -0.69186009659514236  2.9868130394243662 -0.73196103953626035  2.9148166734118761 -0.7492476159862369  2.8401957037636123 -0.76348203556106042  2.7633103939843329 -0.77438180284884239  2.684786990231363 -0.78172686011809311  2.6054501402436645 -0.78539816339745516  2.5261129449194075 -0.78539816339745527 
 1.5707963267948966 8 2.3561944901923462 6 2.7488935718910721 6 3.1415926535897931 8
7 0 0  7 26 5  1.5707963267948966 2.6608336953373559  1.6022526534444363 2.6608336953373559  1.633767028904467 2.6614836309139172  1.6653212408736127 2.6627877754676672  1.6968986455115886 2.6647494544886294  1.7284835910024547 2.6673712372536009  1.7600608411178642 2.6706551285235363  1.8502139566897104 2.6819338735390317  1.9087382839606764 2.6915547064033185  1.9670836940400116 2.7034752604209378  2.0251589839858464 2.7177010883158732  2.0828743631773627 2.7342388652761991  2.1401302508592011 2.7531002755581082  2.2361260644109486 2.789014575819627  2.2751693615531829 2.8048533283108132  2.3138983401034081 2.8218282851574332  2.3522731371159473 2.8399498962295242  2.3902494107719763 2.8592334490292659  2.4277756306082106 2.8797012697702309  2.5244143148920557 2.9363133119301223  2.5826466455564816 2.9743582249620788  2.6393241505491556 3.0156996121845223  2.6941369849901453 3.06054952489405  2.7465587837327403 3.1092319837722071  2.7958703878410738 3.1620942279958459  2.8407801783331745 3.2200000000000166 
 0 8 0.16075141119929079 6 0.45928149016734043 6 0.66638854729554797 6 1 8
7 0 0  7 26 5  3.4768957157027449 -0.52636628263265228  3.4559587437631829 -0.50064109677103674  3.4352579843778934 -0.47492335544475212  3.4147383987007545 -0.44923858584691029  3.3943518508329329 -0.42360914847738451  3.3740561944643974 -0.39805488803794076  3.3538143595154284 -0.37259378432736934  3.2960413388029228 -0.30016314009273543  3.2585582515689997 -0.25345868311381731  3.2209378949068244 -0.20724103778934064  3.1830165875431482 -0.16159363304171878  3.1446626272304679 -0.11658267517276068  3.1057745778930403 -0.072260267661580127  3.0388947354710019 0.0015888031917019759  3.0112112068671082 0.031491716132763324  2.9832151277944514 0.061040426700648895  2.9548897224804831 0.0902314853169877  2.9262260665124975 0.11906901459466576  2.8972249617866761 0.14756691569887145  2.8206597663500834 0.22115058142082333  2.7726282706397538 0.26568666104661265  2.723791348718501 0.30954725659617166  2.6742569878611135 0.35292671338516479  2.6243500541428784 0.39615176268328878  2.5745870258560157 0.43967589764873205  2.5261129449194044 0.48458568814083414 
 0 8 0.16075141119929079 6 0.45928149016734043 6 0.66638854729554797 6 1 8
7 0 0  3 47 45  1.5707963267948966 2.660833695337363  1.5811734944097753 2.660833671554633  1.6019439360225272 2.661015594387913  1.633137834239706 2.6618364564803669  1.6643597340070835 2.6632074685815388  1.6955999292160466 2.6651304335380832  1.7268489343918514 2.6676069445831776  1.7580975252263618 2.6706383850829543  1.7893363898500585 2.6742259335749501  1.8205570087939937 2.6783707075992997  1.851750823676872 2.6830737023815208  1.8829083691370405 2.6883356683254709  1.9140207327552512 2.6941573364571489  1.9450790665073618 2.7005393995487035  1.9760746200638746 2.7074825559646105  2.0069986381884104 2.7149875345919026  2.0378422975477646 2.7230551227923705  2.0685966339078199 2.7316861912648172  2.0992524748099117 2.7408817183246947  2.1298003606016702 2.7506428096868376  2.160230501475342 2.7609707268983179  2.1905325913800131 2.771866875749244  2.2206961422369917 2.7833329362028754  2.2507117987524357 2.7953715679284996  2.2805683379678618 2.8079853330404712  2.310254485981901 2.8211773879387771  2.3397583547821772 2.8349514271811147  2.3690674491175518 2.8493118038313847  2.3981685713140486 2.864263633794875  2.4270475431325806 2.8798127877322344  2.4556897464310166 2.8959663486686016  2.4840775623640834 2.9127313192468804  2.512183904832304 2.9301105295040344  2.5399977819856323 2.9481186098530827  2.5675011973870272 2.9667688568705342  2.5946739888611727 2.9860763360826641  2.6214922827086773 3.0060572532851824  2.6479286436356246 3.0267293313780952  2.6739517350049873 3.0481119555980816  2.6995260507304693 3.0702264532213084  2.7246115545510468 3.0930964351484094  2.7491632163178457 3.1167482782324347  2.7731305456139141 3.1412116600862379  2.7964566290390533 3.1665205751391272  2.8190784468687835 3.1927133597170867  2.833640659793883 3.2107960138132836  2.8407801783331745 3.2200000000000166 
 0 4 0.022727272727272728 1 0.045454545454545456 1 0.068181818181818177 1 0.090909090909090912 1 0.11363636363636365 1 0.13636363636363635 1 0.15909090909090909 1 0.18181818181818182 1 0.20454545454545456 1 0.22727272727272729 1 0.25 1 0.27272727272727271 1 0.29545454545454547 1 0.31818181818181818 1 0.34090909090909094 1 0.36363636363636365 1 0.38636363636363635 1 0.40909090909090912 1 0.43181818181818182 1 0.45454545454545459 1 0.47727272727272729 1 0.5 1 0.52272727272727271 1 0.54545454545454541 1 0.56818181818181823 1 0.59090909090909094 1 0.61363636363636365 1 0.63636363636363635 1 0.65909090909090906 1 0.68181818181818188 1 0.70454545454545459 1 0.72727272727272729 1 0.75 1 0.77272727272727271 1 0.79545454545454553 1 0.81818181818181823 1 0.84090909090909094 1 0.86363636363636365 1 0.88636363636363635 1 0.90909090909090917 1 0.93181818181818188 1 0.95454545454545459 1 0.97727272727272729 1 1 4
1 0 4 1 0 
7 0 0  7 20 4  4.096909271714301 0  4.017572076390044 -0.079337195324256427  3.9382338891305153 -0.15867405707213322  3.8572712513896477 -0.23719751354821028  3.7730237211039821 -0.31408266079967007  3.6837629884914804 -0.38838822498634329  3.5872124901429228 -0.45882022687564722  3.4285380994944101 -0.55598804995962303  3.3733385351653626 -0.58696417112677302  3.3155906740569248 -0.61630457999822041  3.2550735686396712 -0.6437596477395624  3.1916279376271226 -0.66904607136144689  3.1252184299123025 -0.69186009659513392  2.9868130394243622 -0.73196103953625147  2.9148166734118952 -0.74924761598624456  2.840195703763527 -0.763482035561034  2.7633103939842476 -0.77438180284881908  2.6847869902313826 -0.78172686011810577  2.6054501402436601 -0.78539816339744672  2.526112944919404 -0.78539816339744672 
 1.5707963267948966 8 2.3561944901923475 6 2.7488935718910703 6 3.1415926535897931 8
1 -6.6613381477509392e-16 4 1 0 
7 0 0  5 18 5  2.5261129449193906 -0.070480085653370633  2.5690789907056866 -0.013723749196717171  2.611507400310431 0.04390408837168347  2.653096043281022 0.10273684996361962  2.6936583133004222 0.16294495563766689  2.7603608046306611 0.26724407929492466  2.7870996471906522 0.3105963507811168  2.8132440330222419 0.35463792660480808  2.8387701296601966 0.3993545631719897  2.8875725153225043 0.48822821861649357  2.9108995769261048 0.53233916802207082  2.9336428072884342 0.57698622393169896  2.9558170055520785 0.6221166965757835  2.9829911538058722 0.67925924638169266  2.9884768661200773 0.69089204044785035  2.9939297779223915 0.70255012054711208  2.9993509861481868 0.71423224379518446  3.0047418141037552 0.7259371205549946 
 0 6 0.3957988205483049 4 0.66985337799679001 4 0.93294340764939432 4 1 6
7 0 0  5 18 5  2.4266745758455972 0.88499999999976353  2.3699182393889524 0.942860155269588  2.3098078618636295 0.99584736427938148  2.2468939412053639 1.0437634825767359  2.1815993709198267 1.0863487703970935  2.0677747557270942 1.1489580165325608  2.0202653896440639 1.171892746049672  1.9719602026142109 1.1920584836118451  1.9229950515091487 1.209372881265055  1.8260290156714578 1.2375951678424346  1.7780645232276471 1.2487326241282424  1.7297665225943162 1.2571275293356163  1.6812637316648276 1.2627458520712795  1.620323732298349 1.2663049312566454  1.6079421116545667 1.2668470969599268  1.5955587937362439 1.2672084548073017  1.5831760918069209 1.2673890483981753  1.5707963267948966 1.2673890483981753 
 0 6 0.3957988205483049 4 0.66985337799679001 4 0.93294340764939432 4 1 6
7 0 0  3 47 45  2.4266745758455972 -2.9950000000002355  2.4212428624363382 -2.9894626664739854  2.410305767926197 -2.9784950895517857  2.3936851056423549 -2.9623673673333388  2.3768554584669115 -2.9465656327381975  2.3598226762791317 -2.93109232932908  2.3425924925877024 -2.9159499598328686  2.325170512335319 -2.9011410910447948  2.3075622225774515 -2.8866683467161707  2.2897729980517632 -2.8725344036623475  2.2718081091334277 -2.8587419870075936  2.2536727301577728 -2.8452938656610125  2.2353719486366788 -2.832192847731867  2.2169107751946076 -2.8194417759564252  2.198294154272483 -2.8070435231385984  2.1795269754221618 -2.7950009875245625  2.1606140856551663 -2.7833170884275797  2.1415603009335076 -2.7719947609176074  2.1223704237136447 -2.7610369540020585  2.1030492404978518 -2.7504466157767604  2.0836015397354886 -2.7402267133211109  2.0640322498067079 -2.7303802496643814  2.0443462412903672 -2.7209101682654979  2.0245483765234313 -2.7118193660048213  2.0046435077591425 -2.7031106824275888  1.9846364903750076 -2.6947868953595129  1.9645321931738489 -2.6868507147820249  1.9443355110965879 -2.6793047772970571  1.9240513769311085 -2.6721516399736491  1.9036847802212016 -2.6653937760781985  1.8832407637941084 -2.6590335638876454  1.8627245078053167 -2.6530733012880279  1.8421406718181645 -2.6475150055005892  1.821494600747066 -2.6423607408811263  1.800791505722722 -2.6376123865344616  1.7800366038800384 -2.6332716678552814  1.7592350974004343 -2.6293401439792938  1.7383921962602242 -2.6258192070334023  1.7175131303880802 -2.622710078279384  1.6966031638799774 -2.6200138048846209  1.6756676148628769 -2.6177312572906355  1.654711853857386 -2.6158631235642051  1.6337413854882907 -2.6144099152196443  1.6127616211167191 -2.6133719301742069  1.5917777410835341 -2.612749264918484  1.5777893842994501 -2.6126109348394571  1.5707963267948966 -2.6126109516018197 
 0 4 0.022727272727272728 1 0.045454545454545456 1 0.068181818181818177 1 0.090909090909090912 1 0.11363636363636365 1 0.13636363636363635 1 0.15909090909090909 1 0.18181818181818182 1 0.20454545454545456 1 0.22727272727272729 1 0.25 1 0.27272727272727271 1 0.29545454545454547 1 0.31818181818181818 1 0.34090909090909094 1 0.36363636363636365 1 0.38636363636363635 1 0.40909090909090912 1 0.43181818181818182 1 0.45454545454545459 1 0.47727272727272729 1 0.5 1 0.52272727272727271 1 0.54545454545454541 1 0.56818181818181823 1 0.59090909090909094 1 0.61363636363636365 1 0.63636363636363635 1 0.65909090909090906 1 0.68181818181818188 1 0.70454545454545459 1 0.72727272727272729 1 0.75 1 0.77272727272727271 1 0.79545454545454553 1 0.81818181818181823 1 0.84090909090909094 1 0.86363636363636365 1 0.88636363636363635 1 0.90909090909090917 1 0.93181818181818188 1 0.95454545454545459 1 0.97727272727272729 1 1 4
1 0 0 1 0 
7 0 0  7 20 4  4.0969092717142974 2.6316397620744414e-15  4.0175720763900413 0.079337195324259285  3.9382338891304016 0.15867405707204796  3.8572712513887382 0.23719751354829555  3.7730237211035274 0.31408266079952796  3.6837629884914804 0.38838822498642855  3.5872124901429219 0.45882022687564916  3.4285380994944092 0.55598804995962536  3.3733385351654435 0.58696417112677879  3.3155906740568111 0.61630457999823973  3.2550735686395575 0.64375964773958161  3.1916279376272039 0.66904607136145267  3.1252184299123025 0.6918600965951367  2.9868130394243622 0.73196103953625435  2.9148166734119156 0.74924761598625034  2.8401957037635719 0.76348203556103711  2.76331039398428 0.77438180284882507  2.6847869902313835 0.78172686011811698  2.6054501402436623 0.78539816339744994  2.5261129449194057 0.78539816339744994 
 1.5707963267948966 8 2.3561944901923435 6 2.7488935718910685 6 3.1415926535897931 8
1 4 0 0 -1 
1 1.5707963267948966 0 0 1 
8 0 8.8900000000000006
1 2.7899457005599122 0 0 1 
8 0 8.8900000000000006
1 1.2673890483983214 0 0 -1 
1 0 0 0 -1 
1 1.5707963267948966 0 0 1 
8 0 8.8900000000000006
1 2.6608336953374625 0 0 -1 
8 0 8.8900000000000006
1 2.3609956613676713 0 0 1 
1 3.1415926535897931 -1.6000000000000014 0 1 
1 1.5707963267948966 0 0 1 
1 4 0 0 1 
8 -0.060000000000002274 3.9399999999999977
1 -3.9400000000000013 -5.7950000000000017 -1 0 
8 -0.060000000000002274 3.9399999999999977
1 3.9399999999999977 0.55000000000000071 -1 -0 
8 -5.999999999062311e-07 0.66850000000000165
1 3.7936290383547648 0 0 1 
8 -5.999999999062311e-07 0.66850000000000165
1 0.28918482638393073 0.55000000000000071 0 -1 
1 0 0 1 0 
2 0 0 1 0 -0 1 9.5499999999999989
2 -3.8800000000000026 -4.4450000000000021 -1 -1.1102230246251565e-16 -1.1102230246251565e-16 1 1.3500000000000001
1 6.2831853071795862 0.55000000000000071 -1 0 
1 -3.879999999999999 -5.7716499161421622 1 0 
1 2.9553323500132369 0 0 1 
2 3.620000000000001 -4.4450000000000021 1 -1.1102230246251565e-16 -1.1102230246251565e-16 -1 1.3500000000000001
1 0 0.55000000000000071 1 0 
8 -5 -1.8100000000000023
1 1.8099999999999987 -5.7950000000000017 -1 0 
8 -5 -1.8100000000000023
1 -1.8100000000000023 0.55000000000000071 -1 -0 
2 6.8099999999999987 -4.4450000000000021 -1 -1.1102230246251565e-16 -1.1102230246251565e-16 1 1.3500000000000001
1 6.2831853071795862 0.55000000000000071 -1 0 
8 -2.222500000000001 6.6674999999999995
1 8.1600000000000001 -2.222500000000001 0 1 
8 -2.222500000000001 6.6674999999999995
1 0.55000000000000049 2.222500000000001 -1.2246467991473532e-16 1 
2 6.8099999999999987 4.4449999999999985 -1 1.1102230246251565e-16 1.1102230246251565e-16 1 1.3500000000000001
1 0 0.55000000000000071 1 0 
8 -5 -1.8100000000000023
1 1.8099999999999987 5.7949999999999982 -1 0 
8 -5 -1.8100000000000023
1 -1.8100000000000023 0.55000000000000071 -1 -0 
2 3.620000000000001 4.4449999999999985 1 1.1102230246251565e-16 1.1102230246251565e-16 -1 1.3500000000000001
1 6.2831853071795862 0.55000000000000071 -1 0 
1 0 5.7716499161421586 1 0 
1 2.9553323500132369 0 0 1 
2 -3.8800000000000026 4.4449999999999985 -1 1.1102230246251565e-16 1.1102230246251565e-16 1 1.3500000000000001
1 0 0.55000000000000071 1 0 
8 -0.060000000000002274 3.9399999999999977
1 -3.9400000000000013 5.7949999999999982 -1 0 
8 -0.060000000000002274 3.9399999999999977
1 3.9399999999999977 0.55000000000000071 -1 -0 
1 6.2831853071795862 0 1 0 
1 4 0 0 1 
1 1.5707963267948966 0 0 1 
1 0 1.1849999999999987 1 0 
1 2.5261129449194044 2.3561944901923431 0 -1 
7 0 0  6 7 2  1.5707963267948966 0.30000000000000071  1.6899493397522678 0.46085656749245196  1.8091023527096723 0.62171299528240098  1.9282553656668995 0.77845955643327613  2.0474083786244393 0.92698176241815133  2.1665613915817512 1.0635296539383807  2.2857144045391227 1.1850000000000094 
 4.7123889803846897 7 5.4273070581289176 7
7 0 0  6 7 2  3.1415926535897931 -3.5527136788005009e-15  3.0224396406324217 0.1608565674924477  2.9032866276751008 0.32171299528241448  2.7841336147175184 0.47845955643325766  2.6649806017603623 0.62698176241816839  2.5458275888029376 0.76352965393837646  2.4266745758455661 0.88500000000000512 
 4.7123889803846897 7 5.4273070581289176 7
7 0 0  3 25 23  2.9553323500132369 -3.6300000000000026  2.9473223837379696 -3.6193735709067134  2.9313024511874337 -3.5981688625069386  2.907272552361631 -3.5665245091857738  2.8832426535358247 -3.5350611651874151  2.8592127547100241 -3.5037969901143784  2.8351828558842214 -3.4727500381935941  2.8111529570584155 -3.4419382356462243  2.7871230582326159 -3.4113793736073861  2.76309315940681 -3.3810910969770442  2.7390632605810081 -3.3510908944665685  2.715033361755204 -3.3213960884376226  2.6910034629293995 -3.2920238249170519  2.6669735641036003 -3.2629910636918393  2.6429436652777922 -3.2343145685185295  2.6189137664519926 -3.2060108974398558  2.5948838676261881 -3.1780963932373658  2.5708539688003844 -3.1505871739451186  2.5468240699745817 -3.123499123729133  2.5227941711487789 -3.0968478830209838  2.4987642723229762 -3.0706488420798168  2.4747343734971725 -3.0449171224288736  2.4507044746713675 -3.0196676042393698  2.434684542120833 -3.0031657233830353  2.4266745758455661 -2.9949999999999939 
 4.8986492839612463 4 4.92267918278705 1 4.9467090816128527 1 4.9707389804386564 1 4.9947688792644591 1 5.0187987780902628 1 5.0428286769160655 1 5.0668585757418692 1 5.0908884745676719 1 5.1149183733934755 1 5.1389482722192783 1 5.1629781710450819 1 5.1870080698708856 1 5.2110379686966883 1 5.235067867522492 1 5.2590977663482947 1 5.2831276651740984 1 5.3071575639999011 1 5.3311874628257048 1 5.3552173616515075 1 5.3792472604773112 1 5.4032771593031139 1 5.4273070581289176 4
1 0 1.1849999999999987 1 0 
1 2.5261129449194044 -2.3561944901923431 -0 1 
7 0 0  6 7 2  2.2857144045390778 1.1849999999999632  2.1665613915817143 1.0635296539383376  2.0474083786243398 0.92698176241812291  1.9282553656669563 0.7784595564332335  1.8091023527096013 0.62171299528239388  1.68994933975226 0.46085656749244153  1.5707963267948966 0.30000000000000071 
 0.85587824905071519 7 1.5707963267948966 7
7 0 0  6 7 2  2.4266745758456119 0.88499999999995893  2.5458275888029753 0.76352965393833327  2.6649806017603055 0.62698176241810799  2.7841336147176321 0.47845955643324345  2.903286627675044 0.32171299528238251  3.0224396406324296 0.16085656749243724  3.1415926535897931 -3.5527136788005009e-15 
 0.85587824905071519 7 1.5707963267948966 7
7 0 0  3 25 23  2.4266745758456119 0.88499999999995893  2.4346845421208783 0.87683427661691571  2.4507044746714124 0.86033239576058218  2.474734373497216 0.8350828775710839  2.4987642723230157 0.80935115792013912  2.5227941711488189 0.7831521169789718  2.5468240699746154 0.7565008762708284  2.5708539688004204 0.72941282605484026  2.5948838676262178 0.70190360676259866  2.6189137664520237 0.67398910256010758  2.6429436652778198 0.64568543148143709  2.6669735641036225 0.61700893630813269  2.6910034629294235 0.58797617508291899  2.7150333617552276 0.55860391156234623  2.7390632605810268 0.5289091055334072  2.7630931594068282 0.49890890302293206  2.7871230582326287 0.46862062639259694  2.811152957058431 0.43806176435375582  2.835182855884232 0.40724996180639189  2.8592127547100317 0.37620300988561112  2.8832426535358331 0.34493883481257304  2.9072725523616363 0.3134754908142186  2.9313024511874368 0.28183113749305677  2.9473223837379701 0.26062642909328487  2.9553323500132369 0.24999999999999645 
 0.85587824905071519 4 0.87990814787651628 1 0.90393804670231748 1 0.92796794552811857 1 0.95199784435391976 1 0.97602774317972085 1 1.0000576420055221 1 1.024087540831323 1 1.0481174396571242 1 1.0721473384829254 1 1.0961772373087264 1 1.1202071361345276 1 1.1442370349603288 1 1.16826693378613 1 1.192296832611931 1 1.2163267314377322 1 1.2403566302635334 1 1.2643865290893346 1 1.2884164279151356 1 1.3124463267409368 1 1.336476225566738 1 1.3605061243925389 1 1.3845360232183401 4
1 0 0 0 1 
1 1.5707963267948966 0 0 1 
1 0 0.69999999999999929 1 0 
1 2.5261129449194044 2.35619449019234 0 -1 
7 0 0  5 6 2  3.1415926535897931 3.620000000000001  3.0814301585384833 3.5387806316807331  3.0212676634871798 3.4575612593182186  2.9611051684358678 3.37695435698474  2.9009426733845549 3.2975722995692927  2.8407801783332451 3.2200000000000948 
 1.5707963267948966 6 1.8716088020514445 6
7 0 0  5 6 2  1.5707963267948966 0.30000000000000071  1.6309588218462061 0.38121936831926867  1.6911213168975223 0.46243874068179203  1.7512838119488272 0.54304564301524927  1.8114463070001354 0.62242770043070916  1.871608802051445 0.69999999999990692 
 1.5707963267948966 6 1.8716088020514445 6
7 0 0  3 25 23  2.9553323500132342 7.2499999999999929  2.9535967110483843 7.2476974146970061  2.950125433118687 7.2430945034829337  2.9449185162241451 7.2361971018195961  2.9397115993295988 7.2293068523717405  2.9345046824350551 7.2224239419323171  2.9292977655405075 7.2155485571142464  2.9240908486459625 7.2086808843213692  2.9188839317514206 7.2018211097497762  2.9136770148568738 7.1949694193810778  2.9084700979623292 7.1881259989777666  2.903263181067786 7.1812910340781455  2.8980562641732388 7.1744647099912511  2.892849347278692 7.1676472117918202  2.8876424303841519 7.1608387243153695  2.8824355134896051 7.1540394321530743  2.8772285965950588 7.147249519646806  2.8720216797005169 7.140469170884125  2.8668147628059701 7.1336985696934514  2.8616078459114238 7.1269378996383272  2.856400929016881 7.1201873440151742  2.8511940121223356 7.1134470858384322  2.8459870952277906 7.1067173078721746  2.8425158172980938 7.102237897616642  2.8407801783332451 7.1000000000000938 
 1.757056630371457 4 1.7622635472660018 1 1.7674704641605468 1 1.7726773810550918 1 1.7778842979496365 1 1.7830912148441813 1 1.7882981317387263 1 1.7935050486332713 1 1.7987119655278161 1 1.8039188824223609 1 1.8091257993169059 1 1.8143327162114509 1 1.8195396331059956 1 1.8247465500005404 1 1.8299534668950854 1 1.8351603837896304 1 1.8403673006841752 1 1.84557421757872 1 1.850781134473265 1 1.85598805136781 1 1.8611949682623548 1 1.8664018851568995 1 1.8716088020514445 4
1 3.1415926535897931 0 0 1 
1 0 0.69999999999999929 1 0 
1 3.1899999999999977 0 0 1 
1 1.5707963267948966 0 0 1 
1 2.526112944919408 -2.3561944901923462 -0 1 
1 0 0.69999999999999929 1 0 
1 0 0 1 0 
1 3.1415926535897931 0 0 1 
1 0 8.8900000000000006 1 0 
1 3.1415926535897931 0 0 1 
1 3.1415926535897931 0 0 1 
1 0.69999999999999929 0 0 1 
1 3.1899999999999977 0 0 1 
1 1.5707963267948966 0 0 1 
1 2.526112944919408 2.3561944901923462 0 -1 
1 0 0.69999999999999929 1 0 
1 0 0 0 1 
1 1.5707963267948966 0 0 1 
1 0 0.69999999999999929 1 0 
1 3.1415926535897931 0 0 1 
1 0 0.69999999999999929 1 0 
1 2.5261129449194044 -2.35619449019234 -0 1 
7 0 0  5 6 2  2.8407801783331843 3.2200000000000166  2.9009426733845061 3.2975722995692283  2.9611051684358429 3.3769543569847045  3.0212676634871478 3.457561259318183  3.0814301585384714 3.5387806316807167  3.1415926535897931 3.620000000000001 
 4.4115765051280817 6 4.7123889803846897 6
7 0 0  5 6 2  1.8716088020515051 0.69999999999998508  1.8114463070001836 0.62242770043077333  1.7512838119488627 0.54304564301529989  1.6911213168975436 0.46243874068182489  1.6309588218462181 0.38121936831928482  1.5707963267948966 0.30000000000000071 
 4.4115765051280817 6 4.7123889803846897 6
7 0 0  3 25 23  2.8407801783331843 3.2200000000000166  2.8425158172980338 3.2222378976165627  2.8459870952277324 3.226717307872097  2.8511940121222801 3.2334470858383626  2.8564009290168295 3.2401873440151046  2.8616078459113745 3.2469378996382661  2.866814762805924 3.253698569693384  2.872021679700469 3.2604691708840714  2.8772285965950197 3.2672495196467488  2.8824355134895638 3.2740394321530242  2.8876424303841133 3.2808387243153319  2.8928493472786596 3.2876472117917785  2.8980562641732099 3.2944647099912077  2.9032631810677545 3.3012910340781096  2.9084700979623026 3.3081259989777423  2.9136770148568498 3.3149694193810491  2.9188839317513993 3.3218211097497474  2.9240908486459465 3.328680884321352  2.9292977655404941 3.3355485571142256  2.9345046824350409 3.3424239419322963  2.9397115993295881 3.3493068523717286  2.9449185162241358 3.3561971018195793  2.9501254331186852 3.3630945034829276  2.9535967110483834 3.3676974146970049  2.9553323500132316 3.3699999999999939 
 4.4115765051280817 4 4.416783422022629 1 4.4219903389171771 1 4.4271972558117243 1 4.4324041727062715 1 4.4376110896008196 1 4.4428180064953668 1 4.448024923389915 1 4.4532318402844622 1 4.4584387571790094 1 4.4636456740735575 1 4.4688525909681047 1 4.4740595078626519 1 4.4792664247572 1 4.4844733416517473 1 4.4896802585462945 1 4.4948871754408426 1 4.5000940923353898 1 4.5053010092299379 1 4.5105079261244851 1 4.5157148430190324 1 4.5209217599135805 1 4.5261286768081277 4
7 0 0  7 20 4  4.0969092717142974 -2.6316397620744414e-15  4.0175720763900413 -0.079337195324259285  3.9382338891304016 -0.15867405707204796  3.8572712513887382 -0.23719751354829555  3.7730237211035274 -0.31408266079952796  3.6837629884914804 -0.38838822498642855  3.5872124901429219 -0.45882022687564916  3.4285380994944092 -0.55598804995962536  3.3733385351654435 -0.58696417112677879  3.3155906740568111 -0.61630457999823973  3.2550735686395575 -0.64375964773958161  3.1916279376272039 -0.66904607136145267  3.1252184299123025 -0.6918600965951367  2.9868130394243622 -0.73196103953625435  2.9148166734119156 -0.74924761598625034  2.8401957037635719 -0.76348203556103711  2.76331039398428 -0.77438180284882507  2.6847869902313835 -0.78172686011811698  2.6054501402436623 -0.78539816339744994  2.5261129449194057 -0.78539816339744994 
 1.5707963267948966 8 2.3561944901923435 6 2.7488935718910685 6 3.1415926535897931 8
1 0 8.8900000000000006 1 0 
7 0 0  5 18 5  2.5261129449193902 0.070480085653362501  2.5690789907056883 0.013723749196706381  2.6115074003104257 -0.043904088371676364  2.6530960432810313 -0.1027368499636353  2.6936583133004168 -0.16294495563766698  2.7603608046306523 -0.26724407929491906  2.787099647190673 -0.31059635078114539  2.8132440330222179 -0.35463792660478705  2.8387701296602046 -0.39935456317200402  2.8875725153225078 -0.48822821861650012  2.9108995769260928 -0.5323391680220626  2.9336428072884377 -0.57698622393171606  2.9558170055520758 -0.62211669657577984  2.9829911538058704 -0.67925924638169211  2.9884768661200738 -0.69089204044785324  2.9939297779223866 -0.70255012054711441  2.9993509861481824 -0.71423224379518291  3.0047418141037516 -0.72593712055499438 
 0 6 0.3957988205483351 4 0.66985337799676126 4 0.93294340764939632 4 1 6
7 0 0  5 18 5  2.4266745758455945 0.88499999999977419  2.3699182393889466 0.94286015526960087  2.3098078618636313 0.99584736427938036  2.2468939412053541 1.0437634825767517  2.1815993709198294 1.0863487703970987  2.0677747557271036 1.1489580165325617  2.0202653896440332 1.1718927460496917  1.9719602026142378 1.1920584836118382  1.9229950515091332 1.2093728812650659  1.8260290156714507 1.2375951678424428  1.7780645232276546 1.2487326241282397  1.7297665225943042 1.2571275293356305  1.68126373166483 1.2627458520712831  1.6203237322983484 1.266304931256649  1.6079421116545647 1.2668470969599348  1.5955587937362428 1.2672084548073095  1.5831760918069224 1.2673890483981787  1.5707963267948966 1.2673890483981787 
 0 6 0.3957988205483351 4 0.66985337799676126 4 0.93294340764939632 4 1 6
7 0 0  3 47 45  2.4266745758455945 -2.9950000000002248  2.4212428624363351 -2.9894626664739743  2.4103057679261934 -2.9784950895517741  2.3936851056423536 -2.9623673673333304  2.3768554584669128 -2.9465656327382019  2.3598226762791392 -2.931092329329072  2.3425924925877024 -2.9159499598328775  2.325170512335323 -2.9011410910447899  2.307562222577463 -2.8866683467161809  2.2897729980517689 -2.8725344036623541  2.2718081091334383 -2.8587419870075768  2.2536727301577866 -2.8452938656610312  2.2353719486366872 -2.8321928477318714  2.216910775194624 -2.8194417759564292  2.1982941542725007 -2.8070435231386002  2.1795269754221751 -2.7950009875245536  2.1606140856551916 -2.7833170884275935  2.1415603009335284 -2.7719947609176243  2.1223704237136705 -2.7610369540020621  2.1030492404978713 -2.7504466157767693  2.0836015397355103 -2.7402267133211127  2.0640322498067225 -2.7303802496643863  2.0443462412903717 -2.7209101682654953  2.0245483765234318 -2.7118193660048253  2.004643507759146 -2.7031106824275759  1.9846364903750009 -2.6947868953595195  1.9645321931738424 -2.686850714782012  1.9443355110965761 -2.6793047772970602  1.9240513769310899 -2.6721516399736287  1.9036847802211758 -2.6653937760781936  1.8832407637940789 -2.6590335638876219  1.8627245078052885 -2.6530733012880212  1.8421406718181375 -2.6475150055005776  1.8214946007470454 -2.6423607408811156  1.8007915057227033 -2.6376123865344536  1.7800366038800211 -2.6332716678552575  1.7592350974004207 -2.6293401439792907  1.7383921962602116 -2.6258192070334174  1.7175131303880693 -2.6227100782793711  1.6966031638799688 -2.6200138048846133  1.6756676148628717 -2.617731257290635  1.6547118538573848 -2.6158631235641945  1.6337413854882914 -2.6144099152196474  1.6127616211167177 -2.6133719301742064  1.5917777410835352 -2.612749264918484  1.577789384299451 -2.6126109348394571  1.5707963267948966 -2.6126109516018197 
 0 4 0.022727272727272728 1 0.045454545454545456 1 0.068181818181818177 1 0.090909090909090912 1 0.11363636363636365 1 0.13636363636363635 1 0.15909090909090909 1 0.18181818181818182 1 0.20454545454545456 1 0.22727272727272729 1 0.25 1 0.27272727272727271 1 0.29545454545454547 1 0.31818181818181818 1 0.34090909090909094 1 0.36363636363636365 1 0.38636363636363635 1 0.40909090909090912 1 0.43181818181818182 1 0.45454545454545459 1 0.47727272727272729 1 0.5 1 0.52272727272727271 1 0.54545454545454541 1 0.56818181818181823 1 0.59090909090909094 1 0.61363636363636365 1 0.63636363636363635 1 0.65909090909090906 1 0.68181818181818188 1 0.70454545454545459 1 0.72727272727272729 1 0.75 1 0.77272727272727271 1 0.79545454545454553 1 0.81818181818181823 1 0.84090909090909094 1 0.86363636363636365 1 0.88636363636363635 1 0.90909090909090917 1 0.93181818181818188 1 0.95454545454545459 1 0.97727272727272729 1 1 4
1 0 4 1 0 
7 0 0  7 20 4  4.096909271714301 0  4.017572076390044 0.079337195324256427  3.9382338891305153 0.15867405707213322  3.8572712513896477 0.23719751354821028  3.7730237211039821 0.31408266079967007  3.6837629884914804 0.38838822498634329  3.5872124901429228 0.45882022687564722  3.4285380994944101 0.55598804995962303  3.3733385351653626 0.58696417112677302  3.3155906740569248 0.61630457999822041  3.2550735686396712 0.6437596477395624  3.1916279376271226 0.66904607136144689  3.1252184299123025 0.69186009659513392  2.9868130394243622 0.73196103953625147  2.9148166734118952 0.74924761598624456  2.840195703763527 0.763482035561034  2.7633103939842476 0.77438180284881908  2.6847869902313826 0.78172686011810577  2.6054501402436601 0.78539816339744672  2.526112944919404 0.78539816339744672 
 1.5707963267948966 8 2.3561944901923475 6 2.7488935718910703 6 3.1415926535897931 8
1 0 4 1 0 
1 0 4 1 0 
7 0 0  7 20 4  4.096909271714301 0  4.017572076390044 -0.079337195324256427  3.9382338891305153 -0.15867405707213322  3.8572712513896477 -0.23719751354821028  3.7730237211039821 -0.31408266079967007  3.6837629884914804 -0.38838822498634329  3.5872124901429228 -0.45882022687564722  3.4285380994944101 -0.55598804995962303  3.3733385351653626 -0.58696417112677302  3.3155906740569248 -0.61630457999822041  3.2550735686396712 -0.6437596477395624  3.1916279376271226 -0.66904607136144689  3.1252184299123025 -0.69186009659513392  2.9868130394243622 -0.73196103953625147  2.9148166734118952 -0.74924761598624456  2.840195703763527 -0.763482035561034  2.7633103939842476 -0.77438180284881908  2.6847869902313826 -0.78172686011810577  2.6054501402436601 -0.78539816339744672  2.526112944919404 -0.78539816339744672 
 1.5707963267948966 8 2.3561944901923475 6 2.7488935718910703 6 3.1415926535897931 8
1 0 4 1 0 
7 0 0  5 18 5  2.5261129449194066 -0.070480085653341656  2.5690789907057034 -0.013723749196686952  2.6115074003104422 0.043904088371696237  2.6530960432810469 0.10273684996365701  2.6936583133004302 0.16294495563768532  2.7603608046306647 0.26724407929493754  2.787099647190689 0.31059635078116243  2.8132440330222304 0.35463792660481153  2.8387701296602161 0.39935456317202278  2.8875725153225185 0.48822821861651788  2.9108995769261083 0.53233916802209469  2.933642807288448 0.57698622393172028  2.9558170055520887 0.62211669657580915  2.982991153805878 0.67925924638171153  2.988476866120084 0.69089204044786368  2.9939297779223959 0.7025501205471214  2.9993509861481868 0.71423224379519112  3.004741814103753 0.72593712055499615 
 0 6 0.39579882054836174 4 0.66985337799679068 4 0.93294340764940831 4 1 6
7 0 0  5 18 5  2.4266745758455732 0.88499999999979195  2.3699182393889258 0.94286015526961553  2.3098078618636166 0.99584736427940146  2.2468939412053222 1.0437634825767597  2.1815993709198098 1.08634877039711  2.0677747557270831 1.1489580165325703  2.0202653896440106 1.1718927460496877  1.971960202614214 1.1920584836118553  1.9229950515091132 1.2093728812650666  1.8260290156714321 1.2375951678424411  1.7780645232276198 1.248732624128249  1.7297665225942991 1.257127529335625  1.6812637316648003 1.2627458520712809  1.6203237322983295 1.266304931256645  1.6079421116545529 1.2668470969599277  1.595558793736235 1.2672084548073042  1.5831760918069153 1.2673890483981787  1.5707963267948966 1.2673890483981787 
 0 6 0.39579882054836174 4 0.66985337799679068 4 0.93294340764940831 4 1 6
7 0 0  3 47 45  2.4266745758455732 0.88499999999979195  2.4212428624363129 0.89053733352604669  2.4103057679261717 0.90150491044824765  2.3936851056423318 0.91763263266668305  2.3768554584668964 0.93343436726182127  2.3598226762791197 0.94890767067094595  2.3425924925876869 0.96405004016712903  2.3251705123353079 0.97885890895522454  2.307562222577447 0.99333165328383322  2.2897729980517583 1.0074655963376549  2.2718081091334277 1.0212580129924094  2.2536727301577781 1.0347061343389703  2.2353719486366823 1.0478071522681296  2.2169107751946142 1.0605582240435794  2.1982941542724959 1.0729564768614013  2.1795269754221747 1.0849990124754245  2.1606140856551876 1.0966829115724221  2.1415603009335267 1.1080052390823718  2.1223704237136749 1.1189630459979303  2.1030492404978745 1.1295533842232359  2.0836015397355085 1.1397732866788666  2.0640322498067238 1.1496197503356194  2.0443462412903757 1.1590898317344975  2.0245483765234344 1.1681806339951706  2.0046435077591447 1.1768893175724173  1.9846364903750062 1.185213104640481  1.9645321931738446 1.1931492852179886  1.9443355110965814 1.2006952227029317  1.9240513769310927 1.2078483600263763  1.9036847802211816 1.2146062239218081  1.8832407637940856 1.2209664361123789  1.8627245078052941 1.2269266987119674  1.8421406718181423 1.2324849944994205  1.8214946007470438 1.2376392591188767  1.8007915057227033 1.2423876134655489  1.7800366038800208 1.24672833214473  1.7592350974004181 1.2506598560207098  1.7383921962602078 1.2541807929665878  1.7175131303880657 1.2572899217206222  1.6966031638799637 1.2599861951153986  1.6756676148628611 1.2622687427093584  1.6547118538573733 1.2641368764357936  1.6337413854882818 1.2655900847803583  1.6127616211167091 1.2666280698257768  1.5917777410835312 1.2672507350815267  1.5777893842994501 1.2673890651605524  1.5707963267948966 1.2673890483981793 
 0 4 0.022727272727272728 1 0.045454545454545456 1 0.068181818181818177 1 0.090909090909090912 1 0.11363636363636365 1 0.13636363636363635 1 0.15909090909090909 1 0.18181818181818182 1 0.20454545454545456 1 0.22727272727272729 1 0.25 1 0.27272727272727271 1 0.29545454545454547 1 0.31818181818181818 1 0.34090909090909094 1 0.36363636363636365 1 0.38636363636363635 1 0.40909090909090912 1 0.43181818181818182 1 0.45454545454545459 1 0.47727272727272729 1 0.5 1 0.52272727272727271 1 0.54545454545454541 1 0.56818181818181823 1 0.59090909090909094 1 0.61363636363636365 1 0.63636363636363635 1 0.65909090909090906 1 0.68181818181818188 1 0.70454545454545459 1 0.72727272727272729 1 0.75 1 0.77272727272727271 1 0.79545454545454553 1 0.81818181818181823 1 0.84090909090909094 1 0.86363636363636365 1 0.88636363636363635 1 0.90909090909090917 1 0.93181818181818188 1 0.95454545454545459 1 0.97727272727272729 1 1 4
7 0 0  7 20 4  4.0969092717142974 2.6316397620744414e-15  4.0175720763900413 0.079337195324259285  3.9382338891304016 0.15867405707204796  3.8572712513887382 0.23719751354829555  3.7730237211035274 0.31408266079952796  3.6837629884914804 0.38838822498642855  3.5872124901429219 0.45882022687564916  3.4285380994944092 0.55598804995962536  3.3733385351654435 0.58696417112677879  3.3155906740568111 0.61630457999823973  3.2550735686395575 0.64375964773958161  3.1916279376272039 0.66904607136145267  3.1252184299123025 0.6918600965951367  2.9868130394243622 0.73196103953625435  2.9148166734119156 0.74924761598625034  2.8401957037635719 0.76348203556103711  2.76331039398428 0.77438180284882507  2.6847869902313835 0.78172686011811698  2.6054501402436623 0.78539816339744994  2.5261129449194057 0.78539816339744994 
 1.5707963267948966 8 2.3561944901923435 6 2.7488935718910685 6 3.1415926535897931 8
1 0 0 1 0 
1 0 0 1 0 
7 0 0  7 20 4  4.096909271714301 0  4.0175720763900449 -0.079337195324256898  3.9382338891294921 -0.15867405707213322  3.8572712513928309 -0.23719751354818186  3.7730237210998894 -0.31408266079967007  3.6837629884923899 -0.3883882249863575  3.5872124901429254 -0.45882022687565344  3.4285380994944128 -0.55598804995963003  3.3733385351654035 -0.5869641711267598  3.3155906740569492 -0.61630457999823562  3.2550735686396712 -0.64375964773958061  3.1916279376271239 -0.66904607136143912  3.1252184299123074 -0.69186009659514236  2.9868130394243662 -0.73196103953626035  2.9148166734118761 -0.7492476159862369  2.8401957037636123 -0.76348203556106042  2.7633103939843329 -0.77438180284884239  2.684786990231363 -0.78172686011809311  2.6054501402436645 -0.78539816339745516  2.5261129449194075 -0.78539816339745527 
 1.5707963267948966 8 2.3561944901923462 6 2.7488935718910721 6 3.1415926535897931 8
7 0 0  7 26 5  1.5707963267948966 2.6608336953373559  1.6022526534444363 2.6608336953373559  1.6337670289044659 2.6614836309139123  1.665321240873612 2.6627877754676663  1.6968986455115886 2.6647494544886356  1.7284835910024541 2.6673712372536049  1.7600608411178611 2.6706551285235292  1.8502139566897249 2.6819338735390268  1.9087382839606328 2.6915547064033296  1.9670836940400385 2.7034752604209378  2.0251589839858757 2.7177010883158652  2.0828743631773219 2.7342388652761991  2.140130250859213 2.7531002755581127  2.2361260644109455 2.7890145758196256  2.2751693615531807 2.8048533283108124  2.3138983401034094 2.8218282851574337  2.3522731371159495 2.8399498962295247  2.3902494107719767 2.8592334490292663  2.4277756306082088 2.8797012697702296  2.5244143148920335 2.9363133119301095  2.582646645556554 2.9743582249622977  2.639324150549256 3.0156996121840205  2.694136984989961 3.060549524894733  2.7465587837330241 3.1092319837718767  2.7958703878410702 3.1620942279959552  2.8407801783331852 3.2200000000001658 
 0 8 0.16075141119928629 6 0.45928149016737407 6 0.6663885472956268 6 1 8
7 0 0  7 26 5  3.4768957157027449 -0.52636628263265228  3.4559587437631829 -0.50064109677103652  3.4352579843778934 -0.47492335544475767  3.4147383987007558 -0.44923858584691212  3.3943518508329347 -0.42360914847737929  3.3740561944643983 -0.39805488803793748  3.3538143595154253 -0.37259378432737822  3.2960413388029073 -0.30016314009273087  3.2585582515690255 -0.2534586831138263  3.220937894906819 -0.2072410377893347  3.1830165875431349 -0.16159363304171587  3.1446626272304812 -0.1165826751727734  3.1057745778930319 -0.072260267661570968  3.0388947354710041 0.0015888031916999929  3.0112112068671082 0.031491716132764115  2.9832151277944492 0.061040426700650401  2.9548897224804818 0.090231485316987423  2.9262260665124979 0.11906901459466375  2.8972249617866774 0.14756691569887007  2.8206597663501007 0.22115058142080657  2.772628270639744 0.26568666104683547  2.7237913487182568 0.30954725659572579  2.6742569878614835 0.352926713385741  2.6243500541424893 0.39615176268302255  2.5745870258560339 0.43967589764882187  2.5261129449194044 0.48458568814095315 
 0 8 0.16075141119928629 6 0.45928149016737407 6 0.6663885472956268 6 1 8
7 0 0  3 47 45  1.5707963267948959 6.540833695337362  1.5811734944097742 6.540833671554636  1.6019439360225265 6.541015594387912  1.6331378342397096 6.5418364564803548  1.6643597340070846 6.543207468581536  1.6955999292160531 6.5451304335381053  1.7268489343918532 6.5476069445831744  1.7580975252263658 6.5506383850829799  1.7893363898500663 6.5542259335749335  1.820557008794 6.5583707075992974  1.8517508236768734 6.5630737023815007  1.8829083691370299 6.5683356683254654  1.9140207327552421 6.5741573364571391  1.9450790665073459 6.5805393995487043  1.9760746200638577 6.5874825559646109  2.0069986381883864 6.5949875345918976  2.037842297547737 6.603055122792381  2.0685966339077964 6.6116861912647726  2.0992524748098762 6.6208817183247266  2.1298003606016409 6.630642809686794  2.1602305014753016 6.6409707268983276  2.1905325913799687 6.6518668757492412  2.2206961422369393 6.6633329362028695  2.2507117987523793 6.6753715679284795  2.280568337967797 6.6879853330404249  2.3102544859818281 6.7011773879387606  2.3397583547821093 6.7149514271810578  2.3690674491174666 6.7293118038313651  2.3981685713139655 6.7442636337947901  2.4270475431324834 6.759812787732197  2.4556897464309162 6.7759663486685282  2.4840775623639924 6.7927313192468253  2.512183904832213 6.8101105295039837  2.5399977819855732 6.8281186098530373  2.5675011973869766 6.8467688568705096  2.5946739888611488 6.8660763360826325  2.6214922827086493 6.8860572532851627  2.647928643635606 6.9067293313780702  2.6739517350049709 6.9281119555981512  2.6995260507304804 6.9502264532213047  2.7246115545510685 6.9730964351484337  2.7491632163178914 6.9967482782324648  2.773130545613955 7.0212116600862595  2.7964566290391004 7.0465205751391782  2.8190784468687977 7.0727133597171949  2.8336406597938892 7.0907960138134216  2.8407801783331852 7.1000000000001648 
 0 4 0.022727272727272728 1 0.045454545454545456 1 0.068181818181818177 1 0.090909090909090912 1 0.11363636363636365 1 0.13636363636363635 1 0.15909090909090909 1 0.18181818181818182 1 0.20454545454545456 1 0.22727272727272729 1 0.25 1 0.27272727272727271 1 0.29545454545454547 1 0.31818181818181818 1 0.34090909090909094 1 0.36363636363636365 1 0.38636363636363635 1 0.40909090909090912 1 0.43181818181818182 1 0.45454545454545459 1 0.47727272727272729 1 0.5 1 0.52272727272727271 1 0.54545454545454541 1 0.56818181818181823 1 0.59090909090909094 1 0.61363636363636365 1 0.63636363636363635 1 0.65909090909090906 1 0.68181818181818188 1 0.70454545454545459 1 0.72727272727272729 1 0.75 1 0.77272727272727271 1 0.79545454545454553 1 0.81818181818181823 1 0.84090909090909094 1 0.86363636363636365 1 0.88636363636363635 1 0.90909090909090917 1 0.93181818181818188 1 0.95454545454545459 1 0.97727272727272729 1 1 4
1 0 0 1 0 
7 0 0  7 20 4  4.096909271714301 0  4.017572076390044 0.079337195324256163  3.9382338891307427 0.15867405707213322  3.8572712513901024 0.2371975135482387  3.7730237211017084 0.31408266079961322  3.6837629884914804 0.38838822498637171  3.5872124901429245 0.45882022687564611  3.428538099494411 0.55598804995962159  3.3733385351654444 0.58696417112676758  3.3155906740568759 0.61630457999823363  3.2550735686396104 0.6437596477395725  3.1916279376271839 0.66904607136143646  3.1252184299123043 0.69186009659513292  2.9868130394243644 0.73196103953625047  2.9148166734118957 0.74924761598624923  2.8401957037635595 0.76348203556102079  2.7633103939842676 0.77438180284880886  2.684786990231363 0.78172686011811543  2.6054501402436618 0.7853981633974445  2.5261129449194057 0.7853981633974445 
 1.5707963267948966 8 2.3561944901923346 6 2.7488935718910628 6 3.1415926535897931 8
1 0 0 1 0 
1 1.5707963267948966 0 0 1 
1 0 3.1899999999999977 1 0 
7 0 0  7 20 4  4.0969092717143019 0  4.0175720763900458 -0.079337195324256649  3.9382338891298332 -0.15867405707203375  3.8572712513919214 -0.23719751354840923  3.7730237211017084 -0.31408266079949954  3.6837629884919352 -0.38838822498642855  3.5872124901429268 -0.45882022687564894  3.4285380994944137 -0.55598804995962514  3.3733385351655056 -0.58696417112675836  3.3155906740569128 -0.61630457999824373  3.2550735686396473 -0.64375964773958572  3.1916279376272456 -0.66904607136143235  3.1252184299123056 -0.6918600965951367  2.9868130394243653 -0.73196103953625424  2.914816673411937 -0.74924761598623513  2.840195703763519 -0.76348203556104421  2.7633103939842392 -0.77438180284883218  2.6847869902314252 -0.781726860118101  2.6054501402436672 -0.78539816339744795  2.5261129449194102 -0.78539816339744806 
 1.5707963267948966 8 2.3561944901923444 6 2.7488935718910685 6 3.1415926535897931 8
7 0 0  7 20 4  4.0969092717143019 0  4.0175720763900449 0.079337195324256399  3.9382338891310837 0.15867405707209059  3.8572712513878287 0.23719751354826712  3.7730237211048916 0.31408266079955638  3.6837629884907983 0.38838822498638592  3.5872124901429219 0.45882022687564739  3.4285380994944092 0.55598804995962292  3.3733385351655243 0.5869641711267628  3.3155906740567951 0.61630457999824684  3.2550735686395416 0.64375964773958272  3.1916279376272851 0.66904607136142735  3.1252184299123038 0.6918600965951367  2.9868130394243635 0.73196103953625413  2.9148166734119365 0.74924761598621992  2.840195703763519 0.7634820355610431  2.7633103939842272 0.77438180284883118  2.6847869902314039 0.78172686011808579  2.6054501402436645 0.78539816339744739  2.5261129449194084 0.78539816339744739 
 1.5707963267948966 8 2.3561944901923457 6 2.7488935718910716 6 3.1415926535897931 8
1 0 0 1 0 
1 3.1899999999999977 0 0 -1 
1 1.5707963267948966 0 0 1 
1 0 8.8900000000000006 1 0 
7 0 0  7 20 4  4.0969092717143019 0  4.0175720763900449 -0.079337195324256399  3.9382338891310837 -0.15867405707209059  3.8572712513878287 -0.23719751354826712  3.7730237211048916 -0.31408266079955638  3.6837629884907983 -0.38838822498638592  3.5872124901429219 -0.45882022687564739  3.4285380994944092 -0.55598804995962292  3.3733385351655243 -0.5869641711267628  3.3155906740567951 -0.61630457999824684  3.2550735686395416 -0.64375964773958272  3.1916279376272851 -0.66904607136142735  3.1252184299123038 -0.6918600965951367  2.9868130394243635 -0.73196103953625413  2.9148166734119365 -0.74924761598621992  2.840195703763519 -0.7634820355610431  2.7633103939842272 -0.77438180284883118  2.6847869902314039 -0.78172686011808579  2.6054501402436645 -0.78539816339744739  2.5261129449194084 -0.78539816339744739 
 1.5707963267948966 8 2.3561944901923457 6 2.7488935718910716 6 3.1415926535897931 8
7 0 0  7 20 4  4.0969092717143019 0  4.0175720763900458 0.079337195324256649  3.9382338891298332 0.15867405707203375  3.8572712513919214 0.23719751354840923  3.7730237211017084 0.31408266079949954  3.6837629884919352 0.38838822498642855  3.5872124901429268 0.45882022687564894  3.4285380994944137 0.55598804995962514  3.3733385351655056 0.58696417112675836  3.3155906740569128 0.61630457999824373  3.2550735686396473 0.64375964773958572  3.1916279376272456 0.66904607136143235  3.1252184299123056 0.6918600965951367  2.9868130394243653 0.73196103953625424  2.914816673411937 0.74924761598623513  2.840195703763519 0.76348203556104421  2.7633103939842392 0.77438180284883218  2.6847869902314252 0.781726860118101  2.6054501402436672 0.78539816339744795  2.5261129449194102 0.78539816339744806 
 1.5707963267948966 8 2.3561944901923444 6 2.7488935718910685 6 3.1415926535897931 8
1 0 3.1899999999999977 1 0 
1 0 -8.8900000000000006 1 0 
1 1.5707963267948966 0 0 1 
7 0 0  7 20 4  4.096909271714301 0  4.017572076390044 -0.079337195324256163  3.9382338891307427 -0.15867405707213322  3.8572712513901024 -0.2371975135482387  3.7730237211017084 -0.31408266079961322  3.6837629884914804 -0.38838822498637171  3.5872124901429245 -0.45882022687564611  3.428538099494411 -0.55598804995962159  3.3733385351654444 -0.58696417112676758  3.3155906740568759 -0.61630457999823363  3.2550735686396104 -0.6437596477395725  3.1916279376271839 -0.66904607136143646  3.1252184299123043 -0.69186009659513292  2.9868130394243644 -0.73196103953625047  2.9148166734118957 -0.74924761598624923  2.8401957037635595 -0.76348203556102079  2.7633103939842676 -0.77438180284880886  2.684786990231363 -0.78172686011811543  2.6054501402436618 -0.7853981633974445  2.5261129449194057 -0.7853981633974445 
 1.5707963267948966 8 2.3561944901923346 6 2.7488935718910628 6 3.1415926535897931 8
1 0 0 1 0 
7 0 0  7 26 5  1.5707963267948966 2.6608336953373488  1.6022526534444252 2.6608336953373488  1.6337670289044761 2.6614836309139038  1.6653212408736207 2.6627877754676588  1.6968986455115818 2.6647494544886277  1.7284835910024441 2.6673712372535978  1.7600608411178713 2.6706551285235234  1.8502139566897162 2.6819338735390188  1.9087382839606557 2.6915547064033283  1.9670836940400174 2.7034752604209227  2.025158983985865 2.7177010883158572  2.0828743631773579 2.7342388652762075  2.1401302508591895 2.7531002755580976  2.23612606441095 2.7890145758196203  2.2751693615531772 2.8048533283108097  2.3138983401034046 2.8218282851574301  2.35227313711595 2.8399498962295198  2.3902494107719803 2.8592334490292628  2.4277756306082083 2.8797012697702296  2.5244143148920273 2.9363133119301055  2.5826466455566948 2.9743582249620588  2.639324150548763 3.0156996121846475  2.6941369849904517 3.0605495248938688  2.7465587837326519 3.1092319837723168  2.7958703878410596 3.1620942279958277  2.8407801783331745 3.2200000000000166 
 0 8 0.16075141119928515 6 0.45928149016743486 6 0.66638854729568264 6 1 8
7 0 0  7 26 5  3.4768957157027356 0.52636628263265406  3.4559587437631833 0.5006410967710474  3.4352579843778805 0.47492335544474873  3.4147383987007447 0.44923858584690596  3.3943518508329338 0.42360914847738973  3.3740561944643983 0.39805488803794936  3.3538143595154142 0.37259378432736889  3.2960413388029095 0.30016314009273631  3.258558251569009 0.25345868311380765  3.2209378949068226 0.2072410377893612  3.1830165875431349 0.16159363304172916  3.1446626272304621 0.11658267517273832  3.105774577893043 0.072260267661593866  3.0388947354709956 -0.0015888031916985422  3.0112112068671086 -0.031491716132762568  2.983215127794451 -0.061040426700648798  2.9548897224804769 -0.090231485316986451  2.9262260665124904 -0.11906901459466319  2.8972249617866761 -0.14756691569886921  2.8206597663501043 -0.22115058142080124  2.7726282706397152 -0.26568666104659111  2.723791348718489 -0.30954725659633442  2.6742569878611762 -0.35292671338493431  2.624350054142822 -0.39615176268341024  2.5745870258560308 -0.43967589764872012  2.5261129449194044 -0.4845856881408363 
 0 8 0.16075141119928515 6 0.45928149016743486 6 0.66638854729568264 6 1 8
7 0 0  3 47 45  1.5707963267948972 2.6608336953373488  1.5811734944097726 2.6608336715546113  1.6019439360225238 2.6610155943878877  1.6331378342397136 2.6618364564803576  1.6643597340070884 2.6632074685815148  1.6955999292160515 2.6651304335381023  1.7268489343918518 2.6676069445831665  1.7580975252263689 2.6706383850829809  1.7893363898500709 2.6742259335749412  1.8205570087939931 2.6783707075993077  1.8517508236768603 2.6830737023814955  1.8829083691370159 2.6883356683254798  1.9140207327552199 2.6941573364571365  1.9450790665073157 2.7005393995487021  1.9760746200638202 2.7074825559645856  2.0069986381883438 2.7149875345919181  2.0378422975476895 2.7230551227923345  2.0685966339077408 2.7316861912647736  2.0992524748098207 2.7408817183246921  2.129800360601569 2.7506428096867621  2.1602305014752314 2.7609707268982819  2.1905325913798865 2.7718668757491649  2.2206961422368603 2.7833329362028421  2.250711798752298 2.7953715679284539  2.2805683379677202 2.8079853330403881  2.3102544859817469 2.8211773879387261  2.3397583547820324 2.834951427181017  2.3690674491173827 2.849311803831359  2.3981685713139012 2.8642636337947365  2.4270475431324106 2.8798127877321309  2.4556897464308451 2.8959663486685132  2.4840775623639115 2.912731319246781  2.5121839048321521 2.9301105295039243  2.5399977819855013 2.9481186098529828  2.5675011973869069 2.9667688568704484  2.5946739888610701 2.9860763360825944  2.62149228270858 3.0060572532851206  2.6479286436355345 3.026729331378025  2.6739517350049105 3.0481119555980389  2.6995260507304075 3.0702264532212529  2.7246115545509992 3.0930964351483343  2.7491632163178097 3.116748278232409  2.7731305456138839 3.1412116600862032  2.7964566290390427 3.1665205751391206  2.8190784468687768 3.1927133597170601  2.8336406597938808 3.2107960138132663  2.8407801783331745 3.2200000000000166 
 0 4 0.022727272727272728 1 0.045454545454545456 1 0.068181818181818177 1 0.090909090909090912 1 0.11363636363636365 1 0.13636363636363635 1 0.15909090909090909 1 0.18181818181818182 1 0.20454545454545456 1 0.22727272727272729 1 0.25 1 0.27272727272727271 1 0.29545454545454547 1 0.31818181818181818 1 0.34090909090909094 1 0.36363636363636365 1 0.38636363636363635 1 0.40909090909090912 1 0.43181818181818182 1 0.45454545454545459 1 0.47727272727272729 1 0.5 1 0.52272727272727271 1 0.54545454545454541 1 0.56818181818181823 1 0.59090909090909094 1 0.61363636363636365 1 0.63636363636363635 1 0.65909090909090906 1 0.68181818181818188 1 0.70454545454545459 1 0.72727272727272729 1 0.75 1 0.77272727272727271 1 0.79545454545454553 1 0.81818181818181823 1 0.84090909090909094 1 0.86363636363636365 1 0.88636363636363635 1 0.90909090909090917 1 0.93181818181818188 1 0.95454545454545459 1 0.97727272727272729 1 1 4
1 0 8.8900000000000006 1 0 
7 0 0  7 20 4  4.096909271714301 0  4.0175720763900449 0.079337195324256898  3.9382338891294921 0.15867405707213322  3.8572712513928309 0.23719751354818186  3.7730237210998894 0.31408266079967007  3.6837629884923899 0.3883882249863575  3.5872124901429254 0.45882022687565344  3.4285380994944128 0.55598804995963003  3.3733385351654035 0.5869641711267598  3.3155906740569492 0.61630457999823562  3.2550735686396712 0.64375964773958061  3.1916279376271239 0.66904607136143912  3.1252184299123074 0.69186009659514236  2.9868130394243662 0.73196103953626035  2.9148166734118761 0.7492476159862369  2.8401957037636123 0.76348203556106042  2.7633103939843329 0.77438180284884239  2.684786990231363 0.78172686011809311  2.6054501402436645 0.78539816339745516  2.5261129449194075 0.78539816339745527 
 1.5707963267948966 8 2.3561944901923462 6 2.7488935718910721 6 3.1415926535897931 8
1 4 0 0 -1 
1 1.5707963267948966 0 0 1 
8 0 8.8900000000000006
1 2.7899457005599122 5.694607616035234e-17 0 1 
8 0 8.8900000000000006
1 1.2673890483983214 0 0 -1 
1 0 0 0 -1 
1 1.5707963267948966 0 0 1 
8 0 8.8900000000000006
1 2.6608336953374625 0 0 -1 
8 0 8.8900000000000006
1 2.3609956613676713 1.1634144591899891e-16 0 1 
1 3.1415926535897931 -1.6000000000000014 0 1 
8 36.031500000000001 36.700000600000003
1 2.4895562688248218 0 0 1 
8 36.031500000000001 36.700000600000003
1 0.28918482638392717 -36.150000000000006 0 1 
8 -5.999999999062311e-07 0.66850000000000165
1 0.28918482638392362 0.55000000000000071 0 -1 
8 -5.999999999062311e-07 0.66850000000000165
1 8.7727415760044085 0 0 1 
1 3.1415926535897931 0 0 1 
1 1.5707963267948959 0 0 1 
1 1.5707963267948959 -1.6000000000000014 0 1 
1 1.5707963267948966 0 0 1 
1 1.5707963267948966 0 0 1 
1 1.5707963267948966 0 0 1 
1 1.5707963267948966 -1.6000000000000014 0 1 
1 1.5707963267948959 -3.879999999999999 0 1 
1 1.5707963267948972 3.879999999999999 0 1 
Curves 487
1 22.915000000000003 -1.5900000000000001 22.100000000000001 0 1 0 
1 21.565000000000001 -1.5900000000000001 20.75 0 1 0 
2 21.565000000000001 1.5900000000000001 22.100000000000001 -0 1 0 1.1102230246251565e-16 0 1 1 0 -1.1102230246251565e-16 1.3500000000000001
2 21.565000000000001 -1.5900000000000001 22.100000000000001 -0 1 0 1.1102230246251565e-16 0 1 1 0 -1.1102230246251565e-16 1.3500000000000001
2 21.565000000000001 -1.5899999999999999 22.100000000000001 0 0 -1 1.1102230246251565e-16 1 0 1 -1.1102230246251565e-16 0 1.3500000000000001
2 21.565000000000001 -1.5899999999999999 22.100000000000001 1 0 0 0 -1.1102230246251565e-16 1 0 -1 -1.1102230246251565e-16 1.3500000000000001
1 22.915000000000003 -1.5900000000000001 22.100000000000001 0 1 0 
1 21.565000000000001 -1.5900000000000001 20.75 0 1 0 
2 21.565000000000001 1.5900000000000001 22.100000000000001 -0 1 0 1.1102230246251565e-16 0 1 1 0 -1.1102230246251565e-16 1.3500000000000001
2 21.565000000000001 -1.5900000000000001 22.100000000000001 -0 1 0 1.1102230246251565e-16 0 1 1 0 -1.1102230246251565e-16 1.3500000000000001
2 21.565000000000001 1.5899999999999999 22.100000000000001 -0 0 1 1.1102230246251565e-16 -1 0 1 1.1102230246251565e-16 0 1.3500000000000001
2 21.565000000000001 1.5899999999999999 22.100000000000001 -1 0 0 0 1.1102230246251565e-16 1 0 1 -1.1102230246251565e-16 1.3500000000000001
2 16.564999999999998 0 31.879999999999999 1 0 0 -0 0 1 0 -1 0 9.8499999999999996
1 -16.564999999999998 2.7825000000000024 23.750000000000004 -1.2246467991473532e-16 -1 0 
2 -16.564999999999998 0 31.879999999999999 1 0 0 -0 0 1 0 -1 0 9.5499999999999989
1 -4.3349999999999982 5.561079031986516 23.750000000000004 -1 1.2246467991473532e-16 0 
1 -18.350000000000001 5.0105488721296858 23.750000000000004 1 0 0 
2 -17.800000000000001 4.4450000000000021 23.750000000000004 0 0 1 0 -1 0 1 0 -0 1.3266499161421608
1 5.6849999999999996 -5.5650000000000004 23.750000000000004 1 0 0 
1 5.6849999999999996 -5.5650000000000004 23.750000000000004 0 1 0 
2 18.984999999999999 4.4450000000000003 22.399999999999999 -0 0 1 1.1102230246251565e-16 -1 0 1 1.1102230246251565e-16 0 1.3500000000000001
2 20.035 4.4450000000000003 22.399999999999999 1 0 -0 0 0 1 0 -1 0 0.84852813742385624
7 0 0  6 62 13  20.035 5.2387253933193767 22.099999999999998  20.035 5.2341535060560131 22.087903923278912  20.034869942630923 5.2295124246301645 22.075838444333531  20.034611060204352 5.2248018266397649 22.063806216105565  20.034224678284751 5.2200213580226427 22.051809884970947  20.033712215689437 5.2151706330565197 22.039852090739803  20.030147160144761 5.1876287172271844 21.973162379613886  20.024587617736458 5.1635162675125628 21.919262031435025  20.016543664764736 5.1378694376224576 21.866484334585497  20.006204194532629 5.110630890612792 21.815084739643208  19.993808841600185 5.0817260699519391 21.765321488506295  19.964663518841558 5.018469519145075 21.666681021166877  19.947703839369101 4.9839144073318993 21.618078367430634  19.929150819710671 4.9472028728952502 21.571921672919448  19.909470681574813 4.9081486360324265 21.528603703900696  19.889314081140689 4.8665637985089898 21.488591401715471  19.861471557156609 4.8038999092373675 21.437655351494012  19.853437829959887 4.7851803113419118 21.423487630914064  19.845541636833676 4.7659721456468036 21.410028823823826  19.837857986429402 4.7462637378083299 21.397333055958644  19.830471654752497 4.7260505543321569 21.385462267267002  19.818245422949321 4.6898533478433651 21.366276953053028  19.813233864075396 4.6740913766035748 21.358569444304823  19.808479141381731 4.658053685375676 21.351389256970666  19.804023336896623 4.6417489652217014 21.344767848304901  19.799909121040663 4.6251930565162223 21.338737336586082  19.794231267986216 4.5996615071438294 21.330508134552066  19.79238944873736 4.5908512391505631 21.32785708496144  19.790657234781616 4.5819830126020706 21.32537923799563  19.789040066956655 4.5730611172237028 21.323078683949372  19.787542995284603 4.5640905525952382 21.320959198206292  19.783416317166147 4.5369860769345776 21.315140609223704  19.781163971665986 4.5187197176163361 21.311999705765061  19.779451521529893 4.500328913530387 21.309630069219065  19.778304999224947 4.4818699893976337 21.308049886884508  19.777735381748247 4.4634046501908733 21.307264618251768  19.777735381748247 4.4264700563117634 21.307264618251768  19.778312826218922 4.4079995336446212 21.308060649357724  19.779460819475663 4.389658140546314 21.30964291787436  19.781153988656037 4.3715042192884175 21.311986199969258  19.783354152318974 4.3535861240627973 21.315054577730301  19.787343511236365 4.3271448463865694 21.320677187401255  19.788785979050662 4.318414139278369 21.322718268096072  19.790337755719193 4.3097558612293057 21.324924246412106  19.791993055422534 4.3011736015810316 21.327289867254184  19.793745943289512 4.2926701556409981 21.329809791327452  19.79909115047683 4.2682606456738519 21.337544214635155  19.802921716262407 4.252565370132646 21.343146226615374  19.807041131613037 4.2371746472555101 21.349248300855081  19.811409374461778 4.2220930931755811 21.355815391993364  19.815989190382894 4.2073189078931454 21.362815527062818  19.834083103490435 4.1522891093697707 21.390974931460967  19.848808355607346 4.1141423478064878 21.414892076613235  19.864226107819068 4.0781618375414794 21.44140844542391  19.879846446944111 4.0441034214433218 21.470165326898481  19.895336881230257 4.0117374798325587 21.500931926945736  19.926087951103799 3.9488587754397897 21.567468389970191  19.94130547829992 3.9184827983399386 21.603338291518931  19.955811175201077 3.8894891238882594 21.641106108828684  19.969363381929099 3.8617573850157902 21.680673289828423  19.981735556530303 3.83520625350002 21.721934533420107  19.992719133609356 3.8097826561886547 21.764782656188569 
 0 7 0.034846154634756848 5 0.19501160481313995 5 0.36496797543701215 5 0.43479502672981457 5 0.4869903013666339 5 0.51419921785256473 5 0.56880995129380851 5 0.62379245870064204 5 0.65121356161470512 5 0.70326117675152333 5 0.84910942844659687 5 1 7
2 18.984999999999996 4.4450000000000003 22.399999999999999 -0 1 0 1.1102230246251565e-16 0 1 1 0 -1.1102230246251565e-16 1.3500000000000001
1 20.035 -5.5650000000000004 22.400000000000002 0 1 0 
1 20.035 5.5650000000000004 22.100000000000001 0 0 1 
1 20.035 -5.5650000000000004 22.100000000000001 0 1 0 
2 16.564999999999998 0 31.879999999999999 1 0 0 -0 0 1 0 -1 0 9.8499999999999996
1 16.564999999999998 -2.7825000000000002 23.750000000000004 0 1 0 
2 16.564999999999998 0 31.879999999999999 1 0 0 -0 0 1 0 -1 0 9.5499999999999989
1 5.6849999999999996 -5.5650000000000004 23.750000000000004 0 1 0 
1 5.6849999999999996 5.5650000000000004 23.750000000000004 1 0 0 
2 17.800000000000001 4.4450000000000003 23.750000000000004 0 0 1 0 -1 0 1 0 -0 1.3266499161421608
1 -18.350000000000001 5.0105488721296858 23.750000000000004 1 0 0 
1 4.3349999999999991 5.5610790319865151 23.750000000000004 1 0 0 
7 0 0  6 42 9  16.870034648909993 3.9223391705569246 23.172660829443085  16.830780283256448 3.9631112959957822 23.191027187011471  16.793487191405209 4.0063371697900454 23.210774571104015  16.758392000502216 4.0519536941065581 23.231938824981842  16.725766593257578 4.0998569516642744 23.25454405481479  16.695898907485713 4.1498883204655064 23.278588993419504  16.655732114890156 4.2276493373443111 23.316688236988679  16.643143395968924 4.2539476242830361 23.329688919813339  16.631342799863049 4.2806866466832796 23.34302995224424  16.620365091328875 4.307833257438328 23.356703308750671  16.610243441222007 4.3353496616679088 23.370697849689847  16.595278850905434 4.3804670381847588 23.393870986601854  16.589890575830854 4.3978668904531766 23.402861141746797  16.584850793740269 4.4153824597304299 23.411965722172216  16.580166266685286 4.4330029349641595 23.421180697931135  16.575843188626688 4.4507169045157218 23.430501524890506  16.563130861150416 4.5079012893355914 23.4607772124854  16.556172362662753 4.5476916304576562 23.482126211261754  16.551073059067978 4.5877493650400547 23.503913175687803  16.547875424455494 4.6279337923337716 23.526071675184653  16.546599979857859 4.6680992175279243 23.548525751638504  16.548115234753109 4.7624640162465033 23.60199653560294  16.552531738404646 4.8165315166419793 23.633197201202503  16.560481489300141 4.8699178478405081 23.664573805536509  16.571868519917004 4.9222871916284836 23.695907037327057  16.586529180986293 4.9733498625612 23.72698336821303  16.613530993573544 5.0487939243994688 23.773637716902225  16.623652143430274 5.0743019901208326 23.789549223364343  16.634583312870792 5.0993545444151582 23.805309047789095  16.646292343302619 5.1239234827754219 23.820891695628248  16.658745224653696 5.1479852105854107 23.836273747993118  16.718367235231248 5.2546065609124337 23.90495282526695  16.773626607225193 5.3310819769607285 23.95567366306063  16.836165350261524 5.400217318100049 24.002734344631751  16.904360421762821 5.4617588007492799 24.045522378143005  16.976639057704926 5.5157462191495892 24.083696646483219  17.071591334374745 5.574892751599922 24.126078100865936  17.091743345454265 5.5868102760597056 24.134653783236605  17.112057412383688 5.5982151311586286 24.142892820707321  17.132506604427348 5.6091128620099733 24.150794147905462  17.153064748892998 5.6195100972550369 24.158357907647073  17.173706431131823 5.62941454906312 24.165585450936884 
 0 7 0.16456410765552232 5 0.24641081221120315 5 0.29718805898143291 5 0.40957978804911654 5 0.56235069167268692 5 0.64235975360227715 5 0.92481159860083939 5 1 7
7 0 0  7 8 2  17.800000000000001 5.7686454428699934 23.734551810008995  17.694416878921594 5.7686454428699934 23.734551810008995  17.589143069188498 5.759112346693513 23.736007677940275  17.484551169646256 5.7401419883332894 23.738898257237413  17.381267492001012 5.7115338687107435 23.742833049916442  17.280156560196566 5.6729932717262281 23.746967453130171  17.182254111850987 5.6242396032595288 23.750000000000004  17.088944446614843 5.5650000000000013 23.750000000000004 
 0 8 1 8
2 17.800000000000001 4.4450000000000003 24 -1 0 0 0 1.1102230246251565e-16 1 0 1 -1.1102230246251565e-16 1.3500000000000001
2 17.799999999999997 4.4450000000000003 24 -0 0 -1 -1.1102230246251565e-16 -1 0 -1 1.1102230246251565e-16 0 1.3500000000000001
7 0 0  5 10 3  16.8410242000365 5.3951923042649703 24  16.919981649937885 5.474879630022496 24.054559447547522  17.006809662008045 5.5459547099232243 24.104702019010983  17.100355293911953 5.6075989667368171 24.149277905263332  17.199475261932243 5.6591973007030942 24.18723733913194  17.397457756677898 5.7375841156245482 24.245551771402511  17.495563292300069 5.7661548990954303 24.267161378468913  17.596166912851196 5.7853761248757518 24.281838455953093  17.698053224834009 5.7949999999999999 24.289184826383927  17.799999999999997 5.7949999999999999 24.289184826383927 
 0 6 0.52305933449554476 4 1 6
1 17.800000000000001 5.7949999999999999 24 0 0 1 
1 4.3349999999999991 -5.5610790319865151 23.750000000000004 1 0 0 
1 -18.350000000000001 -5.0105488721296858 23.750000000000004 1 0 0 
2 17.800000000000001 -4.4450000000000003 23.750000000000004 0 0 1 0 -1 0 1 0 -0 1.3266499161421608
1 5.6849999999999996 -5.5650000000000004 23.750000000000004 1 0 0 
7 0 0  5 10 3  16.841024200036514 -5.395192304264981 24  16.91998164993792 -5.4748796300225271 24.054559447547533  17.006809662008024 -5.5459547099232021 24.10470201901099  17.100355293911932 -5.6075989667368162 24.149277905263318  17.199475261932278 -5.6591973007031084 24.187237339131954  17.397457756677902 -5.73758411562455 24.245551771402514  17.495563292300059 -5.7661548990954303 24.267161378468906  17.596166912851235 -5.7853761248757545 24.2818384559531  17.698053224833977 -5.7949999999999999 24.289184826383927  17.799999999999997 -5.7949999999999999 24.289184826383927 
 0 6 0.52305933449545128 4 1 6
1 17.800000000000001 -5.7949999999999999 24 0 0 1 
2 17.799999999999997 -4.4450000000000003 24 0 0 1 -1.1102230246251565e-16 1 0 -1 -1.1102230246251565e-16 0 1.3500000000000001
2 17.800000000000001 -4.4450000000000003 24 1 0 0 0 -1.1102230246251565e-16 1 0 -1 -1.1102230246251565e-16 1.3500000000000001
7 0 0  7 8 2  17.800000000000001 -5.7686454428699934 23.734551810008995  17.694416878929637 -5.7686454428699934 23.734551810008995  17.589143069178132 -5.7591123466930023 23.736007677940275  17.484551169654203 -5.7401419883342388 23.738898257237409  17.381267491996997 -5.711533868709858 23.742833049916445  17.280156560197831 -5.6729932717267006 23.746967453130168  17.182254111850792 -5.6242396032594035 23.750000000000004  17.088944446614843 -5.5650000000000013 23.750000000000004 
 0 8 1 8
7 0 0  6 42 9  17.173706431131908 -5.6294145490631129 24.165585450936891  17.153074568910135 -5.6195148091716485 24.158361346058609  17.132526167003942 -5.6091227555859469 24.150801345275621  17.112086601895285 -5.5982306863060671 24.142904098888753  17.091782007797622 -5.5868319812920681 24.134669463459463  17.071639276655905 -5.5749211024640024 24.126098501809867  16.976660576214147 -5.5157653010377077 24.083709996345455  16.904348210110062 -5.4617550540287478 24.045519360044963  16.836122918265318 -5.4001838541997502 24.002710695284815  16.773559647151586 -5.3310118554466852 23.95562559196442  16.718283715726557 -5.2544933283741146 23.90487752697727  16.658524749073326 -5.1475805588863084 23.836013773818383  16.645956250686133 -5.123264748281712 23.820471174291054  16.634147413833361 -5.0984316164793322 23.804724191790044  16.623133279729931 -5.0731055531727716 23.788797001318983  16.612946946775963 -5.0473156468045142 23.772715935842054  16.586136666835472 -4.9719499157432123 23.726132691070962  16.571668192837993 -4.9212858409502465 23.695310488139683  16.56042135374458 -4.8693412514742063 23.664238897504038  16.552555086785564 -4.8163991496230354 23.633126232744448  16.54816279208768 -4.7627871027866817 23.602186343441048  16.546576462150043 -4.6685740840773233 23.548789879613626  16.54784513312255 -4.6280990245639382 23.526160055635756  16.551065918696043 -4.587603910059908 23.503830015987976  16.556217852114468 -4.5472378346391018 23.481877500302414  16.563257336421646 -4.5071447368755946 23.460370422916995  16.576057232605653 -4.4498410076291854 23.430040682192161  16.580352987461648 -4.4323007613831731 23.42081348812604  16.585003103901112 -4.4148525563259753 23.411690255416957  16.590001552695298 -4.3975074674439005 23.402675388603299  16.595341759328932 -4.3802759910172639 23.393772797410449  16.610233130357447 -4.3353829953338519 23.370715074160973  16.620332436735406 -4.3079236543187518 23.356749363730746  16.631284273217137 -4.2808324977404952 23.343103473707348  16.643055681001215 -4.2541470924451232 23.329788480242673  16.655612118531007 -4.2279003959497565 23.316812370486019  16.695754935903405 -4.1501295529885232 23.278704933634199  16.725640769363419 -4.1000417276913588 23.254631250800241  16.758290485677222 -4.0520856559077147 23.232000050556554  16.793415277309649 -4.006420529468059 23.210812653984778  16.830742434610865 -3.9631506080493062 23.191044895659815  16.870034648909947 -3.9223391705569255 23.172660829443075 
 0 7 0.075152582526373884 5 0.35773149178268349 5 0.438557498888272 5 0.59005490471696453 5 0.70331161041840629 5 0.75360141026161165 5 0.83527717278956148 5 1 7
1 4.3349999999999991 -5.5650000000000004 22.400000000000002 0 1 0 
2 5.6849999999999987 5.5650000000000004 22.400000000000002 0 1 0 -1.1102230246251565e-16 0 -1 -1 0 1.1102230246251565e-16 1.3500000000000001
7 0 0  7 26 5  4.3349999999999991 2.67434104033125 22.399999999999999  4.3349999999999991 2.9540425839642457 22.47890478029343  4.3403809250775662 3.2291351721503556 22.566903727721069  4.3533716738263486 3.5019914012819844 22.664410318488859  4.3769087694727844 3.7728189167599502 22.771823380685195  4.4149644376394965 4.0397618978268222 22.88872948470128  4.4727814570220445 4.2993082689356523 23.01348783174447  4.5950481788086508 4.6572056764549457 23.199621126699707  4.6390428727625688 4.7670718227948958 23.258901597743236  4.6892919604216772 4.8736633158284084 23.318508235062975  4.7464694102042007 4.9760328878593736 23.377750479016907  4.8112627967272275 5.0730509423858221 23.435716686137052  4.8843143421521518 5.1633386755008459 23.491211422290977  4.9958796046472473 5.2749055102556799 23.561399852208069  5.0267832050021521 5.3035277594446173 23.579579575748845  5.0588194320033821 5.3308976282218419 23.597122209729285  5.0919743834157618 5.3569077911836507 23.613934913423925  5.1262270566021098 5.3814534652042791 23.629924355632763  5.1615492366072022 5.4044321269333206 23.644997548485065  5.2606060804860677 5.4624968773469247 23.683319751204756  5.3265051985572969 5.4943629721667637 23.704626175469922  5.3951554878211017 5.520620346849503 23.722378271270276  5.46599880143616 5.5407196447255007 23.736073544107732  5.5383908883027928 5.5542779581878943 23.745348031285204  5.6116315267555894 5.5610790319865098 23.75  5.6849999999999978 5.5610790319865098 23.75 
 0 8 0.52318235599549001 6 0.76262345403100329 6 0.8497461243311305 6 1 8
3 5.6849999999999987 2.5399999999999991 22.399999999999999 0.70710678118654757 0.70710678118654757 0 0.70710678118654746 -0.70710678118654746 0 0 0 -1 1.9091883092036783 1.3500000000000001
1 5.6849999999999996 6.9150000000000009 22.400000000000002 1 0 0 
2 18.684999999999999 5.5650000000000013 22.400000000000002 1 -0 0 0 1.1102230246251565e-16 -1 0 1 1.1102230246251565e-16 1.3500000000000001
7 0 0  5 10 3  17.931275912551545 5.5650000000000013 23.750000000000004  18.018673157571701 5.623815543525291 23.750000000000004  18.111012412858376 5.6735707874689467 23.746797790309355  18.207115878458239 5.7139269638409278 23.742361231809468  18.305910669453294 5.7447469368560755 23.738151900778071  18.461449270568529 5.7775495565775969 23.733214326469216  18.516996110616521 5.7862706658882717 23.731772263848249  18.572883000779903 5.7920902300610724 23.730766485891877  18.628939644101912 5.7949999999999999 23.730263131865275  18.684999999999995 5.7949999999999999 23.730263131865275 
 0 6 0.64618277259121792 4 1 6
1 5.6849999999999996 5.7686454428699943 23.734551810008998 1 0 0 
2 5.6849999999999996 5.5650000000000013 22.400000000000002 1 -0 0 0 1.1102230246251565e-16 -1 0 1 1.1102230246251565e-16 1.3500000000000001
1 17.800000000000001 5.7949999999999999 24 1 0 0 
3 18.684999999999995 4.4450000000000003 24 -0.70710678118654757 0 0.70710678118654757 0.70710678118654746 0 0.70710678118654746 0 1 -0 1.9091883092036783 1.3500000000000001
1 17.800000000000001 -5.7949999999999999 24 1 0 0 
3 18.684999999999995 -4.4450000000000003 24 -0.70710678118654757 0 0.70710678118654757 0.70710678118654746 0 0.70710678118654746 0 1 -0 1.9091883092036783 1.3500000000000001
1 5.6849999999999996 -5.7686454428699943 23.734551810008998 1 0 0 
1 5.6849999999999996 -6.9150000000000009 22.400000000000002 1 0 0 
2 18.684999999999999 -5.5650000000000013 22.400000000000002 -1 -0 0 0 -1.1102230246251565e-16 -1 0 -1 1.1102230246251565e-16 1.3500000000000001
7 0 0  5 10 3  17.931275912551548 -5.5650000000000013 23.750000000000004  18.018673157571705 -5.6238155435252928 23.750000000000004  18.111012412858361 -5.6735707874689396 23.746797790309362  18.207115878458225 -5.7139269638409216 23.742361231809461  18.305910669453272 -5.7447469368560675 23.738151900778075  18.461449270568515 -5.7775495565775925 23.73321432646922  18.516996110616496 -5.7862706658882699 23.731772263848249  18.572883000779886 -5.7920902300610724 23.730766485891877  18.628939644101923 -5.7949999999999999 23.730263131865275  18.684999999999995 -5.7949999999999999 23.730263131865275 
 0 6 0.64618277259114409 4 1 6
2 5.6849999999999996 -5.5650000000000013 22.400000000000002 -1 -0 0 0 -1.1102230246251565e-16 -1 0 -1 1.1102230246251565e-16 1.3500000000000001
3 5.6849999999999987 -2.5399999999999991 22.399999999999999 0.70710678118654757 -0.70710678118654757 0 0.70710678118654746 0.70710678118654746 0 -0 0 1 1.9091883092036783 1.3500000000000001
7 0 0  7 26 5  4.3349999999999991 -2.6743410403312518 22.400000000000002  4.3349999999999991 -2.9540425839640299 22.478904780293373  4.3403809250775085 -3.2291351721503641 22.566903727720987  4.353371673826536 -3.5019914012830022 22.664410318489377  4.3769087694725615 -3.7728189167586503 22.771823380684577  4.4149644376396093 -4.0397618978274386 22.888729484701571  4.4727814570220437 -4.2993082689356523 23.01348783174447  4.5950481788086188 -4.6572056764548559 23.199621126699661  4.6390428727625492 -4.7670718227948985 23.258901597743236  4.6892919604217251 -4.8736633158285025 23.318508235063032  4.7464694102042442 -4.976032887859426 23.377750479016942  4.8112627967272008 -5.0730509423857724 23.435716686137024  4.8843143421521145 -5.1633386755008095 23.491211422290956  4.9958796046472438 -5.2749055102556808 23.561399852208069  5.0267832050021166 -5.3035277594445862 23.579579575748831  5.0588194320033555 -5.3308976282218214 23.597122209729275  5.0919743834157725 -5.3569077911836649 23.613934913423936  5.1262270566021373 -5.3814534652043085 23.629924355632784  5.1615492366072084 -5.4044321269333278 23.644997548485073  5.2606060804860917 -5.4624968773469407 23.683319751204774  5.3265051985571557 -5.4943629721667486 23.70462617546989  5.3951554878212358 -5.5206203468495065 23.722378271270298  5.4659988014362879 -5.5407196447255194 23.736073544107761  5.5383908883026338 -5.5542779581878916 23.745348031285182  5.6116315267555894 -5.5610790319865133 23.75  5.6849999999999978 -5.5610790319865133 23.75 
 0 8 0.52318235599571628 6 0.76262345403113541 6 0.84974612433118346 6 1 8
2 5.6849999999999987 -5.5650000000000004 22.400000000000002 0 1 0 -1.1102230246251565e-16 0 -1 -1 0 1.1102230246251565e-16 1.3500000000000001
1 1.6850000000000001 3.8900000000000001 22.400000000000002 1 0 0 
1 1.6850000000000001 3.8280423683800402 22.804285613468913 1 0 0 
2 4.3349999999999991 2.5399999999999991 22.399999999999999 1 0 0 0 1.1102230246251565e-16 -1 -0 1 1.1102230246251565e-16 1.3500000000000001
1 -18.350000000000001 3.7069329867217702 23.07879850066174 1 0 0 
2 1.6850000000000001 2.5399999999999991 22.399999999999999 1 -0 0 0 1.1102230246251565e-16 -1 0 1 1.1102230246251565e-16 1.3500000000000001
2 4.3349999999999991 0 31.879999999999999 1 0 0 -0 0 1 0 -1 0 9.8499999999999996
2 4.3350000000000009 0 31.879999999999999 1 0 0 -0 0 1 0 -1 0 9.5499999999999989
2 4.3349999999999991 -2.5399999999999991 22.399999999999999 1 0 0 0 -1.1102230246251565e-16 -1 0 1 -1.1102230246251565e-16 1.3500000000000001
1 1.6850000000000001 -3.8900000000000001 22.400000000000002 1 0 0 
1 1.6850000000000001 -3.8280423683800402 22.804285613468913 1 0 0 
1 -18.350000000000001 -3.7069329867217702 23.07879850066174 1 0 0 
2 1.6850000000000001 -2.5399999999999991 22.399999999999999 -1 -0 0 0 -1.1102230246251565e-16 -1 0 -1 1.1102230246251565e-16 1.3500000000000001
1 4.3349999999999991 3.8899999999999997 22.100000000000001 -0 0 -1 
1 4.3349999999999991 5.5650000000000004 22.100000000000001 0 0 1 
1 4.3349999999999991 -5.5650000000000004 22.100000000000001 0 1 0 
2 5.6850000000000005 5.5650000000000004 22.400000000000002 -0 0 -1 -1.1102230246251565e-16 -1 0 -1 1.1102230246251565e-16 0 1.3500000000000001
1 5.6849999999999996 6.9150000000000009 22.100000000000001 1 0 0 
1 18.684999999999999 6.9150000000000009 22.100000000000001 0 0 1 
1 5.6849999999999996 6.9150000000000009 22.100000000000001 0 0 1 
2 18.684999999999999 5.5650000000000004 22.399999999999999 0 -1 0 1.1102230246251565e-16 0 -1 1 0 1.1102230246251565e-16 1.3500000000000001
7 0 0  5 26 7  18.984999999999999 5.7949999999999999 23.695993827145813  19.053078454813953 5.7949999999999999 23.680234850508427  19.120308128243785 5.7907084937552957 23.660724108104176  19.18599051587098 5.7823404408740142 23.63758090261631  19.249557488717755 5.7703166663787115 23.610978094717847  19.358319222596617 5.7432879477249674 23.557721768623356  19.404500129117306 5.7295035607824767 23.532342298599584  19.448934745261639 5.7140406846655853 23.505037749174093  19.491481870711823 5.6971760591745193 23.475890829801898  19.56735044241498 5.6635479857836621 23.418067388881251  19.601152246782171 5.6470553040658338 23.389820462018655  19.633389713914816 5.629906999762043 23.360281338202761  19.664023312700643 5.6122994641143622 23.32949471007705  19.720199992514456 5.5776955584335184 23.267534461922359  19.745942026743808 5.5607313060733983 23.236509595865567  19.770239092475578 5.5437025082073772 23.204459094209188  19.793082057801776 5.5267755230542361 23.171416801630848  19.841238320061912 5.4892734347641587 23.094866938128206  19.865726945418871 5.4688519805749349 23.050818724843658  19.8879339597963 5.4491836892125862 23.005342319847433  19.907868128874082 5.4306071183661997 22.958522574719094  19.945472749814002 5.3940858900374016 22.856294296496699  19.962529174520839 5.3765246548099386 22.800551453847216  19.976725099150979 5.3612194933829311 22.743425368498421  19.988081063105874 5.3486006161951671 22.685149167812849  19.996604871010074 5.338955024007781 22.626044975992222 
 0 6 0.20843068207900051 4 0.37143364923710565 4 0.51329716091792776 4 0.64617109328074052 4 0.81246551091608921 4 1 6
2 18.684999999999999 5.7949999999999999 22.400000000000002 -0 1 0 0 0 1 1 0 -0 1.3302631318652713
2 18.684999999999999 5.5650000000000013 22.400000000000002 -0 0 1 1.1102230246251565e-16 -1 0 1 1.1102230246251565e-16 0 1.3500000000000001
1 18.684999999999999 5.7949999999999999 22.399999999999999 0 0 1 
1 18.684999999999999 -5.7949999999999999 22.399999999999999 0 0 1 
2 18.684999999999999 -5.5650000000000013 22.400000000000002 0 0 -1 1.1102230246251565e-16 1 0 1 -1.1102230246251565e-16 0 1.3500000000000001
2 18.684999999999999 -5.7949999999999999 22.400000000000002 -0 1 0 0 0 1 1 0 -0 1.3302631318652713
7 0 0  5 26 7  18.984999999999999 -5.7949999999999999 23.695993827145813  19.053078454813953 -5.7949999999999999 23.680234850508427  19.120308128243778 -5.7907084937552931 23.660724108104173  19.185990515870984 -5.782340440874016 23.63758090261631  19.249557488717752 -5.7703166663787124 23.610978094717847  19.358319222596617 -5.7432879477249674 23.557721768623356  19.404500129117309 -5.7295035607824749 23.532342298599588  19.448934745261635 -5.7140406846655871 23.50503774917409  19.491481870711823 -5.6971760591745193 23.475890829801894  19.567350442414984 -5.6635479857836613 23.418067388881248  19.601152246782167 -5.6470553040658338 23.389820462018662  19.63338971391482 -5.6299069997620439 23.360281338202757  19.664023312700643 -5.6122994641143622 23.329494710077054  19.720199992514456 -5.5776955584335184 23.267534461922359  19.745942026743808 -5.5607313060733983 23.236509595865567  19.770239092475578 -5.5437025082073772 23.204459094209192  19.793082057801776 -5.5267755230542361 23.171416801630848  19.841238320061912 -5.489273434764157 23.094866938128202  19.865726945418871 -5.4688519805749376 23.050818724843669  19.887933959796303 -5.4491836892125836 23.005342319847419  19.907868128874078 -5.4306071183662015 22.958522574719098  19.945472749814002 -5.3940858900374016 22.856294296496699  19.962529174520835 -5.3765246548099377 22.800551453847223  19.976725099150986 -5.3612194933829311 22.743425368498414  19.988081063105874 -5.3486006161951671 22.685149167812849  19.996604871010074 -5.338955024007781 22.626044975992222 
 0 6 0.20843068207899368 4 0.37143364923708577 4 0.51329716091791699 4 0.6461710932807313 4 0.81246551091609243 4 1 6
2 18.684999999999999 -5.5650000000000004 22.399999999999999 0 -1 0 1.1102230246251565e-16 0 -1 1 0 1.1102230246251565e-16 1.3500000000000001
1 5.6849999999999996 -6.9150000000000009 22.100000000000001 1 0 0 
1 18.684999999999999 -6.9150000000000009 22.100000000000001 0 0 1 
1 5.6849999999999996 -6.9150000000000009 22.100000000000001 0 0 1 
2 5.6850000000000005 -5.5650000000000004 22.400000000000002 0 0 1 -1.1102230246251565e-16 1 0 -1 -1.1102230246251565e-16 0 1.3500000000000001
1 4.3349999999999991 -5.5650000000000004 22.100000000000001 0 0 1 
1 4.3349999999999991 -3.8900000000000001 22.100000000000001 -0 0 -1 
7 0 0  7 32 6  1.6850000000000005 -3.7069329867217693 23.07879850066173  1.5610462680058241 -3.7069329867217693 23.07879850066173  1.4374238446635734 -3.694595706854062 23.073602032029477  1.3147970219222089 -3.6700348990694525 23.063258111589253  1.1941233689080448 -3.6329422428031957 23.047762006149625  1.0766974814969903 -3.5828563485432365 23.027176139866125  0.96411163864006821 -3.5192425003773264 23.001689739543313  0.82092920057777463 -3.4137854936046645 22.960950387275716  0.78429819181368143 -3.3843721411547678 22.949702589122687  0.7486487328430933 -3.3531517120180712 22.937897601370974  0.71409313001543484 -3.3201044160967519 22.925556929591455  0.68075704932879932 -3.28521853316657 22.912707823578444  0.64877804265108985 -3.2484938650338049 22.899384048114371  0.59402428052482747 -3.1792319605691963 22.874665603775071  0.5707009612210967 -3.1473621984481652 22.863429771344205  0.54840954721163615 -3.114345090182141 22.851940332152441  0.527231486884981 -3.0801983761880782 22.840222314956868  0.50725193305890159 -3.0449506877781727 22.828304658023576  0.48855743020276965 -3.0086438864911913 22.816220265590054  0.44346345262536591 -2.9115297933375395 22.784426663125792  0.41920087369677728 -2.849119483987558 22.764503600860461  0.39882619902220345 -2.7843839596350546 22.7444034014637  0.38267768368060645 -2.7176860384296746 22.724309828043733  0.37103077757455 -2.649482456436425 22.704416052716173  0.3640600711203798 -2.5803299134115005 22.684915550913427  0.36090360290462453 -2.484029201136007 22.658672882274008  0.3607254367571347 -2.4571247061881367 22.651439336996827  0.36125053405426499 -2.4302089183271844 22.644301098809013  0.36247700550894202 -2.4033170963064272 22.637267294813764  0.36439995278618287 -2.3764839347886095 22.630346164749255  0.36701146850309557 -2.3497435643459381 22.623545060988615  0.37030063622887832 -2.3231295514600849 22.616870448539917 
 0 8 0.44117019318092454 6 0.59779886984429853 6 0.72259101453211172 6 0.92263319618675055 6 1 8
7 0 0  6 7 2  0.33499999999999797 -1.1541663658242882 22.400000000000002  0.33499999999999797 -1.3876208181791985 22.428422497559069  0.33571814111044751 -1.6202408646772848 22.463744481326284  0.33780769800252997 -1.8520407046790131 22.505968596268445  0.34219125036068665 -2.0829010427560744 22.555120991834542  0.35008147771065568 -2.3124584679190097 22.61119466553868  0.36309311618788764 -2.5400000000000058 22.6739747990786 
 0 7 1 7
2 0.33500000000000085 0 31.879999999999999 1 0 0 -0 0 1 0 -1 0 9.5499999999999989
7 0 0  6 7 2  0.33499999999999797 1.154166365824286 22.400000000000002  0.33499999999999797 1.3876208181785035 22.428422497558987  0.33571814111044257 1.6202408646773581 22.463744481326255  0.33780769800252874 1.8520407046801024 22.505968596268627  0.34219125036072651 2.0829010427560464 22.555120991834624  0.35008147771060899 2.3124584679181868 22.611194665538445  0.36309311618788742 2.5399999999999983 22.673974799078593 
 0 7 1 7
7 0 0  7 32 6  0.37030063622896847 2.3231295514600814 22.616870448539924  0.36700447059399977 2.3498001873158683 22.623559261642306  0.36438884296791335 2.3765977219789041 22.630375105548939  0.36246474042703253 2.4034883706344621 22.637311473112636  0.3612401148345829 2.4304377816577762 22.644360962696105  0.36071988284069334 2.4574110366140438 22.651515278171946  0.36090592588239484 2.484372650258424 22.658765228922626  0.36409866971058447 2.5807962308938373 22.68504587689074  0.37110389680121963 2.6500120186213567 22.704568118035958  0.3827938857245976 2.7182739030185705 22.724483422002226  0.39899295379867394 2.7850239224374809 22.744597701083908  0.41942434193823674 2.8498045915721635 22.764717249673161  0.44374848388861032 2.9122527638406699 22.784657886088013  0.48891330064697514 3.0093412242998872 22.816452022037446  0.50760936239426935 3.0455930673997607 22.828521174106974  0.5275866384168022 3.08078741430473 22.840423489405332  0.54875886785928596 3.1148826811168999 22.852126209734728  0.57104119529348418 3.1478504381465209 22.86360052581389  0.59435246603035274 3.1796730841643677 22.874821519889995  0.64923781779790724 3.2490423024507433 22.899581708909231  0.68137518418508214 3.2859029564223614 22.912957576065601  0.71487980206138935 3.3209086631312963 22.925854180355191  0.74961244974887065 3.3540597807949846 22.938237393094088  0.78544599589033681 3.38536833229213 22.950079699372584  0.82226689291577681 3.4148544921688568 22.961359411048754  0.96554409023310239 3.5200564478630403 23.002015528963749  1.0779510212585948 3.5833901806801327 23.02739570308642  1.1951820810783638 3.6332786255036469 23.047901937783365  1.3156685460360693 3.6702274389836185 23.063339136307313  1.43810535832624 3.694680564534385 23.073637841350564  1.5614746124743375 3.7069329867217693 23.07879850066173  1.6850000000000005 3.7069329867217693 23.07879850066173 
 0 8 0.077520935807609229 6 0.27773160237067002 6 0.40237696361486114 6 0.55966809024556574 6 1 8
1 -18.350000000000001 2.3390753863714451e-15 41.43 1 0 0 
2 -4.3349999999999991 0 31.879999999999999 1 0 0 -0 0 1 0 -1 0 9.5499999999999989
1 -18.350000000000001 3.7069329867217702 23.07879850066174 1 0 0 
7 0 0  7 32 6  -1.6850000000000003 3.7069329867217693 23.07879850066173  -1.5614271754522402 3.7069329867217693 23.07879850066173  -1.4380858059838157 3.6946712153822596 23.073633880578711  -1.3156986027385136 3.6702262317246839 23.063338642626817  -1.195253072199143 3.6332962796976589 23.047909589561151  -1.0780464776644259 3.5834323384853803 23.027412890753887  -0.9656524429361798 3.5201151222952434 23.002039187570631  -0.82249607083367571 3.4150301921283877 22.961426962033858  -0.78576555517774693 3.3856307933984349 22.95017976351653  -0.75001674036276855 3.3544185744095252 22.938372795122103  -0.71536222941649663 3.3213734997312536 22.926027554517653  -0.68192806235193371 3.2864835792699187 22.913171298929178  -0.64985224845779022 3.2497483289517759 22.89983782195403  -0.59494677236889137 3.1804790228188851 22.875105994902928  -0.57156640336200704 3.1486167556797953 22.863867827044324  -0.54921772515937628 3.1156044537080851 22.852374882302541  -0.52798233014445306 3.0814596840679145 22.840652177166653  -0.50794555786106954 3.0462109041745729 22.828728648377488  -0.48919418338143661 3.0098998085005211 22.816637212195417  -0.44389802410060142 2.9126460713208298 22.78478308203265  -0.41950500434938071 2.8500844057623382 22.76480325998622  -0.39901907971307782 2.7851794556963307 22.74464309220037  -0.38278202993899962 2.7182962758456739 22.724487843562517  -0.37107239937099845 2.6498949936083456 22.704532389692297  -0.36406685904464914 2.5805370062472455 22.684971985269296  -0.36090360290717094 2.4840292012180263 22.658672882296354  -0.36072543676186769 2.4571247062808901 22.651439337022364  -0.3612505340550401 2.4302089184334301 22.644301098837609  -0.36247700549937617 2.4033170964551851 22.637267294852311  -0.36439995276507287 2.3764839349876228 22.630346164799658  -0.3670114684798354 2.3497435645341445 22.623545061035816  -0.37030063622887815 2.3231295514600849 22.616870448539917 
 0 8 0.44021968679842866 6 0.5971114864708118 6 0.72201605181642725 6 0.92263920746741057 6 1 8
7 0 0  6 7 2  -0.33499999999999797 1.154166365824286 22.400000000000002  -0.33499999999999797 1.3876208181790597 22.428422497559055  -0.33571814111044274 1.6202408646772162 22.46374448132627  -0.33780769800253974 1.8520407046794423 22.505968596268509  -0.34219125036068221 2.0829010427558372 22.555120991834517  -0.35008147771065268 2.3124584679189515 22.611194665538658  -0.36309311618788731 2.5399999999999983 22.673974799078593 
 0 7 1 7
2 -0.33500000000000085 0 31.879999999999999 1 0 0 -0 0 1 0 -1 0 9.5499999999999989
7 0 0  6 7 2  -0.33499999999999808 -1.1541663658242882 22.400000000000002  -0.33499999999999813 -1.3876208181792282 22.428422497559072  -0.3357181411104439 -1.6202408646771973 22.46374448132628  -0.33780769800254257 -1.8520407046794078 22.505968596268499  -0.34219125036067521 -2.0829010427557262 22.555120991834492  -0.35008147771065762 -2.312458467919035 22.61119466553868  -0.36309311618788764 -2.54 22.673974799078593 
 0 7 1 7
7 0 0  7 38 7  -0.37030063622887904 -2.3231295514600845 22.616870448539917  -0.3670127319830952 -2.3497333410080663 22.623542497045381  -0.36440196309069062 -2.3764633715287604 22.630340935357285  -0.36247922888644091 -2.4032861348182699 22.637259310118001  -0.36125242642448485 -2.4301675498151494 22.644290279897767  -0.36072645047832375 -2.4570729626004071 22.651425615194732  -0.36090319354082229 -2.4839671463975024 22.658656198434951  -0.36290319544392297 -2.5450979278142412 22.675314281159121  -0.36516891502943982 -2.5793067358792761 22.684796020418979  -0.36857614913361897 -2.6133657177343532 22.694396243577668  -0.3731138671290542 -2.6472037502959913 22.704092887486571  -0.37876339586938812 -2.6807537688723784 22.713863099807092  -0.38549925235062865 -2.713952940605425 22.723683514795102  -0.40134124842259211 -2.7806293397292881 22.743706860670102  -0.41051954280716307 -2.814080419521964 22.753912115907305  -0.42079047020957322 -2.8470327792406565 22.76412062638823  -0.43211413666633808 -2.8794318471084286 22.774307675844703  -0.44444667250469633 -2.9112310882332024 22.784449724349255  -0.45774176128021182 -2.9423913152193708 22.794524632515202  -0.48930804595927818 -3.0101173441319582 22.816709814647027  -0.50802945207758599 -3.0463532007868439 22.828777087338104  -0.52803097822021905 -3.0815306904194935 22.840676979555589  -0.54922635530195585 -3.1156083918045896 22.852376775249446  -0.57153074316012553 -3.1485580162342068 22.863847707631738  -0.59486301971330047 -3.1803620829359467 22.875064900274221  -0.64975671812992608 -3.2496419491807913 22.899799015744435  -0.6818771827449629 -3.2864360590756081 22.913153442210305  -0.71536026477619152 -3.3213793394676401 22.926029279210002  -0.75006732534943332 -3.3544722667269697 22.938392576024984  -0.78587176423442207 -3.3857268924279755 22.950215957128457  -0.82266049817398945 -3.415163357475663 22.96147783970196  -0.9658719653543798 -3.5202412012765669 23.002089563851353  -1.0782361520151114 -3.5835115019139656 23.027445572433439  -1.1954166270737507 -3.6333505789343761 23.047931997332419  -1.3158478057036991 -3.6702633935904583 23.06335427725007  -1.4382265195931201 -3.6946927239464413 23.073642963488197  -1.5615359554782373 -3.7069329867217751 23.078798500661723  -1.6850000000000012 -3.7069329867217751 23.078798500661723 
 0 8 0.077334808335071392 6 0.1760908086330992 6 0.27814954191042995 6 0.4027989479698677 6 0.55990588128183516 6 1 8
1 -18.350000000000001 -3.7069329867217702 23.07879850066174 1 0 0 
1 1.6850000000000001 3.8900000000000001 22.100000000000001 1 0 0 
1 1.6850000000000001 3.8900000000000001 22.100000000000001 0 0 1 
2 1.6849999999999996 2.54 22.400000000000002 -0 0 -1 -1.1102230246251565e-16 -1 0 -1 1.1102230246251565e-16 0 1.3500000000000001
2 1.6849999999999987 2.54 22.400000000000002 0 1 0 -1.1102230246251565e-16 0 -1 -1 0 1.1102230246251565e-16 1.3500000000000001
1 1.6850000000000001 -3.8900000000000001 22.100000000000001 1 0 0 
1 1.6850000000000001 -3.8900000000000001 22.100000000000001 0 0 1 
2 1.6849999999999987 -2.54 22.400000000000002 0 1 0 -1.1102230246251565e-16 0 -1 -1 0 1.1102230246251565e-16 1.3500000000000001
2 1.6849999999999996 -2.54 22.400000000000002 0 0 1 -1.1102230246251565e-16 1 0 -1 -1.1102230246251565e-16 0 1.3500000000000001
2 5.6850000000000005 5.5650000000000004 22.100000000000001 -0 0 -1 -1.1102230246251565e-16 -1 0 -1 1.1102230246251565e-16 0 1.3500000000000001
3 5.6849999999999987 2.5399999999999991 22.100000000000001 0.70710678118654757 0.70710678118654757 0 0.70710678118654746 -0.70710678118654746 0 0 0 -1 1.9091883092036783 1.3500000000000001
2 5.6849999999999987 5.5650000000000004 22.100000000000001 -0 -1 0 -1.1102230246251565e-16 0 1 -1 0 -1.1102230246251565e-16 1.3500000000000001
1 5.6849999999999996 -5.5650000000000004 20.75 0 1 0 
1 5.6849999999999996 5.5650000000000004 20.75 1 0 0 
2 18.684999999999999 5.5650000000000013 22.100000000000001 -1 0 0 0 1.1102230246251565e-16 1 0 1 -1.1102230246251565e-16 1.3500000000000001
2 5.6849999999999996 5.5650000000000013 22.100000000000001 -1 0 0 0 1.1102230246251565e-16 1 0 1 -1.1102230246251565e-16 1.3500000000000001
2 18.684999999999999 5.5650000000000013 22.100000000000001 -0 0 1 1.1102230246251565e-16 -1 0 1 1.1102230246251565e-16 0 1.3500000000000001
7 0 0  6 17 4  20.035 5.2935281374238583 22.399999999999999  20.035 5.2935281374238583 22.458565319067027  20.031951218578552 5.2973007308778657 22.516864355813034  20.025905532673129 5.3047822567999567 22.574702077574035  20.016930925427772 5.3156789577160293 22.63184471691822  20.005139103720168 5.3294636868586576 22.687943106894416  19.970801362160106 5.3678206646503401 22.818870162014377  19.945714972870125 5.394641335487024 22.892666898876175  19.915897067765208 5.4245400029626385 22.963929909471474  19.881509785755316 5.4562948921457259 23.032635559836603  19.842664829541288 5.488969501816932 23.09872929644715  19.789723325308419 5.5290033787589765 23.17612608677258  19.77996658234953 5.5362220160726991 23.18994054457902  19.769989152859448 5.5434392568323902 23.203626499367953  19.759790243502525 5.5506467725049413 23.21718267483692  19.749368916063698 5.5578363716660055 23.230607481163961  19.73872408744845 5.5649999999999986 23.243899015007674 
 0 7 0.36919000840571176 5 0.88636800531367066 5 1 7
1 20.035 -5.5650000000000004 22.100000000000001 0 0 1 
2 18.684999999999999 -5.5650000000000013 22.100000000000001 0 0 -1 1.1102230246251565e-16 1 0 1 -1.1102230246251565e-16 0 1.3500000000000001
7 0 0  6 17 4  20.035 -5.2935281374238583 22.399999999999999  20.035 -5.2935281374238583 22.458565319067038  20.031951218578556 -5.2973007308778639 22.516864355813016  20.025905532673121 -5.3047822567999603 22.574702077574052  20.016930925427783 -5.3156789577160231 22.631844716918195  20.005139103720165 -5.329463686858662 22.68794310689443  19.970801362160095 -5.367820664650349 22.818870162014409  19.945714972870139 -5.3946413354870142 22.892666898876122  19.915897067765215 -5.4245400029626261 22.963929909471471  19.881509785755323 -5.4562948921457259 23.032635559836599  19.84266482954127 -5.4889695018169462 23.098729296447175  19.789723325308419 -5.5290033787589792 23.17612608677258  19.77996658234953 -5.5362220160727 23.189940544579013  19.769989152859448 -5.5434392568323902 23.203626499367953  19.759790243502525 -5.5506467725049431 23.21718267483692  19.749368916063698 -5.5578363716660064 23.230607481163968  19.73872408744845 -5.5650000000000013 23.243899015007681 
 0 7 0.36919000840553123 5 0.88636800531359516 5 1 7
1 5.6849999999999996 -5.5650000000000004 20.75 1 0 0 
2 18.684999999999999 -5.5650000000000013 22.100000000000001 1 0 0 0 -1.1102230246251565e-16 1 0 -1 -1.1102230246251565e-16 1.3500000000000001
2 5.6849999999999996 -5.5650000000000013 22.100000000000001 1 0 0 0 -1.1102230246251565e-16 1 0 -1 -1.1102230246251565e-16 1.3500000000000001
2 5.6850000000000005 -5.5650000000000004 22.100000000000001 0 0 1 -1.1102230246251565e-16 1 0 -1 -1.1102230246251565e-16 0 1.3500000000000001
3 5.6849999999999987 -2.5399999999999991 22.100000000000001 0.70710678118654757 -0.70710678118654757 0 0.70710678118654746 0.70710678118654746 0 -0 0 1 1.9091883092036783 1.3500000000000001
2 5.6849999999999987 -5.5650000000000004 22.100000000000001 -0 -1 0 -1.1102230246251565e-16 0 1 -1 0 -1.1102230246251565e-16 1.3500000000000001
1 0.33499999999999996 -2.54 22.400000000000002 0 1 0 
1 0.33499999999999996 -2.54 22.100000000000001 0 0 1 
1 0.33499999999999996 2.54 22.100000000000001 0 0 1 
1 0.33499999999999996 -2.54 22.100000000000001 0 1 0 
2 4.3349999999999991 0 31.879999999999999 1 0 0 -0 0 1 0 -1 0 9.8499999999999996
2 -4.3349999999999991 -2.5399999999999987 22.399999999999999 -1 1.2246467991473532e-16 0 -1.3596310734468911e-32 -1.1102230246251565e-16 -1 -1.2246467991473532e-16 -1 1.1102230246251565e-16 1.3500000000000001
2 -4.3349999999999991 2.5399999999999996 22.399999999999999 -1 1.2246467991473532e-16 0 1.3596310734468911e-32 1.1102230246251565e-16 -1 -1.2246467991473532e-16 -1 -1.1102230246251565e-16 1.3500000000000001
1 1.6850000000000001 -3.8900000000000001 22.400000000000002 1 0 0 
3 -5.6849999999999978 2.5399999999999991 22.399999999999999 -0.70710678118654735 0.70710678118654768 0 -0.70710678118654768 -0.70710678118654735 0 0 0 1 1.9091883092036783 1.3500000000000001
1 -1.6849999999999996 3.8280423683800402 22.804285613468913 -1 1.2246467991473532e-16 0 
2 1.6850000000000001 -2.5399999999999991 22.399999999999999 -1 -0 0 0 -1.1102230246251565e-16 -1 0 -1 1.1102230246251565e-16 1.3500000000000001
2 1.6849999999999987 -2.54 22.400000000000002 0 1 0 -1.1102230246251565e-16 0 -1 -1 0 1.1102230246251565e-16 1.3500000000000001
2 1.6849999999999996 -2.54 22.400000000000002 0 0 1 -1.1102230246251565e-16 1 0 -1 -1.1102230246251565e-16 0 1.3500000000000001
1 0.33499999999999996 -2.54 22.400000000000002 0 1 0 
1 0.33499999999999996 -2.54 22.100000000000001 0 0 1 
1 0.33499999999999996 2.54 22.100000000000001 0 0 1 
1 0.33499999999999996 -2.54 22.100000000000001 0 1 0 
2 1.6849999999999987 2.54 22.400000000000002 0 1 0 -1.1102230246251565e-16 0 -1 -1 0 1.1102230246251565e-16 1.3500000000000001
2 1.6849999999999996 2.54 22.400000000000002 -0 0 -1 -1.1102230246251565e-16 -1 0 -1 1.1102230246251565e-16 0 1.3500000000000001
2 1.6850000000000001 2.5399999999999991 22.399999999999999 1 -0 0 0 1.1102230246251565e-16 -1 0 1 1.1102230246251565e-16 1.3500000000000001
1 1.6850000000000001 3.8900000000000001 22.400000000000002 1 0 0 
3 -5.6849999999999978 -2.5399999999999991 22.399999999999999 -0.70710678118654768 -0.70710678118654735 0 -0.70710678118654735 0.70710678118654768 0 -0 0 -1 1.9091883092036783 1.3500000000000001
1 -1.6850000000000005 -3.8280423683800402 22.804285613468913 -1 1.2246467991473532e-16 0 
1 1.6850000000000001 2.54 20.75 1 0 0 
2 1.6850000000000001 2.5399999999999991 22.100000000000001 -1 0 0 0 1.1102230246251565e-16 1 0 1 -1.1102230246251565e-16 1.3500000000000001
2 1.6849999999999996 2.54 22.100000000000001 -0 0 -1 -1.1102230246251565e-16 -1 0 -1 1.1102230246251565e-16 0 1.3500000000000001
1 1.6850000000000001 -2.54 20.75 1 0 0 
2 1.6850000000000001 -2.5399999999999991 22.100000000000001 1 0 0 0 -1.1102230246251565e-16 1 0 -1 -1.1102230246251565e-16 1.3500000000000001
2 1.6849999999999996 -2.54 22.100000000000001 0 0 1 -1.1102230246251565e-16 1 0 -1 -1.1102230246251565e-16 0 1.3500000000000001
2 18.684999999999999 5.5650000000000004 22.100000000000001 -0 1 0 1.1102230246251565e-16 0 1 1 0 -1.1102230246251565e-16 1.3500000000000001
1 20.335000000000001 -4.4450000000000003 22.399999999999999 0 1 0 
1 19.777735381748236 -5.5650000000000004 21.307264618251761 0 1 0 
7 0 0  6 22 5  20.301244658108814 2.9399999999999995 22.099999999999998  20.285547567389052 2.9399999999999995 22.031129293974214  20.265621430851382 2.9357841072987565 21.963662716944338  20.241682462724459 2.9276734540497444 21.898090718172948  20.21404998044726 2.9160829952960019 21.83487140481893  20.183149790308001 2.9015146963069633 21.774414619742529  20.096164308257539 2.857639513946669 21.626089707942754  20.03580661256558 2.8246335460433118 21.542715294810417  19.969689589699627 2.7873732587088758 21.466966648033509  19.898711385869085 2.747412149692372 21.398666148415774  19.823467008689889 2.7061772102774269 21.337617786061731  19.68089493600916 2.6325636901860601 21.24064792359022  19.614941095719626 2.6000331542991426 21.202096417625054  19.546395686748816 2.5684411944445622 21.167973844850142  19.475312189806289 2.5387194898228267 21.138392219508923  19.401712479502425 2.5120797451275156 21.113513044660149  19.271281835525656 2.4740568755731887 21.079513095943632  19.215492491671977 2.4604219029154075 21.06785734551044  19.158674448309132 2.4496494827007274 21.058987179163413  19.101171670545465 2.442255809304068 21.053012476692182  19.043215572489707 2.4385281374238534 21.049999999999997  18.984999999999996 2.4385281374238534 21.049999999999997 
 0 7 0.21020127089119703 5 0.54365903841014618 5 0.81019700563718344 5 1 7
2 18.984999999999996 2.9400000000000004 22.399999999999999 0 1 0 1.1102230246251565e-16 -0 1 1 0 -1.1102230246251565e-16 1.3500000000000001
1 18.684999999999999 -5.5650000000000004 20.75 0 1 0 
3 18.684999999999999 1.5899999999999999 22.100000000000001 0.70710678118654757 -0.70710678118654757 0 0.70710678118654746 0.70710678118654746 0 -0 0 1 1.9091883092036783 1.3500000000000001
2 20.035 -4.4450000000000003 22.399999999999999 1 0 -0 0 0 1 0 -1 0 0.84852813742385624
2 18.984999999999996 -4.4450000000000003 22.399999999999999 -0 1 0 1.1102230246251565e-16 0 1 1 0 -1.1102230246251565e-16 1.3500000000000001
7 0 0  6 62 13  19.992719133609356 -3.8097826561885508 21.764782656188572  19.981735556529944 -3.8352062535007416 21.721934533418711  19.969363381928417 -3.8617573850171434 21.680673289826114  19.955811175199717 -3.8894891238909555 21.641106108824776  19.941305478298219 -3.918482798343188 21.603338291514451  19.926087951101433 -3.9488587754443873 21.567468389964628  19.895336881227255 -4.0117374798386649 21.500931926939685  19.879846446940974 -4.0441034214498677 21.470165326892491  19.864226107815909 -4.0781618375484676 21.441408445418347  19.848808355604163 -4.1141423478139378 21.414892076607806  19.834083103487327 -4.152289109377798 21.390974931455951  19.81598919037986 -4.2073189079025424 21.36281552705816  19.811409374458663 -4.2220930931857712 21.355815391988639  19.807041131609861 -4.2371746472665164 21.349248300850331  19.802921716259206 -4.2525653701445014 21.34314622661066  19.799091150473679 -4.2682606456865964 21.337544214630551  19.793745943286364 -4.2926701556556752 21.329809791322912  19.791993055419322 -4.301173601596763 21.327289867249586  19.790337755715953 -4.3097558612461091 21.324924246407488  19.788785979047429 -4.3184141392962623 21.322718268091482  19.787343511233171 -4.3271448464055657 21.320677187396733  19.783354152316793 -4.3535861240798193 21.315054577727249  19.781153988654655 -4.3715042193021993 21.311986199967361  19.779460819474917 -4.3896581405567696 21.309642917873333  19.778312826218613 -4.4079995336516591 21.308060649357287  19.777735381748155 -4.4264700563152859 21.307264618251647  19.777735381748155 -4.4634046501927189 21.307264618251647  19.778304999224964 -4.4818699894013632 21.308049886884536  19.779451521530145 -4.5003289135359452 21.30963006921942  19.78116397166659 -4.5187197176236973 21.311999705765889  19.783416317167188 -4.53698607694374 21.315140609225153  19.787542995286206 -4.5640905526055153 21.32095919820857  19.789040066958279 -4.5730611172333759 21.323078683951689  19.790657234783243 -4.581983012611146 21.325379237997968  19.792389448738977 -4.5908512391590399 21.32785708496376  19.794231267987794 -4.5996615071517173 21.33050813455435  19.799909121042251 -4.6251930565230541 21.338737336588409  19.804023336898226 -4.6417489652280528 21.344767848307285  19.80847914138333 -4.6580536853815593 21.351389256973075  19.813233864076974 -4.6740913766090069 21.358569444307225  19.818245422950842 -4.6898533478483548 21.366276953055376  19.830471654753968 -4.7260505543364628 21.385462267269361  19.837857986430858 -4.7462637378123418 21.397333055961031  19.845541636835115 -4.7659721456505819 21.410028823826256  19.853437829961297 -4.7851803113454734 21.423487630916508  19.861471557157966 -4.803899909240676 21.437655351496403  19.889361687441287 -4.8666709438220153 21.488678494283807  19.909567860726316 -4.9083490970715067 21.528796639265789  19.929293135751283 -4.9474852671512082 21.572234998366763  19.947882766211944 -4.9842684502181065 21.618523657606616  19.964867935160381 -5.018886084524258 21.667267285298717  19.993967257691121 -5.0820956840254885 21.765958118588063  20.006309901734674 -5.1109095483853437 21.815610743810648  20.016605346190403 -5.138066223419445 21.866889381676355  20.024616045172333 -5.1636396218933571 21.919537798204878  20.030154651063537 -5.1876865884866801 21.973302508484966  20.033712215689444 -5.2151706330566148 22.039852090739831  20.034224678284751 -5.2200213580227341 22.051809884970968  20.034611060204352 -5.2248018266398519 22.06380621610559  20.03486994263092 -5.2295124246302471 22.075838444333545  20.035 -5.2341535060560931 22.087903923278926  20.035 -5.2387253933194522 22.099999999999998 
 0 7 0.15089054215328035 5 0.29673876542698086 5 0.34878637042331628 5 0.37620746799679311 5 0.43118996467861981 5 0.48580068748324412 5 0.51300959866525608 5 0.56520486312953355 5 0.63503190081455108 5 0.8053982298529232 5 0.96515385878898141 5 1 7
2 18.984999999999999 -4.4450000000000003 22.399999999999999 0 0 -1 1.1102230246251565e-16 1 0 1 -1.1102230246251565e-16 0 1.3500000000000001
2 18.984999999999996 -2.9400000000000004 22.399999999999999 0 1 0 1.1102230246251565e-16 -0 1 1 0 -1.1102230246251565e-16 1.3500000000000001
7 0 0  6 22 5  20.301244658108814 -2.9399999999999999 22.099999999999998  20.285547567389052 -2.9399999999999999 22.031129293974203  20.265621430851382 -2.9357841072987587 21.963662716944341  20.241682462724466 -2.9276734540497436 21.898090718172948  20.214049980447257 -2.9160829952959997 21.834871404818927  20.183149790308001 -2.9015146963069647 21.774414619742533  20.096164308257531 -2.8576395139466664 21.626089707942743  20.035806612565644 -2.8246335460433336 21.542715294810492  19.969689589699517 -2.7873732587088362 21.466966648033399  19.89871138586917 -2.747412149692404 21.398666148415842  19.823467008689871 -2.7061772102774175 21.337617786061717  19.680894936009182 -2.6325636901860716 21.240647923590238  19.614941095719598 -2.6000331542991311 21.202096417625036  19.546395686748856 -2.5684411944445742 21.167973844850156  19.475312189806242 -2.5387194898228116 21.138392219508908  19.401712479502446 -2.5120797451275219 21.113513044660152  19.271281835525684 -2.4740568755731971 21.079513095943639  19.215492491671949 -2.4604219029153978 21.067857345510433  19.158674448309146 -2.4496494827007309 21.058987179163417  19.101171670545433 -2.4422558093040676 21.053012476692182  19.043215572489732 -2.4385281374238534 21.049999999999997  18.984999999999996 -2.4385281374238534 21.049999999999997 
 0 7 0.21020127089122839 5 0.54365903841025209 5 0.81019700563731578 5 1 7
2 18.684999999999999 -5.5650000000000004 22.100000000000001 -0 1 0 1.1102230246251565e-16 0 1 1 0 -1.1102230246251565e-16 1.3500000000000001
3 18.684999999999999 -1.5899999999999999 22.100000000000001 0.70710678118654757 0.70710678118654757 0 0.70710678118654746 -0.70710678118654746 0 0 0 -1 1.9091883092036783 1.3500000000000001
1 1.6850000000000001 -2.54 20.75 0 1 0 
2 1.6849999999999987 2.54 22.100000000000001 -0 -1 0 -1.1102230246251565e-16 0 1 -1 0 -1.1102230246251565e-16 1.3500000000000001
2 1.6849999999999987 -2.54 22.100000000000001 -0 -1 0 -1.1102230246251565e-16 0 1 -1 0 -1.1102230246251565e-16 1.3500000000000001
1 1.6850000000000001 -3.8900000000000001 22.100000000000001 1 0 0 
1 -4.3349999999999991 3.8900000000000006 22.100000000000001 -0 0 -1 
1 1.6850000000000001 -3.8900000000000001 22.100000000000001 0 0 1 
1 4.3349999999999991 -5.5650000000000004 22.400000000000002 0 1 0 
7 0 0  7 26 5  -4.3349999999999982 2.6743410403312522 22.400000000000002  -4.3349999999999982 2.9540425839647826 22.478904780293583  -4.3403809250775112 3.2291351721494692 22.566903727720796  -4.3533716738264872 3.5019914012826585 22.664410318489089  -4.3769087694726228 3.7728189167595754 22.771823380685035  -4.4149644376395978 4.0397618978270398 22.88872948470139  -4.472781457022009 4.2993082689355546 23.013487831744417  -4.5950481788086126 4.6572056764548408 23.199621126699657  -4.6390428727625608 4.7670718227949953 23.258901597743289  -4.6892919604217793 4.8736633158285345 23.318508235063042  -4.7464694102042113 4.9760328878593327 23.377750479016886  -4.8112627967270951 5.0730509423856995 23.435716686136978  -4.8843143421522077 5.1633386755009045 23.491211422291013  -4.9958796046466913 5.2749055102551301 23.561399852207721  -5.026783205002034 5.3035277594445942 23.579579575748834  -5.0588194320038271 5.330897628222254 23.597122209729552  -5.0919743834162849 5.3569077911839953 23.613934913424153  -5.1262270566020831 5.3814534652042001 23.629924355632713  -5.1615492366065325 5.4044321269329316 23.64499754848481  -5.2606060804861032 5.4624968773469487 23.683319751204778  -5.3265051985572418 5.4943629721667913 23.704626175469933  -5.3951554878211549 5.5206203468494772 23.722378271270276  -5.4659988014362204 5.5407196447254847 23.736073544107732  -5.5383908883027289 5.5542779581879271 23.745348031285207  -5.6116315267555574 5.5610790319865142 23.75  -5.6849999999999961 5.5610790319865142 23.75 
 0 8 0.52318235599945673 6 0.7626234540364607 6 0.84974612433556962 6 1 8
2 5.6849999999999987 -5.5650000000000004 22.400000000000002 0 1 0 -1.1102230246251565e-16 0 -1 -1 0 1.1102230246251565e-16 1.3500000000000001
2 1.6849999999999996 -2.54 22.100000000000001 0 0 1 -1.1102230246251565e-16 1 0 -1 -1.1102230246251565e-16 0 1.3500000000000001
1 1.6850000000000001 3.8900000000000001 22.100000000000001 0 0 1 
2 1.6849999999999996 2.54 22.100000000000001 -0 0 -1 -1.1102230246251565e-16 -1 0 -1 1.1102230246251565e-16 0 1.3500000000000001
1 1.6850000000000001 -2.54 20.75 0 1 0 
2 1.6849999999999987 2.54 22.100000000000001 -0 -1 0 -1.1102230246251565e-16 0 1 -1 0 -1.1102230246251565e-16 1.3500000000000001
2 1.6849999999999987 -2.54 22.100000000000001 -0 -1 0 -1.1102230246251565e-16 0 1 -1 0 -1.1102230246251565e-16 1.3500000000000001
1 1.6850000000000001 3.8900000000000001 22.100000000000001 1 0 0 
1 -4.3349999999999991 -3.8899999999999992 22.100000000000001 -0 0 -1 
2 5.6849999999999987 5.5650000000000004 22.400000000000002 0 1 0 -1.1102230246251565e-16 0 -1 -1 0 1.1102230246251565e-16 1.3500000000000001
7 0 0  7 26 5  -4.3349999999999991 -2.6743410403312495 22.399999999999999  -4.3349999999999991 -2.9540425839632301 22.478904780293142  -4.3403809250774978 -3.229135172153109 22.56690372772179  -4.3533716738266417 -3.5019914012795899 22.664410318488457  -4.3769087694722479 -3.7728189167598716 22.771823380684676  -4.4149644376399708 -4.0397618978280034 22.888729484702008  -4.4727814570218696 -4.2993082689351363 23.0134878317442  -4.5950481788086401 -4.6572056764549155 23.199621126699697  -4.6390428727625368 -4.7670718227948328 23.258901597743208  -4.6892919604217127 -4.8736633158284901 23.318508235063014  -4.7464694102042513 -4.9760328878594606 23.377750479016957  -4.8112627967272106 -5.0730509423857582 23.43571668613702  -4.884314342152102 -5.1633386755007944 23.491211422290945  -4.9958796046466869 -5.2749055102551212 23.56139985220771  -5.0267832050020349 -5.3035277594445924 23.579579575748827  -5.0588194320038298 -5.330897628222254 23.597122209729548  -5.0919743834162885 -5.3569077911839926 23.613934913424153  -5.1262270566020849 -5.381453465204193 23.629924355632713  -5.1615492366065325 -5.4044321269329254 23.64499754848481  -5.2606060804861228 -5.4624968773469558 23.683319751204778  -5.3265051985572267 -5.4943629721667575 23.704626175469908  -5.3951554878211549 -5.5206203468494888 23.72237827127028  -5.465998801436224 -5.5407196447255016 23.736073544107747  -5.5383908883027164 -5.5542779581879023 23.745348031285197  -5.6116315267555672 -5.5610790319865089 23.75  -5.6849999999999978 -5.5610790319865089 23.75 
 0 8 0.52318235599988516 6 0.76262345403684462 6 0.8497461243357981 6 1 8
1 18.684999999999999 2.9400000000000004 22.100000000000001 1 0 0 
1 18.684999999999999 1.5900000000000001 20.75 1 0 0 
1 21.565000000000001 2.9400000000000004 22.100000000000001 0 0 1 
1 18.684999999999999 2.9400000000000004 22.400000000000002 1 0 0 
2 21.565000000000001 1.5899999999999999 22.400000000000002 1 -0 0 0 1.1102230246251565e-16 -1 0 1 1.1102230246251565e-16 1.3500000000000001
1 18.684999999999999 1.5900000000000001 23.750000000000004 1 0 0 
2 20.335000000000001 1.5899999999999999 22.400000000000002 1 0 0 0 1.1102230246251565e-16 -1 -0 1 1.1102230246251565e-16 1.3500000000000001
1 20.335000000000001 -3.0175000000000001 23.750000000000004 -0 1 0 
1 21.565000000000001 -1.5900000000000001 23.750000000000004 0 1 0 
1 18.684999999999999 -1.5900000000000001 23.750000000000004 1 0 0 
1 18.684999999999999 -2.9400000000000004 22.400000000000002 1 0 0 
2 21.565000000000001 -1.5899999999999999 22.400000000000002 -1 -0 0 0 -1.1102230246251565e-16 -1 0 -1 1.1102230246251565e-16 1.3500000000000001
2 20.335000000000001 -1.5899999999999999 22.400000000000002 1 0 0 0 -1.1102230246251565e-16 -1 0 1 -1.1102230246251565e-16 1.3500000000000001
2 21.565000000000001 1.5900000000000001 22.400000000000006 0 -1 0 1.1102230246251565e-16 0 -1 1 0 1.1102230246251565e-16 1.3500000000000001
2 21.565000000000001 1.5899999999999999 22.400000000000002 -0 0 1 1.1102230246251565e-16 -1 0 1 1.1102230246251565e-16 0 1.3500000000000001
1 22.915000000000003 -1.5900000000000001 22.400000000000002 0 1 0 
2 21.565000000000001 -1.5900000000000001 22.400000000000006 0 -1 0 1.1102230246251565e-16 0 -1 1 0 1.1102230246251565e-16 1.3500000000000001
1 18.684999999999999 -2.9400000000000004 22.100000000000001 1 0 0 
1 21.565000000000001 -2.9400000000000004 22.100000000000001 0 0 1 
2 21.565000000000001 -1.5899999999999999 22.400000000000002 0 0 -1 1.1102230246251565e-16 1 0 1 -1.1102230246251565e-16 0 1.3500000000000001
2 21.565000000000001 -1.5899999999999999 22.100000000000001 1 0 0 0 -1.1102230246251565e-16 1 0 -1 -1.1102230246251565e-16 1.3500000000000001
1 18.684999999999999 -1.5900000000000001 20.75 1 0 0 
1 5.6849999999999996 5.5650000000000004 23.750000000000004 1 0 0 
2 -17.800000000000001 -4.4449999999999985 23.750000000000004 0 0 1 0 -1 0 1 0 -0 1.3266499161421608
1 -18.350000000000001 -5.0105488721296858 23.750000000000004 1 0 0 
1 -4.335 -5.5610790319865142 23.750000000000004 -1 1.2246467991473532e-16 0 
3 -5.6849999999999978 2.5399999999999991 22.100000000000001 -0.70710678118654735 0.70710678118654768 0 -0.70710678118654768 -0.70710678118654735 0 0 0 1 1.9091883092036783 1.3500000000000001
1 1.6850000000000001 -2.54 20.75 1 0 0 
2 1.6850000000000001 -2.5399999999999991 22.100000000000001 1 0 0 0 -1.1102230246251565e-16 1 0 -1 -1.1102230246251565e-16 1.3500000000000001
1 4.3349999999999991 -5.5650000000000004 22.100000000000001 0 0 1 
1 4.3349999999999991 -5.5650000000000004 22.100000000000001 0 1 0 
2 5.6850000000000005 -5.5650000000000004 22.400000000000002 0 0 1 -1.1102230246251565e-16 1 0 -1 -1.1102230246251565e-16 0 1.3500000000000001
2 5.6849999999999996 -5.5650000000000013 22.400000000000002 -1 -0 0 0 -1.1102230246251565e-16 -1 0 -1 1.1102230246251565e-16 1.3500000000000001
2 1.6850000000000001 2.5399999999999991 22.100000000000001 -1 0 0 0 1.1102230246251565e-16 1 0 1 -1.1102230246251565e-16 1.3500000000000001
3 -5.6849999999999978 -2.5399999999999991 22.100000000000001 -0.70710678118654768 -0.70710678118654735 0 -0.70710678118654735 0.70710678118654768 0 -0 0 -1 1.9091883092036783 1.3500000000000001
1 1.6850000000000001 2.54 20.75 1 0 0 
1 4.3349999999999991 5.5650000000000004 22.100000000000001 0 0 1 
2 5.6850000000000005 5.5650000000000004 22.400000000000002 -0 0 -1 -1.1102230246251565e-16 -1 0 -1 1.1102230246251565e-16 0 1.3500000000000001
2 5.6849999999999996 5.5650000000000013 22.400000000000002 1 -0 0 0 1.1102230246251565e-16 -1 0 1 1.1102230246251565e-16 1.3500000000000001
1 22.915000000000003 1.5900000000000001 22.100000000000001 0 0 1 
1 22.915000000000003 -1.5900000000000001 22.100000000000001 0 0 1 
2 21.565000000000001 -1.5899999999999999 22.100000000000001 0 0 -1 1.1102230246251565e-16 1 0 1 -1.1102230246251565e-16 0 1.3500000000000001
2 17.799999999999997 -4.4450000000000003 24 0 0 1 -1.1102230246251565e-16 1 0 -1 -1.1102230246251565e-16 0 1.3500000000000001
2 17.800000000000001 -4.4450000000000003 24 1 0 0 0 -1.1102230246251565e-16 1 0 -1 -1.1102230246251565e-16 1.3500000000000001
7 0 0  7 8 2  -17.800000000000001 5.768645442869996 23.734551810009002  -17.694416878931477 5.768645442869996 23.734551810009002  -17.589143069174504 5.7591123466935041 23.736007677940261  -17.484551169657983 5.740141988333443 23.738898257237423  -17.381267491994194 5.7115338687104957 23.742833049916431  -17.280156560198911 5.6729932717264928 23.746967453130178  -17.182254111850394 5.6242396032592969 23.750000000000004  -17.088944446614644 5.5650000000000039 23.750000000000004 
 0 8 1 8
7 0 0  6 42 9  -17.173706431131492 5.6294145490631102 24.165585450936891  -17.153175438113369 5.6195632090140073 24.158396664717603  -17.132727090961321 5.6092243567199018 24.150875258570526  -17.112386394209864 5.5983904026031377 24.143019902363388  -17.092179097008028 5.5870548181210209 24.134830448984076  -17.072131693119388 5.5752121357658231 24.126307934340673  -16.976970660497251 5.5160167152803243 24.083886834370603  -16.904394355325426 5.4618448069538452 24.045579032855571  -16.835929922765956 5.4000593830435015 24.002620210658499  -16.773168985408429 5.3306199566657178 23.955355342914711  -16.717754212998454 5.2537841858548369 23.904405188774138  -16.658060721578011 5.1466810593219856 23.835438927931502  -16.645612593787884 5.1225399283526007 23.820011684541168  -16.63391307276525 5.0978900513947512 23.804383761390714  -16.622996363929094 5.0727553165853889 23.788578803591765  -16.612894783003629 5.0471641691378064 23.772622547046385  -16.586119850702801 4.9719117930450958 23.72610867610133  -16.571626683575605 4.9211496774307291 23.695227263123542  -16.560367695751953 4.8691024383232708 23.664095745891245  -16.552502668209083 4.8160547788779233 23.632923657308211  -16.548125311763474 4.7623362614008018 23.601926072477593  -16.54659225106894 4.6681765179045529 23.548568127302801  -16.547870496064363 4.6278625953349497 23.526030727518258  -16.551085203037484 4.5875295398154305 23.503791115867173  -16.556215593225886 4.547324663317692 23.481926083967775  -16.563218617123955 4.5073901965006238 23.460502749674845  -16.575986254119368 4.4501269406176975 23.430190957330662  -16.580304971644381 4.4324735540974904 23.420903547558876  -16.584982643256936 4.414913290820051 23.411721392660173  -16.590013126618377 4.3974574419419934 23.402648984551281  -16.595389719874422 4.3801167051765377 23.393690307633904  -16.61038354949163 4.3349536907855324 23.370495691639874  -16.620555042288416 4.3073360603073931 23.356451387322803  -16.631588832775233 4.2800915099534995 23.342730881272512  -16.64345134578458 4.253258227131929 23.329345410315991  -16.656107396882163 4.2268696801966028 23.31630305226177  -16.696314124396022 4.1491933032000814 23.278255000390089  -16.726129375060239 4.099324565162207 23.254292843669528  -16.758684637483295 4.051573451167191 23.231762415378785  -16.793694470746519 4.0060969496520995 23.210664829209993  -16.830889365161084 3.9629979964677773 23.190976149700521  -16.870034648909947 3.9223391705569277 23.172660829443075 
 0 7 0.074785233862422335 5 0.358335475391375 5 0.43853048460415395 5 0.59031577816345537 5 0.70312178594352859 5 0.75373250095369815 5 0.83589340129344769 5 1 7
1 5.6849999999999996 -6.9150000000000009 22.400000000000002 1 0 0 
2 18.684999999999999 -5.5650000000000013 22.400000000000002 -1 -0 0 0 -1.1102230246251565e-16 -1 0 -1 1.1102230246251565e-16 1.3500000000000001
7 0 0  5 10 3  -17.931275912551545 5.5650000000000031 23.750000000000004  -18.018673157571691 5.6238155435252875 23.750000000000004  -18.111012412858386 5.6735707874689565 23.746797790309355  -18.207115878458236 5.7139269638409296 23.742361231809468  -18.305910669453297 5.7447469368560782 23.738151900778071  -18.4614492705686 5.7775495565776129 23.733214326469216  -18.516996110616549 5.7862706658882752 23.731772263848249  -18.572883000779875 5.7920902300610679 23.730766485891881  -18.62893964410187 5.7950000000000035 23.730263131865275  -18.684999999999995 5.7950000000000035 23.730263131865275 
 0 6 0.6461827725909155 4 1 6
1 -5.6849999999999987 5.7686454428699943 23.734551810008998 -1 1.2246467991473532e-16 0 
1 5.6849999999999996 6.9150000000000009 22.400000000000002 1 0 0 
2 18.684999999999999 5.5650000000000013 22.400000000000002 1 -0 0 0 1.1102230246251565e-16 -1 0 1 1.1102230246251565e-16 1.3500000000000001
7 0 0  5 10 3  -17.931275912551548 -5.5649999999999995 23.750000000000004  -18.018673157571694 -5.6238155435252821 23.750000000000004  -18.111012412858383 -5.6735707874689485 23.746797790309362  -18.207115878458204 -5.7139269638409109 23.742361231809461  -18.305910669453283 -5.7447469368560684 23.738151900778075  -18.461449270568572 -5.7775495565776041 23.73321432646922  -18.516996110616532 -5.7862706658882672 23.731772263848249  -18.572883000779871 -5.7920902300610635 23.730766485891877  -18.62893964410187 -5.7949999999999982 23.730263131865275  -18.684999999999995 -5.7949999999999982 23.730263131865275 
 0 6 0.64618277259088275 4 1 6
1 -5.6850000000000005 -5.7686454428699934 23.734551810008998 -1 1.2246467991473532e-16 0 
7 0 0  7 8 2  -17.800000000000001 -5.7686454428699925 23.734551810008998  -17.694416878925036 -5.7686454428699925 23.734551810008998  -17.589143069184029 -5.7591123466934233 23.736007677940258  -17.484551169649563 -5.7401419883336953 23.738898257237409  -17.381267491999278 -5.7115338687104105 23.742833049916442  -17.280156560197 -5.6729932717264688 23.746967453130164  -17.182254111850813 -5.6242396032594897 23.750000000000004  -17.08894444661474 -5.5649999999999986 23.750000000000004 
 0 8 1 8
7 0 0  6 42 9  -16.870034648909982 -3.9223391705569228 23.172660829443085  -16.830866404132554 -3.9630218452785031 23.190986892721181  -16.793650837241685 -4.0061475113118474 23.210687927404852  -16.758623030756112 -4.0516534807347853 23.231799543049174  -16.726052992674663 -4.0994366116795611 23.254345710997882  -16.696226688290967 -4.1493395729115568 23.278325285467982  -16.656066143861231 -4.2269607300095986 23.316348333563813  -16.643457802720679 -4.2532545839684763 23.32934418650126  -16.631637295590291 -4.2799899111737636 23.342680655808579  -16.620639423045926 -4.307133605895161 23.356349750326387  -16.610497401480767 -4.3346479109104772 23.370340365713876  -16.59549348345822 -4.3797815247424259 23.39351712238917  -16.59008706739737 -4.3971994580786946 23.4025148438154  -16.585029844139125 -4.4147336772514612 23.411627380556713  -16.580328611306356 -4.4323733423623395 23.420850697311952  -16.575989597173663 -4.4501070090050892 23.430180241989415  -16.563230027433978 -4.5073499761130513 23.460481824819965  -16.556242779763018 -4.5471809208487333 23.481849277458604  -16.551118419139577 -4.5872810929429333 23.503656238945695  -16.547899697814007 -4.6275093759469303 23.525836129488351  -16.546607333144735 -4.6677196058042316 23.548312786462883  -16.54808786551288 -4.7618833854539346 23.601664659156995  -16.552450117869913 -4.8157087697023684 23.632720136219472  -16.560313817981129 -4.8688623893967149 23.663951862044566  -16.571584944125274 -4.921012671562047 23.695143526998674  -16.586102866055032 -4.9718731986713252 23.726084369511764  -16.6129070280207 -5.0471937602572945 23.772641075570192  -16.623000146171858 -5.0727614249868802 23.788582795731401  -16.633906905851017 -5.0978734891621817 23.804373478990573  -16.645595078270532 -5.1225015850623601 23.81998745923573  -16.65803055161885 -5.1466218858301831 23.835401153667764  -16.717675767547686 -5.2536612323288416 23.904324855066342  -16.773046702440627 -5.3304615030275402 23.955249501738841  -16.835757113843002 -5.3998747314949203 24.002494102964899  -16.904167161802057 -5.4616432865718236 24.045438718831971  -16.976688006370114 -5.5158071596826233 24.083738580601853  -17.071848190266252 -5.575044612361622 24.126187379756974  -17.091950481490002 -5.5869265450859187 24.134737778818977  -17.112213797736654 -5.5982984605221082 24.142953238637642  -17.132611416422773 -5.6091658667587714 24.150832707874311  -17.15311736703536 -5.6195353448995462 24.158376331528292  -17.173706431131823 -5.6294145490631173 24.165585450936884 
 0 7 0.16420286932723382 5 0.24606608391393819 5 0.29690727076056755 5 0.40942276233380764 5 0.56149715571612313 5 0.64161982575055609 5 0.92500321255817419 5 1 7
2 17.800000000000001 4.4450000000000003 24 -1 0 0 0 1.1102230246251565e-16 1 0 1 -1.1102230246251565e-16 1.3500000000000001
2 17.799999999999997 4.4450000000000003 24 -0 0 -1 -1.1102230246251565e-16 -1 0 -1 1.1102230246251565e-16 0 1.3500000000000001
1 5.6849999999999996 -5.5650000000000004 20.75 0 1 0 
2 5.6849999999999987 -5.5650000000000004 22.100000000000001 -0 -1 0 -1.1102230246251565e-16 0 1 -1 0 -1.1102230246251565e-16 1.3500000000000001
1 5.6849999999999996 -6.9150000000000009 22.100000000000001 0 0 1 
2 5.6850000000000005 -5.5650000000000004 22.100000000000001 0 0 1 -1.1102230246251565e-16 1 0 -1 -1.1102230246251565e-16 0 1.3500000000000001
2 5.6849999999999987 5.5650000000000004 22.100000000000001 -0 -1 0 -1.1102230246251565e-16 0 1 -1 0 -1.1102230246251565e-16 1.3500000000000001
1 5.6849999999999996 6.9150000000000009 22.100000000000001 0 0 1 
2 5.6850000000000005 5.5650000000000004 22.100000000000001 -0 0 -1 -1.1102230246251565e-16 -1 0 -1 1.1102230246251565e-16 0 1.3500000000000001
7 0 0  5 10 3  -16.8410242000365 -5.3951923042649668 24  -16.919981649937881 -5.4748796300224924 24.054559447547518  -17.006809662008045 -5.5459547099232278 24.104702019010983  -17.100355293911932 -5.6075989667368038 24.149277905263318  -17.199475261932264 -5.6591973007031013 24.187237339131951  -17.397457756677888 -5.7375841156245428 24.245551771402511  -17.495563292300076 -5.7661548990954339 24.267161378468909  -17.596166912851199 -5.7853761248757483 24.281838455953093  -17.698053224834005 -5.794999999999999 24.289184826383927  -17.799999999999997 -5.794999999999999 24.289184826383927 
 0 6 0.52305933449552178 4 1 6
1 17.800000000000001 5.7949999999999999 24 0 0 1 
7 0 0  5 10 3  -16.841024200036497 5.3951923042649668 23.999999999999996  -16.919981649937888 5.4748796300225022 24.054559447547522  -17.006809662008035 5.5459547099232189 24.104702019010986  -17.100355293911939 5.6075989667368109 24.149277905263315  -17.199475261932264 5.6591973007031058 24.187237339131954  -17.397457756677902 5.7375841156245517 24.245551771402514  -17.495563292300076 5.7661548990954348 24.267161378468916  -17.596166912851199 5.7853761248757527 24.281838455953089  -17.698053224834005 5.7950000000000017 24.289184826383931  -17.799999999999997 5.7950000000000017 24.289184826383931 
 0 6 0.52305933449550368 4 1 6
1 17.800000000000001 -5.7949999999999999 24 0 0 1 
1 17.800000000000001 -5.7949999999999999 24 1 0 0 
3 -18.684999999999995 4.4450000000000029 24 0.70710678118654757 -8.6595605623549329e-17 0.70710678118654757 -0.70710678118654746 8.6595605623549329e-17 0.70710678118654746 -1.2246467991473532e-16 -1 0 1.9091883092036783 1.3500000000000001
1 5.6849999999999996 -6.9150000000000009 22.100000000000001 1 0 0 
1 18.684999999999999 -6.9150000000000009 22.100000000000001 0 0 1 
2 18.684999999999999 -5.5650000000000013 22.400000000000002 0 0 -1 1.1102230246251565e-16 1 0 1 -1.1102230246251565e-16 0 1.3500000000000001
2 -18.684999999999999 5.7950000000000026 22.400000000000002 -1.2246467991473532e-16 -1 0 1 -1.2246467991473532e-16 0 0 0 1 1.3302631318652713
7 0 0  5 26 7  -18.984999999999999 5.7950000000000035 23.695993827145813  -19.053078454813964 5.7950000000000035 23.680234850508427  -19.120308128243781 5.7907084937552922 23.660724108104169  -19.185990515870955 5.7823404408740267 23.637580902616328  -19.249557488717777 5.7703166663787089 23.610978094717833  -19.358319222596617 5.7432879477249701 23.557721768623356  -19.404500129117309 5.729503560782474 23.532342298599591  -19.448934745261628 5.7140406846655951 23.50503774917409  -19.49148187071183 5.6971760591745193 23.475890829801891  -19.567350442414984 5.6635479857836621 23.418067388881248  -19.60115224678216 5.6470553040658409 23.389820462018662  -19.633389713914823 5.629906999762043 23.360281338202753  -19.664023312700639 5.6122994641143666 23.329494710077054  -19.720199992514456 5.5776955584335202 23.267534461922359  -19.745942026743812 5.5607313060734 23.236509595865567  -19.770239092475578 5.5437025082073799 23.204459094209181  -19.793082057801769 5.5267755230542406 23.171416801630848  -19.841238320061898 5.4892734347641685 23.094866938128213  -19.865726945418892 5.4688519805749225 23.05081872484363  -19.887933959796285 5.449183689212604 23.005342319847461  -19.907868128874085 5.4306071183661979 22.958522574719076  -19.945472749814005 5.3940858900374016 22.856294296496689  -19.962529174520839 5.3765246548099963 22.800551453847216  -19.976725099150979 5.3612194933828263 22.743425368498379  -19.988081063105881 5.3486006161952098 22.685149167812831  -19.996604871010085 5.3389550240078218 22.626044975992183 
 0 6 0.2084306820789229 4 0.37143364923702815 4 0.51329716091789424 4 0.64617109328073408 4 0.81246551091604913 4 1 6
2 18.684999999999999 -5.5650000000000004 22.399999999999999 0 -1 0 1.1102230246251565e-16 0 -1 1 0 1.1102230246251565e-16 1.3500000000000001
1 18.684999999999999 -5.7949999999999999 22.399999999999999 0 0 1 
1 5.6849999999999996 6.9150000000000009 22.100000000000001 1 0 0 
1 18.684999999999999 6.9150000000000009 22.100000000000001 0 0 1 
2 18.684999999999999 5.5650000000000004 22.399999999999999 0 -1 0 1.1102230246251565e-16 0 -1 1 0 1.1102230246251565e-16 1.3500000000000001
7 0 0  5 26 7  -18.984999999999999 -5.7949999999999982 23.695993827145813  -19.053078454813985 -5.7949999999999982 23.68023485050842  -19.120308128243728 -5.7907084937552895 23.660724108104194  -19.185990515871012 -5.7823404408740124 23.6375809026163  -19.249557488717755 -5.7703166663787098 23.610978094717847  -19.358319222596634 -5.7432879477249612 23.557721768623349  -19.404500129117288 -5.729503560782474 23.532342298599595  -19.448934745261646 -5.7140406846655845 23.50503774917409  -19.491481870711826 -5.6971760591745149 23.475890829801894  -19.567350442414948 -5.6635479857836737 23.418067388881276  -19.601152246782231 -5.6470553040657974 23.389820462018601  -19.633389713914767 -5.6299069997620723 23.360281338202814  -19.66402331270066 -5.6122994641143471 23.329494710077032  -19.720199992514456 -5.5776955584335157 23.267534461922359  -19.745942026743812 -5.5607313060733956 23.236509595865567  -19.770239092475581 -5.5437025082073745 23.204459094209192  -19.793082057801776 -5.5267755230542335 23.171416801630848  -19.841238320061908 -5.4892734347641561 23.094866938128206  -19.865726945418871 -5.4688519805749314 23.050818724843655  -19.887933959796303 -5.4491836892125844 23.005342319847436  -19.907868128874082 -5.4306071183661961 22.95852257471909  -19.945472749814002 -5.3940858900373998 22.856294296496703  -19.962529174520832 -5.3765246548099217 22.800551453847216  -19.97672509915099 -5.3612194933829507 22.743425368498425  -19.98808106310587 -5.3486006161951574 22.685149167812853  -19.996604871010071 -5.3389550240077712 22.62604497599223 
 0 6 0.20843068207900872 4 0.37143364923716127 4 0.51329716091790922 4 0.64617109328072986 4 0.81246551091608299 4 1 6
2 -18.684999999999999 -5.7949999999999973 22.400000000000002 -1.2246467991473532e-16 -1 0 1 -1.2246467991473532e-16 0 0 0 1 1.3302631318652713
2 18.684999999999999 5.5650000000000013 22.400000000000002 -0 0 1 1.1102230246251565e-16 -1 0 1 1.1102230246251565e-16 0 1.3500000000000001
3 -18.684999999999995 -4.4449999999999976 24 0.70710678118654757 -8.6595605623549329e-17 0.70710678118654757 -0.70710678118654746 8.6595605623549329e-17 0.70710678118654746 -1.2246467991473532e-16 -1 0 1.9091883092036783 1.3500000000000001
1 18.684999999999999 5.7949999999999999 22.399999999999999 0 0 1 
1 17.800000000000001 5.7949999999999999 24 1 0 0 
2 5.6849999999999996 -5.5650000000000013 22.100000000000001 1 0 0 0 -1.1102230246251565e-16 1 0 -1 -1.1102230246251565e-16 1.3500000000000001
1 5.6849999999999996 5.5650000000000004 20.75 1 0 0 
2 18.684999999999999 5.5650000000000013 22.100000000000001 -1 0 0 0 1.1102230246251565e-16 1 0 1 -1.1102230246251565e-16 1.3500000000000001
2 5.6849999999999996 5.5650000000000013 22.100000000000001 -1 0 0 0 1.1102230246251565e-16 1 0 1 -1.1102230246251565e-16 1.3500000000000001
1 5.6849999999999996 -5.5650000000000004 20.75 1 0 0 
2 18.684999999999999 -5.5650000000000013 22.100000000000001 1 0 0 0 -1.1102230246251565e-16 1 0 -1 -1.1102230246251565e-16 1.3500000000000001
1 20.035 -5.5650000000000004 22.100000000000001 0 0 1 
2 18.684999999999999 -5.5650000000000013 22.100000000000001 0 0 -1 1.1102230246251565e-16 1 0 1 -1.1102230246251565e-16 0 1.3500000000000001
1 20.035 -5.5650000000000004 22.400000000000002 0 1 0 
7 0 0  6 17 4  -20.035 5.293528137423861 22.399999999999999  -20.035 5.293528137423861 22.458565319067024  -20.031951218578559 5.2973007308778666 22.516864355813009  -20.025905532673121 5.3047822567999576 22.574702077574056  -20.016930925427776 5.3156789577160302 22.631844716918192  -20.005139103720168 5.3294636868586576 22.687943106894405  -19.970801362160124 5.3678206646503197 22.818870162014306  -19.945714972870135 5.3946413354870222 22.892666898876172  -19.915897067765219 5.4245400029626252 22.963929909471435  -19.881509785755316 5.4562948921457313 23.032635559836606  -19.842664829541324 5.4889695018169062 23.098729296447093  -19.789723325308447 5.529003378758965 23.176126086772552  -19.779966582349541 5.5362220160726894 23.189940544578992  -19.769989152859456 5.5434392568323849 23.203626499367939  -19.759790243502536 5.5506467725049378 23.217182674836909  -19.749368916063702 5.5578363716660064 23.230607481163961  -19.73872408744845 5.5650000000000039 23.243899015007681 
 0 7 0.36919000840587318 5 0.88636800531371573 5 1 7
1 20.035 5.5650000000000004 22.100000000000001 0 0 1 
2 18.684999999999999 5.5650000000000013 22.100000000000001 -0 0 1 1.1102230246251565e-16 -1 0 1 1.1102230246251565e-16 0 1.3500000000000001
7 0 0  6 17 4  -20.035 -5.2935281374238548 22.399999999999999  -20.035 -5.2935281374238548 22.458565319067024  -20.031951218578559 -5.297300730877863 22.516864355813016  -20.025905532673129 -5.3047822567999487 22.574702077574049  -20.016930925427776 -5.3156789577160239 22.631844716918184  -20.005139103720172 -5.3294636868586531 22.687943106894412  -19.970801362160145 -5.3678206646502948 22.818870162014242  -19.945714972870121 -5.3946413354870213 22.892666898876222  -19.915897067765211 -5.424540002962642 22.96392990947145  -19.881509785755306 -5.4562948921457277 23.032635559836624  -19.842664829541345 -5.488969501816884 23.098729296447061  -19.789723325308447 -5.5290033787589579 23.176126086772552  -19.779966582349541 -5.536222016072684 23.189940544578992  -19.769989152859456 -5.5434392568323787 23.203626499367939  -19.75979024350254 -5.5506467725049333 23.217182674836906  -19.749368916063705 -5.5578363716659993 23.230607481163958  -19.73872408744845 -5.5649999999999968 23.243899015007674 
 0 7 0.3691900084060622 5 0.886368005313798 5 1 7
2 18.684999999999999 5.5650000000000004 22.100000000000001 -0 1 0 1.1102230246251565e-16 0 1 1 0 -1.1102230246251565e-16 1.3500000000000001
1 20.035 -5.5650000000000004 22.100000000000001 0 1 0 
1 18.684999999999999 -5.5650000000000004 20.75 0 1 0 
3 -18.684999999999999 -1.5899999999999976 22.100000000000001 -0.70710678118654735 0.70710678118654768 0 -0.70710678118654768 -0.70710678118654735 0 0 0 1 1.9091883092036783 1.3500000000000001
1 -19.777735381748236 5.5650000000000031 21.307264618251761 -1.2246467991473532e-16 -1 0 
7 0 0  6 62 13  -20.035 -5.238725393319374 22.099999999999998  -20.035 -5.2341535060560158 22.08790392327893  -20.034869942630923 -5.229512424630169 22.07583844433357  -20.034611060204359 -5.2248018266397755 22.063806216105622  -20.034224678284758 -5.2200213580226658 22.051809884971011  -20.033712215689444 -5.2151706330565561 22.039852090739885  -20.030147160144857 -5.1876287172278701 21.973162379615527  -20.024587617736735 -5.1635162675136774 21.919262031437661  -20.016543664765461 -5.1378694376248379 21.866484334590233  -20.006204194533677 -5.1106308906155098 21.81508473964842  -19.993808841601879 -5.0817260699558773 21.765321488513084  -19.964663518843995 -5.0184695191500657 21.666681021174011  -19.947703839371506 -4.9839144073366883 21.618078367436812  -19.929150819713264 -4.9472028729003732 21.57192167292547  -19.909470681577186 -4.908148636037204 21.528603703905709  -19.889314081143009 -4.8665637985138659 21.48859140171999  -19.861471557158822 -4.8038999092424808 21.437655351497938  -19.853437829962193 -4.7851803113474043 21.423487630918043  -19.845541636836028 -4.765972145652646 21.410028823827787  -19.837857986431786 -4.74626373781454 21.397333055962548  -19.830471654754906 -4.7260505543387987 21.385462267270857  -19.818245422951811 -4.6898533478510718 21.366276953056868  -19.813233864077961 -4.6740913766119796 21.358569444308728  -19.80847914138435 -4.6580536853847816 21.351389256974596  -19.804023336899252 -4.6417489652315238 21.344767848308802  -19.799909121043257 -4.6251930565267889 21.338737336589883  -19.794231267988803 -4.5996615071560338 21.330508134555799  -19.79238944874 -4.5908512391636673 21.32785708496522  -19.79065723478427 -4.5819830126160861 21.325379237999428  -19.789040066959313 -4.5730611172386375 21.323078683953149  -19.787542995287229 -4.5640905526110993 21.320959198210009  -19.783416317167902 -4.5369860769486907 21.315140609226145  -19.781163971667045 -4.5187197176277314 21.311999705766521  -19.779451521530429 -4.5003289135389553 21.309630069219804  -19.778304999225128 -4.481869989403342 21.308049886884763  -19.777735381748247 -4.4634046501937545 21.307264618251768  -19.777735381748247 -4.4264700563161492 21.307264618251768  -19.778312826218649 -4.4079995336533386 21.308060649357337  -19.77946081947486 -4.3896581405592929 21.309642917873251  -19.781153988654452 -4.3715042193055424 21.311986199967063  -19.783354152316381 -4.3535861240839102 21.315054577726674  -19.78734351123251 -4.327144846410147 21.320677187395798  -19.788785979046761 -4.3184141393005833 21.322718268090536  -19.790337755715289 -4.3097558612501716 21.324924246406539  -19.791993055418661 -4.3011736016005671 21.327289867248641  -19.79374594328571 -4.2926701556592208 21.329809791321974  -19.799091150473021 -4.2682606456896712 21.337544214629592  -19.802921716258542 -4.2525653701473916 21.343146226609679  -19.807041131609196 -4.2371746472691898 21.349248300849336  -19.811409374458012 -4.2220930931882341 21.355815391987651  -19.815989190379238 -4.2073189079048365 21.362815527057197  -19.834083103486783 -4.1522891093794563 21.390974931455059  -19.848808355603683 -4.114142347815168 21.414892076607011  -19.864226107815576 -4.0781618375494402 21.441408445417679  -19.8798464469408 -4.0441034214503695 21.470165326892165  -19.895336881227163 -4.0117374798389989 21.500931926939479  -19.926087951101497 -3.9488587754443918 21.56746838996477  -19.94130547829819 -3.9184827983433701 21.603338291514426  -19.955811175199816 -3.8894891238908809 21.641106108824982  -19.969363381928385 -3.861757385017313 21.68067328982605  -19.981735556529962 -3.8352062535008109 21.721934533418771  -19.992719133609359 -3.8097826561886521 21.764782656188572 
 0 7 0.034846154634966577 5 0.19501160480998608 5 0.36496797543536597 5 0.43479502672737225 5 0.48699030136235832 5 0.5141992178457141 5 0.56880995129540601 5 0.62379245868910815 5 0.65121356160685573 5 0.70326117674625255 5 0.849109428442678 5 1 7
2 18.684999999999999 -5.5650000000000004 22.100000000000001 -0 1 0 1.1102230246251565e-16 0 1 1 0 -1.1102230246251565e-16 1.3500000000000001
7 0 0  6 62 13  -19.992719133609359 3.8097826561885393 21.764782656188579  -19.981735556529976 3.8352062535006644 21.721934533418828  -19.969363381928389 3.8617573850172038 21.680673289826039  -19.955811175199852 3.8894891238906628 21.641106108825145  -19.941305478298222 3.9184827983431818 21.603338291514476  -19.926087951101543 3.9488587754441591 21.567468389964887  -19.895336881227326 4.0117374798385086 21.500931926939824  -19.879846446941059 4.0441034214496714 21.470165326892683  -19.864226107815924 4.0781618375484365 21.4414084454183  -19.848808355604167 4.1141423478138792 21.414892076607856  -19.834083103487302 4.1522891093778593 21.390974931455904  -19.81598919037982 4.2073189079026729 21.362815527058093  -19.811409374458609 4.2220930931859115 21.355815391988568  -19.807041131609811 4.2371746472666745 21.34924830085026  -19.802921716259164 4.2525653701446755 21.343146226610589  -19.799091150473632 4.2682606456867713 21.33754421463048  -19.793745943286314 4.2926701556558804 21.329809791322845  -19.791993055419276 4.3011736015969886 21.327289867249519  -19.790337755715903 4.3097558612463507 21.324924246407424  -19.788785979047379 4.3184141392965154 21.322718268091418  -19.787343511233122 4.3271448464058322 21.320677187396665  -19.783354152316765 4.3535861240800529 21.31505457772721  -19.781153988654641 4.3715042193024019 21.311986199967329  -19.77946081947491 4.3896581405569188 21.309642917873315  -19.778312826218606 4.4079995336517532 21.308060649357277  -19.777735381748155 4.426470056315341 21.30726461825164  -19.777735381748155 4.4634046501887115 21.30726461825164  -19.778304999224709 4.4818699893932816 21.308049886884181  -19.779451521529396 4.5003289135238829 21.309630069218382  -19.781163971665094 4.5187197176077154 21.311999705763828  -19.783416317164733 4.5369860769238679 21.315140609221729  -19.787542995282525 4.5640905525832158 21.320959198203351  -19.789040066954552 4.5730611172123803 21.323078683946385  -19.790657234779498 4.5819830125914471 21.325379237992625  -19.792389448735275 4.5908512391406306 21.327857084958449  -19.794231267984166 4.5996615071345861 21.33050813454911  -19.799909121038617 4.6251930565082242 21.33873733658308  -19.804023336894542 4.6417489652142576 21.344767848301824  -19.80847914137966 4.6580536853687802 21.351389256967565  -19.813233864073364 4.6740913765972181 21.358569444301736  -19.818245422947353 4.6898533478375315 21.366276953049979  -19.8304716547506 4.7260505543271476 21.385462267263961  -19.837857986427505 4.7462637378036137 21.397333055955542  -19.845541636831815 4.7659721456423831 21.41002882382071  -19.853437829958082 4.7851803113377791 21.423487630910941  -19.861471557154854 4.8038999092335022 21.437655351490886  -19.889361687438264 4.8666709438157056 21.488678494277885  -19.90956786072346 4.9083490970657389 21.528796639259696  -19.929293135748402 4.9474852671455789 21.572234998359999  -19.947882766209421 4.984268450213035 21.618523657600022  -19.964867935158004 5.0188860845193748 21.667267285291693  -19.993967257689661 5.0820956840220797 21.765958118582141  -20.006309901733719 5.1109095483827467 21.815610743805731  -20.016605346189969 5.1380662234180923 21.866889381673417  -20.024616045172174 5.1636396218924521 21.919537798202803  -20.03015465106358 5.187686588486665 21.973302508484807  -20.033712215689487 5.2151706330570846 22.039852090740968  -20.034224678284783 5.2200213580231081 22.051809884971888  -20.034611060204366 5.2248018266401326 22.063806216106276  -20.034869942630927 5.2295124246304336 22.075838444334007  -20.035 5.2341535060561881 22.087903923279146  -20.035 5.2387253933194637 22.099999999999998 
 0 7 0.15089054215335423 5 0.29673876542748401 5 0.34878637042392707 5 0.37620746799747423 5 0.43118996467918047 5 0.48580068747194066 5 0.51300959865759044 5 0.56520486312450713 5 0.63503190081073801 5 0.80539822984915621 5 0.96515385878963289 5 1 7
3 -18.684999999999999 1.5900000000000021 22.100000000000001 -0.70710678118654768 -0.70710678118654735 0 -0.70710678118654735 0.70710678118654768 0 -0 0 -1 1.9091883092036783 1.3500000000000001
2 18.984999999999996 -4.4450000000000003 22.399999999999999 -0 1 0 1.1102230246251565e-16 0 1 1 0 -1.1102230246251565e-16 1.3500000000000001
2 -20.035 4.4450000000000029 22.399999999999999 -1 1.2246467991473532e-16 0 -1.2246467991473532e-16 -1 0 0 0 1 0.84852813742385624
2 18.984999999999999 -4.4450000000000003 22.399999999999999 0 0 -1 1.1102230246251565e-16 1 0 1 -1.1102230246251565e-16 0 1.3500000000000001
1 20.335000000000001 -4.4450000000000003 22.399999999999999 0 1 0 
2 -18.984999999999996 2.9400000000000031 22.399999999999999 -1.2246467991473532e-16 -1 0 -1.1102230246251565e-16 1.3596310734468911e-32 1 -1 1.2246467991473532e-16 -1.1102230246251565e-16 1.3500000000000001
7 0 0  6 22 5  -20.301244658108814 2.9400000000000017 22.099999999999998  -20.28554756738993 2.9400000000000017 22.031129293978079  -20.265621430851564 2.9357841072991415 21.963662716943094  -20.24168246272308 2.9276734540492657 21.898090718169414  -20.21404998044633 2.9160829952953571 21.834871404818283  -20.183149790309869 2.9015146963079066 21.774414619745713  -20.096164308257546 2.8576395139466739 21.626089707942761  -20.03580661256559 2.8246335460433234 21.542715294810442  -19.969689589699581 2.7873732587088518 21.466966648033456  -19.898711385869138 2.7474121496924027 21.39866614841582  -19.823467008689871 2.7061772102774193 21.337617786061717  -19.680894936009128 2.632563690186045 21.240647923590199  -19.614941095719644 2.6000331542991524 21.202096417625064  -19.546395686748795 2.5684411944445644 21.167973844850138  -19.475312189806353 2.5387194898228436 21.138392219508937  -19.401712479502383 2.5120797451275063 21.113513044660138  -19.271281835525638 2.4740568755731864 21.079513095943629  -19.21549249167202 2.4604219029154164 21.067857345510447  -19.158674448309078 2.4496494827007247 21.058987179163406  -19.101171670545497 2.4422558093040703 21.053012476692185  -19.043215572489686 2.4385281374238557 21.049999999999997  -18.984999999999996 2.4385281374238557 21.049999999999997 
 0 7 0.21020127090031607 5 0.54365903841520213 5 0.81019700563918873 5 1 7
1 18.684999999999999 -2.9400000000000004 22.100000000000001 1 0 0 
1 18.684999999999999 -1.5900000000000001 20.75 1 0 0 
1 18.684999999999999 2.9400000000000004 22.100000000000001 1 0 0 
2 21.565000000000001 1.5899999999999999 22.100000000000001 -1 0 0 0 1.1102230246251565e-16 1 0 1 -1.1102230246251565e-16 1.3500000000000001
1 18.684999999999999 1.5900000000000001 20.75 1 0 0 
7 0 0  6 22 5  -20.301244658108814 -2.9399999999999973 22.099999999999998  -20.285547567389052 -2.9399999999999973 22.031129293974193  -20.265621430851382 -2.9357841072987543 21.963662716944331  -20.241682462724466 -2.9276734540497418 21.898090718172956  -20.21404998044726 -2.9160829952959997 21.834871404818937  -20.183149790308001 -2.9015146963069607 21.774414619742529  -20.096164308257546 -2.8576395139466699 21.626089707942764  -20.035806612565583 -2.8246335460433123 21.542715294810439  -19.969689589699595 -2.7873732587088562 21.466966648033452  -19.898711385869113 -2.7474121496923809 21.39866614841581  -19.823467008689892 -2.7061772102774264 21.337617786061735  -19.680894936009146 -2.6325636901860507 21.240647923590213  -19.614941095719633 -2.6000331542991377 21.202096417625057  -19.546395686748813 -2.5684411944445702 21.167973844850138  -19.47531218980631 -2.538719489822824 21.13839221950893  -19.401712479502411 -2.512079745127509 21.113513044660145  -19.27128183552562 -2.4740568755731753 21.079513095943621  -19.215492491671995 -2.4604219029154004 21.067857345510443  -19.158674448309096 -2.4496494827007398 21.058987179163413  -19.101171670545515 -2.4422558093040565 21.053012476692182  -19.043215572489686 -2.4385281374238508 21.049999999999997  -18.984999999999996 -2.4385281374238508 21.049999999999997 
 0 7 0.21020127089116145 5 0.54365903841002805 5 0.81019700563704022 5 1 7
2 -20.035 -4.4449999999999976 22.399999999999999 -1 1.2246467991473532e-16 0 -1.2246467991473532e-16 -1 0 0 0 1 0.84852813742385624
2 18.984999999999996 4.4450000000000003 22.399999999999999 -0 1 0 1.1102230246251565e-16 0 1 1 0 -1.1102230246251565e-16 1.3500000000000001
2 -18.984999999999996 -2.9399999999999977 22.399999999999999 -1.2246467991473532e-16 -1 0 -1.1102230246251565e-16 1.3596310734468911e-32 1 -1 1.2246467991473532e-16 -1.1102230246251565e-16 1.3500000000000001
2 18.984999999999999 4.4450000000000003 22.399999999999999 -0 0 1 1.1102230246251565e-16 -1 0 1 1.1102230246251565e-16 0 1.3500000000000001
1 21.565000000000001 -2.9400000000000004 22.100000000000001 0 0 1 
1 18.684999999999999 -2.9400000000000004 22.400000000000002 1 0 0 
1 21.565000000000001 2.9400000000000004 22.100000000000001 0 0 1 
1 18.684999999999999 2.9400000000000004 22.400000000000002 1 0 0 
2 21.565000000000001 1.5899999999999999 22.100000000000001 -0 0 1 1.1102230246251565e-16 -1 0 1 1.1102230246251565e-16 0 1.3500000000000001
1 22.915000000000003 -1.5900000000000001 22.100000000000001 0 0 1 
1 22.915000000000003 -1.5900000000000001 22.400000000000002 0 1 0 
1 22.915000000000003 1.5900000000000001 22.100000000000001 0 0 1 
2 21.565000000000001 1.5899999999999999 22.400000000000002 1 -0 0 0 1.1102230246251565e-16 -1 0 1 1.1102230246251565e-16 1.3500000000000001
1 18.684999999999999 1.5900000000000001 23.750000000000004 1 0 0 
2 -20.335000000000001 -1.5899999999999974 22.400000000000002 -1 1.2246467991473532e-16 0 -1.3596310734468911e-32 -1.1102230246251565e-16 -1 -1.2246467991473532e-16 -1 1.1102230246251565e-16 1.3500000000000001
1 -20.335000000000001 3.0175000000000027 23.750000000000004 -1.2246467991473532e-16 -1 0 
1 21.565000000000001 -1.5900000000000001 23.750000000000004 0 1 0 
1 18.684999999999999 -1.5900000000000001 23.750000000000004 1 0 0 
2 21.565000000000001 -1.5899999999999999 22.400000000000002 -1 -0 0 0 -1.1102230246251565e-16 -1 0 -1 1.1102230246251565e-16 1.3500000000000001
2 -20.335000000000001 1.5900000000000023 22.400000000000002 -1 1.2246467991473532e-16 0 1.3596310734468911e-32 1.1102230246251565e-16 -1 -1.2246467991473532e-16 -1 -1.1102230246251565e-16 1.3500000000000001
2 21.565000000000001 -1.5899999999999999 22.400000000000002 0 0 -1 1.1102230246251565e-16 1 0 1 -1.1102230246251565e-16 0 1.3500000000000001
2 21.565000000000001 1.5899999999999999 22.400000000000002 -0 0 1 1.1102230246251565e-16 -1 0 1 1.1102230246251565e-16 0 1.3500000000000001
2 21.565000000000001 1.5900000000000001 22.400000000000006 0 -1 0 1.1102230246251565e-16 0 -1 1 0 1.1102230246251565e-16 1.3500000000000001
2 21.565000000000001 -1.5900000000000001 22.400000000000006 0 -1 0 1.1102230246251565e-16 0 -1 1 0 1.1102230246251565e-16 1.3500000000000001
1 -18.350000000000001 5.7949999999999999 24.289184826383927 1 0 0 
1 18.350000000000001 5.7949999999999999 27.939999999999998 0 -0 1 
1 17.800000000000001 5.7949999999999999 28 1 0 0 
1 18.984999999999999 5.7949999999999999 24 0 0 1 
2 18.350000000000001 0 31.879999999999999 1 0 0 -0 0 1 0 -1 0 9.5499999999999989
2 18.350000000000001 4.4450000000000003 27.999999999999996 1 0 0 0 1.1102230246251565e-16 -1 -0 1 1.1102230246251565e-16 1.3500000000000001
1 18.350000000000001 5.7716499161421604 31.879999999999999 0 0 1 
2 18.350000000000001 4.4450000000000003 35.5 1 0 0 -0 1.1102230246251565e-16 1 0 -1 1.1102230246251565e-16 1.3500000000000001
1 18.350000000000001 5.7949999999999999 33.689999999999998 0 -0 1 
2 18.350000000000001 4.4450000000000003 38.689999999999998 1 0 0 0 1.1102230246251565e-16 -1 -0 1 1.1102230246251565e-16 1.3500000000000001
1 18.350000000000001 -2.2225000000000001 40.039999999999999 0 -1 0 
2 18.350000000000001 -4.4450000000000003 38.689999999999998 1 0 0 0 -1.1102230246251565e-16 -1 0 1 -1.1102230246251565e-16 1.3500000000000001
1 18.350000000000001 -5.7949999999999999 33.689999999999998 0 -0 1 
2 18.350000000000001 -4.4450000000000003 35.5 1 0 0 0 -1.1102230246251565e-16 1 0 -1 -1.1102230246251565e-16 1.3500000000000001
1 18.350000000000001 -5.7716499161421604 28 0 0 1 
2 18.350000000000001 -4.4450000000000003 27.999999999999996 1 0 0 0 -1.1102230246251565e-16 -1 0 1 -1.1102230246251565e-16 1.3500000000000001
1 18.350000000000001 -5.7949999999999999 27.939999999999998 0 -0 1 
2 18.984999999999999 4.4450000000000003 27.999999999999996 1 -0 0 0 1.1102230246251565e-16 -1 0 1 1.1102230246251565e-16 1.3500000000000001
3 18.100000000000001 4.4450000000000003 27.999999999999996 0.70710678118654757 0 -0.70710678118654757 0.70710678118654746 0 0.70710678118654746 0 -1 0 1.9091883092036783 1.3500000000000001
1 17.800000000000001 5.7949999999999999 35.5 1 0 0 
2 18.5 4.4450000000000003 35.5 -1 0 0 0 1.1102230246251565e-16 1 0 1 -1.1102230246251565e-16 1.3500000000000001
3 18.100000000000001 4.4450000000000003 35.5 0.70710678118654757 0 0.70710678118654757 -0.70710678118654746 0 0.70710678118654746 0 -1 0 1.9091883092036783 1.3500000000000001
1 18.5 5.7949999999999999 35.5 0 0 1 
1 17.800000000000001 5.7949999999999999 38.689999999999998 1 0 0 
2 18.5 4.4450000000000003 38.689999999999998 1 -0 0 0 1.1102230246251565e-16 -1 0 1 1.1102230246251565e-16 1.3500000000000001
1 17.800000000000001 4.4450000000000003 40.039999999999999 1 0 0 
1 18.5 -4.4450000000000003 40.039999999999999 0 1 0 
1 17.800000000000001 -4.4450000000000003 40.039999999999999 1 0 0 
1 17.800000000000001 -5.7949999999999999 38.689999999999998 1 0 0 
2 18.5 -4.4450000000000003 38.689999999999998 -1 -0 0 0 -1.1102230246251565e-16 -1 0 -1 1.1102230246251565e-16 1.3500000000000001
1 17.800000000000001 -5.7949999999999999 35.5 1 0 0 
1 18.5 -5.7949999999999999 35.5 0 0 1 
2 18.5 -4.4450000000000003 35.5 1 0 0 0 -1.1102230246251565e-16 1 0 -1 -1.1102230246251565e-16 1.3500000000000001
3 18.100000000000001 -4.4450000000000003 35.5 0.70710678118654757 0 0.70710678118654757 -0.70710678118654746 0 0.70710678118654746 0 -1 0 1.9091883092036783 1.3500000000000001
1 17.800000000000001 -5.7949999999999999 28 1 0 0 
2 18.984999999999999 -4.4450000000000003 27.999999999999996 -1 -0 0 0 -1.1102230246251565e-16 -1 0 -1 1.1102230246251565e-16 1.3500000000000001
3 18.100000000000001 -4.4450000000000003 27.999999999999996 0.70710678118654757 0 -0.70710678118654757 0.70710678118654746 0 0.70710678118654746 0 -1 0 1.9091883092036783 1.3500000000000001
2 18.984999999999999 4.4450000000000003 28.000000000000004 0 -1 0 1.1102230246251565e-16 0 -1 1 0 1.1102230246251565e-16 1.3500000000000001
7 0 0  5 18 5  18.984999999999978 5.464448380252791 28.884999999999764  19.042860155269782 5.4142190224886662 28.942860155269582  19.100575196438928 5.3569168692700222 28.995847364279392  19.156358556714807 5.2923930231775351 29.043763482576729  19.208480272750069 5.2208964635286383 29.086348770397098  19.287951068545851 5.089379236419771 29.148958016532553  19.317989184084343 5.0325925676517738 29.171892746049682  19.345051432838737 4.9730835133731475 29.192058483611838  19.368700807516994 4.9112176683751194 29.209372881265057  19.407726396289178 4.7862660798125649 29.237595167842432  19.423397161356476 4.7233237386790607 29.248732624128245  19.435335258566052 4.6590592389949856 29.257127529335616  19.443358216358774 4.5939520501136668 29.26274585207128  19.448447828449257 4.5118406375753066 29.266304931256645  19.449223883177094 4.4951414698838859 29.266847096959928  19.449741375896981 4.4784293338698946 29.267208454807303  19.450000000000003 4.461712682766235 29.267389048398179  19.450000000000003 4.4450000000000003 29.267389048398179 
 0 6 0.39579882054833132 4 0.66985337799679945 4 0.93294340764939543 4 1 6
2 18.984999999999999 4.4450000000000003 28 -0 0 1 1.1102230246251565e-16 -1 0 1 1.1102230246251565e-16 0 1.3500000000000001
2 18.5 4.4450000000000003 35.5 -0 0 1 1.1102230246251565e-16 -1 0 1 1.1102230246251565e-16 0 1.3500000000000001
7 0 0  7 26 5  19.450000000000006 4.4450000000000003 34.540833695337362  19.450000000000006 4.4874660409768898 34.540833695337362  19.448441516897308 4.5300104545704896 34.541483630913902  19.445314273046222 4.572539993381306 34.542787775467666  19.440616988053304 4.6149624570118251 34.544749454488638  19.43435703997293 4.6571870427000146 34.5473712372536  19.426550126502878 4.6991246959528166 34.55065512852353  19.399892890488871 4.8178761761913069 34.56193387353904  19.37731091050782 4.8937810853643011 34.571554706403298  19.349626404292149 4.9678379449617642 34.583475260420947  19.31708685269512 5.0395276635230557 34.597701088315873  19.280020769089074 5.1083805643312719 34.614238865276185  19.238831906520261 5.1739829400630102 34.633100275558114  19.16290047558244 5.2790025235019957 34.669014575819631  19.130044423879543 5.3202891571968189 34.684853328310815  19.095592397068582 5.3597329661185142 34.701828285157418  19.059717430938125 5.3972375404074109 34.719949896229522  19.022607294344926 5.4327248052392019 34.739233449029264  18.984465036373798 5.4661359311336293 34.759701269770225  18.882759368990335 5.5478448600002572 34.816313311930109  18.8179668790658 5.592715683016829 34.854358224962091  18.751963938034631 5.6319821830412442 34.895699612184551  18.685732540702862 5.6656092042337853 34.940549524893981  18.620545865324111 5.69365714598315 34.989231983772264  18.557905772004183 5.7164157796259225 35.042094227995833  18.5 5.7343796958227671 35.100000000000016 
 0 8 0.16075141119925604 6 0.45928149016728981 6 0.66638854729556574 6 1 8
2 18.5 4.4450000000000003 35.5 -0 1 0 1.1102230246251565e-16 0 1 1 0 -1.1102230246251565e-16 1.3500000000000001
1 19.850000000000001 4.4450000000000003 35.5 0 0 1 
2 18.5 4.4450000000000003 38.689999999999998 -0 0 1 1.1102230246251565e-16 -1 0 1 1.1102230246251565e-16 0 1.3500000000000001
2 18.5 4.4450000000000003 38.689999999999998 0 -1 0 1.1102230246251565e-16 0 -1 1 0 1.1102230246251565e-16 1.3500000000000001
1 19.850000000000001 -4.4450000000000003 38.689999999999998 0 1 0 
2 18.5 -4.4450000000000003 38.689999999999998 0 -1 0 1.1102230246251565e-16 0 -1 1 0 1.1102230246251565e-16 1.3500000000000001
2 18.5 -4.4450000000000003 38.689999999999998 0 0 -1 1.1102230246251565e-16 1 0 1 -1.1102230246251565e-16 0 1.3500000000000001
1 19.850000000000001 -4.4450000000000003 35.5 0 0 1 
2 18.5 -4.4450000000000003 35.5 0 0 -1 1.1102230246251565e-16 1 0 1 -1.1102230246251565e-16 0 1.3500000000000001
2 18.5 -4.4450000000000003 35.5 -0 1 0 1.1102230246251565e-16 0 1 1 0 -1.1102230246251565e-16 1.3500000000000001
7 0 0  7 26 5  19.450000000000006 -4.4450000000000003 34.540833695337362  19.450000000000006 -4.4874660409768783 34.540833695337362  19.448441516897308 -4.5300104545705038 34.541483630913923  19.445314273046222 -4.572539993381314 34.542787775467659  19.440616988053307 -4.6149624570118126 34.544749454488631  19.43435703997293 -4.6571870427000022 34.5473712372536  19.426550126502867 -4.6991246959528326 34.55065512852353  19.399892890488882 -4.8178761761912625 34.561933873539033  19.377310910507809 -4.8937810853643855 34.571554706403319  19.349626404292156 -4.967837944961734 34.58347526042094  19.317086852695123 -5.0395276635230042 34.597701088315873  19.280020769089067 -5.1083805643313278 34.614238865276199  19.238831906520282 -5.1739829400629915 34.6331002755581  19.16290047558244 -5.2790025235019957 34.669014575819631  19.130044423879543 -5.3202891571968163 34.684853328310815  19.095592397068582 -5.3597329661185134 34.701828285157418  19.059717430938125 -5.3972375404074127 34.719949896229522  19.022607294344926 -5.4327248052392028 34.739233449029264  18.984465036373798 -5.4661359311336293 34.759701269770225  18.88275936899031 -5.547844860000275 34.816313311930124  18.817966879065871 -5.5927156830168618 34.854358224962077  18.751963938034546 -5.6319821830410914 34.895699612184522  18.685732540702894 -5.6656092042339674 34.940549524894045  18.620545865324125 -5.6936571459830647 34.989231983772207  18.557905772004169 -5.7164157796259278 35.042094227995847  18.5 -5.734379695822768 35.100000000000016 
 0 8 0.16075141119929079 6 0.45928149016734043 6 0.66638854729554797 6 1 8
2 18.984999999999999 -4.4450000000000003 28 0 0 -1 1.1102230246251565e-16 1 0 1 -1.1102230246251565e-16 0 1.3500000000000001
7 0 0  5 18 5  18.984999999999978 -5.464448380252791 28.884999999999764  19.042860155269786 -5.4142190224886617 28.942860155269589  19.100575196438918 -5.3569168692700346 28.995847364279381  19.156358556714817 -5.29239302317752 29.043763482576736  19.208480272750062 -5.2208964635286454 29.086348770397095  19.287951068545858 -5.0893792364197585 29.148958016532561  19.317989184084329 -5.032592567651804 29.171892746049672  19.345051432838744 -4.9730835133731226 29.192058483611845  19.368700807516994 -4.9112176683751265 29.209372881265054  19.407726396289181 -4.7862660798125614 29.237595167842436  19.423397161356476 -4.7233237386790714 29.248732624128241  19.435335258566052 -4.6590592389949714 29.257127529335616  19.443358216358774 -4.5939520501136748 29.26274585207128  19.448447828449257 -4.5118406375753048 29.266304931256645  19.449223883177094 -4.4951414698838885 29.266847096959928  19.449741375896981 -4.4784293338698955 29.267208454807303  19.450000000000003 -4.4617126827662332 29.267389048398179  19.450000000000003 -4.4450000000000003 29.267389048398179 
 0 6 0.3957988205483049 4 0.66985337799679001 4 0.93294340764939432 4 1 6
2 18.984999999999999 -4.4450000000000003 28.000000000000004 0 -1 0 1.1102230246251565e-16 0 -1 1 0 1.1102230246251565e-16 1.3500000000000001
1 20.335000000000001 -4.4450000000000003 28 0 1 0 
1 19.450000000000003 -4.4450000000000003 29.267389048398321 0 1 0 
1 19.850000000000001 -4.4450000000000003 35.5 0 1 0 
1 19.450000000000003 -4.4450000000000003 34.540833695337462 0 1 0 
1 -18.984999999999999 5.7950000000000026 22.399999999999999 0 0 1 
1 17.800000000000001 -5.7949999999999999 28 1 0 0 
1 -18.350000000000001 5.7950000000000017 27.939999999999998 0 -0 -1 
1 -18.350000000000001 5.7950000000000026 24.289184826383931 1 0 0 
2 -18.350000000000001 0 31.879999999999999 1 0 0 -0 0 1 0 -1 0 9.5499999999999989
2 -18.350000000000001 4.4450000000000021 27.999999999999996 -1 1.2246467991473532e-16 0 1.3596310734468911e-32 1.1102230246251565e-16 -1 -1.2246467991473532e-16 -1 -1.1102230246251565e-16 1.3500000000000001
1 -18.350000000000001 5.7716499161421622 28 0 0 1 
2 -18.350000000000001 4.4450000000000021 35.5 -1 1.2246467991473532e-16 0 1.3596310734468911e-32 1.1102230246251565e-16 1 1.2246467991473532e-16 1 -1.1102230246251565e-16 1.3500000000000001
1 -18.350000000000001 5.7950000000000017 33.689999999999998 0 -0 -1 
2 -18.350000000000001 4.4450000000000021 38.689999999999998 -1 1.2246467991473532e-16 0 1.3596310734468911e-32 1.1102230246251565e-16 -1 -1.2246467991473532e-16 -1 -1.1102230246251565e-16 1.3500000000000001
1 -18.350000000000001 2.222500000000001 40.039999999999999 0 -1 0 
2 -18.350000000000001 -4.4449999999999985 38.689999999999998 -1 1.2246467991473532e-16 0 -1.3596310734468911e-32 -1.1102230246251565e-16 -1 -1.2246467991473532e-16 -1 1.1102230246251565e-16 1.3500000000000001
1 -18.350000000000001 -5.7949999999999982 33.689999999999998 0 -0 -1 
2 -18.350000000000001 -4.4449999999999985 35.5 -1 1.2246467991473532e-16 0 -1.3596310734468911e-32 -1.1102230246251565e-16 1 1.2246467991473532e-16 1 1.1102230246251565e-16 1.3500000000000001
1 -18.350000000000001 -5.7716499161421586 31.879999999999999 0 0 1 
2 -18.350000000000001 -4.4449999999999985 27.999999999999996 -1 1.2246467991473532e-16 0 -1.3596310734468911e-32 -1.1102230246251565e-16 -1 -1.2246467991473532e-16 -1 1.1102230246251565e-16 1.3500000000000001
1 -18.350000000000001 -5.7949999999999982 27.939999999999998 0 -0 -1 
1 17.800000000000001 5.7949999999999999 28 1 0 0 
2 18.984999999999999 4.4450000000000003 27.999999999999996 1 -0 0 0 1.1102230246251565e-16 -1 0 1 1.1102230246251565e-16 1.3500000000000001
3 -18.100000000000001 -4.4449999999999985 27.999999999999996 -0.70710678118654757 8.6595605623549329e-17 -0.70710678118654757 -0.70710678118654746 8.6595605623549329e-17 0.70710678118654746 1.2246467991473532e-16 1 0 1.9091883092036783 1.3500000000000001
2 18.984999999999999 -4.4450000000000003 27.999999999999996 -1 -0 0 0 -1.1102230246251565e-16 -1 0 -1 1.1102230246251565e-16 1.3500000000000001
3 -18.100000000000001 4.4450000000000021 27.999999999999996 -0.70710678118654757 8.6595605623549329e-17 -0.70710678118654757 -0.70710678118654746 8.6595605623549329e-17 0.70710678118654746 1.2246467991473532e-16 1 0 1.9091883092036783 1.3500000000000001
1 17.800000000000001 -5.7949999999999999 35.5 1 0 0 
2 18.5 -4.4450000000000003 35.5 1 0 0 0 -1.1102230246251565e-16 1 0 -1 -1.1102230246251565e-16 1.3500000000000001
3 -18.100000000000001 4.4450000000000021 35.5 -0.70710678118654757 8.6595605623549329e-17 0.70710678118654757 0.70710678118654746 -8.6595605623549329e-17 0.70710678118654746 1.2246467991473532e-16 1 0 1.9091883092036783 1.3500000000000001
1 18.5 -5.7949999999999999 35.5 0 0 1 
1 17.800000000000001 -5.7949999999999999 38.689999999999998 1 0 0 
2 18.5 -4.4450000000000003 38.689999999999998 -1 -0 0 0 -1.1102230246251565e-16 -1 0 -1 1.1102230246251565e-16 1.3500000000000001
1 17.800000000000001 -4.4450000000000003 40.039999999999999 1 0 0 
1 17.800000000000001 4.4450000000000003 40.039999999999999 1 0 0 
1 18.5 -4.4450000000000003 40.039999999999999 0 1 0 
1 17.800000000000001 5.7949999999999999 38.689999999999998 1 0 0 
2 18.5 4.4450000000000003 38.689999999999998 1 -0 0 0 1.1102230246251565e-16 -1 0 1 1.1102230246251565e-16 1.3500000000000001
1 17.800000000000001 5.7949999999999999 35.5 1 0 0 
1 18.5 5.7949999999999999 35.5 0 0 1 
2 18.5 4.4450000000000003 35.5 -1 0 0 0 1.1102230246251565e-16 1 0 1 -1.1102230246251565e-16 1.3500000000000001
3 -18.100000000000001 -4.4449999999999985 35.5 -0.70710678118654757 8.6595605623549329e-17 0.70710678118654757 0.70710678118654746 -8.6595605623549329e-17 0.70710678118654746 1.2246467991473532e-16 1 0 1.9091883092036783 1.3500000000000001
2 18.984999999999999 4.4450000000000003 28.000000000000004 0 -1 0 1.1102230246251565e-16 0 -1 1 0 1.1102230246251565e-16 1.3500000000000001
7 0 0  5 18 5  -18.984999999999982 -5.4644483802527875 28.884999999999774  -19.042860155269793 -5.4142190224886555 28.942860155269599  -19.100575196438907 -5.3569168692700364 28.995847364279381  -19.156358556714832 -5.2923930231775067 29.04376348257675  -19.208480272750062 -5.2208964635286463 29.086348770397098  -19.287951068545851 -5.0893792364197665 29.148958016532561  -19.317989184084354 -5.0325925676517684 29.171892746049693  -19.345051432838723 -4.9730835133731501 29.192058483611838  -19.368700807517001 -4.9112176683751052 29.209372881265065  -19.407726396289185 -4.7862660798125516 29.237595167842443  -19.423397161356469 -4.7233237386790794 29.248732624128241  -19.435335258566059 -4.6590592389949546 29.25712752933563  -19.443358216358774 -4.5939520501136766 29.262745852071284  -19.448447828449257 -4.5118406375753013 29.266304931256649  -19.449223883177094 -4.4951414698838832 29.266847096959935  -19.449741375896984 -4.4784293338698937 29.26720845480731  -19.450000000000003 -4.4617126827662332 29.267389048398179  -19.450000000000003 -4.4449999999999985 29.267389048398179 
 0 6 0.3957988205483351 4 0.66985337799676126 4 0.93294340764939632 4 1 6
2 18.984999999999999 4.4450000000000003 28 -0 0 1 1.1102230246251565e-16 -1 0 1 1.1102230246251565e-16 0 1.3500000000000001
2 18.984999999999999 -4.4450000000000003 28 0 0 -1 1.1102230246251565e-16 1 0 1 -1.1102230246251565e-16 0 1.3500000000000001
7 0 0  5 18 5  -18.985000000000003 5.4644483802527715 28.884999999999792  -19.042860155269814 5.4142190224886386 28.942860155269617  -19.100575196438925 5.356916869270016 28.995847364279403  -19.156358556714853 5.2923930231774889 29.043763482576761  -19.208480272750077 5.2208964635286268 29.086348770397109  -19.287951068545862 5.0893792364197452 29.148958016532571  -19.317989184084368 5.0325925676517409 29.171892746049689  -19.345051432838737 4.9730835133731279 29.192058483611856  -19.368700807517012 4.911217668375083 29.209372881265068  -19.407726396289188 4.7862660798125303 29.237595167842443  -19.42339716135648 4.7233237386790412 29.248732624128248  -19.435335258566063 4.6590592389949466 29.257127529335627  -19.443358216358778 4.5939520501136402 29.26274585207128  -19.448447828449257 4.5118406375752791 29.266304931256645  -19.449223883177094 4.4951414698838716 29.266847096959928  -19.449741375896984 4.4784293338698857 29.267208454807303  -19.450000000000003 4.4617126827662279 29.267389048398179  -19.450000000000003 4.4450000000000021 29.267389048398179 
 0 6 0.39579882054836174 4 0.66985337799679068 4 0.93294340764940831 4 1 6
2 18.984999999999999 -4.4450000000000003 28.000000000000004 0 -1 0 1.1102230246251565e-16 0 -1 1 0 1.1102230246251565e-16 1.3500000000000001
2 18.5 -4.4450000000000003 35.5 -0 1 0 1.1102230246251565e-16 0 1 1 0 -1.1102230246251565e-16 1.3500000000000001
7 0 0  7 26 5  -19.450000000000006 4.4450000000000012 34.540833695337362  -19.450000000000006 4.4874660409768818 34.540833695337362  -19.448441516897308 4.530010454570502 34.541483630913902  -19.445314273046222 4.572539993381314 34.542787775467666  -19.440616988053307 4.6149624570118162 34.544749454488631  -19.434357039972934 4.6571870427000066 34.547371237253607  -19.426550126502871 4.6991246959528308 34.55065512852353  -19.399892890488875 4.8178761761912829 34.561933873539019  -19.377310910507809 4.8937810853643438 34.571554706403333  -19.34962640429216 4.9678379449617518 34.583475260420933  -19.317086852695127 5.0395276635230308 34.597701088315866  -19.280020769089074 5.1083805643312994 34.614238865276199  -19.238831906520268 5.1739829400630066 34.633100275558114  -19.16290047558245 5.2790025235019948 34.669014575819631  -19.130044423879543 5.3202891571968189 34.684853328310815  -19.095592397068582 5.3597329661185187 34.701828285157418  -19.059717430938125 5.3972375404074162 34.719949896229522  -19.022607294344926 5.4327248052392036 34.739233449029264  -18.984465036373802 5.4661359311336293 34.759701269770225  -18.882759368990335 5.5478448600002581 34.816313311930109  -18.817966879065867 5.5927156830170555 34.854358224962297  -18.751963938034219 5.631982183040753 34.895699612184018  -18.685732540703349 5.6656092042343795 34.940549524894735  -18.620545865323653 5.693657145982904 34.989231983771873  -18.557905772004187 5.716415779625974 35.042094227995953  -18.5 5.7343796958228186 35.100000000000165 
 0 8 0.16075141119928629 6 0.45928149016737407 6 0.6663885472956268 6 1 8
2 18.5 -4.4450000000000003 35.5 0 0 -1 1.1102230246251565e-16 1 0 1 -1.1102230246251565e-16 0 1.3500000000000001
1 19.850000000000001 -4.4450000000000003 35.5 0 0 1 
2 18.5 -4.4450000000000003 38.689999999999998 0 0 -1 1.1102230246251565e-16 1 0 1 -1.1102230246251565e-16 0 1.3500000000000001
2 18.5 -4.4450000000000003 38.689999999999998 0 -1 0 1.1102230246251565e-16 0 -1 1 0 1.1102230246251565e-16 1.3500000000000001
1 19.850000000000001 -4.4450000000000003 38.689999999999998 0 1 0 
2 18.5 4.4450000000000003 38.689999999999998 0 -1 0 1.1102230246251565e-16 0 -1 1 0 1.1102230246251565e-16 1.3500000000000001
2 18.5 4.4450000000000003 38.689999999999998 -0 0 1 1.1102230246251565e-16 -1 0 1 1.1102230246251565e-16 0 1.3500000000000001
1 19.850000000000001 4.4450000000000003 35.5 0 0 1 
2 18.5 4.4450000000000003 35.5 -0 0 1 1.1102230246251565e-16 -1 0 1 1.1102230246251565e-16 0 1.3500000000000001
7 0 0  7 26 5  -19.450000000000006 -4.4449999999999994 34.540833695337348  -19.450000000000006 -4.4874660409768632 34.540833695337348  -19.448441516897308 -4.5300104545705153 34.541483630913902  -19.445314273046225 -4.5725399933813247 34.542787775467652  -19.440616988053307 -4.6149624570118011 34.544749454488631  -19.434357039972934 -4.6571870426999871 34.547371237253607  -19.426550126502867 -4.6991246959528414 34.55065512852353  -19.399892890488882 -4.8178761761912687 34.561933873539019  -19.377310910507791 -4.8937810853643695 34.571554706403333  -19.34962640429217 -4.9678379449617225 34.583475260420926  -19.31708685269513 -5.0395276635230122 34.597701088315866  -19.280020769089042 -5.1083805643313385 34.614238865276207  -19.238831906520286 -5.1739829400629764 34.6331002755581  -19.16290047558244 -5.2790025235019948 34.669014575819624  -19.130044423879546 -5.3202891571968109 34.684853328310815  -19.095592397068593 -5.3597329661185089 34.701828285157418  -19.059717430938129 -5.3972375404074144 34.719949896229515  -19.022607294344926 -5.4327248052392036 34.739233449029257  -18.984465036373802 -5.4661359311336239 34.759701269770225  -18.882759368990342 -5.5478448600002492 34.816313311930102  -18.817966879065807 -5.5927156830169107 34.854358224962056  -18.751963938034578 -5.6319821830410532 34.89569961218465  -18.685732540702926 -5.6656092042339647 34.940549524893868  -18.620545865324086 -5.6936571459830745 34.989231983772314  -18.557905772004187 -5.7164157796259207 35.042094227995825  -18.5 -5.7343796958227662 35.100000000000016 
 0 8 0.16075141119928515 6 0.45928149016743486 6 0.66638854729568264 6 1 8
2 18.5 4.4450000000000003 35.5 -0 1 0 1.1102230246251565e-16 0 1 1 0 -1.1102230246251565e-16 1.3500000000000001
1 20.335000000000001 -4.4450000000000003 28 0 1 0 
1 -19.450000000000003 4.4450000000000029 29.267389048398321 -1.2246467991473532e-16 -1 0 
1 19.850000000000001 -4.4450000000000003 35.5 0 1 0 
1 -19.450000000000003 4.4450000000000029 34.540833695337462 -1.2246467991473532e-16 -1 0 
1 18.984999999999999 -5.7949999999999999 22.399999999999999 0 0 1 
1 -18.350000000000001 -5.7949999999999999 24.289184826383927 1 0 0 
1 -18.350000000000001 -5.7949999999999973 24.289184826383924 1 0 0 
1 -18.984999999999999 -5.7949999999999973 24 0 0 1 
1 20.335000000000001 -4.4450000000000003 24 0 0 1 
1 20.335000000000001 4.4450000000000003 22.399999999999999 0 0 1 
1 19.450000000000003 4.4450000000000003 28 0 0 1 
1 19.450000000000003 -4.4450000000000003 31.879999999999999 0 0 1 
1 -20.335000000000001 4.4450000000000029 24 0 0 1 
1 -20.335000000000001 -4.4449999999999976 22.399999999999999 0 0 1 
1 -19.450000000000003 -4.4449999999999976 28 0 0 1 
1 -19.450000000000003 4.4450000000000029 31.879999999999999 0 0 1 
Polygon3D 0
PolygonOnTriangulations 0
Surfaces 242
10 1.5707963267948966 3.1415926535897931 0 3.1800000000000002
2 21.565000000000001 -1.5900000000000001 22.100000000000001 0 1 0 1.1102230246251565e-16 0 1 1 0 -1.1102230246251565e-16 1.3500000000000001
1 22.915000000000003 -1.5900000000000001 22.100000000000001 1 0 -0 0 0 1 0 -1 0 
1 18.684999999999999 -1.5900000000000001 20.75 0 0 1 1 0 -0 -0 1 0 
4 21.565000000000001 1.5900000000000001 22.100000000000001 0 -0.70710678118654913 -0.70710678118654602 -0.57735026918962673 -0.57735026918962418 0.57735026918962673 -0.81649658092772537 0.40824829046386274 -0.40824829046386452 1.3500000000000001
4 21.565000000000001 -1.5900000000000001 22.100000000000001 0 -0.70710678118654935 0.7071067811865458 -0.5773502691896244 0.57735026918962506 0.57735026918962795 -0.81649658092772692 -0.40824829046386096 -0.40824829046386302 1.3500000000000001
10 1.5707963267948966 3.1415926535897931 0 0.30000000000000071
2 21.565000000000001 -1.5899999999999999 22.100000000000001 0 0 1 1.1102230246251565e-16 1 0 1 -1.1102230246251565e-16 0 1.3500000000000001
10 1.5707963267948966 3.1415926535897931 0 2.8800000000000026
2 18.684999999999999 -1.5899999999999999 22.100000000000001 1 0 0 0 -1.1102230246251565e-16 1 0 -1 -1.1102230246251565e-16 1.3500000000000001
10 1.5707963267948966 3.1415926535897931 0 3.1800000000000002
2 21.565000000000001 -1.5900000000000001 22.100000000000001 0 1 0 1.1102230246251565e-16 0 1 1 0 -1.1102230246251565e-16 1.3500000000000001
1 22.915000000000003 -1.5900000000000001 22.100000000000001 1 0 -0 0 0 1 0 -1 0 
1 18.684999999999999 -1.5900000000000001 20.75 0 0 1 1 0 -0 -0 1 0 
4 21.565000000000001 1.5900000000000001 22.100000000000001 0 -0.70710678118654913 -0.70710678118654602 -0.57735026918962673 -0.57735026918962418 0.57735026918962673 -0.81649658092772537 0.40824829046386274 -0.40824829046386452 1.3500000000000001
4 21.565000000000001 -1.5900000000000001 22.100000000000001 0 -0.70710678118654935 0.7071067811865458 -0.5773502691896244 0.57735026918962506 0.57735026918962795 -0.81649658092772692 -0.40824829046386096 -0.40824829046386302 1.3500000000000001
10 1.5707963267948966 3.1415926535897931 0 0.30000000000000071
2 21.565000000000001 1.5899999999999999 22.100000000000001 0 0 1 1.1102230246251565e-16 -1 0 1 1.1102230246251565e-16 0 1.3500000000000001
10 1.5707963267948966 3.1415926535897931 0 2.8800000000000026
2 18.684999999999999 1.5899999999999999 22.100000000000001 1 0 0 0 1.1102230246251565e-16 1 0 1 -1.1102230246251565e-16 1.3500000000000001
1 16.564999999999998 0 31.879999999999999 1 0 0 -0 0 1 0 -1 0 
2 4.3349999999999991 0 31.879999999999999 1 0 0 -0 0 1 0 -1 0 9.8499999999999996
2 -4.3349999999999991 5.3088438743037746e-16 31.879999999999999 -1 1.2246467991473532e-16 0 0 0 1 1.2246467991473532e-16 1 0 9.8499999999999996
1 5.6849999999999996 -5.5650000000000004 23.750000000000004 0 0 1 1 0 -0 -0 1 0 
2 -18.350000000000001 0 31.879999999999999 1 0 0 -0 0 1 0 -1 0 9.5499999999999989
4 17.800000000000001 -4.4450000000000003 24 0 0.70710678118654868 -0.70710678118654646 0.5773502691896264 0.57735026918962462 0.57735026918962651 0.81649658092772559 -0.40824829046386274 -0.40824829046386402 1.3500000000000001
10 1.5707963267948966 3.1415926535897931 0 13
2 5.6849999999999996 -5.5650000000000013 22.400000000000002 1 0 0 0 -1.1102230246251565e-16 -1 0 -1 1.1102230246251565e-16 1.3500000000000001
10 1.5707963267948966 3.1415926535897931 0 11.130000000000001
2 5.6849999999999987 -5.5650000000000004 22.400000000000002 0 1 0 -1.1102230246251565e-16 0 -1 -1 0 1.1102230246251565e-16 1.3500000000000001
4 18.984999999999999 4.4450000000000003 22.399999999999999 0 -0.70710678118654435 -0.7071067811865509 -0.57735026918962651 -0.57735026918962817 0.57735026918962284 -0.81649658092772559 0.4082482904638654 -0.40824829046386157 1.3500000000000001
10 1.5707963267948966 3.1415926535897931 0 1.6000000000000014
2 18.984999999999999 4.4450000000000003 22.399999999999999 0 0 1 1.1102230246251565e-16 -1 0 1 1.1102230246251565e-16 0 1.3500000000000001
2 18.984999999999999 4.4450000000000003 24 0 0 1 1.1102230246251565e-16 -1 0 1 1.1102230246251565e-16 0 1.3500000000000001
1 20.035 -5.5650000000000004 22.100000000000001 1 0 -0 0 0 1 0 -1 0 
10 1.5707963267948966 3.1415926535897931 0 11.130000000000001
2 18.684999999999999 -5.5650000000000004 22.100000000000001 0 1 0 1.1102230246251565e-16 0 1 1 0 -1.1102230246251565e-16 1.3500000000000001
10 1.5707963267948966 3.1415926535897931 0 8.8900000000000006
2 18.984999999999996 -4.4450000000000003 22.399999999999999 0 1 0 1.1102230246251565e-16 0 1 1 0 -1.1102230246251565e-16 1.3500000000000001
10 1.5707963267948966 3.1415926535897931 0 11.130000000000001
2 18.684999999999999 -5.5650000000000004 22.399999999999999 0 1 0 1.1102230246251565e-16 0 -1 1 0 1.1102230246251565e-16 1.3500000000000001
10 1.5707963267948966 3.1415926535897931 0 0.30000000000000071
2 18.684999999999999 5.5650000000000013 22.100000000000001 0 0 1 1.1102230246251565e-16 -1 0 1 1.1102230246251565e-16 0 1.3500000000000001
1 16.564999999999998 0 31.879999999999999 1 0 0 -0 0 1 0 -1 0 
2 4.3349999999999991 0 31.879999999999999 1 0 0 -0 0 1 0 -1 0 9.8499999999999996
1 5.6849999999999996 -5.5650000000000004 23.750000000000004 0 0 1 1 0 -0 -0 1 0 
10 1.5707963267948966 3.1415926535897931 0 11.130000000000001
2 5.6849999999999987 -5.5650000000000004 22.400000000000002 0 1 0 -1.1102230246251565e-16 0 -1 -1 0 1.1102230246251565e-16 1.3500000000000001
10 1.5707963267948966 3.1415926535897931 0 13
2 5.6849999999999996 5.5650000000000013 22.400000000000002 1 0 0 0 1.1102230246251565e-16 -1 0 1 1.1102230246251565e-16 1.3500000000000001
4 17.800000000000001 4.4450000000000003 24 0 0.70710678118654868 0.70710678118654646 0.5773502691896264 -0.57735026918962462 0.57735026918962651 0.81649658092772559 0.40824829046386274 -0.40824829046386402 1.3500000000000001
10 1.5707963267948966 3.1415926535897931 0 1.1849999999999987
2 17.800000000000001 4.4450000000000003 24 1 0 0 0 1.1102230246251565e-16 1 0 1 -1.1102230246251565e-16 1.3500000000000001
10 1.5707963267948966 3.1415926535897931 0 4
2 17.799999999999997 4.4450000000000003 24 0 0 1 -1.1102230246251565e-16 -1 0 -1 1.1102230246251565e-16 0 1.3500000000000001
1 17.800000000000001 5.7949999999999999 24 -0 1 0 0 0 1 1 0 -0 
4 17.800000000000001 -4.4450000000000003 24 0 0.70710678118654868 -0.70710678118654646 0.5773502691896264 0.57735026918962462 0.57735026918962651 0.81649658092772559 -0.40824829046386274 -0.40824829046386402 1.3500000000000001
10 1.5707963267948966 3.1415926535897931 0 13
2 5.6849999999999996 -5.5650000000000013 22.400000000000002 1 0 0 0 -1.1102230246251565e-16 -1 0 -1 1.1102230246251565e-16 1.3500000000000001
10 1.5707963267948966 3.1415926535897931 0 4
2 17.799999999999997 -4.4450000000000003 24 0 0 1 -1.1102230246251565e-16 1 0 -1 -1.1102230246251565e-16 0 1.3500000000000001
1 17.800000000000001 -5.7949999999999999 24 -0 1 0 0 0 1 1 0 -0 
10 1.5707963267948966 3.1415926535897931 0 1.1849999999999987
2 17.800000000000001 -4.4450000000000003 24 1 0 0 0 -1.1102230246251565e-16 1 0 -1 -1.1102230246251565e-16 1.3500000000000001
1 4.3349999999999991 -5.5650000000000004 22.100000000000001 1 0 -0 0 0 1 0 -1 0 
4 5.6849999999999996 5.5650000000000004 22.400000000000002 0 -0.70710678118654635 0.70710678118654857 0.57735026918962573 -0.57735026918962673 -0.57735026918962495 0.81649658092772615 0.40824829046386363 0.40824829046386235 1.3500000000000001
10 1.5707963267948966 3.1415926535897931 0 3.9999999999999996
2 1.6850000000000001 2.5399999999999991 22.399999999999999 1 0 0 0 1.1102230246251565e-16 -1 0 1 1.1102230246251565e-16 1.3500000000000001
1 5.6849999999999996 6.9150000000000009 22.100000000000001 -0 1 0 0 0 1 1 0 -0 
4 18.684999999999999 5.5650000000000004 22.400000000000002 0 0.70710678118654591 -0.70710678118654913 -0.57735026918962495 -0.57735026918962762 -0.57735026918962495 -0.8164965809277267 0.40824829046386335 0.40824829046386152 1.3500000000000001
10 1.5707963267948966 3.1415926535897931 0 1.6000000000000014
2 18.684999999999995 4.4450000000000003 22.399999999999999 0 0 1 -1.1102230246251565e-16 -1 0 -1 1.1102230246251565e-16 0 1.3500000000000001
10 1.5707963267948966 3.1415926535897931 0 1.6000000000000014
2 18.684999999999995 -4.4450000000000003 22.399999999999999 0 0 1 -1.1102230246251565e-16 1 0 -1 -1.1102230246251565e-16 0 1.3500000000000001
1 5.6849999999999996 -6.9150000000000009 22.100000000000001 -0 1 0 0 0 1 1 0 -0 
4 18.684999999999999 -5.5650000000000004 22.400000000000002 -0 0.70710678118654591 0.70710678118654913 -0.57735026918962495 0.57735026918962762 -0.57735026918962495 -0.8164965809277267 -0.40824829046386335 0.40824829046386152 1.3500000000000001
4 5.6849999999999996 -5.5650000000000004 22.400000000000002 -0 -0.70710678118654635 -0.70710678118654857 0.57735026918962573 0.57735026918962673 -0.57735026918962495 0.81649658092772615 -0.40824829046386363 0.40824829046386235 1.3500000000000001
10 1.5707963267948966 3.1415926535897931 0 3.9999999999999996
2 1.6850000000000001 -2.5399999999999991 22.399999999999999 1 0 0 0 -1.1102230246251565e-16 -1 0 -1 1.1102230246251565e-16 1.3500000000000001
1 1.6850000000000001 3.8900000000000001 22.100000000000001 -0 1 0 0 0 1 1 0 -0 
1 4.3349999999999991 0 31.879999999999999 1 0 0 -0 0 1 0 -1 0 
4 1.6850000000000001 2.54 22.400000000000002 0 -0.70710678118654657 0.70710678118654824 0.57735026918962662 -0.57735026918962606 -0.57735026918962473 0.81649658092772548 0.40824829046386407 0.40824829046386313 1.3500000000000001
1 1.6850000000000001 -3.8900000000000001 22.100000000000001 -0 1 0 0 0 1 1 0 -0 
4 1.6850000000000001 -2.54 22.400000000000002 -0 -0.70710678118654657 -0.70710678118654824 0.57735026918962662 0.57735026918962606 -0.57735026918962473 0.81649658092772548 -0.40824829046386407 0.40824829046386313 1.3500000000000001
10 1.5707963267948966 3.1415926535897931 0 0.30000000000000071
2 5.6850000000000005 5.5650000000000004 22.100000000000001 0 0 1 -1.1102230246251565e-16 -1 0 -1 1.1102230246251565e-16 0 1.3500000000000001
10 1.5707963267948966 3.1415926535897931 0 11.130000000000001
2 5.6849999999999987 -5.5650000000000004 22.100000000000001 0 1 0 -1.1102230246251565e-16 0 1 -1 0 -1.1102230246251565e-16 1.3500000000000001
10 1.5707963267948966 3.1415926535897931 0 13
2 5.6849999999999996 5.5650000000000013 22.100000000000001 1 0 0 0 1.1102230246251565e-16 1 0 1 -1.1102230246251565e-16 1.3500000000000001
1 18.684999999999999 5.7949999999999999 22.399999999999999 -0 1 0 0 0 1 1 0 -0 
1 18.684999999999999 -5.7949999999999999 22.399999999999999 -0 1 0 0 0 1 1 0 -0 
10 1.5707963267948966 3.1415926535897931 0 0.30000000000000071
2 18.684999999999999 -5.5650000000000013 22.100000000000001 0 0 1 1.1102230246251565e-16 1 0 1 -1.1102230246251565e-16 0 1.3500000000000001
10 1.5707963267948966 3.1415926535897931 0 1.6000000000000014
2 18.984999999999999 -4.4450000000000003 22.399999999999999 0 0 1 1.1102230246251565e-16 1 0 1 -1.1102230246251565e-16 0 1.3500000000000001
2 18.984999999999999 -4.4450000000000003 24 0 0 1 1.1102230246251565e-16 1 0 1 -1.1102230246251565e-16 0 1.3500000000000001
10 1.5707963267948966 3.1415926535897931 0 13
2 5.6849999999999996 -5.5650000000000013 22.100000000000001 1 0 0 0 -1.1102230246251565e-16 1 0 -1 -1.1102230246251565e-16 1.3500000000000001
10 1.5707963267948966 3.1415926535897931 0 0.30000000000000071
2 5.6850000000000005 -5.5650000000000004 22.100000000000001 0 0 1 -1.1102230246251565e-16 1 0 -1 -1.1102230246251565e-16 0 1.3500000000000001
10 1.5707963267948966 3.1415926535897931 0 5.0800000000000001
2 1.6849999999999987 -2.54 22.400000000000002 0 1 0 -1.1102230246251565e-16 0 -1 -1 0 1.1102230246251565e-16 1.3500000000000001
1 0.33499999999999996 -2.54 22.100000000000001 1 0 -0 0 0 1 0 -1 0 
1 4.3349999999999991 0 31.879999999999999 1 0 0 -0 0 1 0 -1 0 
10 1.5707963267948966 3.1415926535897931 0 3.9999999999999996
2 1.6850000000000001 -2.5399999999999991 22.399999999999999 1 0 0 0 -1.1102230246251565e-16 -1 0 -1 1.1102230246251565e-16 1.3500000000000001
4 1.6850000000000001 -2.54 22.400000000000002 -0 -0.70710678118654657 -0.70710678118654824 0.57735026918962662 0.57735026918962606 -0.57735026918962473 0.81649658092772548 -0.40824829046386407 0.40824829046386313 1.3500000000000001
10 1.5707963267948966 3.1415926535897931 0 5.0800000000000001
2 1.6849999999999987 -2.54 22.400000000000002 0 1 0 -1.1102230246251565e-16 0 -1 -1 0 1.1102230246251565e-16 1.3500000000000001
1 0.33499999999999996 -2.54 22.100000000000001 1 0 -0 0 0 1 0 -1 0 
4 1.6850000000000001 2.54 22.400000000000002 0 -0.70710678118654657 0.70710678118654824 0.57735026918962662 -0.57735026918962606 -0.57735026918962473 0.81649658092772548 0.40824829046386407 0.40824829046386313 1.3500000000000001
10 1.5707963267948966 3.1415926535897931 0 3.9999999999999996
2 1.6850000000000001 2.5399999999999991 22.399999999999999 1 0 0 0 1.1102230246251565e-16 -1 0 1 1.1102230246251565e-16 1.3500000000000001
10 1.5707963267948966 3.1415926535897931 0 3.9999999999999996
2 1.6850000000000001 2.5399999999999991 22.100000000000001 1 0 0 0 1.1102230246251565e-16 1 0 1 -1.1102230246251565e-16 1.3500000000000001
10 1.5707963267948966 3.1415926535897931 0 0.30000000000000071
2 1.6849999999999996 2.54 22.100000000000001 0 0 1 -1.1102230246251565e-16 -1 0 -1 1.1102230246251565e-16 0 1.3500000000000001
10 1.5707963267948966 3.1415926535897931 0 3.9999999999999996
2 1.6850000000000001 -2.5399999999999991 22.100000000000001 1 0 0 0 -1.1102230246251565e-16 1 0 -1 -1.1102230246251565e-16 1.3500000000000001
10 1.5707963267948966 3.1415926535897931 0 0.30000000000000071
2 1.6849999999999996 -2.54 22.100000000000001 0 0 1 -1.1102230246251565e-16 1 0 -1 -1.1102230246251565e-16 0 1.3500000000000001
4 5.6849999999999996 5.5650000000000004 22.100000000000001 0 0.70710678118654857 0.70710678118654646 0.57735026918962462 -0.57735026918962551 0.57735026918962729 0.81649658092772692 0.40824829046386157 -0.4082482904638628 1.3500000000000001
1 5.6849999999999996 -5.5650000000000004 20.75 0 0 1 1 0 -0 -0 1 0 
4 18.684999999999999 5.5650000000000004 22.100000000000001 0 -0.70710678118654813 -0.70710678118654702 -0.57735026918962373 -0.57735026918962629 0.57735026918962729 -0.81649658092772759 0.4082482904638613 -0.40824829046386191 1.3500000000000001
4 18.684999999999999 -5.5650000000000004 22.100000000000001 0 -0.70710678118654868 0.70710678118654646 -0.57735026918962395 0.57735026918962584 0.57735026918962762 -0.81649658092772748 -0.40824829046386113 -0.40824829046386241 1.3500000000000001
4 5.6849999999999996 -5.5650000000000004 22.100000000000001 0 0.70710678118654857 -0.70710678118654646 0.57735026918962462 0.57735026918962551 0.57735026918962729 0.81649658092772692 -0.40824829046386157 -0.4082482904638628 1.3500000000000001
10 1.5707963267948966 3.1415926535897931 0 5.0800000000000001
2 1.6849999999999987 -2.54 22.100000000000001 0 1 0 -1.1102230246251565e-16 0 1 -1 0 -1.1102230246251565e-16 1.3500000000000001
1 1.6850000000000001 -3.8900000000000001 22.100000000000001 -0 1 0 0 0 1 1 0 -0 
10 1.5707963267948966 3.1415926535897931 0 0.30000000000000071
2 1.6849999999999996 -2.54 22.100000000000001 0 0 1 -1.1102230246251565e-16 1 0 -1 -1.1102230246251565e-16 0 1.3500000000000001
10 1.5707963267948966 3.1415926535897931 0 0.30000000000000071
2 1.6849999999999996 2.54 22.100000000000001 0 0 1 -1.1102230246251565e-16 -1 0 -1 1.1102230246251565e-16 0 1.3500000000000001
10 1.5707963267948966 3.1415926535897931 0 5.0800000000000001
2 1.6849999999999987 -2.54 22.100000000000001 0 1 0 -1.1102230246251565e-16 0 1 -1 0 -1.1102230246251565e-16 1.3500000000000001
1 1.6850000000000001 3.8900000000000001 22.100000000000001 -0 1 0 0 0 1 1 0 -0 
1 1.6850000000000001 -2.54 20.75 0 0 1 1 0 -0 -0 1 0 
4 1.6850000000000001 2.54 22.100000000000001 0 0.70710678118654891 0.70710678118654624 0.57735026918962529 -0.57735026918962495 0.57735026918962717 0.81649658092772648 0.40824829046386196 -0.40824829046386346 1.3500000000000001
4 1.6850000000000001 -2.54 22.100000000000001 0 0.70710678118654891 -0.70710678118654624 0.57735026918962529 0.57735026918962495 0.57735026918962717 0.81649658092772648 -0.40824829046386196 -0.40824829046386346 1.3500000000000001
1 20.335000000000001 -4.4450000000000003 22.399999999999999 1 0 -0 0 0 1 0 -1 0 
1 18.684999999999999 2.9400000000000004 22.100000000000001 -0 1 0 0 0 1 1 0 -0 
4 18.984999999999999 -4.4450000000000003 22.399999999999999 0 -0.70710678118654435 0.7071067811865509 -0.57735026918962884 0.57735026918962695 0.57735026918962162 -0.81649658092772381 -0.40824829046386701 -0.40824829046386324 1.3500000000000001
1 18.684999999999999 -2.9400000000000004 22.100000000000001 -0 1 0 0 0 1 1 0 -0 
10 1.5707963267948966 3.1415926535897931 0 2.8800000000000026
2 18.684999999999999 -1.5899999999999999 22.100000000000001 1 0 0 0 -1.1102230246251565e-16 1 0 -1 -1.1102230246251565e-16 1.3500000000000001
10 1.5707963267948966 3.1415926535897931 0 3.9999999999999996
2 1.6850000000000001 -2.5399999999999991 22.100000000000001 1 0 0 0 -1.1102230246251565e-16 1 0 -1 -1.1102230246251565e-16 1.3500000000000001
1 4.3349999999999991 -5.5650000000000004 22.100000000000001 1 0 -0 0 0 1 0 -1 0 
4 5.6849999999999996 -5.5650000000000004 22.400000000000002 -0 -0.70710678118654635 -0.70710678118654857 0.57735026918962573 0.57735026918962673 -0.57735026918962495 0.81649658092772615 -0.40824829046386363 0.40824829046386235 1.3500000000000001
4 1.6850000000000001 -2.54 22.100000000000001 0 0.70710678118654891 -0.70710678118654624 0.57735026918962529 0.57735026918962495 0.57735026918962717 0.81649658092772648 -0.40824829046386196 -0.40824829046386346 1.3500000000000001
4 1.6850000000000001 2.54 22.100000000000001 0 0.70710678118654891 0.70710678118654624 0.57735026918962529 -0.57735026918962495 0.57735026918962717 0.81649658092772648 0.40824829046386196 -0.40824829046386346 1.3500000000000001
1 1.6850000000000001 -2.54 20.75 0 0 1 1 0 -0 -0 1 0 
10 1.5707963267948966 3.1415926535897931 0 3.9999999999999996
2 1.6850000000000001 2.5399999999999991 22.100000000000001 1 0 0 0 1.1102230246251565e-16 1 0 1 -1.1102230246251565e-16 1.3500000000000001
4 5.6849999999999996 5.5650000000000004 22.400000000000002 0 -0.70710678118654635 0.70710678118654857 0.57735026918962573 -0.57735026918962673 -0.57735026918962495 0.81649658092772615 0.40824829046386363 0.40824829046386235 1.3500000000000001
10 1.5707963267948966 3.1415926535897931 0 2.8800000000000026
2 18.684999999999999 1.5899999999999999 22.400000000000002 1 0 0 0 1.1102230246251565e-16 -1 0 1 1.1102230246251565e-16 1.3500000000000001
4 21.565000000000001 1.5900000000000001 22.400000000000002 0 0.70710678118654691 -0.70710678118654824 -0.57735026918962784 -0.57735026918962529 -0.57735026918962418 -0.81649658092772459 0.4082482904638649 0.40824829046386413 1.3500000000000001
1 18.684999999999999 -1.5900000000000001 23.750000000000004 0 0 1 1 0 -0 -0 1 0 
10 1.5707963267948966 3.1415926535897931 0 3.1800000000000002
2 21.565000000000001 -1.5900000000000001 22.400000000000006 0 1 0 1.1102230246251565e-16 0 -1 1 0 1.1102230246251565e-16 1.3500000000000001
10 1.5707963267948966 3.1415926535897931 0 2.8800000000000026
2 18.684999999999999 -1.5899999999999999 22.400000000000002 1 0 0 0 -1.1102230246251565e-16 -1 0 -1 1.1102230246251565e-16 1.3500000000000001
4 21.565000000000001 -1.5900000000000001 22.400000000000002 -0 0.70710678118654691 0.70710678118654824 -0.57735026918962784 0.57735026918962529 -0.57735026918962418 -0.81649658092772459 -0.4082482904638649 0.40824829046386413 1.3500000000000001
10 1.5707963267948966 3.1415926535897931 0 0.30000000000000071
2 21.565000000000001 -1.5899999999999999 22.100000000000001 0 0 1 1.1102230246251565e-16 1 0 1 -1.1102230246251565e-16 0 1.3500000000000001
10 1.5707963267948966 3.1415926535897931 0 13
2 5.6849999999999996 5.5650000000000013 22.400000000000002 1 0 0 0 1.1102230246251565e-16 -1 0 1 1.1102230246251565e-16 1.3500000000000001
4 17.800000000000001 4.4450000000000003 24 0 0.70710678118654868 0.70710678118654646 0.5773502691896264 -0.57735026918962462 0.57735026918962651 0.81649658092772559 0.40824829046386274 -0.40824829046386402 1.3500000000000001
10 1.5707963267948966 3.1415926535897931 0 11.130000000000001
2 5.6849999999999987 -5.5650000000000004 22.100000000000001 0 1 0 -1.1102230246251565e-16 0 1 -1 0 -1.1102230246251565e-16 1.3500000000000001
10 1.5707963267948966 3.1415926535897931 0 0.30000000000000071
2 5.6850000000000005 -5.5650000000000004 22.100000000000001 0 0 1 -1.1102230246251565e-16 1 0 -1 -1.1102230246251565e-16 0 1.3500000000000001
10 1.5707963267948966 3.1415926535897931 0 0.30000000000000071
2 5.6850000000000005 5.5650000000000004 22.100000000000001 0 0 1 -1.1102230246251565e-16 -1 0 -1 1.1102230246251565e-16 0 1.3500000000000001
10 1.5707963267948966 3.1415926535897931 0 4
2 17.799999999999997 -4.4450000000000003 24 0 0 1 -1.1102230246251565e-16 1 0 -1 -1.1102230246251565e-16 0 1.3500000000000001
10 1.5707963267948966 3.1415926535897931 0 1.1849999999999987
2 17.800000000000001 -4.4450000000000003 24 1 0 0 0 -1.1102230246251565e-16 1 0 -1 -1.1102230246251565e-16 1.3500000000000001
1 5.6849999999999996 -6.9150000000000009 22.100000000000001 -0 1 0 0 0 1 1 0 -0 
4 18.684999999999999 -5.5650000000000004 22.400000000000002 -0 0.70710678118654591 0.70710678118654913 -0.57735026918962495 0.57735026918962762 -0.57735026918962495 -0.8164965809277267 -0.40824829046386335 0.40824829046386152 1.3500000000000001
10 1.5707963267948966 3.1415926535897931 0 1.6000000000000014
2 18.684999999999995 -4.4450000000000003 22.399999999999999 0 0 1 -1.1102230246251565e-16 1 0 -1 -1.1102230246251565e-16 0 1.3500000000000001
1 5.6849999999999996 6.9150000000000009 22.100000000000001 -0 1 0 0 0 1 1 0 -0 
4 18.684999999999999 5.5650000000000004 22.400000000000002 0 0.70710678118654591 -0.70710678118654913 -0.57735026918962495 -0.57735026918962762 -0.57735026918962495 -0.8164965809277267 0.40824829046386335 0.40824829046386152 1.3500000000000001
10 1.5707963267948966 3.1415926535897931 0 1.6000000000000014
2 18.684999999999995 4.4450000000000003 22.399999999999999 0 0 1 -1.1102230246251565e-16 -1 0 -1 1.1102230246251565e-16 0 1.3500000000000001
10 1.5707963267948966 3.1415926535897931 0 1.1849999999999987
2 17.800000000000001 4.4450000000000003 24 1 0 0 0 1.1102230246251565e-16 1 0 1 -1.1102230246251565e-16 1.3500000000000001
10 1.5707963267948966 3.1415926535897931 0 4
2 17.799999999999997 4.4450000000000003 24 0 0 1 -1.1102230246251565e-16 -1 0 -1 1.1102230246251565e-16 0 1.3500000000000001
1 5.6849999999999996 -5.5650000000000004 20.75 0 0 1 1 0 -0 -0 1 0 
4 5.6849999999999996 -5.5650000000000004 22.100000000000001 0 0.70710678118654857 -0.70710678118654646 0.57735026918962462 0.57735026918962551 0.57735026918962729 0.81649658092772692 -0.40824829046386157 -0.4082482904638628 1.3500000000000001
4 5.6849999999999996 5.5650000000000004 22.100000000000001 0 0.70710678118654857 0.70710678118654646 0.57735026918962462 -0.57735026918962551 0.57735026918962729 0.81649658092772692 0.40824829046386157 -0.4082482904638628 1.3500000000000001
1 17.800000000000001 5.7949999999999999 24 -0 1 0 0 0 1 1 0 -0 
1 17.800000000000001 -5.7949999999999999 24 -0 1 0 0 0 1 1 0 -0 
10 1.5707963267948966 3.1415926535897931 0 13
2 5.6849999999999996 -5.5650000000000013 22.100000000000001 1 0 0 0 -1.1102230246251565e-16 1 0 -1 -1.1102230246251565e-16 1.3500000000000001
10 1.5707963267948966 3.1415926535897931 0 0.30000000000000071
2 18.684999999999999 -5.5650000000000013 22.100000000000001 0 0 1 1.1102230246251565e-16 1 0 1 -1.1102230246251565e-16 0 1.3500000000000001
1 18.684999999999999 -5.7949999999999999 22.399999999999999 -0 1 0 0 0 1 1 0 -0 
10 1.5707963267948966 3.1415926535897931 0 1.6000000000000014
2 18.984999999999999 -4.4450000000000003 22.399999999999999 0 0 1 1.1102230246251565e-16 1 0 1 -1.1102230246251565e-16 0 1.3500000000000001
2 -18.984999999999999 4.4450000000000029 24 0 0 1 -2.33486982377251e-16 -1 0 -1 2.33486982377251e-16 0 1.3500000000000001
10 1.5707963267948966 3.1415926535897931 0 11.130000000000001
2 18.684999999999999 -5.5650000000000004 22.399999999999999 0 1 0 1.1102230246251565e-16 0 -1 1 0 1.1102230246251565e-16 1.3500000000000001
10 1.5707963267948966 3.1415926535897931 0 13
2 5.6849999999999996 5.5650000000000013 22.100000000000001 1 0 0 0 1.1102230246251565e-16 1 0 1 -1.1102230246251565e-16 1.3500000000000001
10 1.5707963267948966 3.1415926535897931 0 0.30000000000000071
2 18.684999999999999 5.5650000000000013 22.100000000000001 0 0 1 1.1102230246251565e-16 -1 0 1 1.1102230246251565e-16 0 1.3500000000000001
10 1.5707963267948966 3.1415926535897931 0 1.6000000000000014
2 18.984999999999999 4.4450000000000003 22.399999999999999 0 0 1 1.1102230246251565e-16 -1 0 1 1.1102230246251565e-16 0 1.3500000000000001
2 -18.984999999999999 -4.4449999999999976 24 0 0 1 1.1442377452219667e-17 1 0 -1 1.1442377452219667e-17 0 1.3500000000000001
1 18.684999999999999 5.7949999999999999 22.399999999999999 -0 1 0 0 0 1 1 0 -0 
4 18.684999999999999 5.5650000000000004 22.100000000000001 0 -0.70710678118654813 -0.70710678118654702 -0.57735026918962373 -0.57735026918962629 0.57735026918962729 -0.81649658092772759 0.4082482904638613 -0.40824829046386191 1.3500000000000001
4 18.684999999999999 -5.5650000000000004 22.100000000000001 0 -0.70710678118654868 0.70710678118654646 -0.57735026918962395 0.57735026918962584 0.57735026918962762 -0.81649658092772748 -0.40824829046386113 -0.40824829046386241 1.3500000000000001
1 20.035 -5.5650000000000004 22.100000000000001 1 0 -0 0 0 1 0 -1 0 
10 1.5707963267948966 3.1415926535897931 0 11.130000000000001
2 18.684999999999999 -5.5650000000000004 22.100000000000001 0 1 0 1.1102230246251565e-16 0 1 1 0 -1.1102230246251565e-16 1.3500000000000001
10 1.5707963267948966 3.1415926535897931 0 2.8800000000000026
2 18.684999999999999 1.5899999999999999 22.100000000000001 1 0 0 0 1.1102230246251565e-16 1 0 1 -1.1102230246251565e-16 1.3500000000000001
10 1.5707963267948966 3.1415926535897931 0 8.8900000000000006
2 18.984999999999996 -4.4450000000000003 22.399999999999999 0 1 0 1.1102230246251565e-16 0 1 1 0 -1.1102230246251565e-16 1.3500000000000001
4 18.984999999999999 4.4450000000000003 22.399999999999999 0 -0.70710678118654435 -0.7071067811865509 -0.57735026918962651 -0.57735026918962817 0.57735026918962284 -0.81649658092772559 0.4082482904638654 -0.40824829046386157 1.3500000000000001
4 18.984999999999999 -4.4450000000000003 22.399999999999999 0 -0.70710678118654435 0.7071067811865509 -0.57735026918962884 0.57735026918962695 0.57735026918962162 -0.81649658092772381 -0.40824829046386701 -0.40824829046386324 1.3500000000000001
1 20.335000000000001 -4.4450000000000003 22.399999999999999 1 0 -0 0 0 1 0 -1 0 
1 18.684999999999999 -2.9400000000000004 22.100000000000001 -0 1 0 0 0 1 1 0 -0 
1 18.684999999999999 2.9400000000000004 22.100000000000001 -0 1 0 0 0 1 1 0 -0 
10 1.5707963267948966 3.1415926535897931 0 2.8800000000000026
2 18.684999999999999 -1.5899999999999999 22.400000000000002 1 0 0 0 -1.1102230246251565e-16 -1 0 -1 1.1102230246251565e-16 1.3500000000000001
10 1.5707963267948966 3.1415926535897931 0 0.30000000000000071
2 21.565000000000001 1.5899999999999999 22.100000000000001 0 0 1 1.1102230246251565e-16 -1 0 1 1.1102230246251565e-16 0 1.3500000000000001
10 1.5707963267948966 3.1415926535897931 0 2.8800000000000026
2 18.684999999999999 1.5899999999999999 22.400000000000002 1 0 0 0 1.1102230246251565e-16 -1 0 1 1.1102230246251565e-16 1.3500000000000001
10 1.5707963267948966 3.1415926535897931 0 3.1800000000000002
2 21.565000000000001 -1.5900000000000001 22.400000000000006 0 1 0 1.1102230246251565e-16 0 -1 1 0 1.1102230246251565e-16 1.3500000000000001
4 21.565000000000001 1.5900000000000001 22.400000000000002 0 0.70710678118654691 -0.70710678118654824 -0.57735026918962784 -0.57735026918962529 -0.57735026918962418 -0.81649658092772459 0.4082482904638649 0.40824829046386413 1.3500000000000001
1 18.684999999999999 -1.5900000000000001 23.750000000000004 0 0 1 1 0 -0 -0 1 0 
4 21.565000000000001 -1.5900000000000001 22.400000000000002 -0 0.70710678118654691 0.70710678118654824 -0.57735026918962784 0.57735026918962529 -0.57735026918962418 -0.81649658092772459 -0.4082482904638649 0.40824829046386413 1.3500000000000001
1 18.602732699918 5.7950000000000008 25.692923726983803 0 1 0 0 -0 1 1 0 -0 
1 18.350000000000001 0 31.879999999999999 1 0 0 -0 0 1 0 -1 0 
10 1.5707963267948966 3.1415926535897931 0 1.1849999999999987
2 17.800000000000001 4.4450000000000003 27.999999999999996 1 0 0 0 1.1102230246251565e-16 -1 0 1 1.1102230246251565e-16 1.3500000000000001
2 18.100000000000001 4.4450000000000003 28 0 0 1 1.1102230246251565e-16 -1 0 1 1.1102230246251565e-16 0 1.3500000000000001
10 1.5707963267948966 3.1415926535897931 0 0.69999999999999929
2 17.800000000000001 4.4450000000000003 35.5 1 0 0 0 1.1102230246251565e-16 1 0 1 -1.1102230246251565e-16 1.3500000000000001
1 17.800000000000001 5.7949999999999999 35.5 -0 1 0 0 0 1 1 0 -0 
10 1.5707963267948966 3.1415926535897931 0 0.69999999999999929
2 17.800000000000001 4.4450000000000003 38.689999999999998 1 0 0 0 1.1102230246251565e-16 -1 0 1 1.1102230246251565e-16 1.3500000000000001
1 17.800000000000001 -4.4450000000000003 40.039999999999999 0 0 1 1 0 -0 -0 1 0 
10 1.5707963267948966 3.1415926535897931 0 0.69999999999999929
2 17.800000000000001 -4.4450000000000003 38.689999999999998 1 0 0 0 -1.1102230246251565e-16 -1 0 -1 1.1102230246251565e-16 1.3500000000000001
1 17.800000000000001 -5.7949999999999999 35.5 -0 1 0 0 0 1 1 0 -0 
10 1.5707963267948966 3.1415926535897931 0 0.69999999999999929
2 17.800000000000001 -4.4450000000000003 35.5 1 0 0 0 -1.1102230246251565e-16 1 0 -1 -1.1102230246251565e-16 1.3500000000000001
2 18.100000000000001 -4.4450000000000003 31.879999999999999 0 0 1 1.1102230246251565e-16 1 0 1 -1.1102230246251565e-16 0 1.3500000000000001
10 1.5707963267948966 3.1415926535897931 0 1.1849999999999987
2 17.800000000000001 -4.4450000000000003 27.999999999999996 1 0 0 0 -1.1102230246251565e-16 -1 0 -1 1.1102230246251565e-16 1.3500000000000001
4 18.984999999999999 4.4450000000000003 28 0 0.70710678118654646 -0.70710678118654857 -0.57735026918962751 -0.57735026918962573 -0.57735026918962395 -0.81649658092772481 0.4082482904638649 0.40824829046386368 1.3500000000000001
10 1.5707963267948966 3.1415926535897931 0 3.879999999999999
2 18.100000000000001 4.4450000000000003 28 0 0 1 1.1102230246251565e-16 -1 0 1 1.1102230246251565e-16 0 1.3500000000000001
4 18.5 4.4450000000000003 35.5 0 -0.70710678118654435 -0.7071067811865509 -0.57735026918962651 -0.57735026918962817 0.57735026918962284 -0.81649658092772559 0.4082482904638654 -0.40824829046386157 1.3500000000000001
10 1.5707963267948966 3.1415926535897931 0 3.620000000000001
2 18.100000000000001 4.4450000000000003 31.879999999999999 0 0 1 1.1102230246251565e-16 -1 0 1 1.1102230246251565e-16 0 1.3500000000000001
10 1.5707963267948966 3.1415926535897931 0 3.1899999999999977
2 18.5 4.4450000000000003 35.5 0 0 1 1.1102230246251565e-16 -1 0 1 1.1102230246251565e-16 0 1.3500000000000001
4 18.5 4.4450000000000003 38.689999999999998 0 0.70710678118654868 -0.70710678118654646 -0.57735026918962395 -0.57735026918962584 -0.57735026918962762 -0.81649658092772748 0.40824829046386113 0.40824829046386241 1.3500000000000001
10 1.5707963267948966 3.1415926535897931 0 8.8900000000000006
2 18.5 -4.4450000000000003 38.689999999999998 0 1 0 1.1102230246251565e-16 0 -1 1 0 1.1102230246251565e-16 1.3500000000000001
4 18.5 -4.4450000000000003 38.689999999999998 -0 0.70710678118654868 0.70710678118654646 -0.57735026918962395 0.57735026918962584 -0.57735026918962762 -0.81649658092772748 -0.40824829046386113 0.40824829046386241 1.3500000000000001
10 1.5707963267948966 3.1415926535897931 0 3.1899999999999977
2 18.5 -4.4450000000000003 35.5 0 0 1 1.1102230246251565e-16 1 0 1 -1.1102230246251565e-16 0 1.3500000000000001
4 18.5 -4.4450000000000003 35.5 0 -0.70710678118654435 0.7071067811865509 -0.57735026918962651 0.57735026918962817 0.57735026918962284 -0.81649658092772559 -0.4082482904638654 -0.40824829046386157 1.3500000000000001
10 1.5707963267948966 3.1415926535897931 0 3.620000000000001
2 18.100000000000001 -4.4450000000000003 31.879999999999999 0 0 1 1.1102230246251565e-16 1 0 1 -1.1102230246251565e-16 0 1.3500000000000001
4 18.984999999999999 -4.4450000000000003 28 -0 0.70710678118654646 0.70710678118654857 -0.57735026918962751 0.57735026918962573 -0.57735026918962395 -0.81649658092772481 -0.4082482904638649 0.40824829046386368 1.3500000000000001
10 1.5707963267948966 3.1415926535897931 0 3.879999999999999
2 18.100000000000001 -4.4450000000000003 28 0 0 1 1.1102230246251565e-16 1 0 1 -1.1102230246251565e-16 0 1.3500000000000001
10 1.5707963267948966 3.1415926535897931 0 8.8900000000000006
2 18.984999999999999 -4.4450000000000003 28.000000000000004 0 1 0 1.1102230246251565e-16 0 -1 1 0 1.1102230246251565e-16 1.3500000000000001
10 1.5707963267948966 3.1415926535897931 0 4
2 18.984999999999999 4.4450000000000003 24 0 0 1 1.1102230246251565e-16 -1 0 1 1.1102230246251565e-16 0 1.3500000000000001
10 1.5707963267948966 3.1415926535897931 0 8.8900000000000006
2 18.5 -4.4450000000000003 35.5 0 1 0 1.1102230246251565e-16 0 1 1 0 -1.1102230246251565e-16 1.3500000000000001
1 19.850000000000001 -4.4450000000000003 35.5 1 0 -0 0 0 1 0 -1 0 
10 1.5707963267948966 3.1415926535897931 0 4
2 18.984999999999999 -4.4450000000000003 24 0 0 1 1.1102230246251565e-16 1 0 1 -1.1102230246251565e-16 0 1.3500000000000001
1 20.335000000000001 -4.4450000000000003 24 1 0 -0 0 0 1 0 -1 0 
1 19.450000000000003 -4.4450000000000003 28 1 0 -0 0 0 1 0 -1 0 
1 19.450000000000003 -4.4450000000000003 31.879999999999999 1 0 -0 0 0 1 0 -1 0 
1 -18.602732699918008 5.7950000000000035 25.692923726983803 8.5584577955332454e-16 1 0 1 -8.5584577955332454e-16 0 0 0 -1 
10 1.5707963267948966 3.1415926535897931 0 1.1849999999999987
2 17.800000000000001 -4.4450000000000003 27.999999999999996 1 0 0 0 -1.1102230246251565e-16 -1 0 -1 1.1102230246251565e-16 1.3500000000000001
1 -18.350000000000001 0 31.879999999999999 1 0 0 -0 0 1 0 -1 0 
2 -18.100000000000001 4.4450000000000021 28 0 0 1 -2.33486982377251e-16 -1 0 -1 2.33486982377251e-16 0 1.3500000000000001
10 1.5707963267948966 3.1415926535897931 0 0.69999999999999929
2 17.800000000000001 -4.4450000000000003 35.5 1 0 0 0 -1.1102230246251565e-16 1 0 -1 -1.1102230246251565e-16 1.3500000000000001
1 17.800000000000001 -5.7949999999999999 35.5 -0 1 0 0 0 1 1 0 -0 
10 1.5707963267948966 3.1415926535897931 0 0.69999999999999929
2 17.800000000000001 -4.4450000000000003 38.689999999999998 1 0 0 0 -1.1102230246251565e-16 -1 0 -1 1.1102230246251565e-16 1.3500000000000001
1 17.800000000000001 -4.4450000000000003 40.039999999999999 0 0 1 1 0 -0 -0 1 0 
10 1.5707963267948966 3.1415926535897931 0 0.69999999999999929
2 17.800000000000001 4.4450000000000003 38.689999999999998 1 0 0 0 1.1102230246251565e-16 -1 0 1 1.1102230246251565e-16 1.3500000000000001
1 17.800000000000001 5.7949999999999999 35.5 -0 1 0 0 0 1 1 0 -0 
10 1.5707963267948966 3.1415926535897931 0 0.69999999999999929
2 17.800000000000001 4.4450000000000003 35.5 1 0 0 0 1.1102230246251565e-16 1 0 1 -1.1102230246251565e-16 1.3500000000000001
2 -18.100000000000001 -4.4449999999999985 31.879999999999999 0 0 1 1.1442377452219667e-17 1 0 -1 1.1442377452219667e-17 0 1.3500000000000001
10 1.5707963267948966 3.1415926535897931 0 1.1849999999999987
2 17.800000000000001 4.4450000000000003 27.999999999999996 1 0 0 0 1.1102230246251565e-16 -1 0 1 1.1102230246251565e-16 1.3500000000000001
4 18.984999999999999 4.4450000000000003 28 0 0.70710678118654646 -0.70710678118654857 -0.57735026918962751 -0.57735026918962573 -0.57735026918962395 -0.81649658092772481 0.4082482904638649 0.40824829046386368 1.3500000000000001
10 1.5707963267948966 3.1415926535897931 0 3.879999999999999
2 18.100000000000001 4.4450000000000003 28 0 0 1 1.1102230246251565e-16 -1 0 1 1.1102230246251565e-16 0 1.3500000000000001
4 18.984999999999999 -4.4450000000000003 28 -0 0.70710678118654646 0.70710678118654857 -0.57735026918962751 0.57735026918962573 -0.57735026918962395 -0.81649658092772481 -0.4082482904638649 0.40824829046386368 1.3500000000000001
10 1.5707963267948966 3.1415926535897931 0 3.879999999999999
2 18.100000000000001 -4.4450000000000003 28 0 0 1 1.1102230246251565e-16 1 0 1 -1.1102230246251565e-16 0 1.3500000000000001
4 18.5 -4.4450000000000003 35.5 0 -0.70710678118654435 0.7071067811865509 -0.57735026918962651 0.57735026918962817 0.57735026918962284 -0.81649658092772559 -0.4082482904638654 -0.40824829046386157 1.3500000000000001
10 1.5707963267948966 3.1415926535897931 0 3.620000000000001
2 18.100000000000001 -4.4450000000000003 31.879999999999999 0 0 1 1.1102230246251565e-16 1 0 1 -1.1102230246251565e-16 0 1.3500000000000001
10 1.5707963267948966 3.1415926535897931 0 3.1899999999999977
2 18.5 -4.4450000000000003 35.5 0 0 1 1.1102230246251565e-16 1 0 1 -1.1102230246251565e-16 0 1.3500000000000001
4 18.5 -4.4450000000000003 38.689999999999998 -0 0.70710678118654868 0.70710678118654646 -0.57735026918962395 0.57735026918962584 -0.57735026918962762 -0.81649658092772748 -0.40824829046386113 0.40824829046386241 1.3500000000000001
10 1.5707963267948966 3.1415926535897931 0 8.8900000000000006
2 18.5 -4.4450000000000003 38.689999999999998 0 1 0 1.1102230246251565e-16 0 -1 1 0 1.1102230246251565e-16 1.3500000000000001
4 18.5 4.4450000000000003 38.689999999999998 0 0.70710678118654868 -0.70710678118654646 -0.57735026918962395 -0.57735026918962584 -0.57735026918962762 -0.81649658092772748 0.40824829046386113 0.40824829046386241 1.3500000000000001
10 1.5707963267948966 3.1415926535897931 0 3.1899999999999977
2 18.5 4.4450000000000003 35.5 0 0 1 1.1102230246251565e-16 -1 0 1 1.1102230246251565e-16 0 1.3500000000000001
4 18.5 4.4450000000000003 35.5 0 -0.70710678118654435 -0.7071067811865509 -0.57735026918962651 -0.57735026918962817 0.57735026918962284 -0.81649658092772559 0.4082482904638654 -0.40824829046386157 1.3500000000000001
10 1.5707963267948966 3.1415926535897931 0 3.620000000000001
2 18.100000000000001 4.4450000000000003 31.879999999999999 0 0 1 1.1102230246251565e-16 -1 0 1 1.1102230246251565e-16 0 1.3500000000000001
10 1.5707963267948966 3.1415926535897931 0 8.8900000000000006
2 18.984999999999999 -4.4450000000000003 28.000000000000004 0 1 0 1.1102230246251565e-16 0 -1 1 0 1.1102230246251565e-16 1.3500000000000001
10 1.5707963267948966 3.1415926535897931 0 4
2 18.984999999999999 4.4450000000000003 24 0 0 1 1.1102230246251565e-16 -1 0 1 1.1102230246251565e-16 0 1.3500000000000001
10 1.5707963267948966 3.1415926535897931 0 4
2 18.984999999999999 -4.4450000000000003 24 0 0 1 1.1102230246251565e-16 1 0 1 -1.1102230246251565e-16 0 1.3500000000000001
10 1.5707963267948966 3.1415926535897931 0 8.8900000000000006
2 18.5 -4.4450000000000003 35.5 0 1 0 1.1102230246251565e-16 0 1 1 0 -1.1102230246251565e-16 1.3500000000000001
1 19.850000000000001 -4.4450000000000003 35.5 1 0 -0 0 0 1 0 -1 0 
1 20.335000000000001 -4.4450000000000003 24 1 0 -0 0 0 1 0 -1 0 
1 19.450000000000003 -4.4450000000000003 28 1 0 -0 0 0 1 0 -1 0 
1 19.450000000000003 -4.4450000000000003 31.879999999999999 1 0 -0 0 0 1 0 -1 0 
1 18.602732699918004 -5.7949999999999999 25.692923726983793 -0 -1 -0 0 0 -1 1 -0 0 
1 -18.602732699918008 -5.794999999999999 25.692923726983775 -8.5584577955326971e-16 -1 -0 -1 8.5584577955326971e-16 0 0 0 -1 
1 20.335000000000004 0 25.319246002302581 1 0 0 -0 0 1 0 -1 0 
1 19.450000000000006 0 31.904111371867895 1 0 0 -0 0 1 0 -1 0 
1 11.646025475653017 0 20.750000000000007 -0 -0 -1 -1 0 0 0 1 -0 
1 -11.646025475653012 2.1481258135281966e-15 20.749999999999996 -0 -0 -1 -1 0 0 0 1 -0 
1 -20.335000000000004 2.3317225125858252e-15 25.319246002302581 -1 -0 -0 0 0 -1 0 -1 0 
1 -19.450000000000006 2.7592052245038544e-15 31.904111371867895 -1 -0 -0 0 0 -1 0 -1 0 
Triangulations 0

TShapes 1266
Ve
1e-06
22.915 -1.59 22.1
0 0

0101101
*
Ve
1e-06
22.915 1.59 22.1
0 0

0101101
*
Ed
 1e-07 1 1 0
1  1 0 0 3.18
2  1 1 0 0 3.18
2  2 2 0 0 3.18
4 G1 1 0 2 0
0

0101000
+1266 0 -1265 0 *
Ve
1e-06
21.565 -1.59 20.75
0 0

0101101
*
Ve
1e-06
21.565 1.59 20.75
0 0

0101101
*
Ed
 1e-07 1 1 0
1  2 0 0 3.18
2  3 1 0 0 3.18
2  4 3 0 0 3.18
4 G1 1 0 3 0
0

0101000
+1263 0 -1262 0 *
Ed
 1e-06 1 1 0
1  3 0 1.5707963267949 3.14159265358979
2  5 4 0 1.5707963267949 3.14159265358979
2  6 1 0 1.5707963267949 3.14159265358979
4 G1 4 0 1 0
0

0101000
+1265 0 -1262 0 *
Ed
 1e-06 1 1 0
1  4 0 1.5707963267949 3.14159265358979
2  7 1 0 1.5707963267949 3.14159265358979
2  8 5 0 1.5707963267949 3.14159265358979
4 G1 1 0 5 0
0

0101000
+1266 0 -1263 0 *
Wi

0101000
-1264 0 +1261 0 -1260 0 +1259 0 *
Fa
0  1e-07 1 0

0111000
+1258 0 *
Ve
1e-06
21.565 -2.94 22.1
0 0

0101101
*
Ed
 1e-06 1 1 0
1  5 0 1.5707963267949 3.14159265358979
2  9 6 0 1.5707963267949 3.14159265358979
2  10 5 0 1.5707963267949 3.14159265358979
4 G1 6 0 5 0
0

0101000
+1266 0 -1256 0 *
Ed
 1e-06 1 1 0
1  6 0 1.5707963267949 3.14159265358979
2  11 5 0 1.5707963267949 3.14159265358979
2  12 7 0 1.5707963267949 3.14159265358979
4 G1 5 0 7 0
0

0101000
+1256 0 -1263 0 *
Wi

0101000
+1255 0 -1259 0 +1254 0 *
Fa
0  1e-07 5 0

0111000
+1253 0 *
Ve
1e-06
22.915 -1.59 22.1
0 0

0101101
*
Ve
1e-06
22.915 1.59 22.1
0 0

0101101
*
Ed
 1e-07 1 1 0
2  13 9 0 0 3.18
1  7 0 0 3.18
2  14 8 0 0 3.18
4 G1 8 0 9 0
0

0101000
+1251 0 -1250 0 *
Ve
1e-06
21.565 -1.59 20.75
0 0

0101101
*
Ve
1e-06
21.565 1.59 20.75
0 0

0101101
*
Ed
 1e-07 1 1 0
2  15 10 0 0 3.18
1  8 0 0 3.18
2  16 8 0 0 3.18
4 G1 8 0 10 0
0

0101000
+1248 0 -1247 0 *
Ed
 1e-06 1 1 0
2  17 8 0 1.5707963267949 3.14159265358979
1  9 0 1.5707963267949 3.14159265358979
2  18 11 0 1.5707963267949 3.14159265358979
4 G1 11 0 8 0
0

0101000
+1250 0 -1247 0 *
Ed
 1e-06 1 1 0
2  19 8 0 1.5707963267949 3.14159265358979
1  10 0 1.5707963267949 3.14159265358979
2  20 12 0 1.5707963267949 3.14159265358979
4 G1 12 0 8 0
0

0101000
+1251 0 -1248 0 *
Wi

0101000
-1249 0 +1246 0 -1245 0 +1244 0 *
Fa
0  1e-07 8 0

0111000
+1243 0 *
Ve
1e-06
21.565 2.94 22.1
0 0

0101101
*
Ed
 1e-06 1 1 0
2  21 13 0 1.5707963267949 3.14159265358979
1  11 0 1.5707963267949 3.14159265358979
2  22 11 0 1.5707963267949 3.14159265358979
4 G1 11 0 13 0
0

0101000
+1250 0 -1241 0 *
Ed
 1e-06 1 1 0
2  23 14 0 1.5707963267949 3.14159265358979
1  12 0 1.5707963267949 3.14159265358979
2  24 11 0 1.5707963267949 3.14159265358979
4 G1 11 0 14 0
0

0101000
+1241 0 -1247 0 *
Wi

0101000
-1240 0 +1245 0 -1239 0 *
Fa
0  1e-07 11 0

0111000
+1238 0 *
Ve
1.50000000888178e-07
-16.565 -5.56107903198651 23.75
0 0

0101101
*
Ve
1e-07
16.565 2.41255419432029e-15 41.73
0 0

0101101
*
Ed
 1e-07 1 1 0
1  13 0 3.74151278290182 6.28318530717959
2  25 16 0 3.74151278290182 6.28318530717959
2  26 15 0 3.74151278290182 6.28318530717959
2  27 17 3 3.74151278290182 6.28318530717959
0

0101000
+1236 3 -1235 0 *
Ve
1.50000007105427e-07
-16.565 -5.01054887212965 23.75
0 0

0101101
*
Ed
 1.5e-07 1 1 0
1  14 0 7.79304887212965 8.34357903198651
2  28 18 4 7.79304887212965 8.34357903198651
2  29 15 2 7.79304887212965 8.34357903198651
0

0101000
+1233 0 -1236 0 *
Ve
1.00000002339075e-07
-16.565 2.33907538637145e-15 41.43
0 0

0101101
*
Ed
 1e-07 1 1 0
1  15 0 0 2.58927133095406
2  30 15 2 0 2.58927133095406
2  31 19 0 0 2.58927133095406
0

0101000
+1231 0 -1233 0 *
Ve
1.50000007105427e-07
-16.565 5.01054887212965 23.75
0 0

0101101
*
Ed
 1e-07 1 1 0
1  15 0 3.69391397622553 6.28318530717959
2  32 19 0 3.69391397622553 6.28318530717959
2  30 15 2 3.69391397622553 6.28318530717959
0

0101000
+1229 0 -1231 0 *
Ve
1.50000003552714e-07
-16.565 5.56107903198652 23.75
0 0

0101101
*
Ed
 1.5e-07 1 1 0
1  14 0 -2.77857903198652 -2.22804887212964
2  28 18 4 -2.77857903198652 -2.22804887212964
2  29 15 2 -2.77857903198652 -2.22804887212964
0

0101000
+1227 0 -1229 0 *
Ed
 1e-07 1 1 0
1  13 0 0 2.54167252427777
2  25 16 0 0 2.54167252427777
2  26 15 0 0 2.54167252427777
2  33 17 3 0 2.54167252427777
0

0101000
+1235 0 -1227 3 *
Wi

0101100
+1234 2 +1232 0 +1230 0 +1228 0 +1226 0 +1225 2 *
Fa
0  1e-07 15 2

0101000
+1224 0 *
Ve
1.00000014888583e-07
-5.685 5.56107903198653 23.75
0 0

0101101
*
Ed
 1e-07 1 1 0
1  16 0 1.35 12.23
2  34 18 4 1.35 12.23
2  35 16 2 1.35 12.23
2  36 17 0 1.35 12.23
0

0101000
+1222 0 -1227 0 *
Ve
1.01223390341587e-07
-16.5999356395443 5.01054887294211 23.7499999999821
0 0

0101101
*
Ed
 1e-07 1 1 0
1  17 0 1.75006436045573 1.785
2  37 19 0 1.75006436045573 1.785
2  38 18 4 1.75006436045573 1.785
0

0101000
+1220 0 -1229 0 *
Ve
1.10458047724093e-07
-17.0889444466146 5.565 23.75
0 0

0101101
*
Ed
 1e-07 1 1 0
1  18 0 2.01119319992407 2.57592653905644
2  39 18 4 2.01119319992407 2.57592653905644
2  40 20 5 2.01119319992407 2.57592653905644
0

0101000
+1220 0 -1218 0 *
Ve
1e-06
5.685 -5.565 23.75
0 0

0101101
*
Ed
 1e-07 1 1 0
1  19 0 0 11.4039444466146
2  41 18 0 0 11.4039444466146
2  42 21 0 0 11.4039444466146
4 G1 18 0 21 0
0

0101000
+1216 0 -1218 6 *
Ed
 1e-07 1 1 0
1  20 0 0 0.00392096801347286
2  43 22 0 0 0.00392096801347286
2  44 18 0 0 0.00392096801347286
4 G1 22 0 18 0
0

0101000
+1216 0 -1222 6 *
Wi

0101100
-1221 0 -1226 0 +1219 0 -1217 0 +1215 4 -1214 4 *
Fa
0  1e-07 18 4

0101000
+1213 0 *
Ve
1e-06
20.335 4.445 22.4
0 0

0101101
*
Ve
1.00000000251215e-06
20.035 5.29352813742385 22.4
0 0

0101101
*
Ed
 1e-06 1 1 0
2  45 24 0 1.5707963267949 2.25047014570314
1  21 0 1.5707963267949 2.25047014570314
2  46 23 0 1.5707963267949 2.25047014570314
4 G1 24 0 23 0
2  47 25 0 1.5707963267949 2.25047014570314
0

0101000
+1211 0 -1210 0 *
Ve
1.10710909683531e-07
20.035 5.23872539331949 22.1
0 0

0101101
*
Ed
 1.10710800322111e-07 1 1 0
1  22 0 4.35102185647803 4.71238898038469
2  48 26 0 4.35102185647803 4.71238898038469
2  49 23 0 4.35102185647803 4.71238898038469
0

0101000
+1208 0 -1210 0 *
Ve
1e-06
19.7777353817484 4.445 21.3072646182519
0 0

0101101
*
Ed
 1e-07 1 1 0
1  23 0 0 0.568809951293809
2  50 27 0 0 0.568809951293809
2  51 23 0 0 0.568809951293809
0

0101000
+1208 0 -1206 0 *
Ed
 1e-06 1 1 0
2  52 28 0 1.5707963267949 2.51398326824459
1  24 0 1.5707963267949 2.51398326824459
2  53 23 0 1.5707963267949 2.51398326824459
4 G1 28 0 23 0
0

0101000
+1211 0 -1206 0 *
Wi

0101100
-1209 0 +1207 0 -1205 0 +1204 0 *
Fa
0  1e-07 23 0

0101000
+1203 0 *
Ve
1e-06
20.035 5.565 22.4
0 0

0101101
*
Ed
 1e-07 1 1 0
2  54 26 0 10.8585281374239 11.13
1  25 0 10.8585281374239 11.13
2  55 29 0 10.8585281374239 11.13
4 G1 29 0 26 0
0

0101000
+1210 0 -1201 0 *
Ve
1e-06
20.035 5.565 22.1
0 0

0101101
*
Ed
 1e-07 1 1 0
2  56 26 0 0 0.300000000000001
1  26 0 0 0.300000000000001
2  57 30 0 0 0.300000000000001
4 G1 26 0 30 0
0

0101000
+1199 0 -1201 0 *
Ed
 1e-07 1 1 0
2  58 26 0 10.8037253933195 11.13
1  27 0 10.8037253933195 11.13
2  59 27 0 10.8037253933195 11.13
4 G1 27 0 26 0
0

0101000
+1208 0 -1199 0 *
Wi

0101100
-1207 0 -1200 0 +1198 0 +1197 0 *
Fa
0  1e-07 26 0

0101000
+1196 0 *
Ve
1.50000000888178e-07
16.565 5.56107903198652 23.75
0 0

0101101
*
Ve
1e-07
16.565 2.41255419432029e-15 41.73
0 0

0101101
*
Ed
 1e-07 1 1 0
1  28 0 3.74151278290182 6.28318530717959
2  60 31 0 3.74151278290182 6.28318530717959
2  61 32 0 3.74151278290182 6.28318530717959
0

0101000
+1194 0 -1193 0 *
Ve
1.50000007105427e-07
16.565 5.01054887212964 23.75
0 0

0101101
*
Ed
 1.5e-07 1 1 0
1  29 0 7.79304887212965 8.34357903198651
2  62 33 0 7.79304887212965 8.34357903198651
2  63 31 0 7.79304887212965 8.34357903198651
0

0101000
+1191 0 -1194 0 *
Ve
1.00000002339075e-07
16.565 2.33907538637145e-15 41.43
0 0

0101101
*
Ed
 1e-07 1 1 0
1  30 0 3.69391397622553 6.28318530717959
2  64 31 0 3.69391397622553 6.28318530717959
2  65 19 0 3.69391397622553 6.28318530717959
0

0101000
+1191 0 -1189 0 *
Ve
1.50000007105427e-07
16.565 -5.01054887212965 23.75
0 0

0101101
*
Ed
 1e-07 1 1 0
1  30 0 0 2.58927133095406
2  66 19 0 0 2.58927133095406
2  64 31 0 0 2.58927133095406
0

0101000
+1189 0 -1187 0 *
Ve
1.50000003552714e-07
16.565 -5.56107903198652 23.75
0 0

0101101
*
Ed
 1.5e-07 1 1 0
1  29 0 -2.77857903198652 -2.22804887212965
2  62 33 0 -2.77857903198652 -2.22804887212965
2  63 31 0 -2.77857903198652 -2.22804887212965
0

0101000
+1185 0 -1187 0 *
Ed
 1e-07 1 1 0
1  28 0 0 2.54167252427777
2  67 32 0 0 2.54167252427777
2  60 31 0 0 2.54167252427777
0

0101000
+1193 0 -1185 0 *
Wi

0101100
+1192 0 +1190 0 -1188 0 -1186 0 +1184 0 +1183 0 *
Fa
0  1e-07 31 0

0101000
+1182 0 *
Ve
1.00000018202241e-07
5.685 5.56107903198653 23.75
0 0

0101101
*
Ve
1e-06
5.685 5.565 23.75
0 0

0101101
*
Ed
 1e-07 1 1 0
2  68 33 0 11.1260790319865 11.13
1  31 0 11.1260790319865 11.13
2  69 34 0 11.1260790319865 11.13
4 G1 33 0 34 0
0

0101000
+1180 0 -1179 0 *
Ve
1.10458040369244e-07
17.0889444466148 5.565 23.75
0 0

0101101
*
Ed
 1e-07 1 1 0
2  70 33 0 0 11.4039444466148
1  32 0 0 11.4039444466148
2  71 35 0 0 11.4039444466148
4 G1 33 0 35 0
0

0101000
+1179 0 -1177 0 *
Ve
1.01633118565559e-07
16.5999356400997 5.01054887320784 23.7499999999764
0 0

0101101
*
Ed
 1e-07 1 1 0
1  33 0 3.70725876812302 4.27199210689584
2  72 33 0 3.70725876812302 4.27199210689584
2  73 36 0 3.70725876812302 4.27199210689584
0

0101000
+1177 0 -1175 0 *
Ed
 1e-07 1 1 0
1  34 0 34.915 34.9499356400997
2  74 33 0 34.915 34.9499356400997
2  75 19 0 34.915 34.9499356400997
0

0101000
+1191 0 -1175 0 *
Ed
 1e-07 1 1 0
1  35 0 1.35 12.23
2  76 33 0 1.35 12.23
2  77 32 0 1.35 12.23
0

0101000
+1180 0 -1194 0 *
Wi

0101100
-1178 0 -1176 0 -1174 0 +1173 0 -1190 0 +1172 0 *
Fa
0  1e-07 33 0

0101000
+1171 0 *
Ve
1e-06
16.8410242000365 5.39519230426498 24
0 0

0101101
*
Ed
 1e-07 1 1 0
1  36 0 0.556038473250331 0.784028189156137
2  78 36 0 0.556038473250331 0.784028189156137
2  79 19 0 0.556038473250331 0.784028189156137
0

0101000
+1175 0 -1169 0 *
Ve
1e-06
17.8 5.76864544286999 23.734551810009
0 0

0101101
*
Ed
 1.10458039481066e-07 1 1 0
1  37 0 0 1
2  80 35 0 0 1
2  81 36 0 0 1
0

0101000
+1167 0 -1177 0 *
Ve
1e-06
17.8 5.795 24
0 0

0101101
*
Ed
 1e-06 1 1 0
2  82 37 0 1.5707963267949 1.76871421033769
1  38 0 1.5707963267949 1.76871421033769
2  83 36 0 1.5707963267949 1.76871421033769
4 G1 37 0 36 0
0

0101000
+1165 0 -1167 0 *
Ed
 1e-06 1 1 0
2  84 38 0 2.35159382998424 3.14159265358979
1  39 0 2.35159382998424 3.14159265358979
2  85 36 0 2.35159382998424 3.14159265358979
4 G1 38 0 36 0
0

0101000
+1169 0 -1165 0 *
Wi

0101100
+1168 0 +1174 0 +1166 0 +1164 0 +1163 0 *
Fa
0  1e-07 36 0

0101000
+1162 0 *
Ve
1.5e-07
17.8 5.795 24.2891848263839
0 0

0101101
*
Ed
 1e-07 1 1 0
1  40 0 0 1
2  86 38 0 0 1
2  87 19 0 0 1
0

0101000
+1169 0 -1160 0 *
Ed
 1.5e-07 1 1 0
2  88 39 0 0 0.289184826383927
1  41 0 0 0.289184826383927
2  89 38 0 0 0.289184826383927
4 G1 39 0 38 0
0

0101000
+1165 0 -1160 0 *
Wi

0101100
-1159 0 +1158 0 +1163 0 *
Fa
0  1e-07 38 0

0101000
+1157 0 *
Ve
1.00000014755528e-07
5.685 -5.56107903198653 23.75
0 0

0101101
*
Ed
 1e-07 1 1 0
1  42 0 1.35 12.23
2  90 33 0 1.35 12.23
2  91 32 0 1.35 12.23
0

0101000
+1155 0 -1185 0 *
Ve
1.01203686616157e-07
16.5999356395177 -5.01054887292832 23.7499999999831
0 0

0101101
*
Ed
 1e-07 1 1 0
1  43 0 34.915 34.9499356395177
2  92 19 0 34.915 34.9499356395177
2  93 33 0 34.915 34.9499356395177
0

0101000
+1187 0 -1153 0 *
Ve
1.10458031536869e-07
17.0889444466148 -5.565 23.75
0 0

0101101
*
Ed
 1e-07 1 1 0
1  44 0 5.15278585349592 5.71751919264636
2  94 33 0 5.15278585349592 5.71751919264636
2  95 40 0 5.15278585349592 5.71751919264636
0

0101000
+1153 0 -1151 0 *
Ve
1e-06
5.685 -5.565 23.75
0 0

0101101
*
Ed
 1e-07 1 1 0
2  96 33 0 0 11.4039444466148
1  45 0 0 11.4039444466148
2  97 41 0 0 11.4039444466148
4 G1 33 0 41 0
0

0101000
+1149 0 -1151 0 *
Ed
 1e-07 1 1 0
2  68 33 0 0 0.00392096801347286
1  31 0 0 0.00392096801347286
2  69 34 0 0 0.00392096801347286
4 G1 33 0 34 0
0

0101000
+1149 0 -1155 0 *
Wi

0101100
-1154 0 -1184 0 -1152 0 -1150 0 +1148 0 -1147 0 *
Fa
0  1e-07 33 0

0101000
+1146 0 *
Ve
1e-06
16.8410242000365 -5.39519230426498 24
0 0

0101101
*
Ve
1.5e-07
17.8 -5.795 24.2891848263839
0 0

0101101
*
Ed
 1e-07 1 1 0
1  46 0 0 1
2  98 19 0 0 1
2  99 42 0 0 1
0

0101000
+1144 0 -1143 0 *
Ve
1e-06
17.8 -5.795 24
0 0

0101101
*
Ed
 1.5e-07 1 1 0
2  100 43 0 0 0.289184826383927
1  47 0 0 0.289184826383927
2  101 42 0 0 0.289184826383927
4 G1 42 0 43 0
0

0101000
+1141 0 -1143 0 *
Ed
 1e-06 1 1 0
2  102 42 0 2.35159382998424 3.14159265358979
1  48 0 2.35159382998424 3.14159265358979
2  103 40 0 2.35159382998424 3.14159265358979
4 G1 42 0 40 0
0

0101000
+1144 0 -1141 0 *
Wi

0101100
-1142 0 +1140 0 +1139 0 *
Fa
0  1e-07 42 0

0101000
+1138 0 *
Ve
1e-06
17.8 -5.76864544286999 23.734551810009
0 0

0101101
*
Ed
 1e-06 1 1 0
2  104 44 0 1.5707963267949 1.76871421033769
1  49 0 1.5707963267949 1.76871421033769
2  105 40 0 1.5707963267949 1.76871421033769
4 G1 44 0 40 0
0

0101000
+1141 0 -1136 0 *
Ed
 1.10458030648691e-07 1 1 0
1  50 0 0 1
2  106 41 0 0 1
2  107 40 0 0 1
0

0101000
+1136 0 -1151 0 *
Ed
 1e-07 1 1 0
1  51 0 0.215971715585392 0.443961347026191
2  108 19 0 0.215971715585392 0.443961347026191
2  109 40 0 0.215971715585392 0.443961347026191
0

0101000
+1144 0 -1153 0 *
Wi

0101100
-1139 0 -1135 0 -1134 0 +1150 0 +1133 0 *
Fa
0  1e-07 40 0

0101000
+1132 0 *
Ve
1.5e-07
4.335 3.89 22.4
0 0

0101101
*
Ve
1e-06
4.335 5.565 22.4
0 0

0101101
*
Ed
 1e-07 1 1 0
2  110 45 0 9.455 11.13
1  52 0 9.455 11.13
2  111 34 0 9.455 11.13
4 G1 45 0 34 0
0

0101000
+1130 0 -1129 0 *
Ed
 1e-06 1 1 0
2  112 34 0 1.5707963267949 3.14159265358979
1  53 0 1.5707963267949 3.14159265358979
2  113 46 0 1.5707963267949 3.14159265358979
4 G1 46 0 34 0
0

0101000
+1129 0 -1179 0 *
Ve
1.0084550104671e-07
4.39695763072545 3.82804236855197 22.8042856130312
0 0

0101101
*
Ed
 1e-07 1 1 0
1  54 0 0.315443933028016 1
2  114 34 0 0.315443933028016 1
2  115 32 0 0.315443933028016 1
0

0101000
+1126 0 -1180 0 *
Ed
 1e-07 1 1 0
1  55 0 3.14159265358979 3.44573062910755
2  116 47 0 3.14159265358979 3.44573062910755
2  117 34 0 3.14159265358979 3.44573062910755
0

0101000
+1130 0 -1126 0 *
Wi

0101100
-1128 0 -1127 0 +1178 0 +1125 0 +1124 0 *
Fa
0  1e-07 34 0

0101000
+1123 0 *
Ve
1e-06
5.685 6.915 22.4
0 0

0101101
*
Ve
1e-06
18.685 6.915 22.4
0 0

0101101
*
Ed
 1e-07 1 1 0
2  118 48 0 0 13
1  56 0 0 13
2  119 35 0 0 13
4 G1 48 0 35 0
0

0101000
+1121 0 -1120 0 *
Ve
1.00000001065814e-06
18.685 5.79500000000001 23.7302631318653
0 0

0101101
*
Ed
 1e-06 1 1 0
2  120 35 0 1.5707963267949 2.97038713117704
1  57 0 1.5707963267949 2.97038713117704
2  121 49 0 1.5707963267949 2.97038713117704
4 G1 49 0 35 0
0

0101000
+1120 0 -1118 0 *
Ve
1.07285670858661e-07
18.4195518125802 5.76864544177466 23.7345518071198
0 0

0101101
*
Ed
 1.03788293641367e-07 1 1 0
1  58 0 0.663057378340707 1
2  122 35 0 0.663057378340707 1
2  123 50 0 0.663057378340707 1
0

0101000
+1116 0 -1118 0 *
Ed
 1e-07 1 1 0
1  59 0 12.115 12.7345518125802
2  124 35 0 12.115 12.7345518125802
2  125 37 0 12.115 12.7345518125802
0

0101000
+1167 0 -1116 0 *
Ed
 1e-06 1 1 0
2  126 35 0 1.5707963267949 3.14159265358979
1  60 0 1.5707963267949 3.14159265358979
2  127 46 0 1.5707963267949 3.14159265358979
4 G1 46 0 35 0
0

0101000
+1121 0 -1179 0 *
Wi

0101100
-1119 0 -1117 0 +1115 0 +1114 0 -1166 0 +1176 0 +1113 0 *
Fa
0  1e-07 35 0

0101000
+1112 0 *
Ve
1e-06
18.685 5.795 24
0 0

0101101
*
Ed
 1.5e-07 1 1 0
2  128 39 0 0 0.884999999999998
1  61 0 0 0.884999999999998
2  129 37 0 0 0.884999999999998
4 G1 37 0 39 0
0

0101000
+1165 0 -1110 0 *
Ed
 1e-07 1 1 0
1  62 0 1.5707963267949 1.76871421053679
2  130 50 0 1.5707963267949 1.76871421053679
2  131 37 0 1.5707963267949 1.76871421053679
0

0101000
+1110 0 -1116 0 *
Wi

0101100
-1109 0 -1108 0 +1114 0 +1164 0 *
Fa
0  1e-07 37 0

0101000
+1107 0 *
Ve
1e-06
18.685 -5.795 24
0 0

0101101
*
Ed
 1.5e-07 1 1 0
2  132 43 0 0 0.884999999999998
1  63 0 0 0.884999999999998
2  133 44 0 0 0.884999999999998
4 G1 44 0 43 0
0

0101000
+1141 0 -1105 0 *
Ve
1.07286161564711e-07
18.419551812568 -5.76864544177344 23.73455180712
0 0

0101101
*
Ed
 1e-07 1 1 0
1  64 0 4.51447109663827 4.71238898038469
2  134 51 0 4.51447109663827 4.71238898038469
2  135 44 0 4.51447109663827 4.71238898038469
0

0101000
+1103 0 -1105 0 *
Ed
 1e-07 1 1 0
1  65 0 12.115 12.734551812568
2  136 41 0 12.115 12.734551812568
2  137 44 0 12.115 12.734551812568
0

0101000
+1136 0 -1103 0 *
Wi

0101100
-1104 0 +1102 0 +1101 0 +1135 0 *
Fa
0  1e-07 44 0

0101000
+1100 0 *
Ve
1e-06
5.685 -6.915 22.4
0 0

0101101
*
Ve
1e-06
18.685 -6.915 22.4
0 0

0101101
*
Ed
 1e-07 1 1 0
2  138 52 0 0 13
1  66 0 0 13
2  139 41 0 0 13
4 G1 41 0 52 0
0

0101000
+1098 0 -1097 0 *
Ve
1.00000001065814e-06
18.685 -5.79500000000001 23.7302631318653
0 0

0101101
*
Ed
 1e-06 1 1 0
2  140 41 0 1.5707963267949 2.97038713117704
1  67 0 1.5707963267949 2.97038713117704
2  141 53 0 1.5707963267949 2.97038713117704
4 G1 53 0 41 0
0

0101000
+1097 0 -1095 0 *
Ed
 1.03788293833892e-07 1 1 0
1  68 0 0.663057378325384 1
2  142 41 0 0.663057378325384 1
2  143 51 0 0.663057378325384 1
0

0101000
+1103 0 -1095 0 *
Ed
 1e-06 1 1 0
2  144 41 0 1.5707963267949 3.14159265358979
1  69 0 1.5707963267949 3.14159265358979
2  145 54 0 1.5707963267949 3.14159265358979
4 G1 41 0 54 0
0

0101000
+1098 0 -1149 0 *
Wi

0101100
-1096 0 -1094 0 +1093 0 +1101 0 -1134 0 +1148 0 +1092 0 *
Fa
0  1e-07 41 0

0101000
+1091 0 *
Ve
1e-06
4.335 -5.565 22.4
0 0

0101101
*
Ve
1.5e-07
4.335 -3.89 22.4
0 0

0101101
*
Ed
 1e-07 1 1 0
2  110 45 0 0 1.675
1  52 0 0 1.675
2  111 34 0 0 1.675
4 G1 45 0 34 0
0

0101000
+1089 0 -1088 0 *
Ve
1.00845538060025e-07
4.39695763072554 -3.82804236855224 22.8042856130313
0 0

0101101
*
Ed
 1e-07 1 1 0
1  70 0 2.83745467807202 3.14159265358979
2  146 55 0 2.83745467807202 3.14159265358979
2  147 34 0 2.83745467807202 3.14159265358979
0

0101000
+1086 0 -1088 0 *
Ed
 1e-07 1 1 0
1  71 0 0.315443933028233 1
2  148 34 0 0.315443933028233 1
2  149 32 0 0.315443933028233 1
0

0101000
+1086 0 -1155 0 *
Ed
 1e-06 1 1 0
2  150 34 0 1.5707963267949 3.14159265358979
1  72 0 1.5707963267949 3.14159265358979
2  151 54 0 1.5707963267949 3.14159265358979
4 G1 34 0 54 0
0

0101000
+1089 0 -1149 0 *
Wi

0101100
-1087 0 +1085 0 -1084 0 +1147 0 +1083 0 *
Fa
0  1e-07 34 0

0101000
+1082 0 *
Ve
1e-06
1.685 3.89 22.4
0 0

0101101
*
Ed
 1e-07 1 1 0
2  152 56 0 0 2.65
1  73 0 0 2.65
2  153 47 0 0 2.65
4 G1 47 0 56 0
0

0101000
+1080 0 -1130 0 *
Ve
1.00000042419238e-07
4.335 3.82804236838008 22.8042856134689
0 0

0101101
*
Ed
 1e-07 1 1 0
1  74 0 2.65 2.71195763072545
2  154 47 0 2.65 2.71195763072545
2  155 32 0 2.65 2.71195763072545
0

0101000
+1078 0 -1126 0 *
Ve
1.50000008200634e-07
4.335 3.70693298672177 23.0787985006617
0 0

0101101
*
Ed
 1e-07 1 1 0
1  75 0 1.87493430281362 2.09764714683866
2  156 47 0 1.87493430281362 2.09764714683866
2  157 57 0 1.87493430281362 2.09764714683866
0

0101000
+1078 0 -1076 0 *
Ve
1e-06
1.685 3.70693298672176 23.0787985006617
0 0

0101101
*
Ed
 1e-07 1 1 0
1  76 0 20.035 22.685
2  158 19 0 20.035 22.685
2  159 47 0 20.035 22.685
0

0101000
+1074 0 -1076 0 *
Ed
 1e-06 1 1 0
2  160 47 0 1.5707963267949 2.09764714683866
1  77 0 1.5707963267949 2.09764714683866
2  161 58 0 1.5707963267949 2.09764714683866
4 G1 58 0 47 0
0

0101000
+1080 0 -1074 0 *
Wi

0101100
-1079 0 -1124 0 +1077 0 -1075 0 +1073 0 +1072 0 *
Fa
0  1e-07 47 0

0101000
+1071 0 *
Ve
1e-07
4.335 2.41255419432029e-15 41.73
0 0

0101101
*
Ve
1.0000004578213e-07
4.335 -3.82804236838008 22.8042856134689
0 0

0101101
*
Ed
 1e-07 1 1 0
1  78 0 0 2.74244434331351
2  162 32 0 0 2.74244434331351
2  163 57 0 0 2.74244434331351
0

0101000
+1069 0 -1068 0 *
Ed
 1e-07 1 1 0
1  78 0 3.54074096386608 6.28318530717959
2  163 57 0 3.54074096386608 6.28318530717959
2  164 32 0 3.54074096386608 6.28318530717959
0

0101000
+1078 0 -1069 0 *
Ve
2.00001e-07
4.335 2.33907538637145e-15 41.43
0 0

0101101
*
Ed
 1.5e-07 1 1 0
1  79 0 3.54022742628144 6.28318530717959
2  165 19 0 3.54022742628144 6.28318530717959
2  166 57 0 3.54022742628144 6.28318530717959
0

0101000
+1076 0 -1065 0 *
Ve
1.50000011022004e-07
4.335 -3.70693298672177 23.0787985006617
0 0

0101101
*
Ed
 1.5e-07 1 1 0
1  79 0 0 2.74295788089815
2  165 19 0 0 2.74295788089815
2  166 57 0 0 2.74295788089815
0

0101000
+1065 0 -1063 0 *
Ed
 1e-07 1 1 0
1  80 0 4.18553816034093 4.40825100436597
2  167 55 0 4.18553816034093 4.40825100436597
2  168 57 0 4.18553816034093 4.40825100436597
0

0101000
+1063 0 -1068 0 *
Wi

0101100
+1067 0 +1066 0 -1075 0 -1064 0 -1062 0 -1061 0 *
Fa
0  1e-07 57 0

0101000
+1060 0 *
Ve
1e-06
1.685 -3.89 22.4
0 0

0101101
*
Ed
 1e-07 1 1 0
2  169 59 0 0 2.65
1  81 0 0 2.65
2  170 55 0 0 2.65
4 G1 59 0 55 0
0

0101000
+1058 0 -1088 0 *
Ed
 1e-07 1 1 0
1  82 0 2.65 2.71195763072554
2  171 55 0 2.65 2.71195763072554
2  172 32 0 2.65 2.71195763072554
0

0101000
+1068 0 -1086 0 *
Ve
1e-06
1.685 -3.70693298672176 23.0787985006617
0 0

0101101
*
Ed
 1e-07 1 1 0
1  83 0 20.035 22.685
2  173 19 0 20.035 22.685
2  174 55 0 20.035 22.685
0

0101000
+1055 0 -1063 0 *
Ed
 1e-06 1 1 0
2  175 55 0 1.5707963267949 2.09764714683866
1  84 0 1.5707963267949 2.09764714683866
2  176 60 0 1.5707963267949 2.09764714683866
4 G1 60 0 55 0
0

0101000
+1058 0 -1055 0 *
Wi

0101100
-1057 0 +1085 0 +1056 0 +1061 0 +1054 0 +1053 0 *
Fa
0  1e-07 55 0

0101000
+1052 0 *
Ve
1.5e-07
4.335 3.89 22.1
0 0

0101101
*
Ed
 1.5e-07 1 1 0
1  85 0 -0.300000000000001 -0
2  177 56 0 -0.300000000000001 -0
2  178 45 0 -0.300000000000001 -0
0

0101000
+1130 0 -1050 0 *
Ve
1e-06
4.335 5.565 22.1
0 0

0101101
*
Ed
 1e-07 1 1 0
2  179 45 0 0 0.300000000000001
1  86 0 0 0.300000000000001
2  180 61 0 0 0.300000000000001
4 G1 45 0 61 0
0

0101000
+1048 0 -1129 0 *
Ed
 1e-07 1 1 0
2  181 45 0 9.455 11.13
1  87 0 9.455 11.13
2  182 62 0 9.455 11.13
4 G1 62 0 45 0
0

0101000
+1050 0 -1048 0 *
Wi

0101100
+1049 0 -1128 0 +1047 0 +1046 0 *
Fa
0  1e-07 45 0

0101000
+1045 0 *
Ed
 1e-06 1 1 0
2  183 61 0 1.5707963267949 3.14159265358979
1  88 0 1.5707963267949 3.14159265358979
2  184 46 0 1.5707963267949 3.14159265358979
4 G1 46 0 61 0
0

0101000
+1129 0 -1121 0 *
Wi

0101000
+1127 0 -1043 0 -1113 0 *
Fa
0  1e-07 46 0

0111000
+1042 0 *
Ve
1e-06
5.685 6.915 22.1
0 0

0101101
*
Ve
1e-06
18.685 6.915 22.1
0 0

0101101
*
Ed
 1e-07 1 1 0
2  185 48 0 0 13
1  89 0 0 13
2  186 63 0 0 13
4 G1 48 0 63 0
0

0101000
+1040 0 -1039 0 *
Ed
 1e-07 1 1 0
2  187 48 0 0 0.300000000000001
1  90 0 0 0.300000000000001
2  188 30 0 0 0.300000000000001
4 G1 48 0 30 0
0

0101000
+1039 0 -1120 0 *
Ed
 1e-07 1 1 0
2  189 48 0 0 0.300000000000001
1  91 0 0 0.300000000000001
2  190 61 0 0 0.300000000000001
4 G1 48 0 61 0
0

0101000
+1040 0 -1121 0 *
Wi

0101000
-1038 0 -1037 0 +1119 0 +1036 0 *
Fa
0  1e-07 48 0

0111000
+1035 0 *
Ve
1e-06
19.7387240874485 5.565 23.2438990150076
0 0

0101101
*
Ed
 1e-06 1 1 0
2  191 29 0 1.5707963267949 2.24606926920747
1  92 0 1.5707963267949 2.24606926920747
2  192 49 0 1.5707963267949 2.24606926920747
4 G1 29 0 49 0
0

0101000
+1201 0 -1033 0 *
Ve
1.5e-07
18.985 5.795 23.695993827146
0 0

0101101
*
Ed
 1e-07 1 1 0
1  93 0 0 0.559700008914329
2  193 49 0 0 0.559700008914329
2  194 24 0 0 0.559700008914329
2  195 25 0 0 0.559700008914329
0

0101000
+1031 0 -1033 0 *
Ed
 1.5e-07 1 1 0
1  94 0 0 0.22747602695104
2  196 49 0 0 0.22747602695104
2  197 64 0 0 0.22747602695104
0

0101000
+1118 0 -1031 0 *
Ed
 1e-06 1 1 0
2  198 30 0 1.5707963267949 3.14159265358979
1  95 0 1.5707963267949 3.14159265358979
2  199 49 0 1.5707963267949 3.14159265358979
4 G1 49 0 30 0
0

0101000
+1201 0 -1120 0 *
Wi

0101100
-1032 0 +1030 0 +1029 0 +1117 0 +1028 0 *
Fa
0  1e-07 49 0

0101000
+1027 0 *
Ed
 1.5e-07 1 1 0
2  200 64 0 1.33026313186527 1.6
1  96 0 1.33026313186527 1.6
2  201 50 0 1.33026313186527 1.6
4 G1 50 0 64 0
0

0101000
+1118 0 -1110 0 *
Wi

0101100
+1115 0 +1108 0 +1025 0 *
Fa
0  1e-07 50 0

0101000
+1024 0 *
Ed
 1.5e-07 1 1 0
2  202 65 0 1.33026313186527 1.6
1  97 0 1.33026313186527 1.6
2  203 51 0 1.33026313186527 1.6
4 G1 51 0 65 0
0

0101000
+1095 0 -1105 0 *
Wi

0101100
+1093 0 -1102 0 +1022 0 *
Fa
0  1e-07 51 0

0101000
+1021 0 *
Ve
1e-06
20.035 -5.565 22.4
0 0

0101101
*
Ed
 1e-06 1 1 0
2  204 66 0 1.5707963267949 3.14159265358979
1  98 0 1.5707963267949 3.14159265358979
2  205 53 0 1.5707963267949 3.14159265358979
4 G1 53 0 66 0
0

0101000
+1019 0 -1097 0 *
Ve
1.5e-07
18.985 -5.795 23.695993827146
0 0

0101101
*
Ed
 1.5e-07 1 1 0
1  99 0 0 0.22747602695104
2  206 53 0 0 0.22747602695104
2  207 65 0 0 0.22747602695104
0

0101000
+1095 0 -1017 0 *
Ve
1e-06
19.7387240874485 -5.565 23.2438990150076
0 0

0101101
*
Ed
 1e-07 1 1 0
1  100 0 0 0.55970000891432
2  208 53 0 0 0.55970000891432
2  209 67 0 0 0.55970000891432
2  210 68 0 0 0.55970000891432
0

0101000
+1017 0 -1015 0 *
Ed
 1e-06 1 1 0
2  211 29 0 1.5707963267949 2.24606926920747
1  101 0 1.5707963267949 2.24606926920747
2  212 53 0 1.5707963267949 2.24606926920747
4 G1 29 0 53 0
0

0101000
+1019 0 -1015 0 *
Wi

0101100
-1018 0 -1094 0 -1016 0 -1014 0 +1013 0 *
Fa
0  1e-07 53 0

0101000
+1012 0 *
Ve
1e-06
5.685 -6.915 22.1
0 0

0101101
*
Ve
1e-06
18.685 -6.915 22.1
0 0

0101101
*
Ed
 1e-07 1 1 0
2  213 52 0 0 13
1  102 0 0 13
2  214 69 0 0 13
4 G1 69 0 52 0
0

0101000
+1010 0 -1009 0 *
Ed
 1e-07 1 1 0
2  215 52 0 0 0.300000000000001
1  103 0 0 0.300000000000001
2  216 66 0 0 0.300000000000001
4 G1 66 0 52 0
0

0101000
+1009 0 -1097 0 *
Ed
 1e-07 1 1 0
2  217 52 0 0 0.300000000000001
1  104 0 0 0.300000000000001
2  218 70 0 0 0.300000000000001
4 G1 70 0 52 0
0

0101000
+1010 0 -1098 0 *
Wi

0101000
-1008 0 -1007 0 +1096 0 +1006 0 *
Fa
0  1e-07 52 0

0111000
+1005 0 *
Ed
 1e-06 1 1 0
2  219 70 0 1.5707963267949 3.14159265358979
1  105 0 1.5707963267949 3.14159265358979
2  220 54 0 1.5707963267949 3.14159265358979
4 G1 70 0 54 0
0

0101000
+1089 0 -1098 0 *
Wi

0101000
+1003 0 -1083 0 +1092 0 *
Fa
0  1e-07 54 0

0111000
+1002 0 *
Ve
1e-06
4.335 -5.565 22.1
0 0

0101101
*
Ed
 1e-07 1 1 0
2  221 45 0 0 0.300000000000001
1  106 0 0 0.300000000000001
2  222 70 0 0 0.300000000000001
4 G1 45 0 70 0
0

0101000
+1000 0 -1089 0 *
Ve
1.5e-07
4.335 -3.89 22.1
0 0

0101101
*
Ed
 1.5e-07 1 1 0
1  107 0 -0.300000000000001 -0
2  223 59 0 -0.300000000000001 -0
2  224 45 0 -0.300000000000001 -0
0

0101000
+1088 0 -998 0 *
Ed
 1e-07 1 1 0
2  181 45 0 0 1.675
1  87 0 0 1.675
2  182 62 0 0 1.675
4 G1 62 0 45 0
0

0101000
+1000 0 -998 0 *
Wi

0101100
-999 0 -1087 0 -997 0 +996 0 *
Fa
0  1e-07 45 0

0101000
+995 0 *
Ve
1e-06
0.363093116187886 -2.54 22.6739747990786
0 0

0101101
*
Ed
 1e-07 1 1 0
1  108 0 0 0.910641331385409
2  225 19 0 0 0.910641331385409
2  226 60 0 0 0.910641331385409
0

0101000
+1055 0 -993 0 *
Ve
1.00000072192161e-07
0.335 -1.15416636582436 22.4
0 0

0101101
*
Ed
 1e-07 1 1 0
1  109 0 0 1
2  227 19 0 0 1
2  228 71 0 0 1
0

0101000
+991 0 -993 0 *
Ve
1.00000074189818e-07
0.335 1.15416636582436 22.4
0 0

0101101
*
Ed
 1e-07 1 1 0
1  110 0 3.02044138526181 3.26274392191778
2  229 19 0 3.02044138526181 3.26274392191778
2  230 72 0 3.02044138526181 3.26274392191778
0

0101000
+991 0 -989 0 *
Ve
1e-06
0.363093116187886 2.54 22.6739747990786
0 0

0101101
*
Ed
 1e-07 1 1 0
1  111 0 0 1
2  231 19 0 0 1
2  232 71 0 0 1
0

0101000
+989 0 -987 0 *
Ed
 1e-07 1 1 0
1  112 0 0.0893466095097349 1
2  233 19 0 0.0893466095097349 1
2  234 58 0 0.0893466095097349 1
0

0101000
+987 0 -1074 0 *
Ve
2.00001e-07
-4.335 2.33907538637145e-15 41.43
0 0

0101101
*
Ed
 1e-07 1 1 0
1  113 0 14.015 22.685
3  235 236CN 19 0 14.015 22.685
0

0101000
+984 0 -1065 0 *
Ve
1.50000008152394e-07
-4.335 3.70693298672177 23.0787985006617
0 0

0101101
*
Ed
 1.5e-07 1 1 0
1  114 0 3.54022742628144 6.28318530717959
2  237 19 0 3.54022742628144 6.28318530717959
2  238 73 2 3.54022742628144 6.28318530717959
0

0101000
+982 0 -984 0 *
Ve
1e-06
-1.685 3.70693298672176 23.0787985006617
0 0

0101101
*
Ed
 1e-07 1 1 0
1  115 0 14.015 16.665
2  239 19 0 14.015 16.665
2  240 74 7 14.015 16.665
0

0101000
+982 0 -980 0 *
Ve
1.00000000011102e-06
-0.363093116187886 2.54 22.6739747990786
0 0

0101101
*
Ed
 1e-07 1 1 0
1  116 0 0 0.910648276563111
2  241 19 0 0 0.910648276563111
2  242 75 7 0 0.910648276563111
0

0101000
+980 0 -978 0 *
Ve
1.00000074407496e-07
-0.335 1.15416636582436 22.4
0 0

0101101
*
Ed
 1e-07 1 1 0
1  117 0 0 1
2  243 19 0 0 1
2  244 76 7 0 1
0

0101000
+976 0 -978 0 *
Ve
1.00000071970202e-07
-0.335 -1.15416636582436 22.4
0 0

0101101
*
Ed
 1e-07 1 1 0
1  118 0 3.02044138526181 3.26274392191778
2  245 19 0 3.02044138526181 3.26274392191778
2  246 77 7 3.02044138526181 3.26274392191778
0

0101000
+974 0 -976 0 *
Ve
1.00000000011102e-06
-0.363093116187886 -2.54 22.6739747990786
0 0

0101101
*
Ed
 1e-07 1 1 0
1  119 0 0 1
2  247 19 0 0 1
2  248 76 7 0 1
0

0101000
+974 0 -972 0 *
Ve
1e-06
-1.685 -3.70693298672176 23.0787985006617
0 0

0101101
*
Ed
 1e-07 1 1 0
1  120 0 0.0893564856795719 1
2  249 19 0 0.0893564856795719 1
2  250 78 7 0.0893564856795719 1
0

0101000
+972 0 -970 0 *
Ve
1.5000001098616e-07
-4.335 -3.70693298672177 23.0787985006617
0 0

0101101
*
Ed
 1e-07 1 1 0
1  121 0 14.015 16.665
2  251 19 0 14.015 16.665
2  252 79 7 14.015 16.665
0

0101000
+968 0 -970 0 *
Ed
 1.5e-07 1 1 0
1  114 0 0 2.74295788089815
2  237 19 0 0 2.74295788089815
2  238 73 2 0 2.74295788089815
0

0101000
+984 0 -968 0 *
Wi

0101100
-1062 0 +1054 0 -992 0 +990 0 -988 0 -986 0 -985 0 -1073 0 -1064 0 +983 0 
+981 0 -979 0 -977 0 +975 0 +973 0 -971 0 -969 0 +967 0 +966 0 -983 0 
*
Fa
0  1e-07 19 0

0101000
+965 0 *
Ve
1e-06
1.685 3.89 22.1
0 0

0101101
*
Ed
 1e-07 1 1 0
2  253 56 0 0 2.65
1  122 0 0 2.65
2  254 80 0 0 2.65
4 G1 80 0 56 0
0

0101000
+963 0 -1050 0 *
Ed
 1e-07 1 1 0
2  255 56 0 0 0.300000000000001
1  123 0 0 0.300000000000001
2  256 81 0 0 0.300000000000001
4 G1 81 0 56 0
0

0101000
+963 0 -1080 0 *
Wi

0101100
-962 0 +1049 0 +1079 0 +961 0 *
Fa
0  1e-07 56 0

0101000
+960 0 *
Ve
1e-06
0.335 2.54 22.4
0 0

0101101
*
Ed
 1e-06 1 1 0
2  257 81 0 1.5707963267949 3.14159265358979
1  124 0 1.5707963267949 3.14159265358979
2  258 58 0 1.5707963267949 3.14159265358979
4 G1 58 0 81 0
0

0101000
+958 0 -1080 0 *
Ed
 1e-06 1 1 0
2  259 71 0 1.5707963267949 1.77516018343585
1  125 0 1.5707963267949 1.77516018343585
2  260 58 0 1.5707963267949 1.77516018343585
4 G1 58 0 71 0
0

0101000
+958 0 -987 0 *
Wi

0101100
-957 0 -1072 0 +985 0 +956 0 *
Fa
0  1e-07 58 0

0101000
+955 0 *
Ve
1e-06
1.685 -3.89 22.1
0 0

0101101
*
Ed
 1e-07 1 1 0
2  261 59 0 0 2.65
1  126 0 0 2.65
2  262 82 0 0 2.65
4 G1 82 0 59 0
0

0101000
+953 0 -998 0 *
Ed
 1e-07 1 1 0
2  263 59 0 0 0.300000000000001
1  127 0 0 0.300000000000001
2  264 83 0 0 0.300000000000001
4 G1 83 0 59 0
0

0101000
+953 0 -1058 0 *
Wi

0101100
-952 0 +997 0 +1057 0 +951 0 *
Fa
0  1e-07 59 0

0101000
+950 0 *
Ve
1e-06
0.335 -2.54 22.4
0 0

0101101
*
Ed
 1e-06 1 1 0
2  265 71 0 1.5707963267949 1.77516018343585
1  128 0 1.5707963267949 1.77516018343585
2  266 60 0 1.5707963267949 1.77516018343585
4 G1 71 0 60 0
0

0101000
+948 0 -993 0 *
Ed
 1e-06 1 1 0
2  267 83 0 1.5707963267949 3.14159265358979
1  129 0 1.5707963267949 3.14159265358979
2  268 60 0 1.5707963267949 3.14159265358979
4 G1 60 0 83 0
0

0101000
+948 0 -1058 0 *
Wi

0101100
-947 0 +992 0 +1053 0 +946 0 *
Fa
0  1e-07 60 0

0101000
+945 0 *
Ed
 1e-06 1 1 0
2  269 61 0 1.5707963267949 3.14159265358979
1  130 0 1.5707963267949 3.14159265358979
2  270 84 0 1.5707963267949 3.14159265358979
4 G1 84 0 61 0
0

0101000
+1048 0 -1040 0 *
Wi

0101000
-1047 0 +1036 0 -1043 0 +943 0 *
Fa
0  1e-07 61 0

0111000
+942 0 *
Ve
1e-06
5.685 2.54 20.75
0 0

0101101
*
Ed
 1e-07 1 1 0
1  131 0 1.5707963267949 3.14159265358979
2  271 80 0 1.5707963267949 3.14159265358979
2  272 62 0 1.5707963267949 3.14159265358979
0

0101000
+940 0 -1050 0 *
Ve
1e-06
5.685 5.565 20.75
0 0

0101101
*
Ed
 1e-06 1 1 0
2  273 62 0 1.5707963267949 3.14159265358979
1  132 0 1.5707963267949 3.14159265358979
2  274 84 0 1.5707963267949 3.14159265358979
4 G1 62 0 84 0
0

0101000
+1048 0 -938 0 *
Ed
 1e-07 1 1 0
2  275 85 0 8.105 11.13
1  133 0 8.105 11.13
2  276 62 0 8.105 11.13
4 G1 62 0 85 0
0

0101000
+940 0 -938 0 *
Wi

0101100
-939 0 -1046 0 -937 0 +936 0 *
Fa
0  1e-07 62 0

0101000
+935 0 *
Ve
1e-06
18.685 5.565 20.75
0 0

0101101
*
Ed
 1e-07 1 1 0
2  277 85 0 0 13
1  134 0 0 13
2  278 63 0 0 13
4 G1 63 0 85 0
0

0101000
+938 0 -933 0 *
Ed
 1e-06 1 1 0
2  279 63 0 1.5707963267949 3.14159265358979
1  135 0 1.5707963267949 3.14159265358979
2  280 86 0 1.5707963267949 3.14159265358979
4 G1 63 0 86 0
0

0101000
+1039 0 -933 0 *
Ed
 1e-06 1 1 0
2  281 63 0 1.5707963267949 3.14159265358979
1  136 0 1.5707963267949 3.14159265358979
2  282 84 0 1.5707963267949 3.14159265358979
4 G1 63 0 84 0
0

0101000
+1040 0 -938 0 *
Wi

0101000
-1038 0 +932 0 -931 0 +930 0 *
Fa
0  1e-07 63 0

0111000
+929 0 *
Ed
 1e-06 1 1 0
2  283 30 0 1.5707963267949 3.14159265358979
1  137 0 1.5707963267949 3.14159265358979
2  284 86 0 1.5707963267949 3.14159265358979
4 G1 30 0 86 0
0

0101000
+1199 0 -1039 0 *
Wi

0101000
-1198 0 +1037 0 -1028 0 +927 0 *
Fa
0  1e-07 30 0

0111000
+926 0 *
Ed
 1e-07 1 1 0
1  138 0 0 1
2  285 29 0 0 1
2  286 24 0 0 1
2  287 25 0 0 1
0

0101000
+1210 0 -1033 0 *
Wi

0101100
-1200 0 -1032 0 +924 0 *
Fa
0  1e-07 29 0

0101000
+923 0 *
Ve
1e-06
20.035 -5.565 22.1
0 0

0101101
*
Ed
 1e-07 1 1 0
2  288 26 0 0 0.300000000000001
1  139 0 0 0.300000000000001
2  289 66 0 0 0.300000000000001
4 G1 66 0 26 0
0

0101000
+921 0 -1019 0 *
Ed
 1e-06 1 1 0
2  290 66 0 1.5707963267949 3.14159265358979
1  140 0 1.5707963267949 3.14159265358979
2  291 87 0 1.5707963267949 3.14159265358979
4 G1 87 0 66 0
0

0101000
+921 0 -1009 0 *
Wi

0101000
-920 0 +1007 0 -1018 0 +919 0 *
Fa
0  1e-07 66 0

0111000
+918 0 *
Ve
1.00000000251215e-06
20.035 -5.29352813742385 22.4
0 0

0101101
*
Ed
 1e-07 1 1 0
2  54 26 0 0 0.271471862576146
1  25 0 0 0.271471862576146
2  55 29 0 0 0.271471862576146
4 G1 29 0 26 0
0

0101000
+1019 0 -916 0 *
Ed
 1e-07 1 1 0
1  141 0 0 1
2  292 29 0 0 1
2  293 67 0 0 1
2  294 68 0 0 1
0

0101000
+916 0 -1015 0 *
Wi

0101100
-915 0 -914 0 +1013 0 *
Fa
0  1e-07 29 0

0101000
+913 0 *
Ve
1e-06
5.685 -5.565 20.75
0 0

0101101
*
Ve
1e-06
18.685 -5.565 20.75
0 0

0101101
*
Ed
 1e-07 1 1 0
2  295 85 0 0 13
1  142 0 0 13
2  296 69 0 0 13
4 G1 85 0 69 0
0

0101000
+911 0 -910 0 *
Ed
 1e-06 1 1 0
2  297 69 0 1.5707963267949 3.14159265358979
1  143 0 1.5707963267949 3.14159265358979
2  298 87 0 1.5707963267949 3.14159265358979
4 G1 69 0 87 0
0

0101000
+1009 0 -910 0 *
Ed
 1e-06 1 1 0
2  299 69 0 1.5707963267949 3.14159265358979
1  144 0 1.5707963267949 3.14159265358979
2  300 88 0 1.5707963267949 3.14159265358979
4 G1 69 0 88 0
0

0101000
+1010 0 -911 0 *
Wi

0101000
-1008 0 +909 0 -908 0 +907 0 *
Fa
0  1e-07 69 0

0111000
+906 0 *
Ed
 1e-06 1 1 0
2  301 70 0 1.5707963267949 3.14159265358979
1  145 0 1.5707963267949 3.14159265358979
2  302 88 0 1.5707963267949 3.14159265358979
4 G1 70 0 88 0
0

0101000
+1000 0 -1010 0 *
Wi

0101000
-999 0 +1006 0 -1003 0 +904 0 *
Fa
0  1e-07 70 0

0111000
+903 0 *
Ve
1e-06
5.685 -2.54 20.75
0 0

0101101
*
Ed
 1e-07 1 1 0
1  146 0 3.14159265358979 4.71238898038469
2  303 82 0 3.14159265358979 4.71238898038469
2  304 62 0 3.14159265358979 4.71238898038469
0

0101000
+998 0 -901 0 *
Ed
 1e-07 1 1 0
2  275 85 0 0 3.025
1  133 0 0 3.025
2  276 62 0 0 3.025
4 G1 62 0 85 0
0

0101000
+911 0 -901 0 *
Ed
 1e-06 1 1 0
2  305 62 0 1.5707963267949 3.14159265358979
1  147 0 1.5707963267949 3.14159265358979
2  306 88 0 1.5707963267949 3.14159265358979
4 G1 62 0 88 0
0

0101000
+1000 0 -911 0 *
Wi

0101100
-996 0 -900 0 +899 0 +898 0 *
Fa
0  1e-07 62 0

0101000
+897 0 *
Ed
 1e-07 1 1 0
2  307 72 0 0 1.38583363417564
1  148 0 0 1.38583363417564
2  308 71 0 0 1.38583363417564
4 G1 72 0 71 0
0

0101000
+948 0 -991 0 *
Wi

0101100
-895 0 -990 0 +947 0 *
Fa
0  1e-07 71 0

0101000
+894 0 *
Ve
1e-06
0.335 -2.54 22.1
0 0

0101101
*
Ed
 1e-07 1 1 0
2  309 72 0 0 0.300000000000001
1  149 0 0 0.300000000000001
2  310 83 0 0 0.300000000000001
4 G1 72 0 83 0
0

0101000
+892 0 -948 0 *
Ed
 1e-07 1 1 0
2  307 72 0 3.69416636582436 5.08
1  148 0 3.69416636582436 5.08
2  308 71 0 3.69416636582436 5.08
4 G1 72 0 71 0
0

0101000
+989 0 -958 0 *
Ve
1e-06
0.335 2.54 22.1
0 0

0101101
*
Ed
 1e-07 1 1 0
2  311 72 0 0 0.300000000000001
1  150 0 0 0.300000000000001
2  312 81 0 0 0.300000000000001
4 G1 72 0 81 0
0

0101000
+889 0 -958 0 *
Ed
 1e-07 1 1 0
2  313 72 0 0 5.08
1  151 0 0 5.08
2  314 89 0 0 5.08
4 G1 89 0 72 0
0

0101000
+892 0 -889 0 *
Wi

0101100
-891 0 -895 0 -988 0 -890 0 +888 0 +887 0 *
Fa
0  1e-07 72 0

0101000
+886 0 *
Wi

0101100
-890 0 -956 0 +986 0 *
Fa
0  1e-07 71 0

0101000
+884 0 *
Ve
1e-07
4.335 2.41255419432029e-15 41.73
0 0

0101101
*
Ve
1.00000045790745e-07
-4.335 3.82804236838008 22.8042856134689
0 0

0101101
*
Ed
 1e-07 1 1 0
1  152 0 0 2.74244434331351
2  315 16 0 0 2.74244434331351
2  316 73 0 0 2.74244434331351
2  317 17 3 0 2.74244434331351
0

0101000
+882 0 -881 3 *
Ve
1.0000004284713e-07
-4.335 -3.82804236838008 22.8042856134689
0 0

0101101
*
Ed
 1e-07 1 1 0
1  152 0 3.54074096386608 6.28318530717959
2  315 16 0 3.54074096386608 6.28318530717959
2  316 73 0 3.54074096386608 6.28318530717959
2  318 17 3 3.54074096386608 6.28318530717959
0

0101000
+879 3 -882 0 *
Ed
 1e-07 1 1 0
1  153 0 1.87493430281362 2.09764714683866
2  319 79 7 1.87493430281362 2.09764714683866
2  320 73 2 1.87493430281362 2.09764714683866
0

0101000
+879 0 -968 0 *
Ed
 1e-07 1 1 0
1  154 0 4.18553816034093 4.40825100436597
2  321 74 7 4.18553816034093 4.40825100436597
2  322 73 2 4.18553816034093 4.40825100436597
0

0101000
+982 0 -881 0 *
Wi

0101100
+880 2 +878 2 -877 0 +966 0 +981 0 -876 0 *
Fa
0  1e-07 73 2

0101000
+875 0 *
Ve
1e-06
1.685 -3.89 22.4
0 0

0101101
*
Ve
1.50000000888178e-07
-4.335 3.89 22.4
0 0

0101101
*
Ed
 1e-07 1 1 0
1  155 0 0 2.65
2  323 90 0 0 2.65
2  324 74 0 0 2.65
4 G1 90 0 74 0
0

0101000
+873 0 -872 8 *
Ve
1.00845551207748e-07
-4.39695763072556 3.82804236855235 22.8042856130314
0 0

0101101
*
Ed
 1e-07 1 1 0
1  156 0 2.837454678072 3.14159265358979
2  325 74 7 2.837454678072 3.14159265358979
2  326 22 4 2.837454678072 3.14159265358979
0

0101000
+870 0 -872 0 *
Ed
 1e-07 1 1 0
1  157 0 2.65 2.71195763072556
2  327 74 7 2.65 2.71195763072556
2  328 16 2 2.65 2.71195763072556
2  329 17 0 2.65 2.71195763072556
0

0101000
+881 0 -870 0 *
Ed
 1e-06 1 1 0
1  158 0 1.5707963267949 2.09764714683866
2  330 75 0 1.5707963267949 2.09764714683866
2  331 74 0 1.5707963267949 2.09764714683866
4 G1 75 0 74 0
0

0101000
+873 0 -980 8 *
Wi

0101100
-871 7 +869 0 +868 0 +876 0 -979 0 +867 7 *
Fa
0  1e-07 74 7

0101000
+866 0 *
Ve
1e-06
0.335 -2.54 22.4
0 0

0101101
*
Ed
 1e-06 1 1 0
1  159 0 1.5707963267949 1.77516018343585
2  332 76 0 1.5707963267949 1.77516018343585
2  333 75 0 1.5707963267949 1.77516018343585
4 G1 76 0 75 0
0

0101000
+864 0 -978 8 *
Ed
 1e-06 1 1 0
1  160 0 1.5707963267949 3.14159265358979
2  334 75 0 1.5707963267949 3.14159265358979
2  335 91 0 1.5707963267949 3.14159265358979
4 G1 75 0 91 0
0

0101000
+864 0 -873 0 *
Wi

0101100
-863 7 +977 0 +867 7 +862 7 *
Fa
0  1e-07 75 7

0101000
+861 0 *
Ed
 1e-07 1 1 0
1  161 0 0 1.38583363417564
2  336 77 0 0 1.38583363417564
2  337 76 0 0 1.38583363417564
4 G1 77 0 76 0
0

0101000
+864 0 -976 8 *
Wi

0101100
-859 7 -975 0 +863 7 *
Fa
0  1e-07 76 7

0101000
+858 0 *
Ve
1e-06
0.335 -2.54 22.1
0 0

0101101
*
Ed
 1e-07 1 1 0
1  162 0 0 0.300000000000001
2  338 77 0 0 0.300000000000001
2  339 91 0 0 0.300000000000001
4 G1 77 0 91 0
0

0101000
+856 0 -864 0 *
Ve
1e-06
0.335 2.54 22.4
0 0

0101101
*
Ed
 1e-07 1 1 0
1  161 0 3.69416636582436 5.08
2  336 77 0 3.69416636582436 5.08
2  337 76 0 3.69416636582436 5.08
4 G1 77 0 76 0
0

0101000
+974 8 -854 0 *
Ve
1e-06
0.335 2.54 22.1
0 0

0101101
*
Ed
 1e-07 1 1 0
1  163 0 0 0.300000000000001
2  340 77 0 0 0.300000000000001
2  341 92 0 0 0.300000000000001
4 G1 77 0 92 0
0

0101000
+852 0 -854 0 *
Ed
 1e-07 1 1 0
1  164 0 0 5.08
2  342 93 0 0 5.08
2  343 77 0 0 5.08
4 G1 93 0 77 0
0

0101000
+856 0 -852 0 *
Wi

0101100
-855 7 -859 7 +973 0 -853 7 +851 7 +850 7 *
Fa
0  1e-07 77 7

0101000
+849 0 *
Ed
 1e-06 1 1 0
1  165 0 1.5707963267949 1.77516018343585
2  344 76 0 1.5707963267949 1.77516018343585
2  345 78 0 1.5707963267949 1.77516018343585
4 G1 76 0 78 0
0

0101000
+854 0 -972 8 *
Wi

0101100
-853 7 -847 7 +971 0 *
Fa
0  1e-07 76 7

0101000
+846 0 *
Ve
1e-06
1.685 3.89 22.4
0 0

0101101
*
Ed
 1e-06 1 1 0
1  166 0 1.5707963267949 3.14159265358979
2  346 78 0 1.5707963267949 3.14159265358979
2  347 92 0 1.5707963267949 3.14159265358979
4 G1 78 0 92 0
0

0101000
+854 0 -844 0 *
Ed
 1e-06 1 1 0
1  167 0 1.5707963267949 2.09764714683866
2  348 78 0 1.5707963267949 2.09764714683866
2  349 79 0 1.5707963267949 2.09764714683866
4 G1 78 0 79 0
0

0101000
+844 0 -970 8 *
Wi

0101100
-843 7 -842 7 +969 0 +847 7 *
Fa
0  1e-07 78 7

0101000
+841 0 *
Ve
1.50000000888178e-07
-4.335 -3.89 22.4
0 0

0101101
*
Ed
 1e-07 1 1 0
1  168 0 0 2.65
2  350 79 0 0 2.65
2  351 94 0 0 2.65
4 G1 79 0 94 0
0

0101000
+844 0 -839 8 *
Ve
1.00845589772135e-07
-4.39695763072566 -3.82804236855279 22.8042856130316
0 0

0101101
*
Ed
 1e-07 1 1 0
1  169 0 3.14159265358979 3.44573062910767
2  352 79 7 3.14159265358979 3.44573062910767
2  353 22 4 3.14159265358979 3.44573062910767
0

0101000
+839 0 -837 0 *
Ed
 1e-07 1 1 0
1  170 0 2.65 2.71195763072566
2  354 79 7 2.65 2.71195763072566
2  355 16 2 2.65 2.71195763072566
2  356 17 0 2.65 2.71195763072566
0

0101000
+879 0 -837 0 *
Wi

0101100
-838 7 -836 0 +835 0 -877 0 -967 0 +842 7 *
Fa
0  1e-07 79 7

0101000
+834 0 *
Ve
1e-06
1.685 2.54 20.75
0 0

0101101
*
Ed
 1e-07 1 1 0
2  357 95 0 0 4
1  171 0 0 4
2  358 80 0 0 4
4 G1 95 0 80 0
0

0101000
+832 0 -940 0 *
Ed
 1e-06 1 1 0
2  359 80 0 1.5707963267949 3.14159265358979
1  172 0 1.5707963267949 3.14159265358979
2  360 96 0 1.5707963267949 3.14159265358979
4 G1 80 0 96 0
0

0101000
+963 0 -832 0 *
Wi

0101100
-962 0 +939 0 +831 0 +830 0 *
Fa
0  1e-07 80 0

0101000
+829 0 *
Ed
 1e-06 1 1 0
2  361 81 0 1.5707963267949 3.14159265358979
1  173 0 1.5707963267949 3.14159265358979
2  362 96 0 1.5707963267949 3.14159265358979
4 G1 81 0 96 0
0

0101000
+889 0 -963 0 *
Wi

0101000
-888 0 +961 0 -957 0 +827 0 *
Fa
0  1e-07 81 0

0111000
+826 0 *
Ve
1e-06
1.685 -2.54 20.75
0 0

0101101
*
Ed
 1e-07 1 1 0
2  363 95 0 0 4
1  174 0 0 4
2  364 82 0 0 4
4 G1 95 0 82 0
0

0101000
+824 0 -901 0 *
Ed
 1e-06 1 1 0
2  365 82 0 1.5707963267949 3.14159265358979
1  175 0 1.5707963267949 3.14159265358979
2  366 97 0 1.5707963267949 3.14159265358979
4 G1 82 0 97 0
0

0101000
+953 0 -824 0 *
Wi

0101100
-952 0 -900 0 +823 0 +822 0 *
Fa
0  1e-07 82 0

0101000
+821 0 *
Ed
 1e-06 1 1 0
2  367 83 0 1.5707963267949 3.14159265358979
1  176 0 1.5707963267949 3.14159265358979
2  368 97 0 1.5707963267949 3.14159265358979
4 G1 83 0 97 0
0

0101000
+892 0 -953 0 *
Wi

0101000
-891 0 +951 0 -946 0 +819 0 *
Fa
0  1e-07 83 0

0111000
+818 0 *
Wi

0101000
+943 0 -937 0 +930 0 *
Fa
0  1e-07 84 0

0111000
+816 0 *
Ed
 1e-06 1 1 0
2  369 27 0 1.5707963267949 3.14159265358979
1  177 0 1.5707963267949 3.14159265358979
2  370 86 0 1.5707963267949 3.14159265358979
4 G1 27 0 86 0
0

0101000
+1199 0 -933 0 *
Wi

0101000
-927 0 +814 0 -931 0 *
Fa
0  1e-07 86 0

0111000
+813 0 *
Ve
1.5e-07
20.335 2.94 22.4
0 0

0101101
*
Ed
 1.5e-07 1 1 0
2  371 98 0 7.385 8.89
1  178 0 7.385 8.89
2  372 28 0 7.385 8.89
4 G1 28 0 98 0
0

0101000
+811 0 -1211 0 *
Ve
1.15126996707127e-07
19.777735374899 2.68273537201406 21.3072646047642
0 0

0101101
*
Ed
 1e-07 1 1 0
1  179 0 8.24773537201406 10.01
2  373 27 0 8.24773537201406 10.01
2  374 28 0 8.24773537201406 10.01
0

0101000
+809 0 -1206 0 *
Ve
1.00000056961258e-07
20.3012446581089 2.94 22.1
0 0

0101101
*
Ed
 1e-07 1 1 0
1  180 0 0 0.519944758309913
2  375 14 0 0 0.519944758309913
2  376 28 0 0 0.519944758309913
0

0101000
+807 0 -809 0 *
Ed
 1e-07 1 1 0
1  181 0 1.5707963267949 1.79488941909626
2  377 99 0 1.5707963267949 1.79488941909626
2  378 28 0 1.5707963267949 1.79488941909626
0

0101000
+811 0 -807 0 *
Wi

0101100
-810 0 -1204 0 +808 0 +806 0 +805 0 *
Fa
0  1e-07 28 0

0101000
+804 0 *
Ve
1e-06
18.685 1.59 20.75
0 0

0101101
*
Ed
 1e-07 1 1 0
2  379 85 0 7.155 11.13
1  182 0 7.155 11.13
2  380 27 0 7.155 11.13
4 G1 27 0 85 0
0

0101000
+802 0 -933 0 *
Ed
 1e-07 1 1 0
1  183 0 4.71238898038469 5.65557591045737
2  381 14 0 4.71238898038469 5.65557591045737
2  382 27 0 4.71238898038469 5.65557591045737
0

0101000
+802 0 -809 0 *
Wi

0101100
-1197 0 -814 0 +801 0 -800 0 -808 0 +1205 0 *
Fa
0  1e-07 27 0

0101000
+799 0 *
Ve
1.10710974995903e-07
20.035 -5.23872539331957 22.1
0 0

0101101
*
Ed
 1.10710796191667e-07 1 1 0
1  184 0 1.57079632679489 1.93216345070152
2  383 26 0 1.57079632679489 1.93216345070152
2  384 100 0 1.57079632679489 1.93216345070152
0

0101000
+916 0 -797 0 *
Ed
 1e-07 1 1 0
2  58 26 0 0 0.326274606680432
1  27 0 0 0.326274606680432
2  59 27 0 0 0.326274606680432
4 G1 27 0 26 0
0

0101000
+921 0 -797 0 *
Wi

0101100
-920 0 -915 0 -796 0 +795 0 *
Fa
0  1e-07 26 0

0101000
+794 0 *
Ve
1e-06
20.335 -4.445 22.4
0 0

0101101
*
Ve
1e-06
19.7777353817484 -4.445 21.3072646182519
0 0

0101101
*
Ed
 1e-06 1 1 0
2  385 28 0 1.5707963267949 2.51398326824459
1  185 0 1.5707963267949 2.51398326824459
2  386 100 0 1.5707963267949 2.51398326824459
4 G1 100 0 28 0
0

0101000
+792 0 -791 0 *
Ed
 1e-07 1 1 0
1  186 0 0.43118996467862 1
2  387 27 0 0.43118996467862 1
2  388 100 0 0.43118996467862 1
0

0101000
+791 0 -797 0 *
Ed
 1e-06 1 1 0
2  389 67 0 1.5707963267949 2.25047014570314
1  187 0 1.5707963267949 2.25047014570314
2  390 100 0 1.5707963267949 2.25047014570314
4 G1 100 0 67 0
2  391 68 0 1.5707963267949 2.25047014570314
0

0101000
+792 0 -916 0 *
Wi

0101100
-790 0 -789 0 +796 0 +788 0 *
Fa
0  1e-07 100 0

0101000
+787 0 *
Ve
1.5e-07
20.335 -2.94 22.4
0 0

0101101
*
Ed
 1.5e-07 1 1 0
2  371 98 0 0 1.505
1  178 0 0 1.505
2  372 28 0 0 1.505
4 G1 28 0 98 0
0

0101000
+792 0 -785 0 *
Ve
1.00000056956064e-07
20.3012446581089 -2.94 22.1
0 0

0101101
*
Ed
 1e-07 1 1 0
1  188 0 1.5707963267949 1.79488941909626
2  392 101 0 1.5707963267949 1.79488941909626
2  393 28 0 1.5707963267949 1.79488941909626
0

0101000
+785 0 -783 0 *
Ve
1.15126513068631e-07
19.7777353748995 -2.68273537201479 21.3072646047645
0 0

0101101
*
Ed
 1e-07 1 1 0
1  189 0 0 0.519944758309571
2  394 102 0 0 0.519944758309571
2  395 28 0 0 0.519944758309571
0

0101000
+783 0 -781 0 *
Ed
 1e-07 1 1 0
1  179 0 1.12 2.88226462798521
2  373 27 0 1.12 2.88226462798521
2  374 28 0 1.12 2.88226462798521
0

0101000
+791 0 -781 0 *
Wi

0101100
-784 0 -782 0 -780 0 +779 0 +790 0 *
Fa
0  1e-07 28 0

0101000
+778 0 *
Ed
 1e-06 1 1 0
2  396 27 0 1.5707963267949 3.14159265358979
1  190 0 1.5707963267949 3.14159265358979
2  397 87 0 1.5707963267949 3.14159265358979
4 G1 27 0 87 0
0

0101000
+921 0 -910 0 *
Wi

0101000
+919 0 -776 0 +908 0 *
Fa
0  1e-07 87 0

0111000
+775 0 *
Ve
1e-06
18.685 -1.59 20.75
0 0

0101101
*
Ed
 1e-07 1 1 0
1  191 0 0.627609396721684 1.5707963267949
2  398 102 0 0.627609396721684 1.5707963267949
2  399 27 0 0.627609396721684 1.5707963267949
0

0101000
+781 0 -773 0 *
Ed
 1e-07 1 1 0
2  379 85 0 0 3.975
1  182 0 0 3.975
2  380 27 0 0 3.975
4 G1 27 0 85 0
0

0101000
+910 0 -773 0 *
Wi

0101100
+789 0 -779 0 -772 0 +771 0 +776 0 -795 0 *
Fa
0  1e-07 27 0

0101000
+770 0 *
Wi

0101000
-904 0 +898 0 -907 0 *
Fa
0  1e-07 88 0

0111000
+768 0 *
Ed
 1e-07 1 1 0
2  400 95 0 0 5.08
1  192 0 0 5.08
2  401 89 0 0 5.08
4 G1 89 0 95 0
0

0101000
+824 0 -832 0 *
Ed
 1e-06 1 1 0
2  402 89 0 1.5707963267949 3.14159265358979
1  193 0 1.5707963267949 3.14159265358979
2  403 96 0 1.5707963267949 3.14159265358979
4 G1 89 0 96 0
0

0101000
+889 0 -832 0 *
Ed
 1e-06 1 1 0
2  404 89 0 1.5707963267949 3.14159265358979
1  194 0 1.5707963267949 3.14159265358979
2  405 97 0 1.5707963267949 3.14159265358979
4 G1 89 0 97 0
0

0101000
+892 0 -824 0 *
Wi

0101000
-887 0 +766 0 -765 0 +764 0 *
Fa
0  1e-07 89 0

0111000
+763 0 *
Ve
1e-06
1.685 -3.89 22.1
0 0

0101101
*
Ve
1.50000000888178e-07
-4.335 3.89 22.1
0 0

0101101
*
Ed
 1e-07 1 1 0
1  195 0 0 2.65
2  406 103 0 0 2.65
2  407 90 0 0 2.65
4 G1 103 0 90 0
0

0101000
+761 0 -760 8 *
Ed
 1.5e-07 1 1 0
1  196 0 -0.300000000000001 0
2  408 90 7 -0.300000000000001 0
2  409 104 4 -0.300000000000001 0
0

0101000
+872 0 -760 0 *
Ed
 1e-07 1 1 0
1  197 0 0 0.300000000000001
2  410 91 0 0 0.300000000000001
2  411 90 0 0 0.300000000000001
4 G1 91 0 90 0
0

0101000
+761 0 -873 0 *
Wi

0101100
-759 7 +758 0 +871 7 +757 7 *
Fa
0  1e-07 90 7

0101000
+756 0 *
Ve
1e-06
4.335 -5.565 22.4
0 0

0101101
*
Ed
 1e-07 1 1 0
1  198 0 0 1.675
2  412 104 0 0 1.675
2  413 22 0 0 1.675
4 G1 104 0 22 0
0

0101000
+754 0 -872 6 *
Ed
 1e-07 1 1 0
1  199 0 0.315443933030513 1
2  414 22 4 0.315443933030513 1
2  415 16 2 0.315443933030513 1
2  416 17 0 0.315443933030513 1
0

0101000
+870 0 -1222 0 *
Ed
 1e-06 1 1 0
1  200 0 1.5707963267949 3.14159265358979
2  417 22 0 1.5707963267949 3.14159265358979
2  418 105 0 1.5707963267949 3.14159265358979
4 G1 22 0 105 0
0

0101000
+754 0 -1216 0 *
Wi

0101100
-753 4 +869 0 -752 0 +1214 4 +751 4 *
Fa
0  1e-07 22 4

0101000
+750 0 *
Ed
 1e-06 1 1 0
1  201 0 1.5707963267949 3.14159265358979
2  419 91 0 1.5707963267949 3.14159265358979
2  420 106 0 1.5707963267949 3.14159265358979
4 G1 91 0 106 0
0

0101000
+856 0 -761 0 *
Wi

0101000
-855 0 +757 0 -862 0 +748 0 *
Fa
0  1e-07 91 0

0111000
+747 0 *
Ve
1e-06
1.685 3.89 22.1
0 0

0101101
*
Ed
 1e-07 1 1 0
1  202 0 0 0.300000000000001
2  421 92 0 0 0.300000000000001
2  422 94 0 0 0.300000000000001
4 G1 92 0 94 0
0

0101000
+745 0 -844 0 *
Ed
 1e-06 1 1 0
1  203 0 1.5707963267949 3.14159265358979
2  423 92 0 1.5707963267949 3.14159265358979
2  424 107 0 1.5707963267949 3.14159265358979
4 G1 92 0 107 0
0

0101000
+852 0 -745 0 *
Wi

0101000
-851 0 +744 0 -843 0 +743 0 *
Fa
0  1e-07 92 0

0111000
+742 0 *
Ve
1e-06
1.685 -2.54 20.75
0 0

0101101
*
Ve
1e-06
1.685 2.54 20.75
0 0

0101101
*
Ed
 1e-07 1 1 0
1  204 0 0 5.08
2  425 93 0 0 5.08
2  426 108 0 0 5.08
4 G1 93 0 108 0
0

0101000
+740 0 -739 0 *
Ed
 1e-06 1 1 0
1  205 0 1.5707963267949 3.14159265358979
2  427 93 0 1.5707963267949 3.14159265358979
2  428 107 0 1.5707963267949 3.14159265358979
4 G1 93 0 107 0
0

0101000
+852 0 -739 0 *
Ed
 1e-06 1 1 0
1  206 0 1.5707963267949 3.14159265358979
2  429 93 0 1.5707963267949 3.14159265358979
2  430 106 0 1.5707963267949 3.14159265358979
4 G1 93 0 106 0
0

0101000
+856 0 -740 0 *
Wi

0101000
-850 0 +738 0 -737 0 +736 0 *
Fa
0  1e-07 93 0

0111000
+735 0 *
Ve
1.50000000888178e-07
-4.335 -3.89 22.1
0 0

0101101
*
Ed
 1e-07 1 1 0
1  207 0 0 2.65
2  431 109 0 0 2.65
2  432 94 0 0 2.65
4 G1 109 0 94 0
0

0101000
+745 0 -733 8 *
Ed
 1.5e-07 1 1 0
1  208 0 -0.300000000000001 0
2  433 94 7 -0.300000000000001 0
2  434 104 4 -0.300000000000001 0
0

0101000
+839 0 -733 0 *
Wi

0101100
-732 7 +731 0 +838 7 +744 7 *
Fa
0  1e-07 94 7

0101000
+730 0 *
Ve
1e-06
4.335 5.565 22.4
0 0

0101101
*
Ed
 1e-07 1 1 0
1  198 0 9.455 11.13
2  412 104 0 9.455 11.13
2  413 22 0 9.455 11.13
4 G1 104 0 22 0
0

0101000
+839 6 -728 0 *
Ve
1e-06
5.685 5.565 23.75
0 0

0101101
*
Ed
 1e-06 1 1 0
1  209 0 1.5707963267949 3.14159265358979
2  435 22 0 1.5707963267949 3.14159265358979
2  436 110 0 1.5707963267949 3.14159265358979
4 G1 22 0 110 0
0

0101000
+728 0 -726 0 *
Ve
1.00000018310267e-07
-5.685 -5.56107903198653 23.75
0 0

0101101
*
Ed
 1e-07 1 1 0
1  20 0 11.1260790319865 11.13
2  43 22 0 11.1260790319865 11.13
2  44 18 0 11.1260790319865 11.13
4 G1 22 0 18 0
0

0101000
+724 6 -726 0 *
Ed
 1e-07 1 1 0
1  210 0 0.315443933030916 1
2  437 22 4 0.315443933030916 1
2  438 16 2 0.315443933030916 1
2  439 17 0 0.315443933030916 1
0

0101000
+837 0 -724 0 *
Wi

0101100
-727 4 -725 4 +723 4 +722 0 +836 0 *
Fa
0  1e-07 22 4

0101000
+721 0 *
Wi

0101000
+827 0 -765 0 +830 0 *
Fa
0  1e-07 96 0

0111000
+719 0 *
Wi

0101000
-819 0 +764 0 -822 0 *
Fa
0  1e-07 97 0

0111000
+717 0 *
Ed
 1e-07 1 1 0
2  440 99 0 1.61624465810887 2.88
1  211 0 1.61624465810887 2.88
2  441 14 0 1.61624465810887 2.88
4 G1 99 0 14 0
0

0101000
+807 0 -1241 0 *
Ed
 1e-07 1 1 0
2  442 10 0 0 2.88
1  212 0 0 2.88
2  443 14 0 0 2.88
4 G1 10 0 14 0
0

0101000
+802 0 -1247 0 *
Wi

0101100
-715 0 -1239 0 +714 0 -800 0 +806 0 *
Fa
0  1e-07 14 0

0101000
+713 0 *
Ve
1e-06
21.565 2.94 22.4
0 0

0101101
*
Ed
 1e-07 1 1 0
2  444 99 0 0 0.300000000000001
1  213 0 0 0.300000000000001
2  445 13 0 0 0.300000000000001
4 G1 99 0 13 0
0

0101000
+1241 0 -711 0 *
Ed
 1e-07 1 1 0
2  446 99 0 1.65 2.88
1  214 0 1.65 2.88
2  447 111 0 1.65 2.88
4 G1 99 0 111 0
0

0101000
+811 0 -711 0 *
Wi

0101100
-715 0 -710 0 +709 0 -805 0 *
Fa
0  1e-07 99 0

0101000
+708 0 *
Ve
1e-06
21.565 1.59 23.75
0 0

0101101
*
Ed
 1e-06 1 1 0
2  448 111 0 1.5707963267949 3.14159265358979
1  215 0 1.5707963267949 3.14159265358979
2  449 112 0 1.5707963267949 3.14159265358979
4 G1 112 0 111 0
0

0101000
+711 0 -706 0 *
Ve
1.50000000222045e-07
20.335 1.59 23.75
0 0

0101101
*
Ed
 1e-07 1 1 0
2  450 113 0 1.65 2.88
1  216 0 1.65 2.88
2  451 111 0 1.65 2.88
4 G1 111 0 113 0
0

0101000
+704 0 -706 0 *
Ed
 1.5e-07 1 1 0
1  217 0 1.5707963267949 3.14159265358979
2  452 111 0 1.5707963267949 3.14159265358979
2  453 98 0 1.5707963267949 3.14159265358979
0

0101000
+811 0 -704 0 *
Wi

0101100
-709 0 -705 0 +703 0 +702 0 *
Fa
0  1e-07 111 0

0101000
+701 0 *
Ve
1.5e-07
20.335 -1.59 23.75
0 0

0101101
*
Ed
 1.5e-07 1 1 0
1  218 0 1.4275 4.6075
2  454 113 0 1.4275 4.6075
2  455 98 0 1.4275 4.6075
0

0101000
+699 0 -704 0 *
Ve
1e-06
21.565 -1.59 23.75
0 0

0101101
*
Ed
 1e-07 1 1 0
2  456 113 0 0 3.18
1  219 0 0 3.18
2  457 114 0 0 3.18
4 G1 113 0 114 0
0

0101000
+697 0 -706 0 *
Ed
 1e-07 1 1 0
2  458 113 0 1.65 2.88
1  220 0 1.65 2.88
2  459 115 0 1.65 2.88
4 G1 115 0 113 0
0

0101000
+699 0 -697 0 *
Wi

0101100
-698 0 -703 0 +696 0 +695 0 *
Fa
0  1e-07 113 0

0101000
+694 0 *
Ve
1e-06
21.565 -2.94 22.4
0 0

0101101
*
Ed
 1e-07 1 1 0
2  460 101 0 1.65 2.88
1  221 0 1.65 2.88
2  461 115 0 1.65 2.88
4 G1 115 0 101 0
0

0101000
+785 0 -692 0 *
Ed
 1e-06 1 1 0
2  462 115 0 1.5707963267949 3.14159265358979
1  222 0 1.5707963267949 3.14159265358979
2  463 116 0 1.5707963267949 3.14159265358979
4 G1 115 0 116 0
0

0101000
+692 0 -697 0 *
Ed
 1.5e-07 1 1 0
1  223 0 3.14159265358979 4.71238898038469
2  464 115 0 3.14159265358979 4.71238898038469
2  465 98 0 3.14159265358979 4.71238898038469
0

0101000
+699 0 -785 0 *
Wi

0101100
-691 0 -690 0 +695 0 -689 0 *
Fa
0  1e-07 115 0

0101000
+688 0 *
Ve
1e-06
22.915 1.59 22.4
0 0

0101101
*
Ed
 1e-06 1 1 0
2  466 114 0 1.5707963267949 3.14159265358979
1  224 0 1.5707963267949 3.14159265358979
2  467 112 0 1.5707963267949 3.14159265358979
4 G1 112 0 114 0
0

0101000
+686 0 -706 0 *
Ed
 1e-06 1 1 0
2  468 13 0 1.5707963267949 3.14159265358979
1  225 0 1.5707963267949 3.14159265358979
2  469 112 0 1.5707963267949 3.14159265358979
4 G1 112 0 13 0
0

0101000
+686 0 -711 0 *
Wi

0101000
-685 0 +684 0 +705 0 *
Fa
0  1e-07 112 0

0111000
+683 0 *
Ve
1e-06
22.915 -1.59 22.4
0 0

0101101
*
Ed
 1e-07 1 1 0
2  470 9 0 0 3.18
1  226 0 0 3.18
2  471 114 0 0 3.18
4 G1 114 0 9 0
0

0101000
+681 0 -686 0 *
Ed
 1e-06 1 1 0
2  472 114 0 1.5707963267949 3.14159265358979
1  227 0 1.5707963267949 3.14159265358979
2  473 116 0 1.5707963267949 3.14159265358979
4 G1 116 0 114 0
0

0101000
+681 0 -697 0 *
Wi

0101000
-680 0 +696 0 -685 0 +679 0 *
Fa
0  1e-07 114 0

0111000
+678 0 *
Ve
1e-06
21.565 -2.94 22.1
0 0

0101101
*
Ed
 1e-07 1 1 0
2  474 101 0 1.61624465810887 2.88
1  228 0 1.61624465810887 2.88
2  475 102 0 1.61624465810887 2.88
4 G1 102 0 101 0
0

0101000
+783 0 -676 0 *
Ed
 1e-07 1 1 0
2  476 101 0 0 0.300000000000001
1  229 0 0 0.300000000000001
2  477 117 0 0 0.300000000000001
4 G1 117 0 101 0
0

0101000
+676 0 -692 0 *
Wi

0101100
-675 0 -674 0 +691 0 -782 0 *
Fa
0  1e-07 101 0

0101000
+673 0 *
Ed
 1e-06 1 1 0
2  478 117 0 1.5707963267949 3.14159265358979
1  230 0 1.5707963267949 3.14159265358979
2  479 116 0 1.5707963267949 3.14159265358979
4 G1 117 0 116 0
0

0101000
+681 0 -692 0 *
Wi

0101000
-671 0 +679 0 -690 0 *
Fa
0  1e-07 116 0

0111000
+670 0 *
Ed
 1e-06 1 1 0
2  480 102 0 1.5707963267949 3.14159265358979
1  231 0 1.5707963267949 3.14159265358979
2  481 12 0 1.5707963267949 3.14159265358979
4 G1 102 0 12 0
0

0101000
+676 0 -1248 0 *
Ed
 1e-07 1 1 0
2  482 10 0 0 2.88
1  232 0 0 2.88
2  483 102 0 0 2.88
4 G1 102 0 10 0
0

0101000
+773 0 -1248 0 *
Wi

0101100
-675 0 -668 0 +667 0 +772 0 +780 0 *
Fa
0  1e-07 102 0

0101000
+666 0 *
Ve
1.10458047156654e-07
-17.0889444466147 -5.565 23.75
0 0

0101101
*
Ed
 1e-07 1 1 0
1  233 0 0 11.4039444466147
2  484 18 0 0 11.4039444466147
2  485 118 0 0 11.4039444466147
4 G1 18 0 118 0
0

0101000
+726 0 -664 6 *
Ve
1.01243351832856e-07
-16.5999356395717 -5.01054887295638 23.7499999999814
0 0

0101101
*
Ed
 1e-07 1 1 0
1  234 0 0.565666114533295 1.13039945364718
2  486 18 4 0.565666114533295 1.13039945364718
2  487 119 5 0.565666114533295 1.13039945364718
0

0101000
+664 0 -662 0 *
Ed
 1e-07 1 1 0
1  235 0 1.75006436042832 1.785
2  488 18 4 1.75006436042832 1.785
2  489 19 0 1.75006436042832 1.785
0

0101000
+662 0 -1233 0 *
Ed
 1e-07 1 1 0
1  236 0 1.35 12.23
2  490 18 4 1.35 12.23
2  491 16 2 1.35 12.23
2  492 17 0 1.35 12.23
0

0101000
+724 0 -1236 0 *
Wi

0101100
-723 4 -663 4 -661 0 -660 0 -1232 0 +659 0 *
Fa
0  1e-07 18 4

0101000
+658 0 *
Ve
1e-06
-5.685 2.54 20.75
0 0

0101101
*
Ed
 1e-07 1 1 0
1  237 0 3.14159265358979 4.71238898038469
2  493 103 7 3.14159265358979 4.71238898038469
2  494 120 4 3.14159265358979 4.71238898038469
0

0101000
+760 0 -656 0 *
Ed
 1e-07 1 1 0
1  238 0 0 4
2  495 108 0 0 4
2  496 103 0 0 4
4 G1 108 0 103 0
0

0101000
+740 0 -656 8 *
Ed
 1e-06 1 1 0
1  239 0 1.5707963267949 3.14159265358979
2  497 103 0 1.5707963267949 3.14159265358979
2  498 106 0 1.5707963267949 3.14159265358979
4 G1 103 0 106 0
0

0101000
+761 0 -740 0 *
Wi

0101100
-759 7 -655 0 +654 7 +653 7 *
Fa
0  1e-07 103 7

0101000
+652 0 *
Ve
1e-06
4.335 -5.565 22.1
0 0

0101101
*
Ed
 1e-07 1 1 0
1  240 0 0 0.300000000000001
2  499 104 0 0 0.300000000000001
2  500 121 0 0 0.300000000000001
4 G1 104 0 121 0
0

0101000
+650 0 -754 0 *
Ed
 1e-07 1 1 0
1  241 0 0 1.675
2  501 120 0 0 1.675
2  502 104 0 0 1.675
4 G1 120 0 104 0
0

0101000
+650 0 -760 6 *
Wi

0101100
-649 4 -753 4 -758 0 +648 4 *
Fa
0  1e-07 104 4

0101000
+647 0 *
Ve
1e-06
5.685 -6.915 22.4
0 0

0101101
*
Ed
 1e-06 1 1 0
1  242 0 1.5707963267949 3.14159265358979
2  503 121 0 1.5707963267949 3.14159265358979
2  504 105 0 1.5707963267949 3.14159265358979
4 G1 121 0 105 0
0

0101000
+754 0 -645 0 *
Ed
 1e-06 1 1 0
1  243 0 1.5707963267949 3.14159265358979
2  505 21 0 1.5707963267949 3.14159265358979
2  506 105 0 1.5707963267949 3.14159265358979
4 G1 21 0 105 0
0

0101000
+645 0 -1216 0 *
Wi

0101000
+644 0 -751 0 +643 0 *
Fa
0  1e-07 105 0

0111000
+642 0 *
Wi

0101000
-748 0 +736 0 -653 0 *
Fa
0  1e-07 106 0

0111000
+640 0 *
Ed
 1e-06 1 1 0
1  244 0 1.5707963267949 3.14159265358979
2  507 109 0 1.5707963267949 3.14159265358979
2  508 107 0 1.5707963267949 3.14159265358979
4 G1 109 0 107 0
0

0101000
+745 0 -739 0 *
Wi

0101000
+743 0 -737 0 +638 0 *
Fa
0  1e-07 107 0

0111000
+637 0 *
Ve
1e-06
-5.685 -2.54 20.75
0 0

0101101
*
Ed
 1e-07 1 1 0
1  245 0 1.5707963267949 3.14159265358979
2  509 109 7 1.5707963267949 3.14159265358979
2  510 120 4 1.5707963267949 3.14159265358979
0

0101000
+635 0 -733 0 *
Ed
 1e-07 1 1 0
1  246 0 0 4
2  511 108 0 0 4
2  512 109 0 0 4
4 G1 108 0 109 0
0

0101000
+739 0 -635 8 *
Wi

0101100
-732 7 +634 0 +633 7 +638 7 *
Fa
0  1e-07 109 7

0101000
+632 0 *
Ve
1e-06
4.335 5.565 22.1
0 0

0101101
*
Ed
 1e-07 1 1 0
1  247 0 0 0.300000000000001
2  513 104 0 0 0.300000000000001
2  514 122 0 0 0.300000000000001
4 G1 104 0 122 0
0

0101000
+630 0 -728 0 *
Ed
 1e-07 1 1 0
1  241 0 9.455 11.13
2  501 120 0 9.455 11.13
2  502 104 0 9.455 11.13
4 G1 120 0 104 0
0

0101000
+733 6 -630 0 *
Wi

0101100
+731 0 -727 4 +629 4 +628 4 *
Fa
0  1e-07 104 4

0101000
+627 0 *
Ve
1e-06
5.685 6.915 22.4
0 0

0101101
*
Ed
 1e-06 1 1 0
1  248 0 1.5707963267949 3.14159265358979
2  515 110 0 1.5707963267949 3.14159265358979
2  516 122 0 1.5707963267949 3.14159265358979
4 G1 110 0 122 0
0

0101000
+728 0 -625 0 *
Ed
 1e-06 1 1 0
1  249 0 1.5707963267949 3.14159265358979
2  517 110 0 1.5707963267949 3.14159265358979
2  518 118 0 1.5707963267949 3.14159265358979
4 G1 110 0 118 0
0

0101000
+625 0 -726 0 *
Wi

0101000
+725 0 -624 0 -623 0 *
Fa
0  1e-07 110 0

0111000
+622 0 *
Ed
 1e-07 1 1 0
2  519 9 0 0 0.300000000000001
1  250 0 0 0.300000000000001
2  520 13 0 0 0.300000000000001
4 G1 13 0 9 0
0

0101000
+1250 0 -686 0 *
Wi

0101000
-620 0 +710 0 -684 0 +1240 0 *
Fa
0  1e-07 13 0

0111000
+619 0 *
Ed
 1e-07 1 1 0
2  521 9 0 0 0.300000000000001
1  251 0 0 0.300000000000001
2  522 117 0 0 0.300000000000001
4 G1 117 0 9 0
0

0101000
+1251 0 -681 0 *
Wi

0101000
-617 0 -680 0 +620 0 +1249 0 *
Fa
0  1e-07 9 0

0111000
+616 0 *
Ed
 1e-06 1 1 0
2  523 117 0 1.5707963267949 3.14159265358979
1  252 0 1.5707963267949 3.14159265358979
2  524 12 0 1.5707963267949 3.14159265358979
4 G1 117 0 12 0
0

0101000
+1251 0 -676 0 *
Wi

0101000
-617 0 +674 0 -671 0 +614 0 *
Fa
0  1e-07 117 0

0111000
+613 0 *
Wi

0101000
+614 0 -1244 0 +668 0 *
Fa
0  1e-07 12 0

0111000
+611 0 *
Ve
1e-06
-16.8410242000365 5.39519230426498 24
0 0

0101101
*
Ve
1e-06
17.8 -5.795 24
0 0

0101101
*
Ed
 1e-06 1 1 0
1  253 0 2.35159382998424 3.14159265358979
2  525 123 0 2.35159382998424 3.14159265358979
2  526 20 0 2.35159382998424 3.14159265358979
4 G1 123 0 20 0
0

0101000
+609 9 -608 0 *
Ve
1e-06
-17.8 5.76864544287 23.734551810009
0 0

0101101
*
Ed
 1e-06 1 1 0
1  254 0 1.5707963267949 1.76871421033769
2  527 20 0 1.5707963267949 1.76871421033769
2  528 124 0 1.5707963267949 1.76871421033769
4 G1 20 0 124 0
0

0101000
+608 0 -606 9 *
Ed
 1.10458046835915e-07 1 1 0
1  255 0 0 1
2  529 21 4 0 1
2  530 20 5 0 1
0

0101000
+606 0 -1218 0 *
Ed
 1e-07 1 1 0
1  256 0 0.215972089106725 0.443962033191349
2  531 19 0 0.215972089106725 0.443962033191349
2  532 20 5 0.215972089106725 0.443962033191349
0

0101000
+609 0 -1220 0 *
Wi

0101100
-607 5 -605 5 -604 0 +1217 0 +603 0 *
Fa
0  1e-07 20 5

0101000
+602 0 *
Ve
1e-06
18.685 -6.915 22.4
0 0

0101101
*
Ed
 1e-07 1 1 0
1  257 0 0 13
2  533 21 0 0 13
2  534 125 0 0 13
4 G1 21 0 125 0
0

0101000
+645 0 -600 0 *
Ve
1.00000001065814e-06
-18.685 5.79500000000001 23.7302631318653
0 0

0101101
*
Ed
 1e-06 1 1 0
1  258 0 1.5707963267949 2.97038713117704
2  535 126 0 1.5707963267949 2.97038713117704
2  536 21 0 1.5707963267949 2.97038713117704
4 G1 126 0 21 0
0

0101000
+600 0 -598 6 *
Ve
1.07286077714693e-07
-18.4195518125701 5.76864544177365 23.7345518071199
0 0

0101101
*
Ed
 1.03788293787056e-07 1 1 0
1  259 0 0.663057378327717 1
2  537 21 4 0.663057378327717 1
2  538 127 10 0.663057378327717 1
0

0101000
+596 0 -598 0 *
Ed
 1e-07 1 1 0
1  260 0 12.115 12.7345518125701
2  539 21 4 12.115 12.7345518125701
2  540 124 5 12.115 12.7345518125701
0

0101000
+606 0 -596 0 *
Wi

0101100
-599 4 -597 4 +595 0 +594 0 -604 0 +1215 4 +643 4 *
Fa
0  1e-07 21 4

0101000
+593 0 *
Ve
1e-06
18.685 6.915 22.4
0 0

0101101
*
Ed
 1e-07 1 1 0
1  261 0 0 13
2  541 128 0 0 13
2  542 118 0 0 13
4 G1 128 0 118 0
0

0101000
+625 0 -591 0 *
Ve
1.00000001065814e-06
-18.685 -5.79500000000001 23.7302631318653
0 0

0101101
*
Ed
 1e-06 1 1 0
1  262 0 1.5707963267949 2.97038713117704
2  543 129 0 1.5707963267949 2.97038713117704
2  544 118 0 1.5707963267949 2.97038713117704
4 G1 129 0 118 0
0

0101000
+591 0 -589 6 *
Ve
1.07285627270166e-07
-18.4195518125697 -5.76864544177345 23.7345518071195
0 0

0101101
*
Ed
 1.03788293384863e-07 1 1 0
1  263 0 0.66305737832714 1
2  545 118 4 0.66305737832714 1
2  546 130 10 0.66305737832714 1
0

0101000
+587 0 -589 0 *
Ve
1e-06
-17.8 -5.76864544286999 23.734551810009
0 0

0101101
*
Ed
 1e-07 1 1 0
1  264 0 12.115 12.7345518125697
2  547 118 4 12.115 12.7345518125697
2  548 131 5 12.115 12.7345518125697
0

0101000
+585 0 -587 0 *
Ed
 1.10458046268476e-07 1 1 0
1  265 0 0 1
2  549 118 4 0 1
2  550 119 5 0 1
0

0101000
+585 0 -664 0 *
Wi

0101100
-590 4 -588 4 +586 0 +584 0 -583 0 +663 4 +623 4 *
Fa
0  1e-07 118 4

0101000
+582 0 *
Ve
1e-06
-16.8410242000365 -5.39519230426498 24
0 0

0101101
*
Ed
 1e-07 1 1 0
1  266 0 0.556037969095703 0.784027920825839
2  551 119 5 0.556037969095703 0.784027920825839
2  552 19 0 0.556037969095703 0.784027920825839
0

0101000
+662 0 -580 0 *
Ve
1e-06
17.8 5.795 24
0 0

0101101
*
Ed
 1e-06 1 1 0
1  267 0 1.5707963267949 1.76871421033769
2  553 131 0 1.5707963267949 1.76871421033769
2  554 119 0 1.5707963267949 1.76871421033769
4 G1 131 0 119 0
0

0101000
+578 0 -585 9 *
Ed
 1e-06 1 1 0
1  268 0 2.35159382998424 3.14159265358979
2  555 132 0 2.35159382998424 3.14159265358979
2  556 119 0 2.35159382998424 3.14159265358979
4 G1 132 0 119 0
0

0101000
+580 9 -578 0 *
Wi

0101100
+579 0 +661 0 +583 0 +577 5 +576 5 *
Fa
0  1e-07 119 5

0101000
+575 0 *
Ve
1e-06
5.685 -5.565 20.75
0 0

0101101
*
Ed
 1e-07 1 1 0
1  269 0 0 3.025
2  557 120 0 0 3.025
2  558 133 0 0 3.025
4 G1 120 0 133 0
0

0101000
+573 0 -656 6 *
Ed
 1e-06 1 1 0
1  270 0 1.5707963267949 3.14159265358979
2  559 120 0 1.5707963267949 3.14159265358979
2  560 134 0 1.5707963267949 3.14159265358979
4 G1 120 0 134 0
0

0101000
+650 0 -573 0 *
Wi

0101100
-648 4 -655 0 +572 4 +571 4 *
Fa
0  1e-07 120 4

0101000
+570 0 *
Ve
1e-06
5.685 -6.915 22.1
0 0

0101101
*
Ed
 1e-07 1 1 0
1  271 0 0 0.300000000000001
2  561 121 0 0 0.300000000000001
2  562 125 0 0 0.300000000000001
4 G1 121 0 125 0
0

0101000
+568 0 -645 0 *
Ed
 1e-06 1 1 0
1  272 0 1.5707963267949 3.14159265358979
2  563 121 0 1.5707963267949 3.14159265358979
2  564 134 0 1.5707963267949 3.14159265358979
4 G1 121 0 134 0
0

0101000
+650 0 -568 0 *
Wi

0101000
-649 0 +567 0 -644 0 +566 0 *
Fa
0  1e-07 121 0

0111000
+565 0 *
Ve
1e-06
5.685 5.565 20.75
0 0

0101101
*
Ed
 1e-06 1 1 0
1  273 0 1.5707963267949 3.14159265358979
2  565 120 0 1.5707963267949 3.14159265358979
2  566 135 0 1.5707963267949 3.14159265358979
4 G1 120 0 135 0
0

0101000
+630 0 -563 0 *
Ed
 1e-07 1 1 0
1  269 0 8.105 11.13
2  557 120 0 8.105 11.13
2  558 133 0 8.105 11.13
4 G1 120 0 133 0
0

0101000
+635 6 -563 0 *
Wi

0101100
-634 0 -628 4 -562 4 +561 4 *
Fa
0  1e-07 120 4

0101000
+560 0 *
Ve
1e-06
5.685 6.915 22.1
0 0

0101101
*
Ed
 1e-07 1 1 0
1  274 0 0 0.300000000000001
2  567 128 0 0 0.300000000000001
2  568 122 0 0 0.300000000000001
4 G1 128 0 122 0
0

0101000
+558 0 -625 0 *
Ed
 1e-06 1 1 0
1  275 0 1.5707963267949 3.14159265358979
2  569 135 0 1.5707963267949 3.14159265358979
2  570 122 0 1.5707963267949 3.14159265358979
4 G1 135 0 122 0
0

0101000
+630 0 -558 0 *
Wi

0101000
-629 0 +557 0 -624 0 +556 0 *
Fa
0  1e-07 122 0

0111000
+555 0 *
Ve
1.5e-07
-17.8 -5.795 24.2891848263839
0 0

0101101
*
Ed
 1e-07 1 1 0
1  276 0 0 1
2  571 132 5 0 1
2  572 19 0 0 1
0

0101000
+580 0 -553 0 *
Ed
 1.5e-07 1 1 0
1  277 0 0 0.289184826383927
2  573 136 0 0 0.289184826383927
2  574 132 0 0 0.289184826383927
4 G1 136 0 132 0
0

0101000
+578 0 -553 9 *
Wi

0101100
-552 0 +551 5 +576 5 *
Fa
0  1e-07 132 5

0101000
+550 0 *
Ve
1.5e-07
-17.8 5.795 24.2891848263839
0 0

0101101
*
Ed
 1e-07 1 1 0
1  278 0 0 1
2  575 19 0 0 1
2  576 123 5 0 1
0

0101000
+609 0 -548 0 *
Ed
 1.5e-07 1 1 0
1  279 0 0 0.289184826383927
2  577 123 0 0 0.289184826383927
2  578 137 0 0 0.289184826383927
4 G1 123 0 137 0
0

0101000
+608 0 -548 9 *
Wi

0101100
-547 0 +546 5 +607 5 *
Fa
0  1e-07 123 5

0101000
+545 0 *
Ve
1e-06
-18.685 5.795 24
0 0

0101101
*
Ed
 1.5e-07 1 1 0
1  280 0 0 0.884999999999998
2  579 124 0 0 0.884999999999998
2  580 137 0 0 0.884999999999998
4 G1 124 0 137 0
0

0101000
+608 0 -543 9 *
Ed
 1e-07 1 1 0
1  281 0 4.51447109663904 4.71238898038469
2  581 127 10 4.51447109663904 4.71238898038469
2  582 124 5 4.51447109663904 4.71238898038469
0

0101000
+596 0 -543 0 *
Wi

0101100
-542 5 +541 0 +594 0 +605 5 *
Fa
0  1e-07 124 5

0101000
+540 0 *
Ve
1e-06
18.685 -6.915 22.1
0 0

0101101
*
Ed
 1e-07 1 1 0
1  282 0 0 13
2  583 138 0 0 13
2  584 125 0 0 13
4 G1 138 0 125 0
0

0101000
+568 0 -538 0 *
Ed
 1e-07 1 1 0
1  283 0 0 0.300000000000001
2  585 139 0 0 0.300000000000001
2  586 125 0 0 0.300000000000001
4 G1 139 0 125 0
0

0101000
+538 0 -600 0 *
Wi

0101000
-537 0 -536 0 +599 0 +567 0 *
Fa
0  1e-07 125 0

0111000
+535 0 *
Ve
1e-06
20.035 -5.565 22.4
0 0

0101101
*
Ed
 1e-06 1 1 0
1  284 0 1.5707963267949 3.14159265358979
2  587 126 0 1.5707963267949 3.14159265358979
2  588 139 0 1.5707963267949 3.14159265358979
4 G1 126 0 139 0
0

0101000
+533 0 -600 0 *
Ve
1.5e-07
-18.985 5.795 23.695993827146
0 0

0101101
*
Ed
 1.5e-07 1 1 0
1  285 0 1.5707963267949 1.79827235374594
2  589 126 4 1.5707963267949 1.79827235374594
2  590 140 10 1.5707963267949 1.79827235374594
0

0101000
+598 0 -531 0 *
Ve
1e-06
-19.7387240874486 5.565 23.2438990150075
0 0

0101101
*
Ed
 1e-07 1 1 0
1  286 0 0 0.559700008914371
2  591 126 4 0 0.559700008914371
2  592 141 10 0 0.559700008914371
2  593 142 0 0 0.559700008914371
0

0101000
+531 0 -529 0 *
Ed
 1e-06 1 1 0
1  287 0 1.5707963267949 2.24606926920738
2  594 143 0 1.5707963267949 2.24606926920738
2  595 126 0 1.5707963267949 2.24606926920738
4 G1 143 0 126 0
0

0101000
+533 0 -529 6 *
Wi

0101100
-532 4 -597 4 -530 0 -528 0 +527 4 *
Fa
0  1e-07 126 4

0101000
+526 0 *
Ed
 1.5e-07 1 1 0
1  288 0 1.33026313186527 1.6
2  596 140 0 1.33026313186527 1.6
2  597 127 0 1.33026313186527 1.6
4 G1 140 0 127 0
0

0101000
+598 11 -543 11 *
Wi

0101100
+595 0 -541 0 +524 10 *
Fa
0  1e-07 127 10

0101000
+523 0 *
Ve
1e-06
18.685 6.915 22.1
0 0

0101101
*
Ed
 1e-07 1 1 0
1  289 0 0 13
2  598 128 0 0 13
2  599 144 0 0 13
4 G1 128 0 144 0
0

0101000
+558 0 -521 0 *
Ed
 1e-07 1 1 0
1  290 0 0 0.300000000000001
2  600 128 0 0 0.300000000000001
2  601 145 0 0 0.300000000000001
4 G1 128 0 145 0
0

0101000
+521 0 -591 0 *
Wi

0101000
-520 0 -519 0 +590 0 +557 0 *
Fa
0  1e-07 128 0

0111000
+518 0 *
Ve
1e-06
20.035 5.565 22.4
0 0

0101101
*
Ve
1e-06
-19.7387240874486 -5.565 23.2438990150075
0 0

0101101
*
Ed
 1e-06 1 1 0
1  291 0 1.5707963267949 2.24606926920738
2  602 143 0 1.5707963267949 2.24606926920738
2  603 129 0 1.5707963267949 2.24606926920738
4 G1 143 0 129 0
0

0101000
+516 0 -515 6 *
Ve
1.5e-07
-18.985 -5.795 23.6959938271459
0 0

0101101
*
Ed
 1e-07 1 1 0
1  292 0 0 0.559700008914381
2  604 129 4 0 0.559700008914381
2  605 146 10 0 0.559700008914381
2  606 147 0 0 0.559700008914381
0

0101000
+513 0 -515 0 *
Ed
 1.5e-07 1 1 0
1  293 0 1.5707963267949 1.79827235374595
2  607 129 4 1.5707963267949 1.79827235374595
2  608 148 10 1.5707963267949 1.79827235374595
0

0101000
+589 0 -513 0 *
Ed
 1e-06 1 1 0
1  294 0 1.5707963267949 3.14159265358979
2  609 129 0 1.5707963267949 3.14159265358979
2  610 145 0 1.5707963267949 3.14159265358979
4 G1 129 0 145 0
0

0101000
+516 0 -591 0 *
Wi

0101100
-514 4 +512 0 +511 0 +588 4 +510 4 *
Fa
0  1e-07 129 4

0101000
+509 0 *
Ve
1e-06
-18.685 -5.795 24
0 0

0101101
*
Ed
 1e-07 1 1 0
1  295 0 1.5707963267949 1.76871421054089
2  611 130 10 1.5707963267949 1.76871421054089
2  612 131 5 1.5707963267949 1.76871421054089
0

0101000
+507 0 -587 0 *
Ed
 1.5e-07 1 1 0
1  296 0 1.33026313186527 1.6
2  613 148 0 1.33026313186527 1.6
2  614 130 0 1.33026313186527 1.6
4 G1 148 0 130 0
0

0101000
+589 11 -507 11 *
Wi

0101100
+586 0 +506 0 +505 10 *
Fa
0  1e-07 130 10

0101000
+504 0 *
Ed
 1.5e-07 1 1 0
1  297 0 0 0.884999999999998
2  615 131 0 0 0.884999999999998
2  616 136 0 0 0.884999999999998
4 G1 131 0 136 0
0

0101000
+578 0 -507 9 *
Wi

0101100
-502 5 -506 0 +584 0 +577 5 *
Fa
0  1e-07 131 5

0101000
+501 0 *
Ed
 1e-06 1 1 0
1  298 0 1.5707963267949 3.14159265358979
2  617 138 0 1.5707963267949 3.14159265358979
2  618 134 0 1.5707963267949 3.14159265358979
4 G1 138 0 134 0
0

0101000
+568 0 -573 0 *
Wi

0101000
-566 0 +571 0 -499 0 *
Fa
0  1e-07 134 0

0111000
+498 0 *
Ve
1e-06
18.685 5.565 20.75
0 0

0101101
*
Ed
 1e-07 1 1 0
1  299 0 0 13
2  619 133 0 0 13
2  620 144 0 0 13
4 G1 133 0 144 0
0

0101000
+563 0 -496 0 *
Ed
 1e-06 1 1 0
1  300 0 1.5707963267949 3.14159265358979
2  621 144 0 1.5707963267949 3.14159265358979
2  622 149 0 1.5707963267949 3.14159265358979
4 G1 144 0 149 0
0

0101000
+521 0 -496 0 *
Ed
 1e-06 1 1 0
1  301 0 1.5707963267949 3.14159265358979
2  623 144 0 1.5707963267949 3.14159265358979
2  624 135 0 1.5707963267949 3.14159265358979
4 G1 144 0 135 0
0

0101000
+558 0 -563 0 *
Wi

0101000
-520 0 +495 0 -494 0 +493 0 *
Fa
0  1e-07 144 0

0111000
+492 0 *
Ve
1e-06
18.685 -5.565 20.75
0 0

0101101
*
Ed
 1e-07 1 1 0
1  302 0 0 13
2  625 133 0 0 13
2  626 138 0 0 13
4 G1 133 0 138 0
0

0101000
+573 0 -490 0 *
Ed
 1e-06 1 1 0
1  303 0 1.5707963267949 3.14159265358979
2  627 138 0 1.5707963267949 3.14159265358979
2  628 150 0 1.5707963267949 3.14159265358979
4 G1 138 0 150 0
0

0101000
+538 0 -490 0 *
Wi

0101000
-537 0 +489 0 -488 0 +499 0 *
Fa
0  1e-07 138 0

0111000
+487 0 *
Wi

0101000
+556 0 -562 0 +493 0 *
Fa
0  1e-07 135 0

0111000
+485 0 *
Ve
1e-06
20.035 -5.565 22.1
0 0

0101101
*
Ed
 1e-07 1 1 0
1  304 0 0 0.300000000000001
2  629 139 0 0 0.300000000000001
2  630 151 0 0 0.300000000000001
4 G1 139 0 151 0
0

0101000
+483 0 -533 0 *
Ed
 1e-06 1 1 0
1  305 0 1.5707963267949 3.14159265358979
2  631 150 0 1.5707963267949 3.14159265358979
2  632 139 0 1.5707963267949 3.14159265358979
4 G1 150 0 139 0
0

0101000
+483 0 -538 0 *
Wi

0101000
-482 0 +536 0 -532 0 +481 0 *
Fa
0  1e-07 139 0

0111000
+480 0 *
Ve
1.00000000251215e-06
-20.035 5.29352813742386 22.4
0 0

0101101
*
Ed
 1e-07 1 1 0
1  306 0 0 0.271471862576146
2  633 143 0 0 0.271471862576146
2  634 151 0 0 0.271471862576146
4 G1 143 0 151 0
0

0101000
+533 0 -478 6 *
Ed
 1e-07 1 1 0
1  307 0 0 1
2  635 143 4 0 1
2  636 141 10 0 1
2  637 142 0 0 1
0

0101000
+478 0 -529 0 *
Wi

0101100
-477 4 -476 0 +527 4 *
Fa
0  1e-07 143 4

0101000
+475 0 *
Ve
1e-06
20.035 5.565 22.1
0 0

0101101
*
Ed
 1e-07 1 1 0
1  308 0 0 0.300000000000001
2  638 151 0 0 0.300000000000001
2  639 145 0 0 0.300000000000001
4 G1 151 0 145 0
0

0101000
+473 0 -516 0 *
Ed
 1e-06 1 1 0
1  309 0 1.5707963267949 3.14159265358979
2  640 145 0 1.5707963267949 3.14159265358979
2  641 149 0 1.5707963267949 3.14159265358979
4 G1 145 0 149 0
0

0101000
+473 0 -521 0 *
Wi

0101000
-472 0 +519 0 -510 0 +471 0 *
Fa
0  1e-07 145 0

0111000
+470 0 *
Ve
1.00000000251215e-06
-20.035 -5.29352813742385 22.4
0 0

0101101
*
Ed
 1e-07 1 1 0
1  306 0 10.8585281374239 11.13
2  633 143 0 10.8585281374239 11.13
2  634 151 0 10.8585281374239 11.13
4 G1 143 0 151 0
0

0101000
+468 6 -516 0 *
Ed
 1e-07 1 1 0
1  310 0 0 1
2  642 143 4 0 1
2  643 146 10 0 1
2  644 147 0 0 1
0

0101000
+468 0 -515 0 *
Wi

0101100
-467 4 -514 4 +466 0 *
Fa
0  1e-07 143 4

0101000
+465 0 *
Ed
 1e-06 1 1 0
1  311 0 1.5707963267949 3.14159265358979
2  645 152 0 1.5707963267949 3.14159265358979
2  646 149 0 1.5707963267949 3.14159265358979
4 G1 152 0 149 0
0

0101000
+473 0 -496 0 *
Wi

0101000
-471 0 +463 0 -494 0 *
Fa
0  1e-07 149 0

0111000
+462 0 *
Ve
1.10710909422932e-07
-20.035 -5.23872539331949 22.1
0 0

0101101
*
Ed
 1e-07 1 1 0
1  312 0 10.8037253933195 11.13
2  647 152 0 10.8037253933195 11.13
2  648 151 0 10.8037253933195 11.13
4 G1 152 0 151 0
0

0101000
+460 6 -473 0 *
Ve
1e-06
-18.685 -1.59 20.75
0 0

0101101
*
Ed
 1e-07 1 1 0
1  313 0 7.155 11.13
2  649 133 0 7.155 11.13
2  650 152 0 7.155 11.13
4 G1 133 0 152 0
0

0101000
+458 6 -496 0 *
Ve
1.15124363579492e-07
-19.7777353749012 -2.68273537201597 21.3072646047661
0 0

0101101
*
Ed
 1e-07 1 1 0
1  314 0 4.71238898038469 5.65557591045952
2  651 153 1 4.71238898038469 5.65557591045952
2  652 152 4 4.71238898038469 5.65557591045952
0

0101000
+458 0 -456 0 *
Ve
1e-06
-19.7777353817484 -4.445 21.3072646182519
0 0

0101101
*
Ed
 1e-07 1 1 0
1  315 0 8.24773537201597 10.01
2  653 152 4 8.24773537201597 10.01
2  654 154 10 8.24773537201597 10.01
0

0101000
+456 0 -454 0 *
Ed
 1e-07 1 1 0
1  316 0 0 0.568809951295406
2  655 152 4 0 0.568809951295406
2  656 155 10 0 0.568809951295406
0

0101000
+460 0 -454 0 *
Wi

0101100
-459 4 -463 4 +457 4 -455 0 -453 0 +452 0 *
Fa
0  1e-07 152 4

0101000
+451 0 *
Ed
 1e-06 1 1 0
1  317 0 1.5707963267949 3.14159265358979
2  657 152 0 1.5707963267949 3.14159265358979
2  658 150 0 1.5707963267949 3.14159265358979
4 G1 152 0 150 0
0

0101000
+483 0 -490 0 *
Wi

0101000
+481 0 -449 0 +488 0 *
Fa
0  1e-07 150 0

0111000
+448 0 *
Ve
1e-06
-19.7777353817484 4.445 21.3072646182519
0 0

0101101
*
Ve
1.10710981266318e-07
-20.035 5.23872539331957 22.1
0 0

0101101
*
Ed
 1e-07 1 1 0
1  318 0 0.43118996467918 1
2  659 152 4 0.43118996467918 1
2  660 156 10 0.43118996467918 1
0

0101000
+446 0 -445 0 *
Ve
1.15120437865417e-07
-19.7777353749041 2.68273537201788 21.307264604769
0 0

0101101
*
Ed
 1e-07 1 1 0
1  315 0 1.12 2.88226462798212
2  653 152 4 1.12 2.88226462798212
2  654 154 10 1.12 2.88226462798212
0

0101000
+446 0 -443 0 *
Ve
1e-06
-18.685 1.59 20.75
0 0

0101101
*
Ed
 1e-07 1 1 0
1  319 0 0.627609396717211 1.5707963267949
2  661 7 1 0.627609396717211 1.5707963267949
2  662 152 4 0.627609396717211 1.5707963267949
0

0101000
+443 0 -441 0 *
Ed
 1e-07 1 1 0
1  313 0 0 3.975
2  649 133 0 0 3.975
2  650 152 0 0 3.975
4 G1 133 0 152 0
0

0101000
+490 0 -441 6 *
Ed
 1e-07 1 1 0
1  312 0 0 0.326274606680432
2  647 152 0 0 0.326274606680432
2  648 151 0 0 0.326274606680432
4 G1 152 0 151 0
0

0101000
+483 0 -445 6 *
Wi

0101100
+444 0 -442 0 -440 0 +439 4 +449 4 -438 4 *
Fa
0  1e-07 152 4

0101000
+437 0 *
Ve
1e-06
20.335 -4.445 22.4
0 0

0101101
*
Ed
 1e-06 1 1 0
1  320 0 1.5707963267949 2.51398326824459
2  663 156 0 1.5707963267949 2.51398326824459
2  664 154 0 1.5707963267949 2.51398326824459
4 G1 156 0 154 0
0

0101000
+435 0 -446 11 *
Ed
 1.10710802462082e-07 1 1 0
1  321 0 3.14159265358979 3.50295977749642
2  665 151 4 3.14159265358979 3.50295977749642
2  666 156 10 3.14159265358979 3.50295977749642
0

0101000
+478 0 -445 0 *
Ed
 1e-06 1 1 0
1  322 0 1.5707963267949 2.25047014570314
2  667 156 0 1.5707963267949 2.25047014570314
2  668 141 0 1.5707963267949 2.25047014570314
4 G1 156 0 141 0
2  669 142 11 1.5707963267949 2.25047014570314
0

0101000
+435 0 -478 11 *
Wi

0101100
-434 10 -444 0 +433 0 +432 10 *
Fa
0  1e-07 156 10

0101000
+431 0 *
Ve
1.5e-07
-20.335 2.94 22.4
0 0

0101101
*
Ed
 1.5e-07 1 1 0
1  323 0 0 1.505
2  670 154 0 0 1.505
2  671 157 0 0 1.505
4 G1 154 0 157 0
0

0101000
+435 0 -429 11 *
Ve
1.00000056961258e-07
-20.3012446581089 2.94 22.1
0 0

0101101
*
Ed
 1e-07 1 1 0
1  324 0 1.5707963267949 1.79488941909626
2  672 158 1 1.5707963267949 1.79488941909626
2  673 154 10 1.5707963267949 1.79488941909626
0

0101000
+429 0 -427 0 *
Ed
 1e-07 1 1 0
1  325 0 0 0.519944758311085
2  674 7 1 0 0.519944758311085
2  675 154 10 0 0.519944758311085
0

0101000
+427 0 -443 0 *
Wi

0101100
-428 10 -426 0 -425 0 +442 0 +434 10 *
Fa
0  1e-07 154 10

0101000
+424 0 *
Ed
 1e-07 1 1 0
1  326 0 1.61624465810887 2.88
2  676 7 0 1.61624465810887 2.88
2  677 158 0 1.61624465810887 2.88
4 G1 7 0 158 0
0

0101000
+427 12 -1256 0 *
Ed
 1e-07 1 1 0
1  327 0 0 2.88
2  678 7 0 0 2.88
2  679 3 0 0 2.88
4 G1 7 0 3 0
0

0101000
+441 12 -1263 0 *
Wi

0101100
-422 1 -1254 1 +421 1 +440 0 +425 0 *
Fa
0  1e-07 7 1

0101000
+420 0 *
Wi

0101100
-482 4 -477 4 -433 0 +438 4 *
Fa
0  1e-07 151 4

0101000
+418 0 *
Ve
1.00000056961258e-07
-20.3012446581089 -2.94 22.1
0 0

0101101
*
Ve
1e-06
21.565 2.94 22.1
0 0

0101101
*
Ed
 1e-07 1 1 0
1  328 0 1.61624465810887 2.88
2  680 159 0 1.61624465810887 2.88
2  681 153 0 1.61624465810887 2.88
4 G1 159 0 153 0
0

0101000
+416 12 -415 0 *
Ed
 1e-06 1 1 0
1  329 0 1.5707963267949 3.14159265358979
2  682 4 0 1.5707963267949 3.14159265358979
2  683 153 0 1.5707963267949 3.14159265358979
4 G1 4 0 153 0
0

0101000
+415 0 -1262 0 *
Ed
 1e-07 1 1 0
1  330 0 0 2.88
2  684 3 0 0 2.88
2  685 153 0 0 2.88
4 G1 3 0 153 0
0

0101000
+458 12 -1262 0 *
Ed
 1e-07 1 1 0
1  331 0 0 0.519944758308016
2  686 153 1 0 0.519944758308016
2  687 154 10 0 0.519944758308016
0

0101000
+416 0 -456 0 *
Wi

0101100
-414 1 -413 1 +412 1 -455 0 +411 0 *
Fa
0  1e-07 153 1

0101000
+410 0 *
Ed
 1.10710800061512e-07 1 1 0
1  332 0 5.92181818327293 6.28318530717959
2  688 151 4 5.92181818327293 6.28318530717959
2  689 155 10 5.92181818327293 6.28318530717959
0

0101000
+460 0 -468 0 *
Wi

0101100
-408 0 -467 4 +472 4 +459 4 *
Fa
0  1e-07 151 4

0101000
+407 0 *
Ve
1.5e-07
-20.335 -2.94 22.4
0 0

0101101
*
Ve
1e-06
20.335 4.445 22.4
0 0

0101101
*
Ed
 1.5e-07 1 1 0
1  323 0 7.385 8.89
2  670 154 0 7.385 8.89
2  671 157 0 7.385 8.89
4 G1 154 0 157 0
0

0101000
+405 11 -404 0 *
Ed
 1e-06 1 1 0
1  333 0 1.5707963267949 2.51398326824459
2  690 154 0 1.5707963267949 2.51398326824459
2  691 155 0 1.5707963267949 2.51398326824459
4 G1 154 0 155 0
0

0101000
+404 0 -454 11 *
Ed
 1e-07 1 1 0
1  334 0 1.5707963267949 1.79488941909626
2  692 159 1 1.5707963267949 1.79488941909626
2  693 154 10 1.5707963267949 1.79488941909626
0

0101000
+405 0 -416 0 *
Wi

0101100
-403 10 -402 10 +453 0 +411 0 +401 0 *
Fa
0  1e-07 154 10

0101000
+400 0 *
Ed
 1e-06 1 1 0
1  335 0 1.5707963267949 2.25047014570314
2  694 146 0 1.5707963267949 2.25047014570314
2  695 155 0 1.5707963267949 2.25047014570314
4 G1 146 0 155 0
2  696 147 11 1.5707963267949 2.25047014570314
0

0101000
+404 0 -468 11 *
Wi

0101100
-398 10 +408 0 -452 0 +402 10 *
Fa
0  1e-07 155 10

0101000
+397 0 *
Ve
1e-06
21.565 -2.94 22.4
0 0

0101101
*
Ed
 1e-07 1 1 0
1  336 0 0 0.300000000000001
2  697 6 0 0 0.300000000000001
2  698 158 0 0 0.300000000000001
4 G1 6 0 158 0
0

0101000
+1256 0 -395 0 *
Ed
 1e-07 1 1 0
1  337 0 1.65 2.88
2  699 160 0 1.65 2.88
2  700 158 0 1.65 2.88
4 G1 160 0 158 0
0

0101000
+429 12 -395 0 *
Wi

0101100
-422 1 -394 1 +393 1 -426 0 *
Fa
0  1e-07 158 1

0101000
+392 0 *
Ve
1e-06
21.565 2.94 22.4
0 0

0101101
*
Ed
 1e-07 1 1 0
1  338 0 0 0.300000000000001
2  701 159 0 0 0.300000000000001
2  702 161 0 0 0.300000000000001
4 G1 159 0 161 0
0

0101000
+415 0 -390 0 *
Ed
 1e-07 1 1 0
1  339 0 1.65 2.88
2  703 159 0 1.65 2.88
2  704 162 0 1.65 2.88
4 G1 159 0 162 0
0

0101000
+405 12 -390 0 *
Wi

0101100
-414 1 -389 1 +388 1 -401 0 *
Fa
0  1e-07 159 1

0101000
+387 0 *
Ed
 1e-06 1 1 0
1  340 0 1.5707963267949 3.14159265358979
2  705 4 0 1.5707963267949 3.14159265358979
2  706 161 0 1.5707963267949 3.14159265358979
4 G1 4 0 161 0
0

0101000
+1265 0 -415 0 *
Wi

0101000
-385 0 +1260 0 -413 0 *
Fa
0  1e-07 4 0

0111000
+384 0 *
Ve
1e-06
22.915 -1.59 22.4
0 0

0101101
*
Ed
 1e-07 1 1 0
1  341 0 0 0.300000000000001
2  707 6 0 0 0.300000000000001
2  708 2 0 0 0.300000000000001
4 G1 6 0 2 0
0

0101000
+1266 0 -382 0 *
Ve
1e-06
22.915 1.59 22.4
0 0

0101101
*
Ed
 1e-07 1 1 0
1  342 0 0 3.18
2  709 163 0 0 3.18
2  710 2 0 0 3.18
4 G1 163 0 2 0
0

0101000
+382 0 -380 0 *
Ed
 1e-07 1 1 0
1  343 0 0 0.300000000000001
2  711 161 0 0 0.300000000000001
2  712 2 0 0 0.300000000000001
4 G1 161 0 2 0
0

0101000
+1265 0 -380 0 *
Wi

0101000
-381 0 -379 0 +378 0 +1264 0 *
Fa
0  1e-07 2 0

0111000
+377 0 *
Ve
1e-06
21.565 1.59 23.75
0 0

0101101
*
Ed
 1e-06 1 1 0
1  344 0 1.5707963267949 3.14159265358979
2  713 162 0 1.5707963267949 3.14159265358979
2  714 164 0 1.5707963267949 3.14159265358979
4 G1 162 0 164 0
0

0101000
+390 0 -375 0 *
Ve
1.50000000444089e-07
-20.335 -1.59 23.75
0 0

0101101
*
Ed
 1e-07 1 1 0
1  345 0 1.65 2.88
2  715 162 0 1.65 2.88
2  716 165 0 1.65 2.88
4 G1 162 0 165 0
0

0101000
+373 12 -375 0 *
Ed
 1.5e-07 1 1 0
1  346 0 1.5707963267949 3.14159265358979
2  717 162 1 1.5707963267949 3.14159265358979
2  718 157 10 1.5707963267949 3.14159265358979
0

0101000
+405 0 -373 0 *
Wi

0101100
-388 1 -374 1 +372 1 +371 0 *
Fa
0  1e-07 162 1

0101000
+370 0 *
Ve
1.5e-07
-20.335 1.59 23.75
0 0

0101101
*
Ed
 1.5e-07 1 1 0
1  347 0 1.4275 4.6075
2  719 165 1 1.4275 4.6075
2  720 157 10 1.4275 4.6075
0

0101000
+368 0 -373 0 *
Ve
1e-06
21.565 -1.59 23.75
0 0

0101101
*
Ed
 1e-07 1 1 0
1  348 0 0 3.18
2  721 165 0 0 3.18
2  722 163 0 0 3.18
4 G1 165 0 163 0
0

0101000
+366 0 -375 0 *
Ed
 1e-07 1 1 0
1  349 0 1.65 2.88
2  723 165 0 1.65 2.88
2  724 160 0 1.65 2.88
4 G1 165 0 160 0
0

0101000
+368 12 -366 0 *
Wi

0101100
-367 0 -372 1 +365 1 +364 1 *
Fa
0  1e-07 165 1

0101000
+363 0 *
Ed
 1e-06 1 1 0
1  350 0 1.5707963267949 3.14159265358979
2  725 166 0 1.5707963267949 3.14159265358979
2  726 160 0 1.5707963267949 3.14159265358979
4 G1 166 0 160 0
0

0101000
+395 0 -366 0 *
Ed
 1.5e-07 1 1 0
1  351 0 3.14159265358979 4.71238898038469
2  727 160 1 3.14159265358979 4.71238898038469
2  728 157 10 3.14159265358979 4.71238898038469
0

0101000
+368 0 -429 0 *
Wi

0101100
-393 1 -361 1 +364 1 -360 0 *
Fa
0  1e-07 160 1

0101000
+359 0 *
Ed
 1e-06 1 1 0
1  352 0 1.5707963267949 3.14159265358979
2  729 6 0 1.5707963267949 3.14159265358979
2  730 166 0 1.5707963267949 3.14159265358979
4 G1 6 0 166 0
0

0101000
+382 0 -395 0 *
Wi

0101000
-381 0 +394 0 -357 0 +1255 0 *
Fa
0  1e-07 6 0

0111000
+356 0 *
Ed
 1e-06 1 1 0
1  353 0 1.5707963267949 3.14159265358979
2  731 164 0 1.5707963267949 3.14159265358979
2  732 161 0 1.5707963267949 3.14159265358979
4 G1 164 0 161 0
0

0101000
+380 0 -390 0 *
Wi

0101000
-378 0 +389 0 -354 0 +385 0 *
Fa
0  1e-07 161 0

0111000
+353 0 *
Ed
 1e-06 1 1 0
1  354 0 1.5707963267949 3.14159265358979
2  733 164 0 1.5707963267949 3.14159265358979
2  734 163 0 1.5707963267949 3.14159265358979
4 G1 164 0 163 0
0

0101000
+380 0 -375 0 *
Ed
 1e-06 1 1 0
1  355 0 1.5707963267949 3.14159265358979
2  735 166 0 1.5707963267949 3.14159265358979
2  736 163 0 1.5707963267949 3.14159265358979
4 G1 166 0 163 0
0

0101000
+382 0 -366 0 *
Wi

0101000
-379 0 +365 0 -351 0 +350 0 *
Fa
0  1e-07 163 0

0111000
+349 0 *
Wi

0101000
-351 0 +354 0 +374 0 *
Fa
0  1e-07 164 0

0111000
+347 0 *
Wi

0101000
-357 0 +350 0 -361 0 *
Fa
0  1e-07 166 0

0111000
+345 0 *
Ve
1.50000000888178e-07
18.35 5.795 24.2891848263839
0 0

0101101
*
Ed
 1.5e-07 1 1 0
1  356 0 36.15 36.7
2  737 39 0 36.15 36.7
2  738 19 0 36.15 36.7
0

0101000
+1160 0 -343 0 *
Ve
1.5e-07
18.35 5.795 28
0 0

0101101
*
Ed
 1.5e-07 1 1 0
1  357 0 -3.65081517361607 0.0600000000000023
2  739 168 0 -3.65081517361607 0.0600000000000023
2  740 39 0 -3.65081517361607 0.0600000000000023
0

0101000
+343 0 -341 0 *
Ve
1e-06
18.985 5.795 28
0 0

0101101
*
Ed
 1.5e-07 1 1 0
2  741 39 0 0.550000000000001 1.185
1  358 0 0.550000000000001 1.185
2  742 169 0 0.550000000000001 1.185
4 G1 39 0 169 0
0

0101000
+341 0 -339 0 *
Ed
 1e-07 1 1 0
1  359 0 -0.304006172854049 4
2  743 25 0 -0.304006172854049 4
0

0101000
+1031 0 -339 0 *
Wi

0101000
-1109 0 +1158 0 +342 0 +340 0 +338 0 -337 0 -1029 0 +1025 0 *
Fa
0  1.5e-07 167 0

0111000
+336 0 *
Ve
1e-07
18.35 2.33907538637145e-15 41.43
0 0

0101101
*
Ed
 1e-07 1 1 0
1  360 0 3.79362903835476 6.28318530717959
2  744 168 0 3.79362903835476 6.28318530717959
2  745 19 0 3.79362903835476 6.28318530717959
0

0101000
+343 0 -334 0 *
Ve
1.00000005102197e-07
18.35 5.77164991614216 28.25
0 0

0101101
*
Ed
 1e-07 1 1 0
1  361 0 1.5707963267949 1.75705663037146
2  746 168 0 1.5707963267949 1.75705663037146
2  747 169 0 1.5707963267949 1.75705663037146
0

0101000
+341 0 -332 0 *
Ve
1.00000003662053e-07
18.35 5.77164991614216 35.25
0 0

0101101
*
Ed
 1e-07 1 1 0
1  362 0 -3.63 3.36999999999999
2  748 168 0 -3.63 3.36999999999999
2  749 170 0 -3.63 3.36999999999999
0

0101000
+332 0 -330 0 *
Ve
1.5e-07
18.35 5.795 35.5
0 0

0101101
*
Ed
 1e-07 1 1 0
1  363 0 4.52612867680813 4.71238898038469
2  750 168 0 4.52612867680813 4.71238898038469
2  751 171 0 4.52612867680813 4.71238898038469
0

0101000
+330 0 -328 0 *
Ve
1.5e-07
18.35 5.795 38.69
0 0

0101101
*
Ed
 1.5e-07 1 1 0
1  364 0 1.81 5
2  752 168 0 1.81 5
2  753 172 0 1.81 5
0

0101000
+328 0 -326 0 *
Ve
1.5e-07
18.35 4.445 40.04
0 0

0101101
*
Ed
 1e-07 1 1 0
1  365 0 1.5707963267949 3.14159265358979
2  754 168 0 1.5707963267949 3.14159265358979
2  755 173 0 1.5707963267949 3.14159265358979
0

0101000
+326 0 -324 0 *
Ve
1.5e-07
18.35 -4.445 40.04
0 0

0101101
*
Ed
 1.5e-07 1 1 0
1  366 0 -6.6675 2.2225
2  756 168 0 -6.6675 2.2225
2  757 174 0 -6.6675 2.2225
0

0101000
+324 0 -322 0 *
Ve
1.5e-07
18.35 -5.795 38.69
0 0

0101101
*
Ed
 1e-07 1 1 0
1  367 0 3.14159265358979 4.71238898038469
2  758 168 0 3.14159265358979 4.71238898038469
2  759 175 0 3.14159265358979 4.71238898038469
0

0101000
+322 0 -320 0 *
Ve
1.5e-07
18.35 -5.795 35.5
0 0

0101101
*
Ed
 1.5e-07 1 1 0
1  368 0 1.81 5
2  760 168 0 1.81 5
2  761 176 0 1.81 5
0

0101000
+318 0 -320 0 *
Ve
1.00000003662053e-07
18.35 -5.77164991614216 35.25
0 0

0101101
*
Ed
 1e-07 1 1 0
1  369 0 1.5707963267949 1.75705663037146
2  762 168 0 1.5707963267949 1.75705663037146
2  763 177 0 1.5707963267949 1.75705663037146
0

0101000
+318 0 -316 0 *
Ve
1.00000005024296e-07
18.35 -5.77164991614216 28.25
0 0

0101101
*
Ed
 1e-07 1 1 0
1  370 0 0.250000000000004 7.24999999999999
2  764 168 0 0.250000000000004 7.24999999999999
2  765 178 0 0.250000000000004 7.24999999999999
0

0101000
+314 0 -316 0 *
Ve
1.5e-07
18.35 -5.795 28
0 0

0101101
*
Ed
 1e-07 1 1 0
1  371 0 4.52612867680813 4.71238898038469
2  766 168 0 4.52612867680813 4.71238898038469
2  767 179 0 4.52612867680813 4.71238898038469
0

0101000
+314 0 -312 0 *
Ve
1.5e-07
18.35 -5.795 24.2891848263839
0 0

0101101
*
Ed
 1.5e-07 1 1 0
1  372 0 -3.65081517361607 0.0600000000000023
2  768 168 0 -3.65081517361607 0.0600000000000023
2  769 43 0 -3.65081517361607 0.0600000000000023
0

0101000
+310 0 -312 0 *
Ed
 1e-07 1 1 0
1  360 0 0 2.48955626882482
2  770 19 0 0 2.48955626882482
2  744 168 0 0 2.48955626882482
0

0101000
+334 0 -310 0 *
Wi

0101000
+333 0 -340 0 -331 0 -329 0 -327 0 -325 0 -323 0 -321 0 -319 0 +317 0 
-315 0 +313 0 -311 0 +309 0 +308 0 *
Fa
0  1e-07 168 0

0101000
+307 0 *
Ve
1e-06
18.985 5.46444838025276 28.885
0 0

0101101
*
Ed
 1e-06 1 1 0
2  771 169 0 1.5707963267949 2.28571440453913
1  373 0 1.5707963267949 2.28571440453913
2  772 180 0 1.5707963267949 2.28571440453913
4 G1 169 0 180 0
0

0101000
+339 0 -305 0 *
Ed
 1e-07 1 1 0
1  374 0 4.89864928396125 5.42730705812892
2  773 169 0 4.89864928396125 5.42730705812892
2  774 181 0 4.89864928396125 5.42730705812892
2  775 170 0 4.89864928396125 5.42730705812892
0

0101000
+332 0 -305 0 *
Wi

0101100
-338 0 -304 0 +303 0 +331 0 *
Fa
0  1e-07 169 0

0101000
+302 0 *
Ve
1e-06
18.5 5.795 35.5
0 0

0101101
*
Ed
 1e-07 1 1 0
2  776 172 0 0.550000000000001 0.699999999999999
1  375 0 0.550000000000001 0.699999999999999
2  777 171 0 0.550000000000001 0.699999999999999
4 G1 172 0 171 0
0

0101000
+328 0 -300 0 *
Ve
1e-06
18.5 5.73437969582277 35.1
0 0

0101101
*
Ed
 1e-06 1 1 0
2  778 171 0 1.5707963267949 1.87160880205149
1  376 0 1.5707963267949 1.87160880205149
2  779 182 0 1.5707963267949 1.87160880205149
4 G1 171 0 182 0
0

0101000
+300 0 -298 0 *
Ed
 1e-07 1 1 0
1  377 0 4.41157650512808 4.52612867680813
2  780 183 0 4.41157650512808 4.52612867680813
2  781 171 0 4.41157650512808 4.52612867680813
2  782 170 0 4.41157650512808 4.52612867680813
0

0101000
+298 0 -330 0 *
Wi

0101100
-299 0 -297 0 -296 0 -327 0 *
Fa
0  1e-07 171 0

0101000
+295 0 *
Ve
1e-06
18.5 5.795 38.69
0 0

0101101
*
Ed
 1e-07 1 1 0
2  783 172 0 0 3.19
1  378 0 0 3.19
2  784 184 0 0 3.19
4 G1 172 0 184 0
0

0101000
+300 0 -293 0 *
Ed
 1e-07 1 1 0
2  785 172 0 0.550000000000001 0.699999999999999
1  379 0 0.550000000000001 0.699999999999999
2  786 173 0 0.550000000000001 0.699999999999999
4 G1 172 0 173 0
0

0101000
+326 0 -293 0 *
Wi

0101100
-299 0 -292 0 +291 0 +325 0 *
Fa
0  1e-07 172 0

0101000
+290 0 *
Ve
1e-06
18.5 4.445 40.04
0 0

0101101
*
Ed
 1e-06 1 1 0
2  787 173 0 1.5707963267949 3.14159265358979
1  380 0 1.5707963267949 3.14159265358979
2  788 185 0 1.5707963267949 3.14159265358979
4 G1 185 0 173 0
0

0101000
+293 0 -288 0 *
Ed
 1e-07 1 1 0
2  789 174 0 0.550000000000001 0.699999999999999
1  381 0 0.550000000000001 0.699999999999999
2  790 173 0 0.550000000000001 0.699999999999999
4 G1 174 0 173 0
0

0101000
+324 0 -288 0 *
Wi

0101100
-291 0 -287 0 +286 0 +323 0 *
Fa
0  1e-07 173 0

0101000
+285 0 *
Ve
1e-06
18.5 -4.445 40.04
0 0

0101101
*
Ed
 1e-07 1 1 0
2  791 174 0 0 8.89
1  382 0 0 8.89
2  792 186 0 0 8.89
4 G1 174 0 186 0
0

0101000
+283 0 -288 0 *
Ed
 1e-07 1 1 0
2  793 174 0 0.550000000000001 0.699999999999999
1  383 0 0.550000000000001 0.699999999999999
2  794 175 0 0.550000000000001 0.699999999999999
4 G1 174 0 175 0
0

0101000
+322 0 -283 0 *
Wi

0101100
+321 0 -286 0 +282 0 +281 0 *
Fa
0  1e-07 174 0

0101000
+280 0 *
Ve
1e-06
18.5 -5.795 38.69
0 0

0101101
*
Ed
 1e-07 1 1 0
2  795 176 0 0.550000000000001 0.699999999999999
1  384 0 0.550000000000001 0.699999999999999
2  796 175 0 0.550000000000001 0.699999999999999
4 G1 176 0 175 0
0

0101000
+320 0 -278 0 *
Ed
 1e-06 1 1 0
2  797 175 0 1.5707963267949 3.14159265358979
1  385 0 1.5707963267949 3.14159265358979
2  798 187 0 1.5707963267949 3.14159265358979
4 G1 187 0 175 0
0

0101000
+278 0 -283 0 *
Wi

0101100
-277 0 -276 0 +281 0 -319 0 *
Fa
0  1e-07 175 0

0101000
+275 0 *
Ve
1e-06
18.5 -5.795 35.5
0 0

0101101
*
Ed
 1e-07 1 1 0
2  799 176 0 0.550000000000001 0.699999999999999
1  386 0 0.550000000000001 0.699999999999999
2  800 177 0 0.550000000000001 0.699999999999999
4 G1 176 0 177 0
0

0101000
+318 0 -273 0 *
Ed
 1e-07 1 1 0
2  801 176 0 0 3.19
1  387 0 0 3.19
2  802 188 0 0 3.19
4 G1 188 0 176 0
0

0101000
+273 0 -278 0 *
Wi

0101100
-272 0 -271 0 +277 0 +317 0 *
Fa
0  1e-07 176 0

0101000
+270 0 *
Ve
1e-06
18.5 -5.73437969582277 35.1
0 0

0101101
*
Ed
 1e-06 1 1 0
2  803 177 0 1.5707963267949 1.87160880205149
1  388 0 1.5707963267949 1.87160880205149
2  804 189 0 1.5707963267949 1.87160880205149
4 G1 177 0 189 0
0

0101000
+273 0 -268 0 *
Ed
 1e-07 1 1 0
1  389 0 1.75705663037146 1.8716088020515
2  805 190 0 1.75705663037146 1.8716088020515
2  806 177 0 1.75705663037146 1.8716088020515
2  807 178 0 1.75705663037146 1.8716088020515
0

0101000
+316 0 -268 0 *
Wi

0101100
-272 0 -267 0 +266 0 +315 0 *
Fa
0  1e-07 177 0

0101000
+265 0 *
Ve
1e-06
18.985 -5.795 28
0 0

0101101
*
Ed
 1.5e-07 1 1 0
2  808 43 0 0.550000000000001 1.185
1  390 0 0.550000000000001 1.185
2  809 179 0 0.550000000000001 1.185
4 G1 179 0 43 0
0

0101000
+312 0 -263 0 *
Ve
1e-06
18.985 -5.46444838025276 28.885
0 0

0101101
*
Ed
 1e-06 1 1 0
2  810 179 0 1.5707963267949 2.28571440453913
1  391 0 1.5707963267949 2.28571440453913
2  811 191 0 1.5707963267949 2.28571440453913
4 G1 179 0 191 0
0

0101000
+263 0 -261 0 *
Ed
 1e-07 1 1 0
1  392 0 0.855878249050669 1.38453602321834
2  812 179 0 0.855878249050669 1.38453602321834
2  813 192 0 0.855878249050669 1.38453602321834
2  814 178 0 0.855878249050669 1.38453602321834
0

0101000
+261 0 -314 0 *
Wi

0101100
-262 0 -260 0 -259 0 -311 0 *
Fa
0  1e-07 179 0

0101000
+258 0 *
Ve
1e-06
20.335 4.445 28
0 0

0101101
*
Ve
1.00000001598721e-06
19.45 4.445 29.2673890483983
0 0

0101101
*
Ed
 1e-06 1 1 0
2  815 193 0 1.5707963267949 2.78994570055993
1  393 0 1.5707963267949 2.78994570055993
2  816 180 0 1.5707963267949 2.78994570055993
4 G1 180 0 193 0
0

0101000
+256 0 -255 0 *
Ed
 1e-07 1 1 0
1  394 0 0 1
2  817 180 0 0 1
2  818 181 0 0 1
2  819 170 0 0 1
0

0101000
+305 0 -255 0 *
Ed
 1e-06 1 1 0
2  820 194 0 1.5707963267949 3.14159265358979
1  395 0 1.5707963267949 3.14159265358979
2  821 180 0 1.5707963267949 3.14159265358979
4 G1 194 0 180 0
2  822 25 0 1.5707963267949 3.14159265358979
0

0101000
+256 0 -339 0 *
Wi

0101100
-254 0 +253 0 +304 0 +252 0 *
Fa
0  1e-07 180 0

0101000
+251 0 *
Ve
1e-06
19.85 4.445 35.5
0 0

0101101
*
Ed
 1e-06 1 1 0
2  823 184 0 1.5707963267949 3.14159265358979
1  396 0 1.5707963267949 3.14159265358979
2  824 182 0 1.5707963267949 3.14159265358979
4 G1 182 0 184 0
0

0101000
+249 0 -300 0 *
Ve
1.0000000124345e-06
19.45 4.445 34.5408336953374
0 0

0101101
*
Ed
 1e-07 1 1 0
1  397 0 0 1
2  825 183 0 0 1
2  826 182 0 0 1
2  827 170 0 0 1
0

0101000
+247 0 -298 0 *
Ed
 1e-06 1 1 0
2  828 195 0 1.5707963267949 2.36099566136769
1  398 0 1.5707963267949 2.36099566136769
2  829 182 0 1.5707963267949 2.36099566136769
4 G1 182 0 195 0
0

0101000
+249 0 -247 0 *
Wi

0101100
-248 0 -297 0 +246 0 +245 0 *
Fa
0  1e-07 182 0

0101000
+244 0 *
Ve
1e-06
19.85 4.445 38.69
0 0

0101101
*
Ed
 1e-07 1 1 0
2  830 196 0 0 3.19
1  399 0 0 3.19
2  831 184 0 0 3.19
4 G1 196 0 184 0
0

0101000
+249 0 -242 0 *
Ed
 1e-06 1 1 0
2  832 184 0 1.5707963267949 3.14159265358979
1  400 0 1.5707963267949 3.14159265358979
2  833 185 0 1.5707963267949 3.14159265358979
4 G1 185 0 184 0
0

0101000
+242 0 -293 0 *
Wi

0101000
-241 0 +292 0 -240 0 +248 0 *
Fa
0  1e-07 184 0

0111000
+239 0 *
Ed
 1e-06 1 1 0
2  834 186 0 1.5707963267949 3.14159265358979
1  401 0 1.5707963267949 3.14159265358979
2  835 185 0 1.5707963267949 3.14159265358979
4 G1 186 0 185 0
0

0101000
+242 0 -288 0 *
Wi

0101000
-237 0 +240 0 +287 0 *
Fa
0  1e-07 185 0

0111000
+236 0 *
Ve
1e-06
19.85 -4.445 38.69
0 0

0101101
*
Ed
 1e-07 1 1 0
2  836 196 0 0 8.89
1  402 0 0 8.89
2  837 186 0 0 8.89
4 G1 196 0 186 0
0

0101000
+234 0 -242 0 *
Ed
 1e-06 1 1 0
2  838 186 0 1.5707963267949 3.14159265358979
1  403 0 1.5707963267949 3.14159265358979
2  839 187 0 1.5707963267949 3.14159265358979
4 G1 187 0 186 0
0

0101000
+234 0 -283 0 *
Wi

0101000
-233 0 +282 0 -237 0 +232 0 *
Fa
0  1e-07 186 0

0111000
+231 0 *
Ed
 1e-06 1 1 0
2  840 188 0 1.5707963267949 3.14159265358979
1  404 0 1.5707963267949 3.14159265358979
2  841 187 0 1.5707963267949 3.14159265358979
4 G1 187 0 188 0
0

0101000
+234 0 -278 0 *
Wi

0101000
-229 0 +232 0 -276 0 *
Fa
0  1e-07 187 0

0111000
+228 0 *
Ve
1e-06
19.85 -4.445 35.5
0 0

0101101
*
Ed
 1e-07 1 1 0
2  842 196 0 0 3.19
1  405 0 0 3.19
2  843 188 0 0 3.19
4 G1 196 0 188 0
0

0101000
+226 0 -234 0 *
Ed
 1e-06 1 1 0
2  844 188 0 1.5707963267949 3.14159265358979
1  406 0 1.5707963267949 3.14159265358979
2  845 189 0 1.5707963267949 3.14159265358979
4 G1 188 0 189 0
0

0101000
+226 0 -273 0 *
Wi

0101000
-225 0 +271 0 -229 0 +224 0 *
Fa
0  1e-07 188 0

0111000
+223 0 *
Ve
1.0000000124345e-06
19.45 -4.445 34.5408336953374
0 0

0101101
*
Ed
 1e-06 1 1 0
2  846 195 0 1.5707963267949 2.36099566136769
1  407 0 1.5707963267949 2.36099566136769
2  847 189 0 1.5707963267949 2.36099566136769
4 G1 195 0 189 0
0

0101000
+226 0 -221 0 *
Ed
 1e-07 1 1 0
1  408 0 0 1
2  848 190 0 0 1
2  849 189 0 0 1
2  850 178 0 0 1
0

0101000
+221 0 -268 0 *
Wi

0101100
-220 0 -219 0 +267 0 +224 0 *
Fa
0  1e-07 189 0

0101000
+218 0 *
Ve
1e-06
20.335 -4.445 28
0 0

0101101
*
Ed
 1e-06 1 1 0
2  851 197 0 1.5707963267949 3.14159265358979
1  409 0 1.5707963267949 3.14159265358979
2  852 191 0 1.5707963267949 3.14159265358979
4 G1 197 0 191 0
2  853 68 0 1.5707963267949 3.14159265358979
0

0101000
+216 0 -263 0 *
Ve
1.00000001598721e-06
19.45 -4.445 29.2673890483983
0 0

0101101
*
Ed
 1e-07 1 1 0
1  410 0 0 1
2  854 191 0 0 1
2  855 192 0 0 1
2  856 178 0 0 1
0

0101000
+261 0 -214 0 *
Ed
 1e-06 1 1 0
2  857 193 0 1.5707963267949 2.78994570055993
1  411 0 1.5707963267949 2.78994570055993
2  858 191 0 1.5707963267949 2.78994570055993
4 G1 191 0 193 0
0

0101000
+216 0 -214 0 *
Wi

0101100
-215 0 -260 0 -213 0 +212 0 *
Fa
0  1e-07 191 0

0101000
+211 0 *
Ed
 1.5e-07 1 1 0
2  859 198 0 0 8.89
1  412 0 0 8.89
2  860 193 0 0 8.89
4 G1 198 0 193 0
0

0101000
+216 0 -256 0 *
Ed
 1e-07 1 1 0
1  413 0 0 8.89
2  861 193 0 0 8.89
2  862 199 0 0 8.89
0

0101000
+214 0 -255 0 *
Wi

0101100
-209 0 -254 0 +208 0 +212 0 *
Fa
0  1e-07 193 0

0101000
+207 0 *
Ed
 1e-07 1 1 0
2  863 196 0 0 8.89
1  414 0 0 8.89
2  864 195 0 0 8.89
4 G1 196 0 195 0
0

0101000
+226 0 -249 0 *
Ed
 1e-07 1 1 0
1  415 0 0 8.89
2  865 200 0 0 8.89
2  866 195 0 0 8.89
0

0101000
+221 0 -247 0 *
Wi

0101100
-205 0 -245 0 +204 0 +220 0 *
Fa
0  1e-07 195 0

0101000
+203 0 *
Wi

0101000
-225 0 -233 0 +241 0 +205 0 *
Fa
0  1e-07 196 0

0111000
+201 0 *
Ve
1e-06
18.985 -5.795 28
0 0

0101101
*
Ed
 1e-07 1 1 0
1  416 0 1.29599382714595 5.6
2  867 142 0 1.29599382714595 5.6
0

0101000
+531 0 -199 5 *
Ve
1.5e-07
-18.35 5.795 28
0 0

0101101
*
Ed
 1.5e-07 1 1 0
1  417 0 0.550000000000001 1.185
2  868 202 0 0.550000000000001 1.185
2  869 137 0 0.550000000000001 1.185
4 G1 202 0 137 0
0

0101000
+197 9 -199 0 *
Ve
1.5e-07
-18.35 5.795 24.2891848263839
0 0

0101101
*
Ed
 1.5e-07 1 1 0
1  418 0 -0.0600000000000023 3.65081517361607
2  870 203 0 -0.0600000000000023 3.65081517361607
2  871 137 5 -0.0600000000000023 3.65081517361607
0

0101000
+197 0 -195 0 *
Ed
 1.5e-07 1 1 0
1  419 0 0 0.550000000000001
2  872 19 0 0 0.550000000000001
2  873 137 5 0 0.550000000000001
0

0101000
+195 0 -548 0 *
Wi

0101000
+542 5 -524 10 +530 0 +198 0 -196 5 +194 0 +193 0 -546 5 *
Fa
0  1.5e-07 201 0

0111000
+192 0 *
Ve
1e-07
-18.35 2.33907538637145e-15 41.43
0 0

0101101
*
Ed
 1e-07 1 1 0
1  420 0 3.79362903835476 6.28318530717959
2  874 19 0 3.79362903835476 6.28318530717959
2  875 203 0 3.79362903835476 6.28318530717959
0

0101000
+195 0 -190 0 *
Ve
1.00000005024296e-07
-18.35 5.77164991614216 28.25
0 0

0101101
*
Ed
 1e-07 1 1 0
1  421 0 4.52612867680813 4.71238898038469
2  876 203 0 4.52612867680813 4.71238898038469
2  877 202 5 4.52612867680813 4.71238898038469
0

0101000
+188 0 -197 0 *
Ve
1.00000003662053e-07
-18.35 5.77164991614216 35.25
0 0

0101101
*
Ed
 1e-07 1 1 0
1  422 0 0.25 7.24999999999999
2  878 203 0 0.25 7.24999999999999
2  879 204 0 0.25 7.24999999999999
0

0101000
+188 0 -186 0 *
Ve
1.5e-07
-18.35 5.795 35.5
0 0

0101101
*
Ed
 1e-07 1 1 0
1  423 0 1.5707963267949 1.75705663037146
2  880 203 0 1.5707963267949 1.75705663037146
2  881 205 13 1.5707963267949 1.75705663037146
0

0101000
+184 0 -186 0 *
Ve
1.5e-07
-18.35 5.795 38.69
0 0

0101101
*
Ed
 1.5e-07 1 1 0
1  424 0 -5 -1.81
2  882 203 0 -5 -1.81
2  883 206 13 -5 -1.81
0

0101000
+182 0 -184 0 *
Ve
1.5e-07
-18.35 4.445 40.04
0 0

0101101
*
Ed
 1e-07 1 1 0
1  425 0 3.14159265358979 4.71238898038469
2  884 203 0 3.14159265358979 4.71238898038469
2  885 207 13 3.14159265358979 4.71238898038469
0

0101000
+180 0 -182 0 *
Ve
1.5e-07
-18.35 -4.445 40.04
0 0

0101101
*
Ed
 1.5e-07 1 1 0
1  426 0 -2.2225 6.6675
2  886 203 0 -2.2225 6.6675
2  887 208 13 -2.2225 6.6675
0

0101000
+180 0 -178 0 *
Ve
1.5e-07
-18.35 -5.795 38.69
0 0

0101101
*
Ed
 1e-07 1 1 0
1  427 0 1.5707963267949 3.14159265358979
2  888 203 0 1.5707963267949 3.14159265358979
2  889 209 13 1.5707963267949 3.14159265358979
0

0101000
+176 0 -178 0 *
Ve
1.5e-07
-18.35 -5.795 35.5
0 0

0101101
*
Ed
 1.5e-07 1 1 0
1  428 0 -5 -1.81
2  890 203 0 -5 -1.81
2  891 210 13 -5 -1.81
0

0101000
+176 0 -174 0 *
Ve
1.00000003972055e-07
-18.35 -5.77164991614216 35.25
0 0

0101101
*
Ed
 1e-07 1 1 0
1  429 0 4.52612867680813 4.71238898038469
2  892 203 0 4.52612867680813 4.71238898038469
2  893 211 13 4.52612867680813 4.71238898038469
0

0101000
+172 0 -174 0 *
Ve
1.00000005024296e-07
-18.35 -5.77164991614216 28.25
0 0

0101101
*
Ed
 1e-07 1 1 0
1  430 0 -3.63 3.36999999999999
2  894 203 0 -3.63 3.36999999999999
2  895 212 0 -3.63 3.36999999999999
0

0101000
+170 0 -172 0 *
Ve
1.5e-07
-18.35 -5.795 28
0 0

0101101
*
Ed
 1e-07 1 1 0
1  431 0 1.5707963267949 1.75705663037146
2  896 203 0 1.5707963267949 1.75705663037146
2  897 213 5 1.5707963267949 1.75705663037146
0

0101000
+168 0 -170 0 *
Ve
1.50000001776357e-07
-18.35 -5.795 24.2891848263839
0 0

0101101
*
Ed
 1.5e-07 1 1 0
1  432 0 -0.0600000000000023 3.65081517361607
2  898 203 0 -0.0600000000000023 3.65081517361607
2  899 136 5 -0.0600000000000023 3.65081517361607
0

0101000
+168 0 -166 0 *
Ed
 1e-07 1 1 0
1  420 0 0 2.48955626882482
2  875 203 0 0 2.48955626882482
2  900 19 0 0 2.48955626882482
0

0101000
+190 0 -166 0 *
Wi

0101000
+189 0 +194 0 +187 0 -185 0 +183 0 +181 0 +179 0 -177 0 +175 0 -173 0 
+171 0 +169 0 +167 0 -165 0 +164 0 *
Fa
0  1e-07 203 0

0101000
+163 0 *
Ve
1e-06
18.985 5.795 28
0 0

0101101
*
Ed
 1.5e-07 1 1 0
1  433 0 0.550000000000001 1.185
2  901 136 0 0.550000000000001 1.185
2  902 213 0 0.550000000000001 1.185
4 G1 136 0 213 0
0

0101000
+168 9 -161 0 *
Ve
1e-06
-18.985 -5.46444838025276 28.885
0 0

0101101
*
Ed
 1e-06 1 1 0
1  434 0 1.5707963267949 2.28571440453913
2  903 213 0 1.5707963267949 2.28571440453913
2  904 214 0 1.5707963267949 2.28571440453913
4 G1 213 0 214 0
0

0101000
+161 0 -159 9 *
Ed
 1e-07 1 1 0
1  435 0 4.89864928396125 5.42730705812892
2  905 213 5 4.89864928396125 5.42730705812892
2  906 215 14 4.89864928396125 5.42730705812892
2  907 212 0 4.89864928396125 5.42730705812892
0

0101000
+170 0 -159 0 *
Wi

0101100
-160 5 -158 5 +157 0 +167 0 *
Fa
0  1e-07 213 5

0101000
+156 0 *
Ve
1e-06
-18.985 5.46444838025282 28.8849999999999
0 0

0101101
*
Ed
 1e-06 1 1 0
1  436 0 1.5707963267949 2.28571440453907
2  908 202 0 1.5707963267949 2.28571440453907
2  909 216 0 1.5707963267949 2.28571440453907
4 G1 202 0 216 0
0

0101000
+199 0 -154 9 *
Ed
 1e-07 1 1 0
1  437 0 0.855878249050715 1.38453602321834
2  910 202 5 0.855878249050715 1.38453602321834
2  911 217 14 0.855878249050715 1.38453602321834
2  912 204 0 0.855878249050715 1.38453602321834
0

0101000
+154 0 -188 0 *
Wi

0101100
-196 5 -153 5 -152 0 -187 0 *
Fa
0  1e-07 202 5

0101000
+151 0 *
Ve
1e-06
18.5 -5.795 35.5
0 0

0101101
*
Ed
 1e-07 1 1 0
1  438 0 0.550000000000001 0.699999999999999
2  913 206 0 0.550000000000001 0.699999999999999
2  914 205 0 0.550000000000001 0.699999999999999
4 G1 206 0 205 0
0

0101000
+184 15 -149 0 *
Ve
1e-06
-18.5 5.73437969582282 35.1000000000002
0 0

0101101
*
Ed
 1e-06 1 1 0
1  439 0 1.5707963267949 1.87160880205139
2  915 205 0 1.5707963267949 1.87160880205139
2  916 218 0 1.5707963267949 1.87160880205139
4 G1 205 0 218 0
0

0101000
+149 0 -147 15 *
Ed
 1e-07 1 1 0
1  440 0 1.75705663037146 1.87160880205144
2  917 219 16 1.75705663037146 1.87160880205144
2  918 205 13 1.75705663037146 1.87160880205144
2  919 204 0 1.75705663037146 1.87160880205144
0

0101000
+186 0 -147 0 *
Wi

0101100
-148 13 -146 13 +145 0 +183 0 *
Fa
0  1e-07 205 13

0101000
+144 0 *
Ve
1e-06
18.5 -5.795 38.69
0 0

0101101
*
Ed
 1e-07 1 1 0
1  441 0 0 3.19
2  920 220 0 0 3.19
2  921 206 0 0 3.19
4 G1 220 0 206 0
0

0101000
+149 0 -142 0 *
Ed
 1e-07 1 1 0
1  442 0 0.550000000000001 0.699999999999999
2  922 206 0 0.550000000000001 0.699999999999999
2  923 207 0 0.550000000000001 0.699999999999999
4 G1 206 0 207 0
0

0101000
+182 15 -142 0 *
Wi

0101100
-148 13 -141 13 +140 13 -181 0 *
Fa
0  1e-07 206 13

0101000
+139 0 *
Ve
1e-06
18.5 -4.445 40.04
0 0

0101101
*
Ed
 1e-06 1 1 0
1  443 0 1.5707963267949 3.14159265358979
2  924 221 0 1.5707963267949 3.14159265358979
2  925 207 0 1.5707963267949 3.14159265358979
4 G1 221 0 207 0
0

0101000
+142 0 -137 0 *
Ed
 1e-07 1 1 0
1  444 0 0.550000000000001 0.699999999999999
2  926 208 0 0.550000000000001 0.699999999999999
2  927 207 0 0.550000000000001 0.699999999999999
4 G1 208 0 207 0
0

0101000
+180 15 -137 0 *
Wi

0101100
-140 13 -136 13 +135 13 -179 0 *
Fa
0  1e-07 207 13

0101000
+134 0 *
Ve
1e-06
18.5 4.445 40.04
0 0

0101101
*
Ed
 1e-07 1 1 0
1  445 0 0.550000000000001 0.699999999999999
2  928 208 0 0.550000000000001 0.699999999999999
2  929 209 0 0.550000000000001 0.699999999999999
4 G1 208 0 209 0
0

0101000
+178 15 -132 0 *
Ed
 1e-07 1 1 0
1  446 0 0 8.89
2  930 222 0 0 8.89
2  931 208 0 0 8.89
4 G1 222 0 208 0
0

0101000
+137 0 -132 0 *
Wi

0101100
-177 0 -131 13 +130 13 +135 13 *
Fa
0  1e-07 208 13

0101000
+129 0 *
Ve
1e-06
18.5 5.795 38.69
0 0

0101101
*
Ed
 1e-07 1 1 0
1  447 0 0.550000000000001 0.699999999999999
2  932 210 0 0.550000000000001 0.699999999999999
2  933 209 0 0.550000000000001 0.699999999999999
4 G1 210 0 209 0
0

0101000
+176 15 -127 0 *
Ed
 1e-06 1 1 0
1  448 0 1.5707963267949 3.14159265358979
2  934 223 0 1.5707963267949 3.14159265358979
2  935 209 0 1.5707963267949 3.14159265358979
4 G1 223 0 209 0
0

0101000
+127 0 -132 0 *
Wi

0101100
-126 13 -125 13 +131 13 +175 0 *
Fa
0  1e-07 209 13

0101000
+124 0 *
Ve
1e-06
18.5 5.795 35.5
0 0

0101101
*
Ed
 1e-07 1 1 0
1  449 0 0.550000000000001 0.699999999999999
2  936 210 0 0.550000000000001 0.699999999999999
2  937 211 0 0.550000000000001 0.699999999999999
4 G1 210 0 211 0
0

0101000
+174 15 -122 0 *
Ed
 1e-07 1 1 0
1  450 0 0 3.19
2  938 210 0 0 3.19
2  939 224 0 0 3.19
4 G1 210 0 224 0
0

0101000
+122 0 -127 0 *
Wi

0101100
-121 13 -120 13 +126 13 -173 0 *
Fa
0  1e-07 210 13

0101000
+119 0 *
Ve
1e-06
-18.5 -5.73437969582277 35.1
0 0

0101101
*
Ed
 1e-06 1 1 0
1  451 0 1.5707963267949 1.87160880205149
2  940 211 0 1.5707963267949 1.87160880205149
2  941 225 0 1.5707963267949 1.87160880205149
4 G1 211 0 225 0
0

0101000
+122 0 -117 15 *
Ed
 1e-07 1 1 0
1  452 0 4.41157650512808 4.52612867680813
2  942 226 16 4.41157650512808 4.52612867680813
2  943 211 13 4.41157650512808 4.52612867680813
2  944 212 0 4.41157650512808 4.52612867680813
0

0101000
+117 0 -172 0 *
Wi

0101100
-121 13 -116 13 -115 0 -171 0 *
Fa
0  1e-07 211 13

0101000
+114 0 *
Ve
1e-06
20.335 4.445 28
0 0

0101101
*
Ve
1.00000001598721e-06
-19.45 -4.445 29.2673890483983
0 0

0101101
*
Ed
 1e-06 1 1 0
1  453 0 1.5707963267949 2.78994570055993
2  945 214 0 1.5707963267949 2.78994570055993
2  946 227 0 1.5707963267949 2.78994570055993
4 G1 214 0 227 0
0

0101000
+112 0 -111 9 *
Ed
 1e-07 1 1 0
1  454 0 0 1
2  947 214 5 0 1
2  948 215 14 0 1
2  949 212 0 0 1
0

0101000
+159 0 -111 0 *
Ed
 1e-06 1 1 0
1  455 0 1.5707963267949 3.14159265358979
2  950 228 0 1.5707963267949 3.14159265358979
2  951 214 0 1.5707963267949 3.14159265358979
4 G1 228 0 214 0
2  952 147 9 1.5707963267949 3.14159265358979
0

0101000
+112 0 -161 0 *
Wi

0101100
-110 5 +109 0 +158 5 +108 5 *
Fa
0  1e-07 214 5

0101000
+107 0 *
Ve
1e-06
20.335 -4.445 28
0 0

0101101
*
Ed
 1e-06 1 1 0
1  456 0 1.5707963267949 3.14159265358979
2  953 229 0 1.5707963267949 3.14159265358979
2  954 216 0 1.5707963267949 3.14159265358979
4 G1 229 0 216 0
2  955 142 9 1.5707963267949 3.14159265358979
0

0101000
+105 0 -199 0 *
Ve
1.00000001598721e-06
-19.45 4.445 29.2673890483983
0 0

0101101
*
Ed
 1e-07 1 1 0
1  457 0 0 1
2  956 216 5 0 1
2  957 217 14 0 1
2  958 204 0 0 1
0

0101000
+154 0 -103 0 *
Ed
 1e-06 1 1 0
1  458 0 1.5707963267949 2.78994570055993
2  959 216 0 1.5707963267949 2.78994570055993
2  960 227 0 1.5707963267949 2.78994570055993
4 G1 216 0 227 0
0

0101000
+105 0 -103 9 *
Wi

0101100
-104 5 -153 5 -102 0 +101 5 *
Fa
0  1e-07 216 5

0101000
+100 0 *
Ve
1e-06
19.85 -4.445 35.5
0 0

0101101
*
Ve
1.0000000124345e-06
-19.45 4.445 34.5408336953374
0 0

0101101
*
Ed
 1e-06 1 1 0
1  459 0 1.5707963267949 2.36099566136769
2  961 230 0 1.5707963267949 2.36099566136769
2  962 218 0 1.5707963267949 2.36099566136769
4 G1 230 0 218 0
0

0101000
+98 0 -97 15 *
Ed
 1e-07 1 1 0
1  460 0 0 1
2  963 219 16 0 1
2  964 218 13 0 1
2  965 204 0 0 1
0

0101000
+97 0 -147 0 *
Ed
 1e-06 1 1 0
1  461 0 1.5707963267949 3.14159265358979
2  966 220 0 1.5707963267949 3.14159265358979
2  967 218 0 1.5707963267949 3.14159265358979
4 G1 220 0 218 0
0

0101000
+98 0 -149 0 *
Wi

0101100
-96 13 -95 0 +146 13 +94 13 *
Fa
0  1e-07 218 13

0101000
+93 0 *
Ve
1e-06
19.85 -4.445 38.69
0 0

0101101
*
Ed
 1e-07 1 1 0
1  462 0 0 3.19
2  968 231 0 0 3.19
2  969 220 0 0 3.19
4 G1 231 0 220 0
0

0101000
+98 0 -91 0 *
Ed
 1e-06 1 1 0
1  463 0 1.5707963267949 3.14159265358979
2  970 220 0 1.5707963267949 3.14159265358979
2  971 221 0 1.5707963267949 3.14159265358979
4 G1 220 0 221 0
0

0101000
+91 0 -142 0 *
Wi

0101000
-90 0 +141 0 -89 0 +94 0 *
Fa
0  1e-07 220 0

0111000
+88 0 *
Ed
 1e-06 1 1 0
1  464 0 1.5707963267949 3.14159265358979
2  972 221 0 1.5707963267949 3.14159265358979
2  973 222 0 1.5707963267949 3.14159265358979
4 G1 221 0 222 0
0

0101000
+91 0 -137 0 *
Wi

0101000
-89 0 +86 0 -136 0 *
Fa
0  1e-07 221 0

0111000
+85 0 *
Ve
1e-06
19.85 4.445 38.69
0 0

0101101
*
Ed
 1e-07 1 1 0
1  465 0 0 8.89
2  974 231 0 0 8.89
2  975 222 0 0 8.89
4 G1 231 0 222 0
0

0101000
+91 0 -83 0 *
Ed
 1e-06 1 1 0
1  466 0 1.5707963267949 3.14159265358979
2  976 222 0 1.5707963267949 3.14159265358979
2  977 223 0 1.5707963267949 3.14159265358979
4 G1 222 0 223 0
0

0101000
+83 0 -132 0 *
Wi

0101000
-82 0 +130 0 -81 0 +86 0 *
Fa
0  1e-07 222 0

0111000
+80 0 *
Ed
 1e-06 1 1 0
1  467 0 1.5707963267949 3.14159265358979
2  978 223 0 1.5707963267949 3.14159265358979
2  979 224 0 1.5707963267949 3.14159265358979
4 G1 223 0 224 0
0

0101000
+83 0 -127 0 *
Wi

0101000
-81 0 +78 0 +125 0 *
Fa
0  1e-07 223 0

0111000
+77 0 *
Ve
1e-06
19.85 4.445 35.5
0 0

0101101
*
Ed
 1e-07 1 1 0
1  468 0 0 3.19
2  980 231 0 0 3.19
2  981 224 0 0 3.19
4 G1 231 0 224 0
0

0101000
+75 0 -83 0 *
Ed
 1e-06 1 1 0
1  469 0 1.5707963267949 3.14159265358979
2  982 225 0 1.5707963267949 3.14159265358979
2  983 224 0 1.5707963267949 3.14159265358979
4 G1 225 0 224 0
0

0101000
+75 0 -122 0 *
Wi

0101000
-74 0 +120 0 -78 0 +73 0 *
Fa
0  1e-07 224 0

0111000
+72 0 *
Ve
1.0000000124345e-06
-19.45 -4.445 34.5408336953374
0 0

0101101
*
Ed
 1e-07 1 1 0
1  470 0 0 1
2  984 226 16 0 1
2  985 225 13 0 1
2  986 212 0 0 1
0

0101000
+70 0 -117 0 *
Ed
 1e-06 1 1 0
1  471 0 1.5707963267949 2.36099566136769
2  987 230 0 1.5707963267949 2.36099566136769
2  988 225 0 1.5707963267949 2.36099566136769
4 G1 230 0 225 0
0

0101000
+75 0 -70 15 *
Wi

0101100
-73 13 -116 13 +69 0 +68 13 *
Fa
0  1e-07 225 13

0101000
+67 0 *
Ed
 1.5e-07 1 1 0
1  472 0 0 8.89
2  989 232 0 0 8.89
2  990 227 0 0 8.89
4 G1 232 0 227 0
0

0101000
+105 0 -112 0 *
Ed
 1e-07 1 1 0
1  473 0 0 8.89
2  991 227 5 0 8.89
2  992 233 14 0 8.89
0

0101000
+103 0 -111 0 *
Wi

0101100
-65 5 -110 5 +64 0 +101 5 *
Fa
0  1e-07 227 5

0101000
+63 0 *
Ed
 1e-07 1 1 0
1  474 0 0 8.89
2  993 231 0 0 8.89
2  994 230 0 0 8.89
4 G1 231 0 230 0
0

0101000
+98 0 -75 0 *
Ed
 1e-07 1 1 0
1  475 0 0 8.89
2  995 234 16 0 8.89
2  996 230 13 0 8.89
0

0101000
+97 0 -70 0 *
Wi

0101100
-61 13 -68 13 +60 0 +96 13 *
Fa
0  1e-07 230 13

0101000
+59 0 *
Wi

0101000
-90 0 -82 0 +74 0 +61 0 *
Fa
0  1e-07 231 0

0111000
+57 0 *
Ed
 1e-07 1 1 0
1  476 0 1.29599382714595 5.6
2  997 68 0 1.29599382714595 5.6
0

0101000
+1017 0 -263 0 *
Ed
 1.5e-07 1 1 0
1  477 0 36.15 36.7
2  998 19 0 36.15 36.7
2  999 43 0 36.15 36.7
0

0101000
+1143 0 -310 0 *
Wi

0101000
+1104 0 -1022 0 +1016 0 +55 0 -262 0 -309 0 -54 0 -1140 0 *
Fa
0  1.5e-07 235 0

0111000
+53 0 *
Ed
 1.5e-07 1 1 0
1  478 0 0 0.550000000000001
2  1000 136 5 0 0.550000000000001
2  1001 19 0 0 0.550000000000001
0

0101000
+166 0 -553 0 *
Ed
 1e-07 1 1 0
1  479 0 -0.304006172854137 4
2  1002 147 0 -0.304006172854137 4
0

0101000
+513 0 -161 5 *
Wi

0101000
-502 5 +551 5 -51 0 -165 0 +160 5 -50 0 -511 0 +505 10 *
Fa
0  1.5e-07 236 0

0111000
+49 0 *
Ed
 1e-07 1 1 0
1  480 0 -1.6 4
2  1003 68 0 -1.6 4
0

0101000
+792 0 -216 0 *
Ed
 1e-07 1 1 0
1  481 0 0 5.6
2  1004 25 0 0 5.6
0

0101000
+1211 0 -256 0 *
Wi

0101000
-47 0 +784 0 -689 0 +698 0 -702 0 +810 0 +46 0 -209 0 *
Fa
0  1.5e-07 237 0

0111000
+45 0 *
Ed
 1e-07 1 1 0
1  482 0 1.26738904839834 6.54083369533743
2  1005 170 0 1.26738904839834 6.54083369533743
0

0101000
+255 0 -247 0 *
Ed
 1e-07 1 1 0
1  483 0 -2.61261095160166 2.66083369533743
2  1006 178 0 -2.61261095160166 2.66083369533743
0

0101000
+214 0 -221 0 *
Wi

0101000
+208 0 +43 0 -204 0 -42 0 *
Fa
0  1e-07 238 0

0111000
+41 0 *
Wi

0101100
+899 0 -823 0 +766 0 +831 0 +936 0 +932 0 -801 0 +714 0 -1246 0 -667 0 
-771 0 -909 0 *
Fa
0  1e-07 239 0

0101000
+39 0 *
Wi

0101100
+738 7 +633 7 +561 4 +495 4 -457 4 +412 1 -1261 1 -421 1 -439 4 -489 4 
+572 4 -654 7 *
Fa
0  1e-07 240 0

0101000
+37 0 *
Ed
 1e-07 1 1 0
1  484 0 -1.6 4
2  1007 142 0 -1.6 4
0

0101000
+435 10 -105 5 *
Ed
 1e-07 1 1 0
1  485 0 0 5.6
2  1008 147 0 0 5.6
0

0101000
+404 10 -112 5 *
Wi

0101000
-35 0 +428 10 -360 0 +367 0 -371 0 +403 10 +34 0 -65 5 *
Fa
0  1.5e-07 241 0

0111000
+33 0 *
Ed
 1e-07 1 1 0
1  486 0 1.26738904839834 6.54083369533743
2  1009 212 0 1.26738904839834 6.54083369533743
0

0101000
+111 0 -70 0 *
Ed
 1e-07 1 1 0
1  487 0 -2.61261095160166 2.66083369533743
2  1010 204 0 -2.61261095160166 2.66083369533743
0

0101000
+103 0 -97 0 *
Wi

0101000
+64 0 +31 0 -60 0 -30 0 *
Fa
0  1e-07 242 0

0111000
+29 0 *
Wi

0101100
+1186 0 +1152 0 -1133 0 +1142 0 +54 0 -308 0 -333 0 -342 0 -1159 0 -1168 0 
-1173 0 +1188 0 *
Fa
0  1e-07 19 0

0111000
+27 0 *
Wi

0101100
-1228 0 -1219 0 -603 0 +547 0 -193 0 +189 0 +164 0 +51 0 -552 0 -579 0 
+660 0 -1230 0 *
Fa
0  1e-07 19 0

0111000
+25 0 *
Wi

0101100
+1067 0 +1056 0 +1084 0 +1154 0 -1183 0 -1192 0 -1172 0 -1125 0 -1077 0 +1066 0 
*
Fa
0  1e-07 32 0

0111000
+23 0 *
Wi

0101100
-1234 2 -659 0 -722 0 -835 0 +878 2 +880 2 +868 0 +752 0 +1221 0 -1225 2 
*
Fa
0  1e-07 17 0

0111000
+21 0 *
Wi

0101000
+1209 0 +924 0 -1030 0 +337 0 -252 0 -46 0 *
Fa
0  1e-07 25 0

0111000
+19 0 *
Wi

0101000
+329 0 -296 0 -246 0 -43 0 -253 0 -303 0 *
Fa
0  1e-07 170 0

0111000
+17 0 *
Wi

0101000
+259 0 +313 0 +266 0 -219 0 -42 0 -213 0 *
Fa
0  1e-07 178 0

0111000
+15 0 *
Wi

0101000
+914 0 -1014 0 +55 0 -215 0 -47 0 +788 0 *
Fa
0  1e-07 68 0

0111000
+13 0 *
Wi

0101000
+398 10 +466 0 -512 0 +50 0 -108 5 -34 0 *
Fa
0  1e-07 147 0

0111000
+11 0 *
Wi

0101000
+145 0 -95 0 -30 0 -102 0 +152 0 +185 0 *
Fa
0  1e-07 204 0

0111000
+9 0 *
Wi

0101000
-109 0 -157 0 +169 0 -115 0 -69 0 -31 0 *
Fa
0  1e-07 212 0

0111000
+7 0 *
Wi

0101000
+476 0 -528 0 +198 0 -104 5 -35 0 +432 10 *
Fa
0  1e-07 142 0

0111000
+5 0 *
Sh

0101000
+1257 1 +1252 1 +1242 0 +1237 0 +1223 0 +1212 0 +1202 0 +1195 0 +1181 0 +1170 0 
+1161 0 -1156 0 +1145 0 +1137 0 +1131 0 +1122 0 +1111 0 -1106 0 +1099 0 -1090 0 
+1081 0 +1070 0 -1059 0 -1051 0 -1044 0 +1041 0 +1034 0 +1026 0 -1023 0 +1020 0 
+1011 0 -1004 0 +1001 0 -994 0 +964 0 +959 0 +954 0 -949 0 +944 0 -941 0 
-934 0 -928 0 +925 0 -922 0 -917 0 -912 0 +905 0 +902 0 -896 0 +893 0 
-885 0 +883 0 -874 0 -865 0 +860 0 +857 0 -848 0 +845 0 +840 0 +833 0 
-828 0 -825 0 +820 0 +817 0 +815 0 +812 0 +803 0 +798 0 +793 0 +786 0 
+777 0 +774 0 +769 0 +767 0 -762 0 -755 0 +749 0 +746 7 -741 7 -734 7 
+729 0 +720 0 +718 0 +716 0 -712 0 +707 0 +700 0 +693 0 -687 0 +682 0 
-677 0 -672 0 +669 0 +665 0 +657 0 +651 0 -646 0 +641 4 +639 7 +636 7 
-631 0 -626 0 +621 4 +618 0 +615 0 -612 0 +610 0 +601 0 -592 0 +581 0 
+574 0 -569 0 +564 4 -559 0 -554 4 -549 0 +544 0 +539 0 -534 4 +525 0 
+522 0 +517 4 +508 0 -503 0 -500 0 +497 4 -491 4 +486 4 +484 4 -479 4 
-474 0 +469 4 -464 0 +461 4 +450 0 +447 4 +436 0 +430 0 +423 0 +419 0 
+417 0 -409 0 +406 0 +399 0 +396 0 -391 0 +386 0 +383 1 +376 1 +369 0 
+362 0 -358 0 -355 1 +352 1 -348 1 +346 1 +344 1 +335 0 +306 0 +301 0 
-294 0 +289 0 +284 0 +279 0 -274 0 -269 0 +264 0 -257 0 +250 0 +243 0 
+238 0 +235 0 -230 0 +227 0 -222 0 +217 0 +210 0 -206 0 +202 0 +200 0 
+191 0 -162 0 +155 0 -150 0 +143 0 -138 0 -133 0 +128 0 +123 0 +118 0 
-113 0 +106 0 +99 0 +92 0 -87 13 +84 13 -79 13 +76 13 +71 13 +66 0 
-62 0 +58 0 +56 13 +52 0 +48 0 +44 0 +40 0 +38 0 +36 0 +32 0 
+28 0 +26 0 +24 0 +22 0 +20 0 +18 0 +16 0 -14 0 -12 0 +10 0 
-8 0 +6 0 -4 0 *
So

0100000
+3 0 *
Co

1100000
+2 0 *

+1 0 