ISO-10303-21;
HEADER;
FILE_DESCRIPTION(('FreeCAD Model'),'2;1');
FILE_NAME('Open CASCADE Shape Model','2026-09-11T17:49:14',('FreeCAD'),(
    'FreeCAD'),'Open CASCADE STEP processor 7.8','FreeCAD','Unknown');
FILE_SCHEMA(('AUTOMOTIVE_DESIGN { 1 0 10303 214 1 1 1 1 }'));
ENDSEC;
DATA;
#1 = APPLICATION_PROTOCOL_DEFINITION('international standard',
  'automotive_design',2000,#2);
#2 = APPLICATION_CONTEXT(
  'core data for automotive mechanical design processes');
#3 = SHAPE_DEFINITION_REPRESENTATION(#4,#10);
#4 = PRODUCT_DEFINITION_SHAPE('','',#5);
#5 = PRODUCT_DEFINITION('design','',#6,#9);
#6 = PRODUCT_DEFINITION_FORMATION('','',#7);
#7 = PRODUCT('Open CASCADE STEP translator 7.8 3',
  'Open CASCADE STEP translator 7.8 3','',(#8));
#8 = PRODUCT_CONTEXT('',#2,'mechanical');
#9 = PRODUCT_DEFINITION_CONTEXT('part definition',#2,'design');
#10 = ADVANCED_BREP_SHAPE_REPRESENTATION('',(#11,#15),#5870);
#11 = AXIS2_PLACEMENT_3D('',#12,#13,#14);
#12 = CARTESIAN_POINT('',(0.,0.,0.));
#13 = DIRECTION('',(0.,0.,1.));
#14 = DIRECTION('',(1.,0.,-0.));
#15 = MANIFOLD_SOLID_BREP('',#16);
#16 = CLOSED_SHELL('',(#17,#50,#70,#192,#285,#309,#418,#493,#583,#651,
    #682,#706,#730,#781,#812,#836,#860,#911,#945,#990,#1014,#1060,#1086,
    #1131,#1156,#1194,#1502,#2189,#2267,#2284,#2357,#2617,#2634,#2651,
    #2668,#2680,#2697,#2714,#2731,#2748,#2765,#2777,#2800,#2831,#2862,
    #2885,#2916,#2947,#3014,#3026,#3044,#3106,#3138,#3162,#3186,#3204,
    #3246,#3263,#3294,#3312,#3344,#3368,#3392,#3410,#3442,#3466,#3490,
    #3508,#3540,#3564,#3588,#3606,#3638,#3662,#3686,#3704,#3736,#3760,
    #3784,#3802,#3834,#3858,#3882,#3900,#3912,#4034,#4077,#4108,#4139,
    #4182,#4213,#4244,#4275,#4299,#4323,#4347,#4371,#4388,#4419,#4443,
    #4467,#4491,#4515,#4532,#4600,#4644,#4691,#4717,#4763,#4789,#4836,
    #4862,#4901,#4932,#4963,#4994,#5025,#5050,#5075,#5100,#5130,#5152,
    #5200,#5282,#5304,#5435,#5485,#5516,#5538,#5569,#5591,#5608,#5626,
    #5646,#5662,#5708,#5735,#5744,#5790,#5817,#5826,#5848));
#17 = ADVANCED_FACE('',(#18),#45,.F.);
#18 = FACE_BOUND('',#19,.F.);
#19 = EDGE_LOOP('',(#20,#29,#37,#44));
#20 = ORIENTED_EDGE('',*,*,#21,.F.);
#21 = EDGE_CURVE('',#22,#22,#24,.T.);
#22 = VERTEX_POINT('',#23);
#23 = CARTESIAN_POINT('',(35.,-8.572527594031E-15,-1.2));
#24 = CIRCLE('',#25,35.);
#25 = AXIS2_PLACEMENT_3D('',#26,#27,#28);
#26 = CARTESIAN_POINT('',(0.,0.,-1.2));
#27 = DIRECTION('',(0.,0.,1.));
#28 = DIRECTION('',(1.,0.,0.));
#29 = ORIENTED_EDGE('',*,*,#30,.F.);
#30 = EDGE_CURVE('',#31,#22,#33,.T.);
#31 = VERTEX_POINT('',#32);
#32 = CARTESIAN_POINT('',(35.,-8.572527594031E-15,-6.25));
#33 = LINE('',#34,#35);
#34 = CARTESIAN_POINT('',(35.,-8.572527594031E-15,-6.25));
#35 = VECTOR('',#36,1.);
#36 = DIRECTION('',(0.,0.,1.));
#37 = ORIENTED_EDGE('',*,*,#38,.T.);
#38 = EDGE_CURVE('',#31,#31,#39,.T.);
#39 = CIRCLE('',#40,35.);
#40 = AXIS2_PLACEMENT_3D('',#41,#42,#43);
#41 = CARTESIAN_POINT('',(0.,0.,-6.25));
#42 = DIRECTION('',(0.,0.,1.));
#43 = DIRECTION('',(1.,0.,0.));
#44 = ORIENTED_EDGE('',*,*,#30,.T.);
#45 = CYLINDRICAL_SURFACE('',#46,35.);
#46 = AXIS2_PLACEMENT_3D('',#47,#48,#49);
#47 = CARTESIAN_POINT('',(0.,0.,-6.25));
#48 = DIRECTION('',(0.,0.,1.));
#49 = DIRECTION('',(1.,0.,0.));
#50 = ADVANCED_FACE('',(#51,#54),#65,.F.);
#51 = FACE_BOUND('',#52,.F.);
#52 = EDGE_LOOP('',(#53));
#53 = ORIENTED_EDGE('',*,*,#21,.T.);
#54 = FACE_BOUND('',#55,.F.);
#55 = EDGE_LOOP('',(#56));
#56 = ORIENTED_EDGE('',*,*,#57,.F.);
#57 = EDGE_CURVE('',#58,#58,#60,.T.);
#58 = VERTEX_POINT('',#59);
#59 = CARTESIAN_POINT('',(33.74,-8.263916600646E-15,-1.2));
#60 = CIRCLE('',#61,33.74);
#61 = AXIS2_PLACEMENT_3D('',#62,#63,#64);
#62 = CARTESIAN_POINT('',(0.,0.,-1.2));
#63 = DIRECTION('',(0.,0.,1.));
#64 = DIRECTION('',(1.,0.,0.));
#65 = PLANE('',#66);
#66 = AXIS2_PLACEMENT_3D('',#67,#68,#69);
#67 = CARTESIAN_POINT('',(0.,0.,-1.2));
#68 = DIRECTION('',(0.,0.,1.));
#69 = DIRECTION('',(1.,0.,0.));
#70 = ADVANCED_FACE('',(#71,#74,#85,#119,#153),#187,.T.);
#71 = FACE_BOUND('',#72,.T.);
#72 = EDGE_LOOP('',(#73));
#73 = ORIENTED_EDGE('',*,*,#38,.T.);
#74 = FACE_BOUND('',#75,.T.);
#75 = EDGE_LOOP('',(#76));
#76 = ORIENTED_EDGE('',*,*,#77,.F.);
#77 = EDGE_CURVE('',#78,#78,#80,.T.);
#78 = VERTEX_POINT('',#79);
#79 = CARTESIAN_POINT('',(18.,-4.40872847693E-15,-6.25));
#80 = CIRCLE('',#81,18.);
#81 = AXIS2_PLACEMENT_3D('',#82,#83,#84);
#82 = CARTESIAN_POINT('',(0.,0.,-6.25));
#83 = DIRECTION('',(0.,0.,1.));
#84 = DIRECTION('',(1.,0.,0.));
#85 = FACE_BOUND('',#86,.T.);
#86 = EDGE_LOOP('',(#87,#97,#105,#113));
#87 = ORIENTED_EDGE('',*,*,#88,.T.);
#88 = EDGE_CURVE('',#89,#91,#93,.T.);
#89 = VERTEX_POINT('',#90);
#90 = CARTESIAN_POINT('',(7.7,-29.9,-6.25));
#91 = VERTEX_POINT('',#92);
#92 = CARTESIAN_POINT('',(-7.7,-29.9,-6.25));
#93 = LINE('',#94,#95);
#94 = CARTESIAN_POINT('',(-3.85,-29.9,-6.25));
#95 = VECTOR('',#96,1.);
#96 = DIRECTION('',(-1.,0.,0.));
#97 = ORIENTED_EDGE('',*,*,#98,.T.);
#98 = EDGE_CURVE('',#91,#99,#101,.T.);
#99 = VERTEX_POINT('',#100);
#100 = CARTESIAN_POINT('',(-7.7,-23.2,-6.25));
#101 = LINE('',#102,#103);
#102 = CARTESIAN_POINT('',(-7.7,-14.95,-6.25));
#103 = VECTOR('',#104,1.);
#104 = DIRECTION('',(0.,1.,0.));
#105 = ORIENTED_EDGE('',*,*,#106,.F.);
#106 = EDGE_CURVE('',#107,#99,#109,.T.);
#107 = VERTEX_POINT('',#108);
#108 = CARTESIAN_POINT('',(7.7,-23.2,-6.25));
#109 = LINE('',#110,#111);
#110 = CARTESIAN_POINT('',(-3.85,-23.2,-6.25));
#111 = VECTOR('',#112,1.);
#112 = DIRECTION('',(-1.,0.,0.));
#113 = ORIENTED_EDGE('',*,*,#114,.F.);
#114 = EDGE_CURVE('',#89,#107,#115,.T.);
#115 = LINE('',#116,#117);
#116 = CARTESIAN_POINT('',(7.7,-14.95,-6.25));
#117 = VECTOR('',#118,1.);
#118 = DIRECTION('',(0.,1.,0.));
#119 = FACE_BOUND('',#120,.T.);
#120 = EDGE_LOOP('',(#121,#131,#139,#147));
#121 = ORIENTED_EDGE('',*,*,#122,.T.);
#122 = EDGE_CURVE('',#123,#125,#127,.T.);
#123 = VERTEX_POINT('',#124);
#124 = CARTESIAN_POINT('',(-17.19597297692,-20.11040808579,-6.25));
#125 = VERTEX_POINT('',#126);
#126 = CARTESIAN_POINT('',(-14.29496844459,-15.55583097003,-6.25));
#127 = LINE('',#128,#129);
#128 = CARTESIAN_POINT('',(-8.707848604546,-6.784052821161,-6.25));
#129 = VECTOR('',#130,1.);
#130 = DIRECTION('',(0.537223061543,0.843440206622,0.));
#131 = ORIENTED_EDGE('',*,*,#132,.T.);
#132 = EDGE_CURVE('',#125,#133,#135,.T.);
#133 = VERTEX_POINT('',#134);
#134 = CARTESIAN_POINT('',(-8.053510915587,-19.53128162544,-6.25));
#135 = LINE('',#136,#137);
#136 = CARTESIAN_POINT('',(-12.73460406233,-16.54969363388,-6.25));
#137 = VECTOR('',#138,1.);
#138 = DIRECTION('',(0.843440206622,-0.537223061543,0.));
#139 = ORIENTED_EDGE('',*,*,#140,.F.);
#140 = EDGE_CURVE('',#141,#133,#143,.T.);
#141 = VERTEX_POINT('',#142);
#142 = CARTESIAN_POINT('',(-10.95451544791,-24.0858587412,-6.25));
#143 = LINE('',#144,#145);
#144 = CARTESIAN_POINT('',(-2.466391075543,-10.75950347657,-6.25));
#145 = VECTOR('',#146,1.);
#146 = DIRECTION('',(0.537223061543,0.843440206622,0.));
#147 = ORIENTED_EDGE('',*,*,#148,.F.);
#148 = EDGE_CURVE('',#123,#141,#149,.T.);
#149 = LINE('',#150,#151);
#150 = CARTESIAN_POINT('',(-15.63560859467,-21.10427074964,-6.25));
#151 = VECTOR('',#152,1.);
#152 = DIRECTION('',(0.843440206622,-0.537223061543,0.));
#153 = FACE_BOUND('',#154,.T.);
#154 = EDGE_LOOP('',(#155,#165,#173,#181));
#155 = ORIENTED_EDGE('',*,*,#156,.T.);
#156 = EDGE_CURVE('',#157,#159,#161,.T.);
#157 = VERTEX_POINT('',#158);
#158 = CARTESIAN_POINT('',(17.195972976921,20.11040808579,-6.25));
#159 = VERTEX_POINT('',#160);
#160 = CARTESIAN_POINT('',(14.29496844459,15.555830970031,-6.25));
#161 = LINE('',#162,#163);
#162 = CARTESIAN_POINT('',(8.707848604546,6.784052821161,-6.25));
#163 = VECTOR('',#164,1.);
#164 = DIRECTION('',(-0.537223061543,-0.843440206622,0.));
#165 = ORIENTED_EDGE('',*,*,#166,.T.);
#166 = EDGE_CURVE('',#159,#167,#169,.T.);
#167 = VERTEX_POINT('',#168);
#168 = CARTESIAN_POINT('',(8.053510915587,19.531281625447,-6.25));
#169 = LINE('',#170,#171);
#170 = CARTESIAN_POINT('',(12.734604062339,16.549693633885,-6.25));
#171 = VECTOR('',#172,1.);
#172 = DIRECTION('',(-0.843440206622,0.537223061543,0.));
#173 = ORIENTED_EDGE('',*,*,#174,.F.);
#174 = EDGE_CURVE('',#175,#167,#177,.T.);
#175 = VERTEX_POINT('',#176);
#176 = CARTESIAN_POINT('',(10.954515447918,24.085858741206,-6.25));
#177 = LINE('',#178,#179);
#178 = CARTESIAN_POINT('',(2.466391075543,10.759503476578,-6.25));
#179 = VECTOR('',#180,1.);
#180 = DIRECTION('',(-0.537223061543,-0.843440206622,0.));
#181 = ORIENTED_EDGE('',*,*,#182,.F.);
#182 = EDGE_CURVE('',#157,#175,#183,.T.);
#183 = LINE('',#184,#185);
#184 = CARTESIAN_POINT('',(15.63560859467,21.104270749644,-6.25));
#185 = VECTOR('',#186,1.);
#186 = DIRECTION('',(-0.843440206622,0.537223061543,0.));
#187 = PLANE('',#188);
#188 = AXIS2_PLACEMENT_3D('',#189,#190,#191);
#189 = CARTESIAN_POINT('',(0.,0.,-6.25));
#190 = DIRECTION('',(0.,0.,1.));
#191 = DIRECTION('',(1.,0.,0.));
#192 = ADVANCED_FACE('',(#193),#280,.F.);
#193 = FACE_BOUND('',#194,.F.);
#194 = EDGE_LOOP('',(#195,#206,#214,#223,#229,#230,#231,#240,#248,#257,
    #265,#274));
#195 = ORIENTED_EDGE('',*,*,#196,.F.);
#196 = EDGE_CURVE('',#197,#199,#201,.T.);
#197 = VERTEX_POINT('',#198);
#198 = CARTESIAN_POINT('',(33.502053668395,4.,0.));
#199 = VERTEX_POINT('',#200);
#200 = CARTESIAN_POINT('',(-33.50205366839,4.,0.));
#201 = CIRCLE('',#202,33.74);
#202 = AXIS2_PLACEMENT_3D('',#203,#204,#205);
#203 = CARTESIAN_POINT('',(0.,0.,0.));
#204 = DIRECTION('',(0.,0.,1.));
#205 = DIRECTION('',(1.,0.,0.));
#206 = ORIENTED_EDGE('',*,*,#207,.F.);
#207 = EDGE_CURVE('',#208,#197,#210,.T.);
#208 = VERTEX_POINT('',#209);
#209 = CARTESIAN_POINT('',(33.502053668395,4.,-1.));
#210 = LINE('',#211,#212);
#211 = CARTESIAN_POINT('',(33.502053668395,4.,-1.2));
#212 = VECTOR('',#213,1.);
#213 = DIRECTION('',(0.,0.,1.));
#214 = ORIENTED_EDGE('',*,*,#215,.F.);
#215 = EDGE_CURVE('',#216,#208,#218,.T.);
#216 = VERTEX_POINT('',#217);
#217 = CARTESIAN_POINT('',(33.74,-8.263916600646E-15,-1.));
#218 = CIRCLE('',#219,33.74);
#219 = AXIS2_PLACEMENT_3D('',#220,#221,#222);
#220 = CARTESIAN_POINT('',(0.,0.,-1.));
#221 = DIRECTION('',(0.,0.,1.));
#222 = DIRECTION('',(1.,0.,0.));
#223 = ORIENTED_EDGE('',*,*,#224,.F.);
#224 = EDGE_CURVE('',#58,#216,#225,.T.);
#225 = LINE('',#226,#227);
#226 = CARTESIAN_POINT('',(33.74,-8.263916600646E-15,-1.2));
#227 = VECTOR('',#228,1.);
#228 = DIRECTION('',(0.,0.,1.));
#229 = ORIENTED_EDGE('',*,*,#57,.T.);
#230 = ORIENTED_EDGE('',*,*,#224,.T.);
#231 = ORIENTED_EDGE('',*,*,#232,.F.);
#232 = EDGE_CURVE('',#233,#216,#235,.T.);
#233 = VERTEX_POINT('',#234);
#234 = CARTESIAN_POINT('',(33.502053668395,-4.,-1.));
#235 = CIRCLE('',#236,33.74);
#236 = AXIS2_PLACEMENT_3D('',#237,#238,#239);
#237 = CARTESIAN_POINT('',(0.,0.,-1.));
#238 = DIRECTION('',(0.,0.,1.));
#239 = DIRECTION('',(1.,0.,0.));
#240 = ORIENTED_EDGE('',*,*,#241,.T.);
#241 = EDGE_CURVE('',#233,#242,#244,.T.);
#242 = VERTEX_POINT('',#243);
#243 = CARTESIAN_POINT('',(33.502053668395,-4.,0.));
#244 = LINE('',#245,#246);
#245 = CARTESIAN_POINT('',(33.502053668395,-4.,-1.2));
#246 = VECTOR('',#247,1.);
#247 = DIRECTION('',(0.,0.,1.));
#248 = ORIENTED_EDGE('',*,*,#249,.F.);
#249 = EDGE_CURVE('',#250,#242,#252,.T.);
#250 = VERTEX_POINT('',#251);
#251 = CARTESIAN_POINT('',(-33.50205366839,-4.,0.));
#252 = CIRCLE('',#253,33.74);
#253 = AXIS2_PLACEMENT_3D('',#254,#255,#256);
#254 = CARTESIAN_POINT('',(0.,0.,0.));
#255 = DIRECTION('',(0.,0.,1.));
#256 = DIRECTION('',(1.,0.,0.));
#257 = ORIENTED_EDGE('',*,*,#258,.F.);
#258 = EDGE_CURVE('',#259,#250,#261,.T.);
#259 = VERTEX_POINT('',#260);
#260 = CARTESIAN_POINT('',(-33.50205366839,-4.,-1.));
#261 = LINE('',#262,#263);
#262 = CARTESIAN_POINT('',(-33.50205366839,-4.,-1.2));
#263 = VECTOR('',#264,1.);
#264 = DIRECTION('',(0.,0.,1.));
#265 = ORIENTED_EDGE('',*,*,#266,.F.);
#266 = EDGE_CURVE('',#267,#259,#269,.T.);
#267 = VERTEX_POINT('',#268);
#268 = CARTESIAN_POINT('',(-33.50205366839,4.,-1.));
#269 = CIRCLE('',#270,33.74);
#270 = AXIS2_PLACEMENT_3D('',#271,#272,#273);
#271 = CARTESIAN_POINT('',(0.,0.,-1.));
#272 = DIRECTION('',(0.,0.,1.));
#273 = DIRECTION('',(1.,0.,0.));
#274 = ORIENTED_EDGE('',*,*,#275,.T.);
#275 = EDGE_CURVE('',#267,#199,#276,.T.);
#276 = LINE('',#277,#278);
#277 = CARTESIAN_POINT('',(-33.50205366839,4.,-1.2));
#278 = VECTOR('',#279,1.);
#279 = DIRECTION('',(0.,0.,1.));
#280 = CYLINDRICAL_SURFACE('',#281,33.74);
#281 = AXIS2_PLACEMENT_3D('',#282,#283,#284);
#282 = CARTESIAN_POINT('',(0.,0.,-1.2));
#283 = DIRECTION('',(0.,0.,1.));
#284 = DIRECTION('',(1.,0.,0.));
#285 = ADVANCED_FACE('',(#286),#304,.F.);
#286 = FACE_BOUND('',#287,.F.);
#287 = EDGE_LOOP('',(#288,#289,#296,#303));
#288 = ORIENTED_EDGE('',*,*,#77,.F.);
#289 = ORIENTED_EDGE('',*,*,#290,.F.);
#290 = EDGE_CURVE('',#291,#78,#293,.T.);
#291 = VERTEX_POINT('',#292);
#292 = CARTESIAN_POINT('',(18.,-4.40872847693E-15,-8.95));
#293 = B_SPLINE_CURVE_WITH_KNOTS('',1,(#294,#295),.UNSPECIFIED.,.F.,.F.,
  (2,2),(1.,3.7),.PIECEWISE_BEZIER_KNOTS.);
#294 = CARTESIAN_POINT('',(18.,-4.40872847693E-15,-8.95));
#295 = CARTESIAN_POINT('',(18.,-4.40872847693E-15,-6.25));
#296 = ORIENTED_EDGE('',*,*,#297,.T.);
#297 = EDGE_CURVE('',#291,#291,#298,.T.);
#298 = CIRCLE('',#299,18.);
#299 = AXIS2_PLACEMENT_3D('',#300,#301,#302);
#300 = CARTESIAN_POINT('',(0.,0.,-8.95));
#301 = DIRECTION('',(0.,0.,1.));
#302 = DIRECTION('',(1.,0.,0.));
#303 = ORIENTED_EDGE('',*,*,#290,.T.);
#304 = CYLINDRICAL_SURFACE('',#305,18.);
#305 = AXIS2_PLACEMENT_3D('',#306,#307,#308);
#306 = CARTESIAN_POINT('',(0.,0.,-9.95));
#307 = DIRECTION('',(0.,0.,1.));
#308 = DIRECTION('',(1.,0.,0.));
#309 = ADVANCED_FACE('',(#310),#413,.F.);
#310 = FACE_BOUND('',#311,.F.);
#311 = EDGE_LOOP('',(#312,#320,#321,#329,#360,#368,#376,#384));
#312 = ORIENTED_EDGE('',*,*,#313,.F.);
#313 = EDGE_CURVE('',#89,#314,#316,.T.);
#314 = VERTEX_POINT('',#315);
#315 = CARTESIAN_POINT('',(7.7,-29.9,7.584429262033));
#316 = LINE('',#317,#318);
#317 = CARTESIAN_POINT('',(7.7,-29.9,-7.25));
#318 = VECTOR('',#319,1.);
#319 = DIRECTION('',(0.,0.,1.));
#320 = ORIENTED_EDGE('',*,*,#88,.T.);
#321 = ORIENTED_EDGE('',*,*,#322,.T.);
#322 = EDGE_CURVE('',#91,#323,#325,.T.);
#323 = VERTEX_POINT('',#324);
#324 = CARTESIAN_POINT('',(-7.7,-29.9,7.584429262033));
#325 = LINE('',#326,#327);
#326 = CARTESIAN_POINT('',(-7.7,-29.9,-7.25));
#327 = VECTOR('',#328,1.);
#328 = DIRECTION('',(0.,0.,1.));
#329 = ORIENTED_EDGE('',*,*,#330,.T.);
#330 = EDGE_CURVE('',#323,#331,#333,.T.);
#331 = VERTEX_POINT('',#332);
#332 = CARTESIAN_POINT('',(-6.3,-29.9,7.864796520819));
#333 = B_SPLINE_CURVE_WITH_KNOTS('',7,(#334,#335,#336,#337,#338,#339,
    #340,#341,#342,#343,#344,#345,#346,#347,#348,#349,#350,#351,#352,
    #353,#354,#355,#356,#357,#358,#359),.UNSPECIFIED.,.F.,.F.,(8,6,6,6,8
    ),(0.,0.146741961712,0.504708077478,0.852936281188,1.),
  .UNSPECIFIED.);
#334 = CARTESIAN_POINT('',(-7.7,-29.9,7.584429262033));
#335 = CARTESIAN_POINT('',(-7.382654564511,-29.9,7.655811288993));
#336 = CARTESIAN_POINT('',(-7.064366630058,-29.9,7.723021634913));
#337 = CARTESIAN_POINT('',(-6.745246034851,-29.9,7.786260098523));
#338 = CARTESIAN_POINT('',(-6.425384604247,-29.9,7.845672467296));
#339 = CARTESIAN_POINT('',(-6.104859995363,-29.9,7.901370110462));
#340 = CARTESIAN_POINT('',(-5.783737951793,-29.9,7.953441590256));
#341 = CARTESIAN_POINT('',(-4.677395134368,-29.9,8.120304301147));
#342 = CARTESIAN_POINT('',(-3.889522544348,-29.9,8.217481919448));
#343 = CARTESIAN_POINT('',(-3.099253372011,-29.9,8.294500126686));
#344 = CARTESIAN_POINT('',(-2.307270288247,-29.9,8.351700471695));
#345 = CARTESIAN_POINT('',(-1.514193240123,-29.9,8.389270919909));
#346 = CARTESIAN_POINT('',(-0.720583506481,-29.9,8.407287928682));
#347 = CARTESIAN_POINT('',(0.845088366718,-29.9,8.404243548804));
#348 = CARTESIAN_POINT('',(1.617041473806,-29.9,8.384232050124));
#349 = CARTESIAN_POINT('',(2.388433091842,-29.9,8.345707816653));
#350 = CARTESIAN_POINT('',(3.158743881078,-29.9,8.288593639595));
#351 = CARTESIAN_POINT('',(3.927400758953,-29.9,8.212707542016));
#352 = CARTESIAN_POINT('',(4.693772463489,-29.9,8.117720008563));
#353 = CARTESIAN_POINT('',(5.779503912885,-29.9,7.954127889209));
#354 = CARTESIAN_POINT('',(6.10133819776,-29.9,7.901981910755));
#355 = CARTESIAN_POINT('',(6.422573008266,-29.9,7.846194589556));
#356 = CARTESIAN_POINT('',(6.743142232132,-29.9,7.786676937329));
#357 = CARTESIAN_POINT('',(7.06296775738,-29.9,7.723317003468));
#358 = CARTESIAN_POINT('',(7.38195719623,-29.9,7.655968151153));
#359 = CARTESIAN_POINT('',(7.7,-29.9,7.584429262033));
#360 = ORIENTED_EDGE('',*,*,#361,.T.);
#361 = EDGE_CURVE('',#331,#362,#364,.T.);
#362 = VERTEX_POINT('',#363);
#363 = CARTESIAN_POINT('',(-6.3,-29.9,-5.75));
#364 = LINE('',#365,#366);
#365 = CARTESIAN_POINT('',(-6.3,-29.9,-6.5));
#366 = VECTOR('',#367,1.);
#367 = DIRECTION('',(0.,0.,-1.));
#368 = ORIENTED_EDGE('',*,*,#369,.T.);
#369 = EDGE_CURVE('',#362,#370,#372,.T.);
#370 = VERTEX_POINT('',#371);
#371 = CARTESIAN_POINT('',(6.3,-29.9,-5.75));
#372 = LINE('',#373,#374);
#373 = CARTESIAN_POINT('',(-7.,-29.9,-5.75));
#374 = VECTOR('',#375,1.);
#375 = DIRECTION('',(1.,0.,0.));
#376 = ORIENTED_EDGE('',*,*,#377,.F.);
#377 = EDGE_CURVE('',#378,#370,#380,.T.);
#378 = VERTEX_POINT('',#379);
#379 = CARTESIAN_POINT('',(6.3,-29.9,7.864796520819));
#380 = LINE('',#381,#382);
#381 = CARTESIAN_POINT('',(6.3,-29.9,-6.5));
#382 = VECTOR('',#383,1.);
#383 = DIRECTION('',(0.,0.,-1.));
#384 = ORIENTED_EDGE('',*,*,#385,.T.);
#385 = EDGE_CURVE('',#378,#314,#386,.T.);
#386 = B_SPLINE_CURVE_WITH_KNOTS('',7,(#387,#388,#389,#390,#391,#392,
    #393,#394,#395,#396,#397,#398,#399,#400,#401,#402,#403,#404,#405,
    #406,#407,#408,#409,#410,#411,#412),.UNSPECIFIED.,.F.,.F.,(8,6,6,6,8
    ),(0.,0.146741961712,0.504708077478,0.852936281188,1.),
  .UNSPECIFIED.);
#387 = CARTESIAN_POINT('',(-7.7,-29.9,7.584429262033));
#388 = CARTESIAN_POINT('',(-7.382654564511,-29.9,7.655811288993));
#389 = CARTESIAN_POINT('',(-7.064366630058,-29.9,7.723021634913));
#390 = CARTESIAN_POINT('',(-6.745246034851,-29.9,7.786260098523));
#391 = CARTESIAN_POINT('',(-6.425384604247,-29.9,7.845672467296));
#392 = CARTESIAN_POINT('',(-6.104859995363,-29.9,7.901370110462));
#393 = CARTESIAN_POINT('',(-5.783737951793,-29.9,7.953441590256));
#394 = CARTESIAN_POINT('',(-4.677395134368,-29.9,8.120304301147));
#395 = CARTESIAN_POINT('',(-3.889522544348,-29.9,8.217481919448));
#396 = CARTESIAN_POINT('',(-3.099253372011,-29.9,8.294500126686));
#397 = CARTESIAN_POINT('',(-2.307270288247,-29.9,8.351700471695));
#398 = CARTESIAN_POINT('',(-1.514193240123,-29.9,8.389270919909));
#399 = CARTESIAN_POINT('',(-0.720583506481,-29.9,8.407287928682));
#400 = CARTESIAN_POINT('',(0.845088366718,-29.9,8.404243548804));
#401 = CARTESIAN_POINT('',(1.617041473806,-29.9,8.384232050124));
#402 = CARTESIAN_POINT('',(2.388433091842,-29.9,8.345707816653));
#403 = CARTESIAN_POINT('',(3.158743881078,-29.9,8.288593639595));
#404 = CARTESIAN_POINT('',(3.927400758953,-29.9,8.212707542016));
#405 = CARTESIAN_POINT('',(4.693772463489,-29.9,8.117720008563));
#406 = CARTESIAN_POINT('',(5.779503912885,-29.9,7.954127889209));
#407 = CARTESIAN_POINT('',(6.10133819776,-29.9,7.901981910755));
#408 = CARTESIAN_POINT('',(6.422573008266,-29.9,7.846194589556));
#409 = CARTESIAN_POINT('',(6.743142232132,-29.9,7.786676937329));
#410 = CARTESIAN_POINT('',(7.06296775738,-29.9,7.723317003468));
#411 = CARTESIAN_POINT('',(7.38195719623,-29.9,7.655968151153));
#412 = CARTESIAN_POINT('',(7.7,-29.9,7.584429262033));
#413 = PLANE('',#414);
#414 = AXIS2_PLACEMENT_3D('',#415,#416,#417);
#415 = CARTESIAN_POINT('',(-7.7,-29.9,-7.25));
#416 = DIRECTION('',(0.,1.,0.));
#417 = DIRECTION('',(0.,0.,1.));
#418 = ADVANCED_FACE('',(#419),#488,.F.);
#419 = FACE_BOUND('',#420,.F.);
#420 = EDGE_LOOP('',(#421,#422,#423,#431,#439,#447,#455,#463,#471));
#421 = ORIENTED_EDGE('',*,*,#322,.F.);
#422 = ORIENTED_EDGE('',*,*,#98,.T.);
#423 = ORIENTED_EDGE('',*,*,#424,.T.);
#424 = EDGE_CURVE('',#99,#425,#427,.T.);
#425 = VERTEX_POINT('',#426);
#426 = CARTESIAN_POINT('',(-7.7,-23.2,14.05));
#427 = LINE('',#428,#429);
#428 = CARTESIAN_POINT('',(-7.7,-23.2,-7.25));
#429 = VECTOR('',#430,1.);
#430 = DIRECTION('',(0.,0.,1.));
#431 = ORIENTED_EDGE('',*,*,#432,.T.);
#432 = EDGE_CURVE('',#425,#433,#435,.T.);
#433 = VERTEX_POINT('',#434);
#434 = CARTESIAN_POINT('',(-7.7,-24.25,14.05));
#435 = LINE('',#436,#437);
#436 = CARTESIAN_POINT('',(-7.7,-27.075,14.05));
#437 = VECTOR('',#438,1.);
#438 = DIRECTION('',(0.,-1.,0.));
#439 = ORIENTED_EDGE('',*,*,#440,.T.);
#440 = EDGE_CURVE('',#433,#441,#443,.T.);
#441 = VERTEX_POINT('',#442);
#442 = CARTESIAN_POINT('',(-7.7,-24.25,17.45));
#443 = LINE('',#444,#445);
#444 = CARTESIAN_POINT('',(-7.7,-24.25,3.4));
#445 = VECTOR('',#446,1.);
#446 = DIRECTION('',(0.,0.,1.));
#447 = ORIENTED_EDGE('',*,*,#448,.F.);
#448 = EDGE_CURVE('',#449,#441,#451,.T.);
#449 = VERTEX_POINT('',#450);
#450 = CARTESIAN_POINT('',(-7.7,-29.9,17.45));
#451 = LINE('',#452,#453);
#452 = CARTESIAN_POINT('',(-7.7,-29.9,17.45));
#453 = VECTOR('',#454,1.);
#454 = DIRECTION('',(0.,1.,0.));
#455 = ORIENTED_EDGE('',*,*,#456,.F.);
#456 = EDGE_CURVE('',#457,#449,#459,.T.);
#457 = VERTEX_POINT('',#458);
#458 = CARTESIAN_POINT('',(-7.7,-29.9,9.));
#459 = LINE('',#460,#461);
#460 = CARTESIAN_POINT('',(-7.7,-29.9,-7.25));
#461 = VECTOR('',#462,1.);
#462 = DIRECTION('',(0.,0.,1.));
#463 = ORIENTED_EDGE('',*,*,#464,.T.);
#464 = EDGE_CURVE('',#457,#465,#467,.T.);
#465 = VERTEX_POINT('',#466);
#466 = CARTESIAN_POINT('',(-7.7,-28.09545505866,9.));
#467 = LINE('',#468,#469);
#468 = CARTESIAN_POINT('',(-7.7,-14.95,9.));
#469 = VECTOR('',#470,1.);
#470 = DIRECTION('',(0.,1.,0.));
#471 = ORIENTED_EDGE('',*,*,#472,.F.);
#472 = EDGE_CURVE('',#323,#465,#473,.T.);
#473 = B_SPLINE_CURVE_WITH_KNOTS('',7,(#474,#475,#476,#477,#478,#479,
    #480,#481,#482,#483,#484,#485,#486,#487),.UNSPECIFIED.,.F.,.F.,(8,6,
    8),(0.,0.93938613662,1.),.UNSPECIFIED.);
#474 = CARTESIAN_POINT('',(-7.7,-29.9,7.584429262033));
#475 = CARTESIAN_POINT('',(-7.7,-29.66816617917,7.786924061762));
#476 = CARTESIAN_POINT('',(-7.7,-29.43163040332,7.984037142752));
#477 = CARTESIAN_POINT('',(-7.7,-29.19148318075,8.176814798482));
#478 = CARTESIAN_POINT('',(-7.7,-28.94849327224,8.366001366961));
#479 = CARTESIAN_POINT('',(-7.7,-28.70326056732,8.55222938693));
#480 = CARTESIAN_POINT('',(-7.7,-28.45624122662,8.736051887893));
#481 = CARTESIAN_POINT('',(-7.7,-28.19175532412,8.929730290621));
#482 = CARTESIAN_POINT('',(-7.7,-28.17571795109,8.941461959982));
#483 = CARTESIAN_POINT('',(-7.7,-28.15967482254,8.953185834757));
#484 = CARTESIAN_POINT('',(-7.7,-28.14362604245,8.964902046274));
#485 = CARTESIAN_POINT('',(-7.7,-28.12757171365,8.976610724891));
#486 = CARTESIAN_POINT('',(-7.7,-28.11151193781,8.988311999994));
#487 = CARTESIAN_POINT('',(-7.7,-28.09544681546,9.000006));
#488 = PLANE('',#489);
#489 = AXIS2_PLACEMENT_3D('',#490,#491,#492);
#490 = CARTESIAN_POINT('',(-7.7,-29.9,-7.25));
#491 = DIRECTION('',(1.,0.,0.));
#492 = DIRECTION('',(0.,0.,1.));
#493 = ADVANCED_FACE('',(#494,#544),#578,.T.);
#494 = FACE_BOUND('',#495,.T.);
#495 = EDGE_LOOP('',(#496,#504,#505,#506,#514,#522,#530,#538));
#496 = ORIENTED_EDGE('',*,*,#497,.F.);
#497 = EDGE_CURVE('',#107,#498,#500,.T.);
#498 = VERTEX_POINT('',#499);
#499 = CARTESIAN_POINT('',(7.7,-23.2,14.05));
#500 = LINE('',#501,#502);
#501 = CARTESIAN_POINT('',(7.7,-23.2,-7.25));
#502 = VECTOR('',#503,1.);
#503 = DIRECTION('',(0.,0.,1.));
#504 = ORIENTED_EDGE('',*,*,#106,.T.);
#505 = ORIENTED_EDGE('',*,*,#424,.T.);
#506 = ORIENTED_EDGE('',*,*,#507,.T.);
#507 = EDGE_CURVE('',#425,#508,#510,.T.);
#508 = VERTEX_POINT('',#509);
#509 = CARTESIAN_POINT('',(-6.3,-23.2,14.05));
#510 = LINE('',#511,#512);
#511 = CARTESIAN_POINT('',(-4.,-23.2,14.05));
#512 = VECTOR('',#513,1.);
#513 = DIRECTION('',(1.,0.,0.));
#514 = ORIENTED_EDGE('',*,*,#515,.T.);
#515 = EDGE_CURVE('',#508,#516,#518,.T.);
#516 = VERTEX_POINT('',#517);
#517 = CARTESIAN_POINT('',(-6.3,-23.2,10.55));
#518 = LINE('',#519,#520);
#519 = CARTESIAN_POINT('',(-6.3,-23.2,-6.5));
#520 = VECTOR('',#521,1.);
#521 = DIRECTION('',(0.,0.,-1.));
#522 = ORIENTED_EDGE('',*,*,#523,.T.);
#523 = EDGE_CURVE('',#516,#524,#526,.T.);
#524 = VERTEX_POINT('',#525);
#525 = CARTESIAN_POINT('',(6.3,-23.2,10.55));
#526 = LINE('',#527,#528);
#527 = CARTESIAN_POINT('',(-7.,-23.2,10.55));
#528 = VECTOR('',#529,1.);
#529 = DIRECTION('',(1.,0.,0.));
#530 = ORIENTED_EDGE('',*,*,#531,.F.);
#531 = EDGE_CURVE('',#532,#524,#534,.T.);
#532 = VERTEX_POINT('',#533);
#533 = CARTESIAN_POINT('',(6.3,-23.2,14.05));
#534 = LINE('',#535,#536);
#535 = CARTESIAN_POINT('',(6.3,-23.2,-6.5));
#536 = VECTOR('',#537,1.);
#537 = DIRECTION('',(0.,0.,-1.));
#538 = ORIENTED_EDGE('',*,*,#539,.T.);
#539 = EDGE_CURVE('',#532,#498,#540,.T.);
#540 = LINE('',#541,#542);
#541 = CARTESIAN_POINT('',(-4.,-23.2,14.05));
#542 = VECTOR('',#543,1.);
#543 = DIRECTION('',(1.,0.,0.));
#544 = FACE_BOUND('',#545,.T.);
#545 = EDGE_LOOP('',(#546,#556,#564,#572));
#546 = ORIENTED_EDGE('',*,*,#547,.F.);
#547 = EDGE_CURVE('',#548,#550,#552,.T.);
#548 = VERTEX_POINT('',#549);
#549 = CARTESIAN_POINT('',(6.3,-23.2,9.3));
#550 = VERTEX_POINT('',#551);
#551 = CARTESIAN_POINT('',(6.3,-23.2,-5.75));
#552 = LINE('',#553,#554);
#553 = CARTESIAN_POINT('',(6.3,-23.2,-6.5));
#554 = VECTOR('',#555,1.);
#555 = DIRECTION('',(0.,0.,-1.));
#556 = ORIENTED_EDGE('',*,*,#557,.F.);
#557 = EDGE_CURVE('',#558,#548,#560,.T.);
#558 = VERTEX_POINT('',#559);
#559 = CARTESIAN_POINT('',(-6.3,-23.2,9.3));
#560 = LINE('',#561,#562);
#561 = CARTESIAN_POINT('',(-7.,-23.2,9.3));
#562 = VECTOR('',#563,1.);
#563 = DIRECTION('',(1.,0.,0.));
#564 = ORIENTED_EDGE('',*,*,#565,.T.);
#565 = EDGE_CURVE('',#558,#566,#568,.T.);
#566 = VERTEX_POINT('',#567);
#567 = CARTESIAN_POINT('',(-6.3,-23.2,-5.75));
#568 = LINE('',#569,#570);
#569 = CARTESIAN_POINT('',(-6.3,-23.2,-6.5));
#570 = VECTOR('',#571,1.);
#571 = DIRECTION('',(0.,0.,-1.));
#572 = ORIENTED_EDGE('',*,*,#573,.T.);
#573 = EDGE_CURVE('',#566,#550,#574,.T.);
#574 = LINE('',#575,#576);
#575 = CARTESIAN_POINT('',(-7.,-23.2,-5.75));
#576 = VECTOR('',#577,1.);
#577 = DIRECTION('',(1.,0.,0.));
#578 = PLANE('',#579);
#579 = AXIS2_PLACEMENT_3D('',#580,#581,#582);
#580 = CARTESIAN_POINT('',(-1.930822651522E-17,-23.2,5.915));
#581 = DIRECTION('',(0.,1.,0.));
#582 = DIRECTION('',(0.,0.,1.));
#583 = ADVANCED_FACE('',(#584),#646,.T.);
#584 = FACE_BOUND('',#585,.T.);
#585 = EDGE_LOOP('',(#586,#587,#588,#589,#597,#605,#613,#621,#629));
#586 = ORIENTED_EDGE('',*,*,#313,.F.);
#587 = ORIENTED_EDGE('',*,*,#114,.T.);
#588 = ORIENTED_EDGE('',*,*,#497,.T.);
#589 = ORIENTED_EDGE('',*,*,#590,.T.);
#590 = EDGE_CURVE('',#498,#591,#593,.T.);
#591 = VERTEX_POINT('',#592);
#592 = CARTESIAN_POINT('',(7.7,-24.25,14.05));
#593 = LINE('',#594,#595);
#594 = CARTESIAN_POINT('',(7.7,-27.075,14.05));
#595 = VECTOR('',#596,1.);
#596 = DIRECTION('',(0.,-1.,0.));
#597 = ORIENTED_EDGE('',*,*,#598,.T.);
#598 = EDGE_CURVE('',#591,#599,#601,.T.);
#599 = VERTEX_POINT('',#600);
#600 = CARTESIAN_POINT('',(7.7,-24.25,17.45));
#601 = LINE('',#602,#603);
#602 = CARTESIAN_POINT('',(7.7,-24.25,3.4));
#603 = VECTOR('',#604,1.);
#604 = DIRECTION('',(0.,0.,1.));
#605 = ORIENTED_EDGE('',*,*,#606,.F.);
#606 = EDGE_CURVE('',#607,#599,#609,.T.);
#607 = VERTEX_POINT('',#608);
#608 = CARTESIAN_POINT('',(7.7,-29.9,17.45));
#609 = LINE('',#610,#611);
#610 = CARTESIAN_POINT('',(7.7,-29.9,17.45));
#611 = VECTOR('',#612,1.);
#612 = DIRECTION('',(0.,1.,0.));
#613 = ORIENTED_EDGE('',*,*,#614,.F.);
#614 = EDGE_CURVE('',#615,#607,#617,.T.);
#615 = VERTEX_POINT('',#616);
#616 = CARTESIAN_POINT('',(7.7,-29.9,9.));
#617 = LINE('',#618,#619);
#618 = CARTESIAN_POINT('',(7.7,-29.9,-7.25));
#619 = VECTOR('',#620,1.);
#620 = DIRECTION('',(0.,0.,1.));
#621 = ORIENTED_EDGE('',*,*,#622,.T.);
#622 = EDGE_CURVE('',#615,#623,#625,.T.);
#623 = VERTEX_POINT('',#624);
#624 = CARTESIAN_POINT('',(7.7,-28.09545505915,9.));
#625 = LINE('',#626,#627);
#626 = CARTESIAN_POINT('',(7.7,-14.95,9.));
#627 = VECTOR('',#628,1.);
#628 = DIRECTION('',(0.,1.,0.));
#629 = ORIENTED_EDGE('',*,*,#630,.F.);
#630 = EDGE_CURVE('',#314,#623,#631,.T.);
#631 = B_SPLINE_CURVE_WITH_KNOTS('',7,(#632,#633,#634,#635,#636,#637,
    #638,#639,#640,#641,#642,#643,#644,#645),.UNSPECIFIED.,.F.,.F.,(8,6,
    8),(0.,0.939386136621,1.),.UNSPECIFIED.);
#632 = CARTESIAN_POINT('',(7.7,-29.9,7.584429262033));
#633 = CARTESIAN_POINT('',(7.7,-29.66816617917,7.786924061762));
#634 = CARTESIAN_POINT('',(7.7,-29.43163040332,7.98403714275));
#635 = CARTESIAN_POINT('',(7.7,-29.19148318075,8.176814798485));
#636 = CARTESIAN_POINT('',(7.7,-28.94849327224,8.366001366958));
#637 = CARTESIAN_POINT('',(7.7,-28.70326056731,8.552229386932));
#638 = CARTESIAN_POINT('',(7.7,-28.45624122662,8.736051887893));
#639 = CARTESIAN_POINT('',(7.7,-28.19175532412,8.929730290621));
#640 = CARTESIAN_POINT('',(7.7,-28.17571795109,8.941461959982));
#641 = CARTESIAN_POINT('',(7.7,-28.15967482254,8.953185834757));
#642 = CARTESIAN_POINT('',(7.7,-28.14362604245,8.964902046274));
#643 = CARTESIAN_POINT('',(7.7,-28.12757171365,8.976610724891));
#644 = CARTESIAN_POINT('',(7.7,-28.11151193781,8.988311999994));
#645 = CARTESIAN_POINT('',(7.7,-28.09544681546,9.000006));
#646 = PLANE('',#647);
#647 = AXIS2_PLACEMENT_3D('',#648,#649,#650);
#648 = CARTESIAN_POINT('',(7.7,-29.9,-7.25));
#649 = DIRECTION('',(1.,0.,0.));
#650 = DIRECTION('',(0.,0.,1.));
#651 = ADVANCED_FACE('',(#652),#677,.F.);
#652 = FACE_BOUND('',#653,.F.);
#653 = EDGE_LOOP('',(#654,#662,#663,#671));
#654 = ORIENTED_EDGE('',*,*,#655,.F.);
#655 = EDGE_CURVE('',#123,#656,#658,.T.);
#656 = VERTEX_POINT('',#657);
#657 = CARTESIAN_POINT('',(-17.19597297692,-20.11040808579,1.75));
#658 = LINE('',#659,#660);
#659 = CARTESIAN_POINT('',(-17.19597297692,-20.11040808579,-7.45));
#660 = VECTOR('',#661,1.);
#661 = DIRECTION('',(0.,0.,1.));
#662 = ORIENTED_EDGE('',*,*,#122,.T.);
#663 = ORIENTED_EDGE('',*,*,#664,.T.);
#664 = EDGE_CURVE('',#125,#665,#667,.T.);
#665 = VERTEX_POINT('',#666);
#666 = CARTESIAN_POINT('',(-14.29496844459,-15.55583097003,1.75));
#667 = LINE('',#668,#669);
#668 = CARTESIAN_POINT('',(-14.29496844459,-15.55583097003,-7.45));
#669 = VECTOR('',#670,1.);
#670 = DIRECTION('',(0.,0.,1.));
#671 = ORIENTED_EDGE('',*,*,#672,.T.);
#672 = EDGE_CURVE('',#665,#656,#673,.T.);
#673 = LINE('',#674,#675);
#674 = CARTESIAN_POINT('',(-14.29496844459,-15.55583097003,1.75));
#675 = VECTOR('',#676,1.);
#676 = DIRECTION('',(-0.537223061543,-0.843440206622,0.));
#677 = PLANE('',#678);
#678 = AXIS2_PLACEMENT_3D('',#679,#680,#681);
#679 = CARTESIAN_POINT('',(-14.29496844459,-15.55583097003,-7.45));
#680 = DIRECTION('',(0.843440206622,-0.537223061543,0.));
#681 = DIRECTION('',(0.,0.,1.));
#682 = ADVANCED_FACE('',(#683),#701,.F.);
#683 = FACE_BOUND('',#684,.F.);
#684 = EDGE_LOOP('',(#685,#686,#687,#695));
#685 = ORIENTED_EDGE('',*,*,#664,.F.);
#686 = ORIENTED_EDGE('',*,*,#132,.T.);
#687 = ORIENTED_EDGE('',*,*,#688,.T.);
#688 = EDGE_CURVE('',#133,#689,#691,.T.);
#689 = VERTEX_POINT('',#690);
#690 = CARTESIAN_POINT('',(-8.053510915587,-19.53128162544,1.75));
#691 = LINE('',#692,#693);
#692 = CARTESIAN_POINT('',(-8.053510915587,-19.53128162544,-7.45));
#693 = VECTOR('',#694,1.);
#694 = DIRECTION('',(0.,0.,1.));
#695 = ORIENTED_EDGE('',*,*,#696,.F.);
#696 = EDGE_CURVE('',#665,#689,#697,.T.);
#697 = LINE('',#698,#699);
#698 = CARTESIAN_POINT('',(-14.29496844459,-15.55583097003,1.75));
#699 = VECTOR('',#700,1.);
#700 = DIRECTION('',(0.843440206622,-0.537223061543,0.));
#701 = PLANE('',#702);
#702 = AXIS2_PLACEMENT_3D('',#703,#704,#705);
#703 = CARTESIAN_POINT('',(-14.29496844459,-15.55583097003,-7.45));
#704 = DIRECTION('',(-0.537223061543,-0.843440206622,0.));
#705 = DIRECTION('',(0.,0.,1.));
#706 = ADVANCED_FACE('',(#707),#725,.T.);
#707 = FACE_BOUND('',#708,.T.);
#708 = EDGE_LOOP('',(#709,#717,#718,#719));
#709 = ORIENTED_EDGE('',*,*,#710,.F.);
#710 = EDGE_CURVE('',#141,#711,#713,.T.);
#711 = VERTEX_POINT('',#712);
#712 = CARTESIAN_POINT('',(-10.95451544791,-24.0858587412,1.75));
#713 = LINE('',#714,#715);
#714 = CARTESIAN_POINT('',(-10.95451544791,-24.0858587412,-7.45));
#715 = VECTOR('',#716,1.);
#716 = DIRECTION('',(0.,0.,1.));
#717 = ORIENTED_EDGE('',*,*,#140,.T.);
#718 = ORIENTED_EDGE('',*,*,#688,.T.);
#719 = ORIENTED_EDGE('',*,*,#720,.T.);
#720 = EDGE_CURVE('',#689,#711,#721,.T.);
#721 = LINE('',#722,#723);
#722 = CARTESIAN_POINT('',(-8.053510915587,-19.53128162544,1.75));
#723 = VECTOR('',#724,1.);
#724 = DIRECTION('',(-0.537223061543,-0.843440206622,0.));
#725 = PLANE('',#726);
#726 = AXIS2_PLACEMENT_3D('',#727,#728,#729);
#727 = CARTESIAN_POINT('',(-8.053510915587,-19.53128162544,-7.45));
#728 = DIRECTION('',(0.843440206622,-0.537223061543,0.));
#729 = DIRECTION('',(0.,0.,1.));
#730 = ADVANCED_FACE('',(#731,#742),#776,.T.);
#731 = FACE_BOUND('',#732,.T.);
#732 = EDGE_LOOP('',(#733,#734,#735,#736));
#733 = ORIENTED_EDGE('',*,*,#655,.F.);
#734 = ORIENTED_EDGE('',*,*,#148,.T.);
#735 = ORIENTED_EDGE('',*,*,#710,.T.);
#736 = ORIENTED_EDGE('',*,*,#737,.F.);
#737 = EDGE_CURVE('',#656,#711,#738,.T.);
#738 = LINE('',#739,#740);
#739 = CARTESIAN_POINT('',(-17.19597297692,-20.11040808579,1.75));
#740 = VECTOR('',#741,1.);
#741 = DIRECTION('',(0.843440206622,-0.537223061543,0.));
#742 = FACE_BOUND('',#743,.T.);
#743 = EDGE_LOOP('',(#744,#754,#762,#770));
#744 = ORIENTED_EDGE('',*,*,#745,.T.);
#745 = EDGE_CURVE('',#746,#748,#750,.T.);
#746 = VERTEX_POINT('',#747);
#747 = CARTESIAN_POINT('',(-12.09315972685,-23.36060760812,-1.6));
#748 = VERTEX_POINT('',#749);
#749 = CARTESIAN_POINT('',(-16.05732869798,-20.83565921887,-1.6));
#750 = LINE('',#751,#752);
#751 = CARTESIAN_POINT('',(-16.62665083745,-20.47303365233,-1.6));
#752 = VECTOR('',#753,1.);
#753 = DIRECTION('',(-0.843440206622,0.537223061543,0.));
#754 = ORIENTED_EDGE('',*,*,#755,.T.);
#755 = EDGE_CURVE('',#748,#756,#758,.T.);
#756 = VERTEX_POINT('',#757);
#757 = CARTESIAN_POINT('',(-16.05732869798,-20.83565921887,0.3));
#758 = LINE('',#759,#760);
#759 = CARTESIAN_POINT('',(-16.05732869798,-20.83565921887,-4.525));
#760 = VECTOR('',#761,1.);
#761 = DIRECTION('',(0.,0.,1.));
#762 = ORIENTED_EDGE('',*,*,#763,.F.);
#763 = EDGE_CURVE('',#764,#756,#766,.T.);
#764 = VERTEX_POINT('',#765);
#765 = CARTESIAN_POINT('',(-12.09315972685,-23.36060760812,0.3));
#766 = LINE('',#767,#768);
#767 = CARTESIAN_POINT('',(-16.62665083745,-20.47303365233,0.3));
#768 = VECTOR('',#769,1.);
#769 = DIRECTION('',(-0.843440206622,0.537223061543,0.));
#770 = ORIENTED_EDGE('',*,*,#771,.F.);
#771 = EDGE_CURVE('',#746,#764,#772,.T.);
#772 = LINE('',#773,#774);
#773 = CARTESIAN_POINT('',(-12.09315972685,-23.36060760812,-4.525));
#774 = VECTOR('',#775,1.);
#775 = DIRECTION('',(0.,0.,1.));
#776 = PLANE('',#777);
#777 = AXIS2_PLACEMENT_3D('',#778,#779,#780);
#778 = CARTESIAN_POINT('',(-17.19597297692,-20.11040808579,-7.45));
#779 = DIRECTION('',(-0.537223061543,-0.843440206622,0.));
#780 = DIRECTION('',(0.,0.,1.));
#781 = ADVANCED_FACE('',(#782),#807,.F.);
#782 = FACE_BOUND('',#783,.F.);
#783 = EDGE_LOOP('',(#784,#792,#793,#801));
#784 = ORIENTED_EDGE('',*,*,#785,.F.);
#785 = EDGE_CURVE('',#157,#786,#788,.T.);
#786 = VERTEX_POINT('',#787);
#787 = CARTESIAN_POINT('',(17.195972976921,20.11040808579,1.75));
#788 = LINE('',#789,#790);
#789 = CARTESIAN_POINT('',(17.195972976921,20.11040808579,-7.45));
#790 = VECTOR('',#791,1.);
#791 = DIRECTION('',(0.,0.,1.));
#792 = ORIENTED_EDGE('',*,*,#156,.T.);
#793 = ORIENTED_EDGE('',*,*,#794,.T.);
#794 = EDGE_CURVE('',#159,#795,#797,.T.);
#795 = VERTEX_POINT('',#796);
#796 = CARTESIAN_POINT('',(14.29496844459,15.555830970031,1.75));
#797 = LINE('',#798,#799);
#798 = CARTESIAN_POINT('',(14.29496844459,15.555830970031,-7.45));
#799 = VECTOR('',#800,1.);
#800 = DIRECTION('',(0.,0.,1.));
#801 = ORIENTED_EDGE('',*,*,#802,.T.);
#802 = EDGE_CURVE('',#795,#786,#803,.T.);
#803 = LINE('',#804,#805);
#804 = CARTESIAN_POINT('',(14.29496844459,15.555830970031,1.75));
#805 = VECTOR('',#806,1.);
#806 = DIRECTION('',(0.537223061543,0.843440206622,0.));
#807 = PLANE('',#808);
#808 = AXIS2_PLACEMENT_3D('',#809,#810,#811);
#809 = CARTESIAN_POINT('',(14.29496844459,15.555830970031,-7.45));
#810 = DIRECTION('',(-0.843440206622,0.537223061543,0.));
#811 = DIRECTION('',(0.,0.,1.));
#812 = ADVANCED_FACE('',(#813),#831,.F.);
#813 = FACE_BOUND('',#814,.F.);
#814 = EDGE_LOOP('',(#815,#816,#817,#825));
#815 = ORIENTED_EDGE('',*,*,#794,.F.);
#816 = ORIENTED_EDGE('',*,*,#166,.T.);
#817 = ORIENTED_EDGE('',*,*,#818,.T.);
#818 = EDGE_CURVE('',#167,#819,#821,.T.);
#819 = VERTEX_POINT('',#820);
#820 = CARTESIAN_POINT('',(8.053510915587,19.531281625447,1.75));
#821 = LINE('',#822,#823);
#822 = CARTESIAN_POINT('',(8.053510915587,19.531281625447,-7.45));
#823 = VECTOR('',#824,1.);
#824 = DIRECTION('',(0.,0.,1.));
#825 = ORIENTED_EDGE('',*,*,#826,.F.);
#826 = EDGE_CURVE('',#795,#819,#827,.T.);
#827 = LINE('',#828,#829);
#828 = CARTESIAN_POINT('',(14.29496844459,15.555830970031,1.75));
#829 = VECTOR('',#830,1.);
#830 = DIRECTION('',(-0.843440206622,0.537223061543,0.));
#831 = PLANE('',#832);
#832 = AXIS2_PLACEMENT_3D('',#833,#834,#835);
#833 = CARTESIAN_POINT('',(14.29496844459,15.555830970031,-7.45));
#834 = DIRECTION('',(0.537223061543,0.843440206622,0.));
#835 = DIRECTION('',(0.,0.,1.));
#836 = ADVANCED_FACE('',(#837),#855,.T.);
#837 = FACE_BOUND('',#838,.T.);
#838 = EDGE_LOOP('',(#839,#847,#848,#849));
#839 = ORIENTED_EDGE('',*,*,#840,.F.);
#840 = EDGE_CURVE('',#175,#841,#843,.T.);
#841 = VERTEX_POINT('',#842);
#842 = CARTESIAN_POINT('',(10.954515447918,24.085858741206,1.75));
#843 = LINE('',#844,#845);
#844 = CARTESIAN_POINT('',(10.954515447918,24.085858741206,-7.45));
#845 = VECTOR('',#846,1.);
#846 = DIRECTION('',(0.,0.,1.));
#847 = ORIENTED_EDGE('',*,*,#174,.T.);
#848 = ORIENTED_EDGE('',*,*,#818,.T.);
#849 = ORIENTED_EDGE('',*,*,#850,.T.);
#850 = EDGE_CURVE('',#819,#841,#851,.T.);
#851 = LINE('',#852,#853);
#852 = CARTESIAN_POINT('',(8.053510915587,19.531281625447,1.75));
#853 = VECTOR('',#854,1.);
#854 = DIRECTION('',(0.537223061543,0.843440206622,0.));
#855 = PLANE('',#856);
#856 = AXIS2_PLACEMENT_3D('',#857,#858,#859);
#857 = CARTESIAN_POINT('',(8.053510915587,19.531281625447,-7.45));
#858 = DIRECTION('',(-0.843440206622,0.537223061543,0.));
#859 = DIRECTION('',(0.,0.,1.));
#860 = ADVANCED_FACE('',(#861,#872),#906,.T.);
#861 = FACE_BOUND('',#862,.T.);
#862 = EDGE_LOOP('',(#863,#864,#865,#866));
#863 = ORIENTED_EDGE('',*,*,#785,.F.);
#864 = ORIENTED_EDGE('',*,*,#182,.T.);
#865 = ORIENTED_EDGE('',*,*,#840,.T.);
#866 = ORIENTED_EDGE('',*,*,#867,.F.);
#867 = EDGE_CURVE('',#786,#841,#868,.T.);
#868 = LINE('',#869,#870);
#869 = CARTESIAN_POINT('',(17.195972976921,20.11040808579,1.75));
#870 = VECTOR('',#871,1.);
#871 = DIRECTION('',(-0.843440206622,0.537223061543,0.));
#872 = FACE_BOUND('',#873,.T.);
#873 = EDGE_LOOP('',(#874,#884,#892,#900));
#874 = ORIENTED_EDGE('',*,*,#875,.T.);
#875 = EDGE_CURVE('',#876,#878,#880,.T.);
#876 = VERTEX_POINT('',#877);
#877 = CARTESIAN_POINT('',(12.093159726857,23.360607608123,-1.6));
#878 = VERTEX_POINT('',#879);
#879 = CARTESIAN_POINT('',(16.057328697981,20.835659218873,-1.6));
#880 = LINE('',#881,#882);
#881 = CARTESIAN_POINT('',(16.626650837451,20.473033652331,-1.6));
#882 = VECTOR('',#883,1.);
#883 = DIRECTION('',(0.843440206622,-0.537223061543,0.));
#884 = ORIENTED_EDGE('',*,*,#885,.T.);
#885 = EDGE_CURVE('',#878,#886,#888,.T.);
#886 = VERTEX_POINT('',#887);
#887 = CARTESIAN_POINT('',(16.057328697981,20.835659218873,0.3));
#888 = LINE('',#889,#890);
#889 = CARTESIAN_POINT('',(16.057328697981,20.835659218873,-4.525));
#890 = VECTOR('',#891,1.);
#891 = DIRECTION('',(0.,0.,1.));
#892 = ORIENTED_EDGE('',*,*,#893,.F.);
#893 = EDGE_CURVE('',#894,#886,#896,.T.);
#894 = VERTEX_POINT('',#895);
#895 = CARTESIAN_POINT('',(12.093159726857,23.360607608123,0.3));
#896 = LINE('',#897,#898);
#897 = CARTESIAN_POINT('',(16.626650837451,20.473033652331,0.3));
#898 = VECTOR('',#899,1.);
#899 = DIRECTION('',(0.843440206622,-0.537223061543,0.));
#900 = ORIENTED_EDGE('',*,*,#901,.F.);
#901 = EDGE_CURVE('',#876,#894,#902,.T.);
#902 = LINE('',#903,#904);
#903 = CARTESIAN_POINT('',(12.093159726857,23.360607608123,-4.525));
#904 = VECTOR('',#905,1.);
#905 = DIRECTION('',(0.,0.,1.));
#906 = PLANE('',#907);
#907 = AXIS2_PLACEMENT_3D('',#908,#909,#910);
#908 = CARTESIAN_POINT('',(17.195972976921,20.11040808579,-7.45));
#909 = DIRECTION('',(0.537223061543,0.843440206622,0.));
#910 = DIRECTION('',(0.,0.,1.));
#911 = ADVANCED_FACE('',(#912),#940,.F.);
#912 = FACE_BOUND('',#913,.F.);
#913 = EDGE_LOOP('',(#914,#923,#924,#933));
#914 = ORIENTED_EDGE('',*,*,#915,.F.);
#915 = EDGE_CURVE('',#197,#916,#918,.T.);
#916 = VERTEX_POINT('',#917);
#917 = CARTESIAN_POINT('',(32.529995773132,4.,4.9));
#918 = HYPERBOLA('',#919,20.310880829015,4.);
#919 = AXIS2_PLACEMENT_3D('',#920,#921,#922);
#920 = CARTESIAN_POINT('',(0.,4.,171.32227979274));
#921 = DIRECTION('',(0.,1.,0.));
#922 = DIRECTION('',(0.,0.,-1.));
#923 = ORIENTED_EDGE('',*,*,#196,.T.);
#924 = ORIENTED_EDGE('',*,*,#925,.F.);
#925 = EDGE_CURVE('',#926,#199,#928,.T.);
#926 = VERTEX_POINT('',#927);
#927 = CARTESIAN_POINT('',(-32.52999577313,4.,4.9));
#928 = HYPERBOLA('',#929,20.310880829015,4.);
#929 = AXIS2_PLACEMENT_3D('',#930,#931,#932);
#930 = CARTESIAN_POINT('',(0.,4.,171.32227979274));
#931 = DIRECTION('',(0.,1.,0.));
#932 = DIRECTION('',(0.,0.,-1.));
#933 = ORIENTED_EDGE('',*,*,#934,.F.);
#934 = EDGE_CURVE('',#916,#926,#935,.T.);
#935 = CIRCLE('',#936,32.775);
#936 = AXIS2_PLACEMENT_3D('',#937,#938,#939);
#937 = CARTESIAN_POINT('',(0.,0.,4.9));
#938 = DIRECTION('',(0.,0.,1.));
#939 = DIRECTION('',(1.,0.,0.));
#940 = CONICAL_SURFACE('',#941,33.74,0.194450349438);
#941 = AXIS2_PLACEMENT_3D('',#942,#943,#944);
#942 = CARTESIAN_POINT('',(0.,0.,0.));
#943 = DIRECTION('',(-0.,-0.,-1.));
#944 = DIRECTION('',(1.,0.,0.));
#945 = ADVANCED_FACE('',(#946),#985,.T.);
#946 = FACE_BOUND('',#947,.T.);
#947 = EDGE_LOOP('',(#948,#956,#957,#958,#971,#979));
#948 = ORIENTED_EDGE('',*,*,#949,.F.);
#949 = EDGE_CURVE('',#267,#950,#952,.T.);
#950 = VERTEX_POINT('',#951);
#951 = CARTESIAN_POINT('',(-29.,4.,-1.));
#952 = LINE('',#953,#954);
#953 = CARTESIAN_POINT('',(-36.,4.,-1.));
#954 = VECTOR('',#955,1.);
#955 = DIRECTION('',(1.,0.,0.));
#956 = ORIENTED_EDGE('',*,*,#275,.T.);
#957 = ORIENTED_EDGE('',*,*,#925,.F.);
#958 = ORIENTED_EDGE('',*,*,#959,.T.);
#959 = EDGE_CURVE('',#926,#960,#962,.T.);
#960 = VERTEX_POINT('',#961);
#961 = CARTESIAN_POINT('',(-32.0504227547,4.,6.));
#962 = B_SPLINE_CURVE_WITH_KNOTS('',7,(#963,#964,#965,#966,#967,#968,
    #969,#970),.UNSPECIFIED.,.F.,.F.,(8,8),(0.,1.),
  .PIECEWISE_BEZIER_KNOTS.);
#963 = CARTESIAN_POINT('',(-32.52999577313,4.,4.9));
#964 = CARTESIAN_POINT('',(-32.4964310722,4.,5.069158122003));
#965 = CARTESIAN_POINT('',(-32.44794771299,4.,5.235178752453));
#966 = CARTESIAN_POINT('',(-32.38650311551,4.,5.397090764024));
#967 = CARTESIAN_POINT('',(-32.31432080293,4.,5.554478650628));
#968 = CARTESIAN_POINT('',(-32.23331606592,4.,5.707251755238));
#969 = CARTESIAN_POINT('',(-32.1450073796,4.,5.855607738809));
#970 = CARTESIAN_POINT('',(-32.0504227547,4.,6.));
#971 = ORIENTED_EDGE('',*,*,#972,.T.);
#972 = EDGE_CURVE('',#960,#973,#975,.T.);
#973 = VERTEX_POINT('',#974);
#974 = CARTESIAN_POINT('',(-29.,4.,6.));
#975 = LINE('',#976,#977);
#976 = CARTESIAN_POINT('',(-36.,4.,6.));
#977 = VECTOR('',#978,1.);
#978 = DIRECTION('',(1.,0.,0.));
#979 = ORIENTED_EDGE('',*,*,#980,.F.);
#980 = EDGE_CURVE('',#950,#973,#981,.T.);
#981 = LINE('',#982,#983);
#982 = CARTESIAN_POINT('',(-29.,4.,-1.));
#983 = VECTOR('',#984,1.);
#984 = DIRECTION('',(0.,0.,1.));
#985 = PLANE('',#986);
#986 = AXIS2_PLACEMENT_3D('',#987,#988,#989);
#987 = CARTESIAN_POINT('',(-36.,4.,-1.));
#988 = DIRECTION('',(0.,1.,0.));
#989 = DIRECTION('',(0.,0.,1.));
#990 = ADVANCED_FACE('',(#991),#1009,.F.);
#991 = FACE_BOUND('',#992,.F.);
#992 = EDGE_LOOP('',(#993,#994,#995,#1003));
#993 = ORIENTED_EDGE('',*,*,#949,.F.);
#994 = ORIENTED_EDGE('',*,*,#266,.T.);
#995 = ORIENTED_EDGE('',*,*,#996,.T.);
#996 = EDGE_CURVE('',#259,#997,#999,.T.);
#997 = VERTEX_POINT('',#998);
#998 = CARTESIAN_POINT('',(-29.,-4.,-1.));
#999 = LINE('',#1000,#1001);
#1000 = CARTESIAN_POINT('',(-36.,-4.,-1.));
#1001 = VECTOR('',#1002,1.);
#1002 = DIRECTION('',(1.,0.,0.));
#1003 = ORIENTED_EDGE('',*,*,#1004,.T.);
#1004 = EDGE_CURVE('',#997,#950,#1005,.T.);
#1005 = LINE('',#1006,#1007);
#1006 = CARTESIAN_POINT('',(-29.,-4.,-1.));
#1007 = VECTOR('',#1008,1.);
#1008 = DIRECTION('',(0.,1.,0.));
#1009 = PLANE('',#1010);
#1010 = AXIS2_PLACEMENT_3D('',#1011,#1012,#1013);
#1011 = CARTESIAN_POINT('',(-36.,-4.,-1.));
#1012 = DIRECTION('',(0.,0.,1.));
#1013 = DIRECTION('',(1.,0.,0.));
#1014 = ADVANCED_FACE('',(#1015),#1055,.F.);
#1015 = FACE_BOUND('',#1016,.F.);
#1016 = EDGE_LOOP('',(#1017,#1018,#1019,#1028,#1041,#1049));
#1017 = ORIENTED_EDGE('',*,*,#996,.F.);
#1018 = ORIENTED_EDGE('',*,*,#258,.T.);
#1019 = ORIENTED_EDGE('',*,*,#1020,.F.);
#1020 = EDGE_CURVE('',#1021,#250,#1023,.T.);
#1021 = VERTEX_POINT('',#1022);
#1022 = CARTESIAN_POINT('',(-32.52999577313,-4.,4.9));
#1023 = HYPERBOLA('',#1024,20.310880829015,4.);
#1024 = AXIS2_PLACEMENT_3D('',#1025,#1026,#1027);
#1025 = CARTESIAN_POINT('',(0.,-4.,171.32227979274));
#1026 = DIRECTION('',(0.,1.,0.));
#1027 = DIRECTION('',(0.,0.,-1.));
#1028 = ORIENTED_EDGE('',*,*,#1029,.T.);
#1029 = EDGE_CURVE('',#1021,#1030,#1032,.T.);
#1030 = VERTEX_POINT('',#1031);
#1031 = CARTESIAN_POINT('',(-32.0504227547,-4.,6.));
#1032 = B_SPLINE_CURVE_WITH_KNOTS('',7,(#1033,#1034,#1035,#1036,#1037,
    #1038,#1039,#1040),.UNSPECIFIED.,.F.,.F.,(8,8),(0.,1.),
  .PIECEWISE_BEZIER_KNOTS.);
#1033 = CARTESIAN_POINT('',(-32.52999577313,-4.,4.9));
#1034 = CARTESIAN_POINT('',(-32.4964310722,-4.,5.069158122003));
#1035 = CARTESIAN_POINT('',(-32.44794771299,-4.,5.235178752453));
#1036 = CARTESIAN_POINT('',(-32.38650311551,-4.,5.397090764024));
#1037 = CARTESIAN_POINT('',(-32.31432080293,-4.,5.554478650627));
#1038 = CARTESIAN_POINT('',(-32.23331606592,-4.,5.707251755239));
#1039 = CARTESIAN_POINT('',(-32.1450073796,-4.,5.855607738809));
#1040 = CARTESIAN_POINT('',(-32.0504227547,-4.,6.));
#1041 = ORIENTED_EDGE('',*,*,#1042,.T.);
#1042 = EDGE_CURVE('',#1030,#1043,#1045,.T.);
#1043 = VERTEX_POINT('',#1044);
#1044 = CARTESIAN_POINT('',(-29.,-4.,6.));
#1045 = LINE('',#1046,#1047);
#1046 = CARTESIAN_POINT('',(-36.,-4.,6.));
#1047 = VECTOR('',#1048,1.);
#1048 = DIRECTION('',(1.,0.,0.));
#1049 = ORIENTED_EDGE('',*,*,#1050,.F.);
#1050 = EDGE_CURVE('',#997,#1043,#1051,.T.);
#1051 = LINE('',#1052,#1053);
#1052 = CARTESIAN_POINT('',(-29.,-4.,-1.));
#1053 = VECTOR('',#1054,1.);
#1054 = DIRECTION('',(0.,0.,1.));
#1055 = PLANE('',#1056);
#1056 = AXIS2_PLACEMENT_3D('',#1057,#1058,#1059);
#1057 = CARTESIAN_POINT('',(-36.,-4.,-1.));
#1058 = DIRECTION('',(0.,1.,0.));
#1059 = DIRECTION('',(0.,0.,1.));
#1060 = ADVANCED_FACE('',(#1061),#1081,.F.);
#1061 = FACE_BOUND('',#1062,.F.);
#1062 = EDGE_LOOP('',(#1063,#1064,#1073,#1080));
#1063 = ORIENTED_EDGE('',*,*,#249,.T.);
#1064 = ORIENTED_EDGE('',*,*,#1065,.T.);
#1065 = EDGE_CURVE('',#242,#1066,#1068,.T.);
#1066 = VERTEX_POINT('',#1067);
#1067 = CARTESIAN_POINT('',(32.529995773132,-4.,4.9));
#1068 = HYPERBOLA('',#1069,20.310880829015,4.);
#1069 = AXIS2_PLACEMENT_3D('',#1070,#1071,#1072);
#1070 = CARTESIAN_POINT('',(0.,-4.,171.32227979274));
#1071 = DIRECTION('',(0.,1.,0.));
#1072 = DIRECTION('',(0.,0.,-1.));
#1073 = ORIENTED_EDGE('',*,*,#1074,.F.);
#1074 = EDGE_CURVE('',#1021,#1066,#1075,.T.);
#1075 = CIRCLE('',#1076,32.775);
#1076 = AXIS2_PLACEMENT_3D('',#1077,#1078,#1079);
#1077 = CARTESIAN_POINT('',(0.,0.,4.9));
#1078 = DIRECTION('',(0.,0.,1.));
#1079 = DIRECTION('',(1.,0.,0.));
#1080 = ORIENTED_EDGE('',*,*,#1020,.T.);
#1081 = CONICAL_SURFACE('',#1082,33.74,0.194450349438);
#1082 = AXIS2_PLACEMENT_3D('',#1083,#1084,#1085);
#1083 = CARTESIAN_POINT('',(0.,0.,0.));
#1084 = DIRECTION('',(-0.,-0.,-1.));
#1085 = DIRECTION('',(1.,0.,0.));
#1086 = ADVANCED_FACE('',(#1087),#1126,.F.);
#1087 = FACE_BOUND('',#1088,.F.);
#1088 = EDGE_LOOP('',(#1089,#1097,#1105,#1113,#1124,#1125));
#1089 = ORIENTED_EDGE('',*,*,#1090,.F.);
#1090 = EDGE_CURVE('',#1091,#233,#1093,.T.);
#1091 = VERTEX_POINT('',#1092);
#1092 = CARTESIAN_POINT('',(29.,-4.,-1.));
#1093 = LINE('',#1094,#1095);
#1094 = CARTESIAN_POINT('',(29.,-4.,-1.));
#1095 = VECTOR('',#1096,1.);
#1096 = DIRECTION('',(1.,0.,0.));
#1097 = ORIENTED_EDGE('',*,*,#1098,.T.);
#1098 = EDGE_CURVE('',#1091,#1099,#1101,.T.);
#1099 = VERTEX_POINT('',#1100);
#1100 = CARTESIAN_POINT('',(29.,-4.,6.));
#1101 = LINE('',#1102,#1103);
#1102 = CARTESIAN_POINT('',(29.,-4.,-1.));
#1103 = VECTOR('',#1104,1.);
#1104 = DIRECTION('',(0.,0.,1.));
#1105 = ORIENTED_EDGE('',*,*,#1106,.T.);
#1106 = EDGE_CURVE('',#1099,#1107,#1109,.T.);
#1107 = VERTEX_POINT('',#1108);
#1108 = CARTESIAN_POINT('',(32.050422754706,-4.,6.));
#1109 = LINE('',#1110,#1111);
#1110 = CARTESIAN_POINT('',(29.,-4.,6.));
#1111 = VECTOR('',#1112,1.);
#1112 = DIRECTION('',(1.,0.,0.));
#1113 = ORIENTED_EDGE('',*,*,#1114,.F.);
#1114 = EDGE_CURVE('',#1066,#1107,#1115,.T.);
#1115 = B_SPLINE_CURVE_WITH_KNOTS('',7,(#1116,#1117,#1118,#1119,#1120,
    #1121,#1122,#1123),.UNSPECIFIED.,.F.,.F.,(8,8),(0.,1.),
  .PIECEWISE_BEZIER_KNOTS.);
#1116 = CARTESIAN_POINT('',(32.529995773132,-4.,4.9));
#1117 = CARTESIAN_POINT('',(32.496431072208,-4.,5.069158122004));
#1118 = CARTESIAN_POINT('',(32.447947712996,-4.,5.235178752452));
#1119 = CARTESIAN_POINT('',(32.386503115511,-4.,5.397090764026));
#1120 = CARTESIAN_POINT('',(32.314320802938,-4.,5.554478650625));
#1121 = CARTESIAN_POINT('',(32.233316065927,-4.,5.70725175524));
#1122 = CARTESIAN_POINT('',(32.145007379601,-4.,5.855607738808));
#1123 = CARTESIAN_POINT('',(32.050422754706,-4.,6.));
#1124 = ORIENTED_EDGE('',*,*,#1065,.F.);
#1125 = ORIENTED_EDGE('',*,*,#241,.F.);
#1126 = PLANE('',#1127);
#1127 = AXIS2_PLACEMENT_3D('',#1128,#1129,#1130);
#1128 = CARTESIAN_POINT('',(29.,-4.,-1.));
#1129 = DIRECTION('',(0.,1.,0.));
#1130 = DIRECTION('',(0.,0.,1.));
#1131 = ADVANCED_FACE('',(#1132),#1151,.F.);
#1132 = FACE_BOUND('',#1133,.F.);
#1133 = EDGE_LOOP('',(#1134,#1142,#1148,#1149,#1150));
#1134 = ORIENTED_EDGE('',*,*,#1135,.F.);
#1135 = EDGE_CURVE('',#1136,#208,#1138,.T.);
#1136 = VERTEX_POINT('',#1137);
#1137 = CARTESIAN_POINT('',(29.,4.,-1.));
#1138 = LINE('',#1139,#1140);
#1139 = CARTESIAN_POINT('',(29.,4.,-1.));
#1140 = VECTOR('',#1141,1.);
#1141 = DIRECTION('',(1.,0.,0.));
#1142 = ORIENTED_EDGE('',*,*,#1143,.F.);
#1143 = EDGE_CURVE('',#1091,#1136,#1144,.T.);
#1144 = LINE('',#1145,#1146);
#1145 = CARTESIAN_POINT('',(29.,-4.,-1.));
#1146 = VECTOR('',#1147,1.);
#1147 = DIRECTION('',(0.,1.,0.));
#1148 = ORIENTED_EDGE('',*,*,#1090,.T.);
#1149 = ORIENTED_EDGE('',*,*,#232,.T.);
#1150 = ORIENTED_EDGE('',*,*,#215,.T.);
#1151 = PLANE('',#1152);
#1152 = AXIS2_PLACEMENT_3D('',#1153,#1154,#1155);
#1153 = CARTESIAN_POINT('',(29.,-4.,-1.));
#1154 = DIRECTION('',(0.,0.,1.));
#1155 = DIRECTION('',(1.,0.,0.));
#1156 = ADVANCED_FACE('',(#1157),#1189,.T.);
#1157 = FACE_BOUND('',#1158,.T.);
#1158 = EDGE_LOOP('',(#1159,#1160,#1168,#1176,#1187,#1188));
#1159 = ORIENTED_EDGE('',*,*,#1135,.F.);
#1160 = ORIENTED_EDGE('',*,*,#1161,.T.);
#1161 = EDGE_CURVE('',#1136,#1162,#1164,.T.);
#1162 = VERTEX_POINT('',#1163);
#1163 = CARTESIAN_POINT('',(29.,4.,6.));
#1164 = LINE('',#1165,#1166);
#1165 = CARTESIAN_POINT('',(29.,4.,-1.));
#1166 = VECTOR('',#1167,1.);
#1167 = DIRECTION('',(0.,0.,1.));
#1168 = ORIENTED_EDGE('',*,*,#1169,.T.);
#1169 = EDGE_CURVE('',#1162,#1170,#1172,.T.);
#1170 = VERTEX_POINT('',#1171);
#1171 = CARTESIAN_POINT('',(32.050422754706,4.,6.));
#1172 = LINE('',#1173,#1174);
#1173 = CARTESIAN_POINT('',(29.,4.,6.));
#1174 = VECTOR('',#1175,1.);
#1175 = DIRECTION('',(1.,0.,0.));
#1176 = ORIENTED_EDGE('',*,*,#1177,.F.);
#1177 = EDGE_CURVE('',#916,#1170,#1178,.T.);
#1178 = B_SPLINE_CURVE_WITH_KNOTS('',7,(#1179,#1180,#1181,#1182,#1183,
    #1184,#1185,#1186),.UNSPECIFIED.,.F.,.F.,(8,8),(0.,1.),
  .PIECEWISE_BEZIER_KNOTS.);
#1179 = CARTESIAN_POINT('',(32.529995773132,4.,4.9));
#1180 = CARTESIAN_POINT('',(32.496431072208,4.,5.069158122004));
#1181 = CARTESIAN_POINT('',(32.447947712996,4.,5.235178752452));
#1182 = CARTESIAN_POINT('',(32.386503115511,4.,5.397090764027));
#1183 = CARTESIAN_POINT('',(32.314320802938,4.,5.554478650625));
#1184 = CARTESIAN_POINT('',(32.233316065927,4.,5.70725175524));
#1185 = CARTESIAN_POINT('',(32.145007379601,4.,5.855607738808));
#1186 = CARTESIAN_POINT('',(32.050422754706,4.,6.));
#1187 = ORIENTED_EDGE('',*,*,#915,.F.);
#1188 = ORIENTED_EDGE('',*,*,#207,.F.);
#1189 = PLANE('',#1190);
#1190 = AXIS2_PLACEMENT_3D('',#1191,#1192,#1193);
#1191 = CARTESIAN_POINT('',(29.,4.,-1.));
#1192 = DIRECTION('',(0.,1.,0.));
#1193 = DIRECTION('',(0.,0.,1.));
#1194 = ADVANCED_FACE('',(#1195,#1198,#1234,#1262,#1281,#1317,#1353,
    #1389,#1425,#1461),#1497,.T.);
#1195 = FACE_BOUND('',#1196,.T.);
#1196 = EDGE_LOOP('',(#1197));
#1197 = ORIENTED_EDGE('',*,*,#297,.T.);
#1198 = FACE_BOUND('',#1199,.T.);
#1199 = EDGE_LOOP('',(#1200,#1211,#1219,#1228));
#1200 = ORIENTED_EDGE('',*,*,#1201,.F.);
#1201 = EDGE_CURVE('',#1202,#1204,#1206,.T.);
#1202 = VERTEX_POINT('',#1203);
#1203 = CARTESIAN_POINT('',(-13.4,-10.46135746449,-8.95));
#1204 = VERTEX_POINT('',#1205);
#1205 = CARTESIAN_POINT('',(-10.6,-13.29059818066,-8.95));
#1206 = CIRCLE('',#1207,17.);
#1207 = AXIS2_PLACEMENT_3D('',#1208,#1209,#1210);
#1208 = CARTESIAN_POINT('',(0.,0.,-8.95));
#1209 = DIRECTION('',(0.,0.,1.));
#1210 = DIRECTION('',(1.,0.,0.));
#1211 = ORIENTED_EDGE('',*,*,#1212,.T.);
#1212 = EDGE_CURVE('',#1202,#1213,#1215,.T.);
#1213 = VERTEX_POINT('',#1214);
#1214 = CARTESIAN_POINT('',(-13.4,10.461357464498,-8.95));
#1215 = LINE('',#1216,#1217);
#1216 = CARTESIAN_POINT('',(-13.4,-9.,-8.95));
#1217 = VECTOR('',#1218,1.);
#1218 = DIRECTION('',(0.,1.,0.));
#1219 = ORIENTED_EDGE('',*,*,#1220,.F.);
#1220 = EDGE_CURVE('',#1221,#1213,#1223,.T.);
#1221 = VERTEX_POINT('',#1222);
#1222 = CARTESIAN_POINT('',(-10.6,13.290598180669,-8.95));
#1223 = CIRCLE('',#1224,17.);
#1224 = AXIS2_PLACEMENT_3D('',#1225,#1226,#1227);
#1225 = CARTESIAN_POINT('',(0.,0.,-8.95));
#1226 = DIRECTION('',(0.,0.,1.));
#1227 = DIRECTION('',(1.,0.,0.));
#1228 = ORIENTED_EDGE('',*,*,#1229,.F.);
#1229 = EDGE_CURVE('',#1204,#1221,#1230,.T.);
#1230 = LINE('',#1231,#1232);
#1231 = CARTESIAN_POINT('',(-10.6,-9.,-8.95));
#1232 = VECTOR('',#1233,1.);
#1233 = DIRECTION('',(0.,1.,0.));
#1234 = FACE_BOUND('',#1235,.T.);
#1235 = EDGE_LOOP('',(#1236,#1247,#1255));
#1236 = ORIENTED_EDGE('',*,*,#1237,.F.);
#1237 = EDGE_CURVE('',#1238,#1240,#1242,.T.);
#1238 = VERTEX_POINT('',#1239);
#1239 = CARTESIAN_POINT('',(14.6,-8.708616422831,-8.95));
#1240 = VERTEX_POINT('',#1241);
#1241 = CARTESIAN_POINT('',(17.,-4.163799117101E-15,-8.95));
#1242 = CIRCLE('',#1243,17.);
#1243 = AXIS2_PLACEMENT_3D('',#1244,#1245,#1246);
#1244 = CARTESIAN_POINT('',(0.,0.,-8.95));
#1245 = DIRECTION('',(0.,0.,1.));
#1246 = DIRECTION('',(1.,0.,0.));
#1247 = ORIENTED_EDGE('',*,*,#1248,.T.);
#1248 = EDGE_CURVE('',#1238,#1249,#1251,.T.);
#1249 = VERTEX_POINT('',#1250);
#1250 = CARTESIAN_POINT('',(14.6,8.708616422831,-8.95));
#1251 = LINE('',#1252,#1253);
#1252 = CARTESIAN_POINT('',(14.6,-9.,-8.95));
#1253 = VECTOR('',#1254,1.);
#1254 = DIRECTION('',(0.,1.,0.));
#1255 = ORIENTED_EDGE('',*,*,#1256,.F.);
#1256 = EDGE_CURVE('',#1240,#1249,#1257,.T.);
#1257 = CIRCLE('',#1258,17.);
#1258 = AXIS2_PLACEMENT_3D('',#1259,#1260,#1261);
#1259 = CARTESIAN_POINT('',(0.,0.,-8.95));
#1260 = DIRECTION('',(0.,0.,1.));
#1261 = DIRECTION('',(1.,0.,0.));
#1262 = FACE_BOUND('',#1263,.T.);
#1263 = EDGE_LOOP('',(#1264,#1274));
#1264 = ORIENTED_EDGE('',*,*,#1265,.F.);
#1265 = EDGE_CURVE('',#1266,#1268,#1270,.T.);
#1266 = VERTEX_POINT('',#1267);
#1267 = CARTESIAN_POINT('',(-14.6,-8.708616422831,-8.95));
#1268 = VERTEX_POINT('',#1269);
#1269 = CARTESIAN_POINT('',(-14.6,8.708616422831,-8.95));
#1270 = LINE('',#1271,#1272);
#1271 = CARTESIAN_POINT('',(-14.6,-9.,-8.95));
#1272 = VECTOR('',#1273,1.);
#1273 = DIRECTION('',(0.,1.,0.));
#1274 = ORIENTED_EDGE('',*,*,#1275,.F.);
#1275 = EDGE_CURVE('',#1268,#1266,#1276,.T.);
#1276 = CIRCLE('',#1277,17.);
#1277 = AXIS2_PLACEMENT_3D('',#1278,#1279,#1280);
#1278 = CARTESIAN_POINT('',(0.,0.,-8.95));
#1279 = DIRECTION('',(0.,0.,1.));
#1280 = DIRECTION('',(1.,0.,0.));
#1281 = FACE_BOUND('',#1282,.T.);
#1282 = EDGE_LOOP('',(#1283,#1294,#1302,#1311));
#1283 = ORIENTED_EDGE('',*,*,#1284,.F.);
#1284 = EDGE_CURVE('',#1285,#1287,#1289,.T.);
#1285 = VERTEX_POINT('',#1286);
#1286 = CARTESIAN_POINT('',(-9.4,-14.1647449677,-8.95));
#1287 = VERTEX_POINT('',#1288);
#1288 = CARTESIAN_POINT('',(-6.6,-15.66652482205,-8.95));
#1289 = CIRCLE('',#1290,17.);
#1290 = AXIS2_PLACEMENT_3D('',#1291,#1292,#1293);
#1291 = CARTESIAN_POINT('',(0.,0.,-8.95));
#1292 = DIRECTION('',(0.,0.,1.));
#1293 = DIRECTION('',(1.,0.,0.));
#1294 = ORIENTED_EDGE('',*,*,#1295,.T.);
#1295 = EDGE_CURVE('',#1285,#1296,#1298,.T.);
#1296 = VERTEX_POINT('',#1297);
#1297 = CARTESIAN_POINT('',(-9.4,14.164744967701,-8.95));
#1298 = LINE('',#1299,#1300);
#1299 = CARTESIAN_POINT('',(-9.4,-9.,-8.95));
#1300 = VECTOR('',#1301,1.);
#1301 = DIRECTION('',(0.,1.,0.));
#1302 = ORIENTED_EDGE('',*,*,#1303,.F.);
#1303 = EDGE_CURVE('',#1304,#1296,#1306,.T.);
#1304 = VERTEX_POINT('',#1305);
#1305 = CARTESIAN_POINT('',(-6.6,15.666524822053,-8.95));
#1306 = CIRCLE('',#1307,17.);
#1307 = AXIS2_PLACEMENT_3D('',#1308,#1309,#1310);
#1308 = CARTESIAN_POINT('',(0.,0.,-8.95));
#1309 = DIRECTION('',(0.,0.,1.));
#1310 = DIRECTION('',(1.,0.,0.));
#1311 = ORIENTED_EDGE('',*,*,#1312,.F.);
#1312 = EDGE_CURVE('',#1287,#1304,#1313,.T.);
#1313 = LINE('',#1314,#1315);
#1314 = CARTESIAN_POINT('',(-6.6,-9.,-8.95));
#1315 = VECTOR('',#1316,1.);
#1316 = DIRECTION('',(0.,1.,0.));
#1317 = FACE_BOUND('',#1318,.T.);
#1318 = EDGE_LOOP('',(#1319,#1330,#1338,#1347));
#1319 = ORIENTED_EDGE('',*,*,#1320,.F.);
#1320 = EDGE_CURVE('',#1321,#1323,#1325,.T.);
#1321 = VERTEX_POINT('',#1322);
#1322 = CARTESIAN_POINT('',(-5.4,-16.11955334368,-8.95));
#1323 = VERTEX_POINT('',#1324);
#1324 = CARTESIAN_POINT('',(-2.6,-16.8,-8.95));
#1325 = CIRCLE('',#1326,17.);
#1326 = AXIS2_PLACEMENT_3D('',#1327,#1328,#1329);
#1327 = CARTESIAN_POINT('',(0.,0.,-8.95));
#1328 = DIRECTION('',(0.,0.,1.));
#1329 = DIRECTION('',(1.,0.,0.));
#1330 = ORIENTED_EDGE('',*,*,#1331,.T.);
#1331 = EDGE_CURVE('',#1321,#1332,#1334,.T.);
#1332 = VERTEX_POINT('',#1333);
#1333 = CARTESIAN_POINT('',(-5.4,16.119553343688,-8.95));
#1334 = LINE('',#1335,#1336);
#1335 = CARTESIAN_POINT('',(-5.4,-9.,-8.95));
#1336 = VECTOR('',#1337,1.);
#1337 = DIRECTION('',(0.,1.,0.));
#1338 = ORIENTED_EDGE('',*,*,#1339,.F.);
#1339 = EDGE_CURVE('',#1340,#1332,#1342,.T.);
#1340 = VERTEX_POINT('',#1341);
#1341 = CARTESIAN_POINT('',(-2.6,16.8,-8.95));
#1342 = CIRCLE('',#1343,17.);
#1343 = AXIS2_PLACEMENT_3D('',#1344,#1345,#1346);
#1344 = CARTESIAN_POINT('',(0.,0.,-8.95));
#1345 = DIRECTION('',(0.,0.,1.));
#1346 = DIRECTION('',(1.,0.,0.));
#1347 = ORIENTED_EDGE('',*,*,#1348,.F.);
#1348 = EDGE_CURVE('',#1323,#1340,#1349,.T.);
#1349 = LINE('',#1350,#1351);
#1350 = CARTESIAN_POINT('',(-2.6,-9.,-8.95));
#1351 = VECTOR('',#1352,1.);
#1352 = DIRECTION('',(0.,1.,0.));
#1353 = FACE_BOUND('',#1354,.T.);
#1354 = EDGE_LOOP('',(#1355,#1366,#1374,#1383));
#1355 = ORIENTED_EDGE('',*,*,#1356,.F.);
#1356 = EDGE_CURVE('',#1357,#1359,#1361,.T.);
#1357 = VERTEX_POINT('',#1358);
#1358 = CARTESIAN_POINT('',(-1.4,-16.94225486763,-8.95));
#1359 = VERTEX_POINT('',#1360);
#1360 = CARTESIAN_POINT('',(1.4,-16.94225486763,-8.95));
#1361 = CIRCLE('',#1362,17.);
#1362 = AXIS2_PLACEMENT_3D('',#1363,#1364,#1365);
#1363 = CARTESIAN_POINT('',(0.,0.,-8.95));
#1364 = DIRECTION('',(0.,0.,1.));
#1365 = DIRECTION('',(1.,0.,0.));
#1366 = ORIENTED_EDGE('',*,*,#1367,.T.);
#1367 = EDGE_CURVE('',#1357,#1368,#1370,.T.);
#1368 = VERTEX_POINT('',#1369);
#1369 = CARTESIAN_POINT('',(-1.4,16.942254867638,-8.95));
#1370 = LINE('',#1371,#1372);
#1371 = CARTESIAN_POINT('',(-1.4,-9.,-8.95));
#1372 = VECTOR('',#1373,1.);
#1373 = DIRECTION('',(0.,1.,0.));
#1374 = ORIENTED_EDGE('',*,*,#1375,.F.);
#1375 = EDGE_CURVE('',#1376,#1368,#1378,.T.);
#1376 = VERTEX_POINT('',#1377);
#1377 = CARTESIAN_POINT('',(1.4,16.942254867638,-8.95));
#1378 = CIRCLE('',#1379,17.);
#1379 = AXIS2_PLACEMENT_3D('',#1380,#1381,#1382);
#1380 = CARTESIAN_POINT('',(0.,0.,-8.95));
#1381 = DIRECTION('',(0.,0.,1.));
#1382 = DIRECTION('',(1.,0.,0.));
#1383 = ORIENTED_EDGE('',*,*,#1384,.F.);
#1384 = EDGE_CURVE('',#1359,#1376,#1385,.T.);
#1385 = LINE('',#1386,#1387);
#1386 = CARTESIAN_POINT('',(1.4,-9.,-8.95));
#1387 = VECTOR('',#1388,1.);
#1388 = DIRECTION('',(0.,1.,0.));
#1389 = FACE_BOUND('',#1390,.T.);
#1390 = EDGE_LOOP('',(#1391,#1402,#1410,#1419));
#1391 = ORIENTED_EDGE('',*,*,#1392,.F.);
#1392 = EDGE_CURVE('',#1393,#1395,#1397,.T.);
#1393 = VERTEX_POINT('',#1394);
#1394 = CARTESIAN_POINT('',(2.6,-16.8,-8.95));
#1395 = VERTEX_POINT('',#1396);
#1396 = CARTESIAN_POINT('',(5.4,-16.11955334368,-8.95));
#1397 = CIRCLE('',#1398,17.);
#1398 = AXIS2_PLACEMENT_3D('',#1399,#1400,#1401);
#1399 = CARTESIAN_POINT('',(0.,0.,-8.95));
#1400 = DIRECTION('',(0.,0.,1.));
#1401 = DIRECTION('',(1.,0.,0.));
#1402 = ORIENTED_EDGE('',*,*,#1403,.T.);
#1403 = EDGE_CURVE('',#1393,#1404,#1406,.T.);
#1404 = VERTEX_POINT('',#1405);
#1405 = CARTESIAN_POINT('',(2.6,16.8,-8.95));
#1406 = LINE('',#1407,#1408);
#1407 = CARTESIAN_POINT('',(2.6,-9.,-8.95));
#1408 = VECTOR('',#1409,1.);
#1409 = DIRECTION('',(0.,1.,0.));
#1410 = ORIENTED_EDGE('',*,*,#1411,.F.);
#1411 = EDGE_CURVE('',#1412,#1404,#1414,.T.);
#1412 = VERTEX_POINT('',#1413);
#1413 = CARTESIAN_POINT('',(5.4,16.119553343688,-8.95));
#1414 = CIRCLE('',#1415,17.);
#1415 = AXIS2_PLACEMENT_3D('',#1416,#1417,#1418);
#1416 = CARTESIAN_POINT('',(0.,0.,-8.95));
#1417 = DIRECTION('',(0.,0.,1.));
#1418 = DIRECTION('',(1.,0.,0.));
#1419 = ORIENTED_EDGE('',*,*,#1420,.F.);
#1420 = EDGE_CURVE('',#1395,#1412,#1421,.T.);
#1421 = LINE('',#1422,#1423);
#1422 = CARTESIAN_POINT('',(5.4,-9.,-8.95));
#1423 = VECTOR('',#1424,1.);
#1424 = DIRECTION('',(0.,1.,0.));
#1425 = FACE_BOUND('',#1426,.T.);
#1426 = EDGE_LOOP('',(#1427,#1438,#1446,#1455));
#1427 = ORIENTED_EDGE('',*,*,#1428,.F.);
#1428 = EDGE_CURVE('',#1429,#1431,#1433,.T.);
#1429 = VERTEX_POINT('',#1430);
#1430 = CARTESIAN_POINT('',(6.6,-15.66652482205,-8.95));
#1431 = VERTEX_POINT('',#1432);
#1432 = CARTESIAN_POINT('',(9.4,-14.1647449677,-8.95));
#1433 = CIRCLE('',#1434,17.);
#1434 = AXIS2_PLACEMENT_3D('',#1435,#1436,#1437);
#1435 = CARTESIAN_POINT('',(0.,0.,-8.95));
#1436 = DIRECTION('',(0.,0.,1.));
#1437 = DIRECTION('',(1.,0.,0.));
#1438 = ORIENTED_EDGE('',*,*,#1439,.T.);
#1439 = EDGE_CURVE('',#1429,#1440,#1442,.T.);
#1440 = VERTEX_POINT('',#1441);
#1441 = CARTESIAN_POINT('',(6.6,15.666524822053,-8.95));
#1442 = LINE('',#1443,#1444);
#1443 = CARTESIAN_POINT('',(6.6,-9.,-8.95));
#1444 = VECTOR('',#1445,1.);
#1445 = DIRECTION('',(0.,1.,0.));
#1446 = ORIENTED_EDGE('',*,*,#1447,.F.);
#1447 = EDGE_CURVE('',#1448,#1440,#1450,.T.);
#1448 = VERTEX_POINT('',#1449);
#1449 = CARTESIAN_POINT('',(9.4,14.164744967701,-8.95));
#1450 = CIRCLE('',#1451,17.);
#1451 = AXIS2_PLACEMENT_3D('',#1452,#1453,#1454);
#1452 = CARTESIAN_POINT('',(0.,0.,-8.95));
#1453 = DIRECTION('',(0.,0.,1.));
#1454 = DIRECTION('',(1.,0.,0.));
#1455 = ORIENTED_EDGE('',*,*,#1456,.F.);
#1456 = EDGE_CURVE('',#1431,#1448,#1457,.T.);
#1457 = LINE('',#1458,#1459);
#1458 = CARTESIAN_POINT('',(9.4,-9.,-8.95));
#1459 = VECTOR('',#1460,1.);
#1460 = DIRECTION('',(0.,1.,0.));
#1461 = FACE_BOUND('',#1462,.T.);
#1462 = EDGE_LOOP('',(#1463,#1474,#1482,#1491));
#1463 = ORIENTED_EDGE('',*,*,#1464,.F.);
#1464 = EDGE_CURVE('',#1465,#1467,#1469,.T.);
#1465 = VERTEX_POINT('',#1466);
#1466 = CARTESIAN_POINT('',(10.6,-13.29059818066,-8.95));
#1467 = VERTEX_POINT('',#1468);
#1468 = CARTESIAN_POINT('',(13.4,-10.46135746449,-8.95));
#1469 = CIRCLE('',#1470,17.);
#1470 = AXIS2_PLACEMENT_3D('',#1471,#1472,#1473);
#1471 = CARTESIAN_POINT('',(0.,0.,-8.95));
#1472 = DIRECTION('',(0.,0.,1.));
#1473 = DIRECTION('',(1.,0.,0.));
#1474 = ORIENTED_EDGE('',*,*,#1475,.T.);
#1475 = EDGE_CURVE('',#1465,#1476,#1478,.T.);
#1476 = VERTEX_POINT('',#1477);
#1477 = CARTESIAN_POINT('',(10.6,13.290598180669,-8.95));
#1478 = LINE('',#1479,#1480);
#1479 = CARTESIAN_POINT('',(10.6,-9.,-8.95));
#1480 = VECTOR('',#1481,1.);
#1481 = DIRECTION('',(0.,1.,0.));
#1482 = ORIENTED_EDGE('',*,*,#1483,.F.);
#1483 = EDGE_CURVE('',#1484,#1476,#1486,.T.);
#1484 = VERTEX_POINT('',#1485);
#1485 = CARTESIAN_POINT('',(13.4,10.461357464498,-8.95));
#1486 = CIRCLE('',#1487,17.);
#1487 = AXIS2_PLACEMENT_3D('',#1488,#1489,#1490);
#1488 = CARTESIAN_POINT('',(0.,0.,-8.95));
#1489 = DIRECTION('',(0.,0.,1.));
#1490 = DIRECTION('',(1.,0.,0.));
#1491 = ORIENTED_EDGE('',*,*,#1492,.F.);
#1492 = EDGE_CURVE('',#1467,#1484,#1493,.T.);
#1493 = LINE('',#1494,#1495);
#1494 = CARTESIAN_POINT('',(13.4,-9.,-8.95));
#1495 = VECTOR('',#1496,1.);
#1496 = DIRECTION('',(0.,1.,0.));
#1497 = PLANE('',#1498);
#1498 = AXIS2_PLACEMENT_3D('',#1499,#1500,#1501);
#1499 = CARTESIAN_POINT('',(0.,0.,-8.95));
#1500 = DIRECTION('',(0.,0.,1.));
#1501 = DIRECTION('',(1.,0.,0.));
#1502 = ADVANCED_FACE('',(#1503),#2180,.F.);
#1503 = FACE_BOUND('',#1504,.F.);
#1504 = EDGE_LOOP('',(#1505,#1515,#1524,#1725,#1726,#1727,#1739,#1942,
    #1952,#1953,#1954,#2155,#2156,#2164,#2165,#2166,#2167,#2177,#2178,
    #2179));
#1505 = ORIENTED_EDGE('',*,*,#1506,.F.);
#1506 = EDGE_CURVE('',#1507,#1107,#1509,.T.);
#1507 = VERTEX_POINT('',#1508);
#1508 = CARTESIAN_POINT('',(32.29906498268,0.,6.));
#1509 = B_SPLINE_CURVE_WITH_KNOTS('',4,(#1510,#1511,#1512,#1513,#1514),
  .UNSPECIFIED.,.F.,.F.,(5,5),(0.,1.),.PIECEWISE_BEZIER_KNOTS.);
#1510 = CARTESIAN_POINT('',(32.29906498268,-7.993605777301E-15,6.));
#1511 = CARTESIAN_POINT('',(32.29906498268,-1.002573894077,6.));
#1512 = CARTESIAN_POINT('',(32.257571330715,-2.005148482178,6.));
#1513 = CARTESIAN_POINT('',(32.174584061158,-3.00514440961,6.));
#1514 = CARTESIAN_POINT('',(32.050422754706,-4.,6.));
#1515 = ORIENTED_EDGE('',*,*,#1516,.T.);
#1516 = EDGE_CURVE('',#1507,#1517,#1519,.T.);
#1517 = VERTEX_POINT('',#1518);
#1518 = CARTESIAN_POINT('',(29.131505195027,0.,9.));
#1519 = B_SPLINE_CURVE_WITH_KNOTS('',3,(#1520,#1521,#1522,#1523),
  .UNSPECIFIED.,.F.,.F.,(4,4),(0.,1.),.PIECEWISE_BEZIER_KNOTS.);
#1520 = CARTESIAN_POINT('',(32.775,0.,4.9));
#1521 = CARTESIAN_POINT('',(32.118537414966,0.,8.233333333333));
#1522 = CARTESIAN_POINT('',(23.761576660459,0.,11.566666666667));
#1523 = CARTESIAN_POINT('',(22.9,0.,14.9));
#1524 = ORIENTED_EDGE('',*,*,#1525,.T.);
#1525 = EDGE_CURVE('',#1517,#623,#1526,.T.);
#1526 = B_SPLINE_CURVE_WITH_KNOTS('',8,(#1527,#1528,#1529,#1530,#1531,
    #1532,#1533,#1534,#1535,#1536,#1537,#1538,#1539,#1540,#1541,#1542,
    #1543,#1544,#1545,#1546,#1547,#1548,#1549,#1550,#1551,#1552,#1553,
    #1554,#1555,#1556,#1557,#1558,#1559,#1560,#1561,#1562,#1563,#1564,
    #1565,#1566,#1567,#1568,#1569,#1570,#1571,#1572,#1573,#1574,#1575,
    #1576,#1577,#1578,#1579,#1580,#1581,#1582,#1583,#1584,#1585,#1586,
    #1587,#1588,#1589,#1590,#1591,#1592,#1593,#1594,#1595,#1596,#1597,
    #1598,#1599,#1600,#1601,#1602,#1603,#1604,#1605,#1606,#1607,#1608,
    #1609,#1610,#1611,#1612,#1613,#1614,#1615,#1616,#1617,#1618,#1619,
    #1620,#1621,#1622,#1623,#1624,#1625,#1626,#1627,#1628,#1629,#1630,
    #1631,#1632,#1633,#1634,#1635,#1636,#1637,#1638,#1639,#1640,#1641,
    #1642,#1643,#1644,#1645,#1646,#1647,#1648,#1649,#1650,#1651,#1652,
    #1653,#1654,#1655,#1656,#1657,#1658,#1659,#1660,#1661,#1662,#1663,
    #1664,#1665,#1666,#1667,#1668,#1669,#1670,#1671,#1672,#1673,#1674,
    #1675,#1676,#1677,#1678,#1679,#1680,#1681,#1682,#1683,#1684,#1685,
    #1686,#1687,#1688,#1689,#1690,#1691,#1692,#1693,#1694,#1695,#1696,
    #1697,#1698,#1699,#1700,#1701,#1702,#1703,#1704,#1705,#1706,#1707,
    #1708,#1709,#1710,#1711,#1712,#1713,#1714,#1715,#1716,#1717,#1718,
    #1719,#1720,#1721,#1722,#1723,#1724),.UNSPECIFIED.,.T.,.F.,(9,7,7,7,
    7,7,7,7,7,7,7,7,7,7,7,7,7,7,7,7,7,7,7,7,7,7,7,7,9),(0.,
    4.300149149824E-02,7.100246265366E-02,8.600298291321E-02,
    0.115003988754,0.135004682433,0.236996545745,0.339987865866,
    0.357988490178,0.402989853208,0.438991101857,0.461991899589,
    0.515993282362,0.544994288203,0.562994912515,0.594996022413,
    0.623997028254,0.650997964725,0.665998484985,0.694999490826,
    0.719000323243,0.748001329084,0.777002334925,0.804003271396,
    0.82500399976,0.851004901546,0.880005907387,0.901006635751,1.),
  .UNSPECIFIED.);
#1527 = CARTESIAN_POINT('',(29.131505195027,-7.105427357601E-15,9.));
#1528 = CARTESIAN_POINT('',(29.131505493621,-0.983829093425,9.));
#1529 = CARTESIAN_POINT('',(29.093532259964,-1.967667506961,9.));
#1530 = CARTESIAN_POINT('',(29.017586655878,-2.949791884914,9.));
#1531 = CARTESIAN_POINT('',(28.903761380297,-3.928491312973,9.));
#1532 = CARTESIAN_POINT('',(28.752240669267,-4.90206731821,9.));
#1533 = CARTESIAN_POINT('',(28.563300295951,-5.86883386908,9.));
#1534 = CARTESIAN_POINT('',(28.337307570624,-6.82711737542,9.));
#1535 = CARTESIAN_POINT('',(27.903734651122,-8.392651652681,9.));
#1536 = CARTESIAN_POINT('',(27.717230770861,-9.005750286688,9.));
#1537 = CARTESIAN_POINT('',(27.515336212428,-9.614096113859,9.));
#1538 = CARTESIAN_POINT('',(27.29819304461,-10.21723848001,9.));
#1539 = CARTESIAN_POINT('',(27.065958892442,-10.81473255342,9.));
#1540 = CARTESIAN_POINT('',(26.818806937211,-11.40613932476,9.));
#1541 = CARTESIAN_POINT('',(26.55692591645,-11.99102560716,9.));
#1542 = CARTESIAN_POINT('',(26.132445513501,-12.87857410302,9.));
#1543 = CARTESIAN_POINT('',(25.980202300436,-13.18619054081,9.));
#1544 = CARTESIAN_POINT('',(25.823821833289,-13.49174780759,9.));
#1545 = CARTESIAN_POINT('',(25.663336665667,-13.79518100912,9.));
#1546 = CARTESIAN_POINT('',(25.498780556239,-14.09642589899,9.));
#1547 = CARTESIAN_POINT('',(25.330188468739,-14.39541887853,9.));
#1548 = CARTESIAN_POINT('',(25.157596571965,-14.69209699686,9.));
#1549 = CARTESIAN_POINT('',(24.639704131326,-15.55537940669,9.));
#1550 = CARTESIAN_POINT('',(24.283554494407,-16.11547678617,9.));
#1551 = CARTESIAN_POINT('',(23.912864222307,-16.66623874601,9.));
#1552 = CARTESIAN_POINT('',(23.527919635779,-17.20722522583,9.));
#1553 = CARTESIAN_POINT('',(23.129022483041,-17.7380074482,9.));
#1554 = CARTESIAN_POINT('',(22.716489939782,-18.25816791861,9.));
#1555 = CARTESIAN_POINT('',(22.290654609156,-18.76730042549,9.));
#1556 = CARTESIAN_POINT('',(21.549250506361,-19.60825826804,9.));
#1557 = CARTESIAN_POINT('',(21.240474371208,-19.94607412798,9.));
#1558 = CARTESIAN_POINT('',(20.92565009796,-20.27832835104,9.));
#1559 = CARTESIAN_POINT('',(20.604894725716,-20.60489472571,9.));
#1560 = CARTESIAN_POINT('',(20.278328351046,-20.92565009795,9.));
#1561 = CARTESIAN_POINT('',(19.946074127989,-21.2404743712,9.));
#1562 = CARTESIAN_POINT('',(19.608258268051,-21.54925050635,9.));
#1563 = CARTESIAN_POINT('',(17.514644231124,-23.3950195814,9.));
#1564 = CARTESIAN_POINT('',(15.622482739896,-24.77840385952,9.));
#1565 = CARTESIAN_POINT('',(13.606293901264,-25.98605287131,9.));
#1566 = CARTESIAN_POINT('',(11.485332949103,-27.00531500466,9.));
#1567 = CARTESIAN_POINT('',(9.279937660114,-27.8260477715,9.));
#1568 = CARTESIAN_POINT('',(7.011521124731,-28.44063705865,9.));
#1569 = CARTESIAN_POINT('',(4.702552870884,-28.84398897957,9.));
#1570 = CARTESIAN_POINT('',(2.837142019823E-02,-29.22663407041,9.));
#1571 = CARTESIAN_POINT('',(-2.338623831324,-29.20185190136,9.));
#1572 = CARTESIAN_POINT('',(-4.699612292003,-28.95778613924,9.));
#1573 = CARTESIAN_POINT('',(-7.030910934106,-28.49588889416,9.));
#1574 = CARTESIAN_POINT('',(-9.309501489185,-27.82036872156,9.));
#1575 = CARTESIAN_POINT('',(-11.51304985295,-26.9382070483,9.));
#1576 = CARTESIAN_POINT('',(-13.6199156159,-25.8591346073,9.));
#1577 = CARTESIAN_POINT('',(-15.95716646241,-24.37587010034,9.));
#1578 = CARTESIAN_POINT('',(-16.30132659679,-24.14957866719,9.));
#1579 = CARTESIAN_POINT('',(-16.64181542239,-23.9177363525,9.));
#1580 = CARTESIAN_POINT('',(-16.97852854997,-23.68041276576,9.));
#1581 = CARTESIAN_POINT('',(-17.31136324335,-23.43767982198,9.));
#1582 = CARTESIAN_POINT('',(-17.6402184194,-23.18961174176,9.));
#1583 = CARTESIAN_POINT('',(-17.96499464806,-22.93628505127,9.));
#1584 = CARTESIAN_POINT('',(-19.08708946848,-22.03151519387,9.));
#1585 = CARTESIAN_POINT('',(-19.86249022978,-21.3528706445,9.));
#1586 = CARTESIAN_POINT('',(-20.61025649487,-20.6430845355,9.));
#1587 = CARTESIAN_POINT('',(-21.32893278444,-19.90347555917,9.));
#1588 = CARTESIAN_POINT('',(-22.017144146,-19.13543768975,9.));
#1589 = CARTESIAN_POINT('',(-22.67359488769,-18.34043886492,9.));
#1590 = CARTESIAN_POINT('',(-23.29706998099,-17.52002215798,9.));
#1591 = CARTESIAN_POINT('',(-24.35793576593,-16.0004375684,9.));
#1592 = CARTESIAN_POINT('',(-24.80761067639,-15.30982664306,9.));
#1593 = CARTESIAN_POINT('',(-25.2348866439,-14.60480417381,9.));
#1594 = CARTESIAN_POINT('',(-25.63922635796,-13.88621928497,9.));
#1595 = CARTESIAN_POINT('',(-26.0201324176,-13.15494271582,9.));
#1596 = CARTESIAN_POINT('',(-26.37714733131,-12.41186682068,9.));
#1597 = CARTESIAN_POINT('',(-26.7098535171,-11.65790556887,9.));
#1598 = CARTESIAN_POINT('',(-27.21466408548,-10.40593956934,9.));
#1599 = CARTESIAN_POINT('',(-27.40137922672,-9.913821509159,9.));
#1600 = CARTESIAN_POINT('',(-27.57792067804,-9.417883603261,9.));
#1601 = CARTESIAN_POINT('',(-27.74419759093,-8.918371405108,9.));
#1602 = CARTESIAN_POINT('',(-27.90012631649,-8.415532782481,9.));
#1603 = CARTESIAN_POINT('',(-28.04563040549,-7.909617917485,9.));
#1604 = CARTESIAN_POINT('',(-28.18064060834,-7.400879306547,9.));
#1605 = CARTESIAN_POINT('',(-28.59728928863,-5.689121178471,9.));
#1606 = CARTESIAN_POINT('',(-28.83130492925,-4.474479556627,9.));
#1607 = CARTESIAN_POINT('',(-29.00632611463,-3.248977713942,9.));
#1608 = CARTESIAN_POINT('',(-29.12178086819,-2.015964036924,9.));
#1609 = CARTESIAN_POINT('',(-29.17732470135,-0.778803008429,9.));
#1610 = CARTESIAN_POINT('',(-29.17283522369,0.459125513879,9.));
#1611 = CARTESIAN_POINT('',(-29.1084175808,1.694426269509,9.));
#1612 = CARTESIAN_POINT('',(-28.91782928659,3.583852329143,9.));
#1613 = CARTESIAN_POINT('',(-28.83405332582,4.242284730207,9.));
#1614 = CARTESIAN_POINT('',(-28.73314577662,4.898461292378,9.));
#1615 = CARTESIAN_POINT('',(-28.61517834115,5.551861927683,9.));
#1616 = CARTESIAN_POINT('',(-28.48024148482,6.201970188552,9.));
#1617 = CARTESIAN_POINT('',(-28.32844443625,6.848273267823,9.));
#1618 = CARTESIAN_POINT('',(-28.15991518729,7.490261998738,9.));
#1619 = CARTESIAN_POINT('',(-27.85990166084,8.522915235189,9.));
#1620 = CARTESIAN_POINT('',(-27.73861304301,8.916543336316,9.));
#1621 = CARTESIAN_POINT('',(-27.61096968619,9.308194549385,9.));
#1622 = CARTESIAN_POINT('',(-27.47700931225,9.697749209643,9.));
#1623 = CARTESIAN_POINT('',(-27.33677231827,10.085088596528,9.));
#1624 = CARTESIAN_POINT('',(-27.19030177652,10.470094933665,9.));
#1625 = CARTESIAN_POINT('',(-27.03764343447,10.852651388869,9.));
#1626 = CARTESIAN_POINT('',(-26.59653899473,11.908180402592,9.));
#1627 = CARTESIAN_POINT('',(-26.29482772469,12.575611899648,9.));
#1628 = CARTESIAN_POINT('',(-25.97398500068,13.234283579691,9.));
#1629 = CARTESIAN_POINT('',(-25.63430883463,13.883555951585,9.));
#1630 = CARTESIAN_POINT('',(-25.27612215439,14.522803018679,9.));
#1631 = CARTESIAN_POINT('',(-24.89977280376,15.151412278808,9.));
#1632 = CARTESIAN_POINT('',(-24.50563354247,15.768784724292,9.));
#1633 = CARTESIAN_POINT('',(-23.72115155156,16.923114879753,9.));
#1634 = CARTESIAN_POINT('',(-23.33391531893,17.462187916099,9.));
#1635 = CARTESIAN_POINT('',(-22.93268931784,17.991118639613,9.));
#1636 = CARTESIAN_POINT('',(-22.51778428293,18.509483875767,9.));
#1637 = CARTESIAN_POINT('',(-22.08952571397,19.016872586871,9.));
#1638 = CARTESIAN_POINT('',(-21.64825387582,19.512885872066,9.));
#1639 = CARTESIAN_POINT('',(-21.19432379849,19.997136967332,9.));
#1640 = CARTESIAN_POINT('',(-20.29403970635,20.908806032901,9.));
#1641 = CARTESIAN_POINT('',(-19.84932077959,21.337841786081,9.));
#1642 = CARTESIAN_POINT('',(-19.39424690931,21.756056420166,9.));
#1643 = CARTESIAN_POINT('',(-18.92912583505,22.16315877086,9.));
#1644 = CARTESIAN_POINT('',(-18.45427462341,22.558868594419,9.));
#1645 = CARTESIAN_POINT('',(-17.97001966801,22.942916567652,9.));
#1646 = CARTESIAN_POINT('',(-17.47669668949,23.315044287923,9.));
#1647 = CARTESIAN_POINT('',(-16.69573617804,23.874982155307,9.));
#1648 = CARTESIAN_POINT('',(-16.41412908432,24.07120476739,9.));
#1649 = CARTESIAN_POINT('',(-16.12988850041,24.263629776793,9.));
#1650 = CARTESIAN_POINT('',(-15.84307421629,24.452215999106,9.));
#1651 = CARTESIAN_POINT('',(-15.55374676586,24.636923398114,9.));
#1652 = CARTESIAN_POINT('',(-15.26196742696,24.817713085794,9.));
#1653 = CARTESIAN_POINT('',(-14.96779822136,24.994547322319,9.));
#1654 = CARTESIAN_POINT('',(-14.09807614336,25.501550878751,9.));
#1655 = CARTESIAN_POINT('',(-13.51615086701,25.820791557746,9.));
#1656 = CARTESIAN_POINT('',(-12.92598090764,26.124846541725,9.));
#1657 = CARTESIAN_POINT('',(-12.32802917073,26.41346813892,9.));
#1658 = CARTESIAN_POINT('',(-11.72276664536,26.686425977113,9.));
#1659 = CARTESIAN_POINT('',(-11.11067240422,26.943507003629,9.));
#1660 = CARTESIAN_POINT('',(-10.4922336036,27.184515485347,9.));
#1661 = CARTESIAN_POINT('',(-9.351293047407,27.595279340685,9.));
#1662 = CARTESIAN_POINT('',(-8.830633111844,27.770155909225,9.));
#1663 = CARTESIAN_POINT('',(-8.306246101966,27.933801792356,9.));
#1664 = CARTESIAN_POINT('',(-7.778414836069,28.086124708797,9.));
#1665 = CARTESIAN_POINT('',(-7.247424525471,28.227041017943,9.));
#1666 = CARTESIAN_POINT('',(-6.713562774516,28.356475719865,9.));
#1667 = CARTESIAN_POINT('',(-6.17711958057,28.474362455308,9.));
#1668 = CARTESIAN_POINT('',(-4.987419474266,28.709066427757,9.));
#1669 = CARTESIAN_POINT('',(-4.333107426537,28.820544598579,9.));
#1670 = CARTESIAN_POINT('',(-3.675967655233,28.914976241581,9.));
#1671 = CARTESIAN_POINT('',(-3.016518602712,28.992278590681,9.));
#1672 = CARTESIAN_POINT('',(-2.355280689289,29.052387890295,9.));
#1673 = CARTESIAN_POINT('',(-1.69277631324,29.095259395337,9.));
#1674 = CARTESIAN_POINT('',(-1.029529850795,29.120867371216,9.));
#1675 = CARTESIAN_POINT('',(0.297394537797,29.137542872633,9.));
#1676 = CARTESIAN_POINT('',(0.961075070778,29.128610430931,9.));
#1677 = CARTESIAN_POINT('',(1.62444758586,29.102401263371,9.));
#1678 = CARTESIAN_POINT('',(2.286987225699,29.058927918793,9.));
#1679 = CARTESIAN_POINT('',(2.948170632553,28.998222000234,9.));
#1680 = CARTESIAN_POINT('',(3.607475948276,28.92033416493,9.));
#1681 = CARTESIAN_POINT('',(4.264382814322,28.825334124318,9.));
#1682 = CARTESIAN_POINT('',(5.527259324145,28.609012945018,9.));
#1683 = CARTESIAN_POINT('',(6.133619495478,28.489958571113,9.));
#1684 = CARTESIAN_POINT('',(6.737034369716,28.356219283219,9.));
#1685 = CARTESIAN_POINT('',(7.337089046073,28.207880741235,9.));
#1686 = CARTESIAN_POINT('',(7.933372239,28.045042504054,9.));
#1687 = CARTESIAN_POINT('',(8.525476278187,27.867818029568,9.));
#1688 = CARTESIAN_POINT('',(9.112997108557,27.676334674664,9.));
#1689 = CARTESIAN_POINT('',(10.148618935944,27.310821781362,9.));
#1690 = CARTESIAN_POINT('',(10.598689553611,27.142369324313,9.));
#1691 = CARTESIAN_POINT('',(11.045557980427,26.965442751097,9.));
#1692 = CARTESIAN_POINT('',(11.489038125682,26.780113318733,9.));
#1693 = CARTESIAN_POINT('',(11.9289459708,26.586457114242,9.));
#1694 = CARTESIAN_POINT('',(12.365099569346,26.384555054641,9.));
#1695 = CARTESIAN_POINT('',(12.797319047018,26.174492886953,9.));
#1696 = CARTESIAN_POINT('',(13.755464385032,25.686293464744,9.));
#1697 = CARTESIAN_POINT('',(14.279200101949,25.403855575561,9.));
#1698 = CARTESIAN_POINT('',(14.796296012113,25.109219671678,9.));
#1699 = CARTESIAN_POINT('',(15.306420860735,24.802568413246,9.));
#1700 = CARTESIAN_POINT('',(15.809249878523,24.484094969533,9.));
#1701 = CARTESIAN_POINT('',(16.304464781682,24.154003018927,9.));
#1702 = CARTESIAN_POINT('',(16.791753771916,23.812506748938,9.));
#1703 = CARTESIAN_POINT('',(17.805145078744,23.066461733229,9.));
#1704 = CARTESIAN_POINT('',(18.329240084605,22.659182881328,9.));
#1705 = CARTESIAN_POINT('',(18.842672707096,22.238306466698,9.));
#1706 = CARTESIAN_POINT('',(19.345031784011,21.804158952726,9.));
#1707 = CARTESIAN_POINT('',(19.835918837859,21.357081099985,9.));
#1708 = CARTESIAN_POINT('',(20.314948075859,20.89742796623,9.));
#1709 = CARTESIAN_POINT('',(20.781746389938,20.425568906396,9.));
#1710 = CARTESIAN_POINT('',(21.564862049868,19.591635394997,9.));
#1711 = CARTESIAN_POINT('',(21.887168813226,19.235183236262,9.));
#1712 = CARTESIAN_POINT('',(22.202737061047,18.872676568513,9.));
#1713 = CARTESIAN_POINT('',(22.511434267678,18.504264201248,9.));
#1714 = CARTESIAN_POINT('',(22.813131967578,18.130098281354,9.));
#1715 = CARTESIAN_POINT('',(23.107705755317,17.750334293104,9.));
#1716 = CARTESIAN_POINT('',(23.395035285577,17.365131058157,9.));
#1717 = CARTESIAN_POINT('',(24.994724084671,15.134001855304,9.));
#1718 = CARTESIAN_POINT('',(26.151249777411,13.175598725185,9.));
#1719 = CARTESIAN_POINT('',(27.131737049302,11.117033086943,9.));
#1720 = CARTESIAN_POINT('',(27.926355504959,8.976926060597,9.));
#1721 = CARTESIAN_POINT('',(28.527593712817,6.774656959922,9.));
#1722 = CARTESIAN_POINT('',(28.930264027837,4.530352079876,9.));
#1723 = CARTESIAN_POINT('',(29.131505205598,2.264872773755,9.));
#1724 = CARTESIAN_POINT('',(29.131505195027,0.,9.));
#1725 = ORIENTED_EDGE('',*,*,#630,.F.);
#1726 = ORIENTED_EDGE('',*,*,#385,.F.);
#1727 = ORIENTED_EDGE('',*,*,#1728,.T.);
#1728 = EDGE_CURVE('',#378,#1729,#1731,.T.);
#1729 = VERTEX_POINT('',#1730);
#1730 = CARTESIAN_POINT('',(6.3,-28.44212711966,9.));
#1731 = B_SPLINE_CURVE_WITH_KNOTS('',6,(#1732,#1733,#1734,#1735,#1736,
    #1737,#1738),.UNSPECIFIED.,.F.,.F.,(7,7),(0.,1.),
  .PIECEWISE_BEZIER_KNOTS.);
#1732 = CARTESIAN_POINT('',(6.3,-29.9,7.864796520819));
#1733 = CARTESIAN_POINT('',(6.3,-29.66410048033,8.062756988456));
#1734 = CARTESIAN_POINT('',(6.3,-29.42434516898,8.256142261753));
#1735 = CARTESIAN_POINT('',(6.3,-29.18167991514,8.445909303438));
#1736 = CARTESIAN_POINT('',(6.3,-28.93676311926,8.632747799124));
#1737 = CARTESIAN_POINT('',(6.3,-28.6901103689,8.817262613786));
#1738 = CARTESIAN_POINT('',(6.3,-28.44211897451,9.000006));
#1739 = ORIENTED_EDGE('',*,*,#1740,.T.);
#1740 = EDGE_CURVE('',#1729,#1741,#1743,.T.);
#1741 = VERTEX_POINT('',#1742);
#1742 = CARTESIAN_POINT('',(-6.3,-28.44212711728,9.));
#1743 = B_SPLINE_CURVE_WITH_KNOTS('',8,(#1744,#1745,#1746,#1747,#1748,
    #1749,#1750,#1751,#1752,#1753,#1754,#1755,#1756,#1757,#1758,#1759,
    #1760,#1761,#1762,#1763,#1764,#1765,#1766,#1767,#1768,#1769,#1770,
    #1771,#1772,#1773,#1774,#1775,#1776,#1777,#1778,#1779,#1780,#1781,
    #1782,#1783,#1784,#1785,#1786,#1787,#1788,#1789,#1790,#1791,#1792,
    #1793,#1794,#1795,#1796,#1797,#1798,#1799,#1800,#1801,#1802,#1803,
    #1804,#1805,#1806,#1807,#1808,#1809,#1810,#1811,#1812,#1813,#1814,
    #1815,#1816,#1817,#1818,#1819,#1820,#1821,#1822,#1823,#1824,#1825,
    #1826,#1827,#1828,#1829,#1830,#1831,#1832,#1833,#1834,#1835,#1836,
    #1837,#1838,#1839,#1840,#1841,#1842,#1843,#1844,#1845,#1846,#1847,
    #1848,#1849,#1850,#1851,#1852,#1853,#1854,#1855,#1856,#1857,#1858,
    #1859,#1860,#1861,#1862,#1863,#1864,#1865,#1866,#1867,#1868,#1869,
    #1870,#1871,#1872,#1873,#1874,#1875,#1876,#1877,#1878,#1879,#1880,
    #1881,#1882,#1883,#1884,#1885,#1886,#1887,#1888,#1889,#1890,#1891,
    #1892,#1893,#1894,#1895,#1896,#1897,#1898,#1899,#1900,#1901,#1902,
    #1903,#1904,#1905,#1906,#1907,#1908,#1909,#1910,#1911,#1912,#1913,
    #1914,#1915,#1916,#1917,#1918,#1919,#1920,#1921,#1922,#1923,#1924,
    #1925,#1926,#1927,#1928,#1929,#1930,#1931,#1932,#1933,#1934,#1935,
    #1936,#1937,#1938,#1939,#1940,#1941),.UNSPECIFIED.,.T.,.F.,(9,7,7,7,
    7,7,7,7,7,7,7,7,7,7,7,7,7,7,7,7,7,7,7,7,7,7,7,7,9),(0.,
    4.300149149824E-02,7.100246265366E-02,8.600298291321E-02,
    0.115003988754,0.135004682433,0.236996545745,0.339987865866,
    0.357988490178,0.402989853208,0.438991101857,0.461991899589,
    0.515993282362,0.544994288203,0.562994912515,0.594996022413,
    0.623997028254,0.650997964725,0.665998484985,0.694999490826,
    0.719000323243,0.748001329084,0.777002334925,0.804003271396,
    0.82500399976,0.851004901546,0.880005907387,0.901006635751,1.),
  .UNSPECIFIED.);
#1744 = CARTESIAN_POINT('',(29.131505195027,-7.105427357601E-15,9.));
#1745 = CARTESIAN_POINT('',(29.131505493621,-0.983829093425,9.));
#1746 = CARTESIAN_POINT('',(29.093532259964,-1.967667506961,9.));
#1747 = CARTESIAN_POINT('',(29.017586655878,-2.949791884914,9.));
#1748 = CARTESIAN_POINT('',(28.903761380297,-3.928491312973,9.));
#1749 = CARTESIAN_POINT('',(28.752240669267,-4.90206731821,9.));
#1750 = CARTESIAN_POINT('',(28.563300295951,-5.86883386908,9.));
#1751 = CARTESIAN_POINT('',(28.337307570624,-6.82711737542,9.));
#1752 = CARTESIAN_POINT('',(27.903734651122,-8.392651652681,9.));
#1753 = CARTESIAN_POINT('',(27.717230770861,-9.005750286688,9.));
#1754 = CARTESIAN_POINT('',(27.515336212428,-9.614096113859,9.));
#1755 = CARTESIAN_POINT('',(27.29819304461,-10.21723848001,9.));
#1756 = CARTESIAN_POINT('',(27.065958892442,-10.81473255342,9.));
#1757 = CARTESIAN_POINT('',(26.818806937211,-11.40613932476,9.));
#1758 = CARTESIAN_POINT('',(26.55692591645,-11.99102560716,9.));
#1759 = CARTESIAN_POINT('',(26.132445513501,-12.87857410302,9.));
#1760 = CARTESIAN_POINT('',(25.980202300436,-13.18619054081,9.));
#1761 = CARTESIAN_POINT('',(25.823821833289,-13.49174780759,9.));
#1762 = CARTESIAN_POINT('',(25.663336665667,-13.79518100912,9.));
#1763 = CARTESIAN_POINT('',(25.498780556239,-14.09642589899,9.));
#1764 = CARTESIAN_POINT('',(25.330188468739,-14.39541887853,9.));
#1765 = CARTESIAN_POINT('',(25.157596571965,-14.69209699686,9.));
#1766 = CARTESIAN_POINT('',(24.639704131326,-15.55537940669,9.));
#1767 = CARTESIAN_POINT('',(24.283554494407,-16.11547678617,9.));
#1768 = CARTESIAN_POINT('',(23.912864222307,-16.66623874601,9.));
#1769 = CARTESIAN_POINT('',(23.527919635779,-17.20722522583,9.));
#1770 = CARTESIAN_POINT('',(23.129022483041,-17.7380074482,9.));
#1771 = CARTESIAN_POINT('',(22.716489939782,-18.25816791861,9.));
#1772 = CARTESIAN_POINT('',(22.290654609156,-18.76730042549,9.));
#1773 = CARTESIAN_POINT('',(21.549250506361,-19.60825826804,9.));
#1774 = CARTESIAN_POINT('',(21.240474371208,-19.94607412798,9.));
#1775 = CARTESIAN_POINT('',(20.92565009796,-20.27832835104,9.));
#1776 = CARTESIAN_POINT('',(20.604894725716,-20.60489472571,9.));
#1777 = CARTESIAN_POINT('',(20.278328351046,-20.92565009795,9.));
#1778 = CARTESIAN_POINT('',(19.946074127989,-21.2404743712,9.));
#1779 = CARTESIAN_POINT('',(19.608258268051,-21.54925050635,9.));
#1780 = CARTESIAN_POINT('',(17.514644231124,-23.3950195814,9.));
#1781 = CARTESIAN_POINT('',(15.622482739896,-24.77840385952,9.));
#1782 = CARTESIAN_POINT('',(13.606293901264,-25.98605287131,9.));
#1783 = CARTESIAN_POINT('',(11.485332949103,-27.00531500466,9.));
#1784 = CARTESIAN_POINT('',(9.279937660114,-27.8260477715,9.));
#1785 = CARTESIAN_POINT('',(7.011521124731,-28.44063705865,9.));
#1786 = CARTESIAN_POINT('',(4.702552870884,-28.84398897957,9.));
#1787 = CARTESIAN_POINT('',(2.837142019823E-02,-29.22663407041,9.));
#1788 = CARTESIAN_POINT('',(-2.338623831324,-29.20185190136,9.));
#1789 = CARTESIAN_POINT('',(-4.699612292003,-28.95778613924,9.));
#1790 = CARTESIAN_POINT('',(-7.030910934106,-28.49588889416,9.));
#1791 = CARTESIAN_POINT('',(-9.309501489185,-27.82036872156,9.));
#1792 = CARTESIAN_POINT('',(-11.51304985295,-26.9382070483,9.));
#1793 = CARTESIAN_POINT('',(-13.6199156159,-25.8591346073,9.));
#1794 = CARTESIAN_POINT('',(-15.95716646241,-24.37587010034,9.));
#1795 = CARTESIAN_POINT('',(-16.30132659679,-24.14957866719,9.));
#1796 = CARTESIAN_POINT('',(-16.64181542239,-23.9177363525,9.));
#1797 = CARTESIAN_POINT('',(-16.97852854997,-23.68041276576,9.));
#1798 = CARTESIAN_POINT('',(-17.31136324335,-23.43767982198,9.));
#1799 = CARTESIAN_POINT('',(-17.6402184194,-23.18961174176,9.));
#1800 = CARTESIAN_POINT('',(-17.96499464806,-22.93628505127,9.));
#1801 = CARTESIAN_POINT('',(-19.08708946848,-22.03151519387,9.));
#1802 = CARTESIAN_POINT('',(-19.86249022978,-21.3528706445,9.));
#1803 = CARTESIAN_POINT('',(-20.61025649487,-20.6430845355,9.));
#1804 = CARTESIAN_POINT('',(-21.32893278444,-19.90347555917,9.));
#1805 = CARTESIAN_POINT('',(-22.017144146,-19.13543768975,9.));
#1806 = CARTESIAN_POINT('',(-22.67359488769,-18.34043886492,9.));
#1807 = CARTESIAN_POINT('',(-23.29706998099,-17.52002215798,9.));
#1808 = CARTESIAN_POINT('',(-24.35793576593,-16.0004375684,9.));
#1809 = CARTESIAN_POINT('',(-24.80761067639,-15.30982664306,9.));
#1810 = CARTESIAN_POINT('',(-25.2348866439,-14.60480417381,9.));
#1811 = CARTESIAN_POINT('',(-25.63922635796,-13.88621928497,9.));
#1812 = CARTESIAN_POINT('',(-26.0201324176,-13.15494271582,9.));
#1813 = CARTESIAN_POINT('',(-26.37714733131,-12.41186682068,9.));
#1814 = CARTESIAN_POINT('',(-26.7098535171,-11.65790556887,9.));
#1815 = CARTESIAN_POINT('',(-27.21466408548,-10.40593956934,9.));
#1816 = CARTESIAN_POINT('',(-27.40137922672,-9.913821509159,9.));
#1817 = CARTESIAN_POINT('',(-27.57792067804,-9.417883603261,9.));
#1818 = CARTESIAN_POINT('',(-27.74419759093,-8.918371405108,9.));
#1819 = CARTESIAN_POINT('',(-27.90012631649,-8.415532782481,9.));
#1820 = CARTESIAN_POINT('',(-28.04563040549,-7.909617917485,9.));
#1821 = CARTESIAN_POINT('',(-28.18064060834,-7.400879306547,9.));
#1822 = CARTESIAN_POINT('',(-28.59728928863,-5.689121178471,9.));
#1823 = CARTESIAN_POINT('',(-28.83130492925,-4.474479556627,9.));
#1824 = CARTESIAN_POINT('',(-29.00632611463,-3.248977713942,9.));
#1825 = CARTESIAN_POINT('',(-29.12178086819,-2.015964036924,9.));
#1826 = CARTESIAN_POINT('',(-29.17732470135,-0.778803008429,9.));
#1827 = CARTESIAN_POINT('',(-29.17283522369,0.459125513879,9.));
#1828 = CARTESIAN_POINT('',(-29.1084175808,1.694426269509,9.));
#1829 = CARTESIAN_POINT('',(-28.91782928659,3.583852329143,9.));
#1830 = CARTESIAN_POINT('',(-28.83405332582,4.242284730207,9.));
#1831 = CARTESIAN_POINT('',(-28.73314577662,4.898461292378,9.));
#1832 = CARTESIAN_POINT('',(-28.61517834115,5.551861927683,9.));
#1833 = CARTESIAN_POINT('',(-28.48024148482,6.201970188552,9.));
#1834 = CARTESIAN_POINT('',(-28.32844443625,6.848273267823,9.));
#1835 = CARTESIAN_POINT('',(-28.15991518729,7.490261998738,9.));
#1836 = CARTESIAN_POINT('',(-27.85990166084,8.522915235189,9.));
#1837 = CARTESIAN_POINT('',(-27.73861304301,8.916543336316,9.));
#1838 = CARTESIAN_POINT('',(-27.61096968619,9.308194549385,9.));
#1839 = CARTESIAN_POINT('',(-27.47700931225,9.697749209643,9.));
#1840 = CARTESIAN_POINT('',(-27.33677231827,10.085088596528,9.));
#1841 = CARTESIAN_POINT('',(-27.19030177652,10.470094933665,9.));
#1842 = CARTESIAN_POINT('',(-27.03764343447,10.852651388869,9.));
#1843 = CARTESIAN_POINT('',(-26.59653899473,11.908180402592,9.));
#1844 = CARTESIAN_POINT('',(-26.29482772469,12.575611899648,9.));
#1845 = CARTESIAN_POINT('',(-25.97398500068,13.234283579691,9.));
#1846 = CARTESIAN_POINT('',(-25.63430883463,13.883555951585,9.));
#1847 = CARTESIAN_POINT('',(-25.27612215439,14.522803018679,9.));
#1848 = CARTESIAN_POINT('',(-24.89977280376,15.151412278808,9.));
#1849 = CARTESIAN_POINT('',(-24.50563354247,15.768784724292,9.));
#1850 = CARTESIAN_POINT('',(-23.72115155156,16.923114879753,9.));
#1851 = CARTESIAN_POINT('',(-23.33391531893,17.462187916099,9.));
#1852 = CARTESIAN_POINT('',(-22.93268931784,17.991118639613,9.));
#1853 = CARTESIAN_POINT('',(-22.51778428293,18.509483875767,9.));
#1854 = CARTESIAN_POINT('',(-22.08952571397,19.016872586871,9.));
#1855 = CARTESIAN_POINT('',(-21.64825387582,19.512885872066,9.));
#1856 = CARTESIAN_POINT('',(-21.19432379849,19.997136967332,9.));
#1857 = CARTESIAN_POINT('',(-20.29403970635,20.908806032901,9.));
#1858 = CARTESIAN_POINT('',(-19.84932077959,21.337841786081,9.));
#1859 = CARTESIAN_POINT('',(-19.39424690931,21.756056420166,9.));
#1860 = CARTESIAN_POINT('',(-18.92912583505,22.16315877086,9.));
#1861 = CARTESIAN_POINT('',(-18.45427462341,22.558868594419,9.));
#1862 = CARTESIAN_POINT('',(-17.97001966801,22.942916567652,9.));
#1863 = CARTESIAN_POINT('',(-17.47669668949,23.315044287923,9.));
#1864 = CARTESIAN_POINT('',(-16.69573617804,23.874982155307,9.));
#1865 = CARTESIAN_POINT('',(-16.41412908432,24.07120476739,9.));
#1866 = CARTESIAN_POINT('',(-16.12988850041,24.263629776793,9.));
#1867 = CARTESIAN_POINT('',(-15.84307421629,24.452215999106,9.));
#1868 = CARTESIAN_POINT('',(-15.55374676586,24.636923398114,9.));
#1869 = CARTESIAN_POINT('',(-15.26196742696,24.817713085794,9.));
#1870 = CARTESIAN_POINT('',(-14.96779822136,24.994547322319,9.));
#1871 = CARTESIAN_POINT('',(-14.09807614336,25.501550878751,9.));
#1872 = CARTESIAN_POINT('',(-13.51615086701,25.820791557746,9.));
#1873 = CARTESIAN_POINT('',(-12.92598090764,26.124846541725,9.));
#1874 = CARTESIAN_POINT('',(-12.32802917073,26.41346813892,9.));
#1875 = CARTESIAN_POINT('',(-11.72276664536,26.686425977113,9.));
#1876 = CARTESIAN_POINT('',(-11.11067240422,26.943507003629,9.));
#1877 = CARTESIAN_POINT('',(-10.4922336036,27.184515485347,9.));
#1878 = CARTESIAN_POINT('',(-9.351293047407,27.595279340685,9.));
#1879 = CARTESIAN_POINT('',(-8.830633111844,27.770155909225,9.));
#1880 = CARTESIAN_POINT('',(-8.306246101966,27.933801792356,9.));
#1881 = CARTESIAN_POINT('',(-7.778414836069,28.086124708797,9.));
#1882 = CARTESIAN_POINT('',(-7.247424525471,28.227041017943,9.));
#1883 = CARTESIAN_POINT('',(-6.713562774516,28.356475719865,9.));
#1884 = CARTESIAN_POINT('',(-6.17711958057,28.474362455308,9.));
#1885 = CARTESIAN_POINT('',(-4.987419474266,28.709066427757,9.));
#1886 = CARTESIAN_POINT('',(-4.333107426537,28.820544598579,9.));
#1887 = CARTESIAN_POINT('',(-3.675967655233,28.914976241581,9.));
#1888 = CARTESIAN_POINT('',(-3.016518602712,28.992278590681,9.));
#1889 = CARTESIAN_POINT('',(-2.355280689289,29.052387890295,9.));
#1890 = CARTESIAN_POINT('',(-1.69277631324,29.095259395337,9.));
#1891 = CARTESIAN_POINT('',(-1.029529850795,29.120867371216,9.));
#1892 = CARTESIAN_POINT('',(0.297394537797,29.137542872633,9.));
#1893 = CARTESIAN_POINT('',(0.961075070778,29.128610430931,9.));
#1894 = CARTESIAN_POINT('',(1.62444758586,29.102401263371,9.));
#1895 = CARTESIAN_POINT('',(2.286987225699,29.058927918793,9.));
#1896 = CARTESIAN_POINT('',(2.948170632553,28.998222000234,9.));
#1897 = CARTESIAN_POINT('',(3.607475948276,28.92033416493,9.));
#1898 = CARTESIAN_POINT('',(4.264382814322,28.825334124318,9.));
#1899 = CARTESIAN_POINT('',(5.527259324145,28.609012945018,9.));
#1900 = CARTESIAN_POINT('',(6.133619495478,28.489958571113,9.));
#1901 = CARTESIAN_POINT('',(6.737034369716,28.356219283219,9.));
#1902 = CARTESIAN_POINT('',(7.337089046073,28.207880741235,9.));
#1903 = CARTESIAN_POINT('',(7.933372239,28.045042504054,9.));
#1904 = CARTESIAN_POINT('',(8.525476278187,27.867818029568,9.));
#1905 = CARTESIAN_POINT('',(9.112997108557,27.676334674664,9.));
#1906 = CARTESIAN_POINT('',(10.148618935944,27.310821781362,9.));
#1907 = CARTESIAN_POINT('',(10.598689553611,27.142369324313,9.));
#1908 = CARTESIAN_POINT('',(11.045557980427,26.965442751097,9.));
#1909 = CARTESIAN_POINT('',(11.489038125682,26.780113318733,9.));
#1910 = CARTESIAN_POINT('',(11.9289459708,26.586457114242,9.));
#1911 = CARTESIAN_POINT('',(12.365099569346,26.384555054641,9.));
#1912 = CARTESIAN_POINT('',(12.797319047018,26.174492886953,9.));
#1913 = CARTESIAN_POINT('',(13.755464385032,25.686293464744,9.));
#1914 = CARTESIAN_POINT('',(14.279200101949,25.403855575561,9.));
#1915 = CARTESIAN_POINT('',(14.796296012113,25.109219671678,9.));
#1916 = CARTESIAN_POINT('',(15.306420860735,24.802568413246,9.));
#1917 = CARTESIAN_POINT('',(15.809249878523,24.484094969533,9.));
#1918 = CARTESIAN_POINT('',(16.304464781682,24.154003018927,9.));
#1919 = CARTESIAN_POINT('',(16.791753771916,23.812506748938,9.));
#1920 = CARTESIAN_POINT('',(17.805145078744,23.066461733229,9.));
#1921 = CARTESIAN_POINT('',(18.329240084605,22.659182881328,9.));
#1922 = CARTESIAN_POINT('',(18.842672707096,22.238306466698,9.));
#1923 = CARTESIAN_POINT('',(19.345031784011,21.804158952726,9.));
#1924 = CARTESIAN_POINT('',(19.835918837859,21.357081099985,9.));
#1925 = CARTESIAN_POINT('',(20.314948075859,20.89742796623,9.));
#1926 = CARTESIAN_POINT('',(20.781746389938,20.425568906396,9.));
#1927 = CARTESIAN_POINT('',(21.564862049868,19.591635394997,9.));
#1928 = CARTESIAN_POINT('',(21.887168813226,19.235183236262,9.));
#1929 = CARTESIAN_POINT('',(22.202737061047,18.872676568513,9.));
#1930 = CARTESIAN_POINT('',(22.511434267678,18.504264201248,9.));
#1931 = CARTESIAN_POINT('',(22.813131967578,18.130098281354,9.));
#1932 = CARTESIAN_POINT('',(23.107705755317,17.750334293104,9.));
#1933 = CARTESIAN_POINT('',(23.395035285577,17.365131058157,9.));
#1934 = CARTESIAN_POINT('',(24.994724084671,15.134001855304,9.));
#1935 = CARTESIAN_POINT('',(26.151249777411,13.175598725185,9.));
#1936 = CARTESIAN_POINT('',(27.131737049302,11.117033086943,9.));
#1937 = CARTESIAN_POINT('',(27.926355504959,8.976926060597,9.));
#1938 = CARTESIAN_POINT('',(28.527593712817,6.774656959922,9.));
#1939 = CARTESIAN_POINT('',(28.930264027837,4.530352079876,9.));
#1940 = CARTESIAN_POINT('',(29.131505205598,2.264872773755,9.));
#1941 = CARTESIAN_POINT('',(29.131505195027,0.,9.));
#1942 = ORIENTED_EDGE('',*,*,#1943,.F.);
#1943 = EDGE_CURVE('',#331,#1741,#1944,.T.);
#1944 = B_SPLINE_CURVE_WITH_KNOTS('',6,(#1945,#1946,#1947,#1948,#1949,
    #1950,#1951),.UNSPECIFIED.,.F.,.F.,(7,7),(0.,1.),
  .PIECEWISE_BEZIER_KNOTS.);
#1945 = CARTESIAN_POINT('',(-6.3,-29.9,7.864796520819));
#1946 = CARTESIAN_POINT('',(-6.3,-29.66410048033,8.062756988456));
#1947 = CARTESIAN_POINT('',(-6.3,-29.42434516898,8.256142261754));
#1948 = CARTESIAN_POINT('',(-6.3,-29.18167991514,8.445909303437));
#1949 = CARTESIAN_POINT('',(-6.3,-28.93676311926,8.632747799125));
#1950 = CARTESIAN_POINT('',(-6.3,-28.6901103689,8.817262613786));
#1951 = CARTESIAN_POINT('',(-6.3,-28.44211897451,9.000006));
#1952 = ORIENTED_EDGE('',*,*,#330,.F.);
#1953 = ORIENTED_EDGE('',*,*,#472,.T.);
#1954 = ORIENTED_EDGE('',*,*,#1955,.T.);
#1955 = EDGE_CURVE('',#465,#1517,#1956,.T.);
#1956 = B_SPLINE_CURVE_WITH_KNOTS('',8,(#1957,#1958,#1959,#1960,#1961,
    #1962,#1963,#1964,#1965,#1966,#1967,#1968,#1969,#1970,#1971,#1972,
    #1973,#1974,#1975,#1976,#1977,#1978,#1979,#1980,#1981,#1982,#1983,
    #1984,#1985,#1986,#1987,#1988,#1989,#1990,#1991,#1992,#1993,#1994,
    #1995,#1996,#1997,#1998,#1999,#2000,#2001,#2002,#2003,#2004,#2005,
    #2006,#2007,#2008,#2009,#2010,#2011,#2012,#2013,#2014,#2015,#2016,
    #2017,#2018,#2019,#2020,#2021,#2022,#2023,#2024,#2025,#2026,#2027,
    #2028,#2029,#2030,#2031,#2032,#2033,#2034,#2035,#2036,#2037,#2038,
    #2039,#2040,#2041,#2042,#2043,#2044,#2045,#2046,#2047,#2048,#2049,
    #2050,#2051,#2052,#2053,#2054,#2055,#2056,#2057,#2058,#2059,#2060,
    #2061,#2062,#2063,#2064,#2065,#2066,#2067,#2068,#2069,#2070,#2071,
    #2072,#2073,#2074,#2075,#2076,#2077,#2078,#2079,#2080,#2081,#2082,
    #2083,#2084,#2085,#2086,#2087,#2088,#2089,#2090,#2091,#2092,#2093,
    #2094,#2095,#2096,#2097,#2098,#2099,#2100,#2101,#2102,#2103,#2104,
    #2105,#2106,#2107,#2108,#2109,#2110,#2111,#2112,#2113,#2114,#2115,
    #2116,#2117,#2118,#2119,#2120,#2121,#2122,#2123,#2124,#2125,#2126,
    #2127,#2128,#2129,#2130,#2131,#2132,#2133,#2134,#2135,#2136,#2137,
    #2138,#2139,#2140,#2141,#2142,#2143,#2144,#2145,#2146,#2147,#2148,
    #2149,#2150,#2151,#2152,#2153,#2154),.UNSPECIFIED.,.T.,.F.,(9,7,7,7,
    7,7,7,7,7,7,7,7,7,7,7,7,7,7,7,7,7,7,7,7,7,7,7,7,9),(0.,
    4.300149149824E-02,7.100246265366E-02,8.600298291321E-02,
    0.115003988754,0.135004682433,0.236996545745,0.339987865866,
    0.357988490178,0.402989853208,0.438991101857,0.461991899589,
    0.515993282362,0.544994288203,0.562994912515,0.594996022413,
    0.623997028254,0.650997964725,0.665998484985,0.694999490826,
    0.719000323243,0.748001329084,0.777002334925,0.804003271396,
    0.82500399976,0.851004901546,0.880005907387,0.901006635751,1.),
  .UNSPECIFIED.);
#1957 = CARTESIAN_POINT('',(29.131505195027,-7.105427357601E-15,9.));
#1958 = CARTESIAN_POINT('',(29.131505493621,-0.983829093425,9.));
#1959 = CARTESIAN_POINT('',(29.093532259964,-1.967667506961,9.));
#1960 = CARTESIAN_POINT('',(29.017586655878,-2.949791884914,9.));
#1961 = CARTESIAN_POINT('',(28.903761380297,-3.928491312973,9.));
#1962 = CARTESIAN_POINT('',(28.752240669267,-4.90206731821,9.));
#1963 = CARTESIAN_POINT('',(28.563300295951,-5.86883386908,9.));
#1964 = CARTESIAN_POINT('',(28.337307570624,-6.82711737542,9.));
#1965 = CARTESIAN_POINT('',(27.903734651122,-8.392651652681,9.));
#1966 = CARTESIAN_POINT('',(27.717230770861,-9.005750286688,9.));
#1967 = CARTESIAN_POINT('',(27.515336212428,-9.614096113859,9.));
#1968 = CARTESIAN_POINT('',(27.29819304461,-10.21723848001,9.));
#1969 = CARTESIAN_POINT('',(27.065958892442,-10.81473255342,9.));
#1970 = CARTESIAN_POINT('',(26.818806937211,-11.40613932476,9.));
#1971 = CARTESIAN_POINT('',(26.55692591645,-11.99102560716,9.));
#1972 = CARTESIAN_POINT('',(26.132445513501,-12.87857410302,9.));
#1973 = CARTESIAN_POINT('',(25.980202300436,-13.18619054081,9.));
#1974 = CARTESIAN_POINT('',(25.823821833289,-13.49174780759,9.));
#1975 = CARTESIAN_POINT('',(25.663336665667,-13.79518100912,9.));
#1976 = CARTESIAN_POINT('',(25.498780556239,-14.09642589899,9.));
#1977 = CARTESIAN_POINT('',(25.330188468739,-14.39541887853,9.));
#1978 = CARTESIAN_POINT('',(25.157596571965,-14.69209699686,9.));
#1979 = CARTESIAN_POINT('',(24.639704131326,-15.55537940669,9.));
#1980 = CARTESIAN_POINT('',(24.283554494407,-16.11547678617,9.));
#1981 = CARTESIAN_POINT('',(23.912864222307,-16.66623874601,9.));
#1982 = CARTESIAN_POINT('',(23.527919635779,-17.20722522583,9.));
#1983 = CARTESIAN_POINT('',(23.129022483041,-17.7380074482,9.));
#1984 = CARTESIAN_POINT('',(22.716489939782,-18.25816791861,9.));
#1985 = CARTESIAN_POINT('',(22.290654609156,-18.76730042549,9.));
#1986 = CARTESIAN_POINT('',(21.549250506361,-19.60825826804,9.));
#1987 = CARTESIAN_POINT('',(21.240474371208,-19.94607412798,9.));
#1988 = CARTESIAN_POINT('',(20.92565009796,-20.27832835104,9.));
#1989 = CARTESIAN_POINT('',(20.604894725716,-20.60489472571,9.));
#1990 = CARTESIAN_POINT('',(20.278328351046,-20.92565009795,9.));
#1991 = CARTESIAN_POINT('',(19.946074127989,-21.2404743712,9.));
#1992 = CARTESIAN_POINT('',(19.608258268051,-21.54925050635,9.));
#1993 = CARTESIAN_POINT('',(17.514644231124,-23.3950195814,9.));
#1994 = CARTESIAN_POINT('',(15.622482739896,-24.77840385952,9.));
#1995 = CARTESIAN_POINT('',(13.606293901264,-25.98605287131,9.));
#1996 = CARTESIAN_POINT('',(11.485332949103,-27.00531500466,9.));
#1997 = CARTESIAN_POINT('',(9.279937660114,-27.8260477715,9.));
#1998 = CARTESIAN_POINT('',(7.011521124731,-28.44063705865,9.));
#1999 = CARTESIAN_POINT('',(4.702552870884,-28.84398897957,9.));
#2000 = CARTESIAN_POINT('',(2.837142019823E-02,-29.22663407041,9.));
#2001 = CARTESIAN_POINT('',(-2.338623831324,-29.20185190136,9.));
#2002 = CARTESIAN_POINT('',(-4.699612292003,-28.95778613924,9.));
#2003 = CARTESIAN_POINT('',(-7.030910934106,-28.49588889416,9.));
#2004 = CARTESIAN_POINT('',(-9.309501489185,-27.82036872156,9.));
#2005 = CARTESIAN_POINT('',(-11.51304985295,-26.9382070483,9.));
#2006 = CARTESIAN_POINT('',(-13.6199156159,-25.8591346073,9.));
#2007 = CARTESIAN_POINT('',(-15.95716646241,-24.37587010034,9.));
#2008 = CARTESIAN_POINT('',(-16.30132659679,-24.14957866719,9.));
#2009 = CARTESIAN_POINT('',(-16.64181542239,-23.9177363525,9.));
#2010 = CARTESIAN_POINT('',(-16.97852854997,-23.68041276576,9.));
#2011 = CARTESIAN_POINT('',(-17.31136324335,-23.43767982198,9.));
#2012 = CARTESIAN_POINT('',(-17.6402184194,-23.18961174176,9.));
#2013 = CARTESIAN_POINT('',(-17.96499464806,-22.93628505127,9.));
#2014 = CARTESIAN_POINT('',(-19.08708946848,-22.03151519387,9.));
#2015 = CARTESIAN_POINT('',(-19.86249022978,-21.3528706445,9.));
#2016 = CARTESIAN_POINT('',(-20.61025649487,-20.6430845355,9.));
#2017 = CARTESIAN_POINT('',(-21.32893278444,-19.90347555917,9.));
#2018 = CARTESIAN_POINT('',(-22.017144146,-19.13543768975,9.));
#2019 = CARTESIAN_POINT('',(-22.67359488769,-18.34043886492,9.));
#2020 = CARTESIAN_POINT('',(-23.29706998099,-17.52002215798,9.));
#2021 = CARTESIAN_POINT('',(-24.35793576593,-16.0004375684,9.));
#2022 = CARTESIAN_POINT('',(-24.80761067639,-15.30982664306,9.));
#2023 = CARTESIAN_POINT('',(-25.2348866439,-14.60480417381,9.));
#2024 = CARTESIAN_POINT('',(-25.63922635796,-13.88621928497,9.));
#2025 = CARTESIAN_POINT('',(-26.0201324176,-13.15494271582,9.));
#2026 = CARTESIAN_POINT('',(-26.37714733131,-12.41186682068,9.));
#2027 = CARTESIAN_POINT('',(-26.7098535171,-11.65790556887,9.));
#2028 = CARTESIAN_POINT('',(-27.21466408548,-10.40593956934,9.));
#2029 = CARTESIAN_POINT('',(-27.40137922672,-9.913821509159,9.));
#2030 = CARTESIAN_POINT('',(-27.57792067804,-9.417883603261,9.));
#2031 = CARTESIAN_POINT('',(-27.74419759093,-8.918371405108,9.));
#2032 = CARTESIAN_POINT('',(-27.90012631649,-8.415532782481,9.));
#2033 = CARTESIAN_POINT('',(-28.04563040549,-7.909617917485,9.));
#2034 = CARTESIAN_POINT('',(-28.18064060834,-7.400879306547,9.));
#2035 = CARTESIAN_POINT('',(-28.59728928863,-5.689121178471,9.));
#2036 = CARTESIAN_POINT('',(-28.83130492925,-4.474479556627,9.));
#2037 = CARTESIAN_POINT('',(-29.00632611463,-3.248977713942,9.));
#2038 = CARTESIAN_POINT('',(-29.12178086819,-2.015964036924,9.));
#2039 = CARTESIAN_POINT('',(-29.17732470135,-0.778803008429,9.));
#2040 = CARTESIAN_POINT('',(-29.17283522369,0.459125513879,9.));
#2041 = CARTESIAN_POINT('',(-29.1084175808,1.694426269509,9.));
#2042 = CARTESIAN_POINT('',(-28.91782928659,3.583852329143,9.));
#2043 = CARTESIAN_POINT('',(-28.83405332582,4.242284730207,9.));
#2044 = CARTESIAN_POINT('',(-28.73314577662,4.898461292378,9.));
#2045 = CARTESIAN_POINT('',(-28.61517834115,5.551861927683,9.));
#2046 = CARTESIAN_POINT('',(-28.48024148482,6.201970188552,9.));
#2047 = CARTESIAN_POINT('',(-28.32844443625,6.848273267823,9.));
#2048 = CARTESIAN_POINT('',(-28.15991518729,7.490261998738,9.));
#2049 = CARTESIAN_POINT('',(-27.85990166084,8.522915235189,9.));
#2050 = CARTESIAN_POINT('',(-27.73861304301,8.916543336316,9.));
#2051 = CARTESIAN_POINT('',(-27.61096968619,9.308194549385,9.));
#2052 = CARTESIAN_POINT('',(-27.47700931225,9.697749209643,9.));
#2053 = CARTESIAN_POINT('',(-27.33677231827,10.085088596528,9.));
#2054 = CARTESIAN_POINT('',(-27.19030177652,10.470094933665,9.));
#2055 = CARTESIAN_POINT('',(-27.03764343447,10.852651388869,9.));
#2056 = CARTESIAN_POINT('',(-26.59653899473,11.908180402592,9.));
#2057 = CARTESIAN_POINT('',(-26.29482772469,12.575611899648,9.));
#2058 = CARTESIAN_POINT('',(-25.97398500068,13.234283579691,9.));
#2059 = CARTESIAN_POINT('',(-25.63430883463,13.883555951585,9.));
#2060 = CARTESIAN_POINT('',(-25.27612215439,14.522803018679,9.));
#2061 = CARTESIAN_POINT('',(-24.89977280376,15.151412278808,9.));
#2062 = CARTESIAN_POINT('',(-24.50563354247,15.768784724292,9.));
#2063 = CARTESIAN_POINT('',(-23.72115155156,16.923114879753,9.));
#2064 = CARTESIAN_POINT('',(-23.33391531893,17.462187916099,9.));
#2065 = CARTESIAN_POINT('',(-22.93268931784,17.991118639613,9.));
#2066 = CARTESIAN_POINT('',(-22.51778428293,18.509483875767,9.));
#2067 = CARTESIAN_POINT('',(-22.08952571397,19.016872586871,9.));
#2068 = CARTESIAN_POINT('',(-21.64825387582,19.512885872066,9.));
#2069 = CARTESIAN_POINT('',(-21.19432379849,19.997136967332,9.));
#2070 = CARTESIAN_POINT('',(-20.29403970635,20.908806032901,9.));
#2071 = CARTESIAN_POINT('',(-19.84932077959,21.337841786081,9.));
#2072 = CARTESIAN_POINT('',(-19.39424690931,21.756056420166,9.));
#2073 = CARTESIAN_POINT('',(-18.92912583505,22.16315877086,9.));
#2074 = CARTESIAN_POINT('',(-18.45427462341,22.558868594419,9.));
#2075 = CARTESIAN_POINT('',(-17.97001966801,22.942916567652,9.));
#2076 = CARTESIAN_POINT('',(-17.47669668949,23.315044287923,9.));
#2077 = CARTESIAN_POINT('',(-16.69573617804,23.874982155307,9.));
#2078 = CARTESIAN_POINT('',(-16.41412908432,24.07120476739,9.));
#2079 = CARTESIAN_POINT('',(-16.12988850041,24.263629776793,9.));
#2080 = CARTESIAN_POINT('',(-15.84307421629,24.452215999106,9.));
#2081 = CARTESIAN_POINT('',(-15.55374676586,24.636923398114,9.));
#2082 = CARTESIAN_POINT('',(-15.26196742696,24.817713085794,9.));
#2083 = CARTESIAN_POINT('',(-14.96779822136,24.994547322319,9.));
#2084 = CARTESIAN_POINT('',(-14.09807614336,25.501550878751,9.));
#2085 = CARTESIAN_POINT('',(-13.51615086701,25.820791557746,9.));
#2086 = CARTESIAN_POINT('',(-12.92598090764,26.124846541725,9.));
#2087 = CARTESIAN_POINT('',(-12.32802917073,26.41346813892,9.));
#2088 = CARTESIAN_POINT('',(-11.72276664536,26.686425977113,9.));
#2089 = CARTESIAN_POINT('',(-11.11067240422,26.943507003629,9.));
#2090 = CARTESIAN_POINT('',(-10.4922336036,27.184515485347,9.));
#2091 = CARTESIAN_POINT('',(-9.351293047407,27.595279340685,9.));
#2092 = CARTESIAN_POINT('',(-8.830633111844,27.770155909225,9.));
#2093 = CARTESIAN_POINT('',(-8.306246101966,27.933801792356,9.));
#2094 = CARTESIAN_POINT('',(-7.778414836069,28.086124708797,9.));
#2095 = CARTESIAN_POINT('',(-7.247424525471,28.227041017943,9.));
#2096 = CARTESIAN_POINT('',(-6.713562774516,28.356475719865,9.));
#2097 = CARTESIAN_POINT('',(-6.17711958057,28.474362455308,9.));
#2098 = CARTESIAN_POINT('',(-4.987419474266,28.709066427757,9.));
#2099 = CARTESIAN_POINT('',(-4.333107426537,28.820544598579,9.));
#2100 = CARTESIAN_POINT('',(-3.675967655233,28.914976241581,9.));
#2101 = CARTESIAN_POINT('',(-3.016518602712,28.992278590681,9.));
#2102 = CARTESIAN_POINT('',(-2.355280689289,29.052387890295,9.));
#2103 = CARTESIAN_POINT('',(-1.69277631324,29.095259395337,9.));
#2104 = CARTESIAN_POINT('',(-1.029529850795,29.120867371216,9.));
#2105 = CARTESIAN_POINT('',(0.297394537797,29.137542872633,9.));
#2106 = CARTESIAN_POINT('',(0.961075070778,29.128610430931,9.));
#2107 = CARTESIAN_POINT('',(1.62444758586,29.102401263371,9.));
#2108 = CARTESIAN_POINT('',(2.286987225699,29.058927918793,9.));
#2109 = CARTESIAN_POINT('',(2.948170632553,28.998222000234,9.));
#2110 = CARTESIAN_POINT('',(3.607475948276,28.92033416493,9.));
#2111 = CARTESIAN_POINT('',(4.264382814322,28.825334124318,9.));
#2112 = CARTESIAN_POINT('',(5.527259324145,28.609012945018,9.));
#2113 = CARTESIAN_POINT('',(6.133619495478,28.489958571113,9.));
#2114 = CARTESIAN_POINT('',(6.737034369716,28.356219283219,9.));
#2115 = CARTESIAN_POINT('',(7.337089046073,28.207880741235,9.));
#2116 = CARTESIAN_POINT('',(7.933372239,28.045042504054,9.));
#2117 = CARTESIAN_POINT('',(8.525476278187,27.867818029568,9.));
#2118 = CARTESIAN_POINT('',(9.112997108557,27.676334674664,9.));
#2119 = CARTESIAN_POINT('',(10.148618935944,27.310821781362,9.));
#2120 = CARTESIAN_POINT('',(10.598689553611,27.142369324313,9.));
#2121 = CARTESIAN_POINT('',(11.045557980427,26.965442751097,9.));
#2122 = CARTESIAN_POINT('',(11.489038125682,26.780113318733,9.));
#2123 = CARTESIAN_POINT('',(11.9289459708,26.586457114242,9.));
#2124 = CARTESIAN_POINT('',(12.365099569346,26.384555054641,9.));
#2125 = CARTESIAN_POINT('',(12.797319047018,26.174492886953,9.));
#2126 = CARTESIAN_POINT('',(13.755464385032,25.686293464744,9.));
#2127 = CARTESIAN_POINT('',(14.279200101949,25.403855575561,9.));
#2128 = CARTESIAN_POINT('',(14.796296012113,25.109219671678,9.));
#2129 = CARTESIAN_POINT('',(15.306420860735,24.802568413246,9.));
#2130 = CARTESIAN_POINT('',(15.809249878523,24.484094969533,9.));
#2131 = CARTESIAN_POINT('',(16.304464781682,24.154003018927,9.));
#2132 = CARTESIAN_POINT('',(16.791753771916,23.812506748938,9.));
#2133 = CARTESIAN_POINT('',(17.805145078744,23.066461733229,9.));
#2134 = CARTESIAN_POINT('',(18.329240084605,22.659182881328,9.));
#2135 = CARTESIAN_POINT('',(18.842672707096,22.238306466698,9.));
#2136 = CARTESIAN_POINT('',(19.345031784011,21.804158952726,9.));
#2137 = CARTESIAN_POINT('',(19.835918837859,21.357081099985,9.));
#2138 = CARTESIAN_POINT('',(20.314948075859,20.89742796623,9.));
#2139 = CARTESIAN_POINT('',(20.781746389938,20.425568906396,9.));
#2140 = CARTESIAN_POINT('',(21.564862049868,19.591635394997,9.));
#2141 = CARTESIAN_POINT('',(21.887168813226,19.235183236262,9.));
#2142 = CARTESIAN_POINT('',(22.202737061047,18.872676568513,9.));
#2143 = CARTESIAN_POINT('',(22.511434267678,18.504264201248,9.));
#2144 = CARTESIAN_POINT('',(22.813131967578,18.130098281354,9.));
#2145 = CARTESIAN_POINT('',(23.107705755317,17.750334293104,9.));
#2146 = CARTESIAN_POINT('',(23.395035285577,17.365131058157,9.));
#2147 = CARTESIAN_POINT('',(24.994724084671,15.134001855304,9.));
#2148 = CARTESIAN_POINT('',(26.151249777411,13.175598725185,9.));
#2149 = CARTESIAN_POINT('',(27.131737049302,11.117033086943,9.));
#2150 = CARTESIAN_POINT('',(27.926355504959,8.976926060597,9.));
#2151 = CARTESIAN_POINT('',(28.527593712817,6.774656959922,9.));
#2152 = CARTESIAN_POINT('',(28.930264027837,4.530352079876,9.));
#2153 = CARTESIAN_POINT('',(29.131505205598,2.264872773755,9.));
#2154 = CARTESIAN_POINT('',(29.131505195027,0.,9.));
#2155 = ORIENTED_EDGE('',*,*,#1516,.F.);
#2156 = ORIENTED_EDGE('',*,*,#2157,.F.);
#2157 = EDGE_CURVE('',#1170,#1507,#2158,.T.);
#2158 = B_SPLINE_CURVE_WITH_KNOTS('',4,(#2159,#2160,#2161,#2162,#2163),
  .UNSPECIFIED.,.F.,.F.,(5,5),(0.,1.),.PIECEWISE_BEZIER_KNOTS.);
#2159 = CARTESIAN_POINT('',(32.050422754706,4.,6.));
#2160 = CARTESIAN_POINT('',(32.174584061158,3.00514440961,6.));
#2161 = CARTESIAN_POINT('',(32.257571330715,2.005148482178,6.));
#2162 = CARTESIAN_POINT('',(32.29906498268,1.002573894077,6.));
#2163 = CARTESIAN_POINT('',(32.29906498268,0.,6.));
#2164 = ORIENTED_EDGE('',*,*,#1177,.F.);
#2165 = ORIENTED_EDGE('',*,*,#934,.T.);
#2166 = ORIENTED_EDGE('',*,*,#959,.T.);
#2167 = ORIENTED_EDGE('',*,*,#2168,.F.);
#2168 = EDGE_CURVE('',#1030,#960,#2169,.T.);
#2169 = B_SPLINE_CURVE_WITH_KNOTS('',6,(#2170,#2171,#2172,#2173,#2174,
    #2175,#2176),.UNSPECIFIED.,.F.,.F.,(7,7),(0.,1.),
  .PIECEWISE_BEZIER_KNOTS.);
#2170 = CARTESIAN_POINT('',(-32.0504227547,-4.,6.));
#2171 = CARTESIAN_POINT('',(-32.21597078903,-2.673528878355,6.));
#2172 = CARTESIAN_POINT('',(-32.31564199394,-1.338823253637,6.));
#2173 = CARTESIAN_POINT('',(-32.34892020453,-2.113864638886E-13,6.));
#2174 = CARTESIAN_POINT('',(-32.31564199394,1.338823253637,6.));
#2175 = CARTESIAN_POINT('',(-32.21597078903,2.673528878355,6.));
#2176 = CARTESIAN_POINT('',(-32.0504227547,4.,6.));
#2177 = ORIENTED_EDGE('',*,*,#1029,.F.);
#2178 = ORIENTED_EDGE('',*,*,#1074,.T.);
#2179 = ORIENTED_EDGE('',*,*,#1114,.T.);
#2180 = SURFACE_OF_REVOLUTION('',#2181,#2186);
#2181 = B_SPLINE_CURVE_WITH_KNOTS('',3,(#2182,#2183,#2184,#2185),
  .UNSPECIFIED.,.F.,.F.,(4,4),(0.,1.),.PIECEWISE_BEZIER_KNOTS.);
#2182 = CARTESIAN_POINT('',(32.775,0.,4.9));
#2183 = CARTESIAN_POINT('',(32.118537414966,0.,8.233333333333));
#2184 = CARTESIAN_POINT('',(23.761576660459,0.,11.566666666667));
#2185 = CARTESIAN_POINT('',(22.9,0.,14.9));
#2186 = AXIS1_PLACEMENT('',#2187,#2188);
#2187 = CARTESIAN_POINT('',(0.,0.,0.));
#2188 = DIRECTION('',(0.,0.,1.));
#2189 = ADVANCED_FACE('',(#2190),#2262,.F.);
#2190 = FACE_BOUND('',#2191,.F.);
#2191 = EDGE_LOOP('',(#2192,#2202,#2210,#2216,#2217,#2218,#2224,#2225,
    #2233,#2241,#2247,#2248,#2256));
#2192 = ORIENTED_EDGE('',*,*,#2193,.F.);
#2193 = EDGE_CURVE('',#2194,#2196,#2198,.T.);
#2194 = VERTEX_POINT('',#2195);
#2195 = CARTESIAN_POINT('',(6.3,-29.9,17.45));
#2196 = VERTEX_POINT('',#2197);
#2197 = CARTESIAN_POINT('',(6.3,-24.25,17.45));
#2198 = LINE('',#2199,#2200);
#2199 = CARTESIAN_POINT('',(6.3,-30.225,17.45));
#2200 = VECTOR('',#2201,1.);
#2201 = DIRECTION('',(0.,1.,0.));
#2202 = ORIENTED_EDGE('',*,*,#2203,.T.);
#2203 = EDGE_CURVE('',#2194,#2204,#2206,.T.);
#2204 = VERTEX_POINT('',#2205);
#2205 = CARTESIAN_POINT('',(6.3,-29.9,9.));
#2206 = LINE('',#2207,#2208);
#2207 = CARTESIAN_POINT('',(6.3,-29.9,-6.5));
#2208 = VECTOR('',#2209,1.);
#2209 = DIRECTION('',(0.,0.,-1.));
#2210 = ORIENTED_EDGE('',*,*,#2211,.T.);
#2211 = EDGE_CURVE('',#2204,#1729,#2212,.T.);
#2212 = LINE('',#2213,#2214);
#2213 = CARTESIAN_POINT('',(6.3,-15.275,9.));
#2214 = VECTOR('',#2215,1.);
#2215 = DIRECTION('',(0.,1.,0.));
#2216 = ORIENTED_EDGE('',*,*,#1728,.F.);
#2217 = ORIENTED_EDGE('',*,*,#377,.T.);
#2218 = ORIENTED_EDGE('',*,*,#2219,.T.);
#2219 = EDGE_CURVE('',#370,#550,#2220,.T.);
#2220 = LINE('',#2221,#2222);
#2221 = CARTESIAN_POINT('',(6.3,-30.55,-5.75));
#2222 = VECTOR('',#2223,1.);
#2223 = DIRECTION('',(0.,1.,0.));
#2224 = ORIENTED_EDGE('',*,*,#547,.F.);
#2225 = ORIENTED_EDGE('',*,*,#2226,.T.);
#2226 = EDGE_CURVE('',#548,#2227,#2229,.T.);
#2227 = VERTEX_POINT('',#2228);
#2228 = CARTESIAN_POINT('',(6.3,-27.9,9.3));
#2229 = LINE('',#2230,#2231);
#2230 = CARTESIAN_POINT('',(6.3,-29.225,9.3));
#2231 = VECTOR('',#2232,1.);
#2232 = DIRECTION('',(0.,-1.,0.));
#2233 = ORIENTED_EDGE('',*,*,#2234,.T.);
#2234 = EDGE_CURVE('',#2227,#2235,#2237,.T.);
#2235 = VERTEX_POINT('',#2236);
#2236 = CARTESIAN_POINT('',(6.3,-27.9,10.55));
#2237 = LINE('',#2238,#2239);
#2238 = CARTESIAN_POINT('',(6.3,-27.9,1.775));
#2239 = VECTOR('',#2240,1.);
#2240 = DIRECTION('',(0.,0.,1.));
#2241 = ORIENTED_EDGE('',*,*,#2242,.F.);
#2242 = EDGE_CURVE('',#524,#2235,#2243,.T.);
#2243 = LINE('',#2244,#2245);
#2244 = CARTESIAN_POINT('',(6.3,-29.225,10.55));
#2245 = VECTOR('',#2246,1.);
#2246 = DIRECTION('',(0.,-1.,0.));
#2247 = ORIENTED_EDGE('',*,*,#531,.F.);
#2248 = ORIENTED_EDGE('',*,*,#2249,.T.);
#2249 = EDGE_CURVE('',#532,#2250,#2252,.T.);
#2250 = VERTEX_POINT('',#2251);
#2251 = CARTESIAN_POINT('',(6.3,-24.25,14.05));
#2252 = LINE('',#2253,#2254);
#2253 = CARTESIAN_POINT('',(6.3,-27.4,14.05));
#2254 = VECTOR('',#2255,1.);
#2255 = DIRECTION('',(0.,-1.,0.));
#2256 = ORIENTED_EDGE('',*,*,#2257,.T.);
#2257 = EDGE_CURVE('',#2250,#2196,#2258,.T.);
#2258 = LINE('',#2259,#2260);
#2259 = CARTESIAN_POINT('',(6.3,-24.25,4.15));
#2260 = VECTOR('',#2261,1.);
#2261 = DIRECTION('',(0.,0.,1.));
#2262 = PLANE('',#2263);
#2263 = AXIS2_PLACEMENT_3D('',#2264,#2265,#2266);
#2264 = CARTESIAN_POINT('',(6.3,-30.55,-5.75));
#2265 = DIRECTION('',(1.,0.,0.));
#2266 = DIRECTION('',(0.,0.,1.));
#2267 = ADVANCED_FACE('',(#2268),#2279,.T.);
#2268 = FACE_BOUND('',#2269,.T.);
#2269 = EDGE_LOOP('',(#2270,#2276,#2277,#2278));
#2270 = ORIENTED_EDGE('',*,*,#2271,.F.);
#2271 = EDGE_CURVE('',#362,#566,#2272,.T.);
#2272 = LINE('',#2273,#2274);
#2273 = CARTESIAN_POINT('',(-6.3,-30.55,-5.75));
#2274 = VECTOR('',#2275,1.);
#2275 = DIRECTION('',(0.,1.,0.));
#2276 = ORIENTED_EDGE('',*,*,#369,.T.);
#2277 = ORIENTED_EDGE('',*,*,#2219,.T.);
#2278 = ORIENTED_EDGE('',*,*,#573,.F.);
#2279 = PLANE('',#2280);
#2280 = AXIS2_PLACEMENT_3D('',#2281,#2282,#2283);
#2281 = CARTESIAN_POINT('',(-6.3,-30.55,-5.75));
#2282 = DIRECTION('',(0.,0.,1.));
#2283 = DIRECTION('',(1.,0.,0.));
#2284 = ADVANCED_FACE('',(#2285),#2352,.T.);
#2285 = FACE_BOUND('',#2286,.T.);
#2286 = EDGE_LOOP('',(#2287,#2297,#2305,#2311,#2312,#2313,#2314,#2315,
    #2323,#2331,#2337,#2338,#2346));
#2287 = ORIENTED_EDGE('',*,*,#2288,.F.);
#2288 = EDGE_CURVE('',#2289,#2291,#2293,.T.);
#2289 = VERTEX_POINT('',#2290);
#2290 = CARTESIAN_POINT('',(-6.3,-29.9,17.45));
#2291 = VERTEX_POINT('',#2292);
#2292 = CARTESIAN_POINT('',(-6.3,-24.25,17.45));
#2293 = LINE('',#2294,#2295);
#2294 = CARTESIAN_POINT('',(-6.3,-30.225,17.45));
#2295 = VECTOR('',#2296,1.);
#2296 = DIRECTION('',(0.,1.,0.));
#2297 = ORIENTED_EDGE('',*,*,#2298,.T.);
#2298 = EDGE_CURVE('',#2289,#2299,#2301,.T.);
#2299 = VERTEX_POINT('',#2300);
#2300 = CARTESIAN_POINT('',(-6.3,-29.9,9.));
#2301 = LINE('',#2302,#2303);
#2302 = CARTESIAN_POINT('',(-6.3,-29.9,-6.5));
#2303 = VECTOR('',#2304,1.);
#2304 = DIRECTION('',(0.,0.,-1.));
#2305 = ORIENTED_EDGE('',*,*,#2306,.T.);
#2306 = EDGE_CURVE('',#2299,#1741,#2307,.T.);
#2307 = LINE('',#2308,#2309);
#2308 = CARTESIAN_POINT('',(-6.3,-15.275,9.));
#2309 = VECTOR('',#2310,1.);
#2310 = DIRECTION('',(0.,1.,0.));
#2311 = ORIENTED_EDGE('',*,*,#1943,.F.);
#2312 = ORIENTED_EDGE('',*,*,#361,.T.);
#2313 = ORIENTED_EDGE('',*,*,#2271,.T.);
#2314 = ORIENTED_EDGE('',*,*,#565,.F.);
#2315 = ORIENTED_EDGE('',*,*,#2316,.T.);
#2316 = EDGE_CURVE('',#558,#2317,#2319,.T.);
#2317 = VERTEX_POINT('',#2318);
#2318 = CARTESIAN_POINT('',(-6.3,-27.9,9.3));
#2319 = LINE('',#2320,#2321);
#2320 = CARTESIAN_POINT('',(-6.3,-29.225,9.3));
#2321 = VECTOR('',#2322,1.);
#2322 = DIRECTION('',(0.,-1.,0.));
#2323 = ORIENTED_EDGE('',*,*,#2324,.T.);
#2324 = EDGE_CURVE('',#2317,#2325,#2327,.T.);
#2325 = VERTEX_POINT('',#2326);
#2326 = CARTESIAN_POINT('',(-6.3,-27.9,10.55));
#2327 = LINE('',#2328,#2329);
#2328 = CARTESIAN_POINT('',(-6.3,-27.9,1.775));
#2329 = VECTOR('',#2330,1.);
#2330 = DIRECTION('',(0.,0.,1.));
#2331 = ORIENTED_EDGE('',*,*,#2332,.F.);
#2332 = EDGE_CURVE('',#516,#2325,#2333,.T.);
#2333 = LINE('',#2334,#2335);
#2334 = CARTESIAN_POINT('',(-6.3,-29.225,10.55));
#2335 = VECTOR('',#2336,1.);
#2336 = DIRECTION('',(0.,-1.,0.));
#2337 = ORIENTED_EDGE('',*,*,#515,.F.);
#2338 = ORIENTED_EDGE('',*,*,#2339,.T.);
#2339 = EDGE_CURVE('',#508,#2340,#2342,.T.);
#2340 = VERTEX_POINT('',#2341);
#2341 = CARTESIAN_POINT('',(-6.3,-24.25,14.05));
#2342 = LINE('',#2343,#2344);
#2343 = CARTESIAN_POINT('',(-6.3,-27.4,14.05));
#2344 = VECTOR('',#2345,1.);
#2345 = DIRECTION('',(0.,-1.,0.));
#2346 = ORIENTED_EDGE('',*,*,#2347,.T.);
#2347 = EDGE_CURVE('',#2340,#2291,#2348,.T.);
#2348 = LINE('',#2349,#2350);
#2349 = CARTESIAN_POINT('',(-6.3,-24.25,4.15));
#2350 = VECTOR('',#2351,1.);
#2351 = DIRECTION('',(0.,0.,1.));
#2352 = PLANE('',#2353);
#2353 = AXIS2_PLACEMENT_3D('',#2354,#2355,#2356);
#2354 = CARTESIAN_POINT('',(-6.3,-30.55,-5.75));
#2355 = DIRECTION('',(1.,0.,0.));
#2356 = DIRECTION('',(0.,0.,1.));
#2357 = ADVANCED_FACE('',(#2358,#2591),#2612,.T.);
#2358 = FACE_BOUND('',#2359,.T.);
#2359 = EDGE_LOOP('',(#2360));
#2360 = ORIENTED_EDGE('',*,*,#2361,.F.);
#2361 = EDGE_CURVE('',#2362,#2362,#2364,.T.);
#2362 = VERTEX_POINT('',#2363);
#2363 = CARTESIAN_POINT('',(30.931505195027,0.,9.));
#2364 = B_SPLINE_CURVE_WITH_KNOTS('',8,(#2365,#2366,#2367,#2368,#2369,
    #2370,#2371,#2372,#2373,#2374,#2375,#2376,#2377,#2378,#2379,#2380,
    #2381,#2382,#2383,#2384,#2385,#2386,#2387,#2388,#2389,#2390,#2391,
    #2392,#2393,#2394,#2395,#2396,#2397,#2398,#2399,#2400,#2401,#2402,
    #2403,#2404,#2405,#2406,#2407,#2408,#2409,#2410,#2411,#2412,#2413,
    #2414,#2415,#2416,#2417,#2418,#2419,#2420,#2421,#2422,#2423,#2424,
    #2425,#2426,#2427,#2428,#2429,#2430,#2431,#2432,#2433,#2434,#2435,
    #2436,#2437,#2438,#2439,#2440,#2441,#2442,#2443,#2444,#2445,#2446,
    #2447,#2448,#2449,#2450,#2451,#2452,#2453,#2454,#2455,#2456,#2457,
    #2458,#2459,#2460,#2461,#2462,#2463,#2464,#2465,#2466,#2467,#2468,
    #2469,#2470,#2471,#2472,#2473,#2474,#2475,#2476,#2477,#2478,#2479,
    #2480,#2481,#2482,#2483,#2484,#2485,#2486,#2487,#2488,#2489,#2490,
    #2491,#2492,#2493,#2494,#2495,#2496,#2497,#2498,#2499,#2500,#2501,
    #2502,#2503,#2504,#2505,#2506,#2507,#2508,#2509,#2510,#2511,#2512,
    #2513,#2514,#2515,#2516,#2517,#2518,#2519,#2520,#2521,#2522,#2523,
    #2524,#2525,#2526,#2527,#2528,#2529,#2530,#2531,#2532,#2533,#2534,
    #2535,#2536,#2537,#2538,#2539,#2540,#2541,#2542,#2543,#2544,#2545,
    #2546,#2547,#2548,#2549,#2550,#2551,#2552,#2553,#2554,#2555,#2556,
    #2557,#2558,#2559,#2560,#2561,#2562,#2563,#2564,#2565,#2566,#2567,
    #2568,#2569,#2570,#2571,#2572,#2573,#2574,#2575,#2576,#2577,#2578,
    #2579,#2580,#2581,#2582,#2583,#2584,#2585,#2586,#2587,#2588,#2589,
    #2590),.UNSPECIFIED.,.T.,.F.,(9,7,7,7,7,7,7,7,7,7,7,7,7,7,7,7,7,7,7,
    7,7,7,7,7,7,7,7,7,7,7,7,7,9),(0.,2.900033859691E-02,
    5.800067719379E-02,8.600100411389E-02,0.115001342711,0.144001681308,
    0.173002019905,0.202002358501,0.231002697098,0.260003035695,
    0.289003374292,0.318003712889,0.347004051486,0.376004390083,
    0.40500472868,0.434005067277,0.463005405874,0.492005744471,
    0.521006083067,0.550006421664,0.579006760261,0.608007098858,
    0.637007437455,0.666007776052,0.695008114649,0.724008453246,
    0.753008791843,0.78200913044,0.811009469037,0.840009807633,
    0.86901014623,0.898010484827,1.),.UNSPECIFIED.);
#2365 = CARTESIAN_POINT('',(30.931505195027,-7.105427357601E-15,9.));
#2366 = CARTESIAN_POINT('',(30.931505224847,-0.704512335419,9.));
#2367 = CARTESIAN_POINT('',(30.913166463072,-1.409026054901,9.));
#2368 = CARTESIAN_POINT('',(30.876489025833,-2.112982235887,9.));
#2369 = CARTESIAN_POINT('',(30.821493239189,-2.815823802175,9.));
#2370 = CARTESIAN_POINT('',(30.748219639131,-3.516995523928,9.));
#2371 = CARTESIAN_POINT('',(30.65672897158,-4.215944017667,9.));
#2372 = CARTESIAN_POINT('',(30.547102192388,-4.912117746277,9.));
#2373 = CARTESIAN_POINT('',(30.29177880094,-6.297816302533,9.));
#2374 = CARTESIAN_POINT('',(30.146081687082,-6.98734385248,9.));
#2375 = CARTESIAN_POINT('',(29.982450519962,-7.673000020174,9.));
#2376 = CARTESIAN_POINT('',(29.801006234564,-8.354240634896,9.));
#2377 = CARTESIAN_POINT('',(29.60188930666,-9.03052700388,9.));
#2378 = CARTESIAN_POINT('',(29.385259752811,-9.701325912309,9.));
#2379 = CARTESIAN_POINT('',(29.151297130366,-10.36610962331,9.));
#2380 = CARTESIAN_POINT('',(28.657762472993,-11.65990406836,9.));
#2381 = CARTESIAN_POINT('',(28.399350853455,-12.28936018235,9.));
#2382 = CARTESIAN_POINT('',(28.125145024858,-12.9122543308,9.));
#2383 = CARTESIAN_POINT('',(27.835340195563,-13.52812433369,9.));
#2384 = CARTESIAN_POINT('',(27.530147436283,-14.13651572025,9.));
#2385 = CARTESIAN_POINT('',(27.209793680082,-14.73698172886,9.));
#2386 = CARTESIAN_POINT('',(26.874521722375,-15.32908330708,9.));
#2387 = CARTESIAN_POINT('',(26.162161249124,-16.51652723426,9.));
#2388 = CARTESIAN_POINT('',(25.784005562667,-17.11123234432,9.));
#2389 = CARTESIAN_POINT('',(25.390410793005,-17.69602521059,9.));
#2390 = CARTESIAN_POINT('',(24.981680952296,-18.27043858192,9.));
#2391 = CARTESIAN_POINT('',(24.558136433411,-18.83401718724,9.));
#2392 = CARTESIAN_POINT('',(24.120114009937,-19.38631773557,9.));
#2393 = CARTESIAN_POINT('',(23.66796683617,-19.92690891602,9.));
#2394 = CARTESIAN_POINT('',(22.736162102812,-20.983833919,9.));
#2395 = CARTESIAN_POINT('',(22.256502712624,-21.50016981793,9.));
#2396 = CARTESIAN_POINT('',(21.763455985792,-22.00395991738,9.));
#2397 = CARTESIAN_POINT('',(21.257405570218,-22.4947997902,9.));
#2398 = CARTESIAN_POINT('',(20.738749052478,-22.97229975927,9.));
#2399 = CARTESIAN_POINT('',(20.20789795782,-23.43608489751,9.));
#2400 = CARTESIAN_POINT('',(19.665277750164,-23.88579502789,9.));
#2401 = CARTESIAN_POINT('',(18.557377950889,-24.75637446584,9.));
#2402 = CARTESIAN_POINT('',(17.992096182724,-25.17724548374,9.));
#2403 = CARTESIAN_POINT('',(17.415922073703,-25.58335253273,9.));
#2404 = CARTESIAN_POINT('',(16.829306205048,-25.97436740009,9.));
#2405 = CARTESIAN_POINT('',(16.232710193111,-26.34997890469,9.));
#2406 = CARTESIAN_POINT('',(15.62660668937,-26.70989289706,9.));
#2407 = CARTESIAN_POINT('',(15.011479380431,-27.05383225933,9.));
#2408 = CARTESIAN_POINT('',(13.764166623365,-27.70924160401,9.));
#2409 = CARTESIAN_POINT('',(13.131978724806,-28.02071287402,9.));
#2410 = CARTESIAN_POINT('',(12.491754122119,-28.31569083466,9.));
#2411 = CARTESIAN_POINT('',(11.843995411287,-28.5939343546,9.));
#2412 = CARTESIAN_POINT('',(11.189212954509,-28.85522105183,9.));
#2413 = CARTESIAN_POINT('',(10.527924880197,-29.0993472936,9.));
#2414 = CARTESIAN_POINT('',(9.860657082977,-29.32612819649,9.));
#2415 = CARTESIAN_POINT('',(8.515229382121,-29.7446671132,9.));
#2416 = CARTESIAN_POINT('',(7.837066835298,-29.93642594926,9.));
#2417 = CARTESIAN_POINT('',(7.153989313054,-30.11050822221,9.));
#2418 = CARTESIAN_POINT('',(6.466534785387,-30.26676786588,9.));
#2419 = CARTESIAN_POINT('',(5.775245462457,-30.40507866031,9.));
#2420 = CARTESIAN_POINT('',(5.080667794592,-30.52533423171,9.));
#2421 = CARTESIAN_POINT('',(4.383352472284,-30.62744805251,9.));
#2422 = CARTESIAN_POINT('',(2.984356387199,-30.79525888931,9.));
#2423 = CARTESIAN_POINT('',(2.282672875997,-30.86095623499,9.));
#2424 = CARTESIAN_POINT('',(1.579358850903,-30.90837902756,9.));
#2425 = CARTESIAN_POINT('',(0.87496984396,-30.93748110222,9.));
#2426 = CARTESIAN_POINT('',(0.170061960939,-30.94823658015,9.));
#2427 = CARTESIAN_POINT('',(-0.534808118666,-30.94063986851,9.));
#2428 = CARTESIAN_POINT('',(-1.239083141633,-30.91470566047,9.));
#2429 = CARTESIAN_POINT('',(-2.645327424144,-30.82623226936,9.));
#2430 = CARTESIAN_POINT('',(-3.347299446353,-30.76369291248,9.));
#2431 = CARTESIAN_POINT('',(-4.047563535279,-30.68288607545,9.));
#2432 = CARTESIAN_POINT('',(-4.74556499027,-30.58386702334,9.));
#2433 = CARTESIAN_POINT('',(-5.440752222382,-30.4667110753,9.));
#2434 = CARTESIAN_POINT('',(-6.132576754381,-30.33151360464,9.));
#2435 = CARTESIAN_POINT('',(-6.820493220743,-30.17839003875,9.));
#2436 = CARTESIAN_POINT('',(-8.187425529034,-29.83656173743,9.));
#2437 = CARTESIAN_POINT('',(-8.866444056396,-29.64785633046,9.));
#2438 = CARTESIAN_POINT('',(-9.540472752271,-29.44149534508,9.));
#2439 = CARTESIAN_POINT('',(-10.20897611331,-29.21763364641,9.));
#2440 = CARTESIAN_POINT('',(-10.87142533027,-28.97644525782,9.));
#2441 = CARTESIAN_POINT('',(-11.52729828805,-28.71812336095,9.));
#2442 = CARTESIAN_POINT('',(-12.17607956565,-28.44288029571,9.));
#2443 = CARTESIAN_POINT('',(-13.45844133142,-27.8590148791,9.));
#2444 = CARTESIAN_POINT('',(-14.09202433889,-27.55039138068,9.));
#2445 = CARTESIAN_POINT('',(-14.71750082794,-27.22530877457,9.));
#2446 = CARTESIAN_POINT('',(-15.33437222282,-26.88401639841,9.));
#2447 = CARTESIAN_POINT('',(-15.94215000267,-26.52678121793,9.));
#2448 = CARTESIAN_POINT('',(-16.5403557015,-26.15388782695,9.));
#2449 = CARTESIAN_POINT('',(-17.12852090822,-25.76563844739,9.));
#2450 = CARTESIAN_POINT('',(-18.28385365916,-24.95906746005,9.));
#2451 = CARTESIAN_POINT('',(-18.85102347312,-24.5407442677,9.));
#2452 = CARTESIAN_POINT('',(-19.40723848523,-24.10770339266,9.));
#2453 = CARTESIAN_POINT('',(-19.95205355498,-23.66028038965,9.));
#2454 = CARTESIAN_POINT('',(-20.4850366246,-23.19882632764,9.));
#2455 = CARTESIAN_POINT('',(-21.00576871906,-22.72370778984,9.));
#2456 = CARTESIAN_POINT('',(-21.51384394605,-22.23530687375,9.));
#2457 = CARTESIAN_POINT('',(-22.50389508846,-21.23273555039,9.));
#2458 = CARTESIAN_POINT('',(-22.9858729489,-20.71856317348,9.));
#2459 = CARTESIAN_POINT('',(-23.45441043307,-20.19190183535,9.));
#2460 = CARTESIAN_POINT('',(-23.9091305741,-19.65316219769,9.));
#2461 = CARTESIAN_POINT('',(-24.34967208257,-19.10276780894,9.));
#2462 = CARTESIAN_POINT('',(-24.7756893465,-18.54115510432,9.));
#2463 = CARTESIAN_POINT('',(-25.18685243131,-17.96877340579,9.));
#2464 = CARTESIAN_POINT('',(-25.97884177777,-16.80339647187,9.));
#2465 = CARTESIAN_POINT('',(-26.35966959534,-16.21039894701,9.));
#2466 = CARTESIAN_POINT('',(-26.72501646755,-15.60755468676,9.));
#2467 = CARTESIAN_POINT('',(-27.07458608242,-14.99533586297,9.));
#2468 = CARTESIAN_POINT('',(-27.40809988103,-14.37422448005,9.));
#2469 = CARTESIAN_POINT('',(-27.72529705747,-13.744712375,9.));
#2470 = CARTESIAN_POINT('',(-28.02593455893,-13.1073012174,9.));
#2471 = CARTESIAN_POINT('',(-28.59363966689,-11.81770382541,9.));
#2472 = CARTESIAN_POINT('',(-28.86070838869,-11.16551505752,9.));
#2473 = CARTESIAN_POINT('',(-29.1107681638,-10.50644780145,9.));
#2474 = CARTESIAN_POINT('',(-29.34361314589,-9.841020105782,9.));
#2475 = CARTESIAN_POINT('',(-29.55905672948,-9.169756471925,9.));
#2476 = CARTESIAN_POINT('',(-29.75693154999,-8.493187854149,9.));
#2477 = CARTESIAN_POINT('',(-29.93708948369,-7.811851659565,9.));
#2478 = CARTESIAN_POINT('',(-30.26171386977,-6.440731850436,9.));
#2479 = CARTESIAN_POINT('',(-30.40618095991,-5.75094554223,9.));
#2480 = CARTESIAN_POINT('',(-30.53267426129,-5.057476736979,9.));
#2481 = CARTESIAN_POINT('',(-30.6410852087,-4.360872207613,9.));
#2482 = CARTESIAN_POINT('',(-30.73132532857,-3.661681586524,9.));
#2483 = CARTESIAN_POINT('',(-30.80332623895,-2.96045736557,9.));
#2484 = CARTESIAN_POINT('',(-30.85703964956,-2.257754896068,9.));
#2485 = CARTESIAN_POINT('',(-30.92783513344,-0.850509884533,9.));
#2486 = CARTESIAN_POINT('',(-30.94491734581,-0.145964577868,9.));
#2487 = CARTESIAN_POINT('',(-30.9436560321,0.55894530874,9.));
#2488 = CARTESIAN_POINT('',(-30.92404350281,1.263662381434,9.));
#2489 = CARTESIAN_POINT('',(-30.88609234558,1.967630074951,9.));
#2490 = CARTESIAN_POINT('',(-30.82983542522,2.670292652623,9.));
#2491 = CARTESIAN_POINT('',(-30.75532588374,3.371095206379,9.));
#2492 = CARTESIAN_POINT('',(-30.56994845597,4.767872114946,9.));
#2493 = CARTESIAN_POINT('',(-30.4590802055,5.463849213823,9.));
#2494 = CARTESIAN_POINT('',(-30.3301060383,6.156860904448,9.));
#2495 = CARTESIAN_POINT('',(-30.18311939511,6.84635762712,9.));
#2496 = CARTESIAN_POINT('',(-30.01823350803,7.531794311354,9.));
#2497 = CARTESIAN_POINT('',(-29.8355814005,8.212630375883,9.));
#2498 = CARTESIAN_POINT('',(-29.6353158873,8.888329728661,9.));
#2499 = CARTESIAN_POINT('',(-29.19990331851,10.228391823482,9.));
#2500 = CARTESIAN_POINT('',(-28.96475540754,10.892757198171,9.));
#2501 = CARTESIAN_POINT('',(-28.71233866863,11.550925359866,9.));
#2502 = CARTESIAN_POINT('',(-28.44284457904,12.202372778716,9.));
#2503 = CARTESIAN_POINT('',(-28.15648326623,12.846583926074,9.));
#2504 = CARTESIAN_POINT('',(-27.85348350792,13.4830512745,9.));
#2505 = CARTESIAN_POINT('',(-27.53409273203,14.111275297759,9.));
#2506 = CARTESIAN_POINT('',(-26.86306135387,15.350253672288,9.));
#2507 = CARTESIAN_POINT('',(-26.51141943331,15.961010457617,9.));
#2508 = CARTESIAN_POINT('',(-26.14391753743,16.56254341239,9.));
#2509 = CARTESIAN_POINT('',(-25.76083884025,17.154372370467,9.));
#2510 = CARTESIAN_POINT('',(-25.36248340738,17.73602841398,9.));
#2511 = CARTESIAN_POINT('',(-24.94916819606,18.307053873342,9.));
#2512 = CARTESIAN_POINT('',(-24.52122705513,18.867002327239,9.));
#2513 = CARTESIAN_POINT('',(-23.6367944414,19.963874915464,9.));
#2514 = CARTESIAN_POINT('',(-23.18030123107,20.500801204675,9.));
#2515 = CARTESIAN_POINT('',(-22.70988201533,21.025782443018,9.));
#2516 = CARTESIAN_POINT('',(-22.22590228917,21.538397726164,9.));
#2517 = CARTESIAN_POINT('',(-21.7287421213,22.038240272706,9.));
#2518 = CARTESIAN_POINT('',(-21.21879615416,22.524917424159,9.));
#2519 = CARTESIAN_POINT('',(-20.69647360391,22.998050644959,9.));
#2520 = CARTESIAN_POINT('',(-19.62792295584,23.916500445192,9.));
#2521 = CARTESIAN_POINT('',(-19.08169275878,24.361818828985,9.));
#2522 = CARTESIAN_POINT('',(-18.52393161054,24.792866437332,9.));
#2523 = CARTESIAN_POINT('',(-17.9550752257,25.20929556369,9.));
#2524 = CARTESIAN_POINT('',(-17.37557109216,25.610775031476,9.));
#2525 = CARTESIAN_POINT('',(-16.78587847109,25.996990194069,9.));
#2526 = CARTESIAN_POINT('',(-16.18646839702,26.36764293481,9.));
#2527 = CARTESIAN_POINT('',(-14.96917898848,27.077260450722,9.));
#2528 = CARTESIAN_POINT('',(-14.35129726257,27.416226619984,9.));
#2529 = CARTESIAN_POINT('',(-13.72466142477,27.73906878875,9.));
#2530 = CARTESIAN_POINT('',(-13.08976298293,28.045523960678,9.));
#2531 = CARTESIAN_POINT('',(-12.44710202797,28.335347529131,9.));
#2532 = CARTESIAN_POINT('',(-11.79718723391,28.608313277175,9.));
#2533 = CARTESIAN_POINT('',(-11.14053585781,28.864213377577,9.));
#2534 = CARTESIAN_POINT('',(-9.814811642038,29.341503464152,9.));
#2535 = CARTESIAN_POINT('',(-9.145736197889,29.562894387993,9.));
#2536 = CARTESIAN_POINT('',(-8.470973326203,29.766841945331,9.));
#2537 = CARTESIAN_POINT('',(-7.791054054471,29.95317655773,9.));
#2538 = CARTESIAN_POINT('',(-7.106514518846,30.121748287325,9.));
#2539 = CARTESIAN_POINT('',(-6.417895964149,30.272426836816,9.));
#2540 = CARTESIAN_POINT('',(-5.725744743863,30.405101549471,9.));
#2541 = CARTESIAN_POINT('',(-4.335479906105,30.634261327626,9.));
#2542 = CARTESIAN_POINT('',(-3.637363557361,30.730746843326,9.));
#2543 = CARTESIAN_POINT('',(-2.936814773826,30.809047169229,9.));
#2544 = CARTESIAN_POINT('',(-2.234386520527,30.869091759479,9.));
#2545 = CARTESIAN_POINT('',(-1.5306332276,30.910830309361,9.));
#2546 = CARTESIAN_POINT('',(-0.82611079029,30.934232755302,9.));
#2547 = CARTESIAN_POINT('',(-0.121376568946,30.939289274869,9.));
#2548 = CARTESIAN_POINT('',(1.287397792014,30.912731358303,9.));
#2549 = CARTESIAN_POINT('',(1.991440699265,30.881116869996,9.));
#2550 = CARTESIAN_POINT('',(2.694580511646,30.831177472776,9.));
#2551 = CARTESIAN_POINT('',(3.396260635035,30.762943989111,9.));
#2552 = CARTESIAN_POINT('',(4.095926702267,30.676467413006,9.));
#2553 = CARTESIAN_POINT('',(4.793026573139,30.571818910006,9.));
#2554 = CARTESIAN_POINT('',(5.487010334404,30.449089817196,9.));
#2555 = CARTESIAN_POINT('',(6.867650277059,30.167693527638,9.));
#2556 = CARTESIAN_POINT('',(7.554309170812,30.009025778069,9.));
#2557 = CARTESIAN_POINT('',(8.236759341131,29.832500130694,9.));
#2558 = CARTESIAN_POINT('',(8.914458993405,29.638247755783,9.));
#2559 = CARTESIAN_POINT('',(9.586872178313,29.426419257671,9.));
#2560 = CARTESIAN_POINT('',(10.253468791827,29.19718467476,9.));
#2561 = CARTESIAN_POINT('',(10.913724575206,28.950733479517,9.));
#2562 = CARTESIAN_POINT('',(12.220517677104,28.423815732746,9.));
#2563 = CARTESIAN_POINT('',(12.867057562908,28.143348146051,9.));
#2564 = CARTESIAN_POINT('',(13.506222445824,27.846080940331,9.));
#2565 = CARTESIAN_POINT('',(14.137503269348,27.532241290665,9.));
#2566 = CARTESIAN_POINT('',(14.760400247064,27.202074425272,9.));
#2567 = CARTESIAN_POINT('',(15.374422862644,26.855843625506,9.));
#2568 = CARTESIAN_POINT('',(15.979089869848,26.493830225863,9.));
#2569 = CARTESIAN_POINT('',(17.168768747158,25.738837052441,9.));
#2570 = CARTESIAN_POINT('',(17.753782954471,25.345855795427,9.));
#2571 = CARTESIAN_POINT('',(18.328500062762,24.937689426667,9.));
#2572 = CARTESIAN_POINT('',(18.892460608288,24.514653604376,9.));
#2573 = CARTESIAN_POINT('',(19.445217515261,24.077080061248,9.));
#2574 = CARTESIAN_POINT('',(19.986336095849,23.625316604456,9.));
#2575 = CARTESIAN_POINT('',(20.515394050177,23.159727115652,9.));
#2576 = CARTESIAN_POINT('',(21.548568923028,22.201656030013,9.));
#2577 = CARTESIAN_POINT('',(22.052687871296,21.70917255098,9.));
#2578 = CARTESIAN_POINT('',(22.543928557136,21.203621240305,9.));
#2579 = CARTESIAN_POINT('',(23.02189632222,20.685395788024,9.));
#2580 = CARTESIAN_POINT('',(23.486211603885,20.154903447774,9.));
#2581 = CARTESIAN_POINT('',(23.936509935131,19.612565036792,9.));
#2582 = CARTESIAN_POINT('',(24.372441944624,19.058814935915,9.));
#2583 = CARTESIAN_POINT('',(26.275077478016,16.508092185993,9.));
#2584 = CARTESIAN_POINT('',(27.575120401771,14.385869371284,9.));
#2585 = CARTESIAN_POINT('',(28.678446917281,12.1476191069,9.));
#2586 = CARTESIAN_POINT('',(29.573336643402,9.814814266271,9.));
#2587 = CARTESIAN_POINT('',(30.250818222554,7.409855897297,9.));
#2588 = CARTESIAN_POINT('',(30.704689100616,4.956063959956,9.));
#2589 = CARTESIAN_POINT('',(30.931505210075,2.477658074834,9.));
#2590 = CARTESIAN_POINT('',(30.931505195027,0.,9.));
#2591 = FACE_BOUND('',#2592,.T.);
#2592 = EDGE_LOOP('',(#2593,#2594,#2595,#2596,#2602,#2603,#2604,#2605,
    #2611));
#2593 = ORIENTED_EDGE('',*,*,#1955,.T.);
#2594 = ORIENTED_EDGE('',*,*,#1525,.T.);
#2595 = ORIENTED_EDGE('',*,*,#622,.F.);
#2596 = ORIENTED_EDGE('',*,*,#2597,.T.);
#2597 = EDGE_CURVE('',#615,#2204,#2598,.T.);
#2598 = LINE('',#2599,#2600);
#2599 = CARTESIAN_POINT('',(-3.85,-29.9,9.));
#2600 = VECTOR('',#2601,1.);
#2601 = DIRECTION('',(-1.,0.,0.));
#2602 = ORIENTED_EDGE('',*,*,#2211,.T.);
#2603 = ORIENTED_EDGE('',*,*,#1740,.T.);
#2604 = ORIENTED_EDGE('',*,*,#2306,.F.);
#2605 = ORIENTED_EDGE('',*,*,#2606,.T.);
#2606 = EDGE_CURVE('',#2299,#457,#2607,.T.);
#2607 = LINE('',#2608,#2609);
#2608 = CARTESIAN_POINT('',(-3.85,-29.9,9.));
#2609 = VECTOR('',#2610,1.);
#2610 = DIRECTION('',(-1.,0.,0.));
#2611 = ORIENTED_EDGE('',*,*,#464,.T.);
#2612 = PLANE('',#2613);
#2613 = AXIS2_PLACEMENT_3D('',#2614,#2615,#2616);
#2614 = CARTESIAN_POINT('',(0.,0.,9.));
#2615 = DIRECTION('',(0.,0.,1.));
#2616 = DIRECTION('',(1.,0.,0.));
#2617 = ADVANCED_FACE('',(#2618),#2629,.F.);
#2618 = FACE_BOUND('',#2619,.F.);
#2619 = EDGE_LOOP('',(#2620,#2621,#2622,#2628));
#2620 = ORIENTED_EDGE('',*,*,#2606,.T.);
#2621 = ORIENTED_EDGE('',*,*,#456,.T.);
#2622 = ORIENTED_EDGE('',*,*,#2623,.T.);
#2623 = EDGE_CURVE('',#449,#2289,#2624,.T.);
#2624 = LINE('',#2625,#2626);
#2625 = CARTESIAN_POINT('',(-7.7,-29.9,17.45));
#2626 = VECTOR('',#2627,1.);
#2627 = DIRECTION('',(1.,0.,0.));
#2628 = ORIENTED_EDGE('',*,*,#2298,.T.);
#2629 = PLANE('',#2630);
#2630 = AXIS2_PLACEMENT_3D('',#2631,#2632,#2633);
#2631 = CARTESIAN_POINT('',(-7.7,-29.9,-7.25));
#2632 = DIRECTION('',(0.,1.,0.));
#2633 = DIRECTION('',(0.,0.,1.));
#2634 = ADVANCED_FACE('',(#2635),#2646,.T.);
#2635 = FACE_BOUND('',#2636,.T.);
#2636 = EDGE_LOOP('',(#2637,#2643,#2644,#2645));
#2637 = ORIENTED_EDGE('',*,*,#2638,.T.);
#2638 = EDGE_CURVE('',#2291,#441,#2639,.T.);
#2639 = LINE('',#2640,#2641);
#2640 = CARTESIAN_POINT('',(-7.85,-24.25,17.45));
#2641 = VECTOR('',#2642,1.);
#2642 = DIRECTION('',(-1.,0.,0.));
#2643 = ORIENTED_EDGE('',*,*,#448,.F.);
#2644 = ORIENTED_EDGE('',*,*,#2623,.T.);
#2645 = ORIENTED_EDGE('',*,*,#2288,.T.);
#2646 = PLANE('',#2647);
#2647 = AXIS2_PLACEMENT_3D('',#2648,#2649,#2650);
#2648 = CARTESIAN_POINT('',(-7.7,-29.9,17.45));
#2649 = DIRECTION('',(0.,0.,1.));
#2650 = DIRECTION('',(1.,0.,0.));
#2651 = ADVANCED_FACE('',(#2652),#2663,.T.);
#2652 = FACE_BOUND('',#2653,.T.);
#2653 = EDGE_LOOP('',(#2654,#2660,#2661,#2662));
#2654 = ORIENTED_EDGE('',*,*,#2655,.F.);
#2655 = EDGE_CURVE('',#433,#2340,#2656,.T.);
#2656 = LINE('',#2657,#2658);
#2657 = CARTESIAN_POINT('',(-8.,-24.25,14.05));
#2658 = VECTOR('',#2659,1.);
#2659 = DIRECTION('',(1.,0.,0.));
#2660 = ORIENTED_EDGE('',*,*,#440,.T.);
#2661 = ORIENTED_EDGE('',*,*,#2638,.F.);
#2662 = ORIENTED_EDGE('',*,*,#2347,.F.);
#2663 = PLANE('',#2664);
#2664 = AXIS2_PLACEMENT_3D('',#2665,#2666,#2667);
#2665 = CARTESIAN_POINT('',(-8.,-24.25,14.05));
#2666 = DIRECTION('',(0.,1.,0.));
#2667 = DIRECTION('',(0.,0.,1.));
#2668 = ADVANCED_FACE('',(#2669),#2675,.T.);
#2669 = FACE_BOUND('',#2670,.T.);
#2670 = EDGE_LOOP('',(#2671,#2672,#2673,#2674));
#2671 = ORIENTED_EDGE('',*,*,#432,.T.);
#2672 = ORIENTED_EDGE('',*,*,#2655,.T.);
#2673 = ORIENTED_EDGE('',*,*,#2339,.F.);
#2674 = ORIENTED_EDGE('',*,*,#507,.F.);
#2675 = PLANE('',#2676);
#2676 = AXIS2_PLACEMENT_3D('',#2677,#2678,#2679);
#2677 = CARTESIAN_POINT('',(-8.,-24.25,14.05));
#2678 = DIRECTION('',(0.,0.,1.));
#2679 = DIRECTION('',(1.,0.,0.));
#2680 = ADVANCED_FACE('',(#2681),#2692,.T.);
#2681 = FACE_BOUND('',#2682,.T.);
#2682 = EDGE_LOOP('',(#2683,#2689,#2690,#2691));
#2683 = ORIENTED_EDGE('',*,*,#2684,.T.);
#2684 = EDGE_CURVE('',#2250,#591,#2685,.T.);
#2685 = LINE('',#2686,#2687);
#2686 = CARTESIAN_POINT('',(-8.,-24.25,14.05));
#2687 = VECTOR('',#2688,1.);
#2688 = DIRECTION('',(1.,0.,0.));
#2689 = ORIENTED_EDGE('',*,*,#590,.F.);
#2690 = ORIENTED_EDGE('',*,*,#539,.F.);
#2691 = ORIENTED_EDGE('',*,*,#2249,.T.);
#2692 = PLANE('',#2693);
#2693 = AXIS2_PLACEMENT_3D('',#2694,#2695,#2696);
#2694 = CARTESIAN_POINT('',(-8.,-24.25,14.05));
#2695 = DIRECTION('',(0.,0.,1.));
#2696 = DIRECTION('',(1.,0.,0.));
#2697 = ADVANCED_FACE('',(#2698),#2709,.T.);
#2698 = FACE_BOUND('',#2699,.T.);
#2699 = EDGE_LOOP('',(#2700,#2701,#2707,#2708));
#2700 = ORIENTED_EDGE('',*,*,#2332,.T.);
#2701 = ORIENTED_EDGE('',*,*,#2702,.T.);
#2702 = EDGE_CURVE('',#2325,#2235,#2703,.T.);
#2703 = LINE('',#2704,#2705);
#2704 = CARTESIAN_POINT('',(-7.,-27.9,10.55));
#2705 = VECTOR('',#2706,1.);
#2706 = DIRECTION('',(1.,0.,0.));
#2707 = ORIENTED_EDGE('',*,*,#2242,.F.);
#2708 = ORIENTED_EDGE('',*,*,#523,.F.);
#2709 = PLANE('',#2710);
#2710 = AXIS2_PLACEMENT_3D('',#2711,#2712,#2713);
#2711 = CARTESIAN_POINT('',(-7.,-27.9,10.55));
#2712 = DIRECTION('',(0.,0.,1.));
#2713 = DIRECTION('',(1.,0.,0.));
#2714 = ADVANCED_FACE('',(#2715),#2726,.F.);
#2715 = FACE_BOUND('',#2716,.F.);
#2716 = EDGE_LOOP('',(#2717,#2718,#2724,#2725));
#2717 = ORIENTED_EDGE('',*,*,#2316,.T.);
#2718 = ORIENTED_EDGE('',*,*,#2719,.T.);
#2719 = EDGE_CURVE('',#2317,#2227,#2720,.T.);
#2720 = LINE('',#2721,#2722);
#2721 = CARTESIAN_POINT('',(-7.,-27.9,9.3));
#2722 = VECTOR('',#2723,1.);
#2723 = DIRECTION('',(1.,0.,0.));
#2724 = ORIENTED_EDGE('',*,*,#2226,.F.);
#2725 = ORIENTED_EDGE('',*,*,#557,.F.);
#2726 = PLANE('',#2727);
#2727 = AXIS2_PLACEMENT_3D('',#2728,#2729,#2730);
#2728 = CARTESIAN_POINT('',(-7.,-27.9,9.3));
#2729 = DIRECTION('',(0.,0.,1.));
#2730 = DIRECTION('',(1.,0.,0.));
#2731 = ADVANCED_FACE('',(#2732),#2743,.F.);
#2732 = FACE_BOUND('',#2733,.F.);
#2733 = EDGE_LOOP('',(#2734,#2735,#2736,#2737));
#2734 = ORIENTED_EDGE('',*,*,#614,.F.);
#2735 = ORIENTED_EDGE('',*,*,#2597,.T.);
#2736 = ORIENTED_EDGE('',*,*,#2203,.F.);
#2737 = ORIENTED_EDGE('',*,*,#2738,.T.);
#2738 = EDGE_CURVE('',#2194,#607,#2739,.T.);
#2739 = LINE('',#2740,#2741);
#2740 = CARTESIAN_POINT('',(-7.7,-29.9,17.45));
#2741 = VECTOR('',#2742,1.);
#2742 = DIRECTION('',(1.,0.,0.));
#2743 = PLANE('',#2744);
#2744 = AXIS2_PLACEMENT_3D('',#2745,#2746,#2747);
#2745 = CARTESIAN_POINT('',(-7.7,-29.9,-7.25));
#2746 = DIRECTION('',(0.,1.,0.));
#2747 = DIRECTION('',(0.,0.,1.));
#2748 = ADVANCED_FACE('',(#2749),#2760,.T.);
#2749 = FACE_BOUND('',#2750,.T.);
#2750 = EDGE_LOOP('',(#2751,#2757,#2758,#2759));
#2751 = ORIENTED_EDGE('',*,*,#2752,.T.);
#2752 = EDGE_CURVE('',#599,#2196,#2753,.T.);
#2753 = LINE('',#2754,#2755);
#2754 = CARTESIAN_POINT('',(-7.85,-24.25,17.45));
#2755 = VECTOR('',#2756,1.);
#2756 = DIRECTION('',(-1.,0.,0.));
#2757 = ORIENTED_EDGE('',*,*,#2193,.F.);
#2758 = ORIENTED_EDGE('',*,*,#2738,.T.);
#2759 = ORIENTED_EDGE('',*,*,#606,.T.);
#2760 = PLANE('',#2761);
#2761 = AXIS2_PLACEMENT_3D('',#2762,#2763,#2764);
#2762 = CARTESIAN_POINT('',(-7.7,-29.9,17.45));
#2763 = DIRECTION('',(0.,0.,1.));
#2764 = DIRECTION('',(1.,0.,0.));
#2765 = ADVANCED_FACE('',(#2766),#2772,.T.);
#2766 = FACE_BOUND('',#2767,.T.);
#2767 = EDGE_LOOP('',(#2768,#2769,#2770,#2771));
#2768 = ORIENTED_EDGE('',*,*,#2684,.F.);
#2769 = ORIENTED_EDGE('',*,*,#2257,.T.);
#2770 = ORIENTED_EDGE('',*,*,#2752,.F.);
#2771 = ORIENTED_EDGE('',*,*,#598,.F.);
#2772 = PLANE('',#2773);
#2773 = AXIS2_PLACEMENT_3D('',#2774,#2775,#2776);
#2774 = CARTESIAN_POINT('',(-8.,-24.25,14.05));
#2775 = DIRECTION('',(0.,1.,0.));
#2776 = DIRECTION('',(0.,0.,1.));
#2777 = ADVANCED_FACE('',(#2778,#2784),#2795,.T.);
#2778 = FACE_BOUND('',#2779,.T.);
#2779 = EDGE_LOOP('',(#2780,#2781,#2782,#2783));
#2780 = ORIENTED_EDGE('',*,*,#696,.F.);
#2781 = ORIENTED_EDGE('',*,*,#672,.T.);
#2782 = ORIENTED_EDGE('',*,*,#737,.T.);
#2783 = ORIENTED_EDGE('',*,*,#720,.F.);
#2784 = FACE_BOUND('',#2785,.T.);
#2785 = EDGE_LOOP('',(#2786));
#2786 = ORIENTED_EDGE('',*,*,#2787,.F.);
#2787 = EDGE_CURVE('',#2788,#2788,#2790,.T.);
#2788 = VERTEX_POINT('',#2789);
#2789 = CARTESIAN_POINT('',(-11.52474194625,-19.82084485561,1.75));
#2790 = CIRCLE('',#2791,1.1);
#2791 = AXIS2_PLACEMENT_3D('',#2792,#2793,#2794);
#2792 = CARTESIAN_POINT('',(-12.62474194625,-19.82084485561,1.75));
#2793 = DIRECTION('',(0.,0.,1.));
#2794 = DIRECTION('',(1.,0.,0.));
#2795 = PLANE('',#2796);
#2796 = AXIS2_PLACEMENT_3D('',#2797,#2798,#2799);
#2797 = CARTESIAN_POINT('',(-14.29496844459,-15.55583097003,1.75));
#2798 = DIRECTION('',(0.,0.,1.));
#2799 = DIRECTION('',(-0.537223061543,-0.843440206622,0.));
#2800 = ADVANCED_FACE('',(#2801),#2826,.F.);
#2801 = FACE_BOUND('',#2802,.F.);
#2802 = EDGE_LOOP('',(#2803,#2811,#2819,#2825));
#2803 = ORIENTED_EDGE('',*,*,#2804,.F.);
#2804 = EDGE_CURVE('',#2805,#746,#2807,.T.);
#2805 = VERTEX_POINT('',#2806);
#2806 = CARTESIAN_POINT('',(-10.37404592992,-20.66159894693,-1.6));
#2807 = LINE('',#2808,#2809);
#2808 = CARTESIAN_POINT('',(-10.37404592992,-20.66159894693,-1.6));
#2809 = VECTOR('',#2810,1.);
#2810 = DIRECTION('',(-0.537223061543,-0.843440206622,0.));
#2811 = ORIENTED_EDGE('',*,*,#2812,.T.);
#2812 = EDGE_CURVE('',#2805,#2813,#2815,.T.);
#2813 = VERTEX_POINT('',#2814);
#2814 = CARTESIAN_POINT('',(-10.37404592992,-20.66159894693,0.3));
#2815 = LINE('',#2816,#2817);
#2816 = CARTESIAN_POINT('',(-10.37404592992,-20.66159894693,-1.6));
#2817 = VECTOR('',#2818,1.);
#2818 = DIRECTION('',(0.,0.,1.));
#2819 = ORIENTED_EDGE('',*,*,#2820,.T.);
#2820 = EDGE_CURVE('',#2813,#764,#2821,.T.);
#2821 = LINE('',#2822,#2823);
#2822 = CARTESIAN_POINT('',(-10.37404592992,-20.66159894693,0.3));
#2823 = VECTOR('',#2824,1.);
#2824 = DIRECTION('',(-0.537223061543,-0.843440206622,0.));
#2825 = ORIENTED_EDGE('',*,*,#771,.F.);
#2826 = PLANE('',#2827);
#2827 = AXIS2_PLACEMENT_3D('',#2828,#2829,#2830);
#2828 = CARTESIAN_POINT('',(-10.37404592992,-20.66159894693,-1.6));
#2829 = DIRECTION('',(0.843440206622,-0.537223061543,0.));
#2830 = DIRECTION('',(0.,0.,1.));
#2831 = ADVANCED_FACE('',(#2832),#2857,.T.);
#2832 = FACE_BOUND('',#2833,.T.);
#2833 = EDGE_LOOP('',(#2834,#2842,#2850,#2856));
#2834 = ORIENTED_EDGE('',*,*,#2835,.F.);
#2835 = EDGE_CURVE('',#2836,#748,#2838,.T.);
#2836 = VERTEX_POINT('',#2837);
#2837 = CARTESIAN_POINT('',(-14.33821490104,-18.13665055768,-1.6));
#2838 = LINE('',#2839,#2840);
#2839 = CARTESIAN_POINT('',(-14.33821490104,-18.13665055768,-1.6));
#2840 = VECTOR('',#2841,1.);
#2841 = DIRECTION('',(-0.537223061543,-0.843440206622,0.));
#2842 = ORIENTED_EDGE('',*,*,#2843,.T.);
#2843 = EDGE_CURVE('',#2836,#2844,#2846,.T.);
#2844 = VERTEX_POINT('',#2845);
#2845 = CARTESIAN_POINT('',(-14.33821490104,-18.13665055768,0.3));
#2846 = LINE('',#2847,#2848);
#2847 = CARTESIAN_POINT('',(-14.33821490104,-18.13665055768,-1.6));
#2848 = VECTOR('',#2849,1.);
#2849 = DIRECTION('',(0.,0.,1.));
#2850 = ORIENTED_EDGE('',*,*,#2851,.T.);
#2851 = EDGE_CURVE('',#2844,#756,#2852,.T.);
#2852 = LINE('',#2853,#2854);
#2853 = CARTESIAN_POINT('',(-14.33821490104,-18.13665055768,0.3));
#2854 = VECTOR('',#2855,1.);
#2855 = DIRECTION('',(-0.537223061543,-0.843440206622,0.));
#2856 = ORIENTED_EDGE('',*,*,#755,.F.);
#2857 = PLANE('',#2858);
#2858 = AXIS2_PLACEMENT_3D('',#2859,#2860,#2861);
#2859 = CARTESIAN_POINT('',(-14.33821490104,-18.13665055768,-1.6));
#2860 = DIRECTION('',(0.843440206622,-0.537223061543,0.));
#2861 = DIRECTION('',(0.,0.,1.));
#2862 = ADVANCED_FACE('',(#2863,#2869),#2880,.T.);
#2863 = FACE_BOUND('',#2864,.T.);
#2864 = EDGE_LOOP('',(#2865,#2866,#2867,#2868));
#2865 = ORIENTED_EDGE('',*,*,#826,.F.);
#2866 = ORIENTED_EDGE('',*,*,#802,.T.);
#2867 = ORIENTED_EDGE('',*,*,#867,.T.);
#2868 = ORIENTED_EDGE('',*,*,#850,.F.);
#2869 = FACE_BOUND('',#2870,.T.);
#2870 = EDGE_LOOP('',(#2871));
#2871 = ORIENTED_EDGE('',*,*,#2872,.F.);
#2872 = EDGE_CURVE('',#2873,#2873,#2875,.T.);
#2873 = VERTEX_POINT('',#2874);
#2874 = CARTESIAN_POINT('',(13.724741946254,19.820844855619,1.75));
#2875 = CIRCLE('',#2876,1.1);
#2876 = AXIS2_PLACEMENT_3D('',#2877,#2878,#2879);
#2877 = CARTESIAN_POINT('',(12.624741946254,19.820844855619,1.75));
#2878 = DIRECTION('',(0.,0.,1.));
#2879 = DIRECTION('',(1.,0.,0.));
#2880 = PLANE('',#2881);
#2881 = AXIS2_PLACEMENT_3D('',#2882,#2883,#2884);
#2882 = CARTESIAN_POINT('',(14.29496844459,15.555830970031,1.75));
#2883 = DIRECTION('',(0.,0.,1.));
#2884 = DIRECTION('',(0.537223061543,0.843440206622,0.));
#2885 = ADVANCED_FACE('',(#2886),#2911,.F.);
#2886 = FACE_BOUND('',#2887,.F.);
#2887 = EDGE_LOOP('',(#2888,#2896,#2904,#2910));
#2888 = ORIENTED_EDGE('',*,*,#2889,.F.);
#2889 = EDGE_CURVE('',#2890,#876,#2892,.T.);
#2890 = VERTEX_POINT('',#2891);
#2891 = CARTESIAN_POINT('',(10.374045929921,20.661598946933,-1.6));
#2892 = LINE('',#2893,#2894);
#2893 = CARTESIAN_POINT('',(10.374045929921,20.661598946933,-1.6));
#2894 = VECTOR('',#2895,1.);
#2895 = DIRECTION('',(0.537223061543,0.843440206622,0.));
#2896 = ORIENTED_EDGE('',*,*,#2897,.T.);
#2897 = EDGE_CURVE('',#2890,#2898,#2900,.T.);
#2898 = VERTEX_POINT('',#2899);
#2899 = CARTESIAN_POINT('',(10.374045929921,20.661598946933,0.3));
#2900 = LINE('',#2901,#2902);
#2901 = CARTESIAN_POINT('',(10.374045929921,20.661598946933,-1.6));
#2902 = VECTOR('',#2903,1.);
#2903 = DIRECTION('',(0.,0.,1.));
#2904 = ORIENTED_EDGE('',*,*,#2905,.T.);
#2905 = EDGE_CURVE('',#2898,#894,#2906,.T.);
#2906 = LINE('',#2907,#2908);
#2907 = CARTESIAN_POINT('',(10.374045929921,20.661598946933,0.3));
#2908 = VECTOR('',#2909,1.);
#2909 = DIRECTION('',(0.537223061543,0.843440206622,0.));
#2910 = ORIENTED_EDGE('',*,*,#901,.F.);
#2911 = PLANE('',#2912);
#2912 = AXIS2_PLACEMENT_3D('',#2913,#2914,#2915);
#2913 = CARTESIAN_POINT('',(10.374045929921,20.661598946933,-1.6));
#2914 = DIRECTION('',(-0.843440206622,0.537223061543,0.));
#2915 = DIRECTION('',(0.,0.,1.));
#2916 = ADVANCED_FACE('',(#2917),#2942,.T.);
#2917 = FACE_BOUND('',#2918,.T.);
#2918 = EDGE_LOOP('',(#2919,#2927,#2935,#2941));
#2919 = ORIENTED_EDGE('',*,*,#2920,.F.);
#2920 = EDGE_CURVE('',#2921,#878,#2923,.T.);
#2921 = VERTEX_POINT('',#2922);
#2922 = CARTESIAN_POINT('',(14.338214901044,18.136650557682,-1.6));
#2923 = LINE('',#2924,#2925);
#2924 = CARTESIAN_POINT('',(14.338214901044,18.136650557682,-1.6));
#2925 = VECTOR('',#2926,1.);
#2926 = DIRECTION('',(0.537223061543,0.843440206622,0.));
#2927 = ORIENTED_EDGE('',*,*,#2928,.T.);
#2928 = EDGE_CURVE('',#2921,#2929,#2931,.T.);
#2929 = VERTEX_POINT('',#2930);
#2930 = CARTESIAN_POINT('',(14.338214901044,18.136650557682,0.3));
#2931 = LINE('',#2932,#2933);
#2932 = CARTESIAN_POINT('',(14.338214901044,18.136650557682,-1.6));
#2933 = VECTOR('',#2934,1.);
#2934 = DIRECTION('',(0.,0.,1.));
#2935 = ORIENTED_EDGE('',*,*,#2936,.T.);
#2936 = EDGE_CURVE('',#2929,#886,#2937,.T.);
#2937 = LINE('',#2938,#2939);
#2938 = CARTESIAN_POINT('',(14.338214901044,18.136650557682,0.3));
#2939 = VECTOR('',#2940,1.);
#2940 = DIRECTION('',(0.537223061543,0.843440206622,0.));
#2941 = ORIENTED_EDGE('',*,*,#885,.F.);
#2942 = PLANE('',#2943);
#2943 = AXIS2_PLACEMENT_3D('',#2944,#2945,#2946);
#2944 = CARTESIAN_POINT('',(14.338214901044,18.136650557682,-1.6));
#2945 = DIRECTION('',(-0.843440206622,0.537223061543,0.));
#2946 = DIRECTION('',(0.,0.,1.));
#2947 = ADVANCED_FACE('',(#2948,#2959),#3009,.T.);
#2948 = FACE_BOUND('',#2949,.T.);
#2949 = EDGE_LOOP('',(#2950,#2951,#2952,#2953));
#2950 = ORIENTED_EDGE('',*,*,#1050,.F.);
#2951 = ORIENTED_EDGE('',*,*,#1004,.T.);
#2952 = ORIENTED_EDGE('',*,*,#980,.T.);
#2953 = ORIENTED_EDGE('',*,*,#2954,.F.);
#2954 = EDGE_CURVE('',#1043,#973,#2955,.T.);
#2955 = LINE('',#2956,#2957);
#2956 = CARTESIAN_POINT('',(-29.,-4.,6.));
#2957 = VECTOR('',#2958,1.);
#2958 = DIRECTION('',(0.,1.,0.));
#2959 = FACE_BOUND('',#2960,.T.);
#2960 = EDGE_LOOP('',(#2961,#2971,#2979,#2987,#2995,#3003));
#2961 = ORIENTED_EDGE('',*,*,#2962,.T.);
#2962 = EDGE_CURVE('',#2963,#2965,#2967,.T.);
#2963 = VERTEX_POINT('',#2964);
#2964 = CARTESIAN_POINT('',(-29.,-2.1,2.778537815973));
#2965 = VERTEX_POINT('',#2966);
#2966 = CARTESIAN_POINT('',(-29.,0.,4.014261804374));
#2967 = LINE('',#2968,#2969);
#2968 = CARTESIAN_POINT('',(-29.,-3.703124301332,1.835195360952));
#2969 = VECTOR('',#2970,1.);
#2970 = DIRECTION('',(0.,0.861857105403,0.507151190343));
#2971 = ORIENTED_EDGE('',*,*,#2972,.T.);
#2972 = EDGE_CURVE('',#2965,#2973,#2975,.T.);
#2973 = VERTEX_POINT('',#2974);
#2974 = CARTESIAN_POINT('',(-29.,2.1,2.778537815973));
#2975 = LINE('',#2976,#2977);
#2976 = CARTESIAN_POINT('',(-29.,-0.30798311739,4.19549138827));
#2977 = VECTOR('',#2978,1.);
#2978 = DIRECTION('',(0.,0.861857105403,-0.507151190343));
#2979 = ORIENTED_EDGE('',*,*,#2980,.T.);
#2980 = EDGE_CURVE('',#2973,#2981,#2983,.T.);
#2981 = VERTEX_POINT('',#2982);
#2982 = CARTESIAN_POINT('',(-29.,2.1,0.307089839171));
#2983 = LINE('',#2984,#2985);
#2984 = CARTESIAN_POINT('',(-29.,2.1,0.72527029219));
#2985 = VECTOR('',#2986,1.);
#2986 = DIRECTION('',(0.,0.,-1.));
#2987 = ORIENTED_EDGE('',*,*,#2988,.T.);
#2988 = EDGE_CURVE('',#2981,#2989,#2991,.T.);
#2989 = VERTEX_POINT('',#2990);
#2990 = CARTESIAN_POINT('',(-29.,2.96961066843E-16,-0.928634149231));
#2991 = LINE('',#2992,#2993);
#2992 = CARTESIAN_POINT('',(-29.,-0.502707992267,-1.224447637423));
#2993 = VECTOR('',#2994,1.);
#2994 = DIRECTION('',(0.,-0.861857105403,-0.507151190343));
#2995 = ORIENTED_EDGE('',*,*,#2996,.T.);
#2996 = EDGE_CURVE('',#2989,#2997,#2999,.T.);
#2997 = VERTEX_POINT('',#2998);
#2998 = CARTESIAN_POINT('',(-29.,-2.1,0.307089839171));
#2999 = LINE('',#3000,#3001);
#3000 = CARTESIAN_POINT('',(-29.,-1.428565950081,-8.800880945549E-02));
#3001 = VECTOR('',#3002,1.);
#3002 = DIRECTION('',(0.,-0.861857105403,0.507151190343));
#3003 = ORIENTED_EDGE('',*,*,#3004,.T.);
#3004 = EDGE_CURVE('',#2997,#2963,#3005,.T.);
#3005 = LINE('',#3006,#3007);
#3006 = CARTESIAN_POINT('',(-29.,-2.1,-0.464315743039));
#3007 = VECTOR('',#3008,1.);
#3008 = DIRECTION('',(0.,-1.796878647734E-16,1.));
#3009 = PLANE('',#3010);
#3010 = AXIS2_PLACEMENT_3D('',#3011,#3012,#3013);
#3011 = CARTESIAN_POINT('',(-29.,-4.,-1.));
#3012 = DIRECTION('',(1.,0.,0.));
#3013 = DIRECTION('',(0.,0.,1.));
#3014 = ADVANCED_FACE('',(#3015),#3021,.T.);
#3015 = FACE_BOUND('',#3016,.T.);
#3016 = EDGE_LOOP('',(#3017,#3018,#3019,#3020));
#3017 = ORIENTED_EDGE('',*,*,#972,.F.);
#3018 = ORIENTED_EDGE('',*,*,#2168,.F.);
#3019 = ORIENTED_EDGE('',*,*,#1042,.T.);
#3020 = ORIENTED_EDGE('',*,*,#2954,.T.);
#3021 = PLANE('',#3022);
#3022 = AXIS2_PLACEMENT_3D('',#3023,#3024,#3025);
#3023 = CARTESIAN_POINT('',(-36.,-4.,6.));
#3024 = DIRECTION('',(0.,0.,1.));
#3025 = DIRECTION('',(1.,0.,0.));
#3026 = ADVANCED_FACE('',(#3027),#3039,.T.);
#3027 = FACE_BOUND('',#3028,.T.);
#3028 = EDGE_LOOP('',(#3029,#3030,#3036,#3037,#3038));
#3029 = ORIENTED_EDGE('',*,*,#1169,.F.);
#3030 = ORIENTED_EDGE('',*,*,#3031,.F.);
#3031 = EDGE_CURVE('',#1099,#1162,#3032,.T.);
#3032 = LINE('',#3033,#3034);
#3033 = CARTESIAN_POINT('',(29.,-4.,6.));
#3034 = VECTOR('',#3035,1.);
#3035 = DIRECTION('',(0.,1.,0.));
#3036 = ORIENTED_EDGE('',*,*,#1106,.T.);
#3037 = ORIENTED_EDGE('',*,*,#1506,.F.);
#3038 = ORIENTED_EDGE('',*,*,#2157,.F.);
#3039 = PLANE('',#3040);
#3040 = AXIS2_PLACEMENT_3D('',#3041,#3042,#3043);
#3041 = CARTESIAN_POINT('',(29.,-4.,6.));
#3042 = DIRECTION('',(0.,0.,1.));
#3043 = DIRECTION('',(1.,0.,0.));
#3044 = ADVANCED_FACE('',(#3045,#3051),#3101,.F.);
#3045 = FACE_BOUND('',#3046,.F.);
#3046 = EDGE_LOOP('',(#3047,#3048,#3049,#3050));
#3047 = ORIENTED_EDGE('',*,*,#1098,.F.);
#3048 = ORIENTED_EDGE('',*,*,#1143,.T.);
#3049 = ORIENTED_EDGE('',*,*,#1161,.T.);
#3050 = ORIENTED_EDGE('',*,*,#3031,.F.);
#3051 = FACE_BOUND('',#3052,.F.);
#3052 = EDGE_LOOP('',(#3053,#3063,#3071,#3079,#3087,#3095));
#3053 = ORIENTED_EDGE('',*,*,#3054,.T.);
#3054 = EDGE_CURVE('',#3055,#3057,#3059,.T.);
#3055 = VERTEX_POINT('',#3056);
#3056 = CARTESIAN_POINT('',(29.,2.1,2.778537815973));
#3057 = VERTEX_POINT('',#3058);
#3058 = CARTESIAN_POINT('',(29.,2.1,0.307089839171));
#3059 = LINE('',#3060,#3061);
#3060 = CARTESIAN_POINT('',(29.,2.1,-0.464315743039));
#3061 = VECTOR('',#3062,1.);
#3062 = DIRECTION('',(0.,0.,-1.));
#3063 = ORIENTED_EDGE('',*,*,#3064,.T.);
#3064 = EDGE_CURVE('',#3057,#3065,#3067,.T.);
#3065 = VERTEX_POINT('',#3066);
#3066 = CARTESIAN_POINT('',(29.,0.,-0.928634149231));
#3067 = LINE('',#3068,#3069);
#3068 = CARTESIAN_POINT('',(29.,-1.542624730454,-1.836376237099));
#3069 = VECTOR('',#3070,1.);
#3070 = DIRECTION('',(0.,-0.861857105403,-0.507151190343));
#3071 = ORIENTED_EDGE('',*,*,#3072,.T.);
#3072 = EDGE_CURVE('',#3065,#3073,#3075,.T.);
#3073 = VERTEX_POINT('',#3074);
#3074 = CARTESIAN_POINT('',(29.,-2.1,0.307089839171));
#3075 = LINE('',#3076,#3077);
#3076 = CARTESIAN_POINT('',(29.,-2.468482688268,0.52391979022));
#3077 = VECTOR('',#3078,1.);
#3078 = DIRECTION('',(0.,-0.861857105403,0.507151190343));
#3079 = ORIENTED_EDGE('',*,*,#3080,.T.);
#3080 = EDGE_CURVE('',#3073,#3081,#3083,.T.);
#3081 = VERTEX_POINT('',#3082);
#3082 = CARTESIAN_POINT('',(29.,-2.1,2.778537815973));
#3083 = LINE('',#3084,#3085);
#3084 = CARTESIAN_POINT('',(29.,-2.1,0.72527029219));
#3085 = VECTOR('',#3086,1.);
#3086 = DIRECTION('',(0.,1.796878647734E-16,1.));
#3087 = ORIENTED_EDGE('',*,*,#3088,.T.);
#3088 = EDGE_CURVE('',#3081,#3089,#3091,.T.);
#3089 = VERTEX_POINT('',#3090);
#3090 = CARTESIAN_POINT('',(29.,2.96961066843E-16,4.014261804374));
#3091 = LINE('',#3092,#3093);
#3092 = CARTESIAN_POINT('',(29.,-2.663207563145,2.447123960627));
#3093 = VECTOR('',#3094,1.);
#3094 = DIRECTION('',(0.,0.861857105403,0.507151190343));
#3095 = ORIENTED_EDGE('',*,*,#3096,.T.);
#3096 = EDGE_CURVE('',#3089,#3055,#3097,.T.);
#3097 = LINE('',#3098,#3099);
#3098 = CARTESIAN_POINT('',(29.,0.731933620797,3.583562788595));
#3099 = VECTOR('',#3100,1.);
#3100 = DIRECTION('',(0.,0.861857105403,-0.507151190343));
#3101 = PLANE('',#3102);
#3102 = AXIS2_PLACEMENT_3D('',#3103,#3104,#3105);
#3103 = CARTESIAN_POINT('',(29.,-4.,-1.));
#3104 = DIRECTION('',(1.,0.,0.));
#3105 = DIRECTION('',(0.,0.,1.));
#3106 = ADVANCED_FACE('',(#3107),#3133,.F.);
#3107 = FACE_BOUND('',#3108,.F.);
#3108 = EDGE_LOOP('',(#3109,#3120,#3126,#3127));
#3109 = ORIENTED_EDGE('',*,*,#3110,.T.);
#3110 = EDGE_CURVE('',#3111,#3113,#3115,.T.);
#3111 = VERTEX_POINT('',#3112);
#3112 = CARTESIAN_POINT('',(-13.4,-10.46135746449,-10.75));
#3113 = VERTEX_POINT('',#3114);
#3114 = CARTESIAN_POINT('',(-10.6,-13.29059818066,-10.75));
#3115 = CIRCLE('',#3116,17.);
#3116 = AXIS2_PLACEMENT_3D('',#3117,#3118,#3119);
#3117 = CARTESIAN_POINT('',(0.,0.,-10.75));
#3118 = DIRECTION('',(0.,0.,1.));
#3119 = DIRECTION('',(1.,0.,0.));
#3120 = ORIENTED_EDGE('',*,*,#3121,.T.);
#3121 = EDGE_CURVE('',#3113,#1204,#3122,.T.);
#3122 = LINE('',#3123,#3124);
#3123 = CARTESIAN_POINT('',(-10.6,-13.29059818066,-10.95));
#3124 = VECTOR('',#3125,1.);
#3125 = DIRECTION('',(0.,0.,1.));
#3126 = ORIENTED_EDGE('',*,*,#1201,.F.);
#3127 = ORIENTED_EDGE('',*,*,#3128,.F.);
#3128 = EDGE_CURVE('',#3111,#1202,#3129,.T.);
#3129 = LINE('',#3130,#3131);
#3130 = CARTESIAN_POINT('',(-13.4,-10.46135746449,-10.95));
#3131 = VECTOR('',#3132,1.);
#3132 = DIRECTION('',(0.,0.,1.));
#3133 = CYLINDRICAL_SURFACE('',#3134,17.);
#3134 = AXIS2_PLACEMENT_3D('',#3135,#3136,#3137);
#3135 = CARTESIAN_POINT('',(0.,0.,-10.95));
#3136 = DIRECTION('',(0.,0.,1.));
#3137 = DIRECTION('',(1.,0.,0.));
#3138 = ADVANCED_FACE('',(#3139),#3157,.T.);
#3139 = FACE_BOUND('',#3140,.T.);
#3140 = EDGE_LOOP('',(#3141,#3142,#3143,#3151));
#3141 = ORIENTED_EDGE('',*,*,#1212,.F.);
#3142 = ORIENTED_EDGE('',*,*,#3128,.F.);
#3143 = ORIENTED_EDGE('',*,*,#3144,.T.);
#3144 = EDGE_CURVE('',#3111,#3145,#3147,.T.);
#3145 = VERTEX_POINT('',#3146);
#3146 = CARTESIAN_POINT('',(-13.4,10.461357464498,-10.75));
#3147 = LINE('',#3148,#3149);
#3148 = CARTESIAN_POINT('',(-13.4,-9.,-10.75));
#3149 = VECTOR('',#3150,1.);
#3150 = DIRECTION('',(0.,1.,0.));
#3151 = ORIENTED_EDGE('',*,*,#3152,.T.);
#3152 = EDGE_CURVE('',#3145,#1213,#3153,.T.);
#3153 = LINE('',#3154,#3155);
#3154 = CARTESIAN_POINT('',(-13.4,10.461357464498,-10.95));
#3155 = VECTOR('',#3156,1.);
#3156 = DIRECTION('',(0.,0.,1.));
#3157 = PLANE('',#3158);
#3158 = AXIS2_PLACEMENT_3D('',#3159,#3160,#3161);
#3159 = CARTESIAN_POINT('',(-13.4,-18.,-10.95));
#3160 = DIRECTION('',(1.,0.,0.));
#3161 = DIRECTION('',(0.,0.,1.));
#3162 = ADVANCED_FACE('',(#3163),#3181,.F.);
#3163 = FACE_BOUND('',#3164,.F.);
#3164 = EDGE_LOOP('',(#3165,#3166,#3167,#3175));
#3165 = ORIENTED_EDGE('',*,*,#1229,.F.);
#3166 = ORIENTED_EDGE('',*,*,#3121,.F.);
#3167 = ORIENTED_EDGE('',*,*,#3168,.T.);
#3168 = EDGE_CURVE('',#3113,#3169,#3171,.T.);
#3169 = VERTEX_POINT('',#3170);
#3170 = CARTESIAN_POINT('',(-10.6,13.290598180669,-10.75));
#3171 = LINE('',#3172,#3173);
#3172 = CARTESIAN_POINT('',(-10.6,-9.,-10.75));
#3173 = VECTOR('',#3174,1.);
#3174 = DIRECTION('',(0.,1.,0.));
#3175 = ORIENTED_EDGE('',*,*,#3176,.T.);
#3176 = EDGE_CURVE('',#3169,#1221,#3177,.T.);
#3177 = LINE('',#3178,#3179);
#3178 = CARTESIAN_POINT('',(-10.6,13.290598180669,-10.95));
#3179 = VECTOR('',#3180,1.);
#3180 = DIRECTION('',(0.,0.,1.));
#3181 = PLANE('',#3182);
#3182 = AXIS2_PLACEMENT_3D('',#3183,#3184,#3185);
#3183 = CARTESIAN_POINT('',(-10.6,-18.,-10.95));
#3184 = DIRECTION('',(1.,0.,0.));
#3185 = DIRECTION('',(0.,0.,1.));
#3186 = ADVANCED_FACE('',(#3187),#3199,.F.);
#3187 = FACE_BOUND('',#3188,.F.);
#3188 = EDGE_LOOP('',(#3189,#3190,#3191,#3198));
#3189 = ORIENTED_EDGE('',*,*,#1220,.F.);
#3190 = ORIENTED_EDGE('',*,*,#3176,.F.);
#3191 = ORIENTED_EDGE('',*,*,#3192,.T.);
#3192 = EDGE_CURVE('',#3169,#3145,#3193,.T.);
#3193 = CIRCLE('',#3194,17.);
#3194 = AXIS2_PLACEMENT_3D('',#3195,#3196,#3197);
#3195 = CARTESIAN_POINT('',(0.,0.,-10.75));
#3196 = DIRECTION('',(0.,0.,1.));
#3197 = DIRECTION('',(1.,0.,0.));
#3198 = ORIENTED_EDGE('',*,*,#3152,.T.);
#3199 = CYLINDRICAL_SURFACE('',#3200,17.);
#3200 = AXIS2_PLACEMENT_3D('',#3201,#3202,#3203);
#3201 = CARTESIAN_POINT('',(0.,0.,-10.95));
#3202 = DIRECTION('',(0.,0.,1.));
#3203 = DIRECTION('',(1.,0.,0.));
#3204 = ADVANCED_FACE('',(#3205),#3241,.F.);
#3205 = FACE_BOUND('',#3206,.F.);
#3206 = EDGE_LOOP('',(#3207,#3215,#3216,#3217,#3225,#3234));
#3207 = ORIENTED_EDGE('',*,*,#3208,.T.);
#3208 = EDGE_CURVE('',#3209,#1249,#3211,.T.);
#3209 = VERTEX_POINT('',#3210);
#3210 = CARTESIAN_POINT('',(14.6,8.708616422831,-10.75));
#3211 = LINE('',#3212,#3213);
#3212 = CARTESIAN_POINT('',(14.6,8.708616422831,-10.95));
#3213 = VECTOR('',#3214,1.);
#3214 = DIRECTION('',(0.,0.,1.));
#3215 = ORIENTED_EDGE('',*,*,#1256,.F.);
#3216 = ORIENTED_EDGE('',*,*,#1237,.F.);
#3217 = ORIENTED_EDGE('',*,*,#3218,.F.);
#3218 = EDGE_CURVE('',#3219,#1238,#3221,.T.);
#3219 = VERTEX_POINT('',#3220);
#3220 = CARTESIAN_POINT('',(14.6,-8.708616422831,-10.75));
#3221 = LINE('',#3222,#3223);
#3222 = CARTESIAN_POINT('',(14.6,-8.708616422831,-10.95));
#3223 = VECTOR('',#3224,1.);
#3224 = DIRECTION('',(0.,0.,1.));
#3225 = ORIENTED_EDGE('',*,*,#3226,.T.);
#3226 = EDGE_CURVE('',#3219,#3227,#3229,.T.);
#3227 = VERTEX_POINT('',#3228);
#3228 = CARTESIAN_POINT('',(17.,-4.163799117101E-15,-10.75));
#3229 = CIRCLE('',#3230,17.);
#3230 = AXIS2_PLACEMENT_3D('',#3231,#3232,#3233);
#3231 = CARTESIAN_POINT('',(0.,0.,-10.75));
#3232 = DIRECTION('',(0.,0.,1.));
#3233 = DIRECTION('',(1.,0.,0.));
#3234 = ORIENTED_EDGE('',*,*,#3235,.T.);
#3235 = EDGE_CURVE('',#3227,#3209,#3236,.T.);
#3236 = CIRCLE('',#3237,17.);
#3237 = AXIS2_PLACEMENT_3D('',#3238,#3239,#3240);
#3238 = CARTESIAN_POINT('',(0.,0.,-10.75));
#3239 = DIRECTION('',(0.,0.,1.));
#3240 = DIRECTION('',(1.,0.,0.));
#3241 = CYLINDRICAL_SURFACE('',#3242,17.);
#3242 = AXIS2_PLACEMENT_3D('',#3243,#3244,#3245);
#3243 = CARTESIAN_POINT('',(0.,0.,-10.95));
#3244 = DIRECTION('',(0.,0.,1.));
#3245 = DIRECTION('',(1.,0.,0.));
#3246 = ADVANCED_FACE('',(#3247),#3258,.T.);
#3247 = FACE_BOUND('',#3248,.T.);
#3248 = EDGE_LOOP('',(#3249,#3250,#3251,#3257));
#3249 = ORIENTED_EDGE('',*,*,#1248,.F.);
#3250 = ORIENTED_EDGE('',*,*,#3218,.F.);
#3251 = ORIENTED_EDGE('',*,*,#3252,.T.);
#3252 = EDGE_CURVE('',#3219,#3209,#3253,.T.);
#3253 = LINE('',#3254,#3255);
#3254 = CARTESIAN_POINT('',(14.6,-9.,-10.75));
#3255 = VECTOR('',#3256,1.);
#3256 = DIRECTION('',(0.,1.,0.));
#3257 = ORIENTED_EDGE('',*,*,#3208,.T.);
#3258 = PLANE('',#3259);
#3259 = AXIS2_PLACEMENT_3D('',#3260,#3261,#3262);
#3260 = CARTESIAN_POINT('',(14.6,-18.,-10.95));
#3261 = DIRECTION('',(1.,0.,0.));
#3262 = DIRECTION('',(0.,0.,1.));
#3263 = ADVANCED_FACE('',(#3264),#3289,.F.);
#3264 = FACE_BOUND('',#3265,.F.);
#3265 = EDGE_LOOP('',(#3266,#3267,#3275,#3283));
#3266 = ORIENTED_EDGE('',*,*,#1265,.F.);
#3267 = ORIENTED_EDGE('',*,*,#3268,.F.);
#3268 = EDGE_CURVE('',#3269,#1266,#3271,.T.);
#3269 = VERTEX_POINT('',#3270);
#3270 = CARTESIAN_POINT('',(-14.6,-8.708616422831,-10.75));
#3271 = LINE('',#3272,#3273);
#3272 = CARTESIAN_POINT('',(-14.6,-8.708616422831,-10.95));
#3273 = VECTOR('',#3274,1.);
#3274 = DIRECTION('',(0.,0.,1.));
#3275 = ORIENTED_EDGE('',*,*,#3276,.T.);
#3276 = EDGE_CURVE('',#3269,#3277,#3279,.T.);
#3277 = VERTEX_POINT('',#3278);
#3278 = CARTESIAN_POINT('',(-14.6,8.708616422831,-10.75));
#3279 = LINE('',#3280,#3281);
#3280 = CARTESIAN_POINT('',(-14.6,-9.,-10.75));
#3281 = VECTOR('',#3282,1.);
#3282 = DIRECTION('',(0.,1.,0.));
#3283 = ORIENTED_EDGE('',*,*,#3284,.T.);
#3284 = EDGE_CURVE('',#3277,#1268,#3285,.T.);
#3285 = LINE('',#3286,#3287);
#3286 = CARTESIAN_POINT('',(-14.6,8.708616422831,-10.95));
#3287 = VECTOR('',#3288,1.);
#3288 = DIRECTION('',(0.,0.,1.));
#3289 = PLANE('',#3290);
#3290 = AXIS2_PLACEMENT_3D('',#3291,#3292,#3293);
#3291 = CARTESIAN_POINT('',(-14.6,-18.,-10.95));
#3292 = DIRECTION('',(1.,0.,0.));
#3293 = DIRECTION('',(0.,0.,1.));
#3294 = ADVANCED_FACE('',(#3295),#3307,.F.);
#3295 = FACE_BOUND('',#3296,.F.);
#3296 = EDGE_LOOP('',(#3297,#3298,#3299,#3306));
#3297 = ORIENTED_EDGE('',*,*,#1275,.F.);
#3298 = ORIENTED_EDGE('',*,*,#3284,.F.);
#3299 = ORIENTED_EDGE('',*,*,#3300,.T.);
#3300 = EDGE_CURVE('',#3277,#3269,#3301,.T.);
#3301 = CIRCLE('',#3302,17.);
#3302 = AXIS2_PLACEMENT_3D('',#3303,#3304,#3305);
#3303 = CARTESIAN_POINT('',(0.,0.,-10.75));
#3304 = DIRECTION('',(0.,0.,1.));
#3305 = DIRECTION('',(1.,0.,0.));
#3306 = ORIENTED_EDGE('',*,*,#3268,.T.);
#3307 = CYLINDRICAL_SURFACE('',#3308,17.);
#3308 = AXIS2_PLACEMENT_3D('',#3309,#3310,#3311);
#3309 = CARTESIAN_POINT('',(0.,0.,-10.95));
#3310 = DIRECTION('',(0.,0.,1.));
#3311 = DIRECTION('',(1.,0.,0.));
#3312 = ADVANCED_FACE('',(#3313),#3339,.F.);
#3313 = FACE_BOUND('',#3314,.F.);
#3314 = EDGE_LOOP('',(#3315,#3326,#3332,#3333));
#3315 = ORIENTED_EDGE('',*,*,#3316,.T.);
#3316 = EDGE_CURVE('',#3317,#3319,#3321,.T.);
#3317 = VERTEX_POINT('',#3318);
#3318 = CARTESIAN_POINT('',(-9.4,-14.1647449677,-10.75));
#3319 = VERTEX_POINT('',#3320);
#3320 = CARTESIAN_POINT('',(-6.6,-15.66652482205,-10.75));
#3321 = CIRCLE('',#3322,17.);
#3322 = AXIS2_PLACEMENT_3D('',#3323,#3324,#3325);
#3323 = CARTESIAN_POINT('',(0.,0.,-10.75));
#3324 = DIRECTION('',(0.,0.,1.));
#3325 = DIRECTION('',(1.,0.,0.));
#3326 = ORIENTED_EDGE('',*,*,#3327,.T.);
#3327 = EDGE_CURVE('',#3319,#1287,#3328,.T.);
#3328 = LINE('',#3329,#3330);
#3329 = CARTESIAN_POINT('',(-6.6,-15.66652482205,-10.95));
#3330 = VECTOR('',#3331,1.);
#3331 = DIRECTION('',(0.,0.,1.));
#3332 = ORIENTED_EDGE('',*,*,#1284,.F.);
#3333 = ORIENTED_EDGE('',*,*,#3334,.F.);
#3334 = EDGE_CURVE('',#3317,#1285,#3335,.T.);
#3335 = LINE('',#3336,#3337);
#3336 = CARTESIAN_POINT('',(-9.4,-14.1647449677,-10.95));
#3337 = VECTOR('',#3338,1.);
#3338 = DIRECTION('',(0.,0.,1.));
#3339 = CYLINDRICAL_SURFACE('',#3340,17.);
#3340 = AXIS2_PLACEMENT_3D('',#3341,#3342,#3343);
#3341 = CARTESIAN_POINT('',(0.,0.,-10.95));
#3342 = DIRECTION('',(0.,0.,1.));
#3343 = DIRECTION('',(1.,0.,0.));
#3344 = ADVANCED_FACE('',(#3345),#3363,.T.);
#3345 = FACE_BOUND('',#3346,.T.);
#3346 = EDGE_LOOP('',(#3347,#3348,#3349,#3357));
#3347 = ORIENTED_EDGE('',*,*,#1295,.F.);
#3348 = ORIENTED_EDGE('',*,*,#3334,.F.);
#3349 = ORIENTED_EDGE('',*,*,#3350,.T.);
#3350 = EDGE_CURVE('',#3317,#3351,#3353,.T.);
#3351 = VERTEX_POINT('',#3352);
#3352 = CARTESIAN_POINT('',(-9.4,14.164744967701,-10.75));
#3353 = LINE('',#3354,#3355);
#3354 = CARTESIAN_POINT('',(-9.4,-9.,-10.75));
#3355 = VECTOR('',#3356,1.);
#3356 = DIRECTION('',(0.,1.,0.));
#3357 = ORIENTED_EDGE('',*,*,#3358,.T.);
#3358 = EDGE_CURVE('',#3351,#1296,#3359,.T.);
#3359 = LINE('',#3360,#3361);
#3360 = CARTESIAN_POINT('',(-9.4,14.164744967701,-10.95));
#3361 = VECTOR('',#3362,1.);
#3362 = DIRECTION('',(0.,0.,1.));
#3363 = PLANE('',#3364);
#3364 = AXIS2_PLACEMENT_3D('',#3365,#3366,#3367);
#3365 = CARTESIAN_POINT('',(-9.4,-18.,-10.95));
#3366 = DIRECTION('',(1.,0.,0.));
#3367 = DIRECTION('',(0.,0.,1.));
#3368 = ADVANCED_FACE('',(#3369),#3387,.F.);
#3369 = FACE_BOUND('',#3370,.F.);
#3370 = EDGE_LOOP('',(#3371,#3372,#3373,#3381));
#3371 = ORIENTED_EDGE('',*,*,#1312,.F.);
#3372 = ORIENTED_EDGE('',*,*,#3327,.F.);
#3373 = ORIENTED_EDGE('',*,*,#3374,.T.);
#3374 = EDGE_CURVE('',#3319,#3375,#3377,.T.);
#3375 = VERTEX_POINT('',#3376);
#3376 = CARTESIAN_POINT('',(-6.6,15.666524822053,-10.75));
#3377 = LINE('',#3378,#3379);
#3378 = CARTESIAN_POINT('',(-6.6,-9.,-10.75));
#3379 = VECTOR('',#3380,1.);
#3380 = DIRECTION('',(0.,1.,0.));
#3381 = ORIENTED_EDGE('',*,*,#3382,.T.);
#3382 = EDGE_CURVE('',#3375,#1304,#3383,.T.);
#3383 = LINE('',#3384,#3385);
#3384 = CARTESIAN_POINT('',(-6.6,15.666524822053,-10.95));
#3385 = VECTOR('',#3386,1.);
#3386 = DIRECTION('',(0.,0.,1.));
#3387 = PLANE('',#3388);
#3388 = AXIS2_PLACEMENT_3D('',#3389,#3390,#3391);
#3389 = CARTESIAN_POINT('',(-6.6,-18.,-10.95));
#3390 = DIRECTION('',(1.,0.,0.));
#3391 = DIRECTION('',(0.,0.,1.));
#3392 = ADVANCED_FACE('',(#3393),#3405,.F.);
#3393 = FACE_BOUND('',#3394,.F.);
#3394 = EDGE_LOOP('',(#3395,#3396,#3397,#3404));
#3395 = ORIENTED_EDGE('',*,*,#1303,.F.);
#3396 = ORIENTED_EDGE('',*,*,#3382,.F.);
#3397 = ORIENTED_EDGE('',*,*,#3398,.T.);
#3398 = EDGE_CURVE('',#3375,#3351,#3399,.T.);
#3399 = CIRCLE('',#3400,17.);
#3400 = AXIS2_PLACEMENT_3D('',#3401,#3402,#3403);
#3401 = CARTESIAN_POINT('',(0.,0.,-10.75));
#3402 = DIRECTION('',(0.,0.,1.));
#3403 = DIRECTION('',(1.,0.,0.));
#3404 = ORIENTED_EDGE('',*,*,#3358,.T.);
#3405 = CYLINDRICAL_SURFACE('',#3406,17.);
#3406 = AXIS2_PLACEMENT_3D('',#3407,#3408,#3409);
#3407 = CARTESIAN_POINT('',(0.,0.,-10.95));
#3408 = DIRECTION('',(0.,0.,1.));
#3409 = DIRECTION('',(1.,0.,0.));
#3410 = ADVANCED_FACE('',(#3411),#3437,.F.);
#3411 = FACE_BOUND('',#3412,.F.);
#3412 = EDGE_LOOP('',(#3413,#3424,#3430,#3431));
#3413 = ORIENTED_EDGE('',*,*,#3414,.T.);
#3414 = EDGE_CURVE('',#3415,#3417,#3419,.T.);
#3415 = VERTEX_POINT('',#3416);
#3416 = CARTESIAN_POINT('',(-5.4,-16.11955334368,-10.75));
#3417 = VERTEX_POINT('',#3418);
#3418 = CARTESIAN_POINT('',(-2.6,-16.8,-10.75));
#3419 = CIRCLE('',#3420,17.);
#3420 = AXIS2_PLACEMENT_3D('',#3421,#3422,#3423);
#3421 = CARTESIAN_POINT('',(0.,0.,-10.75));
#3422 = DIRECTION('',(0.,0.,1.));
#3423 = DIRECTION('',(1.,0.,0.));
#3424 = ORIENTED_EDGE('',*,*,#3425,.T.);
#3425 = EDGE_CURVE('',#3417,#1323,#3426,.T.);
#3426 = LINE('',#3427,#3428);
#3427 = CARTESIAN_POINT('',(-2.6,-16.8,-10.95));
#3428 = VECTOR('',#3429,1.);
#3429 = DIRECTION('',(0.,0.,1.));
#3430 = ORIENTED_EDGE('',*,*,#1320,.F.);
#3431 = ORIENTED_EDGE('',*,*,#3432,.F.);
#3432 = EDGE_CURVE('',#3415,#1321,#3433,.T.);
#3433 = LINE('',#3434,#3435);
#3434 = CARTESIAN_POINT('',(-5.4,-16.11955334368,-10.95));
#3435 = VECTOR('',#3436,1.);
#3436 = DIRECTION('',(0.,0.,1.));
#3437 = CYLINDRICAL_SURFACE('',#3438,17.);
#3438 = AXIS2_PLACEMENT_3D('',#3439,#3440,#3441);
#3439 = CARTESIAN_POINT('',(0.,0.,-10.95));
#3440 = DIRECTION('',(0.,0.,1.));
#3441 = DIRECTION('',(1.,0.,0.));
#3442 = ADVANCED_FACE('',(#3443),#3461,.T.);
#3443 = FACE_BOUND('',#3444,.T.);
#3444 = EDGE_LOOP('',(#3445,#3446,#3447,#3455));
#3445 = ORIENTED_EDGE('',*,*,#1331,.F.);
#3446 = ORIENTED_EDGE('',*,*,#3432,.F.);
#3447 = ORIENTED_EDGE('',*,*,#3448,.T.);
#3448 = EDGE_CURVE('',#3415,#3449,#3451,.T.);
#3449 = VERTEX_POINT('',#3450);
#3450 = CARTESIAN_POINT('',(-5.4,16.119553343688,-10.75));
#3451 = LINE('',#3452,#3453);
#3452 = CARTESIAN_POINT('',(-5.4,-9.,-10.75));
#3453 = VECTOR('',#3454,1.);
#3454 = DIRECTION('',(0.,1.,0.));
#3455 = ORIENTED_EDGE('',*,*,#3456,.T.);
#3456 = EDGE_CURVE('',#3449,#1332,#3457,.T.);
#3457 = LINE('',#3458,#3459);
#3458 = CARTESIAN_POINT('',(-5.4,16.119553343688,-10.95));
#3459 = VECTOR('',#3460,1.);
#3460 = DIRECTION('',(0.,0.,1.));
#3461 = PLANE('',#3462);
#3462 = AXIS2_PLACEMENT_3D('',#3463,#3464,#3465);
#3463 = CARTESIAN_POINT('',(-5.4,-18.,-10.95));
#3464 = DIRECTION('',(1.,0.,0.));
#3465 = DIRECTION('',(0.,0.,1.));
#3466 = ADVANCED_FACE('',(#3467),#3485,.F.);
#3467 = FACE_BOUND('',#3468,.F.);
#3468 = EDGE_LOOP('',(#3469,#3470,#3471,#3479));
#3469 = ORIENTED_EDGE('',*,*,#1348,.F.);
#3470 = ORIENTED_EDGE('',*,*,#3425,.F.);
#3471 = ORIENTED_EDGE('',*,*,#3472,.T.);
#3472 = EDGE_CURVE('',#3417,#3473,#3475,.T.);
#3473 = VERTEX_POINT('',#3474);
#3474 = CARTESIAN_POINT('',(-2.6,16.8,-10.75));
#3475 = LINE('',#3476,#3477);
#3476 = CARTESIAN_POINT('',(-2.6,-9.,-10.75));
#3477 = VECTOR('',#3478,1.);
#3478 = DIRECTION('',(0.,1.,0.));
#3479 = ORIENTED_EDGE('',*,*,#3480,.T.);
#3480 = EDGE_CURVE('',#3473,#1340,#3481,.T.);
#3481 = LINE('',#3482,#3483);
#3482 = CARTESIAN_POINT('',(-2.6,16.8,-10.95));
#3483 = VECTOR('',#3484,1.);
#3484 = DIRECTION('',(0.,0.,1.));
#3485 = PLANE('',#3486);
#3486 = AXIS2_PLACEMENT_3D('',#3487,#3488,#3489);
#3487 = CARTESIAN_POINT('',(-2.6,-18.,-10.95));
#3488 = DIRECTION('',(1.,0.,0.));
#3489 = DIRECTION('',(0.,0.,1.));
#3490 = ADVANCED_FACE('',(#3491),#3503,.F.);
#3491 = FACE_BOUND('',#3492,.F.);
#3492 = EDGE_LOOP('',(#3493,#3494,#3495,#3502));
#3493 = ORIENTED_EDGE('',*,*,#1339,.F.);
#3494 = ORIENTED_EDGE('',*,*,#3480,.F.);
#3495 = ORIENTED_EDGE('',*,*,#3496,.T.);
#3496 = EDGE_CURVE('',#3473,#3449,#3497,.T.);
#3497 = CIRCLE('',#3498,17.);
#3498 = AXIS2_PLACEMENT_3D('',#3499,#3500,#3501);
#3499 = CARTESIAN_POINT('',(0.,0.,-10.75));
#3500 = DIRECTION('',(0.,0.,1.));
#3501 = DIRECTION('',(1.,0.,0.));
#3502 = ORIENTED_EDGE('',*,*,#3456,.T.);
#3503 = CYLINDRICAL_SURFACE('',#3504,17.);
#3504 = AXIS2_PLACEMENT_3D('',#3505,#3506,#3507);
#3505 = CARTESIAN_POINT('',(0.,0.,-10.95));
#3506 = DIRECTION('',(0.,0.,1.));
#3507 = DIRECTION('',(1.,0.,0.));
#3508 = ADVANCED_FACE('',(#3509),#3535,.F.);
#3509 = FACE_BOUND('',#3510,.F.);
#3510 = EDGE_LOOP('',(#3511,#3522,#3528,#3529));
#3511 = ORIENTED_EDGE('',*,*,#3512,.T.);
#3512 = EDGE_CURVE('',#3513,#3515,#3517,.T.);
#3513 = VERTEX_POINT('',#3514);
#3514 = CARTESIAN_POINT('',(-1.4,-16.94225486763,-10.75));
#3515 = VERTEX_POINT('',#3516);
#3516 = CARTESIAN_POINT('',(1.4,-16.94225486763,-10.75));
#3517 = CIRCLE('',#3518,17.);
#3518 = AXIS2_PLACEMENT_3D('',#3519,#3520,#3521);
#3519 = CARTESIAN_POINT('',(0.,0.,-10.75));
#3520 = DIRECTION('',(0.,0.,1.));
#3521 = DIRECTION('',(1.,0.,0.));
#3522 = ORIENTED_EDGE('',*,*,#3523,.T.);
#3523 = EDGE_CURVE('',#3515,#1359,#3524,.T.);
#3524 = LINE('',#3525,#3526);
#3525 = CARTESIAN_POINT('',(1.4,-16.94225486763,-10.95));
#3526 = VECTOR('',#3527,1.);
#3527 = DIRECTION('',(0.,0.,1.));
#3528 = ORIENTED_EDGE('',*,*,#1356,.F.);
#3529 = ORIENTED_EDGE('',*,*,#3530,.F.);
#3530 = EDGE_CURVE('',#3513,#1357,#3531,.T.);
#3531 = LINE('',#3532,#3533);
#3532 = CARTESIAN_POINT('',(-1.4,-16.94225486763,-10.95));
#3533 = VECTOR('',#3534,1.);
#3534 = DIRECTION('',(0.,0.,1.));
#3535 = CYLINDRICAL_SURFACE('',#3536,17.);
#3536 = AXIS2_PLACEMENT_3D('',#3537,#3538,#3539);
#3537 = CARTESIAN_POINT('',(0.,0.,-10.95));
#3538 = DIRECTION('',(0.,0.,1.));
#3539 = DIRECTION('',(1.,0.,0.));
#3540 = ADVANCED_FACE('',(#3541),#3559,.T.);
#3541 = FACE_BOUND('',#3542,.T.);
#3542 = EDGE_LOOP('',(#3543,#3544,#3545,#3553));
#3543 = ORIENTED_EDGE('',*,*,#1367,.F.);
#3544 = ORIENTED_EDGE('',*,*,#3530,.F.);
#3545 = ORIENTED_EDGE('',*,*,#3546,.T.);
#3546 = EDGE_CURVE('',#3513,#3547,#3549,.T.);
#3547 = VERTEX_POINT('',#3548);
#3548 = CARTESIAN_POINT('',(-1.4,16.942254867638,-10.75));
#3549 = LINE('',#3550,#3551);
#3550 = CARTESIAN_POINT('',(-1.4,-9.,-10.75));
#3551 = VECTOR('',#3552,1.);
#3552 = DIRECTION('',(0.,1.,0.));
#3553 = ORIENTED_EDGE('',*,*,#3554,.T.);
#3554 = EDGE_CURVE('',#3547,#1368,#3555,.T.);
#3555 = LINE('',#3556,#3557);
#3556 = CARTESIAN_POINT('',(-1.4,16.942254867638,-10.95));
#3557 = VECTOR('',#3558,1.);
#3558 = DIRECTION('',(0.,0.,1.));
#3559 = PLANE('',#3560);
#3560 = AXIS2_PLACEMENT_3D('',#3561,#3562,#3563);
#3561 = CARTESIAN_POINT('',(-1.4,-18.,-10.95));
#3562 = DIRECTION('',(1.,0.,0.));
#3563 = DIRECTION('',(0.,0.,1.));
#3564 = ADVANCED_FACE('',(#3565),#3583,.F.);
#3565 = FACE_BOUND('',#3566,.F.);
#3566 = EDGE_LOOP('',(#3567,#3568,#3569,#3577));
#3567 = ORIENTED_EDGE('',*,*,#1384,.F.);
#3568 = ORIENTED_EDGE('',*,*,#3523,.F.);
#3569 = ORIENTED_EDGE('',*,*,#3570,.T.);
#3570 = EDGE_CURVE('',#3515,#3571,#3573,.T.);
#3571 = VERTEX_POINT('',#3572);
#3572 = CARTESIAN_POINT('',(1.4,16.942254867638,-10.75));
#3573 = LINE('',#3574,#3575);
#3574 = CARTESIAN_POINT('',(1.4,-9.,-10.75));
#3575 = VECTOR('',#3576,1.);
#3576 = DIRECTION('',(0.,1.,0.));
#3577 = ORIENTED_EDGE('',*,*,#3578,.T.);
#3578 = EDGE_CURVE('',#3571,#1376,#3579,.T.);
#3579 = LINE('',#3580,#3581);
#3580 = CARTESIAN_POINT('',(1.4,16.942254867638,-10.95));
#3581 = VECTOR('',#3582,1.);
#3582 = DIRECTION('',(0.,0.,1.));
#3583 = PLANE('',#3584);
#3584 = AXIS2_PLACEMENT_3D('',#3585,#3586,#3587);
#3585 = CARTESIAN_POINT('',(1.4,-18.,-10.95));
#3586 = DIRECTION('',(1.,0.,0.));
#3587 = DIRECTION('',(0.,0.,1.));
#3588 = ADVANCED_FACE('',(#3589),#3601,.F.);
#3589 = FACE_BOUND('',#3590,.F.);
#3590 = EDGE_LOOP('',(#3591,#3592,#3593,#3600));
#3591 = ORIENTED_EDGE('',*,*,#1375,.F.);
#3592 = ORIENTED_EDGE('',*,*,#3578,.F.);
#3593 = ORIENTED_EDGE('',*,*,#3594,.T.);
#3594 = EDGE_CURVE('',#3571,#3547,#3595,.T.);
#3595 = CIRCLE('',#3596,17.);
#3596 = AXIS2_PLACEMENT_3D('',#3597,#3598,#3599);
#3597 = CARTESIAN_POINT('',(0.,0.,-10.75));
#3598 = DIRECTION('',(0.,0.,1.));
#3599 = DIRECTION('',(1.,0.,0.));
#3600 = ORIENTED_EDGE('',*,*,#3554,.T.);
#3601 = CYLINDRICAL_SURFACE('',#3602,17.);
#3602 = AXIS2_PLACEMENT_3D('',#3603,#3604,#3605);
#3603 = CARTESIAN_POINT('',(0.,0.,-10.95));
#3604 = DIRECTION('',(0.,0.,1.));
#3605 = DIRECTION('',(1.,0.,0.));
#3606 = ADVANCED_FACE('',(#3607),#3633,.F.);
#3607 = FACE_BOUND('',#3608,.F.);
#3608 = EDGE_LOOP('',(#3609,#3620,#3626,#3627));
#3609 = ORIENTED_EDGE('',*,*,#3610,.T.);
#3610 = EDGE_CURVE('',#3611,#3613,#3615,.T.);
#3611 = VERTEX_POINT('',#3612);
#3612 = CARTESIAN_POINT('',(2.6,-16.8,-10.75));
#3613 = VERTEX_POINT('',#3614);
#3614 = CARTESIAN_POINT('',(5.4,-16.11955334368,-10.75));
#3615 = CIRCLE('',#3616,17.);
#3616 = AXIS2_PLACEMENT_3D('',#3617,#3618,#3619);
#3617 = CARTESIAN_POINT('',(0.,0.,-10.75));
#3618 = DIRECTION('',(0.,0.,1.));
#3619 = DIRECTION('',(1.,0.,0.));
#3620 = ORIENTED_EDGE('',*,*,#3621,.T.);
#3621 = EDGE_CURVE('',#3613,#1395,#3622,.T.);
#3622 = LINE('',#3623,#3624);
#3623 = CARTESIAN_POINT('',(5.4,-16.11955334368,-10.95));
#3624 = VECTOR('',#3625,1.);
#3625 = DIRECTION('',(0.,0.,1.));
#3626 = ORIENTED_EDGE('',*,*,#1392,.F.);
#3627 = ORIENTED_EDGE('',*,*,#3628,.F.);
#3628 = EDGE_CURVE('',#3611,#1393,#3629,.T.);
#3629 = LINE('',#3630,#3631);
#3630 = CARTESIAN_POINT('',(2.6,-16.8,-10.95));
#3631 = VECTOR('',#3632,1.);
#3632 = DIRECTION('',(0.,0.,1.));
#3633 = CYLINDRICAL_SURFACE('',#3634,17.);
#3634 = AXIS2_PLACEMENT_3D('',#3635,#3636,#3637);
#3635 = CARTESIAN_POINT('',(0.,0.,-10.95));
#3636 = DIRECTION('',(0.,0.,1.));
#3637 = DIRECTION('',(1.,0.,0.));
#3638 = ADVANCED_FACE('',(#3639),#3657,.T.);
#3639 = FACE_BOUND('',#3640,.T.);
#3640 = EDGE_LOOP('',(#3641,#3642,#3643,#3651));
#3641 = ORIENTED_EDGE('',*,*,#1403,.F.);
#3642 = ORIENTED_EDGE('',*,*,#3628,.F.);
#3643 = ORIENTED_EDGE('',*,*,#3644,.T.);
#3644 = EDGE_CURVE('',#3611,#3645,#3647,.T.);
#3645 = VERTEX_POINT('',#3646);
#3646 = CARTESIAN_POINT('',(2.6,16.8,-10.75));
#3647 = LINE('',#3648,#3649);
#3648 = CARTESIAN_POINT('',(2.6,-9.,-10.75));
#3649 = VECTOR('',#3650,1.);
#3650 = DIRECTION('',(0.,1.,0.));
#3651 = ORIENTED_EDGE('',*,*,#3652,.T.);
#3652 = EDGE_CURVE('',#3645,#1404,#3653,.T.);
#3653 = LINE('',#3654,#3655);
#3654 = CARTESIAN_POINT('',(2.6,16.8,-10.95));
#3655 = VECTOR('',#3656,1.);
#3656 = DIRECTION('',(0.,0.,1.));
#3657 = PLANE('',#3658);
#3658 = AXIS2_PLACEMENT_3D('',#3659,#3660,#3661);
#3659 = CARTESIAN_POINT('',(2.6,-18.,-10.95));
#3660 = DIRECTION('',(1.,0.,0.));
#3661 = DIRECTION('',(0.,0.,1.));
#3662 = ADVANCED_FACE('',(#3663),#3681,.F.);
#3663 = FACE_BOUND('',#3664,.F.);
#3664 = EDGE_LOOP('',(#3665,#3666,#3667,#3675));
#3665 = ORIENTED_EDGE('',*,*,#1420,.F.);
#3666 = ORIENTED_EDGE('',*,*,#3621,.F.);
#3667 = ORIENTED_EDGE('',*,*,#3668,.T.);
#3668 = EDGE_CURVE('',#3613,#3669,#3671,.T.);
#3669 = VERTEX_POINT('',#3670);
#3670 = CARTESIAN_POINT('',(5.4,16.119553343688,-10.75));
#3671 = LINE('',#3672,#3673);
#3672 = CARTESIAN_POINT('',(5.4,-9.,-10.75));
#3673 = VECTOR('',#3674,1.);
#3674 = DIRECTION('',(0.,1.,0.));
#3675 = ORIENTED_EDGE('',*,*,#3676,.T.);
#3676 = EDGE_CURVE('',#3669,#1412,#3677,.T.);
#3677 = LINE('',#3678,#3679);
#3678 = CARTESIAN_POINT('',(5.4,16.119553343688,-10.95));
#3679 = VECTOR('',#3680,1.);
#3680 = DIRECTION('',(0.,0.,1.));
#3681 = PLANE('',#3682);
#3682 = AXIS2_PLACEMENT_3D('',#3683,#3684,#3685);
#3683 = CARTESIAN_POINT('',(5.4,-18.,-10.95));
#3684 = DIRECTION('',(1.,0.,0.));
#3685 = DIRECTION('',(0.,0.,1.));
#3686 = ADVANCED_FACE('',(#3687),#3699,.F.);
#3687 = FACE_BOUND('',#3688,.F.);
#3688 = EDGE_LOOP('',(#3689,#3690,#3691,#3698));
#3689 = ORIENTED_EDGE('',*,*,#1411,.F.);
#3690 = ORIENTED_EDGE('',*,*,#3676,.F.);
#3691 = ORIENTED_EDGE('',*,*,#3692,.T.);
#3692 = EDGE_CURVE('',#3669,#3645,#3693,.T.);
#3693 = CIRCLE('',#3694,17.);
#3694 = AXIS2_PLACEMENT_3D('',#3695,#3696,#3697);
#3695 = CARTESIAN_POINT('',(0.,0.,-10.75));
#3696 = DIRECTION('',(0.,0.,1.));
#3697 = DIRECTION('',(1.,0.,0.));
#3698 = ORIENTED_EDGE('',*,*,#3652,.T.);
#3699 = CYLINDRICAL_SURFACE('',#3700,17.);
#3700 = AXIS2_PLACEMENT_3D('',#3701,#3702,#3703);
#3701 = CARTESIAN_POINT('',(0.,0.,-10.95));
#3702 = DIRECTION('',(0.,0.,1.));
#3703 = DIRECTION('',(1.,0.,0.));
#3704 = ADVANCED_FACE('',(#3705),#3731,.F.);
#3705 = FACE_BOUND('',#3706,.F.);
#3706 = EDGE_LOOP('',(#3707,#3718,#3724,#3725));
#3707 = ORIENTED_EDGE('',*,*,#3708,.T.);
#3708 = EDGE_CURVE('',#3709,#3711,#3713,.T.);
#3709 = VERTEX_POINT('',#3710);
#3710 = CARTESIAN_POINT('',(6.6,-15.66652482205,-10.75));
#3711 = VERTEX_POINT('',#3712);
#3712 = CARTESIAN_POINT('',(9.4,-14.1647449677,-10.75));
#3713 = CIRCLE('',#3714,17.);
#3714 = AXIS2_PLACEMENT_3D('',#3715,#3716,#3717);
#3715 = CARTESIAN_POINT('',(0.,0.,-10.75));
#3716 = DIRECTION('',(0.,0.,1.));
#3717 = DIRECTION('',(1.,0.,0.));
#3718 = ORIENTED_EDGE('',*,*,#3719,.T.);
#3719 = EDGE_CURVE('',#3711,#1431,#3720,.T.);
#3720 = LINE('',#3721,#3722);
#3721 = CARTESIAN_POINT('',(9.4,-14.1647449677,-10.95));
#3722 = VECTOR('',#3723,1.);
#3723 = DIRECTION('',(0.,0.,1.));
#3724 = ORIENTED_EDGE('',*,*,#1428,.F.);
#3725 = ORIENTED_EDGE('',*,*,#3726,.F.);
#3726 = EDGE_CURVE('',#3709,#1429,#3727,.T.);
#3727 = LINE('',#3728,#3729);
#3728 = CARTESIAN_POINT('',(6.6,-15.66652482205,-10.95));
#3729 = VECTOR('',#3730,1.);
#3730 = DIRECTION('',(0.,0.,1.));
#3731 = CYLINDRICAL_SURFACE('',#3732,17.);
#3732 = AXIS2_PLACEMENT_3D('',#3733,#3734,#3735);
#3733 = CARTESIAN_POINT('',(0.,0.,-10.95));
#3734 = DIRECTION('',(0.,0.,1.));
#3735 = DIRECTION('',(1.,0.,0.));
#3736 = ADVANCED_FACE('',(#3737),#3755,.T.);
#3737 = FACE_BOUND('',#3738,.T.);
#3738 = EDGE_LOOP('',(#3739,#3740,#3741,#3749));
#3739 = ORIENTED_EDGE('',*,*,#1439,.F.);
#3740 = ORIENTED_EDGE('',*,*,#3726,.F.);
#3741 = ORIENTED_EDGE('',*,*,#3742,.T.);
#3742 = EDGE_CURVE('',#3709,#3743,#3745,.T.);
#3743 = VERTEX_POINT('',#3744);
#3744 = CARTESIAN_POINT('',(6.6,15.666524822053,-10.75));
#3745 = LINE('',#3746,#3747);
#3746 = CARTESIAN_POINT('',(6.6,-9.,-10.75));
#3747 = VECTOR('',#3748,1.);
#3748 = DIRECTION('',(0.,1.,0.));
#3749 = ORIENTED_EDGE('',*,*,#3750,.T.);
#3750 = EDGE_CURVE('',#3743,#1440,#3751,.T.);
#3751 = LINE('',#3752,#3753);
#3752 = CARTESIAN_POINT('',(6.6,15.666524822053,-10.95));
#3753 = VECTOR('',#3754,1.);
#3754 = DIRECTION('',(0.,0.,1.));
#3755 = PLANE('',#3756);
#3756 = AXIS2_PLACEMENT_3D('',#3757,#3758,#3759);
#3757 = CARTESIAN_POINT('',(6.6,-18.,-10.95));
#3758 = DIRECTION('',(1.,0.,0.));
#3759 = DIRECTION('',(0.,0.,1.));
#3760 = ADVANCED_FACE('',(#3761),#3779,.F.);
#3761 = FACE_BOUND('',#3762,.F.);
#3762 = EDGE_LOOP('',(#3763,#3764,#3765,#3773));
#3763 = ORIENTED_EDGE('',*,*,#1456,.F.);
#3764 = ORIENTED_EDGE('',*,*,#3719,.F.);
#3765 = ORIENTED_EDGE('',*,*,#3766,.T.);
#3766 = EDGE_CURVE('',#3711,#3767,#3769,.T.);
#3767 = VERTEX_POINT('',#3768);
#3768 = CARTESIAN_POINT('',(9.4,14.164744967701,-10.75));
#3769 = LINE('',#3770,#3771);
#3770 = CARTESIAN_POINT('',(9.4,-9.,-10.75));
#3771 = VECTOR('',#3772,1.);
#3772 = DIRECTION('',(0.,1.,0.));
#3773 = ORIENTED_EDGE('',*,*,#3774,.T.);
#3774 = EDGE_CURVE('',#3767,#1448,#3775,.T.);
#3775 = LINE('',#3776,#3777);
#3776 = CARTESIAN_POINT('',(9.4,14.164744967701,-10.95));
#3777 = VECTOR('',#3778,1.);
#3778 = DIRECTION('',(0.,0.,1.));
#3779 = PLANE('',#3780);
#3780 = AXIS2_PLACEMENT_3D('',#3781,#3782,#3783);
#3781 = CARTESIAN_POINT('',(9.4,-18.,-10.95));
#3782 = DIRECTION('',(1.,0.,0.));
#3783 = DIRECTION('',(0.,0.,1.));
#3784 = ADVANCED_FACE('',(#3785),#3797,.F.);
#3785 = FACE_BOUND('',#3786,.F.);
#3786 = EDGE_LOOP('',(#3787,#3788,#3789,#3796));
#3787 = ORIENTED_EDGE('',*,*,#1447,.F.);
#3788 = ORIENTED_EDGE('',*,*,#3774,.F.);
#3789 = ORIENTED_EDGE('',*,*,#3790,.T.);
#3790 = EDGE_CURVE('',#3767,#3743,#3791,.T.);
#3791 = CIRCLE('',#3792,17.);
#3792 = AXIS2_PLACEMENT_3D('',#3793,#3794,#3795);
#3793 = CARTESIAN_POINT('',(0.,0.,-10.75));
#3794 = DIRECTION('',(0.,0.,1.));
#3795 = DIRECTION('',(1.,0.,0.));
#3796 = ORIENTED_EDGE('',*,*,#3750,.T.);
#3797 = CYLINDRICAL_SURFACE('',#3798,17.);
#3798 = AXIS2_PLACEMENT_3D('',#3799,#3800,#3801);
#3799 = CARTESIAN_POINT('',(0.,0.,-10.95));
#3800 = DIRECTION('',(0.,0.,1.));
#3801 = DIRECTION('',(1.,0.,0.));
#3802 = ADVANCED_FACE('',(#3803),#3829,.F.);
#3803 = FACE_BOUND('',#3804,.F.);
#3804 = EDGE_LOOP('',(#3805,#3816,#3822,#3823));
#3805 = ORIENTED_EDGE('',*,*,#3806,.T.);
#3806 = EDGE_CURVE('',#3807,#3809,#3811,.T.);
#3807 = VERTEX_POINT('',#3808);
#3808 = CARTESIAN_POINT('',(10.6,-13.29059818066,-10.75));
#3809 = VERTEX_POINT('',#3810);
#3810 = CARTESIAN_POINT('',(13.4,-10.46135746449,-10.75));
#3811 = CIRCLE('',#3812,17.);
#3812 = AXIS2_PLACEMENT_3D('',#3813,#3814,#3815);
#3813 = CARTESIAN_POINT('',(0.,0.,-10.75));
#3814 = DIRECTION('',(0.,0.,1.));
#3815 = DIRECTION('',(1.,0.,0.));
#3816 = ORIENTED_EDGE('',*,*,#3817,.T.);
#3817 = EDGE_CURVE('',#3809,#1467,#3818,.T.);
#3818 = LINE('',#3819,#3820);
#3819 = CARTESIAN_POINT('',(13.4,-10.46135746449,-10.95));
#3820 = VECTOR('',#3821,1.);
#3821 = DIRECTION('',(0.,0.,1.));
#3822 = ORIENTED_EDGE('',*,*,#1464,.F.);
#3823 = ORIENTED_EDGE('',*,*,#3824,.F.);
#3824 = EDGE_CURVE('',#3807,#1465,#3825,.T.);
#3825 = LINE('',#3826,#3827);
#3826 = CARTESIAN_POINT('',(10.6,-13.29059818066,-10.95));
#3827 = VECTOR('',#3828,1.);
#3828 = DIRECTION('',(0.,0.,1.));
#3829 = CYLINDRICAL_SURFACE('',#3830,17.);
#3830 = AXIS2_PLACEMENT_3D('',#3831,#3832,#3833);
#3831 = CARTESIAN_POINT('',(0.,0.,-10.95));
#3832 = DIRECTION('',(0.,0.,1.));
#3833 = DIRECTION('',(1.,0.,0.));
#3834 = ADVANCED_FACE('',(#3835),#3853,.T.);
#3835 = FACE_BOUND('',#3836,.T.);
#3836 = EDGE_LOOP('',(#3837,#3838,#3839,#3847));
#3837 = ORIENTED_EDGE('',*,*,#1475,.F.);
#3838 = ORIENTED_EDGE('',*,*,#3824,.F.);
#3839 = ORIENTED_EDGE('',*,*,#3840,.T.);
#3840 = EDGE_CURVE('',#3807,#3841,#3843,.T.);
#3841 = VERTEX_POINT('',#3842);
#3842 = CARTESIAN_POINT('',(10.6,13.290598180669,-10.75));
#3843 = LINE('',#3844,#3845);
#3844 = CARTESIAN_POINT('',(10.6,-9.,-10.75));
#3845 = VECTOR('',#3846,1.);
#3846 = DIRECTION('',(0.,1.,0.));
#3847 = ORIENTED_EDGE('',*,*,#3848,.T.);
#3848 = EDGE_CURVE('',#3841,#1476,#3849,.T.);
#3849 = LINE('',#3850,#3851);
#3850 = CARTESIAN_POINT('',(10.6,13.290598180669,-10.95));
#3851 = VECTOR('',#3852,1.);
#3852 = DIRECTION('',(0.,0.,1.));
#3853 = PLANE('',#3854);
#3854 = AXIS2_PLACEMENT_3D('',#3855,#3856,#3857);
#3855 = CARTESIAN_POINT('',(10.6,-18.,-10.95));
#3856 = DIRECTION('',(1.,0.,0.));
#3857 = DIRECTION('',(0.,0.,1.));
#3858 = ADVANCED_FACE('',(#3859),#3877,.F.);
#3859 = FACE_BOUND('',#3860,.F.);
#3860 = EDGE_LOOP('',(#3861,#3862,#3863,#3871));
#3861 = ORIENTED_EDGE('',*,*,#1492,.F.);
#3862 = ORIENTED_EDGE('',*,*,#3817,.F.);
#3863 = ORIENTED_EDGE('',*,*,#3864,.T.);
#3864 = EDGE_CURVE('',#3809,#3865,#3867,.T.);
#3865 = VERTEX_POINT('',#3866);
#3866 = CARTESIAN_POINT('',(13.4,10.461357464498,-10.75));
#3867 = LINE('',#3868,#3869);
#3868 = CARTESIAN_POINT('',(13.4,-9.,-10.75));
#3869 = VECTOR('',#3870,1.);
#3870 = DIRECTION('',(0.,1.,0.));
#3871 = ORIENTED_EDGE('',*,*,#3872,.T.);
#3872 = EDGE_CURVE('',#3865,#1484,#3873,.T.);
#3873 = LINE('',#3874,#3875);
#3874 = CARTESIAN_POINT('',(13.4,10.461357464498,-10.95));
#3875 = VECTOR('',#3876,1.);
#3876 = DIRECTION('',(0.,0.,1.));
#3877 = PLANE('',#3878);
#3878 = AXIS2_PLACEMENT_3D('',#3879,#3880,#3881);
#3879 = CARTESIAN_POINT('',(13.4,-18.,-10.95));
#3880 = DIRECTION('',(1.,0.,0.));
#3881 = DIRECTION('',(0.,0.,1.));
#3882 = ADVANCED_FACE('',(#3883),#3895,.F.);
#3883 = FACE_BOUND('',#3884,.F.);
#3884 = EDGE_LOOP('',(#3885,#3886,#3887,#3894));
#3885 = ORIENTED_EDGE('',*,*,#1483,.F.);
#3886 = ORIENTED_EDGE('',*,*,#3872,.F.);
#3887 = ORIENTED_EDGE('',*,*,#3888,.T.);
#3888 = EDGE_CURVE('',#3865,#3841,#3889,.T.);
#3889 = CIRCLE('',#3890,17.);
#3890 = AXIS2_PLACEMENT_3D('',#3891,#3892,#3893);
#3891 = CARTESIAN_POINT('',(0.,0.,-10.75));
#3892 = DIRECTION('',(0.,0.,1.));
#3893 = DIRECTION('',(1.,0.,0.));
#3894 = ORIENTED_EDGE('',*,*,#3848,.T.);
#3895 = CYLINDRICAL_SURFACE('',#3896,17.);
#3896 = AXIS2_PLACEMENT_3D('',#3897,#3898,#3899);
#3897 = CARTESIAN_POINT('',(0.,0.,-10.95));
#3898 = DIRECTION('',(0.,0.,1.));
#3899 = DIRECTION('',(1.,0.,0.));
#3900 = ADVANCED_FACE('',(#3901),#3907,.F.);
#3901 = FACE_BOUND('',#3902,.F.);
#3902 = EDGE_LOOP('',(#3903,#3904,#3905,#3906));
#3903 = ORIENTED_EDGE('',*,*,#2719,.F.);
#3904 = ORIENTED_EDGE('',*,*,#2324,.T.);
#3905 = ORIENTED_EDGE('',*,*,#2702,.T.);
#3906 = ORIENTED_EDGE('',*,*,#2234,.F.);
#3907 = PLANE('',#3908);
#3908 = AXIS2_PLACEMENT_3D('',#3909,#3910,#3911);
#3909 = CARTESIAN_POINT('',(-7.,-27.9,9.3));
#3910 = DIRECTION('',(0.,1.,0.));
#3911 = DIRECTION('',(0.,0.,1.));
#3912 = ADVANCED_FACE('',(#3913),#4025,.T.);
#3913 = FACE_BOUND('',#3914,.T.);
#3914 = EDGE_LOOP('',(#3915,#3927,#3934,#3935,#3936,#3946,#3959,#3968,
    #3981,#3992,#4005,#4014));
#3915 = ORIENTED_EDGE('',*,*,#3916,.F.);
#3916 = EDGE_CURVE('',#3917,#3919,#3921,.T.);
#3917 = VERTEX_POINT('',#3918);
#3918 = CARTESIAN_POINT('',(34.09906498268,0.,6.));
#3919 = VERTEX_POINT('',#3920);
#3920 = CARTESIAN_POINT('',(33.863641751782,-4.,6.));
#3921 = B_SPLINE_CURVE_WITH_KNOTS('',4,(#3922,#3923,#3924,#3925,#3926),
  .UNSPECIFIED.,.F.,.F.,(5,5),(0.,1.),.PIECEWISE_BEZIER_KNOTS.);
#3922 = CARTESIAN_POINT('',(34.09906498268,-8.437694987151E-15,6.));
#3923 = CARTESIAN_POINT('',(34.09906498268,-1.002307712186,6.));
#3924 = CARTESIAN_POINT('',(34.059782548009,-2.004615873341,6.));
#3925 = CARTESIAN_POINT('',(33.981217677748,-3.004612741106,6.));
#3926 = CARTESIAN_POINT('',(33.863641751782,-4.,6.));
#3927 = ORIENTED_EDGE('',*,*,#3928,.T.);
#3928 = EDGE_CURVE('',#3917,#2362,#3929,.T.);
#3929 = B_SPLINE_CURVE_WITH_KNOTS('',3,(#3930,#3931,#3932,#3933),
  .UNSPECIFIED.,.F.,.F.,(4,4),(0.,1.),.PIECEWISE_BEZIER_KNOTS.);
#3930 = CARTESIAN_POINT('',(34.575,0.,4.9));
#3931 = CARTESIAN_POINT('',(33.918537414966,0.,8.233333333333));
#3932 = CARTESIAN_POINT('',(25.561576660459,0.,11.566666666667));
#3933 = CARTESIAN_POINT('',(24.7,0.,14.9));
#3934 = ORIENTED_EDGE('',*,*,#2361,.T.);
#3935 = ORIENTED_EDGE('',*,*,#3928,.F.);
#3936 = ORIENTED_EDGE('',*,*,#3937,.F.);
#3937 = EDGE_CURVE('',#3938,#3917,#3940,.T.);
#3938 = VERTEX_POINT('',#3939);
#3939 = CARTESIAN_POINT('',(33.863641751782,4.,6.));
#3940 = B_SPLINE_CURVE_WITH_KNOTS('',4,(#3941,#3942,#3943,#3944,#3945),
  .UNSPECIFIED.,.F.,.F.,(5,5),(0.,1.),.PIECEWISE_BEZIER_KNOTS.);
#3941 = CARTESIAN_POINT('',(33.863641751782,4.,6.));
#3942 = CARTESIAN_POINT('',(33.981217677748,3.004612741106,6.));
#3943 = CARTESIAN_POINT('',(34.059782548009,2.004615873341,6.));
#3944 = CARTESIAN_POINT('',(34.09906498268,1.002307712186,6.));
#3945 = CARTESIAN_POINT('',(34.09906498268,0.,6.));
#3946 = ORIENTED_EDGE('',*,*,#3947,.F.);
#3947 = EDGE_CURVE('',#3948,#3938,#3950,.T.);
#3948 = VERTEX_POINT('',#3949);
#3949 = CARTESIAN_POINT('',(34.342839501125,4.,4.9));
#3950 = B_SPLINE_CURVE_WITH_KNOTS('',7,(#3951,#3952,#3953,#3954,#3955,
    #3956,#3957,#3958),.UNSPECIFIED.,.F.,.F.,(8,8),(0.,1.),
  .PIECEWISE_BEZIER_KNOTS.);
#3951 = CARTESIAN_POINT('',(34.342839501125,4.,4.9));
#3952 = CARTESIAN_POINT('',(34.30930397986,4.,5.069140589299));
#3953 = CARTESIAN_POINT('',(34.260863424664,4.,5.235149285945));
#3954 = CARTESIAN_POINT('',(34.199471531707,4.,5.397055858609));
#3955 = CARTESIAN_POINT('',(34.127348004366,4.,5.554444663211));
#3956 = CARTESIAN_POINT('',(34.046405500038,4.,5.707224540762));
#3957 = CARTESIAN_POINT('',(33.958160884264,4.,5.855592258101));
#3958 = CARTESIAN_POINT('',(33.863641751782,4.,6.));
#3959 = ORIENTED_EDGE('',*,*,#3960,.T.);
#3960 = EDGE_CURVE('',#3948,#3961,#3963,.T.);
#3961 = VERTEX_POINT('',#3962);
#3962 = CARTESIAN_POINT('',(-34.34283950112,4.,4.9));
#3963 = CIRCLE('',#3964,34.575);
#3964 = AXIS2_PLACEMENT_3D('',#3965,#3966,#3967);
#3965 = CARTESIAN_POINT('',(0.,0.,4.9));
#3966 = DIRECTION('',(0.,0.,1.));
#3967 = DIRECTION('',(1.,0.,0.));
#3968 = ORIENTED_EDGE('',*,*,#3969,.T.);
#3969 = EDGE_CURVE('',#3961,#3970,#3972,.T.);
#3970 = VERTEX_POINT('',#3971);
#3971 = CARTESIAN_POINT('',(-33.86364175178,4.,6.));
#3972 = B_SPLINE_CURVE_WITH_KNOTS('',7,(#3973,#3974,#3975,#3976,#3977,
    #3978,#3979,#3980),.UNSPECIFIED.,.F.,.F.,(8,8),(0.,1.),
  .PIECEWISE_BEZIER_KNOTS.);
#3973 = CARTESIAN_POINT('',(-34.34283950112,4.,4.9));
#3974 = CARTESIAN_POINT('',(-34.30930397986,4.,5.069140589299));
#3975 = CARTESIAN_POINT('',(-34.26086342466,4.,5.235149285946));
#3976 = CARTESIAN_POINT('',(-34.1994715317,4.,5.397055858608));
#3977 = CARTESIAN_POINT('',(-34.12734800436,4.,5.554444663212));
#3978 = CARTESIAN_POINT('',(-34.04640550003,4.,5.707224540762));
#3979 = CARTESIAN_POINT('',(-33.95816088426,4.,5.855592258102));
#3980 = CARTESIAN_POINT('',(-33.86364175178,4.,6.));
#3981 = ORIENTED_EDGE('',*,*,#3982,.F.);
#3982 = EDGE_CURVE('',#3983,#3970,#3985,.T.);
#3983 = VERTEX_POINT('',#3984);
#3984 = CARTESIAN_POINT('',(-33.86364175178,-4.,6.));
#3985 = B_SPLINE_CURVE_WITH_KNOTS('',5,(#3986,#3987,#3988,#3989,#3990,
    #3991),.UNSPECIFIED.,.F.,.F.,(6,6),(0.,1.),
  .PIECEWISE_BEZIER_KNOTS.);
#3986 = CARTESIAN_POINT('',(-33.86364175178,-4.,6.));
#3987 = CARTESIAN_POINT('',(-34.05176291279,-2.407383099365,6.));
#3988 = CARTESIAN_POINT('',(-34.14625842795,-0.80369193668,6.));
#3989 = CARTESIAN_POINT('',(-34.14625842795,0.80369193668,6.));
#3990 = CARTESIAN_POINT('',(-34.05176291279,2.407383099365,6.));
#3991 = CARTESIAN_POINT('',(-33.86364175178,4.,6.));
#3992 = ORIENTED_EDGE('',*,*,#3993,.F.);
#3993 = EDGE_CURVE('',#3994,#3983,#3996,.T.);
#3994 = VERTEX_POINT('',#3995);
#3995 = CARTESIAN_POINT('',(-34.34283950112,-4.,4.9));
#3996 = B_SPLINE_CURVE_WITH_KNOTS('',7,(#3997,#3998,#3999,#4000,#4001,
    #4002,#4003,#4004),.UNSPECIFIED.,.F.,.F.,(8,8),(0.,1.),
  .PIECEWISE_BEZIER_KNOTS.);
#3997 = CARTESIAN_POINT('',(-34.34283950112,-4.,4.9));
#3998 = CARTESIAN_POINT('',(-34.30930397986,-4.,5.069140589299));
#3999 = CARTESIAN_POINT('',(-34.26086342466,-4.,5.235149285946));
#4000 = CARTESIAN_POINT('',(-34.1994715317,-4.,5.397055858609));
#4001 = CARTESIAN_POINT('',(-34.12734800436,-4.,5.554444663211));
#4002 = CARTESIAN_POINT('',(-34.04640550003,-4.,5.707224540762));
#4003 = CARTESIAN_POINT('',(-33.95816088426,-4.,5.855592258101));
#4004 = CARTESIAN_POINT('',(-33.86364175178,-4.,6.));
#4005 = ORIENTED_EDGE('',*,*,#4006,.T.);
#4006 = EDGE_CURVE('',#3994,#4007,#4009,.T.);
#4007 = VERTEX_POINT('',#4008);
#4008 = CARTESIAN_POINT('',(34.342839501125,-4.,4.9));
#4009 = CIRCLE('',#4010,34.575);
#4010 = AXIS2_PLACEMENT_3D('',#4011,#4012,#4013);
#4011 = CARTESIAN_POINT('',(0.,0.,4.9));
#4012 = DIRECTION('',(0.,0.,1.));
#4013 = DIRECTION('',(1.,0.,0.));
#4014 = ORIENTED_EDGE('',*,*,#4015,.T.);
#4015 = EDGE_CURVE('',#4007,#3919,#4016,.T.);
#4016 = B_SPLINE_CURVE_WITH_KNOTS('',7,(#4017,#4018,#4019,#4020,#4021,
    #4022,#4023,#4024),.UNSPECIFIED.,.F.,.F.,(8,8),(0.,1.),
  .PIECEWISE_BEZIER_KNOTS.);
#4017 = CARTESIAN_POINT('',(34.342839501125,-4.,4.9));
#4018 = CARTESIAN_POINT('',(34.30930397986,-4.,5.069140589299));
#4019 = CARTESIAN_POINT('',(34.260863424663,-4.,5.235149285946));
#4020 = CARTESIAN_POINT('',(34.199471531708,-4.,5.397055858609));
#4021 = CARTESIAN_POINT('',(34.127348004365,-4.,5.554444663211));
#4022 = CARTESIAN_POINT('',(34.046405500039,-4.,5.707224540762));
#4023 = CARTESIAN_POINT('',(33.958160884264,-4.,5.855592258102));
#4024 = CARTESIAN_POINT('',(33.863641751782,-4.,6.));
#4025 = SURFACE_OF_REVOLUTION('',#4026,#4031);
#4026 = B_SPLINE_CURVE_WITH_KNOTS('',3,(#4027,#4028,#4029,#4030),
  .UNSPECIFIED.,.F.,.F.,(4,4),(0.,1.),.PIECEWISE_BEZIER_KNOTS.);
#4027 = CARTESIAN_POINT('',(34.575,0.,4.9));
#4028 = CARTESIAN_POINT('',(33.918537414966,0.,8.233333333333));
#4029 = CARTESIAN_POINT('',(25.561576660459,0.,11.566666666667));
#4030 = CARTESIAN_POINT('',(24.7,0.,14.9));
#4031 = AXIS1_PLACEMENT('',#4032,#4033);
#4032 = CARTESIAN_POINT('',(0.,0.,0.));
#4033 = DIRECTION('',(0.,0.,1.));
#4034 = ADVANCED_FACE('',(#4035),#4072,.F.);
#4035 = FACE_BOUND('',#4036,.F.);
#4036 = EDGE_LOOP('',(#4037,#4045,#4046,#4047,#4056,#4065));
#4037 = ORIENTED_EDGE('',*,*,#4038,.T.);
#4038 = EDGE_CURVE('',#4039,#2788,#4041,.T.);
#4039 = VERTEX_POINT('',#4040);
#4040 = CARTESIAN_POINT('',(-11.52474194625,-19.82084485561,0.3));
#4041 = LINE('',#4042,#4043);
#4042 = CARTESIAN_POINT('',(-11.52474194625,-19.82084485561,-3.25));
#4043 = VECTOR('',#4044,1.);
#4044 = DIRECTION('',(0.,0.,1.));
#4045 = ORIENTED_EDGE('',*,*,#2787,.F.);
#4046 = ORIENTED_EDGE('',*,*,#4038,.F.);
#4047 = ORIENTED_EDGE('',*,*,#4048,.T.);
#4048 = EDGE_CURVE('',#4039,#4049,#4051,.T.);
#4049 = VERTEX_POINT('',#4050);
#4050 = CARTESIAN_POINT('',(-13.18252966939,-18.87275580077,0.3));
#4051 = CIRCLE('',#4052,1.1);
#4052 = AXIS2_PLACEMENT_3D('',#4053,#4054,#4055);
#4053 = CARTESIAN_POINT('',(-12.62474194625,-19.82084485561,0.3));
#4054 = DIRECTION('',(0.,0.,1.));
#4055 = DIRECTION('',(1.,0.,0.));
#4056 = ORIENTED_EDGE('',*,*,#4057,.T.);
#4057 = EDGE_CURVE('',#4049,#4058,#4060,.T.);
#4058 = VERTEX_POINT('',#4059);
#4059 = CARTESIAN_POINT('',(-11.52973116157,-19.92549370384,0.3));
#4060 = CIRCLE('',#4061,1.1);
#4061 = AXIS2_PLACEMENT_3D('',#4062,#4063,#4064);
#4062 = CARTESIAN_POINT('',(-12.62474194625,-19.82084485561,0.3));
#4063 = DIRECTION('',(0.,0.,1.));
#4064 = DIRECTION('',(1.,0.,0.));
#4065 = ORIENTED_EDGE('',*,*,#4066,.T.);
#4066 = EDGE_CURVE('',#4058,#4039,#4067,.T.);
#4067 = CIRCLE('',#4068,1.1);
#4068 = AXIS2_PLACEMENT_3D('',#4069,#4070,#4071);
#4069 = CARTESIAN_POINT('',(-12.62474194625,-19.82084485561,0.3));
#4070 = DIRECTION('',(0.,0.,1.));
#4071 = DIRECTION('',(1.,0.,0.));
#4072 = CYLINDRICAL_SURFACE('',#4073,1.1);
#4073 = AXIS2_PLACEMENT_3D('',#4074,#4075,#4076);
#4074 = CARTESIAN_POINT('',(-12.62474194625,-19.82084485561,-3.25));
#4075 = DIRECTION('',(0.,0.,1.));
#4076 = DIRECTION('',(1.,0.,0.));
#4077 = ADVANCED_FACE('',(#4078),#4103,.T.);
#4078 = FACE_BOUND('',#4079,.T.);
#4079 = EDGE_LOOP('',(#4080,#4088,#4089,#4097));
#4080 = ORIENTED_EDGE('',*,*,#4081,.F.);
#4081 = EDGE_CURVE('',#2844,#4082,#4084,.T.);
#4082 = VERTEX_POINT('',#4083);
#4083 = CARTESIAN_POINT('',(-14.14740960068,-18.25818259613,0.3));
#4084 = LINE('',#4085,#4086);
#4085 = CARTESIAN_POINT('',(-14.33821490104,-18.13665055768,0.3));
#4086 = VECTOR('',#4087,1.);
#4087 = DIRECTION('',(0.843440206622,-0.537223061543,0.));
#4088 = ORIENTED_EDGE('',*,*,#2843,.F.);
#4089 = ORIENTED_EDGE('',*,*,#4090,.T.);
#4090 = EDGE_CURVE('',#2836,#4091,#4093,.T.);
#4091 = VERTEX_POINT('',#4092);
#4092 = CARTESIAN_POINT('',(-14.14740960068,-18.25818259613,-1.6));
#4093 = LINE('',#4094,#4095);
#4094 = CARTESIAN_POINT('',(-14.33821490104,-18.13665055768,-1.6));
#4095 = VECTOR('',#4096,1.);
#4096 = DIRECTION('',(0.843440206622,-0.537223061543,0.));
#4097 = ORIENTED_EDGE('',*,*,#4098,.F.);
#4098 = EDGE_CURVE('',#4082,#4091,#4099,.T.);
#4099 = LINE('',#4100,#4101);
#4100 = CARTESIAN_POINT('',(-14.14740960068,-18.25818259613,-1.6));
#4101 = VECTOR('',#4102,1.);
#4102 = DIRECTION('',(0.,0.,-1.));
#4103 = PLANE('',#4104);
#4104 = AXIS2_PLACEMENT_3D('',#4105,#4106,#4107);
#4105 = CARTESIAN_POINT('',(-14.33821490104,-18.13665055768,-1.6));
#4106 = DIRECTION('',(-0.537223061543,-0.843440206622,0.));
#4107 = DIRECTION('',(0.,0.,1.));
#4108 = ADVANCED_FACE('',(#4109),#4134,.T.);
#4109 = FACE_BOUND('',#4110,.T.);
#4110 = EDGE_LOOP('',(#4111,#4119,#4127,#4133));
#4111 = ORIENTED_EDGE('',*,*,#4112,.F.);
#4112 = EDGE_CURVE('',#4113,#2813,#4115,.T.);
#4113 = VERTEX_POINT('',#4114);
#4114 = CARTESIAN_POINT('',(-10.60159993035,-20.51666009315,0.3));
#4115 = LINE('',#4116,#4117);
#4116 = CARTESIAN_POINT('',(-14.33821490104,-18.13665055768,0.3));
#4117 = VECTOR('',#4118,1.);
#4118 = DIRECTION('',(0.843440206622,-0.537223061543,0.));
#4119 = ORIENTED_EDGE('',*,*,#4120,.F.);
#4120 = EDGE_CURVE('',#4121,#4113,#4123,.T.);
#4121 = VERTEX_POINT('',#4122);
#4122 = CARTESIAN_POINT('',(-10.60159993035,-20.51666009315,-1.6));
#4123 = LINE('',#4124,#4125);
#4124 = CARTESIAN_POINT('',(-10.60159993035,-20.51666009315,-1.6));
#4125 = VECTOR('',#4126,1.);
#4126 = DIRECTION('',(0.,0.,1.));
#4127 = ORIENTED_EDGE('',*,*,#4128,.T.);
#4128 = EDGE_CURVE('',#4121,#2805,#4129,.T.);
#4129 = LINE('',#4130,#4131);
#4130 = CARTESIAN_POINT('',(-14.33821490104,-18.13665055768,-1.6));
#4131 = VECTOR('',#4132,1.);
#4132 = DIRECTION('',(0.843440206622,-0.537223061543,0.));
#4133 = ORIENTED_EDGE('',*,*,#2812,.T.);
#4134 = PLANE('',#4135);
#4135 = AXIS2_PLACEMENT_3D('',#4136,#4137,#4138);
#4136 = CARTESIAN_POINT('',(-14.33821490104,-18.13665055768,-1.6));
#4137 = DIRECTION('',(-0.537223061543,-0.843440206622,0.));
#4138 = DIRECTION('',(0.,0.,1.));
#4139 = ADVANCED_FACE('',(#4140),#4177,.F.);
#4140 = FACE_BOUND('',#4141,.F.);
#4141 = EDGE_LOOP('',(#4142,#4150,#4151,#4152,#4161,#4170));
#4142 = ORIENTED_EDGE('',*,*,#4143,.T.);
#4143 = EDGE_CURVE('',#4144,#2873,#4146,.T.);
#4144 = VERTEX_POINT('',#4145);
#4145 = CARTESIAN_POINT('',(13.724741946254,19.820844855619,0.3));
#4146 = LINE('',#4147,#4148);
#4147 = CARTESIAN_POINT('',(13.724741946254,19.820844855619,-3.25));
#4148 = VECTOR('',#4149,1.);
#4149 = DIRECTION('',(0.,0.,1.));
#4150 = ORIENTED_EDGE('',*,*,#2872,.F.);
#4151 = ORIENTED_EDGE('',*,*,#4143,.F.);
#4152 = ORIENTED_EDGE('',*,*,#4153,.T.);
#4153 = EDGE_CURVE('',#4144,#4154,#4156,.T.);
#4154 = VERTEX_POINT('',#4155);
#4155 = CARTESIAN_POINT('',(11.529731161574,19.925493703842,0.3));
#4156 = CIRCLE('',#4157,1.1);
#4157 = AXIS2_PLACEMENT_3D('',#4158,#4159,#4160);
#4158 = CARTESIAN_POINT('',(12.624741946254,19.820844855619,0.3));
#4159 = DIRECTION('',(0.,0.,1.));
#4160 = DIRECTION('',(1.,0.,0.));
#4161 = ORIENTED_EDGE('',*,*,#4162,.T.);
#4162 = EDGE_CURVE('',#4154,#4163,#4165,.T.);
#4163 = VERTEX_POINT('',#4164);
#4164 = CARTESIAN_POINT('',(13.182529669391,18.872755800773,0.3));
#4165 = CIRCLE('',#4166,1.1);
#4166 = AXIS2_PLACEMENT_3D('',#4167,#4168,#4169);
#4167 = CARTESIAN_POINT('',(12.624741946254,19.820844855619,0.3));
#4168 = DIRECTION('',(0.,0.,1.));
#4169 = DIRECTION('',(1.,0.,0.));
#4170 = ORIENTED_EDGE('',*,*,#4171,.T.);
#4171 = EDGE_CURVE('',#4163,#4144,#4172,.T.);
#4172 = CIRCLE('',#4173,1.1);
#4173 = AXIS2_PLACEMENT_3D('',#4174,#4175,#4176);
#4174 = CARTESIAN_POINT('',(12.624741946254,19.820844855619,0.3));
#4175 = DIRECTION('',(0.,0.,1.));
#4176 = DIRECTION('',(1.,0.,0.));
#4177 = CYLINDRICAL_SURFACE('',#4178,1.1);
#4178 = AXIS2_PLACEMENT_3D('',#4179,#4180,#4181);
#4179 = CARTESIAN_POINT('',(12.624741946254,19.820844855619,-3.25));
#4180 = DIRECTION('',(0.,0.,1.));
#4181 = DIRECTION('',(1.,0.,0.));
#4182 = ADVANCED_FACE('',(#4183),#4208,.T.);
#4183 = FACE_BOUND('',#4184,.T.);
#4184 = EDGE_LOOP('',(#4185,#4193,#4194,#4202));
#4185 = ORIENTED_EDGE('',*,*,#4186,.F.);
#4186 = EDGE_CURVE('',#2929,#4187,#4189,.T.);
#4187 = VERTEX_POINT('',#4188);
#4188 = CARTESIAN_POINT('',(14.147409600682,18.25818259613,0.3));
#4189 = LINE('',#4190,#4191);
#4190 = CARTESIAN_POINT('',(14.338214901044,18.136650557682,0.3));
#4191 = VECTOR('',#4192,1.);
#4192 = DIRECTION('',(-0.843440206622,0.537223061543,0.));
#4193 = ORIENTED_EDGE('',*,*,#2928,.F.);
#4194 = ORIENTED_EDGE('',*,*,#4195,.T.);
#4195 = EDGE_CURVE('',#2921,#4196,#4198,.T.);
#4196 = VERTEX_POINT('',#4197);
#4197 = CARTESIAN_POINT('',(14.147409600682,18.25818259613,-1.6));
#4198 = LINE('',#4199,#4200);
#4199 = CARTESIAN_POINT('',(14.338214901044,18.136650557682,-1.6));
#4200 = VECTOR('',#4201,1.);
#4201 = DIRECTION('',(-0.843440206622,0.537223061543,0.));
#4202 = ORIENTED_EDGE('',*,*,#4203,.F.);
#4203 = EDGE_CURVE('',#4187,#4196,#4204,.T.);
#4204 = LINE('',#4205,#4206);
#4205 = CARTESIAN_POINT('',(14.147409600682,18.25818259613,-1.6));
#4206 = VECTOR('',#4207,1.);
#4207 = DIRECTION('',(0.,0.,-1.));
#4208 = PLANE('',#4209);
#4209 = AXIS2_PLACEMENT_3D('',#4210,#4211,#4212);
#4210 = CARTESIAN_POINT('',(14.338214901044,18.136650557682,-1.6));
#4211 = DIRECTION('',(0.537223061543,0.843440206622,0.));
#4212 = DIRECTION('',(0.,0.,1.));
#4213 = ADVANCED_FACE('',(#4214),#4239,.T.);
#4214 = FACE_BOUND('',#4215,.T.);
#4215 = EDGE_LOOP('',(#4216,#4224,#4232,#4238));
#4216 = ORIENTED_EDGE('',*,*,#4217,.F.);
#4217 = EDGE_CURVE('',#4218,#2898,#4220,.T.);
#4218 = VERTEX_POINT('',#4219);
#4219 = CARTESIAN_POINT('',(10.601599930354,20.516660093153,0.3));
#4220 = LINE('',#4221,#4222);
#4221 = CARTESIAN_POINT('',(14.338214901044,18.136650557682,0.3));
#4222 = VECTOR('',#4223,1.);
#4223 = DIRECTION('',(-0.843440206622,0.537223061543,0.));
#4224 = ORIENTED_EDGE('',*,*,#4225,.F.);
#4225 = EDGE_CURVE('',#4226,#4218,#4228,.T.);
#4226 = VERTEX_POINT('',#4227);
#4227 = CARTESIAN_POINT('',(10.601599930354,20.516660093153,-1.6));
#4228 = LINE('',#4229,#4230);
#4229 = CARTESIAN_POINT('',(10.601599930354,20.516660093153,-1.6));
#4230 = VECTOR('',#4231,1.);
#4231 = DIRECTION('',(0.,0.,1.));
#4232 = ORIENTED_EDGE('',*,*,#4233,.T.);
#4233 = EDGE_CURVE('',#4226,#2890,#4234,.T.);
#4234 = LINE('',#4235,#4236);
#4235 = CARTESIAN_POINT('',(14.338214901044,18.136650557682,-1.6));
#4236 = VECTOR('',#4237,1.);
#4237 = DIRECTION('',(-0.843440206622,0.537223061543,0.));
#4238 = ORIENTED_EDGE('',*,*,#2897,.T.);
#4239 = PLANE('',#4240);
#4240 = AXIS2_PLACEMENT_3D('',#4241,#4242,#4243);
#4241 = CARTESIAN_POINT('',(14.338214901044,18.136650557682,-1.6));
#4242 = DIRECTION('',(0.537223061543,0.843440206622,0.));
#4243 = DIRECTION('',(0.,0.,1.));
#4244 = ADVANCED_FACE('',(#4245),#4270,.T.);
#4245 = FACE_BOUND('',#4246,.T.);
#4246 = EDGE_LOOP('',(#4247,#4248,#4256,#4264));
#4247 = ORIENTED_EDGE('',*,*,#2962,.F.);
#4248 = ORIENTED_EDGE('',*,*,#4249,.T.);
#4249 = EDGE_CURVE('',#2963,#4250,#4252,.T.);
#4250 = VERTEX_POINT('',#4251);
#4251 = CARTESIAN_POINT('',(-32.38746505917,-2.1,3.445661036811));
#4252 = LINE('',#4253,#4254);
#4253 = CARTESIAN_POINT('',(-27.33452182922,-2.1,2.450540584381));
#4254 = VECTOR('',#4255,1.);
#4255 = DIRECTION('',(-0.981154025234,0.,0.193227272317));
#4256 = ORIENTED_EDGE('',*,*,#4257,.T.);
#4257 = EDGE_CURVE('',#4250,#4258,#4260,.T.);
#4258 = VERTEX_POINT('',#4259);
#4259 = CARTESIAN_POINT('',(-32.15318944203,0.,4.63524707204));
#4260 = LINE('',#4261,#4262);
#4261 = CARTESIAN_POINT('',(-32.38746505917,-2.1,3.445661036811));
#4262 = VECTOR('',#4263,1.);
#4263 = DIRECTION('',(9.661363615826E-02,0.866025403784,0.490577012617)
  );
#4264 = ORIENTED_EDGE('',*,*,#4265,.F.);
#4265 = EDGE_CURVE('',#2965,#4258,#4266,.T.);
#4266 = LINE('',#4267,#4268);
#4267 = CARTESIAN_POINT('',(-27.10024621207,0.,3.64012661961));
#4268 = VECTOR('',#4269,1.);
#4269 = DIRECTION('',(-0.981154025234,0.,0.193227272317));
#4270 = PLANE('',#4271);
#4271 = AXIS2_PLACEMENT_3D('',#4272,#4273,#4274);
#4272 = CARTESIAN_POINT('',(-27.33452182922,-2.1,2.450540584381));
#4273 = DIRECTION('',(-0.16733972653,0.5,-0.849704310878));
#4274 = DIRECTION('',(9.661363615826E-02,0.866025403784,0.490577012617)
  );
#4275 = ADVANCED_FACE('',(#4276),#4294,.T.);
#4276 = FACE_BOUND('',#4277,.T.);
#4277 = EDGE_LOOP('',(#4278,#4279,#4287,#4293));
#4278 = ORIENTED_EDGE('',*,*,#3004,.F.);
#4279 = ORIENTED_EDGE('',*,*,#4280,.T.);
#4280 = EDGE_CURVE('',#2997,#4281,#4283,.T.);
#4281 = VERTEX_POINT('',#4282);
#4282 = CARTESIAN_POINT('',(-32.85601629346,-2.1,1.066488966352));
#4283 = LINE('',#4284,#4285);
#4284 = CARTESIAN_POINT('',(-27.8030730635,-2.1,7.1368513922E-02));
#4285 = VECTOR('',#4286,1.);
#4286 = DIRECTION('',(-0.981154025234,0.,0.193227272317));
#4287 = ORIENTED_EDGE('',*,*,#4288,.T.);
#4288 = EDGE_CURVE('',#4281,#4250,#4289,.T.);
#4289 = LINE('',#4290,#4291);
#4290 = CARTESIAN_POINT('',(-32.85601629346,-2.1,1.066488966352));
#4291 = VECTOR('',#4292,1.);
#4292 = DIRECTION('',(0.193227272317,-1.831393034651E-16,0.981154025234)
  );
#4293 = ORIENTED_EDGE('',*,*,#4249,.F.);
#4294 = PLANE('',#4295);
#4295 = AXIS2_PLACEMENT_3D('',#4296,#4297,#4298);
#4296 = CARTESIAN_POINT('',(-27.8030730635,-2.1,7.1368513922E-02));
#4297 = DIRECTION('',(3.538750806251E-17,1.,1.796878647734E-16));
#4298 = DIRECTION('',(0.193227272317,-1.831393034651E-16,0.981154025234)
  );
#4299 = ADVANCED_FACE('',(#4300),#4318,.T.);
#4300 = FACE_BOUND('',#4301,.T.);
#4301 = EDGE_LOOP('',(#4302,#4303,#4311,#4317));
#4302 = ORIENTED_EDGE('',*,*,#2996,.F.);
#4303 = ORIENTED_EDGE('',*,*,#4304,.T.);
#4304 = EDGE_CURVE('',#2989,#4305,#4307,.T.);
#4305 = VERTEX_POINT('',#4306);
#4306 = CARTESIAN_POINT('',(-33.0902919106,2.96961066843E-16,
    -0.123097068877));
#4307 = LINE('',#4308,#4309);
#4308 = CARTESIAN_POINT('',(-28.03734868064,2.96961066843E-16,
    -1.118217521307));
#4309 = VECTOR('',#4310,1.);
#4310 = DIRECTION('',(-0.981154025234,0.,0.193227272317));
#4311 = ORIENTED_EDGE('',*,*,#4312,.T.);
#4312 = EDGE_CURVE('',#4305,#4281,#4313,.T.);
#4313 = LINE('',#4314,#4315);
#4314 = CARTESIAN_POINT('',(-33.0902919106,2.96961066843E-16,
    -0.123097068877));
#4315 = VECTOR('',#4316,1.);
#4316 = DIRECTION('',(9.661363615826E-02,-0.866025403784,0.490577012617)
  );
#4317 = ORIENTED_EDGE('',*,*,#4280,.F.);
#4318 = PLANE('',#4319);
#4319 = AXIS2_PLACEMENT_3D('',#4320,#4321,#4322);
#4320 = CARTESIAN_POINT('',(-28.03734868064,2.96961066843E-16,
    -1.118217521307));
#4321 = DIRECTION('',(0.16733972653,0.5,0.849704310878));
#4322 = DIRECTION('',(9.661363615826E-02,-0.866025403784,0.490577012617)
  );
#4323 = ADVANCED_FACE('',(#4324),#4342,.T.);
#4324 = FACE_BOUND('',#4325,.T.);
#4325 = EDGE_LOOP('',(#4326,#4327,#4335,#4341));
#4326 = ORIENTED_EDGE('',*,*,#2988,.F.);
#4327 = ORIENTED_EDGE('',*,*,#4328,.T.);
#4328 = EDGE_CURVE('',#2981,#4329,#4331,.T.);
#4329 = VERTEX_POINT('',#4330);
#4330 = CARTESIAN_POINT('',(-32.85601629346,2.1,1.066488966352));
#4331 = LINE('',#4332,#4333);
#4332 = CARTESIAN_POINT('',(-27.8030730635,2.1,7.1368513922E-02));
#4333 = VECTOR('',#4334,1.);
#4334 = DIRECTION('',(-0.981154025234,0.,0.193227272317));
#4335 = ORIENTED_EDGE('',*,*,#4336,.T.);
#4336 = EDGE_CURVE('',#4329,#4305,#4337,.T.);
#4337 = LINE('',#4338,#4339);
#4338 = CARTESIAN_POINT('',(-32.85601629346,2.1,1.066488966352));
#4339 = VECTOR('',#4340,1.);
#4340 = DIRECTION('',(-9.661363615826E-02,-0.866025403784,
    -0.490577012617));
#4341 = ORIENTED_EDGE('',*,*,#4304,.F.);
#4342 = PLANE('',#4343);
#4343 = AXIS2_PLACEMENT_3D('',#4344,#4345,#4346);
#4344 = CARTESIAN_POINT('',(-27.8030730635,2.1,7.1368513922E-02));
#4345 = DIRECTION('',(0.16733972653,-0.5,0.849704310878));
#4346 = DIRECTION('',(-9.661363615826E-02,-0.866025403784,
    -0.490577012617));
#4347 = ADVANCED_FACE('',(#4348),#4366,.T.);
#4348 = FACE_BOUND('',#4349,.T.);
#4349 = EDGE_LOOP('',(#4350,#4351,#4359,#4365));
#4350 = ORIENTED_EDGE('',*,*,#2980,.F.);
#4351 = ORIENTED_EDGE('',*,*,#4352,.T.);
#4352 = EDGE_CURVE('',#2973,#4353,#4355,.T.);
#4353 = VERTEX_POINT('',#4354);
#4354 = CARTESIAN_POINT('',(-32.38746505917,2.1,3.445661036811));
#4355 = LINE('',#4356,#4357);
#4356 = CARTESIAN_POINT('',(-27.33452182922,2.1,2.450540584381));
#4357 = VECTOR('',#4358,1.);
#4358 = DIRECTION('',(-0.981154025234,0.,0.193227272317));
#4359 = ORIENTED_EDGE('',*,*,#4360,.T.);
#4360 = EDGE_CURVE('',#4353,#4329,#4361,.T.);
#4361 = LINE('',#4362,#4363);
#4362 = CARTESIAN_POINT('',(-32.38746505917,2.1,3.445661036811));
#4363 = VECTOR('',#4364,1.);
#4364 = DIRECTION('',(-0.193227272317,0.,-0.981154025234));
#4365 = ORIENTED_EDGE('',*,*,#4328,.F.);
#4366 = PLANE('',#4367);
#4367 = AXIS2_PLACEMENT_3D('',#4368,#4369,#4370);
#4368 = CARTESIAN_POINT('',(-27.33452182922,2.1,2.450540584381));
#4369 = DIRECTION('',(0.,-1.,0.));
#4370 = DIRECTION('',(-0.193227272317,0.,-0.981154025234));
#4371 = ADVANCED_FACE('',(#4372),#4383,.T.);
#4372 = FACE_BOUND('',#4373,.T.);
#4373 = EDGE_LOOP('',(#4374,#4375,#4376,#4382));
#4374 = ORIENTED_EDGE('',*,*,#2972,.F.);
#4375 = ORIENTED_EDGE('',*,*,#4265,.T.);
#4376 = ORIENTED_EDGE('',*,*,#4377,.T.);
#4377 = EDGE_CURVE('',#4258,#4353,#4378,.T.);
#4378 = LINE('',#4379,#4380);
#4379 = CARTESIAN_POINT('',(-32.15318944203,0.,4.63524707204));
#4380 = VECTOR('',#4381,1.);
#4381 = DIRECTION('',(-9.661363615826E-02,0.866025403784,-0.490577012617
    ));
#4382 = ORIENTED_EDGE('',*,*,#4352,.F.);
#4383 = PLANE('',#4384);
#4384 = AXIS2_PLACEMENT_3D('',#4385,#4386,#4387);
#4385 = CARTESIAN_POINT('',(-27.10024621207,0.,3.64012661961));
#4386 = DIRECTION('',(-0.16733972653,-0.5,-0.849704310878));
#4387 = DIRECTION('',(-9.661363615826E-02,0.866025403784,-0.490577012617
    ));
#4388 = ADVANCED_FACE('',(#4389),#4414,.T.);
#4389 = FACE_BOUND('',#4390,.T.);
#4390 = EDGE_LOOP('',(#4391,#4392,#4400,#4408));
#4391 = ORIENTED_EDGE('',*,*,#3054,.T.);
#4392 = ORIENTED_EDGE('',*,*,#4393,.T.);
#4393 = EDGE_CURVE('',#3057,#4394,#4396,.T.);
#4394 = VERTEX_POINT('',#4395);
#4395 = CARTESIAN_POINT('',(32.85601629346,2.1,1.066488966352));
#4396 = LINE('',#4397,#4398);
#4397 = CARTESIAN_POINT('',(27.803073063504,2.1,7.1368513922E-02));
#4398 = VECTOR('',#4399,1.);
#4399 = DIRECTION('',(0.981154025234,0.,0.193227272317));
#4400 = ORIENTED_EDGE('',*,*,#4401,.T.);
#4401 = EDGE_CURVE('',#4394,#4402,#4404,.T.);
#4402 = VERTEX_POINT('',#4403);
#4403 = CARTESIAN_POINT('',(32.387465059176,2.1,3.445661036811));
#4404 = LINE('',#4405,#4406);
#4405 = CARTESIAN_POINT('',(32.85601629346,2.1,1.066488966352));
#4406 = VECTOR('',#4407,1.);
#4407 = DIRECTION('',(-0.193227272317,0.,0.981154025234));
#4408 = ORIENTED_EDGE('',*,*,#4409,.F.);
#4409 = EDGE_CURVE('',#3055,#4402,#4410,.T.);
#4410 = LINE('',#4411,#4412);
#4411 = CARTESIAN_POINT('',(27.33452182922,2.1,2.450540584381));
#4412 = VECTOR('',#4413,1.);
#4413 = DIRECTION('',(0.981154025234,0.,0.193227272317));
#4414 = PLANE('',#4415);
#4415 = AXIS2_PLACEMENT_3D('',#4416,#4417,#4418);
#4416 = CARTESIAN_POINT('',(27.803073063504,2.1,7.1368513922E-02));
#4417 = DIRECTION('',(0.,-1.,0.));
#4418 = DIRECTION('',(-0.193227272317,0.,0.981154025234));
#4419 = ADVANCED_FACE('',(#4420),#4438,.T.);
#4420 = FACE_BOUND('',#4421,.T.);
#4421 = EDGE_LOOP('',(#4422,#4423,#4424,#4432));
#4422 = ORIENTED_EDGE('',*,*,#3096,.T.);
#4423 = ORIENTED_EDGE('',*,*,#4409,.T.);
#4424 = ORIENTED_EDGE('',*,*,#4425,.T.);
#4425 = EDGE_CURVE('',#4402,#4426,#4428,.T.);
#4426 = VERTEX_POINT('',#4427);
#4427 = CARTESIAN_POINT('',(32.153189442034,2.96961066843E-16,
    4.63524707204));
#4428 = LINE('',#4429,#4430);
#4429 = CARTESIAN_POINT('',(32.387465059176,2.1,3.445661036811));
#4430 = VECTOR('',#4431,1.);
#4431 = DIRECTION('',(-9.661363615826E-02,-0.866025403784,0.490577012617
    ));
#4432 = ORIENTED_EDGE('',*,*,#4433,.F.);
#4433 = EDGE_CURVE('',#3089,#4426,#4434,.T.);
#4434 = LINE('',#4435,#4436);
#4435 = CARTESIAN_POINT('',(27.100246212078,2.96961066843E-16,
    3.64012661961));
#4436 = VECTOR('',#4437,1.);
#4437 = DIRECTION('',(0.981154025234,0.,0.193227272317));
#4438 = PLANE('',#4439);
#4439 = AXIS2_PLACEMENT_3D('',#4440,#4441,#4442);
#4440 = CARTESIAN_POINT('',(27.33452182922,2.1,2.450540584381));
#4441 = DIRECTION('',(0.16733972653,-0.5,-0.849704310878));
#4442 = DIRECTION('',(-9.661363615826E-02,-0.866025403784,0.490577012617
    ));
#4443 = ADVANCED_FACE('',(#4444),#4462,.T.);
#4444 = FACE_BOUND('',#4445,.T.);
#4445 = EDGE_LOOP('',(#4446,#4447,#4448,#4456));
#4446 = ORIENTED_EDGE('',*,*,#3088,.T.);
#4447 = ORIENTED_EDGE('',*,*,#4433,.T.);
#4448 = ORIENTED_EDGE('',*,*,#4449,.T.);
#4449 = EDGE_CURVE('',#4426,#4450,#4452,.T.);
#4450 = VERTEX_POINT('',#4451);
#4451 = CARTESIAN_POINT('',(32.387465059176,-2.1,3.445661036811));
#4452 = LINE('',#4453,#4454);
#4453 = CARTESIAN_POINT('',(32.153189442034,2.96961066843E-16,
    4.63524707204));
#4454 = VECTOR('',#4455,1.);
#4455 = DIRECTION('',(9.661363615826E-02,-0.866025403784,-0.490577012617
    ));
#4456 = ORIENTED_EDGE('',*,*,#4457,.F.);
#4457 = EDGE_CURVE('',#3081,#4450,#4458,.T.);
#4458 = LINE('',#4459,#4460);
#4459 = CARTESIAN_POINT('',(27.33452182922,-2.1,2.450540584381));
#4460 = VECTOR('',#4461,1.);
#4461 = DIRECTION('',(0.981154025234,0.,0.193227272317));
#4462 = PLANE('',#4463);
#4463 = AXIS2_PLACEMENT_3D('',#4464,#4465,#4466);
#4464 = CARTESIAN_POINT('',(27.100246212078,2.96961066843E-16,
    3.64012661961));
#4465 = DIRECTION('',(0.16733972653,0.5,-0.849704310878));
#4466 = DIRECTION('',(9.661363615826E-02,-0.866025403784,-0.490577012617
    ));
#4467 = ADVANCED_FACE('',(#4468),#4486,.T.);
#4468 = FACE_BOUND('',#4469,.T.);
#4469 = EDGE_LOOP('',(#4470,#4471,#4472,#4480));
#4470 = ORIENTED_EDGE('',*,*,#3080,.T.);
#4471 = ORIENTED_EDGE('',*,*,#4457,.T.);
#4472 = ORIENTED_EDGE('',*,*,#4473,.T.);
#4473 = EDGE_CURVE('',#4450,#4474,#4476,.T.);
#4474 = VERTEX_POINT('',#4475);
#4475 = CARTESIAN_POINT('',(32.85601629346,-2.1,1.066488966352));
#4476 = LINE('',#4477,#4478);
#4477 = CARTESIAN_POINT('',(32.387465059176,-2.1,3.445661036811));
#4478 = VECTOR('',#4479,1.);
#4479 = DIRECTION('',(0.193227272317,-1.831393034651E-16,-0.981154025234
    ));
#4480 = ORIENTED_EDGE('',*,*,#4481,.F.);
#4481 = EDGE_CURVE('',#3073,#4474,#4482,.T.);
#4482 = LINE('',#4483,#4484);
#4483 = CARTESIAN_POINT('',(27.803073063504,-2.1,7.1368513922E-02));
#4484 = VECTOR('',#4485,1.);
#4485 = DIRECTION('',(0.981154025234,0.,0.193227272317));
#4486 = PLANE('',#4487);
#4487 = AXIS2_PLACEMENT_3D('',#4488,#4489,#4490);
#4488 = CARTESIAN_POINT('',(27.33452182922,-2.1,2.450540584381));
#4489 = DIRECTION('',(3.538750806251E-17,1.,-1.796878647734E-16));
#4490 = DIRECTION('',(0.193227272317,-1.831393034651E-16,-0.981154025234
    ));
#4491 = ADVANCED_FACE('',(#4492),#4510,.T.);
#4492 = FACE_BOUND('',#4493,.T.);
#4493 = EDGE_LOOP('',(#4494,#4495,#4496,#4504));
#4494 = ORIENTED_EDGE('',*,*,#3072,.T.);
#4495 = ORIENTED_EDGE('',*,*,#4481,.T.);
#4496 = ORIENTED_EDGE('',*,*,#4497,.T.);
#4497 = EDGE_CURVE('',#4474,#4498,#4500,.T.);
#4498 = VERTEX_POINT('',#4499);
#4499 = CARTESIAN_POINT('',(33.090291910602,0.,-0.123097068877));
#4500 = LINE('',#4501,#4502);
#4501 = CARTESIAN_POINT('',(32.85601629346,-2.1,1.066488966352));
#4502 = VECTOR('',#4503,1.);
#4503 = DIRECTION('',(9.661363615826E-02,0.866025403784,-0.490577012617)
  );
#4504 = ORIENTED_EDGE('',*,*,#4505,.F.);
#4505 = EDGE_CURVE('',#3065,#4498,#4506,.T.);
#4506 = LINE('',#4507,#4508);
#4507 = CARTESIAN_POINT('',(28.037348680647,0.,-1.118217521307));
#4508 = VECTOR('',#4509,1.);
#4509 = DIRECTION('',(0.981154025234,0.,0.193227272317));
#4510 = PLANE('',#4511);
#4511 = AXIS2_PLACEMENT_3D('',#4512,#4513,#4514);
#4512 = CARTESIAN_POINT('',(27.803073063504,-2.1,7.1368513922E-02));
#4513 = DIRECTION('',(-0.16733972653,0.5,0.849704310878));
#4514 = DIRECTION('',(9.661363615826E-02,0.866025403784,-0.490577012617)
  );
#4515 = ADVANCED_FACE('',(#4516),#4527,.T.);
#4516 = FACE_BOUND('',#4517,.T.);
#4517 = EDGE_LOOP('',(#4518,#4519,#4520,#4526));
#4518 = ORIENTED_EDGE('',*,*,#3064,.T.);
#4519 = ORIENTED_EDGE('',*,*,#4505,.T.);
#4520 = ORIENTED_EDGE('',*,*,#4521,.T.);
#4521 = EDGE_CURVE('',#4498,#4394,#4522,.T.);
#4522 = LINE('',#4523,#4524);
#4523 = CARTESIAN_POINT('',(33.090291910602,0.,-0.123097068877));
#4524 = VECTOR('',#4525,1.);
#4525 = DIRECTION('',(-9.661363615826E-02,0.866025403784,0.490577012617)
  );
#4526 = ORIENTED_EDGE('',*,*,#4393,.F.);
#4527 = PLANE('',#4528);
#4528 = AXIS2_PLACEMENT_3D('',#4529,#4530,#4531);
#4529 = CARTESIAN_POINT('',(28.037348680647,0.,-1.118217521307));
#4530 = DIRECTION('',(-0.16733972653,-0.5,0.849704310878));
#4531 = DIRECTION('',(-9.661363615826E-02,0.866025403784,0.490577012617)
  );
#4532 = ADVANCED_FACE('',(#4533,#4544,#4550,#4555,#4559,#4565,#4571,
    #4577,#4583,#4589),#4595,.F.);
#4533 = FACE_BOUND('',#4534,.F.);
#4534 = EDGE_LOOP('',(#4535));
#4535 = ORIENTED_EDGE('',*,*,#4536,.T.);
#4536 = EDGE_CURVE('',#4537,#4537,#4539,.T.);
#4537 = VERTEX_POINT('',#4538);
#4538 = CARTESIAN_POINT('',(19.,-4.65365783676E-15,-10.75));
#4539 = CIRCLE('',#4540,19.);
#4540 = AXIS2_PLACEMENT_3D('',#4541,#4542,#4543);
#4541 = CARTESIAN_POINT('',(0.,0.,-10.75));
#4542 = DIRECTION('',(0.,0.,1.));
#4543 = DIRECTION('',(1.,0.,0.));
#4544 = FACE_BOUND('',#4545,.F.);
#4545 = EDGE_LOOP('',(#4546,#4547,#4548,#4549));
#4546 = ORIENTED_EDGE('',*,*,#3110,.F.);
#4547 = ORIENTED_EDGE('',*,*,#3144,.T.);
#4548 = ORIENTED_EDGE('',*,*,#3192,.F.);
#4549 = ORIENTED_EDGE('',*,*,#3168,.F.);
#4550 = FACE_BOUND('',#4551,.F.);
#4551 = EDGE_LOOP('',(#4552,#4553,#4554));
#4552 = ORIENTED_EDGE('',*,*,#3226,.F.);
#4553 = ORIENTED_EDGE('',*,*,#3252,.T.);
#4554 = ORIENTED_EDGE('',*,*,#3235,.F.);
#4555 = FACE_BOUND('',#4556,.F.);
#4556 = EDGE_LOOP('',(#4557,#4558));
#4557 = ORIENTED_EDGE('',*,*,#3276,.F.);
#4558 = ORIENTED_EDGE('',*,*,#3300,.F.);
#4559 = FACE_BOUND('',#4560,.F.);
#4560 = EDGE_LOOP('',(#4561,#4562,#4563,#4564));
#4561 = ORIENTED_EDGE('',*,*,#3316,.F.);
#4562 = ORIENTED_EDGE('',*,*,#3350,.T.);
#4563 = ORIENTED_EDGE('',*,*,#3398,.F.);
#4564 = ORIENTED_EDGE('',*,*,#3374,.F.);
#4565 = FACE_BOUND('',#4566,.F.);
#4566 = EDGE_LOOP('',(#4567,#4568,#4569,#4570));
#4567 = ORIENTED_EDGE('',*,*,#3414,.F.);
#4568 = ORIENTED_EDGE('',*,*,#3448,.T.);
#4569 = ORIENTED_EDGE('',*,*,#3496,.F.);
#4570 = ORIENTED_EDGE('',*,*,#3472,.F.);
#4571 = FACE_BOUND('',#4572,.F.);
#4572 = EDGE_LOOP('',(#4573,#4574,#4575,#4576));
#4573 = ORIENTED_EDGE('',*,*,#3512,.F.);
#4574 = ORIENTED_EDGE('',*,*,#3546,.T.);
#4575 = ORIENTED_EDGE('',*,*,#3594,.F.);
#4576 = ORIENTED_EDGE('',*,*,#3570,.F.);
#4577 = FACE_BOUND('',#4578,.F.);
#4578 = EDGE_LOOP('',(#4579,#4580,#4581,#4582));
#4579 = ORIENTED_EDGE('',*,*,#3610,.F.);
#4580 = ORIENTED_EDGE('',*,*,#3644,.T.);
#4581 = ORIENTED_EDGE('',*,*,#3692,.F.);
#4582 = ORIENTED_EDGE('',*,*,#3668,.F.);
#4583 = FACE_BOUND('',#4584,.F.);
#4584 = EDGE_LOOP('',(#4585,#4586,#4587,#4588));
#4585 = ORIENTED_EDGE('',*,*,#3708,.F.);
#4586 = ORIENTED_EDGE('',*,*,#3742,.T.);
#4587 = ORIENTED_EDGE('',*,*,#3790,.F.);
#4588 = ORIENTED_EDGE('',*,*,#3766,.F.);
#4589 = FACE_BOUND('',#4590,.F.);
#4590 = EDGE_LOOP('',(#4591,#4592,#4593,#4594));
#4591 = ORIENTED_EDGE('',*,*,#3806,.F.);
#4592 = ORIENTED_EDGE('',*,*,#3840,.T.);
#4593 = ORIENTED_EDGE('',*,*,#3888,.F.);
#4594 = ORIENTED_EDGE('',*,*,#3864,.F.);
#4595 = PLANE('',#4596);
#4596 = AXIS2_PLACEMENT_3D('',#4597,#4598,#4599);
#4597 = CARTESIAN_POINT('',(0.,0.,-10.75));
#4598 = DIRECTION('',(0.,0.,1.));
#4599 = DIRECTION('',(1.,0.,0.));
#4600 = ADVANCED_FACE('',(#4601),#4639,.T.);
#4601 = FACE_BOUND('',#4602,.T.);
#4602 = EDGE_LOOP('',(#4603,#4611,#4612,#4613,#4621,#4631));
#4603 = ORIENTED_EDGE('',*,*,#4604,.F.);
#4604 = EDGE_CURVE('',#3938,#4605,#4607,.T.);
#4605 = VERTEX_POINT('',#4606);
#4606 = CARTESIAN_POINT('',(34.165709003072,4.,6.));
#4607 = LINE('',#4608,#4609);
#4608 = CARTESIAN_POINT('',(29.,4.,6.));
#4609 = VECTOR('',#4610,1.);
#4610 = DIRECTION('',(1.,0.,0.));
#4611 = ORIENTED_EDGE('',*,*,#3937,.T.);
#4612 = ORIENTED_EDGE('',*,*,#3916,.T.);
#4613 = ORIENTED_EDGE('',*,*,#4614,.T.);
#4614 = EDGE_CURVE('',#3919,#4615,#4617,.T.);
#4615 = VERTEX_POINT('',#4616);
#4616 = CARTESIAN_POINT('',(34.165709003072,-4.,6.));
#4617 = LINE('',#4618,#4619);
#4618 = CARTESIAN_POINT('',(29.,-4.,6.));
#4619 = VECTOR('',#4620,1.);
#4620 = DIRECTION('',(1.,0.,0.));
#4621 = ORIENTED_EDGE('',*,*,#4622,.F.);
#4622 = EDGE_CURVE('',#4623,#4615,#4625,.T.);
#4623 = VERTEX_POINT('',#4624);
#4624 = CARTESIAN_POINT('',(34.39906498268,0.,6.));
#4625 = B_SPLINE_CURVE_WITH_KNOTS('',4,(#4626,#4627,#4628,#4629,#4630),
  .UNSPECIFIED.,.F.,.F.,(5,5),(0.,1.),.PIECEWISE_BEZIER_KNOTS.);
#4626 = CARTESIAN_POINT('',(34.39906498268,-8.437694987151E-15,6.));
#4627 = CARTESIAN_POINT('',(34.39906498268,-1.002267406457,6.));
#4628 = CARTESIAN_POINT('',(34.360128272219,-2.004535189924,6.));
#4629 = CARTESIAN_POINT('',(34.282254837144,-3.004532236893,6.));
#4630 = CARTESIAN_POINT('',(34.165709003072,-4.,6.));
#4631 = ORIENTED_EDGE('',*,*,#4632,.F.);
#4632 = EDGE_CURVE('',#4605,#4623,#4633,.T.);
#4633 = B_SPLINE_CURVE_WITH_KNOTS('',4,(#4634,#4635,#4636,#4637,#4638),
  .UNSPECIFIED.,.F.,.F.,(5,5),(0.,1.),.PIECEWISE_BEZIER_KNOTS.);
#4634 = CARTESIAN_POINT('',(34.165709003072,4.,6.));
#4635 = CARTESIAN_POINT('',(34.282254837144,3.004532236893,6.));
#4636 = CARTESIAN_POINT('',(34.360128272219,2.004535189924,6.));
#4637 = CARTESIAN_POINT('',(34.39906498268,1.002267406457,6.));
#4638 = CARTESIAN_POINT('',(34.39906498268,0.,6.));
#4639 = PLANE('',#4640);
#4640 = AXIS2_PLACEMENT_3D('',#4641,#4642,#4643);
#4641 = CARTESIAN_POINT('',(29.,-4.,6.));
#4642 = DIRECTION('',(0.,0.,1.));
#4643 = DIRECTION('',(1.,0.,0.));
#4644 = ADVANCED_FACE('',(#4645),#4686,.F.);
#4645 = FACE_BOUND('',#4646,.F.);
#4646 = EDGE_LOOP('',(#4647,#4648,#4649,#4662,#4671,#4679));
#4647 = ORIENTED_EDGE('',*,*,#4015,.T.);
#4648 = ORIENTED_EDGE('',*,*,#4614,.T.);
#4649 = ORIENTED_EDGE('',*,*,#4650,.F.);
#4650 = EDGE_CURVE('',#4651,#4615,#4653,.T.);
#4651 = VERTEX_POINT('',#4652);
#4652 = CARTESIAN_POINT('',(34.644849905866,-4.,4.9));
#4653 = B_SPLINE_CURVE_WITH_KNOTS('',7,(#4654,#4655,#4656,#4657,#4658,
    #4659,#4660,#4661),.UNSPECIFIED.,.F.,.F.,(8,8),(0.,1.),
  .PIECEWISE_BEZIER_KNOTS.);
#4654 = CARTESIAN_POINT('',(34.644849905866,-4.,4.9));
#4655 = CARTESIAN_POINT('',(34.611318797708,-4.,5.069137980594));
#4656 = CARTESIAN_POINT('',(34.562884715355,-4.,5.235144895963));
#4657 = CARTESIAN_POINT('',(34.501500797743,-4.,5.397050653137));
#4658 = CARTESIAN_POINT('',(34.429386172738,-4.,5.554439590843));
#4659 = CARTESIAN_POINT('',(34.348453099963,-4.,5.70722047685));
#4660 = CARTESIAN_POINT('',(34.260218200034,-4.,5.855589945359));
#4661 = CARTESIAN_POINT('',(34.165709003072,-4.,6.));
#4662 = ORIENTED_EDGE('',*,*,#4663,.F.);
#4663 = EDGE_CURVE('',#4664,#4651,#4666,.T.);
#4664 = VERTEX_POINT('',#4665);
#4665 = CARTESIAN_POINT('',(35.616086253265,-4.,0.));
#4666 = HYPERBOLA('',#4667,20.310880829015,4.);
#4667 = AXIS2_PLACEMENT_3D('',#4668,#4669,#4670);
#4668 = CARTESIAN_POINT('',(0.,-4.,181.98549222797));
#4669 = DIRECTION('',(0.,1.,0.));
#4670 = DIRECTION('',(0.,0.,-1.));
#4671 = ORIENTED_EDGE('',*,*,#4672,.T.);
#4672 = EDGE_CURVE('',#4664,#4673,#4675,.T.);
#4673 = VERTEX_POINT('',#4674);
#4674 = CARTESIAN_POINT('',(35.314184119133,-4.,0.));
#4675 = LINE('',#4676,#4677);
#4676 = CARTESIAN_POINT('',(14.5,-4.,0.));
#4677 = VECTOR('',#4678,1.);
#4678 = DIRECTION('',(-1.,0.,0.));
#4679 = ORIENTED_EDGE('',*,*,#4680,.T.);
#4680 = EDGE_CURVE('',#4673,#4007,#4681,.T.);
#4681 = HYPERBOLA('',#4682,20.310880829015,4.);
#4682 = AXIS2_PLACEMENT_3D('',#4683,#4684,#4685);
#4683 = CARTESIAN_POINT('',(0.,-4.,180.4621761658));
#4684 = DIRECTION('',(0.,1.,0.));
#4685 = DIRECTION('',(0.,0.,-1.));
#4686 = PLANE('',#4687);
#4687 = AXIS2_PLACEMENT_3D('',#4688,#4689,#4690);
#4688 = CARTESIAN_POINT('',(29.,-4.,-1.));
#4689 = DIRECTION('',(0.,1.,0.));
#4690 = DIRECTION('',(0.,0.,1.));
#4691 = ADVANCED_FACE('',(#4692),#4712,.T.);
#4692 = FACE_BOUND('',#4693,.T.);
#4693 = EDGE_LOOP('',(#4694,#4703,#4704,#4705));
#4694 = ORIENTED_EDGE('',*,*,#4695,.T.);
#4695 = EDGE_CURVE('',#4696,#4673,#4698,.T.);
#4696 = VERTEX_POINT('',#4697);
#4697 = CARTESIAN_POINT('',(-35.31418411913,-4.,0.));
#4698 = CIRCLE('',#4699,35.54);
#4699 = AXIS2_PLACEMENT_3D('',#4700,#4701,#4702);
#4700 = CARTESIAN_POINT('',(0.,0.,0.));
#4701 = DIRECTION('',(0.,0.,1.));
#4702 = DIRECTION('',(1.,0.,0.));
#4703 = ORIENTED_EDGE('',*,*,#4680,.T.);
#4704 = ORIENTED_EDGE('',*,*,#4006,.F.);
#4705 = ORIENTED_EDGE('',*,*,#4706,.T.);
#4706 = EDGE_CURVE('',#3994,#4696,#4707,.T.);
#4707 = HYPERBOLA('',#4708,20.310880829015,4.);
#4708 = AXIS2_PLACEMENT_3D('',#4709,#4710,#4711);
#4709 = CARTESIAN_POINT('',(0.,-4.,180.4621761658));
#4710 = DIRECTION('',(0.,1.,0.));
#4711 = DIRECTION('',(0.,0.,-1.));
#4712 = CONICAL_SURFACE('',#4713,35.54,0.194450349438);
#4713 = AXIS2_PLACEMENT_3D('',#4714,#4715,#4716);
#4714 = CARTESIAN_POINT('',(0.,0.,0.));
#4715 = DIRECTION('',(-0.,-0.,-1.));
#4716 = DIRECTION('',(1.,0.,0.));
#4717 = ADVANCED_FACE('',(#4718),#4758,.F.);
#4718 = FACE_BOUND('',#4719,.F.);
#4719 = EDGE_LOOP('',(#4720,#4728,#4737,#4750,#4756,#4757));
#4720 = ORIENTED_EDGE('',*,*,#4721,.T.);
#4721 = EDGE_CURVE('',#4696,#4722,#4724,.T.);
#4722 = VERTEX_POINT('',#4723);
#4723 = CARTESIAN_POINT('',(-35.61608625326,-4.,0.));
#4724 = LINE('',#4725,#4726);
#4725 = CARTESIAN_POINT('',(-18.,-4.,0.));
#4726 = VECTOR('',#4727,1.);
#4727 = DIRECTION('',(-1.,0.,0.));
#4728 = ORIENTED_EDGE('',*,*,#4729,.F.);
#4729 = EDGE_CURVE('',#4730,#4722,#4732,.T.);
#4730 = VERTEX_POINT('',#4731);
#4731 = CARTESIAN_POINT('',(-34.64484990586,-4.,4.9));
#4732 = HYPERBOLA('',#4733,20.310880829015,4.);
#4733 = AXIS2_PLACEMENT_3D('',#4734,#4735,#4736);
#4734 = CARTESIAN_POINT('',(0.,-4.,181.98549222797));
#4735 = DIRECTION('',(0.,1.,0.));
#4736 = DIRECTION('',(0.,0.,-1.));
#4737 = ORIENTED_EDGE('',*,*,#4738,.T.);
#4738 = EDGE_CURVE('',#4730,#4739,#4741,.T.);
#4739 = VERTEX_POINT('',#4740);
#4740 = CARTESIAN_POINT('',(-34.16570900307,-4.,6.));
#4741 = B_SPLINE_CURVE_WITH_KNOTS('',7,(#4742,#4743,#4744,#4745,#4746,
    #4747,#4748,#4749),.UNSPECIFIED.,.F.,.F.,(8,8),(0.,1.),
  .PIECEWISE_BEZIER_KNOTS.);
#4742 = CARTESIAN_POINT('',(-34.64484990586,-4.,4.9));
#4743 = CARTESIAN_POINT('',(-34.6113187977,-4.,5.069137980593));
#4744 = CARTESIAN_POINT('',(-34.56288471535,-4.,5.235144895963));
#4745 = CARTESIAN_POINT('',(-34.50150079774,-4.,5.397050653136));
#4746 = CARTESIAN_POINT('',(-34.42938617273,-4.,5.554439590845));
#4747 = CARTESIAN_POINT('',(-34.34845309996,-4.,5.707220476849));
#4748 = CARTESIAN_POINT('',(-34.26021820003,-4.,5.855589945359));
#4749 = CARTESIAN_POINT('',(-34.16570900307,-4.,6.));
#4750 = ORIENTED_EDGE('',*,*,#4751,.T.);
#4751 = EDGE_CURVE('',#4739,#3983,#4752,.T.);
#4752 = LINE('',#4753,#4754);
#4753 = CARTESIAN_POINT('',(-36.,-4.,6.));
#4754 = VECTOR('',#4755,1.);
#4755 = DIRECTION('',(1.,0.,0.));
#4756 = ORIENTED_EDGE('',*,*,#3993,.F.);
#4757 = ORIENTED_EDGE('',*,*,#4706,.T.);
#4758 = PLANE('',#4759);
#4759 = AXIS2_PLACEMENT_3D('',#4760,#4761,#4762);
#4760 = CARTESIAN_POINT('',(-36.,-4.,-1.));
#4761 = DIRECTION('',(0.,1.,0.));
#4762 = DIRECTION('',(0.,0.,1.));
#4763 = ADVANCED_FACE('',(#4764),#4784,.T.);
#4764 = FACE_BOUND('',#4765,.T.);
#4765 = EDGE_LOOP('',(#4766,#4774,#4782,#4783));
#4766 = ORIENTED_EDGE('',*,*,#4767,.F.);
#4767 = EDGE_CURVE('',#4768,#3970,#4770,.T.);
#4768 = VERTEX_POINT('',#4769);
#4769 = CARTESIAN_POINT('',(-34.16570900307,4.,6.));
#4770 = LINE('',#4771,#4772);
#4771 = CARTESIAN_POINT('',(-36.,4.,6.));
#4772 = VECTOR('',#4773,1.);
#4773 = DIRECTION('',(1.,0.,0.));
#4774 = ORIENTED_EDGE('',*,*,#4775,.F.);
#4775 = EDGE_CURVE('',#4739,#4768,#4776,.T.);
#4776 = B_SPLINE_CURVE_WITH_KNOTS('',4,(#4777,#4778,#4779,#4780,#4781),
  .UNSPECIFIED.,.F.,.F.,(5,5),(0.,1.),.PIECEWISE_BEZIER_KNOTS.);
#4777 = CARTESIAN_POINT('',(-34.16570900307,-4.,6.));
#4778 = CARTESIAN_POINT('',(-34.39880027759,-2.009067835863,6.));
#4779 = CARTESIAN_POINT('',(-34.47720339465,-7.993605777301E-15,6.));
#4780 = CARTESIAN_POINT('',(-34.39880027759,2.009067835863,6.));
#4781 = CARTESIAN_POINT('',(-34.16570900307,4.,6.));
#4782 = ORIENTED_EDGE('',*,*,#4751,.T.);
#4783 = ORIENTED_EDGE('',*,*,#3982,.T.);
#4784 = PLANE('',#4785);
#4785 = AXIS2_PLACEMENT_3D('',#4786,#4787,#4788);
#4786 = CARTESIAN_POINT('',(-36.,-4.,6.));
#4787 = DIRECTION('',(0.,0.,1.));
#4788 = DIRECTION('',(1.,0.,0.));
#4789 = ADVANCED_FACE('',(#4790),#4831,.T.);
#4790 = FACE_BOUND('',#4791,.T.);
#4791 = EDGE_LOOP('',(#4792,#4802,#4811,#4822,#4823,#4824));
#4792 = ORIENTED_EDGE('',*,*,#4793,.T.);
#4793 = EDGE_CURVE('',#4794,#4796,#4798,.T.);
#4794 = VERTEX_POINT('',#4795);
#4795 = CARTESIAN_POINT('',(-35.31418411913,4.,0.));
#4796 = VERTEX_POINT('',#4797);
#4797 = CARTESIAN_POINT('',(-35.61608625326,4.,0.));
#4798 = LINE('',#4799,#4800);
#4799 = CARTESIAN_POINT('',(-18.,4.,0.));
#4800 = VECTOR('',#4801,1.);
#4801 = DIRECTION('',(-1.,0.,0.));
#4802 = ORIENTED_EDGE('',*,*,#4803,.F.);
#4803 = EDGE_CURVE('',#4804,#4796,#4806,.T.);
#4804 = VERTEX_POINT('',#4805);
#4805 = CARTESIAN_POINT('',(-34.64484990586,4.,4.9));
#4806 = HYPERBOLA('',#4807,20.310880829015,4.);
#4807 = AXIS2_PLACEMENT_3D('',#4808,#4809,#4810);
#4808 = CARTESIAN_POINT('',(0.,4.,181.98549222797));
#4809 = DIRECTION('',(0.,1.,0.));
#4810 = DIRECTION('',(0.,0.,-1.));
#4811 = ORIENTED_EDGE('',*,*,#4812,.T.);
#4812 = EDGE_CURVE('',#4804,#4768,#4813,.T.);
#4813 = B_SPLINE_CURVE_WITH_KNOTS('',7,(#4814,#4815,#4816,#4817,#4818,
    #4819,#4820,#4821),.UNSPECIFIED.,.F.,.F.,(8,8),(0.,1.),
  .PIECEWISE_BEZIER_KNOTS.);
#4814 = CARTESIAN_POINT('',(-34.64484990586,4.,4.9));
#4815 = CARTESIAN_POINT('',(-34.6113187977,4.,5.069137980593));
#4816 = CARTESIAN_POINT('',(-34.56288471535,4.,5.235144895963));
#4817 = CARTESIAN_POINT('',(-34.50150079774,4.,5.397050653136));
#4818 = CARTESIAN_POINT('',(-34.42938617273,4.,5.554439590845));
#4819 = CARTESIAN_POINT('',(-34.34845309996,4.,5.707220476849));
#4820 = CARTESIAN_POINT('',(-34.26021820003,4.,5.855589945359));
#4821 = CARTESIAN_POINT('',(-34.16570900307,4.,6.));
#4822 = ORIENTED_EDGE('',*,*,#4767,.T.);
#4823 = ORIENTED_EDGE('',*,*,#3969,.F.);
#4824 = ORIENTED_EDGE('',*,*,#4825,.T.);
#4825 = EDGE_CURVE('',#3961,#4794,#4826,.T.);
#4826 = HYPERBOLA('',#4827,20.310880829015,4.);
#4827 = AXIS2_PLACEMENT_3D('',#4828,#4829,#4830);
#4828 = CARTESIAN_POINT('',(0.,4.,180.4621761658));
#4829 = DIRECTION('',(0.,1.,0.));
#4830 = DIRECTION('',(0.,0.,-1.));
#4831 = PLANE('',#4832);
#4832 = AXIS2_PLACEMENT_3D('',#4833,#4834,#4835);
#4833 = CARTESIAN_POINT('',(-36.,4.,-1.));
#4834 = DIRECTION('',(0.,1.,0.));
#4835 = DIRECTION('',(0.,0.,1.));
#4836 = ADVANCED_FACE('',(#4837),#4857,.T.);
#4837 = FACE_BOUND('',#4838,.T.);
#4838 = EDGE_LOOP('',(#4839,#4848,#4855,#4856));
#4839 = ORIENTED_EDGE('',*,*,#4840,.F.);
#4840 = EDGE_CURVE('',#4841,#3948,#4843,.T.);
#4841 = VERTEX_POINT('',#4842);
#4842 = CARTESIAN_POINT('',(35.314184119133,4.,0.));
#4843 = HYPERBOLA('',#4844,20.310880829015,4.);
#4844 = AXIS2_PLACEMENT_3D('',#4845,#4846,#4847);
#4845 = CARTESIAN_POINT('',(0.,4.,180.4621761658));
#4846 = DIRECTION('',(0.,1.,0.));
#4847 = DIRECTION('',(0.,0.,-1.));
#4848 = ORIENTED_EDGE('',*,*,#4849,.T.);
#4849 = EDGE_CURVE('',#4841,#4794,#4850,.T.);
#4850 = CIRCLE('',#4851,35.54);
#4851 = AXIS2_PLACEMENT_3D('',#4852,#4853,#4854);
#4852 = CARTESIAN_POINT('',(0.,0.,0.));
#4853 = DIRECTION('',(0.,0.,1.));
#4854 = DIRECTION('',(1.,0.,0.));
#4855 = ORIENTED_EDGE('',*,*,#4825,.F.);
#4856 = ORIENTED_EDGE('',*,*,#3960,.F.);
#4857 = CONICAL_SURFACE('',#4858,35.54,0.194450349438);
#4858 = AXIS2_PLACEMENT_3D('',#4859,#4860,#4861);
#4859 = CARTESIAN_POINT('',(0.,0.,0.));
#4860 = DIRECTION('',(-0.,-0.,-1.));
#4861 = DIRECTION('',(1.,0.,0.));
#4862 = ADVANCED_FACE('',(#4863),#4896,.T.);
#4863 = FACE_BOUND('',#4864,.T.);
#4864 = EDGE_LOOP('',(#4865,#4866,#4867,#4880,#4889,#4895));
#4865 = ORIENTED_EDGE('',*,*,#3947,.T.);
#4866 = ORIENTED_EDGE('',*,*,#4604,.T.);
#4867 = ORIENTED_EDGE('',*,*,#4868,.F.);
#4868 = EDGE_CURVE('',#4869,#4605,#4871,.T.);
#4869 = VERTEX_POINT('',#4870);
#4870 = CARTESIAN_POINT('',(34.644849905866,4.,4.9));
#4871 = B_SPLINE_CURVE_WITH_KNOTS('',7,(#4872,#4873,#4874,#4875,#4876,
    #4877,#4878,#4879),.UNSPECIFIED.,.F.,.F.,(8,8),(0.,1.),
  .PIECEWISE_BEZIER_KNOTS.);
#4872 = CARTESIAN_POINT('',(34.644849905866,4.,4.9));
#4873 = CARTESIAN_POINT('',(34.611318797708,4.,5.069137980593));
#4874 = CARTESIAN_POINT('',(34.562884715354,4.,5.235144895965));
#4875 = CARTESIAN_POINT('',(34.501500797748,4.,5.397050653133));
#4876 = CARTESIAN_POINT('',(34.429386172733,4.,5.554439590847));
#4877 = CARTESIAN_POINT('',(34.348453099965,4.,5.707220476848));
#4878 = CARTESIAN_POINT('',(34.260218200034,4.,5.85558994536));
#4879 = CARTESIAN_POINT('',(34.165709003072,4.,6.));
#4880 = ORIENTED_EDGE('',*,*,#4881,.F.);
#4881 = EDGE_CURVE('',#4882,#4869,#4884,.T.);
#4882 = VERTEX_POINT('',#4883);
#4883 = CARTESIAN_POINT('',(35.616086253265,4.,0.));
#4884 = HYPERBOLA('',#4885,20.310880829015,4.);
#4885 = AXIS2_PLACEMENT_3D('',#4886,#4887,#4888);
#4886 = CARTESIAN_POINT('',(0.,4.,181.98549222797));
#4887 = DIRECTION('',(0.,1.,0.));
#4888 = DIRECTION('',(0.,0.,-1.));
#4889 = ORIENTED_EDGE('',*,*,#4890,.T.);
#4890 = EDGE_CURVE('',#4882,#4841,#4891,.T.);
#4891 = LINE('',#4892,#4893);
#4892 = CARTESIAN_POINT('',(14.5,4.,0.));
#4893 = VECTOR('',#4894,1.);
#4894 = DIRECTION('',(-1.,0.,0.));
#4895 = ORIENTED_EDGE('',*,*,#4840,.T.);
#4896 = PLANE('',#4897);
#4897 = AXIS2_PLACEMENT_3D('',#4898,#4899,#4900);
#4898 = CARTESIAN_POINT('',(29.,4.,-1.));
#4899 = DIRECTION('',(0.,1.,0.));
#4900 = DIRECTION('',(0.,0.,1.));
#4901 = ADVANCED_FACE('',(#4902),#4927,.T.);
#4902 = FACE_BOUND('',#4903,.T.);
#4903 = EDGE_LOOP('',(#4904,#4912,#4920,#4926));
#4904 = ORIENTED_EDGE('',*,*,#4905,.F.);
#4905 = EDGE_CURVE('',#4906,#4091,#4908,.T.);
#4906 = VERTEX_POINT('',#4907);
#4907 = CARTESIAN_POINT('',(-13.83717751155,-17.72084485561,-1.6));
#4908 = LINE('',#4909,#4910);
#4909 = CARTESIAN_POINT('',(-13.83717751155,-17.72084485561,-1.6));
#4910 = VECTOR('',#4911,1.);
#4911 = DIRECTION('',(-0.5,-0.866025403784,0.));
#4912 = ORIENTED_EDGE('',*,*,#4913,.T.);
#4913 = EDGE_CURVE('',#4906,#4914,#4916,.T.);
#4914 = VERTEX_POINT('',#4915);
#4915 = CARTESIAN_POINT('',(-13.83717751155,-17.72084485561,0.3));
#4916 = LINE('',#4917,#4918);
#4917 = CARTESIAN_POINT('',(-13.83717751155,-17.72084485561,-1.6));
#4918 = VECTOR('',#4919,1.);
#4919 = DIRECTION('',(0.,0.,1.));
#4920 = ORIENTED_EDGE('',*,*,#4921,.T.);
#4921 = EDGE_CURVE('',#4914,#4082,#4922,.T.);
#4922 = LINE('',#4923,#4924);
#4923 = CARTESIAN_POINT('',(-13.83717751155,-17.72084485561,0.3));
#4924 = VECTOR('',#4925,1.);
#4925 = DIRECTION('',(-0.5,-0.866025403784,0.));
#4926 = ORIENTED_EDGE('',*,*,#4098,.T.);
#4927 = PLANE('',#4928);
#4928 = AXIS2_PLACEMENT_3D('',#4929,#4930,#4931);
#4929 = CARTESIAN_POINT('',(-13.83717751155,-17.72084485561,-1.6));
#4930 = DIRECTION('',(0.866025403784,-0.5,0.));
#4931 = DIRECTION('',(-0.5,-0.866025403784,0.));
#4932 = ADVANCED_FACE('',(#4933),#4958,.T.);
#4933 = FACE_BOUND('',#4934,.T.);
#4934 = EDGE_LOOP('',(#4935,#4943,#4944,#4952));
#4935 = ORIENTED_EDGE('',*,*,#4936,.F.);
#4936 = EDGE_CURVE('',#4121,#4937,#4939,.T.);
#4937 = VERTEX_POINT('',#4938);
#4938 = CARTESIAN_POINT('',(-10.19987081565,-19.82084485561,-1.6));
#4939 = LINE('',#4940,#4941);
#4940 = CARTESIAN_POINT('',(-11.41230638095,-21.92084485561,-1.6));
#4941 = VECTOR('',#4942,1.);
#4942 = DIRECTION('',(0.5,0.866025403784,0.));
#4943 = ORIENTED_EDGE('',*,*,#4120,.T.);
#4944 = ORIENTED_EDGE('',*,*,#4945,.T.);
#4945 = EDGE_CURVE('',#4113,#4946,#4948,.T.);
#4946 = VERTEX_POINT('',#4947);
#4947 = CARTESIAN_POINT('',(-10.19987081565,-19.82084485561,0.3));
#4948 = LINE('',#4949,#4950);
#4949 = CARTESIAN_POINT('',(-11.41230638095,-21.92084485561,0.3));
#4950 = VECTOR('',#4951,1.);
#4951 = DIRECTION('',(0.5,0.866025403784,0.));
#4952 = ORIENTED_EDGE('',*,*,#4953,.F.);
#4953 = EDGE_CURVE('',#4937,#4946,#4954,.T.);
#4954 = LINE('',#4955,#4956);
#4955 = CARTESIAN_POINT('',(-10.19987081565,-19.82084485561,-1.6));
#4956 = VECTOR('',#4957,1.);
#4957 = DIRECTION('',(0.,0.,1.));
#4958 = PLANE('',#4959);
#4959 = AXIS2_PLACEMENT_3D('',#4960,#4961,#4962);
#4960 = CARTESIAN_POINT('',(-11.41230638095,-21.92084485561,-1.6));
#4961 = DIRECTION('',(-0.866025403784,0.5,0.));
#4962 = DIRECTION('',(0.5,0.866025403784,0.));
#4963 = ADVANCED_FACE('',(#4964),#4989,.T.);
#4964 = FACE_BOUND('',#4965,.T.);
#4965 = EDGE_LOOP('',(#4966,#4974,#4982,#4988));
#4966 = ORIENTED_EDGE('',*,*,#4967,.F.);
#4967 = EDGE_CURVE('',#4968,#4196,#4970,.T.);
#4968 = VERTEX_POINT('',#4969);
#4969 = CARTESIAN_POINT('',(13.837177511552,17.720844855619,-1.6));
#4970 = LINE('',#4971,#4972);
#4971 = CARTESIAN_POINT('',(13.837177511552,17.720844855619,-1.6));
#4972 = VECTOR('',#4973,1.);
#4973 = DIRECTION('',(0.5,0.866025403784,0.));
#4974 = ORIENTED_EDGE('',*,*,#4975,.T.);
#4975 = EDGE_CURVE('',#4968,#4976,#4978,.T.);
#4976 = VERTEX_POINT('',#4977);
#4977 = CARTESIAN_POINT('',(13.837177511552,17.720844855619,0.3));
#4978 = LINE('',#4979,#4980);
#4979 = CARTESIAN_POINT('',(13.837177511552,17.720844855619,-1.6));
#4980 = VECTOR('',#4981,1.);
#4981 = DIRECTION('',(0.,0.,1.));
#4982 = ORIENTED_EDGE('',*,*,#4983,.T.);
#4983 = EDGE_CURVE('',#4976,#4187,#4984,.T.);
#4984 = LINE('',#4985,#4986);
#4985 = CARTESIAN_POINT('',(13.837177511552,17.720844855619,0.3));
#4986 = VECTOR('',#4987,1.);
#4987 = DIRECTION('',(0.5,0.866025403784,0.));
#4988 = ORIENTED_EDGE('',*,*,#4203,.T.);
#4989 = PLANE('',#4990);
#4990 = AXIS2_PLACEMENT_3D('',#4991,#4992,#4993);
#4991 = CARTESIAN_POINT('',(13.837177511552,17.720844855619,-1.6));
#4992 = DIRECTION('',(-0.866025403784,0.5,0.));
#4993 = DIRECTION('',(0.5,0.866025403784,0.));
#4994 = ADVANCED_FACE('',(#4995),#5020,.T.);
#4995 = FACE_BOUND('',#4996,.T.);
#4996 = EDGE_LOOP('',(#4997,#5005,#5006,#5014));
#4997 = ORIENTED_EDGE('',*,*,#4998,.F.);
#4998 = EDGE_CURVE('',#4226,#4999,#5001,.T.);
#4999 = VERTEX_POINT('',#5000);
#5000 = CARTESIAN_POINT('',(10.199870815657,19.820844855619,-1.6));
#5001 = LINE('',#5002,#5003);
#5002 = CARTESIAN_POINT('',(11.412306380956,21.920844855619,-1.6));
#5003 = VECTOR('',#5004,1.);
#5004 = DIRECTION('',(-0.5,-0.866025403784,0.));
#5005 = ORIENTED_EDGE('',*,*,#4225,.T.);
#5006 = ORIENTED_EDGE('',*,*,#5007,.T.);
#5007 = EDGE_CURVE('',#4218,#5008,#5010,.T.);
#5008 = VERTEX_POINT('',#5009);
#5009 = CARTESIAN_POINT('',(10.199870815657,19.820844855619,0.3));
#5010 = LINE('',#5011,#5012);
#5011 = CARTESIAN_POINT('',(11.412306380956,21.920844855619,0.3));
#5012 = VECTOR('',#5013,1.);
#5013 = DIRECTION('',(-0.5,-0.866025403784,0.));
#5014 = ORIENTED_EDGE('',*,*,#5015,.F.);
#5015 = EDGE_CURVE('',#4999,#5008,#5016,.T.);
#5016 = LINE('',#5017,#5018);
#5017 = CARTESIAN_POINT('',(10.199870815657,19.820844855619,-1.6));
#5018 = VECTOR('',#5019,1.);
#5019 = DIRECTION('',(0.,0.,1.));
#5020 = PLANE('',#5021);
#5021 = AXIS2_PLACEMENT_3D('',#5022,#5023,#5024);
#5022 = CARTESIAN_POINT('',(11.412306380956,21.920844855619,-1.6));
#5023 = DIRECTION('',(0.866025403784,-0.5,0.));
#5024 = DIRECTION('',(-0.5,-0.866025403784,0.));
#5025 = ADVANCED_FACE('',(#5026,#5034),#5045,.F.);
#5026 = FACE_BOUND('',#5027,.F.);
#5027 = EDGE_LOOP('',(#5028,#5029,#5030,#5031,#5032,#5033));
#5028 = ORIENTED_EDGE('',*,*,#4377,.T.);
#5029 = ORIENTED_EDGE('',*,*,#4360,.T.);
#5030 = ORIENTED_EDGE('',*,*,#4336,.T.);
#5031 = ORIENTED_EDGE('',*,*,#4312,.T.);
#5032 = ORIENTED_EDGE('',*,*,#4288,.T.);
#5033 = ORIENTED_EDGE('',*,*,#4257,.T.);
#5034 = FACE_BOUND('',#5035,.F.);
#5035 = EDGE_LOOP('',(#5036));
#5036 = ORIENTED_EDGE('',*,*,#5037,.F.);
#5037 = EDGE_CURVE('',#5038,#5038,#5040,.T.);
#5038 = VERTEX_POINT('',#5039);
#5039 = CARTESIAN_POINT('',(-32.83429067586,2.694222958124E-16,
    1.176805573824));
#5040 = CIRCLE('',#5041,1.1);
#5041 = AXIS2_PLACEMENT_3D('',#5042,#5043,#5044);
#5042 = CARTESIAN_POINT('',(-32.62174067631,0.,2.256075001581));
#5043 = DIRECTION('',(-0.981154025234,0.,0.193227272317));
#5044 = DIRECTION('',(-0.193227272317,0.,-0.981154025234));
#5045 = PLANE('',#5046);
#5046 = AXIS2_PLACEMENT_3D('',#5047,#5048,#5049);
#5047 = CARTESIAN_POINT('',(-32.62174067631,-3.052321724418E-17,
    2.256075001581));
#5048 = DIRECTION('',(-0.981154025234,0.,0.193227272317));
#5049 = DIRECTION('',(0.193227272317,0.,0.981154025234));
#5050 = ADVANCED_FACE('',(#5051,#5059),#5070,.F.);
#5051 = FACE_BOUND('',#5052,.F.);
#5052 = EDGE_LOOP('',(#5053,#5054,#5055,#5056,#5057,#5058));
#5053 = ORIENTED_EDGE('',*,*,#4521,.T.);
#5054 = ORIENTED_EDGE('',*,*,#4401,.T.);
#5055 = ORIENTED_EDGE('',*,*,#4425,.T.);
#5056 = ORIENTED_EDGE('',*,*,#4449,.T.);
#5057 = ORIENTED_EDGE('',*,*,#4473,.T.);
#5058 = ORIENTED_EDGE('',*,*,#4497,.T.);
#5059 = FACE_BOUND('',#5060,.F.);
#5060 = EDGE_LOOP('',(#5061));
#5061 = ORIENTED_EDGE('',*,*,#5062,.F.);
#5062 = EDGE_CURVE('',#5063,#5063,#5065,.T.);
#5063 = VERTEX_POINT('',#5064);
#5064 = CARTESIAN_POINT('',(32.40919067677,2.694222958124E-16,
    3.335344429339));
#5065 = CIRCLE('',#5066,1.1);
#5066 = AXIS2_PLACEMENT_3D('',#5067,#5068,#5069);
#5067 = CARTESIAN_POINT('',(32.621740676318,0.,2.256075001581));
#5068 = DIRECTION('',(0.981154025234,0.,0.193227272317));
#5069 = DIRECTION('',(-0.193227272317,0.,0.981154025234));
#5070 = PLANE('',#5071);
#5071 = AXIS2_PLACEMENT_3D('',#5072,#5073,#5074);
#5072 = CARTESIAN_POINT('',(32.621740676318,-3.052321724418E-17,
    2.256075001581));
#5073 = DIRECTION('',(0.981154025234,0.,0.193227272317));
#5074 = DIRECTION('',(0.193227272317,0.,-0.981154025234));
#5075 = ADVANCED_FACE('',(#5076),#5095,.T.);
#5076 = FACE_BOUND('',#5077,.T.);
#5077 = EDGE_LOOP('',(#5078,#5087,#5093,#5094));
#5078 = ORIENTED_EDGE('',*,*,#5079,.F.);
#5079 = EDGE_CURVE('',#5080,#5080,#5082,.T.);
#5080 = VERTEX_POINT('',#5081);
#5081 = CARTESIAN_POINT('',(19.,-4.65365783676E-15,-9.95));
#5082 = CIRCLE('',#5083,19.);
#5083 = AXIS2_PLACEMENT_3D('',#5084,#5085,#5086);
#5084 = CARTESIAN_POINT('',(0.,0.,-9.95));
#5085 = DIRECTION('',(0.,0.,1.));
#5086 = DIRECTION('',(1.,0.,0.));
#5087 = ORIENTED_EDGE('',*,*,#5088,.F.);
#5088 = EDGE_CURVE('',#4537,#5080,#5089,.T.);
#5089 = LINE('',#5090,#5091);
#5090 = CARTESIAN_POINT('',(19.,-4.65365783676E-15,-10.75));
#5091 = VECTOR('',#5092,1.);
#5092 = DIRECTION('',(0.,0.,1.));
#5093 = ORIENTED_EDGE('',*,*,#4536,.T.);
#5094 = ORIENTED_EDGE('',*,*,#5088,.T.);
#5095 = CYLINDRICAL_SURFACE('',#5096,19.);
#5096 = AXIS2_PLACEMENT_3D('',#5097,#5098,#5099);
#5097 = CARTESIAN_POINT('',(0.,0.,-10.75));
#5098 = DIRECTION('',(0.,0.,1.));
#5099 = DIRECTION('',(1.,0.,0.));
#5100 = ADVANCED_FACE('',(#5101),#5121,.T.);
#5101 = FACE_BOUND('',#5102,.T.);
#5102 = EDGE_LOOP('',(#5103,#5112,#5119,#5120));
#5103 = ORIENTED_EDGE('',*,*,#5104,.F.);
#5104 = EDGE_CURVE('',#5105,#4623,#5107,.T.);
#5105 = VERTEX_POINT('',#5106);
#5106 = CARTESIAN_POINT('',(34.875,0.,4.9));
#5107 = B_SPLINE_CURVE_WITH_KNOTS('',3,(#5108,#5109,#5110,#5111),
  .UNSPECIFIED.,.F.,.F.,(4,4),(0.,1.),.PIECEWISE_BEZIER_KNOTS.);
#5108 = CARTESIAN_POINT('',(34.875,0.,4.9));
#5109 = CARTESIAN_POINT('',(34.218537414966,0.,8.233333333333));
#5110 = CARTESIAN_POINT('',(25.861576660459,0.,11.566666666667));
#5111 = CARTESIAN_POINT('',(25.,0.,14.9));
#5112 = ORIENTED_EDGE('',*,*,#5113,.T.);
#5113 = EDGE_CURVE('',#5105,#4869,#5114,.T.);
#5114 = CIRCLE('',#5115,34.875);
#5115 = AXIS2_PLACEMENT_3D('',#5116,#5117,#5118);
#5116 = CARTESIAN_POINT('',(0.,0.,4.9));
#5117 = DIRECTION('',(0.,0.,1.));
#5118 = DIRECTION('',(1.,0.,0.));
#5119 = ORIENTED_EDGE('',*,*,#4868,.T.);
#5120 = ORIENTED_EDGE('',*,*,#4632,.T.);
#5121 = SURFACE_OF_REVOLUTION('',#5122,#5127);
#5122 = B_SPLINE_CURVE_WITH_KNOTS('',3,(#5123,#5124,#5125,#5126),
  .UNSPECIFIED.,.F.,.F.,(4,4),(0.,1.),.PIECEWISE_BEZIER_KNOTS.);
#5123 = CARTESIAN_POINT('',(34.875,0.,4.9));
#5124 = CARTESIAN_POINT('',(34.218537414966,0.,8.233333333333));
#5125 = CARTESIAN_POINT('',(25.861576660459,0.,11.566666666667));
#5126 = CARTESIAN_POINT('',(25.,0.,14.9));
#5127 = AXIS1_PLACEMENT('',#5128,#5129);
#5128 = CARTESIAN_POINT('',(0.,0.,0.));
#5129 = DIRECTION('',(0.,0.,1.));
#5130 = ADVANCED_FACE('',(#5131),#5143,.T.);
#5131 = FACE_BOUND('',#5132,.T.);
#5132 = EDGE_LOOP('',(#5133,#5140,#5141,#5142));
#5133 = ORIENTED_EDGE('',*,*,#5134,.T.);
#5134 = EDGE_CURVE('',#4651,#5105,#5135,.T.);
#5135 = CIRCLE('',#5136,34.875);
#5136 = AXIS2_PLACEMENT_3D('',#5137,#5138,#5139);
#5137 = CARTESIAN_POINT('',(0.,0.,4.9));
#5138 = DIRECTION('',(0.,0.,1.));
#5139 = DIRECTION('',(1.,0.,0.));
#5140 = ORIENTED_EDGE('',*,*,#5104,.T.);
#5141 = ORIENTED_EDGE('',*,*,#4622,.T.);
#5142 = ORIENTED_EDGE('',*,*,#4650,.F.);
#5143 = SURFACE_OF_REVOLUTION('',#5144,#5149);
#5144 = B_SPLINE_CURVE_WITH_KNOTS('',3,(#5145,#5146,#5147,#5148),
  .UNSPECIFIED.,.F.,.F.,(4,4),(0.,1.),.PIECEWISE_BEZIER_KNOTS.);
#5145 = CARTESIAN_POINT('',(34.875,0.,4.9));
#5146 = CARTESIAN_POINT('',(34.218537414966,0.,8.233333333333));
#5147 = CARTESIAN_POINT('',(25.861576660459,0.,11.566666666667));
#5148 = CARTESIAN_POINT('',(25.,0.,14.9));
#5149 = AXIS1_PLACEMENT('',#5150,#5151);
#5150 = CARTESIAN_POINT('',(0.,0.,0.));
#5151 = DIRECTION('',(0.,0.,1.));
#5152 = ADVANCED_FACE('',(#5153,#5164),#5195,.T.);
#5153 = FACE_BOUND('',#5154,.T.);
#5154 = EDGE_LOOP('',(#5155));
#5155 = ORIENTED_EDGE('',*,*,#5156,.T.);
#5156 = EDGE_CURVE('',#5157,#5157,#5159,.T.);
#5157 = VERTEX_POINT('',#5158);
#5158 = CARTESIAN_POINT('',(37.75,-9.246083333563E-15,0.));
#5159 = CIRCLE('',#5160,37.75);
#5160 = AXIS2_PLACEMENT_3D('',#5161,#5162,#5163);
#5161 = CARTESIAN_POINT('',(0.,0.,0.));
#5162 = DIRECTION('',(0.,0.,1.));
#5163 = DIRECTION('',(1.,0.,0.));
#5164 = FACE_BOUND('',#5165,.T.);
#5165 = EDGE_LOOP('',(#5166,#5167,#5168,#5177,#5184,#5185,#5186,#5187,
    #5194));
#5166 = ORIENTED_EDGE('',*,*,#4849,.F.);
#5167 = ORIENTED_EDGE('',*,*,#4890,.F.);
#5168 = ORIENTED_EDGE('',*,*,#5169,.F.);
#5169 = EDGE_CURVE('',#5170,#4882,#5172,.T.);
#5170 = VERTEX_POINT('',#5171);
#5171 = CARTESIAN_POINT('',(35.84,-4.389134123732E-15,0.));
#5172 = CIRCLE('',#5173,35.84);
#5173 = AXIS2_PLACEMENT_3D('',#5174,#5175,#5176);
#5174 = CARTESIAN_POINT('',(0.,0.,0.));
#5175 = DIRECTION('',(0.,0.,1.));
#5176 = DIRECTION('',(1.,0.,0.));
#5177 = ORIENTED_EDGE('',*,*,#5178,.F.);
#5178 = EDGE_CURVE('',#4664,#5170,#5179,.T.);
#5179 = CIRCLE('',#5180,35.84);
#5180 = AXIS2_PLACEMENT_3D('',#5181,#5182,#5183);
#5181 = CARTESIAN_POINT('',(0.,0.,0.));
#5182 = DIRECTION('',(0.,0.,1.));
#5183 = DIRECTION('',(1.,0.,0.));
#5184 = ORIENTED_EDGE('',*,*,#4672,.T.);
#5185 = ORIENTED_EDGE('',*,*,#4695,.F.);
#5186 = ORIENTED_EDGE('',*,*,#4721,.T.);
#5187 = ORIENTED_EDGE('',*,*,#5188,.F.);
#5188 = EDGE_CURVE('',#4796,#4722,#5189,.T.);
#5189 = CIRCLE('',#5190,35.84);
#5190 = AXIS2_PLACEMENT_3D('',#5191,#5192,#5193);
#5191 = CARTESIAN_POINT('',(0.,0.,0.));
#5192 = DIRECTION('',(0.,0.,1.));
#5193 = DIRECTION('',(1.,0.,0.));
#5194 = ORIENTED_EDGE('',*,*,#4793,.F.);
#5195 = PLANE('',#5196);
#5196 = AXIS2_PLACEMENT_3D('',#5197,#5198,#5199);
#5197 = CARTESIAN_POINT('',(0.,0.,0.));
#5198 = DIRECTION('',(0.,0.,1.));
#5199 = DIRECTION('',(1.,0.,0.));
#5200 = ADVANCED_FACE('',(#5201),#5277,.T.);
#5201 = FACE_BOUND('',#5202,.T.);
#5202 = EDGE_LOOP('',(#5203,#5204,#5205,#5213,#5270,#5276));
#5203 = ORIENTED_EDGE('',*,*,#4663,.F.);
#5204 = ORIENTED_EDGE('',*,*,#5178,.T.);
#5205 = ORIENTED_EDGE('',*,*,#5206,.T.);
#5206 = EDGE_CURVE('',#5170,#5207,#5209,.T.);
#5207 = VERTEX_POINT('',#5208);
#5208 = CARTESIAN_POINT('',(35.504670968599,0.,1.702706998821));
#5209 = LINE('',#5210,#5211);
#5210 = CARTESIAN_POINT('',(35.84,0.,0.));
#5211 = VECTOR('',#5212,1.);
#5212 = DIRECTION('',(-0.193227272317,0.,0.981154025234));
#5213 = ORIENTED_EDGE('',*,*,#5214,.F.);
#5214 = EDGE_CURVE('',#5215,#5207,#5217,.T.);
#5215 = VERTEX_POINT('',#5216);
#5216 = CARTESIAN_POINT('',(35.079570969503,1.347111479062E-16,
    3.861245854336));
#5217 = B_SPLINE_CURVE_WITH_KNOTS('',6,(#5218,#5219,#5220,#5221,#5222,
    #5223,#5224,#5225,#5226,#5227,#5228,#5229,#5230,#5231,#5232,#5233,
    #5234,#5235,#5236,#5237,#5238,#5239,#5240,#5241,#5242,#5243,#5244,
    #5245,#5246,#5247,#5248,#5249,#5250,#5251,#5252,#5253,#5254,#5255,
    #5256,#5257,#5258,#5259,#5260,#5261,#5262,#5263,#5264,#5265,#5266,
    #5267,#5268,#5269),.UNSPECIFIED.,.F.,.F.,(7,5,5,5,5,5,5,5,5,5,7),(0.
    ,0.11781404584,0.188419799078,0.274040235001,0.336214077152,
    0.498605460847,0.658829416195,0.722100901503,0.808775619076,
    0.880362189454,1.),.UNSPECIFIED.);
#5218 = CARTESIAN_POINT('',(35.079570969503,2.22044604925E-16,
    3.861245854336));
#5219 = CARTESIAN_POINT('',(35.079570969503,-7.636528437959E-02,
    3.861245854336));
#5220 = CARTESIAN_POINT('',(35.08060823198,-0.152756620015,
    3.854966036005));
#5221 = CARTESIAN_POINT('',(35.082683883191,-0.228062625691,
    3.842398970812));
#5222 = CARTESIAN_POINT('',(35.085752759711,-0.301336578587,
    3.823872926233));
#5223 = CARTESIAN_POINT('',(35.089747737388,-0.371820064246,
    3.799893735649));
#5224 = CARTESIAN_POINT('',(35.097481658773,-0.47915464712,
    3.753810060809));
#5225 = CARTESIAN_POINT('',(35.100682800206,-0.518179612654,
    3.734798297064));
#5226 = CARTESIAN_POINT('',(35.104170198982,-0.555898458213,
    3.714167374059));
#5227 = CARTESIAN_POINT('',(35.107926455615,-0.592230939624,
    3.692045508067));
#5228 = CARTESIAN_POINT('',(35.111934457026,-0.627121088577,
    3.668558476018));
#5229 = CARTESIAN_POINT('',(35.121324569587,-0.701047210127,
    3.613827006434));
#5230 = CARTESIAN_POINT('',(35.126817403725,-0.739385184247,
    3.581996426676));
#5231 = CARTESIAN_POINT('',(35.132628667272,-0.775483004313,
    3.548537665196));
#5232 = CARTESIAN_POINT('',(35.138731878428,-0.809309603514,
    3.513642939418));
#5233 = CARTESIAN_POINT('',(35.145102902181,-0.840856283392,
    3.477485419036));
#5234 = CARTESIAN_POINT('',(35.156526198348,-0.891383072894,
    3.413150048404));
#5235 = CARTESIAN_POINT('',(35.161461692765,-0.911437961155,
    3.385499336025));
#5236 = CARTESIAN_POINT('',(35.166518962639,-0.930294172822,
    3.357320306866));
#5237 = CARTESIAN_POINT('',(35.171690303688,-0.947955156013,
    3.328666559724));
#5238 = CARTESIAN_POINT('',(35.17696849376,-0.964425849104,
    3.299587389421));
#5239 = CARTESIAN_POINT('',(35.196394331152,-1.019640239539,
    3.193182475609));
#5240 = CARTESIAN_POINT('',(35.211121311838,-1.051480472965,
    3.113661167114));
#5241 = CARTESIAN_POINT('',(35.226413221874,-1.075363177094,
    3.032335164827));
#5242 = CARTESIAN_POINT('',(35.242162284147,-1.091375511635,
    2.949869993824));
#5243 = CARTESIAN_POINT('',(35.258262291452,-1.0995869157,2.86685880354)
  );
#5244 = CARTESIAN_POINT('',(35.290735393544,-1.100383062203,
    2.701923587107));
#5245 = CARTESIAN_POINT('',(35.30709571465,-1.093174760613,
    2.620031636898));
#5246 = CARTESIAN_POINT('',(35.323587068153,-1.078364386817,
    2.53867722836));
#5247 = CARTESIAN_POINT('',(35.34008766079,-1.055879064743,
    2.458427275184));
#5248 = CARTESIAN_POINT('',(35.356451040536,-1.025628854126,
    2.37991361056));
#5249 = CARTESIAN_POINT('',(35.378836412151,-0.972424022872,
    2.27383026295));
#5250 = CARTESIAN_POINT('',(35.385123944661,-0.95613256887,
    2.244184885138));
#5251 = CARTESIAN_POINT('',(35.391350396388,-0.938604865356,
    2.214972705372));
#5252 = CARTESIAN_POINT('',(35.397503197849,-0.919835414474,
    2.186244536991));
#5253 = CARTESIAN_POINT('',(35.403568532071,-0.899820286144,
    2.158055591423));
#5254 = CARTESIAN_POINT('',(35.417699693884,-0.849429003271,
    2.092670170229));
#5255 = CARTESIAN_POINT('',(35.42567527222,-0.817960370873,
    2.056000275576));
#5256 = CARTESIAN_POINT('',(35.433419735498,-0.7841458719,2.020607264524
    ));
#5257 = CARTESIAN_POINT('',(35.440888408449,-0.747993679749,
    1.986666466985));
#5258 = CARTESIAN_POINT('',(35.448031414382,-0.709535007796,
    1.954372355106));
#5259 = CARTESIAN_POINT('',(35.460380857365,-0.635217454476,
    1.898793969932));
#5260 = CARTESIAN_POINT('',(35.465707743681,-0.600072665039,
    1.874920843026));
#5261 = CARTESIAN_POINT('',(35.47074496153,-0.563437350027,
    1.852432877623));
#5262 = CARTESIAN_POINT('',(35.475459513221,-0.52536896267,
    1.831457846936));
#5263 = CARTESIAN_POINT('',(35.479817711956,-0.485950066538,
    1.812126004394));
#5264 = CARTESIAN_POINT('',(35.49042054504,-0.377348480268,1.76521173035
    ));
#5265 = CARTESIAN_POINT('',(35.49597178669,-0.305907621229,
    1.740783677661));
#5266 = CARTESIAN_POINT('',(35.500279264724,-0.231569418889,
    1.721909144795));
#5267 = CARTESIAN_POINT('',(35.503207747364,-0.155120399749,
    1.709104893822));
#5268 = CARTESIAN_POINT('',(35.504670968599,-7.754546863189E-02,
    1.702706998821));
#5269 = CARTESIAN_POINT('',(35.504670968599,-8.659739592076E-15,
    1.702706998821));
#5270 = ORIENTED_EDGE('',*,*,#5271,.T.);
#5271 = EDGE_CURVE('',#5215,#5105,#5272,.T.);
#5272 = LINE('',#5273,#5274);
#5273 = CARTESIAN_POINT('',(35.84,0.,0.));
#5274 = VECTOR('',#5275,1.);
#5275 = DIRECTION('',(-0.193227272317,0.,0.981154025234));
#5276 = ORIENTED_EDGE('',*,*,#5134,.F.);
#5277 = CONICAL_SURFACE('',#5278,35.84,0.194450349438);
#5278 = AXIS2_PLACEMENT_3D('',#5279,#5280,#5281);
#5279 = CARTESIAN_POINT('',(0.,0.,0.));
#5280 = DIRECTION('',(-0.,-0.,-1.));
#5281 = DIRECTION('',(1.,0.,0.));
#5282 = ADVANCED_FACE('',(#5283),#5295,.T.);
#5283 = FACE_BOUND('',#5284,.T.);
#5284 = EDGE_LOOP('',(#5285,#5286,#5293,#5294));
#5285 = ORIENTED_EDGE('',*,*,#4812,.F.);
#5286 = ORIENTED_EDGE('',*,*,#5287,.T.);
#5287 = EDGE_CURVE('',#4804,#4730,#5288,.T.);
#5288 = CIRCLE('',#5289,34.875);
#5289 = AXIS2_PLACEMENT_3D('',#5290,#5291,#5292);
#5290 = CARTESIAN_POINT('',(0.,0.,4.9));
#5291 = DIRECTION('',(0.,0.,1.));
#5292 = DIRECTION('',(1.,0.,0.));
#5293 = ORIENTED_EDGE('',*,*,#4738,.T.);
#5294 = ORIENTED_EDGE('',*,*,#4775,.T.);
#5295 = SURFACE_OF_REVOLUTION('',#5296,#5301);
#5296 = B_SPLINE_CURVE_WITH_KNOTS('',3,(#5297,#5298,#5299,#5300),
  .UNSPECIFIED.,.F.,.F.,(4,4),(0.,1.),.PIECEWISE_BEZIER_KNOTS.);
#5297 = CARTESIAN_POINT('',(34.875,0.,4.9));
#5298 = CARTESIAN_POINT('',(34.218537414966,0.,8.233333333333));
#5299 = CARTESIAN_POINT('',(25.861576660459,0.,11.566666666667));
#5300 = CARTESIAN_POINT('',(25.,0.,14.9));
#5301 = AXIS1_PLACEMENT('',#5302,#5303);
#5302 = CARTESIAN_POINT('',(0.,0.,0.));
#5303 = DIRECTION('',(0.,0.,1.));
#5304 = ADVANCED_FACE('',(#5305,#5311),#5430,.T.);
#5305 = FACE_BOUND('',#5306,.T.);
#5306 = EDGE_LOOP('',(#5307,#5308,#5309,#5310));
#5307 = ORIENTED_EDGE('',*,*,#4803,.T.);
#5308 = ORIENTED_EDGE('',*,*,#5188,.T.);
#5309 = ORIENTED_EDGE('',*,*,#4729,.F.);
#5310 = ORIENTED_EDGE('',*,*,#5287,.F.);
#5311 = FACE_BOUND('',#5312,.T.);
#5312 = EDGE_LOOP('',(#5313));
#5313 = ORIENTED_EDGE('',*,*,#5314,.F.);
#5314 = EDGE_CURVE('',#5315,#5315,#5317,.T.);
#5315 = VERTEX_POINT('',#5316);
#5316 = CARTESIAN_POINT('',(-35.50467096859,2.694222958124E-16,
    1.702706998821));
#5317 = B_SPLINE_CURVE_WITH_KNOTS('',6,(#5318,#5319,#5320,#5321,#5322,
    #5323,#5324,#5325,#5326,#5327,#5328,#5329,#5330,#5331,#5332,#5333,
    #5334,#5335,#5336,#5337,#5338,#5339,#5340,#5341,#5342,#5343,#5344,
    #5345,#5346,#5347,#5348,#5349,#5350,#5351,#5352,#5353,#5354,#5355,
    #5356,#5357,#5358,#5359,#5360,#5361,#5362,#5363,#5364,#5365,#5366,
    #5367,#5368,#5369,#5370,#5371,#5372,#5373,#5374,#5375,#5376,#5377,
    #5378,#5379,#5380,#5381,#5382,#5383,#5384,#5385,#5386,#5387,#5388,
    #5389,#5390,#5391,#5392,#5393,#5394,#5395,#5396,#5397,#5398,#5399,
    #5400,#5401,#5402,#5403,#5404,#5405,#5406,#5407,#5408,#5409,#5410,
    #5411,#5412,#5413,#5414,#5415,#5416,#5417,#5418,#5419,#5420,#5421,
    #5422,#5423,#5424,#5425,#5426,#5427,#5428,#5429),.UNSPECIFIED.,.T.,
  .F.,(7,5,5,5,5,5,5,5,5,5,5,5,5,5,5,5,5,5,5,5,5,5,7),(0.,
    5.98171661509E-02,9.560969944042E-02,0.138946147852,0.170581225943,
    0.250691520728,0.331885506921,0.362971774963,0.405781093623,
    0.441083228645,0.460427551614,0.499999758738,0.539571965863,
    0.558916288832,0.594218423854,0.637027742514,0.668114010556,
    0.749307996749,0.829418291534,0.861053369625,0.904389818036,
    0.940182351325,1.),.UNSPECIFIED.);
#5318 = CARTESIAN_POINT('',(-35.50467096859,2.22044604925E-16,
    1.702706998821));
#5319 = CARTESIAN_POINT('',(-35.50467096859,-7.754746157624E-02,
    1.702706998821));
#5320 = CARTESIAN_POINT('',(-35.50320767078,-0.155122024634,
    1.709105228311));
#5321 = CARTESIAN_POINT('',(-35.50027921144,-0.231569779794,
    1.721909380013));
#5322 = CARTESIAN_POINT('',(-35.49597180378,-0.305907693385,
    1.74078360103));
#5323 = CARTESIAN_POINT('',(-35.49042049153,-0.377349028357,
    1.765211967116));
#5324 = CARTESIAN_POINT('',(-35.47981771195,-0.485950066538,
    1.812126004394));
#5325 = CARTESIAN_POINT('',(-35.47545951322,-0.52536896267,
    1.831457846936));
#5326 = CARTESIAN_POINT('',(-35.47074496153,-0.563437350027,
    1.852432877623));
#5327 = CARTESIAN_POINT('',(-35.46570774368,-0.600072665039,
    1.874920843026));
#5328 = CARTESIAN_POINT('',(-35.46038085736,-0.635217454476,
    1.898793969932));
#5329 = CARTESIAN_POINT('',(-35.44803141438,-0.709535007796,
    1.954372355106));
#5330 = CARTESIAN_POINT('',(-35.44088840844,-0.747993679749,
    1.986666466985));
#5331 = CARTESIAN_POINT('',(-35.43341973549,-0.7841458719,2.020607264524
    ));
#5332 = CARTESIAN_POINT('',(-35.42567527222,-0.817960370873,
    2.056000275576));
#5333 = CARTESIAN_POINT('',(-35.41769969388,-0.849429003271,
    2.092670170229));
#5334 = CARTESIAN_POINT('',(-35.40356853207,-0.899820286144,
    2.158055591423));
#5335 = CARTESIAN_POINT('',(-35.39750319784,-0.919835414474,
    2.186244536991));
#5336 = CARTESIAN_POINT('',(-35.39135039638,-0.938604865356,
    2.214972705372));
#5337 = CARTESIAN_POINT('',(-35.38512394466,-0.95613256887,
    2.244184885138));
#5338 = CARTESIAN_POINT('',(-35.37883641215,-0.972424022872,
    2.27383026295));
#5339 = CARTESIAN_POINT('',(-35.35645104053,-1.025628854126,
    2.37991361056));
#5340 = CARTESIAN_POINT('',(-35.34008766079,-1.055879064743,
    2.458427275184));
#5341 = CARTESIAN_POINT('',(-35.32358706815,-1.078364386817,
    2.53867722836));
#5342 = CARTESIAN_POINT('',(-35.30709571465,-1.093174760613,
    2.620031636898));
#5343 = CARTESIAN_POINT('',(-35.29073539354,-1.100383062203,
    2.701923587107));
#5344 = CARTESIAN_POINT('',(-35.25826229145,-1.0995869157,2.86685880354)
  );
#5345 = CARTESIAN_POINT('',(-35.24216228414,-1.091375511635,
    2.949869993824));
#5346 = CARTESIAN_POINT('',(-35.22641322187,-1.075363177094,
    3.032335164827));
#5347 = CARTESIAN_POINT('',(-35.21112131183,-1.051480472965,
    3.113661167114));
#5348 = CARTESIAN_POINT('',(-35.19639433115,-1.01964023954,
    3.193182475609));
#5349 = CARTESIAN_POINT('',(-35.17696849376,-0.964425849104,
    3.299587389421));
#5350 = CARTESIAN_POINT('',(-35.17169030368,-0.947955156013,
    3.328666559724));
#5351 = CARTESIAN_POINT('',(-35.16651896263,-0.930294172822,
    3.357320306866));
#5352 = CARTESIAN_POINT('',(-35.16146169276,-0.911437961155,
    3.385499336025));
#5353 = CARTESIAN_POINT('',(-35.15652619834,-0.891383072894,
    3.413150048403));
#5354 = CARTESIAN_POINT('',(-35.14510290218,-0.840856283392,
    3.477485419036));
#5355 = CARTESIAN_POINT('',(-35.13873187842,-0.809309603514,
    3.513642939418));
#5356 = CARTESIAN_POINT('',(-35.13262866727,-0.775483004313,
    3.548537665196));
#5357 = CARTESIAN_POINT('',(-35.12681740372,-0.739385184247,
    3.581996426677));
#5358 = CARTESIAN_POINT('',(-35.12132456958,-0.701047210127,
    3.613827006434));
#5359 = CARTESIAN_POINT('',(-35.11193445702,-0.627121088577,
    3.668558476018));
#5360 = CARTESIAN_POINT('',(-35.10792645561,-0.592230939624,
    3.692045508067));
#5361 = CARTESIAN_POINT('',(-35.10417019898,-0.555898458213,
    3.714167374059));
#5362 = CARTESIAN_POINT('',(-35.1006828002,-0.518179612654,
    3.734798297064));
#5363 = CARTESIAN_POINT('',(-35.09748165877,-0.47915464712,
    3.753810060809));
#5364 = CARTESIAN_POINT('',(-35.09299550296,-0.416893907864,
    3.780541460758));
#5365 = CARTESIAN_POINT('',(-35.09149843024,-0.394495191271,
    3.789480837915));
#5366 = CARTESIAN_POINT('',(-35.09009515301,-0.371755736036,
    3.797876199629));
#5367 = CARTESIAN_POINT('',(-35.08878833396,-0.348696569186,
    3.805707907712));
#5368 = CARTESIAN_POINT('',(-35.08758048639,-0.325341472463,
    3.812957418716));
#5369 = CARTESIAN_POINT('',(-35.08421040965,-0.253388942174,
    3.833210750145));
#5370 = CARTESIAN_POINT('',(-35.08237056705,-0.20392705158,
    3.844307065436));
#5371 = CARTESIAN_POINT('',(-35.08097497493,-0.153570614825,
    3.852745426744));
#5372 = CARTESIAN_POINT('',(-35.08003895494,-0.102592176953,
    3.858412602797));
#5373 = CARTESIAN_POINT('',(-35.0795709695,-5.129324346224E-02,
    3.861245854336));
#5374 = CARTESIAN_POINT('',(-35.0795709695,5.129324346232E-02,
    3.861245854336));
#5375 = CARTESIAN_POINT('',(-35.08003895494,0.102592176953,
    3.858412602797));
#5376 = CARTESIAN_POINT('',(-35.08097497493,0.153570614825,
    3.852745426744));
#5377 = CARTESIAN_POINT('',(-35.08237056705,0.20392705158,3.844307065436
    ));
#5378 = CARTESIAN_POINT('',(-35.08421040965,0.253388942174,
    3.833210750145));
#5379 = CARTESIAN_POINT('',(-35.08758048639,0.325341472463,
    3.812957418716));
#5380 = CARTESIAN_POINT('',(-35.08878833396,0.348696569186,
    3.805707907712));
#5381 = CARTESIAN_POINT('',(-35.09009515301,0.371755736036,
    3.797876199629));
#5382 = CARTESIAN_POINT('',(-35.09149843024,0.394495191271,
    3.789480837915));
#5383 = CARTESIAN_POINT('',(-35.09299550296,0.416893907864,
    3.780541460758));
#5384 = CARTESIAN_POINT('',(-35.09748165877,0.47915464712,3.753810060809
    ));
#5385 = CARTESIAN_POINT('',(-35.1006828002,0.518179612654,3.734798297064
    ));
#5386 = CARTESIAN_POINT('',(-35.10417019898,0.555898458213,
    3.714167374059));
#5387 = CARTESIAN_POINT('',(-35.10792645561,0.592230939624,
    3.692045508067));
#5388 = CARTESIAN_POINT('',(-35.11193445702,0.627121088577,
    3.668558476018));
#5389 = CARTESIAN_POINT('',(-35.12132456958,0.701047210127,
    3.613827006434));
#5390 = CARTESIAN_POINT('',(-35.12681740372,0.739385184247,
    3.581996426676));
#5391 = CARTESIAN_POINT('',(-35.13262866727,0.775483004313,
    3.548537665196));
#5392 = CARTESIAN_POINT('',(-35.13873187842,0.809309603514,
    3.513642939418));
#5393 = CARTESIAN_POINT('',(-35.14510290218,0.840856283392,
    3.477485419036));
#5394 = CARTESIAN_POINT('',(-35.15652619834,0.891383072894,
    3.413150048403));
#5395 = CARTESIAN_POINT('',(-35.16146169276,0.911437961155,
    3.385499336025));
#5396 = CARTESIAN_POINT('',(-35.16651896263,0.930294172822,
    3.357320306866));
#5397 = CARTESIAN_POINT('',(-35.17169030368,0.947955156013,
    3.328666559724));
#5398 = CARTESIAN_POINT('',(-35.17696849376,0.964425849104,
    3.299587389421));
#5399 = CARTESIAN_POINT('',(-35.19639433115,1.019640239539,
    3.193182475609));
#5400 = CARTESIAN_POINT('',(-35.21112131183,1.051480472965,
    3.113661167114));
#5401 = CARTESIAN_POINT('',(-35.22641322187,1.075363177093,
    3.032335164827));
#5402 = CARTESIAN_POINT('',(-35.24216228414,1.091375511635,
    2.949869993824));
#5403 = CARTESIAN_POINT('',(-35.25826229145,1.0995869157,2.86685880354)
  );
#5404 = CARTESIAN_POINT('',(-35.29073539354,1.100383062203,
    2.701923587107));
#5405 = CARTESIAN_POINT('',(-35.30709571465,1.093174760613,
    2.620031636898));
#5406 = CARTESIAN_POINT('',(-35.32358706815,1.078364386817,2.53867722836
    ));
#5407 = CARTESIAN_POINT('',(-35.34008766079,1.055879064743,
    2.458427275184));
#5408 = CARTESIAN_POINT('',(-35.35645104053,1.025628854126,2.37991361056
    ));
#5409 = CARTESIAN_POINT('',(-35.37883641215,0.972424022872,2.27383026295
    ));
#5410 = CARTESIAN_POINT('',(-35.38512394466,0.95613256887,2.244184885138
    ));
#5411 = CARTESIAN_POINT('',(-35.39135039638,0.938604865356,
    2.214972705372));
#5412 = CARTESIAN_POINT('',(-35.39750319784,0.919835414473,
    2.186244536991));
#5413 = CARTESIAN_POINT('',(-35.40356853207,0.899820286144,
    2.158055591423));
#5414 = CARTESIAN_POINT('',(-35.41769969388,0.849429003271,
    2.092670170229));
#5415 = CARTESIAN_POINT('',(-35.42567527222,0.817960370873,
    2.056000275576));
#5416 = CARTESIAN_POINT('',(-35.43341973549,0.7841458719,2.020607264524)
  );
#5417 = CARTESIAN_POINT('',(-35.44088840844,0.747993679749,
    1.986666466985));
#5418 = CARTESIAN_POINT('',(-35.44803141438,0.709535007796,
    1.954372355106));
#5419 = CARTESIAN_POINT('',(-35.46038085736,0.635217454476,
    1.898793969932));
#5420 = CARTESIAN_POINT('',(-35.46570774368,0.600072665039,
    1.874920843026));
#5421 = CARTESIAN_POINT('',(-35.47074496153,0.563437350027,
    1.852432877623));
#5422 = CARTESIAN_POINT('',(-35.47545951322,0.52536896267,1.831457846936
    ));
#5423 = CARTESIAN_POINT('',(-35.47981771195,0.485950066538,
    1.812126004394));
#5424 = CARTESIAN_POINT('',(-35.49042054504,0.377348480268,1.76521173035
    ));
#5425 = CARTESIAN_POINT('',(-35.49597178669,0.305907621229,
    1.740783677661));
#5426 = CARTESIAN_POINT('',(-35.50027926472,0.231569418889,
    1.721909144794));
#5427 = CARTESIAN_POINT('',(-35.50320774736,0.155120399749,
    1.709104893822));
#5428 = CARTESIAN_POINT('',(-35.50467096859,7.754546863188E-02,
    1.702706998821));
#5429 = CARTESIAN_POINT('',(-35.50467096859,2.22044604925E-16,
    1.702706998821));
#5430 = CONICAL_SURFACE('',#5431,35.84,0.194450349438);
#5431 = AXIS2_PLACEMENT_3D('',#5432,#5433,#5434);
#5432 = CARTESIAN_POINT('',(0.,0.,0.));
#5433 = DIRECTION('',(-0.,-0.,-1.));
#5434 = DIRECTION('',(1.,0.,0.));
#5435 = ADVANCED_FACE('',(#5436),#5480,.T.);
#5436 = FACE_BOUND('',#5437,.T.);
#5437 = EDGE_LOOP('',(#5438,#5439,#5476,#5477,#5478,#5479));
#5438 = ORIENTED_EDGE('',*,*,#5271,.F.);
#5439 = ORIENTED_EDGE('',*,*,#5440,.F.);
#5440 = EDGE_CURVE('',#5207,#5215,#5441,.T.);
#5441 = B_SPLINE_CURVE_WITH_KNOTS('',4,(#5442,#5443,#5444,#5445,#5446,
    #5447,#5448,#5449,#5450,#5451,#5452,#5453,#5454,#5455,#5456,#5457,
    #5458,#5459,#5460,#5461,#5462,#5463,#5464,#5465,#5466,#5467,#5468,
    #5469,#5470,#5471,#5472,#5473,#5474,#5475),.UNSPECIFIED.,.F.,.F.,(5,
    4,3,3,3,3,3,3,3,4,5),(0.,7.89755634772E-02,0.157951126954,
    0.253571232443,0.322785427826,0.501403124409,0.679413155667,
    0.748616950273,0.843105524938,0.921024436523,1.),.UNSPECIFIED.);
#5442 = CARTESIAN_POINT('',(35.504670968599,-6.73555739531E-17,
    1.702706998821));
#5443 = CARTESIAN_POINT('',(35.504675183377,0.115855181208,
    1.702690835263));
#5444 = CARTESIAN_POINT('',(35.501024660656,0.231824900424,
    1.718641746584));
#5445 = CARTESIAN_POINT('',(35.493818500621,0.342075918655,
    1.750177904737));
#5446 = CARTESIAN_POINT('',(35.483941736597,0.443705621132,
    1.793878494774));
#5447 = CARTESIAN_POINT('',(35.478009045198,0.504730442929,1.82012663334
    ));
#5448 = CARTESIAN_POINT('',(35.471101027215,0.562668755996,
    1.850808570619));
#5449 = CARTESIAN_POINT('',(35.463386543609,0.616967002705,
    1.885272006473));
#5450 = CARTESIAN_POINT('',(35.44489827417,0.728581593368,1.968466905936
    ));
#5451 = CARTESIAN_POINT('',(35.433820344405,0.78410351895,2.018682151368
    ));
#5452 = CARTESIAN_POINT('',(35.4220639348,0.833727130282,2.072487187449)
  );
#5453 = CARTESIAN_POINT('',(35.400964441896,0.909203158508,
    2.170097367543));
#5454 = CARTESIAN_POINT('',(35.391851548999,0.93782920499,2.212560317293
    ));
#5455 = CARTESIAN_POINT('',(35.382559130686,0.963400350121,2.25620808534
    ));
#5456 = CARTESIAN_POINT('',(35.348841527205,1.044147119547,
    2.415925721072));
#5457 = CARTESIAN_POINT('',(35.323728326429,1.082192584317,
    2.537352847619));
#5458 = CARTESIAN_POINT('',(35.298703947762,1.100773768809,2.66141991215
    ));
#5459 = CARTESIAN_POINT('',(35.249924621763,1.099179083095,
    2.909239836928));
#5460 = CARTESIAN_POINT('',(35.226188199442,1.079134000208,
    3.032877303618));
#5461 = CARTESIAN_POINT('',(35.203571574151,1.0397931693,3.153896578416)
  );
#5462 = CARTESIAN_POINT('',(35.174481320995,0.957450387472,
    3.313200118336));
#5463 = CARTESIAN_POINT('',(35.166591914982,0.931389647701,
    3.356831086244));
#5464 = CARTESIAN_POINT('',(35.158991021122,0.902285432946,
    3.399268291451));
#5465 = CARTESIAN_POINT('',(35.141794075449,0.826219314857,3.49612049157
    ));
#5466 = CARTESIAN_POINT('',(35.132483925855,0.77663014827,3.549245747091
    ));
#5467 = CARTESIAN_POINT('',(35.123897593105,0.721305913341,3.59882989521
    ));
#5468 = CARTESIAN_POINT('',(35.109812630136,0.610414847127,
    3.680925634981));
#5469 = CARTESIAN_POINT('',(35.104035962583,0.556604238476,
    3.714911317416));
#5470 = CARTESIAN_POINT('',(35.098930568566,0.499265586636,
    3.745176711722));
#5471 = CARTESIAN_POINT('',(35.09458355917,0.438933613505,3.77107880109)
  );
#5472 = CARTESIAN_POINT('',(35.087331074244,0.338254987327,
    3.814290010034));
#5473 = CARTESIAN_POINT('',(35.08217265533,0.229181758721,3.845482930521
    ));
#5474 = CARTESIAN_POINT('',(35.079568810511,0.114535014258,3.86126200528
    ));
#5475 = CARTESIAN_POINT('',(35.079570969503,2.694222958124E-16,
    3.861245854336));
#5476 = ORIENTED_EDGE('',*,*,#5206,.F.);
#5477 = ORIENTED_EDGE('',*,*,#5169,.T.);
#5478 = ORIENTED_EDGE('',*,*,#4881,.T.);
#5479 = ORIENTED_EDGE('',*,*,#5113,.F.);
#5480 = CONICAL_SURFACE('',#5481,35.84,0.194450349438);
#5481 = AXIS2_PLACEMENT_3D('',#5482,#5483,#5484);
#5482 = CARTESIAN_POINT('',(0.,0.,0.));
#5483 = DIRECTION('',(-0.,-0.,-1.));
#5484 = DIRECTION('',(1.,0.,0.));
#5485 = ADVANCED_FACE('',(#5486),#5511,.T.);
#5486 = FACE_BOUND('',#5487,.T.);
#5487 = EDGE_LOOP('',(#5488,#5498,#5504,#5505));
#5488 = ORIENTED_EDGE('',*,*,#5489,.T.);
#5489 = EDGE_CURVE('',#5490,#5492,#5494,.T.);
#5490 = VERTEX_POINT('',#5491);
#5491 = CARTESIAN_POINT('',(-11.41230638095,-17.72084485561,-1.6));
#5492 = VERTEX_POINT('',#5493);
#5493 = CARTESIAN_POINT('',(-11.41230638095,-17.72084485561,0.3));
#5494 = LINE('',#5495,#5496);
#5495 = CARTESIAN_POINT('',(-11.41230638095,-17.72084485561,-1.6));
#5496 = VECTOR('',#5497,1.);
#5497 = DIRECTION('',(0.,0.,1.));
#5498 = ORIENTED_EDGE('',*,*,#5499,.T.);
#5499 = EDGE_CURVE('',#5492,#4914,#5500,.T.);
#5500 = LINE('',#5501,#5502);
#5501 = CARTESIAN_POINT('',(-11.41230638095,-17.72084485561,0.3));
#5502 = VECTOR('',#5503,1.);
#5503 = DIRECTION('',(-1.,0.,0.));
#5504 = ORIENTED_EDGE('',*,*,#4913,.F.);
#5505 = ORIENTED_EDGE('',*,*,#5506,.F.);
#5506 = EDGE_CURVE('',#5490,#4906,#5507,.T.);
#5507 = LINE('',#5508,#5509);
#5508 = CARTESIAN_POINT('',(-11.41230638095,-17.72084485561,-1.6));
#5509 = VECTOR('',#5510,1.);
#5510 = DIRECTION('',(-1.,0.,0.));
#5511 = PLANE('',#5512);
#5512 = AXIS2_PLACEMENT_3D('',#5513,#5514,#5515);
#5513 = CARTESIAN_POINT('',(-11.41230638095,-17.72084485561,-1.6));
#5514 = DIRECTION('',(0.,-1.,0.));
#5515 = DIRECTION('',(-1.,0.,0.));
#5516 = ADVANCED_FACE('',(#5517),#5533,.T.);
#5517 = FACE_BOUND('',#5518,.T.);
#5518 = EDGE_LOOP('',(#5519,#5520,#5526,#5527));
#5519 = ORIENTED_EDGE('',*,*,#4953,.T.);
#5520 = ORIENTED_EDGE('',*,*,#5521,.T.);
#5521 = EDGE_CURVE('',#4946,#5492,#5522,.T.);
#5522 = LINE('',#5523,#5524);
#5523 = CARTESIAN_POINT('',(-10.19987081565,-19.82084485561,0.3));
#5524 = VECTOR('',#5525,1.);
#5525 = DIRECTION('',(-0.5,0.866025403784,0.));
#5526 = ORIENTED_EDGE('',*,*,#5489,.F.);
#5527 = ORIENTED_EDGE('',*,*,#5528,.F.);
#5528 = EDGE_CURVE('',#4937,#5490,#5529,.T.);
#5529 = LINE('',#5530,#5531);
#5530 = CARTESIAN_POINT('',(-10.19987081565,-19.82084485561,-1.6));
#5531 = VECTOR('',#5532,1.);
#5532 = DIRECTION('',(-0.5,0.866025403784,0.));
#5533 = PLANE('',#5534);
#5534 = AXIS2_PLACEMENT_3D('',#5535,#5536,#5537);
#5535 = CARTESIAN_POINT('',(-10.19987081565,-19.82084485561,-1.6));
#5536 = DIRECTION('',(-0.866025403784,-0.5,0.));
#5537 = DIRECTION('',(-0.5,0.866025403784,0.));
#5538 = ADVANCED_FACE('',(#5539),#5564,.T.);
#5539 = FACE_BOUND('',#5540,.T.);
#5540 = EDGE_LOOP('',(#5541,#5551,#5557,#5558));
#5541 = ORIENTED_EDGE('',*,*,#5542,.T.);
#5542 = EDGE_CURVE('',#5543,#5545,#5547,.T.);
#5543 = VERTEX_POINT('',#5544);
#5544 = CARTESIAN_POINT('',(11.412306380956,17.720844855619,-1.6));
#5545 = VERTEX_POINT('',#5546);
#5546 = CARTESIAN_POINT('',(11.412306380956,17.720844855619,0.3));
#5547 = LINE('',#5548,#5549);
#5548 = CARTESIAN_POINT('',(11.412306380956,17.720844855619,-1.6));
#5549 = VECTOR('',#5550,1.);
#5550 = DIRECTION('',(0.,0.,1.));
#5551 = ORIENTED_EDGE('',*,*,#5552,.T.);
#5552 = EDGE_CURVE('',#5545,#4976,#5553,.T.);
#5553 = LINE('',#5554,#5555);
#5554 = CARTESIAN_POINT('',(11.412306380956,17.720844855619,0.3));
#5555 = VECTOR('',#5556,1.);
#5556 = DIRECTION('',(1.,0.,0.));
#5557 = ORIENTED_EDGE('',*,*,#4975,.F.);
#5558 = ORIENTED_EDGE('',*,*,#5559,.F.);
#5559 = EDGE_CURVE('',#5543,#4968,#5560,.T.);
#5560 = LINE('',#5561,#5562);
#5561 = CARTESIAN_POINT('',(11.412306380956,17.720844855619,-1.6));
#5562 = VECTOR('',#5563,1.);
#5563 = DIRECTION('',(1.,0.,0.));
#5564 = PLANE('',#5565);
#5565 = AXIS2_PLACEMENT_3D('',#5566,#5567,#5568);
#5566 = CARTESIAN_POINT('',(11.412306380956,17.720844855619,-1.6));
#5567 = DIRECTION('',(0.,1.,0.));
#5568 = DIRECTION('',(1.,0.,0.));
#5569 = ADVANCED_FACE('',(#5570),#5586,.T.);
#5570 = FACE_BOUND('',#5571,.T.);
#5571 = EDGE_LOOP('',(#5572,#5573,#5579,#5580));
#5572 = ORIENTED_EDGE('',*,*,#5015,.T.);
#5573 = ORIENTED_EDGE('',*,*,#5574,.T.);
#5574 = EDGE_CURVE('',#5008,#5545,#5575,.T.);
#5575 = LINE('',#5576,#5577);
#5576 = CARTESIAN_POINT('',(10.199870815657,19.820844855619,0.3));
#5577 = VECTOR('',#5578,1.);
#5578 = DIRECTION('',(0.5,-0.866025403784,0.));
#5579 = ORIENTED_EDGE('',*,*,#5542,.F.);
#5580 = ORIENTED_EDGE('',*,*,#5581,.F.);
#5581 = EDGE_CURVE('',#4999,#5543,#5582,.T.);
#5582 = LINE('',#5583,#5584);
#5583 = CARTESIAN_POINT('',(10.199870815657,19.820844855619,-1.6));
#5584 = VECTOR('',#5585,1.);
#5585 = DIRECTION('',(0.5,-0.866025403784,0.));
#5586 = PLANE('',#5587);
#5587 = AXIS2_PLACEMENT_3D('',#5588,#5589,#5590);
#5588 = CARTESIAN_POINT('',(10.199870815657,19.820844855619,-1.6));
#5589 = DIRECTION('',(0.866025403784,0.5,0.));
#5590 = DIRECTION('',(0.5,-0.866025403784,0.));
#5591 = ADVANCED_FACE('',(#5592),#5603,.F.);
#5592 = FACE_BOUND('',#5593,.F.);
#5593 = EDGE_LOOP('',(#5594,#5600,#5601,#5602));
#5594 = ORIENTED_EDGE('',*,*,#5595,.T.);
#5595 = EDGE_CURVE('',#5038,#5315,#5596,.T.);
#5596 = LINE('',#5597,#5598);
#5597 = CARTESIAN_POINT('',(-29.74365549637,2.694222958124E-16,
    0.568139666027));
#5598 = VECTOR('',#5599,1.);
#5599 = DIRECTION('',(-0.981154025234,0.,0.193227272317));
#5600 = ORIENTED_EDGE('',*,*,#5314,.F.);
#5601 = ORIENTED_EDGE('',*,*,#5595,.F.);
#5602 = ORIENTED_EDGE('',*,*,#5037,.T.);
#5603 = CYLINDRICAL_SURFACE('',#5604,1.1);
#5604 = AXIS2_PLACEMENT_3D('',#5605,#5606,#5607);
#5605 = CARTESIAN_POINT('',(-29.53110549683,0.,1.647409093784));
#5606 = DIRECTION('',(-0.981154025234,0.,0.193227272317));
#5607 = DIRECTION('',(-0.193227272317,0.,-0.981154025234));
#5608 = ADVANCED_FACE('',(#5609),#5621,.F.);
#5609 = FACE_BOUND('',#5610,.F.);
#5610 = EDGE_LOOP('',(#5611,#5617,#5618,#5619,#5620));
#5611 = ORIENTED_EDGE('',*,*,#5612,.T.);
#5612 = EDGE_CURVE('',#5063,#5215,#5613,.T.);
#5613 = LINE('',#5614,#5615);
#5614 = CARTESIAN_POINT('',(29.318555497282,2.694222958124E-16,
    2.726678521542));
#5615 = VECTOR('',#5616,1.);
#5616 = DIRECTION('',(0.981154025234,0.,0.193227272317));
#5617 = ORIENTED_EDGE('',*,*,#5440,.F.);
#5618 = ORIENTED_EDGE('',*,*,#5214,.F.);
#5619 = ORIENTED_EDGE('',*,*,#5612,.F.);
#5620 = ORIENTED_EDGE('',*,*,#5062,.T.);
#5621 = CYLINDRICAL_SURFACE('',#5622,1.1);
#5622 = AXIS2_PLACEMENT_3D('',#5623,#5624,#5625);
#5623 = CARTESIAN_POINT('',(29.531105496831,0.,1.647409093784));
#5624 = DIRECTION('',(0.981154025234,0.,0.193227272317));
#5625 = DIRECTION('',(-0.193227272317,0.,0.981154025234));
#5626 = ADVANCED_FACE('',(#5627,#5638),#5641,.F.);
#5627 = FACE_BOUND('',#5628,.F.);
#5628 = EDGE_LOOP('',(#5629));
#5629 = ORIENTED_EDGE('',*,*,#5630,.T.);
#5630 = EDGE_CURVE('',#5631,#5631,#5633,.T.);
#5631 = VERTEX_POINT('',#5632);
#5632 = CARTESIAN_POINT('',(37.75,-9.246083333563E-15,-9.95));
#5633 = CIRCLE('',#5634,37.75);
#5634 = AXIS2_PLACEMENT_3D('',#5635,#5636,#5637);
#5635 = CARTESIAN_POINT('',(0.,0.,-9.95));
#5636 = DIRECTION('',(0.,0.,1.));
#5637 = DIRECTION('',(1.,0.,0.));
#5638 = FACE_BOUND('',#5639,.F.);
#5639 = EDGE_LOOP('',(#5640));
#5640 = ORIENTED_EDGE('',*,*,#5079,.F.);
#5641 = PLANE('',#5642);
#5642 = AXIS2_PLACEMENT_3D('',#5643,#5644,#5645);
#5643 = CARTESIAN_POINT('',(0.,0.,-9.95));
#5644 = DIRECTION('',(0.,0.,1.));
#5645 = DIRECTION('',(1.,0.,0.));
#5646 = ADVANCED_FACE('',(#5647),#5657,.T.);
#5647 = FACE_BOUND('',#5648,.T.);
#5648 = EDGE_LOOP('',(#5649,#5650,#5655,#5656));
#5649 = ORIENTED_EDGE('',*,*,#5156,.F.);
#5650 = ORIENTED_EDGE('',*,*,#5651,.F.);
#5651 = EDGE_CURVE('',#5631,#5157,#5652,.T.);
#5652 = B_SPLINE_CURVE_WITH_KNOTS('',1,(#5653,#5654),.UNSPECIFIED.,.F.,
  .F.,(2,2),(0.,9.95),.PIECEWISE_BEZIER_KNOTS.);
#5653 = CARTESIAN_POINT('',(37.75,-9.246083333563E-15,-9.95));
#5654 = CARTESIAN_POINT('',(37.75,-9.246083333563E-15,0.));
#5655 = ORIENTED_EDGE('',*,*,#5630,.T.);
#5656 = ORIENTED_EDGE('',*,*,#5651,.T.);
#5657 = CYLINDRICAL_SURFACE('',#5658,37.75);
#5658 = AXIS2_PLACEMENT_3D('',#5659,#5660,#5661);
#5659 = CARTESIAN_POINT('',(0.,0.,-9.95));
#5660 = DIRECTION('',(0.,0.,1.));
#5661 = DIRECTION('',(1.,0.,0.));
#5662 = ADVANCED_FACE('',(#5663,#5674),#5703,.T.);
#5663 = FACE_BOUND('',#5664,.T.);
#5664 = EDGE_LOOP('',(#5665,#5666,#5667,#5668,#5669,#5670,#5671,#5672,
    #5673));
#5665 = ORIENTED_EDGE('',*,*,#4090,.F.);
#5666 = ORIENTED_EDGE('',*,*,#2835,.T.);
#5667 = ORIENTED_EDGE('',*,*,#745,.F.);
#5668 = ORIENTED_EDGE('',*,*,#2804,.F.);
#5669 = ORIENTED_EDGE('',*,*,#4128,.F.);
#5670 = ORIENTED_EDGE('',*,*,#4936,.T.);
#5671 = ORIENTED_EDGE('',*,*,#5528,.T.);
#5672 = ORIENTED_EDGE('',*,*,#5506,.T.);
#5673 = ORIENTED_EDGE('',*,*,#4905,.T.);
#5674 = FACE_BOUND('',#5675,.T.);
#5675 = EDGE_LOOP('',(#5676,#5687,#5696));
#5676 = ORIENTED_EDGE('',*,*,#5677,.F.);
#5677 = EDGE_CURVE('',#5678,#5680,#5682,.T.);
#5678 = VERTEX_POINT('',#5679);
#5679 = CARTESIAN_POINT('',(-13.18252966939,-18.87275580077,-1.6));
#5680 = VERTEX_POINT('',#5681);
#5681 = CARTESIAN_POINT('',(-11.52973116157,-19.92549370384,-1.6));
#5682 = CIRCLE('',#5683,1.1);
#5683 = AXIS2_PLACEMENT_3D('',#5684,#5685,#5686);
#5684 = CARTESIAN_POINT('',(-12.62474194625,-19.82084485561,-1.6));
#5685 = DIRECTION('',(0.,0.,1.));
#5686 = DIRECTION('',(1.,0.,0.));
#5687 = ORIENTED_EDGE('',*,*,#5688,.F.);
#5688 = EDGE_CURVE('',#5689,#5678,#5691,.T.);
#5689 = VERTEX_POINT('',#5690);
#5690 = CARTESIAN_POINT('',(-11.52474194625,-19.82084485561,-1.6));
#5691 = CIRCLE('',#5692,1.1);
#5692 = AXIS2_PLACEMENT_3D('',#5693,#5694,#5695);
#5693 = CARTESIAN_POINT('',(-12.62474194625,-19.82084485561,-1.6));
#5694 = DIRECTION('',(0.,0.,1.));
#5695 = DIRECTION('',(1.,0.,0.));
#5696 = ORIENTED_EDGE('',*,*,#5697,.F.);
#5697 = EDGE_CURVE('',#5680,#5689,#5698,.T.);
#5698 = CIRCLE('',#5699,1.1);
#5699 = AXIS2_PLACEMENT_3D('',#5700,#5701,#5702);
#5700 = CARTESIAN_POINT('',(-12.62474194625,-19.82084485561,-1.6));
#5701 = DIRECTION('',(0.,0.,1.));
#5702 = DIRECTION('',(1.,0.,0.));
#5703 = PLANE('',#5704);
#5704 = AXIS2_PLACEMENT_3D('',#5705,#5706,#5707);
#5705 = CARTESIAN_POINT('',(-12.90681473468,-20.26774745103,-1.6));
#5706 = DIRECTION('',(0.,0.,1.));
#5707 = DIRECTION('',(1.,0.,0.));
#5708 = ADVANCED_FACE('',(#5709),#5730,.F.);
#5709 = FACE_BOUND('',#5710,.F.);
#5710 = EDGE_LOOP('',(#5711,#5719,#5720,#5721,#5722,#5723));
#5711 = ORIENTED_EDGE('',*,*,#5712,.T.);
#5712 = EDGE_CURVE('',#5713,#5689,#5715,.T.);
#5713 = VERTEX_POINT('',#5714);
#5714 = CARTESIAN_POINT('',(-11.52474194625,-19.82084485561,-3.25));
#5715 = LINE('',#5716,#5717);
#5716 = CARTESIAN_POINT('',(-11.52474194625,-19.82084485561,-3.25));
#5717 = VECTOR('',#5718,1.);
#5718 = DIRECTION('',(0.,0.,1.));
#5719 = ORIENTED_EDGE('',*,*,#5697,.F.);
#5720 = ORIENTED_EDGE('',*,*,#5677,.F.);
#5721 = ORIENTED_EDGE('',*,*,#5688,.F.);
#5722 = ORIENTED_EDGE('',*,*,#5712,.F.);
#5723 = ORIENTED_EDGE('',*,*,#5724,.T.);
#5724 = EDGE_CURVE('',#5713,#5713,#5725,.T.);
#5725 = CIRCLE('',#5726,1.1);
#5726 = AXIS2_PLACEMENT_3D('',#5727,#5728,#5729);
#5727 = CARTESIAN_POINT('',(-12.62474194625,-19.82084485561,-3.25));
#5728 = DIRECTION('',(0.,0.,1.));
#5729 = DIRECTION('',(1.,0.,0.));
#5730 = CYLINDRICAL_SURFACE('',#5731,1.1);
#5731 = AXIS2_PLACEMENT_3D('',#5732,#5733,#5734);
#5732 = CARTESIAN_POINT('',(-12.62474194625,-19.82084485561,-3.25));
#5733 = DIRECTION('',(0.,0.,1.));
#5734 = DIRECTION('',(1.,0.,0.));
#5735 = ADVANCED_FACE('',(#5736),#5739,.T.);
#5736 = FACE_BOUND('',#5737,.F.);
#5737 = EDGE_LOOP('',(#5738));
#5738 = ORIENTED_EDGE('',*,*,#5724,.F.);
#5739 = PLANE('',#5740);
#5740 = AXIS2_PLACEMENT_3D('',#5741,#5742,#5743);
#5741 = CARTESIAN_POINT('',(-12.62474194625,-19.82084485561,-3.25));
#5742 = DIRECTION('',(0.,0.,1.));
#5743 = DIRECTION('',(1.,0.,0.));
#5744 = ADVANCED_FACE('',(#5745,#5756),#5785,.T.);
#5745 = FACE_BOUND('',#5746,.T.);
#5746 = EDGE_LOOP('',(#5747,#5748,#5749,#5750,#5751,#5752,#5753,#5754,
    #5755));
#5747 = ORIENTED_EDGE('',*,*,#4195,.F.);
#5748 = ORIENTED_EDGE('',*,*,#2920,.T.);
#5749 = ORIENTED_EDGE('',*,*,#875,.F.);
#5750 = ORIENTED_EDGE('',*,*,#2889,.F.);
#5751 = ORIENTED_EDGE('',*,*,#4233,.F.);
#5752 = ORIENTED_EDGE('',*,*,#4998,.T.);
#5753 = ORIENTED_EDGE('',*,*,#5581,.T.);
#5754 = ORIENTED_EDGE('',*,*,#5559,.T.);
#5755 = ORIENTED_EDGE('',*,*,#4967,.T.);
#5756 = FACE_BOUND('',#5757,.T.);
#5757 = EDGE_LOOP('',(#5758,#5769,#5778));
#5758 = ORIENTED_EDGE('',*,*,#5759,.F.);
#5759 = EDGE_CURVE('',#5760,#5762,#5764,.T.);
#5760 = VERTEX_POINT('',#5761);
#5761 = CARTESIAN_POINT('',(13.182529669391,18.872755800773,-1.6));
#5762 = VERTEX_POINT('',#5763);
#5763 = CARTESIAN_POINT('',(13.724741946254,19.820844855619,-1.6));
#5764 = CIRCLE('',#5765,1.1);
#5765 = AXIS2_PLACEMENT_3D('',#5766,#5767,#5768);
#5766 = CARTESIAN_POINT('',(12.624741946254,19.820844855619,-1.6));
#5767 = DIRECTION('',(0.,0.,1.));
#5768 = DIRECTION('',(1.,0.,0.));
#5769 = ORIENTED_EDGE('',*,*,#5770,.F.);
#5770 = EDGE_CURVE('',#5771,#5760,#5773,.T.);
#5771 = VERTEX_POINT('',#5772);
#5772 = CARTESIAN_POINT('',(11.529731161574,19.925493703842,-1.6));
#5773 = CIRCLE('',#5774,1.1);
#5774 = AXIS2_PLACEMENT_3D('',#5775,#5776,#5777);
#5775 = CARTESIAN_POINT('',(12.624741946254,19.820844855619,-1.6));
#5776 = DIRECTION('',(0.,0.,1.));
#5777 = DIRECTION('',(1.,0.,0.));
#5778 = ORIENTED_EDGE('',*,*,#5779,.F.);
#5779 = EDGE_CURVE('',#5762,#5771,#5780,.T.);
#5780 = CIRCLE('',#5781,1.1);
#5781 = AXIS2_PLACEMENT_3D('',#5782,#5783,#5784);
#5782 = CARTESIAN_POINT('',(12.624741946254,19.820844855619,-1.6));
#5783 = DIRECTION('',(0.,0.,1.));
#5784 = DIRECTION('',(1.,0.,0.));
#5785 = PLANE('',#5786);
#5786 = AXIS2_PLACEMENT_3D('',#5787,#5788,#5789);
#5787 = CARTESIAN_POINT('',(12.906814734689,20.267747451032,-1.6));
#5788 = DIRECTION('',(0.,0.,1.));
#5789 = DIRECTION('',(1.,0.,0.));
#5790 = ADVANCED_FACE('',(#5791),#5812,.F.);
#5791 = FACE_BOUND('',#5792,.F.);
#5792 = EDGE_LOOP('',(#5793,#5801,#5802,#5803,#5804,#5805));
#5793 = ORIENTED_EDGE('',*,*,#5794,.T.);
#5794 = EDGE_CURVE('',#5795,#5762,#5797,.T.);
#5795 = VERTEX_POINT('',#5796);
#5796 = CARTESIAN_POINT('',(13.724741946254,19.820844855619,-3.25));
#5797 = LINE('',#5798,#5799);
#5798 = CARTESIAN_POINT('',(13.724741946254,19.820844855619,-3.25));
#5799 = VECTOR('',#5800,1.);
#5800 = DIRECTION('',(0.,0.,1.));
#5801 = ORIENTED_EDGE('',*,*,#5759,.F.);
#5802 = ORIENTED_EDGE('',*,*,#5770,.F.);
#5803 = ORIENTED_EDGE('',*,*,#5779,.F.);
#5804 = ORIENTED_EDGE('',*,*,#5794,.F.);
#5805 = ORIENTED_EDGE('',*,*,#5806,.T.);
#5806 = EDGE_CURVE('',#5795,#5795,#5807,.T.);
#5807 = CIRCLE('',#5808,1.1);
#5808 = AXIS2_PLACEMENT_3D('',#5809,#5810,#5811);
#5809 = CARTESIAN_POINT('',(12.624741946254,19.820844855619,-3.25));
#5810 = DIRECTION('',(0.,0.,1.));
#5811 = DIRECTION('',(1.,0.,0.));
#5812 = CYLINDRICAL_SURFACE('',#5813,1.1);
#5813 = AXIS2_PLACEMENT_3D('',#5814,#5815,#5816);
#5814 = CARTESIAN_POINT('',(12.624741946254,19.820844855619,-3.25));
#5815 = DIRECTION('',(0.,0.,1.));
#5816 = DIRECTION('',(1.,0.,0.));
#5817 = ADVANCED_FACE('',(#5818),#5821,.T.);
#5818 = FACE_BOUND('',#5819,.F.);
#5819 = EDGE_LOOP('',(#5820));
#5820 = ORIENTED_EDGE('',*,*,#5806,.F.);
#5821 = PLANE('',#5822);
#5822 = AXIS2_PLACEMENT_3D('',#5823,#5824,#5825);
#5823 = CARTESIAN_POINT('',(12.624741946254,19.820844855619,-3.25));
#5824 = DIRECTION('',(0.,0.,1.));
#5825 = DIRECTION('',(1.,0.,0.));
#5826 = ADVANCED_FACE('',(#5827,#5838),#5843,.T.);
#5827 = FACE_BOUND('',#5828,.T.);
#5828 = EDGE_LOOP('',(#5829,#5830,#5831,#5832,#5833,#5834,#5835,#5836,
    #5837));
#5829 = ORIENTED_EDGE('',*,*,#4081,.T.);
#5830 = ORIENTED_EDGE('',*,*,#4921,.F.);
#5831 = ORIENTED_EDGE('',*,*,#5499,.F.);
#5832 = ORIENTED_EDGE('',*,*,#5521,.F.);
#5833 = ORIENTED_EDGE('',*,*,#4945,.F.);
#5834 = ORIENTED_EDGE('',*,*,#4112,.T.);
#5835 = ORIENTED_EDGE('',*,*,#2820,.T.);
#5836 = ORIENTED_EDGE('',*,*,#763,.T.);
#5837 = ORIENTED_EDGE('',*,*,#2851,.F.);
#5838 = FACE_BOUND('',#5839,.T.);
#5839 = EDGE_LOOP('',(#5840,#5841,#5842));
#5840 = ORIENTED_EDGE('',*,*,#4057,.T.);
#5841 = ORIENTED_EDGE('',*,*,#4066,.T.);
#5842 = ORIENTED_EDGE('',*,*,#4048,.T.);
#5843 = PLANE('',#5844);
#5844 = AXIS2_PLACEMENT_3D('',#5845,#5846,#5847);
#5845 = CARTESIAN_POINT('',(-12.90681473468,-20.26774745103,0.3));
#5846 = DIRECTION('',(-0.,-0.,-1.));
#5847 = DIRECTION('',(-1.,0.,0.));
#5848 = ADVANCED_FACE('',(#5849,#5860),#5865,.T.);
#5849 = FACE_BOUND('',#5850,.T.);
#5850 = EDGE_LOOP('',(#5851,#5852,#5853,#5854,#5855,#5856,#5857,#5858,
    #5859));
#5851 = ORIENTED_EDGE('',*,*,#4186,.T.);
#5852 = ORIENTED_EDGE('',*,*,#4983,.F.);
#5853 = ORIENTED_EDGE('',*,*,#5552,.F.);
#5854 = ORIENTED_EDGE('',*,*,#5574,.F.);
#5855 = ORIENTED_EDGE('',*,*,#5007,.F.);
#5856 = ORIENTED_EDGE('',*,*,#4217,.T.);
#5857 = ORIENTED_EDGE('',*,*,#2905,.T.);
#5858 = ORIENTED_EDGE('',*,*,#893,.T.);
#5859 = ORIENTED_EDGE('',*,*,#2936,.F.);
#5860 = FACE_BOUND('',#5861,.T.);
#5861 = EDGE_LOOP('',(#5862,#5863,#5864));
#5862 = ORIENTED_EDGE('',*,*,#4171,.T.);
#5863 = ORIENTED_EDGE('',*,*,#4153,.T.);
#5864 = ORIENTED_EDGE('',*,*,#4162,.T.);
#5865 = PLANE('',#5866);
#5866 = AXIS2_PLACEMENT_3D('',#5867,#5868,#5869);
#5867 = CARTESIAN_POINT('',(12.906814734689,20.267747451032,0.3));
#5868 = DIRECTION('',(-0.,-0.,-1.));
#5869 = DIRECTION('',(-1.,0.,0.));
#5870 = ( GEOMETRIC_REPRESENTATION_CONTEXT(3) 
GLOBAL_UNCERTAINTY_ASSIGNED_CONTEXT((#5874)) 
GLOBAL_UNIT_ASSIGNED_CONTEXT((#5871,#5872,#5873)) REPRESENTATION_CONTEXT
('Context #1','3D Context with UNIT and UNCERTAINTY') );
#5871 = ( LENGTH_UNIT() NAMED_UNIT(*) SI_UNIT(.MILLI.,.METRE.) );
#5872 = ( NAMED_UNIT(*) PLANE_ANGLE_UNIT() SI_UNIT($,.RADIAN.) );
#5873 = ( NAMED_UNIT(*) SI_UNIT($,.STERADIAN.) SOLID_ANGLE_UNIT() );
#5874 = UNCERTAINTY_MEASURE_WITH_UNIT(LENGTH_MEASURE(1.E-06),#5871,
  'distance_accuracy_value','confusion accuracy');
#5875 = PRODUCT_RELATED_PRODUCT_CATEGORY('part',$,(#7));
ENDSEC;
END-ISO-10303-21;
