ISO-10303-21;
HEADER;
FILE_DESCRIPTION(('FreeCAD Model'),'2;1');
FILE_NAME('Open CASCADE Shape Model','2026-09-11T17:50:10',('FreeCAD'),(
    'FreeCAD'),'Open CASCADE STEP processor 7.8','FreeCAD','Unknown');
FILE_SCHEMA(('AUTOMOTIVE_DESIGN { 1 0 10303 214 1 1 1 1 }'));
ENDSEC;
DATA;
#1 = APPLICATION_PROTOCOL_DEFINITION('international standard',
  'automotive_design',2000,#2);
#2 = APPLICATION_CONTEXT(
  'core data for automotive mechanical design processes');
#3 = SHAPE_DEFINITION_REPRESENTATION(#4,#10);
#4 = PRODUCT_DEFINITION_SHAPE('','',#5);
#5 = PRODUCT_DEFINITION('design','',#6,#9);
#6 = PRODUCT_DEFINITION_FORMATION('','',#7);
#7 = PRODUCT('Open CASCADE STEP translator 7.8 8',
  'Open CASCADE STEP translator 7.8 8','',(#8));
#8 = PRODUCT_CONTEXT('',#2,'mechanical');
#9 = PRODUCT_DEFINITION_CONTEXT('part definition',#2,'design');
#10 = ADVANCED_BREP_SHAPE_REPRESENTATION('',(#11,#15),#17030);
#11 = AXIS2_PLACEMENT_3D('',#12,#13,#14);
#12 = CARTESIAN_POINT('',(0.,0.,0.));
#13 = DIRECTION('',(0.,0.,1.));
#14 = DIRECTION('',(1.,0.,-0.));
#15 = MANIFOLD_SOLID_BREP('',#16);
#16 = CLOSED_SHELL('',(#17,#57,#88,#119,#3808,#5493,#5510,#5527,#5544,
    #5561,#5578,#5595,#5612,#5629,#5646,#5663,#5680,#5697,#5714,#5731,
    #5748,#5765,#5782,#5799,#5816,#5833,#5850,#5867,#5884,#5901,#5918,
    #5935,#5952,#5969,#5986,#6003,#6020,#6037,#6054,#6071,#6088,#6105,
    #6122,#6139,#6156,#6180,#6219,#6243,#6275,#6292,#6309,#6326,#6343,
    #6360,#6377,#6394,#6411,#6428,#6445,#6462,#6479,#6496,#6513,#6530,
    #6547,#6564,#6581,#6598,#6615,#6632,#6649,#6666,#6683,#6700,#6717,
    #6734,#6751,#6768,#6785,#6802,#6819,#6836,#6853,#6870,#6887,#6904,
    #6921,#6938,#6955,#6972,#6989,#7006,#7023,#7040,#7057,#7074,#7091,
    #7108,#7125,#7142,#7159,#7176,#7193,#7210,#7227,#7244,#7261,#7278,
    #7295,#7312,#7329,#7346,#7363,#7380,#7397,#7414,#7431,#7448,#7465,
    #7482,#7499,#7516,#7533,#7550,#7567,#7584,#7601,#7618,#7635,#7652,
    #7669,#7686,#7703,#7720,#7737,#7754,#7771,#7788,#7805,#7822,#7839,
    #7856,#7873,#7890,#7907,#7924,#7941,#7958,#7975,#7992,#8009,#8026,
    #8043,#8060,#8077,#8094,#8111,#8128,#8145,#8162,#8179,#8196,#8213,
    #8230,#8247,#8264,#8281,#8298,#8310,#8341,#8365,#8389,#8406,#8437,
    #8461,#8485,#8502,#8533,#8557,#8581,#8598,#8629,#8653,#8677,#8694,
    #8711,#8742,#8766,#8790,#8807,#8838,#8862,#8886,#8903,#8934,#8958,
    #8982,#8999,#9030,#9054,#9078,#9095,#9126,#9150,#9174,#9191,#9222,
    #9246,#9270,#9287,#9318,#9342,#9366,#9383,#9414,#9438,#9462,#9479,
    #9510,#9534,#9558,#9575,#9606,#9630,#9654,#9671,#9702,#9726,#9750,
    #9767,#9798,#9822,#9846,#9863,#9894,#9918,#9942,#9959,#9990,#10014,
    #10038,#10055,#10086,#10110,#10134,#10151,#10182,#10206,#10230,
    #10247,#10278,#10302,#10326,#10343,#10374,#10398,#10422,#10439,
    #10470,#10494,#10518,#10535,#10566,#10590,#10614,#10631,#10662,
    #10686,#10710,#10727,#10758,#10782,#10806,#10823,#10854,#10878,
    #10902,#10919,#10950,#10974,#10998,#11015,#11046,#11070,#11094,
    #11111,#11142,#11166,#11190,#11207,#11238,#11262,#11286,#11303,
    #11334,#11358,#11382,#11399,#11430,#11454,#11478,#11495,#11526,
    #11550,#11574,#11591,#11622,#11646,#11670,#11687,#11718,#11742,
    #11766,#11783,#11814,#11838,#11862,#11879,#11910,#11934,#11958,
    #11975,#12006,#12030,#12054,#12071,#12102,#12126,#12150,#12167,
    #12198,#12222,#12246,#12263,#12294,#12318,#12342,#12359,#12390,
    #12414,#12438,#12455,#12486,#12510,#12534,#12551,#12582,#12606,
    #12630,#12647,#12678,#12702,#12726,#12743,#12774,#12798,#12822,
    #12839,#12870,#12894,#12918,#12935,#12966,#12990,#13014,#13031,
    #13062,#13086,#13110,#13127,#13158,#13182,#13206,#13223,#13254,
    #13278,#13302,#13319,#13350,#13374,#13398,#13415,#13446,#13470,
    #13494,#13511,#13542,#13566,#13590,#13607,#13638,#13662,#13686,
    #13703,#13734,#13758,#13782,#13799,#13830,#13854,#13878,#13895,
    #13926,#13950,#13974,#13991,#14022,#14046,#14070,#14087,#14118,
    #14142,#14166,#14183,#14214,#14238,#14262,#14279,#14310,#14334,
    #14358,#14375,#14406,#14430,#14454,#14471,#14502,#14526,#14550,
    #14567,#14598,#14622,#14646,#14663,#14694,#14718,#14742,#14759,
    #14790,#14814,#14838,#14855,#14886,#14910,#14934,#14951,#14968,
    #14999,#15023,#15047,#15064,#15095,#15119,#15143,#15160,#15191,
    #15215,#15239,#15256,#15287,#15311,#15335,#15352,#15383,#15407,
    #15431,#15448,#15479,#15503,#15527,#15544,#15575,#15599,#15623,
    #15640,#15671,#15695,#15719,#15736,#15767,#15791,#15815,#15832,
    #15863,#15887,#15911,#15928,#15959,#15983,#16007,#16024,#16041,
    #16058,#16070,#16082,#16094,#16106,#16118,#16130,#16142,#16154,
    #16166,#16178,#16190,#16202,#16214,#16226,#16238,#16250,#16262,
    #16274,#16286,#16298,#16310,#16322,#16334,#16346,#16358,#16370,
    #16382,#16394,#16406,#16418,#16430,#16442,#16454,#16466,#16478,
    #16490,#16502,#16514,#16526,#16538,#16550,#16562,#16574,#16586,
    #16598,#16610,#16622,#16634,#16646,#16658,#16670,#16682,#16694,
    #16706,#16718,#16730,#16742,#16754,#16766,#16778,#16790,#16802,
    #16814,#16826,#16838,#16850,#16862,#16874,#16886,#16898,#16910,
    #16922,#16934,#16946,#16958,#16970,#16982,#16994,#17006,#17018));
#17 = ADVANCED_FACE('',(#18),#52,.F.);
#18 = FACE_BOUND('',#19,.F.);
#19 = EDGE_LOOP('',(#20,#30,#38,#46));
#20 = ORIENTED_EDGE('',*,*,#21,.T.);
#21 = EDGE_CURVE('',#22,#24,#26,.T.);
#22 = VERTEX_POINT('',#23);
#23 = CARTESIAN_POINT('',(21.37662274542,2.3,14.25));
#24 = VERTEX_POINT('',#25);
#25 = CARTESIAN_POINT('',(21.37662274542,2.3,15.85));
#26 = LINE('',#27,#28);
#27 = CARTESIAN_POINT('',(21.37662274542,2.3,14.25));
#28 = VECTOR('',#29,1.);
#29 = DIRECTION('',(0.,0.,1.));
#30 = ORIENTED_EDGE('',*,*,#31,.T.);
#31 = EDGE_CURVE('',#24,#32,#34,.T.);
#32 = VERTEX_POINT('',#33);
#33 = CARTESIAN_POINT('',(21.283510285243,3.0433846188,15.85));
#34 = LINE('',#35,#36);
#35 = CARTESIAN_POINT('',(21.37662274542,2.3,15.85));
#36 = VECTOR('',#37,1.);
#37 = DIRECTION('',(-0.124283624052,0.992246733828,0.));
#38 = ORIENTED_EDGE('',*,*,#39,.F.);
#39 = EDGE_CURVE('',#40,#32,#42,.T.);
#40 = VERTEX_POINT('',#41);
#41 = CARTESIAN_POINT('',(21.283510285243,3.0433846188,14.25));
#42 = LINE('',#43,#44);
#43 = CARTESIAN_POINT('',(21.283510285243,3.0433846188,14.25));
#44 = VECTOR('',#45,1.);
#45 = DIRECTION('',(0.,0.,1.));
#46 = ORIENTED_EDGE('',*,*,#47,.F.);
#47 = EDGE_CURVE('',#22,#40,#48,.T.);
#48 = LINE('',#49,#50);
#49 = CARTESIAN_POINT('',(21.37662274542,2.3,14.25));
#50 = VECTOR('',#51,1.);
#51 = DIRECTION('',(-0.124283624052,0.992246733828,0.));
#52 = PLANE('',#53);
#53 = AXIS2_PLACEMENT_3D('',#54,#55,#56);
#54 = CARTESIAN_POINT('',(21.37662274542,2.3,14.25));
#55 = DIRECTION('',(-0.992246733828,-0.124283624052,0.));
#56 = DIRECTION('',(-0.124283624052,0.992246733828,0.));
#57 = ADVANCED_FACE('',(#58),#83,.F.);
#58 = FACE_BOUND('',#59,.F.);
#59 = EDGE_LOOP('',(#60,#70,#76,#77));
#60 = ORIENTED_EDGE('',*,*,#61,.T.);
#61 = EDGE_CURVE('',#62,#64,#66,.T.);
#62 = VERTEX_POINT('',#63);
#63 = CARTESIAN_POINT('',(22.25,2.3,14.25));
#64 = VERTEX_POINT('',#65);
#65 = CARTESIAN_POINT('',(22.25,2.3,15.85));
#66 = LINE('',#67,#68);
#67 = CARTESIAN_POINT('',(22.25,2.3,14.25));
#68 = VECTOR('',#69,1.);
#69 = DIRECTION('',(0.,0.,1.));
#70 = ORIENTED_EDGE('',*,*,#71,.T.);
#71 = EDGE_CURVE('',#64,#24,#72,.T.);
#72 = LINE('',#73,#74);
#73 = CARTESIAN_POINT('',(22.25,2.3,15.85));
#74 = VECTOR('',#75,1.);
#75 = DIRECTION('',(-1.,0.,0.));
#76 = ORIENTED_EDGE('',*,*,#21,.F.);
#77 = ORIENTED_EDGE('',*,*,#78,.F.);
#78 = EDGE_CURVE('',#62,#22,#79,.T.);
#79 = LINE('',#80,#81);
#80 = CARTESIAN_POINT('',(22.25,2.3,14.25));
#81 = VECTOR('',#82,1.);
#82 = DIRECTION('',(-1.,0.,0.));
#83 = PLANE('',#84);
#84 = AXIS2_PLACEMENT_3D('',#85,#86,#87);
#85 = CARTESIAN_POINT('',(22.25,2.3,14.25));
#86 = DIRECTION('',(0.,-1.,0.));
#87 = DIRECTION('',(-1.,0.,0.));
#88 = ADVANCED_FACE('',(#89),#114,.F.);
#89 = FACE_BOUND('',#90,.F.);
#90 = EDGE_LOOP('',(#91,#92,#100,#108));
#91 = ORIENTED_EDGE('',*,*,#39,.T.);
#92 = ORIENTED_EDGE('',*,*,#93,.T.);
#93 = EDGE_CURVE('',#32,#94,#96,.T.);
#94 = VERTEX_POINT('',#95);
#95 = CARTESIAN_POINT('',(21.164554158825,3.783073784393,15.85));
#96 = LINE('',#97,#98);
#97 = CARTESIAN_POINT('',(21.283510285243,3.0433846188,15.85));
#98 = VECTOR('',#99,1.);
#99 = DIRECTION('',(-0.158778948235,0.987314157499,0.));
#100 = ORIENTED_EDGE('',*,*,#101,.F.);
#101 = EDGE_CURVE('',#102,#94,#104,.T.);
#102 = VERTEX_POINT('',#103);
#103 = CARTESIAN_POINT('',(21.164554158825,3.783073784393,14.25));
#104 = LINE('',#105,#106);
#105 = CARTESIAN_POINT('',(21.164554158825,3.783073784393,14.25));
#106 = VECTOR('',#107,1.);
#107 = DIRECTION('',(0.,0.,1.));
#108 = ORIENTED_EDGE('',*,*,#109,.F.);
#109 = EDGE_CURVE('',#40,#102,#110,.T.);
#110 = LINE('',#111,#112);
#111 = CARTESIAN_POINT('',(21.283510285243,3.0433846188,14.25));
#112 = VECTOR('',#113,1.);
#113 = DIRECTION('',(-0.158778948235,0.987314157499,0.));
#114 = PLANE('',#115);
#115 = AXIS2_PLACEMENT_3D('',#116,#117,#118);
#116 = CARTESIAN_POINT('',(21.283510285243,3.0433846188,14.25));
#117 = DIRECTION('',(-0.987314157499,-0.158778948235,0.));
#118 = DIRECTION('',(-0.158778948235,0.987314157499,0.));
#119 = ADVANCED_FACE('',(#120,#1435,#1469,#1503,#1537,#1571,#1582,#1616,
    #1650,#1684,#1718,#1752,#1786,#1820,#1854,#1888,#1922,#1956,#1990,
    #2024,#2058,#2092,#2126,#2160,#2194,#2228,#2262,#2296,#2330,#2364,
    #2398,#2432,#2466,#2500,#2534,#2568,#2602,#2636,#2670,#2704,#2738,
    #2772,#2806,#2840,#2874,#2908,#2942,#2976,#3010,#3044,#3078,#3112,
    #3146,#3180,#3214,#3248,#3282,#3316,#3350,#3384,#3418,#3452,#3486,
    #3520,#3554,#3588,#3622,#3656,#3690,#3724,#3758,#3792),#3803,.F.);
#120 = FACE_BOUND('',#121,.F.);
#121 = EDGE_LOOP('',(#122,#123,#124,#125,#133,#141,#149,#157,#165,#173,
    #181,#189,#197,#205,#213,#221,#229,#237,#245,#253,#261,#269,#277,
    #285,#293,#301,#309,#317,#325,#333,#341,#349,#357,#365,#373,#381,
    #389,#397,#405,#413,#421,#429,#437,#445,#453,#461,#469,#477,#485,
    #493,#501,#509,#517,#525,#533,#541,#549,#557,#565,#573,#581,#589,
    #597,#605,#613,#621,#629,#637,#645,#653,#661,#669,#677,#685,#693,
    #701,#709,#717,#725,#733,#741,#749,#757,#765,#773,#781,#789,#797,
    #805,#813,#821,#829,#837,#845,#853,#861,#869,#877,#885,#893,#901,
    #909,#917,#925,#933,#941,#949,#957,#965,#973,#981,#989,#997,#1005,
    #1013,#1021,#1029,#1037,#1045,#1053,#1061,#1069,#1077,#1085,#1093,
    #1101,#1109,#1117,#1125,#1133,#1141,#1149,#1157,#1165,#1173,#1181,
    #1189,#1197,#1205,#1213,#1221,#1229,#1237,#1245,#1253,#1261,#1269,
    #1277,#1285,#1293,#1301,#1309,#1317,#1325,#1333,#1341,#1349,#1357,
    #1365,#1373,#1381,#1389,#1397,#1405,#1413,#1421,#1429));
#122 = ORIENTED_EDGE('',*,*,#78,.T.);
#123 = ORIENTED_EDGE('',*,*,#47,.T.);
#124 = ORIENTED_EDGE('',*,*,#109,.T.);
#125 = ORIENTED_EDGE('',*,*,#126,.T.);
#126 = EDGE_CURVE('',#102,#127,#129,.T.);
#127 = VERTEX_POINT('',#128);
#128 = CARTESIAN_POINT('',(21.019898809558,4.518169323515,14.25));
#129 = LINE('',#130,#131);
#130 = CARTESIAN_POINT('',(21.164554158825,3.783073784393,14.25));
#131 = VECTOR('',#132,1.);
#132 = DIRECTION('',(-0.193081473858,0.981182727351,0.));
#133 = ORIENTED_EDGE('',*,*,#134,.T.);
#134 = EDGE_CURVE('',#127,#135,#137,.T.);
#135 = VERTEX_POINT('',#136);
#136 = CARTESIAN_POINT('',(20.849719886313,5.247778640746,14.25));
#137 = LINE('',#138,#139);
#138 = CARTESIAN_POINT('',(21.019898809558,4.518169323515,14.25));
#139 = VECTOR('',#140,1.);
#140 = DIRECTION('',(-0.227149548814,0.973859888523,0.));
#141 = ORIENTED_EDGE('',*,*,#142,.T.);
#142 = EDGE_CURVE('',#135,#143,#145,.T.);
#143 = VERTEX_POINT('',#144);
#144 = CARTESIAN_POINT('',(20.654224030159,5.971015802357,14.25));
#145 = LINE('',#146,#147);
#146 = CARTESIAN_POINT('',(20.849719886313,5.247778640746,14.25));
#147 = VECTOR('',#148,1.);
#148 = DIRECTION('',(-0.260941805682,0.965354532826,0.));
#149 = ORIENTED_EDGE('',*,*,#150,.T.);
#150 = EDGE_CURVE('',#143,#151,#153,.T.);
#151 = VERTEX_POINT('',#152);
#152 = CARTESIAN_POINT('',(20.433648623444,6.687002612055,14.25));
#153 = LINE('',#154,#155);
#154 = CARTESIAN_POINT('',(20.654224030159,5.971015802357,14.25));
#155 = VECTOR('',#156,1.);
#156 = DIRECTION('',(-0.294417211953,0.955676987954,0.));
#157 = ORIENTED_EDGE('',*,*,#158,.T.);
#158 = EDGE_CURVE('',#151,#159,#161,.T.);
#159 = VERTEX_POINT('',#160);
#160 = CARTESIAN_POINT('',(20.188261501554,7.394869677342,14.25));
#161 = LINE('',#162,#163);
#162 = CARTESIAN_POINT('',(20.433648623444,6.687002612055,14.25));
#163 = VECTOR('',#164,1.);
#164 = DIRECTION('',(-0.327535119858,0.944839004942,0.));
#165 = ORIENTED_EDGE('',*,*,#166,.T.);
#166 = EDGE_CURVE('',#159,#167,#169,.T.);
#167 = VERTEX_POINT('',#168);
#168 = CARTESIAN_POINT('',(19.918360627691,8.093757465185,14.25));
#169 = LINE('',#170,#171);
#170 = CARTESIAN_POINT('',(20.188261501554,7.394869677342,14.25));
#171 = VECTOR('',#172,1.);
#172 = DIRECTION('',(-0.360255315721,0.932853743893,0.));
#173 = ORIENTED_EDGE('',*,*,#174,.T.);
#174 = EDGE_CURVE('',#167,#175,#177,.T.);
#175 = VERTEX_POINT('',#176);
#176 = CARTESIAN_POINT('',(19.62427373107,8.782817345707,14.25));
#177 = LINE('',#178,#179);
#178 = CARTESIAN_POINT('',(19.918360627691,8.093757465185,14.25));
#179 = VECTOR('',#180,1.);
#180 = DIRECTION('',(-0.392538068793,0.919735758002,0.));
#181 = ORIENTED_EDGE('',*,*,#182,.T.);
#182 = EDGE_CURVE('',#175,#183,#185,.T.);
#183 = VERTEX_POINT('',#184);
#184 = CARTESIAN_POINT('',(19.306357908969,9.46121262264,14.25));
#185 = LINE('',#186,#187);
#186 = CARTESIAN_POINT('',(19.62427373107,8.782817345707,14.25));
#187 = VECTOR('',#188,1.);
#188 = DIRECTION('',(-0.424344179493,0.905500975886,0.));
#189 = ORIENTED_EDGE('',*,*,#190,.T.);
#190 = EDGE_CURVE('',#183,#191,#193,.T.);
#191 = VERTEX_POINT('',#192);
#192 = CARTESIAN_POINT('',(18.964999193122,10.128119549298,14.25));
#193 = LINE('',#194,#195);
#194 = CARTESIAN_POINT('',(19.306357908969,9.46121262264,14.25));
#195 = VECTOR('',#196,1.);
#196 = DIRECTION('',(-0.455635027005,0.890166682238,0.));
#197 = ORIENTED_EDGE('',*,*,#198,.T.);
#198 = EDGE_CURVE('',#191,#199,#201,.T.);
#199 = VERTEX_POINT('',#200);
#200 = CARTESIAN_POINT('',(18.60061208098,10.782728328809,14.25));
#201 = LINE('',#202,#203);
#202 = CARTESIAN_POINT('',(18.964999193122,10.128119549298,14.25));
#203 = VECTOR('',#204,1.);
#204 = DIRECTION('',(-0.486372616178,0.873751496841,0.));
#205 = ORIENTED_EDGE('',*,*,#206,.T.);
#206 = EDGE_CURVE('',#199,#207,#209,.T.);
#207 = VERTEX_POINT('',#208);
#208 = CARTESIAN_POINT('',(18.213639032398,11.424244097422,14.25));
#209 = LINE('',#210,#211);
#210 = CARTESIAN_POINT('',(18.60061208098,10.782728328809,14.25));
#211 = VECTOR('',#212,1.);
#212 = DIRECTION('',(-0.516519623657,0.856275351962,0.));
#213 = ORIENTED_EDGE('',*,*,#214,.T.);
#214 = EDGE_CURVE('',#207,#215,#217,.T.);
#215 = VERTEX_POINT('',#216);
#216 = CARTESIAN_POINT('',(17.804549932381,12.051887889677,14.25));
#217 = LINE('',#218,#219);
#218 = CARTESIAN_POINT('',(18.213639032398,11.424244097422,14.25));
#219 = VECTOR('',#220,1.);
#220 = DIRECTION('',(-0.546039443205,0.837759468144,0.));
#221 = ORIENTED_EDGE('',*,*,#222,.T.);
#222 = EDGE_CURVE('',#215,#223,#225,.T.);
#223 = VERTEX_POINT('',#224);
#224 = CARTESIAN_POINT('',(17.373841520518,12.664897584265,14.25));
#225 = LINE('',#226,#227);
#226 = CARTESIAN_POINT('',(17.804549932381,12.051887889677,14.25));
#227 = VECTOR('',#228,1.);
#228 = DIRECTION('',(-0.574896230155,0.818226328441,0.));
#229 = ORIENTED_EDGE('',*,*,#230,.T.);
#230 = EDGE_CURVE('',#223,#231,#233,.T.);
#231 = VERTEX_POINT('',#232);
#232 = CARTESIAN_POINT('',(16.922036787815,13.262528829444,14.25));
#233 = LINE('',#234,#235);
#234 = CARTESIAN_POINT('',(17.373841520518,12.664897584265,14.25));
#235 = VECTOR('',#236,1.);
#236 = DIRECTION('',(-0.603054944931,0.797699651118,0.));
#237 = ORIENTED_EDGE('',*,*,#238,.T.);
#238 = EDGE_CURVE('',#231,#239,#241,.T.);
#239 = VERTEX_POINT('',#240);
#240 = CARTESIAN_POINT('',(16.449684341646,13.844055946875,14.25));
#241 = LINE('',#242,#243);
#242 = CARTESIAN_POINT('',(16.922036787815,13.262528829444,14.25));
#243 = VECTOR('',#244,1.);
#244 = DIRECTION('',(-0.630481395597,0.776204360852,0.));
#245 = ORIENTED_EDGE('',*,*,#246,.T.);
#246 = EDGE_CURVE('',#239,#247,#249,.T.);
#247 = VERTEX_POINT('',#248);
#248 = CARTESIAN_POINT('',(15.957357739608,14.408772812776,14.25));
#249 = LINE('',#250,#251);
#250 = CARTESIAN_POINT('',(16.449684341646,13.844055946875,14.25));
#251 = VECTOR('',#252,1.);
#252 = DIRECTION('',(-0.657142279374,0.753766558464,0.));
#253 = ORIENTED_EDGE('',*,*,#254,.T.);
#254 = EDGE_CURVE('',#247,#255,#257,.T.);
#255 = VERTEX_POINT('',#256);
#256 = CARTESIAN_POINT('',(15.445654793066,14.955993715345,14.25));
#257 = LINE('',#258,#259);
#258 = CARTESIAN_POINT('',(15.957357739608,14.408772812776,14.25));
#259 = VECTOR('',#260,1.);
#260 = DIRECTION('',(-0.683005223078,0.730413489229,0.));
#261 = ORIENTED_EDGE('',*,*,#262,.T.);
#262 = EDGE_CURVE('',#255,#263,#265,.T.);
#263 = VERTEX_POINT('',#264);
#264 = CARTESIAN_POINT('',(14.915196841264,15.485054187388,14.25));
#265 = LINE('',#266,#267);
#266 = CARTESIAN_POINT('',(15.445654793066,14.955993715345,14.25));
#267 = VECTOR('',#268,1.);
#268 = DIRECTION('',(-0.708038822431,0.706173509791,0.));
#269 = ORIENTED_EDGE('',*,*,#270,.T.);
#270 = EDGE_CURVE('',#263,#271,#273,.T.);
#271 = VERTEX_POINT('',#272);
#272 = CARTESIAN_POINT('',(14.366627996854,15.995311813153,14.25));
#273 = LINE('',#274,#275);
#274 = CARTESIAN_POINT('',(14.915196841264,15.485054187388,14.25));
#275 = VECTOR('',#276,1.);
#276 = DIRECTION('',(-0.732212680192,0.681076053731,0.));
#277 = ORIENTED_EDGE('',*,*,#278,.T.);
#278 = EDGE_CURVE('',#271,#279,#281,.T.);
#279 = VERTEX_POINT('',#280);
#280 = CARTESIAN_POINT('',(13.80061436378,16.486147008389,14.25));
#281 = LINE('',#282,#283);
#282 = CARTESIAN_POINT('',(14.366627996854,15.995311813153,14.25));
#283 = VECTOR('',#284,1.);
#284 = DIRECTION('',(-0.755497443069,0.655151595828,0.));
#285 = ORIENTED_EDGE('',*,*,#286,.T.);
#286 = EDGE_CURVE('',#279,#287,#289,.T.);
#287 = VERTEX_POINT('',#288);
#288 = CARTESIAN_POINT('',(13.217843228454,16.956963772681,14.25));
#289 = LINE('',#290,#291);
#290 = CARTESIAN_POINT('',(13.80061436378,16.486147008389,14.25));
#291 = VECTOR('',#292,1.);
#292 = DIRECTION('',(-0.777864837358,0.628431615056,0.));
#293 = ORIENTED_EDGE('',*,*,#294,.T.);
#294 = EDGE_CURVE('',#287,#295,#297,.T.);
#295 = VERTEX_POINT('',#296);
#296 = CARTESIAN_POINT('',(12.619022225213,17.407190413148,14.25));
#297 = LINE('',#298,#299);
#298 = CARTESIAN_POINT('',(13.217843228454,16.956963772681,14.25));
#299 = VECTOR('',#300,1.);
#300 = DIRECTION('',(-0.799287703279,0.600948556357,0.));
#301 = ORIENTED_EDGE('',*,*,#302,.T.);
#302 = EDGE_CURVE('',#295,#303,#305,.T.);
#303 = VERTEX_POINT('',#304);
#304 = CARTESIAN_POINT('',(12.004878477072,17.836280238624,14.25));
#305 = LINE('',#306,#307);
#306 = CARTESIAN_POINT('',(12.619022225213,17.407190413148,14.25));
#307 = VECTOR('',#308,1.);
#308 = DIRECTION('',(-0.819740027952,0.572735791245,0.));
#309 = ORIENTED_EDGE('',*,*,#310,.T.);
#310 = EDGE_CURVE('',#303,#311,#313,.T.);
#311 = VERTEX_POINT('',#312);
#312 = CARTESIAN_POINT('',(11.376157712805,18.243712223486,14.25));
#313 = LINE('',#314,#315);
#314 = CARTESIAN_POINT('',(12.004878477072,17.836280238624,14.25));
#315 = VECTOR('',#316,1.);
#316 = DIRECTION('',(-0.839196976984,0.54382757729,0.));
#317 = ORIENTED_EDGE('',*,*,#318,.T.);
#318 = EDGE_CURVE('',#311,#319,#321,.T.);
#319 = VERTEX_POINT('',#320);
#320 = CARTESIAN_POINT('',(10.733623361442,18.628991640309,14.25));
#321 = LINE('',#322,#323);
#322 = CARTESIAN_POINT('',(11.376157712805,18.243712223486,14.25));
#323 = VECTOR('',#324,1.);
#324 = DIRECTION('',(-0.857634924625,0.514259016511,0.));
#325 = ORIENTED_EDGE('',*,*,#326,.T.);
#326 = EDGE_CURVE('',#319,#327,#329,.T.);
#327 = VERTEX_POINT('',#328);
#328 = CARTESIAN_POINT('',(10.078055625267,18.991650660594,14.25));
#329 = LINE('',#330,#331);
#330 = CARTESIAN_POINT('',(10.733623361442,18.628991640309,14.25));
#331 = VECTOR('',#332,1.);
#332 = DIRECTION('',(-0.875031482456,0.484066012762,0.));
#333 = ORIENTED_EDGE('',*,*,#334,.T.);
#334 = EDGE_CURVE('',#327,#335,#337,.T.);
#335 = VERTEX_POINT('',#336);
#336 = CARTESIAN_POINT('',(9.41025053245,19.331248922833,14.25));
#337 = LINE('',#338,#339);
#338 = CARTESIAN_POINT('',(10.078055625267,18.991650660594,14.25));
#339 = VECTOR('',#340,1.);
#340 = DIRECTION('',(-0.891365526571,0.453285228129,0.));
#341 = ORIENTED_EDGE('',*,*,#342,.T.);
#342 = EDGE_CURVE('',#335,#343,#345,.T.);
#343 = VERTEX_POINT('',#344);
#344 = CARTESIAN_POINT('',(8.731018970467,19.647374067222,14.25));
#345 = LINE('',#346,#347);
#346 = CARTESIAN_POINT('',(9.41025053245,19.331248922833,14.25));
#347 = VECTOR('',#348,1.);
#348 = DIRECTION('',(-0.906617223233,0.421954038419,0.));
#349 = ORIENTED_EDGE('',*,*,#350,.T.);
#350 = EDGE_CURVE('',#343,#351,#353,.T.);
#351 = VERTEX_POINT('',#352);
#352 = CARTESIAN_POINT('',(8.041185701473,19.93964223637,14.25));
#353 = LINE('',#354,#355);
#354 = CARTESIAN_POINT('',(8.731018970467,19.647374067222,14.25));
#355 = VECTOR('',#356,1.);
#356 = DIRECTION('',(-0.92076805295,0.390110487768,0.));
#357 = ORIENTED_EDGE('',*,*,#358,.T.);
#358 = EDGE_CURVE('',#351,#359,#361,.T.);
#359 = VERTEX_POINT('',#360);
#360 = CARTESIAN_POINT('',(7.341588360826,20.207698541402,14.25));
#361 = LINE('',#362,#363);
#362 = CARTESIAN_POINT('',(8.041185701473,19.93964223637,14.25));
#363 = VECTOR('',#364,1.);
#364 = DIRECTION('',(-0.93380083297,0.357793242453,0.));
#365 = ORIENTED_EDGE('',*,*,#366,.T.);
#366 = EDGE_CURVE('',#359,#367,#369,.T.);
#367 = VERTEX_POINT('',#368);
#368 = CARTESIAN_POINT('',(6.633076439983,20.451217492886,14.25));
#369 = LINE('',#370,#371);
#370 = CARTESIAN_POINT('',(7.341588360826,20.207698541402,14.25));
#371 = VECTOR('',#372,1.);
#372 = DIRECTION('',(-0.945699738138,0.325041543939,0.));
#373 = ORIENTED_EDGE('',*,*,#374,.T.);
#374 = EDGE_CURVE('',#367,#375,#377,.T.);
#375 = VERTEX_POINT('',#376);
#376 = CARTESIAN_POINT('',(5.916510255,20.669903396061,14.25));
#377 = LINE('',#378,#379);
#378 = CARTESIAN_POINT('',(6.633076439983,20.451217492886,14.25));
#379 = VECTOR('',#380,1.);
#380 = DIRECTION('',(-0.956450320117,0.291895161228,0.));
#381 = ORIENTED_EDGE('',*,*,#382,.T.);
#382 = EDGE_CURVE('',#375,#383,#385,.T.);
#383 = VERTEX_POINT('',#384);
#384 = CARTESIAN_POINT('',(5.192759901884,20.863490709883,14.25));
#385 = LINE('',#386,#387);
#386 = CARTESIAN_POINT('',(5.916510255,20.669903396061,14.25));
#387 = VECTOR('',#388,1.);
#388 = DIRECTION('',(-0.966039524931,0.258394342569,0.));
#389 = ORIENTED_EDGE('',*,*,#390,.T.);
#390 = EDGE_CURVE('',#383,#391,#393,.T.);
#391 = VERTEX_POINT('',#392);
#392 = CARTESIAN_POINT('',(4.462704200075,21.031744369468,14.25));
#393 = LINE('',#394,#395);
#394 = CARTESIAN_POINT('',(5.192759901884,20.863490709883,14.25));
#395 = VECTOR('',#396,1.);
#396 = DIRECTION('',(-0.974455708813,0.224579766591,0.));
#397 = ORIENTED_EDGE('',*,*,#398,.T.);
#398 = EDGE_CURVE('',#391,#399,#401,.T.);
#399 = VERTEX_POINT('',#400);
#400 = CARTESIAN_POINT('',(3.727229625329,21.174460071512,14.25));
#401 = LINE('',#402,#403);
#402 = CARTESIAN_POINT('',(4.462704200075,21.031744369468,14.25));
#403 = VECTOR('',#404,1.);
#404 = DIRECTION('',(-0.981688652348,0.190492492902,0.));
#405 = ORIENTED_EDGE('',*,*,#406,.T.);
#406 = EDGE_CURVE('',#399,#407,#409,.T.);
#407 = VERTEX_POINT('',#408);
#408 = CARTESIAN_POINT('',(2.987229233311,21.291464522377,14.25));
#409 = LINE('',#410,#411);
#410 = CARTESIAN_POINT('',(3.727229625329,21.174460071512,14.25));
#411 = VECTOR('',#412,1.);
#412 = DIRECTION('',(-0.987729572878,0.156173912236,0.));
#413 = ORIENTED_EDGE('',*,*,#414,.T.);
#414 = EDGE_CURVE('',#407,#415,#417,.T.);
#415 = VERTEX_POINT('',#416);
#416 = CARTESIAN_POINT('',(2.243601575196,21.382615648507,14.25));
#417 = LINE('',#418,#419);
#418 = CARTESIAN_POINT('',(2.987229233311,21.291464522377,14.25));
#419 = VECTOR('',#420,1.);
#420 = DIRECTION('',(-0.992571135168,0.121665696195,0.));
#421 = ORIENTED_EDGE('',*,*,#422,.T.);
#422 = EDGE_CURVE('',#415,#423,#425,.T.);
#423 = VERTEX_POINT('',#424);
#424 = CARTESIAN_POINT('',(1.497249606593,21.447802768945,14.25));
#425 = LINE('',#426,#427);
#426 = CARTESIAN_POINT('',(2.243601575196,21.382615648507,14.25));
#427 = VECTOR('',#428,1.);
#428 = DIRECTION('',(-0.996207460316,8.700974664565E-02,0.));
#429 = ORIENTED_EDGE('',*,*,#430,.T.);
#430 = EDGE_CURVE('',#423,#431,#433,.T.);
#431 = VERTEX_POINT('',#432);
#432 = CARTESIAN_POINT('',(0.749079591127,21.486946729728,14.25));
#433 = LINE('',#434,#435);
#434 = CARTESIAN_POINT('',(1.497249606593,21.447802768945,14.25));
#435 = VECTOR('',#436,1.);
#436 = DIRECTION('',(-0.998634132884,5.224814484144E-02,0.));
#437 = ORIENTED_EDGE('',*,*,#438,.T.);
#438 = EDGE_CURVE('',#431,#439,#441,.T.);
#439 = VERTEX_POINT('',#440);
#440 = CARTESIAN_POINT('',(-3.457463696805E-15,21.5,14.25));
#441 = LINE('',#442,#443);
#442 = CARTESIAN_POINT('',(0.749079591127,21.486946729728,14.25));
#443 = VECTOR('',#444,1.);
#444 = DIRECTION('',(-0.999848206267,1.742310032505E-02,0.));
#445 = ORIENTED_EDGE('',*,*,#446,.T.);
#446 = EDGE_CURVE('',#439,#447,#449,.T.);
#447 = VERTEX_POINT('',#448);
#448 = CARTESIAN_POINT('',(-0.749079591127,21.486946729728,14.25));
#449 = LINE('',#450,#451);
#450 = CARTESIAN_POINT('',(-3.457463696805E-15,21.5,14.25));
#451 = VECTOR('',#452,1.);
#452 = DIRECTION('',(-0.999848206267,-1.742310032505E-02,0.));
#453 = ORIENTED_EDGE('',*,*,#454,.T.);
#454 = EDGE_CURVE('',#447,#455,#457,.T.);
#455 = VERTEX_POINT('',#456);
#456 = CARTESIAN_POINT('',(-1.497249606593,21.447802768945,14.25));
#457 = LINE('',#458,#459);
#458 = CARTESIAN_POINT('',(-0.749079591127,21.486946729728,14.25));
#459 = VECTOR('',#460,1.);
#460 = DIRECTION('',(-0.998634132884,-5.224814484143E-02,0.));
#461 = ORIENTED_EDGE('',*,*,#462,.T.);
#462 = EDGE_CURVE('',#455,#463,#465,.T.);
#463 = VERTEX_POINT('',#464);
#464 = CARTESIAN_POINT('',(-2.243601575196,21.382615648507,14.25));
#465 = LINE('',#466,#467);
#466 = CARTESIAN_POINT('',(-1.497249606593,21.447802768945,14.25));
#467 = VECTOR('',#468,1.);
#468 = DIRECTION('',(-0.996207460316,-8.700974664565E-02,0.));
#469 = ORIENTED_EDGE('',*,*,#470,.T.);
#470 = EDGE_CURVE('',#463,#471,#473,.T.);
#471 = VERTEX_POINT('',#472);
#472 = CARTESIAN_POINT('',(-2.987229233311,21.291464522377,14.25));
#473 = LINE('',#474,#475);
#474 = CARTESIAN_POINT('',(-2.243601575196,21.382615648507,14.25));
#475 = VECTOR('',#476,1.);
#476 = DIRECTION('',(-0.992571135168,-0.121665696195,0.));
#477 = ORIENTED_EDGE('',*,*,#478,.T.);
#478 = EDGE_CURVE('',#471,#479,#481,.T.);
#479 = VERTEX_POINT('',#480);
#480 = CARTESIAN_POINT('',(-3.727229625329,21.174460071512,14.25));
#481 = LINE('',#482,#483);
#482 = CARTESIAN_POINT('',(-2.987229233311,21.291464522377,14.25));
#483 = VECTOR('',#484,1.);
#484 = DIRECTION('',(-0.987729572878,-0.156173912236,0.));
#485 = ORIENTED_EDGE('',*,*,#486,.T.);
#486 = EDGE_CURVE('',#479,#487,#489,.T.);
#487 = VERTEX_POINT('',#488);
#488 = CARTESIAN_POINT('',(-4.462704200075,21.031744369468,14.25));
#489 = LINE('',#490,#491);
#490 = CARTESIAN_POINT('',(-3.727229625329,21.174460071512,14.25));
#491 = VECTOR('',#492,1.);
#492 = DIRECTION('',(-0.981688652348,-0.190492492902,0.));
#493 = ORIENTED_EDGE('',*,*,#494,.T.);
#494 = EDGE_CURVE('',#487,#495,#497,.T.);
#495 = VERTEX_POINT('',#496);
#496 = CARTESIAN_POINT('',(-5.192759901884,20.863490709883,14.25));
#497 = LINE('',#498,#499);
#498 = CARTESIAN_POINT('',(-4.462704200075,21.031744369468,14.25));
#499 = VECTOR('',#500,1.);
#500 = DIRECTION('',(-0.974455708813,-0.224579766591,0.));
#501 = ORIENTED_EDGE('',*,*,#502,.T.);
#502 = EDGE_CURVE('',#495,#503,#505,.T.);
#503 = VERTEX_POINT('',#504);
#504 = CARTESIAN_POINT('',(-5.916510255,20.669903396061,14.25));
#505 = LINE('',#506,#507);
#506 = CARTESIAN_POINT('',(-5.192759901884,20.863490709883,14.25));
#507 = VECTOR('',#508,1.);
#508 = DIRECTION('',(-0.966039524931,-0.258394342569,0.));
#509 = ORIENTED_EDGE('',*,*,#510,.T.);
#510 = EDGE_CURVE('',#503,#511,#513,.T.);
#511 = VERTEX_POINT('',#512);
#512 = CARTESIAN_POINT('',(-6.633076439983,20.451217492886,14.25));
#513 = LINE('',#514,#515);
#514 = CARTESIAN_POINT('',(-5.916510255,20.669903396061,14.25));
#515 = VECTOR('',#516,1.);
#516 = DIRECTION('',(-0.956450320117,-0.291895161228,0.));
#517 = ORIENTED_EDGE('',*,*,#518,.T.);
#518 = EDGE_CURVE('',#511,#519,#521,.T.);
#519 = VERTEX_POINT('',#520);
#520 = CARTESIAN_POINT('',(-7.341588360826,20.207698541402,14.25));
#521 = LINE('',#522,#523);
#522 = CARTESIAN_POINT('',(-6.633076439983,20.451217492886,14.25));
#523 = VECTOR('',#524,1.);
#524 = DIRECTION('',(-0.945699738138,-0.325041543939,0.));
#525 = ORIENTED_EDGE('',*,*,#526,.T.);
#526 = EDGE_CURVE('',#519,#527,#529,.T.);
#527 = VERTEX_POINT('',#528);
#528 = CARTESIAN_POINT('',(-8.041185701473,19.93964223637,14.25));
#529 = LINE('',#530,#531);
#530 = CARTESIAN_POINT('',(-7.341588360826,20.207698541402,14.25));
#531 = VECTOR('',#532,1.);
#532 = DIRECTION('',(-0.93380083297,-0.357793242453,0.));
#533 = ORIENTED_EDGE('',*,*,#534,.T.);
#534 = EDGE_CURVE('',#527,#535,#537,.T.);
#535 = VERTEX_POINT('',#536);
#536 = CARTESIAN_POINT('',(-8.731018970467,19.647374067222,14.25));
#537 = LINE('',#538,#539);
#538 = CARTESIAN_POINT('',(-8.041185701473,19.93964223637,14.25));
#539 = VECTOR('',#540,1.);
#540 = DIRECTION('',(-0.92076805295,-0.390110487768,0.));
#541 = ORIENTED_EDGE('',*,*,#542,.T.);
#542 = EDGE_CURVE('',#535,#543,#545,.T.);
#543 = VERTEX_POINT('',#544);
#544 = CARTESIAN_POINT('',(-9.41025053245,19.331248922833,14.25));
#545 = LINE('',#546,#547);
#546 = CARTESIAN_POINT('',(-8.731018970467,19.647374067222,14.25));
#547 = VECTOR('',#548,1.);
#548 = DIRECTION('',(-0.906617223233,-0.421954038419,0.));
#549 = ORIENTED_EDGE('',*,*,#550,.T.);
#550 = EDGE_CURVE('',#543,#551,#553,.T.);
#551 = VERTEX_POINT('',#552);
#552 = CARTESIAN_POINT('',(-10.07805562526,18.991650660594,14.25));
#553 = LINE('',#554,#555);
#554 = CARTESIAN_POINT('',(-9.41025053245,19.331248922833,14.25));
#555 = VECTOR('',#556,1.);
#556 = DIRECTION('',(-0.891365526571,-0.453285228129,0.));
#557 = ORIENTED_EDGE('',*,*,#558,.T.);
#558 = EDGE_CURVE('',#551,#559,#561,.T.);
#559 = VERTEX_POINT('',#560);
#560 = CARTESIAN_POINT('',(-10.73362336144,18.628991640309,14.25));
#561 = LINE('',#562,#563);
#562 = CARTESIAN_POINT('',(-10.07805562526,18.991650660594,14.25));
#563 = VECTOR('',#564,1.);
#564 = DIRECTION('',(-0.875031482456,-0.484066012762,0.));
#565 = ORIENTED_EDGE('',*,*,#566,.T.);
#566 = EDGE_CURVE('',#559,#567,#569,.T.);
#567 = VERTEX_POINT('',#568);
#568 = CARTESIAN_POINT('',(-11.3761577128,18.243712223486,14.25));
#569 = LINE('',#570,#571);
#570 = CARTESIAN_POINT('',(-10.73362336144,18.628991640309,14.25));
#571 = VECTOR('',#572,1.);
#572 = DIRECTION('',(-0.857634924625,-0.514259016511,0.));
#573 = ORIENTED_EDGE('',*,*,#574,.T.);
#574 = EDGE_CURVE('',#567,#575,#577,.T.);
#575 = VERTEX_POINT('',#576);
#576 = CARTESIAN_POINT('',(-12.00487847707,17.836280238624,14.25));
#577 = LINE('',#578,#579);
#578 = CARTESIAN_POINT('',(-11.3761577128,18.243712223486,14.25));
#579 = VECTOR('',#580,1.);
#580 = DIRECTION('',(-0.839196976984,-0.54382757729,0.));
#581 = ORIENTED_EDGE('',*,*,#582,.T.);
#582 = EDGE_CURVE('',#575,#583,#585,.T.);
#583 = VERTEX_POINT('',#584);
#584 = CARTESIAN_POINT('',(-12.61902222521,17.407190413148,14.25));
#585 = LINE('',#586,#587);
#586 = CARTESIAN_POINT('',(-12.00487847707,17.836280238624,14.25));
#587 = VECTOR('',#588,1.);
#588 = DIRECTION('',(-0.819740027952,-0.572735791245,0.));
#589 = ORIENTED_EDGE('',*,*,#590,.T.);
#590 = EDGE_CURVE('',#583,#591,#593,.T.);
#591 = VERTEX_POINT('',#592);
#592 = CARTESIAN_POINT('',(-13.21784322845,16.956963772681,14.25));
#593 = LINE('',#594,#595);
#594 = CARTESIAN_POINT('',(-12.61902222521,17.407190413148,14.25));
#595 = VECTOR('',#596,1.);
#596 = DIRECTION('',(-0.799287703279,-0.600948556357,0.));
#597 = ORIENTED_EDGE('',*,*,#598,.T.);
#598 = EDGE_CURVE('',#591,#599,#601,.T.);
#599 = VERTEX_POINT('',#600);
#600 = CARTESIAN_POINT('',(-13.80061436378,16.486147008389,14.25));
#601 = LINE('',#602,#603);
#602 = CARTESIAN_POINT('',(-13.21784322845,16.956963772681,14.25));
#603 = VECTOR('',#604,1.);
#604 = DIRECTION('',(-0.777864837358,-0.628431615056,0.));
#605 = ORIENTED_EDGE('',*,*,#606,.T.);
#606 = EDGE_CURVE('',#599,#607,#609,.T.);
#607 = VERTEX_POINT('',#608);
#608 = CARTESIAN_POINT('',(-14.36662799685,15.995311813153,14.25));
#609 = LINE('',#610,#611);
#610 = CARTESIAN_POINT('',(-13.80061436378,16.486147008389,14.25));
#611 = VECTOR('',#612,1.);
#612 = DIRECTION('',(-0.755497443069,-0.655151595828,0.));
#613 = ORIENTED_EDGE('',*,*,#614,.T.);
#614 = EDGE_CURVE('',#607,#615,#617,.T.);
#615 = VERTEX_POINT('',#616);
#616 = CARTESIAN_POINT('',(-14.91519684126,15.485054187388,14.25));
#617 = LINE('',#618,#619);
#618 = CARTESIAN_POINT('',(-14.36662799685,15.995311813153,14.25));
#619 = VECTOR('',#620,1.);
#620 = DIRECTION('',(-0.732212680192,-0.681076053731,0.));
#621 = ORIENTED_EDGE('',*,*,#622,.T.);
#622 = EDGE_CURVE('',#615,#623,#625,.T.);
#623 = VERTEX_POINT('',#624);
#624 = CARTESIAN_POINT('',(-15.44565479306,14.955993715345,14.25));
#625 = LINE('',#626,#627);
#626 = CARTESIAN_POINT('',(-14.91519684126,15.485054187388,14.25));
#627 = VECTOR('',#628,1.);
#628 = DIRECTION('',(-0.708038822431,-0.706173509791,0.));
#629 = ORIENTED_EDGE('',*,*,#630,.T.);
#630 = EDGE_CURVE('',#623,#631,#633,.T.);
#631 = VERTEX_POINT('',#632);
#632 = CARTESIAN_POINT('',(-15.9573577396,14.408772812776,14.25));
#633 = LINE('',#634,#635);
#634 = CARTESIAN_POINT('',(-15.44565479306,14.955993715345,14.25));
#635 = VECTOR('',#636,1.);
#636 = DIRECTION('',(-0.683005223078,-0.730413489229,0.));
#637 = ORIENTED_EDGE('',*,*,#638,.T.);
#638 = EDGE_CURVE('',#631,#639,#641,.T.);
#639 = VERTEX_POINT('',#640);
#640 = CARTESIAN_POINT('',(-16.44968434164,13.844055946875,14.25));
#641 = LINE('',#642,#643);
#642 = CARTESIAN_POINT('',(-15.9573577396,14.408772812776,14.25));
#643 = VECTOR('',#644,1.);
#644 = DIRECTION('',(-0.657142279374,-0.753766558464,0.));
#645 = ORIENTED_EDGE('',*,*,#646,.T.);
#646 = EDGE_CURVE('',#639,#647,#649,.T.);
#647 = VERTEX_POINT('',#648);
#648 = CARTESIAN_POINT('',(-16.92203678781,13.262528829444,14.25));
#649 = LINE('',#650,#651);
#650 = CARTESIAN_POINT('',(-16.44968434164,13.844055946875,14.25));
#651 = VECTOR('',#652,1.);
#652 = DIRECTION('',(-0.630481395597,-0.776204360852,0.));
#653 = ORIENTED_EDGE('',*,*,#654,.T.);
#654 = EDGE_CURVE('',#647,#655,#657,.T.);
#655 = VERTEX_POINT('',#656);
#656 = CARTESIAN_POINT('',(-17.37384152051,12.664897584265,14.25));
#657 = LINE('',#658,#659);
#658 = CARTESIAN_POINT('',(-16.92203678781,13.262528829444,14.25));
#659 = VECTOR('',#660,1.);
#660 = DIRECTION('',(-0.603054944931,-0.797699651118,0.));
#661 = ORIENTED_EDGE('',*,*,#662,.T.);
#662 = EDGE_CURVE('',#655,#663,#665,.T.);
#663 = VERTEX_POINT('',#664);
#664 = CARTESIAN_POINT('',(-17.80454993238,12.051887889677,14.25));
#665 = LINE('',#666,#667);
#666 = CARTESIAN_POINT('',(-17.37384152051,12.664897584265,14.25));
#667 = VECTOR('',#668,1.);
#668 = DIRECTION('',(-0.574896230155,-0.818226328441,0.));
#669 = ORIENTED_EDGE('',*,*,#670,.T.);
#670 = EDGE_CURVE('',#663,#671,#673,.T.);
#671 = VERTEX_POINT('',#672);
#672 = CARTESIAN_POINT('',(-18.21363903239,11.424244097422,14.25));
#673 = LINE('',#674,#675);
#674 = CARTESIAN_POINT('',(-17.80454993238,12.051887889677,14.25));
#675 = VECTOR('',#676,1.);
#676 = DIRECTION('',(-0.546039443205,-0.837759468144,0.));
#677 = ORIENTED_EDGE('',*,*,#678,.T.);
#678 = EDGE_CURVE('',#671,#679,#681,.T.);
#679 = VERTEX_POINT('',#680);
#680 = CARTESIAN_POINT('',(-18.60061208098,10.782728328809,14.25));
#681 = LINE('',#682,#683);
#682 = CARTESIAN_POINT('',(-18.21363903239,11.424244097422,14.25));
#683 = VECTOR('',#684,1.);
#684 = DIRECTION('',(-0.516519623657,-0.856275351962,0.));
#685 = ORIENTED_EDGE('',*,*,#686,.T.);
#686 = EDGE_CURVE('',#679,#687,#689,.T.);
#687 = VERTEX_POINT('',#688);
#688 = CARTESIAN_POINT('',(-18.96499919312,10.128119549298,14.25));
#689 = LINE('',#690,#691);
#690 = CARTESIAN_POINT('',(-18.60061208098,10.782728328809,14.25));
#691 = VECTOR('',#692,1.);
#692 = DIRECTION('',(-0.486372616178,-0.873751496841,0.));
#693 = ORIENTED_EDGE('',*,*,#694,.T.);
#694 = EDGE_CURVE('',#687,#695,#697,.T.);
#695 = VERTEX_POINT('',#696);
#696 = CARTESIAN_POINT('',(-19.30635790896,9.46121262264,14.25));
#697 = LINE('',#698,#699);
#698 = CARTESIAN_POINT('',(-18.96499919312,10.128119549298,14.25));
#699 = VECTOR('',#700,1.);
#700 = DIRECTION('',(-0.455635027005,-0.890166682238,0.));
#701 = ORIENTED_EDGE('',*,*,#702,.T.);
#702 = EDGE_CURVE('',#695,#703,#705,.T.);
#703 = VERTEX_POINT('',#704);
#704 = CARTESIAN_POINT('',(-19.62427373107,8.782817345707,14.25));
#705 = LINE('',#706,#707);
#706 = CARTESIAN_POINT('',(-19.30635790896,9.46121262264,14.25));
#707 = VECTOR('',#708,1.);
#708 = DIRECTION('',(-0.424344179493,-0.905500975886,0.));
#709 = ORIENTED_EDGE('',*,*,#710,.T.);
#710 = EDGE_CURVE('',#703,#711,#713,.T.);
#711 = VERTEX_POINT('',#712);
#712 = CARTESIAN_POINT('',(-19.91836062769,8.093757465185,14.25));
#713 = LINE('',#714,#715);
#714 = CARTESIAN_POINT('',(-19.62427373107,8.782817345707,14.25));
#715 = VECTOR('',#716,1.);
#716 = DIRECTION('',(-0.392538068793,-0.919735758002,0.));
#717 = ORIENTED_EDGE('',*,*,#718,.T.);
#718 = EDGE_CURVE('',#711,#719,#721,.T.);
#719 = VERTEX_POINT('',#720);
#720 = CARTESIAN_POINT('',(-20.18826150155,7.394869677342,14.25));
#721 = LINE('',#722,#723);
#722 = CARTESIAN_POINT('',(-19.91836062769,8.093757465185,14.25));
#723 = VECTOR('',#724,1.);
#724 = DIRECTION('',(-0.360255315721,-0.932853743893,0.));
#725 = ORIENTED_EDGE('',*,*,#726,.T.);
#726 = EDGE_CURVE('',#719,#727,#729,.T.);
#727 = VERTEX_POINT('',#728);
#728 = CARTESIAN_POINT('',(-20.43364862344,6.687002612055,14.25));
#729 = LINE('',#730,#731);
#730 = CARTESIAN_POINT('',(-20.18826150155,7.394869677342,14.25));
#731 = VECTOR('',#732,1.);
#732 = DIRECTION('',(-0.327535119858,-0.944839004942,0.));
#733 = ORIENTED_EDGE('',*,*,#734,.T.);
#734 = EDGE_CURVE('',#727,#735,#737,.T.);
#735 = VERTEX_POINT('',#736);
#736 = CARTESIAN_POINT('',(-20.65422403015,5.971015802357,14.25));
#737 = LINE('',#738,#739);
#738 = CARTESIAN_POINT('',(-20.43364862344,6.687002612055,14.25));
#739 = VECTOR('',#740,1.);
#740 = DIRECTION('',(-0.294417211953,-0.955676987954,0.));
#741 = ORIENTED_EDGE('',*,*,#742,.T.);
#742 = EDGE_CURVE('',#735,#743,#745,.T.);
#743 = VERTEX_POINT('',#744);
#744 = CARTESIAN_POINT('',(-20.84971988631,5.247778640746,14.25));
#745 = LINE('',#746,#747);
#746 = CARTESIAN_POINT('',(-20.65422403015,5.971015802357,14.25));
#747 = VECTOR('',#748,1.);
#748 = DIRECTION('',(-0.260941805682,-0.965354532826,0.));
#749 = ORIENTED_EDGE('',*,*,#750,.T.);
#750 = EDGE_CURVE('',#743,#751,#753,.T.);
#751 = VERTEX_POINT('',#752);
#752 = CARTESIAN_POINT('',(-21.01989880955,4.518169323515,14.25));
#753 = LINE('',#754,#755);
#754 = CARTESIAN_POINT('',(-20.84971988631,5.247778640746,14.25));
#755 = VECTOR('',#756,1.);
#756 = DIRECTION('',(-0.227149548814,-0.973859888523,0.));
#757 = ORIENTED_EDGE('',*,*,#758,.T.);
#758 = EDGE_CURVE('',#751,#759,#761,.T.);
#759 = VERTEX_POINT('',#760);
#760 = CARTESIAN_POINT('',(-21.16455415882,3.783073784393,14.25));
#761 = LINE('',#762,#763);
#762 = CARTESIAN_POINT('',(-21.01989880955,4.518169323515,14.25));
#763 = VECTOR('',#764,1.);
#764 = DIRECTION('',(-0.193081473858,-0.981182727351,0.));
#765 = ORIENTED_EDGE('',*,*,#766,.T.);
#766 = EDGE_CURVE('',#759,#767,#769,.T.);
#767 = VERTEX_POINT('',#768);
#768 = CARTESIAN_POINT('',(-21.28351028524,3.0433846188,14.25));
#769 = LINE('',#770,#771);
#770 = CARTESIAN_POINT('',(-21.16455415882,3.783073784393,14.25));
#771 = VECTOR('',#772,1.);
#772 = DIRECTION('',(-0.158778948235,-0.987314157499,0.));
#773 = ORIENTED_EDGE('',*,*,#774,.T.);
#774 = EDGE_CURVE('',#767,#775,#777,.T.);
#775 = VERTEX_POINT('',#776);
#776 = CARTESIAN_POINT('',(-21.37662274542,2.3,14.25));
#777 = LINE('',#778,#779);
#778 = CARTESIAN_POINT('',(-21.28351028524,3.0433846188,14.25));
#779 = VECTOR('',#780,1.);
#780 = DIRECTION('',(-0.124283624052,-0.992246733828,0.));
#781 = ORIENTED_EDGE('',*,*,#782,.T.);
#782 = EDGE_CURVE('',#775,#783,#785,.T.);
#783 = VERTEX_POINT('',#784);
#784 = CARTESIAN_POINT('',(-22.25,2.3,14.25));
#785 = LINE('',#786,#787);
#786 = CARTESIAN_POINT('',(-21.37662274542,2.3,14.25));
#787 = VECTOR('',#788,1.);
#788 = DIRECTION('',(-1.,1.0169470467E-15,0.));
#789 = ORIENTED_EDGE('',*,*,#790,.T.);
#790 = EDGE_CURVE('',#783,#791,#793,.T.);
#791 = VERTEX_POINT('',#792);
#792 = CARTESIAN_POINT('',(-22.25,-2.3,14.25));
#793 = LINE('',#794,#795);
#794 = CARTESIAN_POINT('',(-22.25,2.3,14.25));
#795 = VECTOR('',#796,1.);
#796 = DIRECTION('',(0.,-1.,0.));
#797 = ORIENTED_EDGE('',*,*,#798,.T.);
#798 = EDGE_CURVE('',#791,#799,#801,.T.);
#799 = VERTEX_POINT('',#800);
#800 = CARTESIAN_POINT('',(-21.37662274542,-2.3,14.25));
#801 = LINE('',#802,#803);
#802 = CARTESIAN_POINT('',(-22.25,-2.3,14.25));
#803 = VECTOR('',#804,1.);
#804 = DIRECTION('',(1.,7.118629326899E-15,0.));
#805 = ORIENTED_EDGE('',*,*,#806,.T.);
#806 = EDGE_CURVE('',#799,#807,#809,.T.);
#807 = VERTEX_POINT('',#808);
#808 = CARTESIAN_POINT('',(-21.28583453467,-3.027085754059,14.25));
#809 = LINE('',#810,#811);
#810 = CARTESIAN_POINT('',(-21.37662274542,-2.3,14.25));
#811 = VECTOR('',#812,1.);
#812 = DIRECTION('',(0.123903705545,-0.992294246558,0.));
#813 = ORIENTED_EDGE('',*,*,#814,.T.);
#814 = EDGE_CURVE('',#807,#815,#817,.T.);
#815 = VERTEX_POINT('',#816);
#816 = CARTESIAN_POINT('',(-21.17032315783,-3.750655595047,14.25));
#817 = LINE('',#818,#819);
#818 = CARTESIAN_POINT('',(-21.28583453467,-3.027085754059,14.25));
#819 = VECTOR('',#820,1.);
#820 = DIRECTION('',(0.157644781247,-0.987495885027,0.));
#821 = ORIENTED_EDGE('',*,*,#822,.T.);
#822 = EDGE_CURVE('',#815,#823,#825,.T.);
#823 = VERTEX_POINT('',#824);
#824 = CARTESIAN_POINT('',(-21.03022277958,-4.469869107836,14.25));
#825 = LINE('',#826,#827);
#826 = CARTESIAN_POINT('',(-21.17032315783,-3.750655595047,14.25));
#827 = VECTOR('',#828,1.);
#828 = DIRECTION('',(0.191202754984,-0.981550562369,0.));
#829 = ORIENTED_EDGE('',*,*,#830,.T.);
#830 = EDGE_CURVE('',#823,#831,#833,.T.);
#831 = VERTEX_POINT('',#832);
#832 = CARTESIAN_POINT('',(-20.86569612431,-5.183890937105,14.25));
#833 = LINE('',#834,#835);
#834 = CARTESIAN_POINT('',(-21.03022277958,-4.469869107836,14.25));
#835 = VECTOR('',#836,1.);
#836 = DIRECTION('',(0.224538649693,-0.974465183983,0.));
#837 = ORIENTED_EDGE('',*,*,#838,.T.);
#838 = EDGE_CURVE('',#831,#839,#841,.T.);
#839 = VERTEX_POINT('',#840);
#840 = CARTESIAN_POINT('',(-20.67693428719,-5.891891757593,14.25));
#841 = LINE('',#842,#843);
#842 = CARTESIAN_POINT('',(-20.86569612431,-5.183890937105,14.25));
#843 = VECTOR('',#844,1.);
#844 = DIRECTION('',(0.257613746248,-0.966247979426,0.));
#845 = ORIENTED_EDGE('',*,*,#846,.T.);
#846 = EDGE_CURVE('',#839,#847,#849,.T.);
#847 = VERTEX_POINT('',#848);
#848 = CARTESIAN_POINT('',(-20.46415651215,-6.593049237348,14.25));
#849 = LINE('',#850,#851);
#850 = CARTESIAN_POINT('',(-20.67693428719,-5.891891757593,14.25));
#851 = VECTOR('',#852,1.);
#852 = DIRECTION('',(0.29038962844,-0.956908492853,0.));
#853 = ORIENTED_EDGE('',*,*,#854,.T.);
#854 = EDGE_CURVE('',#847,#855,#857,.T.);
#855 = VERTEX_POINT('',#856);
#856 = CARTESIAN_POINT('',(-20.22760993728,-7.286548992851,14.25));
#857 = LINE('',#858,#859);
#858 = CARTESIAN_POINT('',(-20.46415651215,-6.593049237348,14.25));
#859 = VECTOR('',#860,1.);
#860 = DIRECTION('',(0.32282822759,-0.946457571934,0.));
#861 = ORIENTED_EDGE('',*,*,#862,.T.);
#862 = EDGE_CURVE('',#855,#863,#865,.T.);
#863 = VERTEX_POINT('',#864);
#864 = CARTESIAN_POINT('',(-19.96756930774,-7.97158553491,14.25));
#865 = LINE('',#866,#867);
#866 = CARTESIAN_POINT('',(-20.22760993728,-7.286548992851,14.25));
#867 = VECTOR('',#868,1.);
#868 = DIRECTION('',(0.354891866769,-0.93490735525,0.));
#869 = ORIENTED_EDGE('',*,*,#870,.T.);
#870 = EDGE_CURVE('',#863,#871,#873,.T.);
#871 = VERTEX_POINT('',#872);
#872 = CARTESIAN_POINT('',(-19.68433665669,-8.647363204226,14.25));
#873 = LINE('',#874,#875);
#874 = CARTESIAN_POINT('',(-19.96756930774,-7.97158553491,14.25));
#875 = VECTOR('',#876,1.);
#876 = DIRECTION('',(0.38654330456,-0.922271258199,0.));
#877 = ORIENTED_EDGE('',*,*,#878,.T.);
#878 = EDGE_CURVE('',#871,#879,#881,.T.);
#879 = VERTEX_POINT('',#880);
#880 = CARTESIAN_POINT('',(-19.37824095446,-9.313097095536,14.25));
#881 = LINE('',#882,#883);
#882 = CARTESIAN_POINT('',(-19.68433665669,-8.647363204226,14.25));
#883 = VECTOR('',#884,1.);
#884 = DIRECTION('',(0.417745778308,-0.908563957411,0.));
#885 = ORIENTED_EDGE('',*,*,#886,.T.);
#886 = EDGE_CURVE('',#879,#887,#889,.T.);
#887 = VERTEX_POINT('',#888);
#888 = CARTESIAN_POINT('',(-19.04963772643,-9.968013969268,14.25));
#889 = LINE('',#890,#891);
#890 = CARTESIAN_POINT('',(-19.37824095446,-9.313097095536,14.25));
#891 = VECTOR('',#892,1.);
#892 = DIRECTION('',(0.448463046824,-0.893801373703,0.));
#893 = ORIENTED_EDGE('',*,*,#894,.T.);
#894 = EDGE_CURVE('',#887,#895,#897,.T.);
#895 = VERTEX_POINT('',#896);
#896 = CARTESIAN_POINT('',(-18.69890864017,-10.61135314964,14.25));
#897 = LINE('',#898,#899);
#898 = CARTESIAN_POINT('',(-19.04963772643,-9.968013969268,14.25));
#899 = VECTOR('',#900,1.);
#900 = DIRECTION('',(0.47865943248,-0.878000653586,0.));
#901 = ORIENTED_EDGE('',*,*,#902,.T.);
#902 = EDGE_CURVE('',#895,#903,#905,.T.);
#903 = VERTEX_POINT('',#904);
#904 = CARTESIAN_POINT('',(-18.32646106204,-11.24236740821,14.25));
#905 = LINE('',#906,#907);
#906 = CARTESIAN_POINT('',(-18.69890864017,-10.61135314964,14.25));
#907 = VECTOR('',#908,1.);
#908 = DIRECTION('',(0.508299862642,-0.861180149352,0.));
#909 = ORIENTED_EDGE('',*,*,#910,.T.);
#910 = EDGE_CURVE('',#903,#911,#913,.T.);
#911 = VERTEX_POINT('',#912);
#912 = CARTESIAN_POINT('',(-17.93272758413,-11.86032383171,14.25));
#913 = LINE('',#914,#915);
#914 = CARTESIAN_POINT('',(-18.32646106204,-11.24236740821,14.25));
#915 = VECTOR('',#916,1.);
#916 = DIRECTION('',(0.537349910411,-0.843359397755,0.));
#917 = ORIENTED_EDGE('',*,*,#918,.T.);
#918 = EDGE_CURVE('',#911,#919,#921,.T.);
#919 = VERTEX_POINT('',#920);
#920 = CARTESIAN_POINT('',(-17.51816552176,-12.46450467335,14.25));
#921 = LINE('',#922,#923);
#922 = CARTESIAN_POINT('',(-17.93272758413,-11.86032383171,14.25));
#923 = VECTOR('',#924,1.);
#924 = DIRECTION('',(0.565775834608,-0.82455909732,0.));
#925 = ORIENTED_EDGE('',*,*,#926,.T.);
#926 = EDGE_CURVE('',#919,#927,#929,.T.);
#927 = VERTEX_POINT('',#928);
#928 = CARTESIAN_POINT('',(-17.08325638231,-13.05420818648,14.25));
#929 = LINE('',#930,#931);
#930 = CARTESIAN_POINT('',(-17.51816552176,-12.46450467335,14.25));
#931 = VECTOR('',#932,1.);
#932 = DIRECTION('',(0.593544618964,-0.804801084305,0.));
#933 = ORIENTED_EDGE('',*,*,#934,.T.);
#934 = EDGE_CURVE('',#927,#935,#937,.T.);
#935 = VERTEX_POINT('',#936);
#936 = CARTESIAN_POINT('',(-16.62850530601,-13.62874943962,14.25));
#937 = LINE('',#938,#939);
#938 = CARTESIAN_POINT('',(-17.08325638231,-13.05420818648,14.25));
#939 = VECTOR('',#940,1.);
#940 = DIRECTION('',(0.620624010467,-0.784108307335,0.));
#941 = ORIENTED_EDGE('',*,*,#942,.T.);
#942 = EDGE_CURVE('',#935,#943,#945,.T.);
#943 = VERTEX_POINT('',#944);
#944 = CARTESIAN_POINT('',(-16.15444047914,-14.18746111204,14.25));
#945 = LINE('',#946,#947);
#946 = CARTESIAN_POINT('',(-16.62850530601,-13.62874943962,14.25));
#947 = VECTOR('',#948,1.);
#948 = DIRECTION('',(0.646982556824,-0.762504800749,0.));
#949 = ORIENTED_EDGE('',*,*,#950,.T.);
#950 = EDGE_CURVE('',#943,#951,#953,.T.);
#951 = VERTEX_POINT('',#952);
#952 = CARTESIAN_POINT('',(-15.66161252066,-14.72969426881,14.25));
#953 = LINE('',#954,#955);
#954 = CARTESIAN_POINT('',(-16.15444047914,-14.18746111204,14.25));
#955 = VECTOR('',#956,1.);
#956 = DIRECTION('',(0.672589642993,-0.740015656684,0.));
#957 = ORIENTED_EDGE('',*,*,#958,.T.);
#958 = EDGE_CURVE('',#951,#959,#961,.T.);
#959 = VERTEX_POINT('',#960);
#960 = CARTESIAN_POINT('',(-15.15059384257,-15.25481911454,14.25));
#961 = LINE('',#962,#963);
#962 = CARTESIAN_POINT('',(-15.66161252066,-14.72969426881,14.25));
#963 = VECTOR('',#964,1.);
#964 = DIRECTION('',(0.697415526743,-0.716666995932,0.));
#965 = ORIENTED_EDGE('',*,*,#966,.T.);
#966 = EDGE_CURVE('',#959,#967,#969,.T.);
#967 = VERTEX_POINT('',#968);
#968 = CARTESIAN_POINT('',(-14.62197798512,-15.76222572489,14.25));
#969 = LINE('',#970,#971);
#970 = CARTESIAN_POINT('',(-15.15059384257,-15.25481911454,14.25));
#971 = VECTOR('',#972,1.);
#972 = DIRECTION('',(0.721431373194,-0.692485937598,0.));
#973 = ORIENTED_EDGE('',*,*,#974,.T.);
#974 = EDGE_CURVE('',#967,#975,#977,.T.);
#975 = VERTEX_POINT('',#976);
#976 = CARTESIAN_POINT('',(-14.07637892743,-16.25132475496,14.25));
#977 = LINE('',#978,#979);
#978 = CARTESIAN_POINT('',(-14.62197798512,-15.76222572489,14.25));
#979 = VECTOR('',#980,1.);
#980 = DIRECTION('',(0.744609288314,-0.667500567608,0.));
#981 = ORIENTED_EDGE('',*,*,#982,.T.);
#982 = EDGE_CURVE('',#975,#983,#985,.T.);
#983 = VERTEX_POINT('',#984);
#984 = CARTESIAN_POINT('',(-13.51443037432,-16.72154812382,14.25));
#985 = LINE('',#986,#987);
#986 = CARTESIAN_POINT('',(-14.07637892743,-16.25132475496,14.25));
#987 = VECTOR('',#988,1.);
#988 = DIRECTION('',(0.766922351315,-0.641739906079,0.));
#989 = ORIENTED_EDGE('',*,*,#990,.T.);
#990 = EDGE_CURVE('',#983,#991,#993,.T.);
#991 = VERTEX_POINT('',#992);
#992 = CARTESIAN_POINT('',(-12.93678502031,-17.17234967434,14.25));
#993 = LINE('',#994,#995);
#994 = CARTESIAN_POINT('',(-13.51443037432,-16.72154812382,14.25));
#995 = VECTOR('',#996,1.);
#996 = DIRECTION('',(0.78834464592,-0.61523387362,0.));
#997 = ORIENTED_EDGE('',*,*,#998,.T.);
#998 = EDGE_CURVE('',#991,#999,#1001,.T.);
#999 = VERTEX_POINT('',#1000);
#1000 = CARTESIAN_POINT('',(-12.3441137915,-17.60320580753,14.25));
#1001 = LINE('',#1002,#1003);
#1002 = CARTESIAN_POINT('',(-12.93678502031,-17.17234967434,14.25));
#1003 = VECTOR('',#1004,1.);
#1004 = DIRECTION('',(0.808851290468,-0.588013256576,0.));
#1005 = ORIENTED_EDGE('',*,*,#1006,.T.);
#1006 = EDGE_CURVE('',#999,#1007,#1009,.T.);
#1007 = VERTEX_POINT('',#1008);
#1008 = CARTESIAN_POINT('',(-11.73710506631,-18.01361609067,14.25));
#1009 = LINE('',#1010,#1011);
#1010 = CARTESIAN_POINT('',(-12.3441137915,-17.60320580753,14.25));
#1011 = VECTOR('',#1012,1.);
#1012 = DIRECTION('',(0.828418466809,-0.56010967127,0.));
#1013 = ORIENTED_EDGE('',*,*,#1014,.T.);
#1014 = EDGE_CURVE('',#1007,#1015,#1017,.T.);
#1015 = VERTEX_POINT('',#1016);
#1016 = CARTESIAN_POINT('',(-11.11646387595,-18.40310383861,14.25));
#1017 = LINE('',#1018,#1019);
#1018 = CARTESIAN_POINT('',(-11.73710506631,-18.01361609067,14.25));
#1019 = VECTOR('',#1020,1.);
#1020 = DIRECTION('',(0.847023447972,-0.531555527283,0.));
#1021 = ORIENTED_EDGE('',*,*,#1022,.T.);
#1022 = EDGE_CURVE('',#1015,#1023,#1025,.T.);
#1023 = VERTEX_POINT('',#1024);
#1024 = CARTESIAN_POINT('',(-10.48291108551,-18.77121666736,14.25));
#1025 = LINE('',#1026,#1027);
#1026 = CARTESIAN_POINT('',(-11.11646387595,-18.40310383861,14.25));
#1027 = VECTOR('',#1028,1.);
#1028 = DIRECTION('',(0.864644624561,-0.502383989811,0.));
#1029 = ORIENTED_EDGE('',*,*,#1030,.T.);
#1030 = EDGE_CURVE('',#1023,#1031,#1033,.T.);
#1031 = VERTEX_POINT('',#1032);
#1032 = CARTESIAN_POINT('',(-9.837182556723,-19.11752701961,14.25));
#1033 = LINE('',#1034,#1035);
#1034 = CARTESIAN_POINT('',(-10.48291108551,-18.77121666736,14.25));
#1035 = VECTOR('',#1036,1.);
#1036 = DIRECTION('',(0.881261529852,-0.47262894114,0.));
#1037 = ORIENTED_EDGE('',*,*,#1038,.T.);
#1038 = EDGE_CURVE('',#1031,#1039,#1041,.T.);
#1039 = VERTEX_POINT('',#1040);
#1040 = CARTESIAN_POINT('',(-9.180028293236,-19.44163266126,14.25));
#1041 = LINE('',#1042,#1043);
#1042 = CARTESIAN_POINT('',(-9.837182556723,-19.11752701961,14.25));
#1043 = VECTOR('',#1044,1.);
#1044 = DIRECTION('',(0.896854863569,-0.442324941297,0.));
#1045 = ORIENTED_EDGE('',*,*,#1046,.T.);
#1046 = EDGE_CURVE('',#1039,#1047,#1049,.T.);
#1047 = VERTEX_POINT('',#1048);
#1048 = CARTESIAN_POINT('',(-8.512211569517,-19.74315714863,14.25));
#1049 = LINE('',#1050,#1051);
#1050 = CARTESIAN_POINT('',(-9.180028293236,-19.44163266126,14.25));
#1051 = VECTOR('',#1052,1.);
#1052 = DIRECTION('',(0.911406514296,-0.411507187907,0.));
#1053 = ORIENTED_EDGE('',*,*,#1054,.T.);
#1054 = EDGE_CURVE('',#1047,#1055,#1057,.T.);
#1055 = VERTEX_POINT('',#1056);
#1056 = CARTESIAN_POINT('',(-7.834508044315,-20.02175026573,14.25));
#1057 = LINE('',#1058,#1059);
#1058 = CARTESIAN_POINT('',(-8.512211569517,-19.74315714863,14.25));
#1059 = VECTOR('',#1060,1.);
#1060 = DIRECTION('',(0.924899580517,-0.380211475312,0.));
#1061 = ORIENTED_EDGE('',*,*,#1062,.T.);
#1062 = EDGE_CURVE('',#1055,#1063,#1065,.T.);
#1063 = VERTEX_POINT('',#1064);
#1064 = CARTESIAN_POINT('',(-7.147704859746,-20.27708843098,14.25));
#1065 = LINE('',#1066,#1067);
#1066 = CARTESIAN_POINT('',(-7.834508044315,-20.02175026573,14.25));
#1067 = VECTOR('',#1068,1.);
#1068 = DIRECTION('',(0.937318390246,-0.348474152996,0.));
#1069 = ORIENTED_EDGE('',*,*,#1070,.T.);
#1070 = EDGE_CURVE('',#1063,#1071,#1073,.T.);
#1071 = VERTEX_POINT('',#1072);
#1072 = CARTESIAN_POINT('',(-6.452599727037,-20.50887507306,14.25));
#1073 = LINE('',#1074,#1075);
#1074 = CARTESIAN_POINT('',(-7.147704859746,-20.27708843098,14.25));
#1075 = VECTOR('',#1076,1.);
#1076 = DIRECTION('',(0.948648519228,-0.316332083365,0.));
#1077 = ORIENTED_EDGE('',*,*,#1078,.T.);
#1078 = EDGE_CURVE('',#1071,#1079,#1081,.T.);
#1079 = VERTEX_POINT('',#1080);
#1080 = CARTESIAN_POINT('',(-5.75,-20.7168409754,14.25));
#1081 = LINE('',#1082,#1083);
#1082 = CARTESIAN_POINT('',(-6.452599727037,-20.50887507306,14.25));
#1083 = VECTOR('',#1084,1.);
#1084 = DIRECTION('',(0.958876807694,-0.283822598935,0.));
#1085 = ORIENTED_EDGE('',*,*,#1086,.T.);
#1086 = EDGE_CURVE('',#1079,#1087,#1089,.T.);
#1087 = VERTEX_POINT('',#1088);
#1088 = CARTESIAN_POINT('',(-5.75,-26.85,14.25));
#1089 = LINE('',#1090,#1091);
#1090 = CARTESIAN_POINT('',(-5.75,-20.7168409754,14.25));
#1091 = VECTOR('',#1092,1.);
#1092 = DIRECTION('',(2.896316290309E-16,-1.,0.));
#1093 = ORIENTED_EDGE('',*,*,#1094,.T.);
#1094 = EDGE_CURVE('',#1087,#1095,#1097,.T.);
#1095 = VERTEX_POINT('',#1096);
#1096 = CARTESIAN_POINT('',(-4.82,-26.85,14.25));
#1097 = LINE('',#1098,#1099);
#1098 = CARTESIAN_POINT('',(-5.75,-26.85,14.25));
#1099 = VECTOR('',#1100,1.);
#1100 = DIRECTION('',(1.,0.,0.));
#1101 = ORIENTED_EDGE('',*,*,#1102,.F.);
#1102 = EDGE_CURVE('',#1103,#1095,#1105,.T.);
#1103 = VERTEX_POINT('',#1104);
#1104 = CARTESIAN_POINT('',(-4.82,-19.97,14.25));
#1105 = LINE('',#1106,#1107);
#1106 = CARTESIAN_POINT('',(-4.82,-19.97,14.25));
#1107 = VECTOR('',#1108,1.);
#1108 = DIRECTION('',(1.224646799147E-16,-1.,0.));
#1109 = ORIENTED_EDGE('',*,*,#1110,.F.);
#1110 = EDGE_CURVE('',#1111,#1103,#1113,.T.);
#1111 = VERTEX_POINT('',#1112);
#1112 = CARTESIAN_POINT('',(4.82,-19.97,14.25));
#1113 = LINE('',#1114,#1115);
#1114 = CARTESIAN_POINT('',(4.82,-19.97,14.25));
#1115 = VECTOR('',#1116,1.);
#1116 = DIRECTION('',(-1.,-1.224646799147E-16,0.));
#1117 = ORIENTED_EDGE('',*,*,#1118,.T.);
#1118 = EDGE_CURVE('',#1111,#1119,#1121,.T.);
#1119 = VERTEX_POINT('',#1120);
#1120 = CARTESIAN_POINT('',(4.82,-26.85,14.25));
#1121 = LINE('',#1122,#1123);
#1122 = CARTESIAN_POINT('',(4.82,-19.97,14.25));
#1123 = VECTOR('',#1124,1.);
#1124 = DIRECTION('',(1.224646799147E-16,-1.,0.));
#1125 = ORIENTED_EDGE('',*,*,#1126,.T.);
#1126 = EDGE_CURVE('',#1119,#1127,#1129,.T.);
#1127 = VERTEX_POINT('',#1128);
#1128 = CARTESIAN_POINT('',(5.75,-26.85,14.25));
#1129 = LINE('',#1130,#1131);
#1130 = CARTESIAN_POINT('',(-5.75,-26.85,14.25));
#1131 = VECTOR('',#1132,1.);
#1132 = DIRECTION('',(1.,0.,0.));
#1133 = ORIENTED_EDGE('',*,*,#1134,.T.);
#1134 = EDGE_CURVE('',#1127,#1135,#1137,.T.);
#1135 = VERTEX_POINT('',#1136);
#1136 = CARTESIAN_POINT('',(5.75,-20.7168409754,14.25));
#1137 = LINE('',#1138,#1139);
#1138 = CARTESIAN_POINT('',(5.75,-26.85,14.25));
#1139 = VECTOR('',#1140,1.);
#1140 = DIRECTION('',(-8.688948870926E-16,1.,0.));
#1141 = ORIENTED_EDGE('',*,*,#1142,.T.);
#1142 = EDGE_CURVE('',#1135,#1143,#1145,.T.);
#1143 = VERTEX_POINT('',#1144);
#1144 = CARTESIAN_POINT('',(6.452599727037,-20.50887507306,14.25));
#1145 = LINE('',#1146,#1147);
#1146 = CARTESIAN_POINT('',(5.75,-20.7168409754,14.25));
#1147 = VECTOR('',#1148,1.);
#1148 = DIRECTION('',(0.958876807694,0.283822598935,0.));
#1149 = ORIENTED_EDGE('',*,*,#1150,.T.);
#1150 = EDGE_CURVE('',#1143,#1151,#1153,.T.);
#1151 = VERTEX_POINT('',#1152);
#1152 = CARTESIAN_POINT('',(7.147704859746,-20.27708843098,14.25));
#1153 = LINE('',#1154,#1155);
#1154 = CARTESIAN_POINT('',(6.452599727037,-20.50887507306,14.25));
#1155 = VECTOR('',#1156,1.);
#1156 = DIRECTION('',(0.948648519228,0.316332083365,0.));
#1157 = ORIENTED_EDGE('',*,*,#1158,.T.);
#1158 = EDGE_CURVE('',#1151,#1159,#1161,.T.);
#1159 = VERTEX_POINT('',#1160);
#1160 = CARTESIAN_POINT('',(7.834508044315,-20.02175026573,14.25));
#1161 = LINE('',#1162,#1163);
#1162 = CARTESIAN_POINT('',(7.147704859746,-20.27708843098,14.25));
#1163 = VECTOR('',#1164,1.);
#1164 = DIRECTION('',(0.937318390246,0.348474152996,0.));
#1165 = ORIENTED_EDGE('',*,*,#1166,.T.);
#1166 = EDGE_CURVE('',#1159,#1167,#1169,.T.);
#1167 = VERTEX_POINT('',#1168);
#1168 = CARTESIAN_POINT('',(8.512211569517,-19.74315714863,14.25));
#1169 = LINE('',#1170,#1171);
#1170 = CARTESIAN_POINT('',(7.834508044315,-20.02175026573,14.25));
#1171 = VECTOR('',#1172,1.);
#1172 = DIRECTION('',(0.924899580517,0.380211475312,0.));
#1173 = ORIENTED_EDGE('',*,*,#1174,.T.);
#1174 = EDGE_CURVE('',#1167,#1175,#1177,.T.);
#1175 = VERTEX_POINT('',#1176);
#1176 = CARTESIAN_POINT('',(9.180028293236,-19.44163266126,14.25));
#1177 = LINE('',#1178,#1179);
#1178 = CARTESIAN_POINT('',(8.512211569517,-19.74315714863,14.25));
#1179 = VECTOR('',#1180,1.);
#1180 = DIRECTION('',(0.911406514296,0.411507187907,0.));
#1181 = ORIENTED_EDGE('',*,*,#1182,.T.);
#1182 = EDGE_CURVE('',#1175,#1183,#1185,.T.);
#1183 = VERTEX_POINT('',#1184);
#1184 = CARTESIAN_POINT('',(9.837182556723,-19.11752701961,14.25));
#1185 = LINE('',#1186,#1187);
#1186 = CARTESIAN_POINT('',(9.180028293236,-19.44163266126,14.25));
#1187 = VECTOR('',#1188,1.);
#1188 = DIRECTION('',(0.896854863569,0.442324941297,0.));
#1189 = ORIENTED_EDGE('',*,*,#1190,.T.);
#1190 = EDGE_CURVE('',#1183,#1191,#1193,.T.);
#1191 = VERTEX_POINT('',#1192);
#1192 = CARTESIAN_POINT('',(10.482911085512,-18.77121666736,14.25));
#1193 = LINE('',#1194,#1195);
#1194 = CARTESIAN_POINT('',(9.837182556723,-19.11752701961,14.25));
#1195 = VECTOR('',#1196,1.);
#1196 = DIRECTION('',(0.881261529852,0.47262894114,0.));
#1197 = ORIENTED_EDGE('',*,*,#1198,.T.);
#1198 = EDGE_CURVE('',#1191,#1199,#1201,.T.);
#1199 = VERTEX_POINT('',#1200);
#1200 = CARTESIAN_POINT('',(11.11646387595,-18.40310383861,14.25));
#1201 = LINE('',#1202,#1203);
#1202 = CARTESIAN_POINT('',(10.482911085512,-18.77121666736,14.25));
#1203 = VECTOR('',#1204,1.);
#1204 = DIRECTION('',(0.864644624561,0.502383989811,0.));
#1205 = ORIENTED_EDGE('',*,*,#1206,.T.);
#1206 = EDGE_CURVE('',#1199,#1207,#1209,.T.);
#1207 = VERTEX_POINT('',#1208);
#1208 = CARTESIAN_POINT('',(11.737105066313,-18.01361609067,14.25));
#1209 = LINE('',#1210,#1211);
#1210 = CARTESIAN_POINT('',(11.11646387595,-18.40310383861,14.25));
#1211 = VECTOR('',#1212,1.);
#1212 = DIRECTION('',(0.847023447972,0.531555527283,0.));
#1213 = ORIENTED_EDGE('',*,*,#1214,.T.);
#1214 = EDGE_CURVE('',#1207,#1215,#1217,.T.);
#1215 = VERTEX_POINT('',#1216);
#1216 = CARTESIAN_POINT('',(12.344113791503,-17.60320580753,14.25));
#1217 = LINE('',#1218,#1219);
#1218 = CARTESIAN_POINT('',(11.737105066313,-18.01361609067,14.25));
#1219 = VECTOR('',#1220,1.);
#1220 = DIRECTION('',(0.828418466809,0.56010967127,0.));
#1221 = ORIENTED_EDGE('',*,*,#1222,.T.);
#1222 = EDGE_CURVE('',#1215,#1223,#1225,.T.);
#1223 = VERTEX_POINT('',#1224);
#1224 = CARTESIAN_POINT('',(12.936785020316,-17.17234967434,14.25));
#1225 = LINE('',#1226,#1227);
#1226 = CARTESIAN_POINT('',(12.344113791503,-17.60320580753,14.25));
#1227 = VECTOR('',#1228,1.);
#1228 = DIRECTION('',(0.808851290468,0.588013256576,0.));
#1229 = ORIENTED_EDGE('',*,*,#1230,.T.);
#1230 = EDGE_CURVE('',#1223,#1231,#1233,.T.);
#1231 = VERTEX_POINT('',#1232);
#1232 = CARTESIAN_POINT('',(13.514430374328,-16.72154812382,14.25));
#1233 = LINE('',#1234,#1235);
#1234 = CARTESIAN_POINT('',(12.936785020316,-17.17234967434,14.25));
#1235 = VECTOR('',#1236,1.);
#1236 = DIRECTION('',(0.78834464592,0.61523387362,0.));
#1237 = ORIENTED_EDGE('',*,*,#1238,.T.);
#1238 = EDGE_CURVE('',#1231,#1239,#1241,.T.);
#1239 = VERTEX_POINT('',#1240);
#1240 = CARTESIAN_POINT('',(14.076378927436,-16.25132475496,14.25));
#1241 = LINE('',#1242,#1243);
#1242 = CARTESIAN_POINT('',(13.514430374328,-16.72154812382,14.25));
#1243 = VECTOR('',#1244,1.);
#1244 = DIRECTION('',(0.766922351315,0.641739906079,0.));
#1245 = ORIENTED_EDGE('',*,*,#1246,.T.);
#1246 = EDGE_CURVE('',#1239,#1247,#1249,.T.);
#1247 = VERTEX_POINT('',#1248);
#1248 = CARTESIAN_POINT('',(14.621977985126,-15.76222572489,14.25));
#1249 = LINE('',#1250,#1251);
#1250 = CARTESIAN_POINT('',(14.076378927436,-16.25132475496,14.25));
#1251 = VECTOR('',#1252,1.);
#1252 = DIRECTION('',(0.744609288314,0.667500567608,0.));
#1253 = ORIENTED_EDGE('',*,*,#1254,.T.);
#1254 = EDGE_CURVE('',#1247,#1255,#1257,.T.);
#1255 = VERTEX_POINT('',#1256);
#1256 = CARTESIAN_POINT('',(15.15059384257,-15.25481911454,14.25));
#1257 = LINE('',#1258,#1259);
#1258 = CARTESIAN_POINT('',(14.621977985126,-15.76222572489,14.25));
#1259 = VECTOR('',#1260,1.);
#1260 = DIRECTION('',(0.721431373194,0.692485937598,0.));
#1261 = ORIENTED_EDGE('',*,*,#1262,.T.);
#1262 = EDGE_CURVE('',#1255,#1263,#1265,.T.);
#1263 = VERTEX_POINT('',#1264);
#1264 = CARTESIAN_POINT('',(15.661612520662,-14.72969426881,14.25));
#1265 = LINE('',#1266,#1267);
#1266 = CARTESIAN_POINT('',(15.15059384257,-15.25481911454,14.25));
#1267 = VECTOR('',#1268,1.);
#1268 = DIRECTION('',(0.697415526743,0.716666995932,0.));
#1269 = ORIENTED_EDGE('',*,*,#1270,.T.);
#1270 = EDGE_CURVE('',#1263,#1271,#1273,.T.);
#1271 = VERTEX_POINT('',#1272);
#1272 = CARTESIAN_POINT('',(16.154440479148,-14.18746111204,14.25));
#1273 = LINE('',#1274,#1275);
#1274 = CARTESIAN_POINT('',(15.661612520662,-14.72969426881,14.25));
#1275 = VECTOR('',#1276,1.);
#1276 = DIRECTION('',(0.672589642993,0.740015656684,0.));
#1277 = ORIENTED_EDGE('',*,*,#1278,.T.);
#1278 = EDGE_CURVE('',#1271,#1279,#1281,.T.);
#1279 = VERTEX_POINT('',#1280);
#1280 = CARTESIAN_POINT('',(16.62850530601,-13.62874943962,14.25));
#1281 = LINE('',#1282,#1283);
#1282 = CARTESIAN_POINT('',(16.154440479148,-14.18746111204,14.25));
#1283 = VECTOR('',#1284,1.);
#1284 = DIRECTION('',(0.646982556824,0.762504800749,0.));
#1285 = ORIENTED_EDGE('',*,*,#1286,.T.);
#1286 = EDGE_CURVE('',#1279,#1287,#1289,.T.);
#1287 = VERTEX_POINT('',#1288);
#1288 = CARTESIAN_POINT('',(17.083256382319,-13.05420818648,14.25));
#1289 = LINE('',#1290,#1291);
#1290 = CARTESIAN_POINT('',(16.62850530601,-13.62874943962,14.25));
#1291 = VECTOR('',#1292,1.);
#1292 = DIRECTION('',(0.620624010467,0.784108307335,0.));
#1293 = ORIENTED_EDGE('',*,*,#1294,.T.);
#1294 = EDGE_CURVE('',#1287,#1295,#1297,.T.);
#1295 = VERTEX_POINT('',#1296);
#1296 = CARTESIAN_POINT('',(17.518165521765,-12.46450467335,14.25));
#1297 = LINE('',#1298,#1299);
#1298 = CARTESIAN_POINT('',(17.083256382319,-13.05420818648,14.25));
#1299 = VECTOR('',#1300,1.);
#1300 = DIRECTION('',(0.593544618964,0.804801084305,0.));
#1301 = ORIENTED_EDGE('',*,*,#1302,.T.);
#1302 = EDGE_CURVE('',#1295,#1303,#1305,.T.);
#1303 = VERTEX_POINT('',#1304);
#1304 = CARTESIAN_POINT('',(17.932727584138,-11.86032383171,14.25));
#1305 = LINE('',#1306,#1307);
#1306 = CARTESIAN_POINT('',(17.518165521765,-12.46450467335,14.25));
#1307 = VECTOR('',#1308,1.);
#1308 = DIRECTION('',(0.565775834608,0.82455909732,0.));
#1309 = ORIENTED_EDGE('',*,*,#1310,.T.);
#1310 = EDGE_CURVE('',#1303,#1311,#1313,.T.);
#1311 = VERTEX_POINT('',#1312);
#1312 = CARTESIAN_POINT('',(18.326461062046,-11.24236740821,14.25));
#1313 = LINE('',#1314,#1315);
#1314 = CARTESIAN_POINT('',(17.932727584138,-11.86032383171,14.25));
#1315 = VECTOR('',#1316,1.);
#1316 = DIRECTION('',(0.537349910411,0.843359397755,0.));
#1317 = ORIENTED_EDGE('',*,*,#1318,.T.);
#1318 = EDGE_CURVE('',#1311,#1319,#1321,.T.);
#1319 = VERTEX_POINT('',#1320);
#1320 = CARTESIAN_POINT('',(18.698908640171,-10.61135314964,14.25));
#1321 = LINE('',#1322,#1323);
#1322 = CARTESIAN_POINT('',(18.326461062046,-11.24236740821,14.25));
#1323 = VECTOR('',#1324,1.);
#1324 = DIRECTION('',(0.508299862642,0.861180149352,0.));
#1325 = ORIENTED_EDGE('',*,*,#1326,.T.);
#1326 = EDGE_CURVE('',#1319,#1327,#1329,.T.);
#1327 = VERTEX_POINT('',#1328);
#1328 = CARTESIAN_POINT('',(19.049637726437,-9.968013969268,14.25));
#1329 = LINE('',#1330,#1331);
#1330 = CARTESIAN_POINT('',(18.698908640171,-10.61135314964,14.25));
#1331 = VECTOR('',#1332,1.);
#1332 = DIRECTION('',(0.47865943248,0.878000653586,0.));
#1333 = ORIENTED_EDGE('',*,*,#1334,.T.);
#1334 = EDGE_CURVE('',#1327,#1335,#1337,.T.);
#1335 = VERTEX_POINT('',#1336);
#1336 = CARTESIAN_POINT('',(19.37824095446,-9.313097095536,14.25));
#1337 = LINE('',#1338,#1339);
#1338 = CARTESIAN_POINT('',(19.049637726437,-9.968013969268,14.25));
#1339 = VECTOR('',#1340,1.);
#1340 = DIRECTION('',(0.448463046824,0.893801373703,0.));
#1341 = ORIENTED_EDGE('',*,*,#1342,.T.);
#1342 = EDGE_CURVE('',#1335,#1343,#1345,.T.);
#1343 = VERTEX_POINT('',#1344);
#1344 = CARTESIAN_POINT('',(19.684336656697,-8.647363204226,14.25));
#1345 = LINE('',#1346,#1347);
#1346 = CARTESIAN_POINT('',(19.37824095446,-9.313097095536,14.25));
#1347 = VECTOR('',#1348,1.);
#1348 = DIRECTION('',(0.417745778308,0.908563957411,0.));
#1349 = ORIENTED_EDGE('',*,*,#1350,.T.);
#1350 = EDGE_CURVE('',#1343,#1351,#1353,.T.);
#1351 = VERTEX_POINT('',#1352);
#1352 = CARTESIAN_POINT('',(19.967569307745,-7.97158553491,14.25));
#1353 = LINE('',#1354,#1355);
#1354 = CARTESIAN_POINT('',(19.684336656697,-8.647363204226,14.25));
#1355 = VECTOR('',#1356,1.);
#1356 = DIRECTION('',(0.38654330456,0.922271258199,0.));
#1357 = ORIENTED_EDGE('',*,*,#1358,.T.);
#1358 = EDGE_CURVE('',#1351,#1359,#1361,.T.);
#1359 = VERTEX_POINT('',#1360);
#1360 = CARTESIAN_POINT('',(20.227609937281,-7.286548992851,14.25));
#1361 = LINE('',#1362,#1363);
#1362 = CARTESIAN_POINT('',(19.967569307745,-7.97158553491,14.25));
#1363 = VECTOR('',#1364,1.);
#1364 = DIRECTION('',(0.354891866769,0.93490735525,0.));
#1365 = ORIENTED_EDGE('',*,*,#1366,.T.);
#1366 = EDGE_CURVE('',#1359,#1367,#1369,.T.);
#1367 = VERTEX_POINT('',#1368);
#1368 = CARTESIAN_POINT('',(20.464156512153,-6.593049237348,14.25));
#1369 = LINE('',#1370,#1371);
#1370 = CARTESIAN_POINT('',(20.227609937281,-7.286548992851,14.25));
#1371 = VECTOR('',#1372,1.);
#1372 = DIRECTION('',(0.32282822759,0.946457571934,0.));
#1373 = ORIENTED_EDGE('',*,*,#1374,.T.);
#1374 = EDGE_CURVE('',#1367,#1375,#1377,.T.);
#1375 = VERTEX_POINT('',#1376);
#1376 = CARTESIAN_POINT('',(20.676934287191,-5.891891757593,14.25));
#1377 = LINE('',#1378,#1379);
#1378 = CARTESIAN_POINT('',(20.464156512153,-6.593049237348,14.25));
#1379 = VECTOR('',#1380,1.);
#1380 = DIRECTION('',(0.29038962844,0.956908492853,0.));
#1381 = ORIENTED_EDGE('',*,*,#1382,.T.);
#1382 = EDGE_CURVE('',#1375,#1383,#1385,.T.);
#1383 = VERTEX_POINT('',#1384);
#1384 = CARTESIAN_POINT('',(20.865696124314,-5.183890937105,14.25));
#1385 = LINE('',#1386,#1387);
#1386 = CARTESIAN_POINT('',(20.676934287191,-5.891891757593,14.25));
#1387 = VECTOR('',#1388,1.);
#1388 = DIRECTION('',(0.257613746248,0.966247979426,0.));
#1389 = ORIENTED_EDGE('',*,*,#1390,.T.);
#1390 = EDGE_CURVE('',#1383,#1391,#1393,.T.);
#1391 = VERTEX_POINT('',#1392);
#1392 = CARTESIAN_POINT('',(21.030222779581,-4.469869107836,14.25));
#1393 = LINE('',#1394,#1395);
#1394 = CARTESIAN_POINT('',(20.865696124314,-5.183890937105,14.25));
#1395 = VECTOR('',#1396,1.);
#1396 = DIRECTION('',(0.224538649693,0.974465183983,0.));
#1397 = ORIENTED_EDGE('',*,*,#1398,.T.);
#1398 = EDGE_CURVE('',#1391,#1399,#1401,.T.);
#1399 = VERTEX_POINT('',#1400);
#1400 = CARTESIAN_POINT('',(21.170323157839,-3.750655595047,14.25));
#1401 = LINE('',#1402,#1403);
#1402 = CARTESIAN_POINT('',(21.030222779581,-4.469869107836,14.25));
#1403 = VECTOR('',#1404,1.);
#1404 = DIRECTION('',(0.191202754984,0.981550562369,0.));
#1405 = ORIENTED_EDGE('',*,*,#1406,.T.);
#1406 = EDGE_CURVE('',#1399,#1407,#1409,.T.);
#1407 = VERTEX_POINT('',#1408);
#1408 = CARTESIAN_POINT('',(21.285834534675,-3.027085754059,14.25));
#1409 = LINE('',#1410,#1411);
#1410 = CARTESIAN_POINT('',(21.170323157839,-3.750655595047,14.25));
#1411 = VECTOR('',#1412,1.);
#1412 = DIRECTION('',(0.157644781247,0.987495885027,0.));
#1413 = ORIENTED_EDGE('',*,*,#1414,.T.);
#1414 = EDGE_CURVE('',#1407,#1415,#1417,.T.);
#1415 = VERTEX_POINT('',#1416);
#1416 = CARTESIAN_POINT('',(21.37662274542,-2.3,14.25));
#1417 = LINE('',#1418,#1419);
#1418 = CARTESIAN_POINT('',(21.285834534675,-3.027085754059,14.25));
#1419 = VECTOR('',#1420,1.);
#1420 = DIRECTION('',(0.123903705545,0.992294246558,0.));
#1421 = ORIENTED_EDGE('',*,*,#1422,.T.);
#1422 = EDGE_CURVE('',#1415,#1423,#1425,.T.);
#1423 = VERTEX_POINT('',#1424);
#1424 = CARTESIAN_POINT('',(22.25,-2.3,14.25));
#1425 = LINE('',#1426,#1427);
#1426 = CARTESIAN_POINT('',(21.37662274542,-2.3,14.25));
#1427 = VECTOR('',#1428,1.);
#1428 = DIRECTION('',(1.,1.271183808375E-14,0.));
#1429 = ORIENTED_EDGE('',*,*,#1430,.T.);
#1430 = EDGE_CURVE('',#1423,#62,#1431,.T.);
#1431 = LINE('',#1432,#1433);
#1432 = CARTESIAN_POINT('',(22.25,-2.3,14.25));
#1433 = VECTOR('',#1434,1.);
#1434 = DIRECTION('',(0.,1.,0.));
#1435 = FACE_BOUND('',#1436,.F.);
#1436 = EDGE_LOOP('',(#1437,#1447,#1455,#1463));
#1437 = ORIENTED_EDGE('',*,*,#1438,.F.);
#1438 = EDGE_CURVE('',#1439,#1441,#1443,.T.);
#1439 = VERTEX_POINT('',#1440);
#1440 = CARTESIAN_POINT('',(-15.49011031282,-10.91181094753,14.25));
#1441 = VERTEX_POINT('',#1442);
#1442 = CARTESIAN_POINT('',(-17.10611031282,-10.91181094753,14.25));
#1443 = LINE('',#1444,#1445);
#1444 = CARTESIAN_POINT('',(-15.49011031282,-10.91181094753,14.25));
#1445 = VECTOR('',#1446,1.);
#1446 = DIRECTION('',(-1.,-1.224646799147E-16,0.));
#1447 = ORIENTED_EDGE('',*,*,#1448,.T.);
#1448 = EDGE_CURVE('',#1439,#1449,#1451,.T.);
#1449 = VERTEX_POINT('',#1450);
#1450 = CARTESIAN_POINT('',(-15.49011031282,-11.51181094753,14.25));
#1451 = LINE('',#1452,#1453);
#1452 = CARTESIAN_POINT('',(-15.49011031282,-10.91181094753,14.25));
#1453 = VECTOR('',#1454,1.);
#1454 = DIRECTION('',(1.224646799147E-16,-1.,0.));
#1455 = ORIENTED_EDGE('',*,*,#1456,.T.);
#1456 = EDGE_CURVE('',#1449,#1457,#1459,.T.);
#1457 = VERTEX_POINT('',#1458);
#1458 = CARTESIAN_POINT('',(-17.10611031282,-11.51181094753,14.25));
#1459 = LINE('',#1460,#1461);
#1460 = CARTESIAN_POINT('',(-15.49011031282,-11.51181094753,14.25));
#1461 = VECTOR('',#1462,1.);
#1462 = DIRECTION('',(-1.,-1.224646799147E-16,0.));
#1463 = ORIENTED_EDGE('',*,*,#1464,.F.);
#1464 = EDGE_CURVE('',#1441,#1457,#1465,.T.);
#1465 = LINE('',#1466,#1467);
#1466 = CARTESIAN_POINT('',(-17.10611031282,-10.91181094753,14.25));
#1467 = VECTOR('',#1468,1.);
#1468 = DIRECTION('',(1.224646799147E-16,-1.,0.));
#1469 = FACE_BOUND('',#1470,.F.);
#1470 = EDGE_LOOP('',(#1471,#1481,#1489,#1497));
#1471 = ORIENTED_EDGE('',*,*,#1472,.F.);
#1472 = EDGE_CURVE('',#1473,#1475,#1477,.T.);
#1473 = VERTEX_POINT('',#1474);
#1474 = CARTESIAN_POINT('',(-14.32488064718,-6.559699068213,14.25));
#1475 = VERTEX_POINT('',#1476);
#1476 = CARTESIAN_POINT('',(-17.62488064718,-6.559699068213,14.25));
#1477 = LINE('',#1478,#1479);
#1478 = CARTESIAN_POINT('',(-14.32488064718,-6.559699068213,14.25));
#1479 = VECTOR('',#1480,1.);
#1480 = DIRECTION('',(-1.,-1.224646799147E-16,0.));
#1481 = ORIENTED_EDGE('',*,*,#1482,.T.);
#1482 = EDGE_CURVE('',#1473,#1483,#1485,.T.);
#1483 = VERTEX_POINT('',#1484);
#1484 = CARTESIAN_POINT('',(-14.32488064718,-10.35989906821,14.25));
#1485 = LINE('',#1486,#1487);
#1486 = CARTESIAN_POINT('',(-14.32488064718,-6.559699068213,14.25));
#1487 = VECTOR('',#1488,1.);
#1488 = DIRECTION('',(1.224646799147E-16,-1.,0.));
#1489 = ORIENTED_EDGE('',*,*,#1490,.T.);
#1490 = EDGE_CURVE('',#1483,#1491,#1493,.T.);
#1491 = VERTEX_POINT('',#1492);
#1492 = CARTESIAN_POINT('',(-17.62488064718,-10.35989906821,14.25));
#1493 = LINE('',#1494,#1495);
#1494 = CARTESIAN_POINT('',(-14.32488064718,-10.35989906821,14.25));
#1495 = VECTOR('',#1496,1.);
#1496 = DIRECTION('',(-1.,-1.224646799147E-16,0.));
#1497 = ORIENTED_EDGE('',*,*,#1498,.F.);
#1498 = EDGE_CURVE('',#1475,#1491,#1499,.T.);
#1499 = LINE('',#1500,#1501);
#1500 = CARTESIAN_POINT('',(-17.62488064718,-6.559699068213,14.25));
#1501 = VECTOR('',#1502,1.);
#1502 = DIRECTION('',(1.224646799147E-16,-1.,0.));
#1503 = FACE_BOUND('',#1504,.F.);
#1504 = EDGE_LOOP('',(#1505,#1515,#1523,#1531));
#1505 = ORIENTED_EDGE('',*,*,#1506,.F.);
#1506 = EDGE_CURVE('',#1507,#1509,#1511,.T.);
#1507 = VERTEX_POINT('',#1508);
#1508 = CARTESIAN_POINT('',(-9.847907322917,-10.06287594611,14.25));
#1509 = VERTEX_POINT('',#1510);
#1510 = CARTESIAN_POINT('',(-12.98790732291,-10.06287594611,14.25));
#1511 = LINE('',#1512,#1513);
#1512 = CARTESIAN_POINT('',(-9.847907322917,-10.06287594611,14.25));
#1513 = VECTOR('',#1514,1.);
#1514 = DIRECTION('',(-1.,-1.224646799147E-16,0.));
#1515 = ORIENTED_EDGE('',*,*,#1516,.T.);
#1516 = EDGE_CURVE('',#1507,#1517,#1519,.T.);
#1517 = VERTEX_POINT('',#1518);
#1518 = CARTESIAN_POINT('',(-9.847907322917,-11.56287594611,14.25));
#1519 = LINE('',#1520,#1521);
#1520 = CARTESIAN_POINT('',(-9.847907322917,-10.06287594611,14.25));
#1521 = VECTOR('',#1522,1.);
#1522 = DIRECTION('',(1.224646799147E-16,-1.,0.));
#1523 = ORIENTED_EDGE('',*,*,#1524,.T.);
#1524 = EDGE_CURVE('',#1517,#1525,#1527,.T.);
#1525 = VERTEX_POINT('',#1526);
#1526 = CARTESIAN_POINT('',(-12.98790732291,-11.56287594611,14.25));
#1527 = LINE('',#1528,#1529);
#1528 = CARTESIAN_POINT('',(-9.847907322917,-11.56287594611,14.25));
#1529 = VECTOR('',#1530,1.);
#1530 = DIRECTION('',(-1.,-1.224646799147E-16,0.));
#1531 = ORIENTED_EDGE('',*,*,#1532,.F.);
#1532 = EDGE_CURVE('',#1509,#1525,#1533,.T.);
#1533 = LINE('',#1534,#1535);
#1534 = CARTESIAN_POINT('',(-12.98790732291,-10.06287594611,14.25));
#1535 = VECTOR('',#1536,1.);
#1536 = DIRECTION('',(1.224646799147E-16,-1.,0.));
#1537 = FACE_BOUND('',#1538,.F.);
#1538 = EDGE_LOOP('',(#1539,#1549,#1557,#1565));
#1539 = ORIENTED_EDGE('',*,*,#1540,.F.);
#1540 = EDGE_CURVE('',#1541,#1543,#1545,.T.);
#1541 = VERTEX_POINT('',#1542);
#1542 = CARTESIAN_POINT('',(-10.89603654139,-8.417868963142,14.25));
#1543 = VERTEX_POINT('',#1544);
#1544 = CARTESIAN_POINT('',(-12.51203654139,-8.417868963142,14.25));
#1545 = LINE('',#1546,#1547);
#1546 = CARTESIAN_POINT('',(-10.89603654139,-8.417868963142,14.25));
#1547 = VECTOR('',#1548,1.);
#1548 = DIRECTION('',(-1.,-1.224646799147E-16,0.));
#1549 = ORIENTED_EDGE('',*,*,#1550,.T.);
#1550 = EDGE_CURVE('',#1541,#1551,#1553,.T.);
#1551 = VERTEX_POINT('',#1552);
#1552 = CARTESIAN_POINT('',(-10.89603654139,-9.017868963142,14.25));
#1553 = LINE('',#1554,#1555);
#1554 = CARTESIAN_POINT('',(-10.89603654139,-8.417868963142,14.25));
#1555 = VECTOR('',#1556,1.);
#1556 = DIRECTION('',(1.224646799147E-16,-1.,0.));
#1557 = ORIENTED_EDGE('',*,*,#1558,.T.);
#1558 = EDGE_CURVE('',#1551,#1559,#1561,.T.);
#1559 = VERTEX_POINT('',#1560);
#1560 = CARTESIAN_POINT('',(-12.51203654139,-9.017868963142,14.25));
#1561 = LINE('',#1562,#1563);
#1562 = CARTESIAN_POINT('',(-10.89603654139,-9.017868963142,14.25));
#1563 = VECTOR('',#1564,1.);
#1564 = DIRECTION('',(-1.,-1.224646799147E-16,0.));
#1565 = ORIENTED_EDGE('',*,*,#1566,.F.);
#1566 = EDGE_CURVE('',#1543,#1559,#1567,.T.);
#1567 = LINE('',#1568,#1569);
#1568 = CARTESIAN_POINT('',(-12.51203654139,-8.417868963142,14.25));
#1569 = VECTOR('',#1570,1.);
#1570 = DIRECTION('',(1.224646799147E-16,-1.,0.));
#1571 = FACE_BOUND('',#1572,.F.);
#1572 = EDGE_LOOP('',(#1573));
#1573 = ORIENTED_EDGE('',*,*,#1574,.F.);
#1574 = EDGE_CURVE('',#1575,#1575,#1577,.T.);
#1575 = VERTEX_POINT('',#1576);
#1576 = CARTESIAN_POINT('',(-8.9,-15.7,14.25));
#1577 = CIRCLE('',#1578,1.1);
#1578 = AXIS2_PLACEMENT_3D('',#1579,#1580,#1581);
#1579 = CARTESIAN_POINT('',(-10.,-15.7,14.25));
#1580 = DIRECTION('',(0.,0.,1.));
#1581 = DIRECTION('',(1.,0.,-0.));
#1582 = FACE_BOUND('',#1583,.F.);
#1583 = EDGE_LOOP('',(#1584,#1594,#1602,#1610));
#1584 = ORIENTED_EDGE('',*,*,#1585,.F.);
#1585 = EDGE_CURVE('',#1586,#1588,#1590,.T.);
#1586 = VERTEX_POINT('',#1587);
#1587 = CARTESIAN_POINT('',(-4.249979472476,-11.78511778172,14.25));
#1588 = VERTEX_POINT('',#1589);
#1589 = CARTESIAN_POINT('',(-7.389979472476,-11.78511778172,14.25));
#1590 = LINE('',#1591,#1592);
#1591 = CARTESIAN_POINT('',(-4.249979472476,-11.78511778172,14.25));
#1592 = VECTOR('',#1593,1.);
#1593 = DIRECTION('',(-1.,-1.224646799147E-16,0.));
#1594 = ORIENTED_EDGE('',*,*,#1595,.T.);
#1595 = EDGE_CURVE('',#1586,#1596,#1598,.T.);
#1596 = VERTEX_POINT('',#1597);
#1597 = CARTESIAN_POINT('',(-4.249979472476,-13.28511778172,14.25));
#1598 = LINE('',#1599,#1600);
#1599 = CARTESIAN_POINT('',(-4.249979472476,-11.78511778172,14.25));
#1600 = VECTOR('',#1601,1.);
#1601 = DIRECTION('',(1.224646799147E-16,-1.,0.));
#1602 = ORIENTED_EDGE('',*,*,#1603,.T.);
#1603 = EDGE_CURVE('',#1596,#1604,#1606,.T.);
#1604 = VERTEX_POINT('',#1605);
#1605 = CARTESIAN_POINT('',(-7.389979472476,-13.28511778172,14.25));
#1606 = LINE('',#1607,#1608);
#1607 = CARTESIAN_POINT('',(-4.249979472476,-13.28511778172,14.25));
#1608 = VECTOR('',#1609,1.);
#1609 = DIRECTION('',(-1.,-1.224646799147E-16,0.));
#1610 = ORIENTED_EDGE('',*,*,#1611,.F.);
#1611 = EDGE_CURVE('',#1588,#1604,#1612,.T.);
#1612 = LINE('',#1613,#1614);
#1613 = CARTESIAN_POINT('',(-7.389979472476,-11.78511778172,14.25));
#1614 = VECTOR('',#1615,1.);
#1615 = DIRECTION('',(1.224646799147E-16,-1.,0.));
#1616 = FACE_BOUND('',#1617,.F.);
#1617 = EDGE_LOOP('',(#1618,#1628,#1636,#1644));
#1618 = ORIENTED_EDGE('',*,*,#1619,.F.);
#1619 = EDGE_CURVE('',#1620,#1622,#1624,.T.);
#1620 = VERTEX_POINT('',#1621);
#1621 = CARTESIAN_POINT('',(-8.60025380968,-11.23465280016,14.25));
#1622 = VERTEX_POINT('',#1623);
#1623 = CARTESIAN_POINT('',(-6.98425380968,-11.23465280016,14.25));
#1624 = LINE('',#1625,#1626);
#1625 = CARTESIAN_POINT('',(-8.60025380968,-11.23465280016,14.25));
#1626 = VECTOR('',#1627,1.);
#1627 = DIRECTION('',(1.,0.,0.));
#1628 = ORIENTED_EDGE('',*,*,#1629,.T.);
#1629 = EDGE_CURVE('',#1620,#1630,#1632,.T.);
#1630 = VERTEX_POINT('',#1631);
#1631 = CARTESIAN_POINT('',(-8.60025380968,-10.63465280016,14.25));
#1632 = LINE('',#1633,#1634);
#1633 = CARTESIAN_POINT('',(-8.60025380968,-11.23465280016,14.25));
#1634 = VECTOR('',#1635,1.);
#1635 = DIRECTION('',(0.,1.,0.));
#1636 = ORIENTED_EDGE('',*,*,#1637,.T.);
#1637 = EDGE_CURVE('',#1630,#1638,#1640,.T.);
#1638 = VERTEX_POINT('',#1639);
#1639 = CARTESIAN_POINT('',(-6.98425380968,-10.63465280016,14.25));
#1640 = LINE('',#1641,#1642);
#1641 = CARTESIAN_POINT('',(-8.60025380968,-10.63465280016,14.25));
#1642 = VECTOR('',#1643,1.);
#1643 = DIRECTION('',(1.,0.,0.));
#1644 = ORIENTED_EDGE('',*,*,#1645,.F.);
#1645 = EDGE_CURVE('',#1622,#1638,#1646,.T.);
#1646 = LINE('',#1647,#1648);
#1647 = CARTESIAN_POINT('',(-6.98425380968,-11.23465280016,14.25));
#1648 = VECTOR('',#1649,1.);
#1649 = DIRECTION('',(0.,1.,0.));
#1650 = FACE_BOUND('',#1651,.F.);
#1651 = EDGE_LOOP('',(#1652,#1662,#1670,#1678));
#1652 = ORIENTED_EDGE('',*,*,#1653,.F.);
#1653 = EDGE_CURVE('',#1654,#1656,#1658,.T.);
#1654 = VERTEX_POINT('',#1655);
#1655 = CARTESIAN_POINT('',(-6.322392118282,-8.782448900842,14.25));
#1656 = VERTEX_POINT('',#1657);
#1657 = CARTESIAN_POINT('',(-9.322392118282,-8.782448900842,14.25));
#1658 = LINE('',#1659,#1660);
#1659 = CARTESIAN_POINT('',(-6.322392118282,-8.782448900842,14.25));
#1660 = VECTOR('',#1661,1.);
#1661 = DIRECTION('',(-1.,-1.224646799147E-16,0.));
#1662 = ORIENTED_EDGE('',*,*,#1663,.T.);
#1663 = EDGE_CURVE('',#1654,#1664,#1666,.T.);
#1664 = VERTEX_POINT('',#1665);
#1665 = CARTESIAN_POINT('',(-6.322392118282,-10.08244890084,14.25));
#1666 = LINE('',#1667,#1668);
#1667 = CARTESIAN_POINT('',(-6.322392118282,-8.782448900842,14.25));
#1668 = VECTOR('',#1669,1.);
#1669 = DIRECTION('',(1.224646799147E-16,-1.,0.));
#1670 = ORIENTED_EDGE('',*,*,#1671,.T.);
#1671 = EDGE_CURVE('',#1664,#1672,#1674,.T.);
#1672 = VERTEX_POINT('',#1673);
#1673 = CARTESIAN_POINT('',(-9.322392118282,-10.08244890084,14.25));
#1674 = LINE('',#1675,#1676);
#1675 = CARTESIAN_POINT('',(-6.322392118282,-10.08244890084,14.25));
#1676 = VECTOR('',#1677,1.);
#1677 = DIRECTION('',(-1.,-1.224646799147E-16,0.));
#1678 = ORIENTED_EDGE('',*,*,#1679,.F.);
#1679 = EDGE_CURVE('',#1656,#1672,#1680,.T.);
#1680 = LINE('',#1681,#1682);
#1681 = CARTESIAN_POINT('',(-9.322392118282,-8.782448900842,14.25));
#1682 = VECTOR('',#1683,1.);
#1683 = DIRECTION('',(1.224646799147E-16,-1.,0.));
#1684 = FACE_BOUND('',#1685,.F.);
#1685 = EDGE_LOOP('',(#1686,#1696,#1704,#1712));
#1686 = ORIENTED_EDGE('',*,*,#1687,.F.);
#1687 = EDGE_CURVE('',#1688,#1690,#1692,.T.);
#1688 = VERTEX_POINT('',#1689);
#1689 = CARTESIAN_POINT('',(-2.839990018322,-10.65088251913,14.25));
#1690 = VERTEX_POINT('',#1691);
#1691 = CARTESIAN_POINT('',(-2.839990018322,-13.50588251913,14.25));
#1692 = LINE('',#1693,#1694);
#1693 = CARTESIAN_POINT('',(-2.839990018322,-10.65088251913,14.25));
#1694 = VECTOR('',#1695,1.);
#1695 = DIRECTION('',(1.110223024625E-16,-1.,0.));
#1696 = ORIENTED_EDGE('',*,*,#1697,.T.);
#1697 = EDGE_CURVE('',#1688,#1698,#1700,.T.);
#1698 = VERTEX_POINT('',#1699);
#1699 = CARTESIAN_POINT('',(-1.264990018322,-10.65088251913,14.25));
#1700 = LINE('',#1701,#1702);
#1701 = CARTESIAN_POINT('',(-2.839990018322,-10.65088251913,14.25));
#1702 = VECTOR('',#1703,1.);
#1703 = DIRECTION('',(1.,1.110223024625E-16,0.));
#1704 = ORIENTED_EDGE('',*,*,#1705,.T.);
#1705 = EDGE_CURVE('',#1698,#1706,#1708,.T.);
#1706 = VERTEX_POINT('',#1707);
#1707 = CARTESIAN_POINT('',(-1.264990018322,-13.50588251913,14.25));
#1708 = LINE('',#1709,#1710);
#1709 = CARTESIAN_POINT('',(-1.264990018322,-10.65088251913,14.25));
#1710 = VECTOR('',#1711,1.);
#1711 = DIRECTION('',(1.110223024625E-16,-1.,0.));
#1712 = ORIENTED_EDGE('',*,*,#1713,.F.);
#1713 = EDGE_CURVE('',#1690,#1706,#1714,.T.);
#1714 = LINE('',#1715,#1716);
#1715 = CARTESIAN_POINT('',(-2.839990018322,-13.50588251913,14.25));
#1716 = VECTOR('',#1717,1.);
#1717 = DIRECTION('',(1.,1.110223024625E-16,0.));
#1718 = FACE_BOUND('',#1719,.F.);
#1719 = EDGE_LOOP('',(#1720,#1730,#1738,#1746));
#1720 = ORIENTED_EDGE('',*,*,#1721,.F.);
#1721 = EDGE_CURVE('',#1722,#1724,#1726,.T.);
#1722 = VERTEX_POINT('',#1723);
#1723 = CARTESIAN_POINT('',(-9.138809322754E-02,-11.52016816945,14.25));
#1724 = VERTEX_POINT('',#1725);
#1725 = CARTESIAN_POINT('',(-9.138809322754E-02,-9.904168169459,14.25));
#1726 = LINE('',#1727,#1728);
#1727 = CARTESIAN_POINT('',(-9.138809322754E-02,-11.52016816945,14.25));
#1728 = VECTOR('',#1729,1.);
#1729 = DIRECTION('',(-2.22044604925E-16,1.,0.));
#1730 = ORIENTED_EDGE('',*,*,#1731,.T.);
#1731 = EDGE_CURVE('',#1722,#1732,#1734,.T.);
#1732 = VERTEX_POINT('',#1733);
#1733 = CARTESIAN_POINT('',(-0.691388093228,-11.52016816945,14.25));
#1734 = LINE('',#1735,#1736);
#1735 = CARTESIAN_POINT('',(-9.138809322754E-02,-11.52016816945,14.25));
#1736 = VECTOR('',#1737,1.);
#1737 = DIRECTION('',(-1.,-2.22044604925E-16,0.));
#1738 = ORIENTED_EDGE('',*,*,#1739,.T.);
#1739 = EDGE_CURVE('',#1732,#1740,#1742,.T.);
#1740 = VERTEX_POINT('',#1741);
#1741 = CARTESIAN_POINT('',(-0.691388093228,-9.904168169459,14.25));
#1742 = LINE('',#1743,#1744);
#1743 = CARTESIAN_POINT('',(-0.691388093228,-11.52016816945,14.25));
#1744 = VECTOR('',#1745,1.);
#1745 = DIRECTION('',(-2.22044604925E-16,1.,0.));
#1746 = ORIENTED_EDGE('',*,*,#1747,.F.);
#1747 = EDGE_CURVE('',#1724,#1740,#1748,.T.);
#1748 = LINE('',#1749,#1750);
#1749 = CARTESIAN_POINT('',(-9.138809322754E-02,-9.904168169459,14.25));
#1750 = VECTOR('',#1751,1.);
#1751 = DIRECTION('',(-1.,-2.22044604925E-16,0.));
#1752 = FACE_BOUND('',#1753,.F.);
#1753 = EDGE_LOOP('',(#1754,#1764,#1772,#1780));
#1754 = ORIENTED_EDGE('',*,*,#1755,.F.);
#1755 = EDGE_CURVE('',#1756,#1758,#1760,.T.);
#1756 = VERTEX_POINT('',#1757);
#1757 = CARTESIAN_POINT('',(-17.79904704169,-5.15892731966,14.25));
#1758 = VERTEX_POINT('',#1759);
#1759 = CARTESIAN_POINT('',(-17.79904704169,-6.05892731966,14.25));
#1760 = LINE('',#1761,#1762);
#1761 = CARTESIAN_POINT('',(-17.79904704169,-5.15892731966,14.25));
#1762 = VECTOR('',#1763,1.);
#1763 = DIRECTION('',(1.110223024625E-16,-1.,0.));
#1764 = ORIENTED_EDGE('',*,*,#1765,.T.);
#1765 = EDGE_CURVE('',#1756,#1766,#1768,.T.);
#1766 = VERTEX_POINT('',#1767);
#1767 = CARTESIAN_POINT('',(-15.49904704169,-5.15892731966,14.25));
#1768 = LINE('',#1769,#1770);
#1769 = CARTESIAN_POINT('',(-17.79904704169,-5.15892731966,14.25));
#1770 = VECTOR('',#1771,1.);
#1771 = DIRECTION('',(1.,1.110223024625E-16,0.));
#1772 = ORIENTED_EDGE('',*,*,#1773,.T.);
#1773 = EDGE_CURVE('',#1766,#1774,#1776,.T.);
#1774 = VERTEX_POINT('',#1775);
#1775 = CARTESIAN_POINT('',(-15.49904704169,-6.05892731966,14.25));
#1776 = LINE('',#1777,#1778);
#1777 = CARTESIAN_POINT('',(-15.49904704169,-5.15892731966,14.25));
#1778 = VECTOR('',#1779,1.);
#1779 = DIRECTION('',(1.110223024625E-16,-1.,0.));
#1780 = ORIENTED_EDGE('',*,*,#1781,.F.);
#1781 = EDGE_CURVE('',#1758,#1774,#1782,.T.);
#1782 = LINE('',#1783,#1784);
#1783 = CARTESIAN_POINT('',(-17.79904704169,-6.05892731966,14.25));
#1784 = VECTOR('',#1785,1.);
#1785 = DIRECTION('',(1.,1.110223024625E-16,0.));
#1786 = FACE_BOUND('',#1787,.F.);
#1787 = EDGE_LOOP('',(#1788,#1798,#1806,#1814));
#1788 = ORIENTED_EDGE('',*,*,#1789,.F.);
#1789 = EDGE_CURVE('',#1790,#1792,#1794,.T.);
#1790 = VERTEX_POINT('',#1791);
#1791 = CARTESIAN_POINT('',(-13.06274743099,-8.353041912603,14.25));
#1792 = VERTEX_POINT('',#1793);
#1793 = CARTESIAN_POINT('',(-13.06274743099,-6.737041912603,14.25));
#1794 = LINE('',#1795,#1796);
#1795 = CARTESIAN_POINT('',(-13.06274743099,-8.353041912603,14.25));
#1796 = VECTOR('',#1797,1.);
#1797 = DIRECTION('',(-2.22044604925E-16,1.,0.));
#1798 = ORIENTED_EDGE('',*,*,#1799,.T.);
#1799 = EDGE_CURVE('',#1790,#1800,#1802,.T.);
#1800 = VERTEX_POINT('',#1801);
#1801 = CARTESIAN_POINT('',(-13.66274743099,-8.353041912603,14.25));
#1802 = LINE('',#1803,#1804);
#1803 = CARTESIAN_POINT('',(-13.06274743099,-8.353041912603,14.25));
#1804 = VECTOR('',#1805,1.);
#1805 = DIRECTION('',(-1.,-2.22044604925E-16,0.));
#1806 = ORIENTED_EDGE('',*,*,#1807,.T.);
#1807 = EDGE_CURVE('',#1800,#1808,#1810,.T.);
#1808 = VERTEX_POINT('',#1809);
#1809 = CARTESIAN_POINT('',(-13.66274743099,-6.737041912603,14.25));
#1810 = LINE('',#1811,#1812);
#1811 = CARTESIAN_POINT('',(-13.66274743099,-8.353041912603,14.25));
#1812 = VECTOR('',#1813,1.);
#1813 = DIRECTION('',(-2.22044604925E-16,1.,0.));
#1814 = ORIENTED_EDGE('',*,*,#1815,.F.);
#1815 = EDGE_CURVE('',#1792,#1808,#1816,.T.);
#1816 = LINE('',#1817,#1818);
#1817 = CARTESIAN_POINT('',(-13.06274743099,-6.737041912603,14.25));
#1818 = VECTOR('',#1819,1.);
#1819 = DIRECTION('',(-1.,-2.22044604925E-16,0.));
#1820 = FACE_BOUND('',#1821,.F.);
#1821 = EDGE_LOOP('',(#1822,#1832,#1840,#1848));
#1822 = ORIENTED_EDGE('',*,*,#1823,.F.);
#1823 = EDGE_CURVE('',#1824,#1826,#1828,.T.);
#1824 = VERTEX_POINT('',#1825);
#1825 = CARTESIAN_POINT('',(-14.97489585066,-6.05968716014,14.25));
#1826 = VERTEX_POINT('',#1827);
#1827 = CARTESIAN_POINT('',(-11.83489585066,-6.05968716014,14.25));
#1828 = LINE('',#1829,#1830);
#1829 = CARTESIAN_POINT('',(-14.97489585066,-6.05968716014,14.25));
#1830 = VECTOR('',#1831,1.);
#1831 = DIRECTION('',(1.,0.,0.));
#1832 = ORIENTED_EDGE('',*,*,#1833,.T.);
#1833 = EDGE_CURVE('',#1824,#1834,#1836,.T.);
#1834 = VERTEX_POINT('',#1835);
#1835 = CARTESIAN_POINT('',(-14.97489585066,-4.55968716014,14.25));
#1836 = LINE('',#1837,#1838);
#1837 = CARTESIAN_POINT('',(-14.97489585066,-6.05968716014,14.25));
#1838 = VECTOR('',#1839,1.);
#1839 = DIRECTION('',(0.,1.,0.));
#1840 = ORIENTED_EDGE('',*,*,#1841,.T.);
#1841 = EDGE_CURVE('',#1834,#1842,#1844,.T.);
#1842 = VERTEX_POINT('',#1843);
#1843 = CARTESIAN_POINT('',(-11.83489585066,-4.55968716014,14.25));
#1844 = LINE('',#1845,#1846);
#1845 = CARTESIAN_POINT('',(-14.97489585066,-4.55968716014,14.25));
#1846 = VECTOR('',#1847,1.);
#1847 = DIRECTION('',(1.,0.,0.));
#1848 = ORIENTED_EDGE('',*,*,#1849,.F.);
#1849 = EDGE_CURVE('',#1826,#1842,#1850,.T.);
#1850 = LINE('',#1851,#1852);
#1851 = CARTESIAN_POINT('',(-11.83489585066,-6.05968716014,14.25));
#1852 = VECTOR('',#1853,1.);
#1853 = DIRECTION('',(0.,1.,0.));
#1854 = FACE_BOUND('',#1855,.F.);
#1855 = EDGE_LOOP('',(#1856,#1866,#1874,#1882));
#1856 = ORIENTED_EDGE('',*,*,#1857,.F.);
#1857 = EDGE_CURVE('',#1858,#1860,#1862,.T.);
#1858 = VERTEX_POINT('',#1859);
#1859 = CARTESIAN_POINT('',(-15.46945010312,-2.639049106597,14.25));
#1860 = VERTEX_POINT('',#1861);
#1861 = CARTESIAN_POINT('',(-15.46945010312,-1.023049106597,14.25));
#1862 = LINE('',#1863,#1864);
#1863 = CARTESIAN_POINT('',(-15.46945010312,-2.639049106597,14.25));
#1864 = VECTOR('',#1865,1.);
#1865 = DIRECTION('',(-2.22044604925E-16,1.,0.));
#1866 = ORIENTED_EDGE('',*,*,#1867,.T.);
#1867 = EDGE_CURVE('',#1858,#1868,#1870,.T.);
#1868 = VERTEX_POINT('',#1869);
#1869 = CARTESIAN_POINT('',(-16.06945010312,-2.639049106597,14.25));
#1870 = LINE('',#1871,#1872);
#1871 = CARTESIAN_POINT('',(-15.46945010312,-2.639049106597,14.25));
#1872 = VECTOR('',#1873,1.);
#1873 = DIRECTION('',(-1.,-2.22044604925E-16,0.));
#1874 = ORIENTED_EDGE('',*,*,#1875,.T.);
#1875 = EDGE_CURVE('',#1868,#1876,#1878,.T.);
#1876 = VERTEX_POINT('',#1877);
#1877 = CARTESIAN_POINT('',(-16.06945010312,-1.023049106597,14.25));
#1878 = LINE('',#1879,#1880);
#1879 = CARTESIAN_POINT('',(-16.06945010312,-2.639049106597,14.25));
#1880 = VECTOR('',#1881,1.);
#1881 = DIRECTION('',(-2.22044604925E-16,1.,0.));
#1882 = ORIENTED_EDGE('',*,*,#1883,.F.);
#1883 = EDGE_CURVE('',#1860,#1876,#1884,.T.);
#1884 = LINE('',#1885,#1886);
#1885 = CARTESIAN_POINT('',(-15.46945010312,-1.023049106597,14.25));
#1886 = VECTOR('',#1887,1.);
#1887 = DIRECTION('',(-1.,-2.22044604925E-16,0.));
#1888 = FACE_BOUND('',#1889,.F.);
#1889 = EDGE_LOOP('',(#1890,#1900,#1908,#1916));
#1890 = ORIENTED_EDGE('',*,*,#1891,.F.);
#1891 = EDGE_CURVE('',#1892,#1894,#1896,.T.);
#1892 = VERTEX_POINT('',#1893);
#1893 = CARTESIAN_POINT('',(-19.30964696635,-0.939102816852,14.25));
#1894 = VERTEX_POINT('',#1895);
#1895 = CARTESIAN_POINT('',(-19.30964696635,-2.555102816852,14.25));
#1896 = LINE('',#1897,#1898);
#1897 = CARTESIAN_POINT('',(-19.30964696635,-0.939102816852,14.25));
#1898 = VECTOR('',#1899,1.);
#1899 = DIRECTION('',(1.110223024625E-16,-1.,0.));
#1900 = ORIENTED_EDGE('',*,*,#1901,.T.);
#1901 = EDGE_CURVE('',#1892,#1902,#1904,.T.);
#1902 = VERTEX_POINT('',#1903);
#1903 = CARTESIAN_POINT('',(-18.70964696635,-0.939102816852,14.25));
#1904 = LINE('',#1905,#1906);
#1905 = CARTESIAN_POINT('',(-19.30964696635,-0.939102816852,14.25));
#1906 = VECTOR('',#1907,1.);
#1907 = DIRECTION('',(1.,1.110223024625E-16,0.));
#1908 = ORIENTED_EDGE('',*,*,#1909,.T.);
#1909 = EDGE_CURVE('',#1902,#1910,#1912,.T.);
#1910 = VERTEX_POINT('',#1911);
#1911 = CARTESIAN_POINT('',(-18.70964696635,-2.555102816852,14.25));
#1912 = LINE('',#1913,#1914);
#1913 = CARTESIAN_POINT('',(-18.70964696635,-0.939102816852,14.25));
#1914 = VECTOR('',#1915,1.);
#1915 = DIRECTION('',(1.110223024625E-16,-1.,0.));
#1916 = ORIENTED_EDGE('',*,*,#1917,.F.);
#1917 = EDGE_CURVE('',#1894,#1910,#1918,.T.);
#1918 = LINE('',#1919,#1920);
#1919 = CARTESIAN_POINT('',(-19.30964696635,-2.555102816852,14.25));
#1920 = VECTOR('',#1921,1.);
#1921 = DIRECTION('',(1.,1.110223024625E-16,0.));
#1922 = FACE_BOUND('',#1923,.F.);
#1923 = EDGE_LOOP('',(#1924,#1934,#1942,#1950));
#1924 = ORIENTED_EDGE('',*,*,#1925,.F.);
#1925 = EDGE_CURVE('',#1926,#1928,#1930,.T.);
#1926 = VERTEX_POINT('',#1927);
#1927 = CARTESIAN_POINT('',(-14.80544977174,-2.43686063263,14.25));
#1928 = VERTEX_POINT('',#1929);
#1929 = CARTESIAN_POINT('',(-14.80544977174,-4.05286063263,14.25));
#1930 = LINE('',#1931,#1932);
#1931 = CARTESIAN_POINT('',(-14.80544977174,-2.43686063263,14.25));
#1932 = VECTOR('',#1933,1.);
#1933 = DIRECTION('',(1.110223024625E-16,-1.,0.));
#1934 = ORIENTED_EDGE('',*,*,#1935,.T.);
#1935 = EDGE_CURVE('',#1926,#1936,#1938,.T.);
#1936 = VERTEX_POINT('',#1937);
#1937 = CARTESIAN_POINT('',(-14.20544977174,-2.43686063263,14.25));
#1938 = LINE('',#1939,#1940);
#1939 = CARTESIAN_POINT('',(-14.80544977174,-2.43686063263,14.25));
#1940 = VECTOR('',#1941,1.);
#1941 = DIRECTION('',(1.,1.110223024625E-16,0.));
#1942 = ORIENTED_EDGE('',*,*,#1943,.T.);
#1943 = EDGE_CURVE('',#1936,#1944,#1946,.T.);
#1944 = VERTEX_POINT('',#1945);
#1945 = CARTESIAN_POINT('',(-14.20544977174,-4.05286063263,14.25));
#1946 = LINE('',#1947,#1948);
#1947 = CARTESIAN_POINT('',(-14.20544977174,-2.43686063263,14.25));
#1948 = VECTOR('',#1949,1.);
#1949 = DIRECTION('',(1.110223024625E-16,-1.,0.));
#1950 = ORIENTED_EDGE('',*,*,#1951,.F.);
#1951 = EDGE_CURVE('',#1928,#1944,#1952,.T.);
#1952 = LINE('',#1953,#1954);
#1953 = CARTESIAN_POINT('',(-14.80544977174,-4.05286063263,14.25));
#1954 = VECTOR('',#1955,1.);
#1955 = DIRECTION('',(1.,1.110223024625E-16,0.));
#1956 = FACE_BOUND('',#1957,.F.);
#1957 = EDGE_LOOP('',(#1958,#1968,#1976,#1984));
#1958 = ORIENTED_EDGE('',*,*,#1959,.F.);
#1959 = EDGE_CURVE('',#1960,#1962,#1964,.T.);
#1960 = VERTEX_POINT('',#1961);
#1961 = CARTESIAN_POINT('',(-8.527163167355,-7.418241066649,14.25));
#1962 = VERTEX_POINT('',#1963);
#1963 = CARTESIAN_POINT('',(-8.527163167355,-4.116241066649,14.25));
#1964 = LINE('',#1965,#1966);
#1965 = CARTESIAN_POINT('',(-8.527163167355,-7.418241066649,14.25));
#1966 = VECTOR('',#1967,1.);
#1967 = DIRECTION('',(-2.22044604925E-16,1.,0.));
#1968 = ORIENTED_EDGE('',*,*,#1969,.T.);
#1969 = EDGE_CURVE('',#1960,#1970,#1972,.T.);
#1970 = VERTEX_POINT('',#1971);
#1971 = CARTESIAN_POINT('',(-11.32116316735,-7.418241066649,14.25));
#1972 = LINE('',#1973,#1974);
#1973 = CARTESIAN_POINT('',(-8.527163167355,-7.418241066649,14.25));
#1974 = VECTOR('',#1975,1.);
#1975 = DIRECTION('',(-1.,-2.22044604925E-16,0.));
#1976 = ORIENTED_EDGE('',*,*,#1977,.T.);
#1977 = EDGE_CURVE('',#1970,#1978,#1980,.T.);
#1978 = VERTEX_POINT('',#1979);
#1979 = CARTESIAN_POINT('',(-11.32116316735,-4.116241066649,14.25));
#1980 = LINE('',#1981,#1982);
#1981 = CARTESIAN_POINT('',(-11.32116316735,-7.418241066649,14.25));
#1982 = VECTOR('',#1983,1.);
#1983 = DIRECTION('',(-2.22044604925E-16,1.,0.));
#1984 = ORIENTED_EDGE('',*,*,#1985,.F.);
#1985 = EDGE_CURVE('',#1962,#1978,#1986,.T.);
#1986 = LINE('',#1987,#1988);
#1987 = CARTESIAN_POINT('',(-8.527163167355,-4.116241066649,14.25));
#1988 = VECTOR('',#1989,1.);
#1989 = DIRECTION('',(-1.,-2.22044604925E-16,0.));
#1990 = FACE_BOUND('',#1991,.F.);
#1991 = EDGE_LOOP('',(#1992,#2002,#2010,#2018));
#1992 = ORIENTED_EDGE('',*,*,#1993,.F.);
#1993 = EDGE_CURVE('',#1994,#1996,#1998,.T.);
#1994 = VERTEX_POINT('',#1995);
#1995 = CARTESIAN_POINT('',(-7.791404359181,0.599785898614,14.25));
#1996 = VERTEX_POINT('',#1997);
#1997 = CARTESIAN_POINT('',(-7.791404359181,-1.016214101386,14.25));
#1998 = LINE('',#1999,#2000);
#1999 = CARTESIAN_POINT('',(-7.791404359181,0.599785898614,14.25));
#2000 = VECTOR('',#2001,1.);
#2001 = DIRECTION('',(1.110223024625E-16,-1.,0.));
#2002 = ORIENTED_EDGE('',*,*,#2003,.T.);
#2003 = EDGE_CURVE('',#1994,#2004,#2006,.T.);
#2004 = VERTEX_POINT('',#2005);
#2005 = CARTESIAN_POINT('',(-7.191404359181,0.599785898614,14.25));
#2006 = LINE('',#2007,#2008);
#2007 = CARTESIAN_POINT('',(-7.791404359181,0.599785898614,14.25));
#2008 = VECTOR('',#2009,1.);
#2009 = DIRECTION('',(1.,1.110223024625E-16,0.));
#2010 = ORIENTED_EDGE('',*,*,#2011,.T.);
#2011 = EDGE_CURVE('',#2004,#2012,#2014,.T.);
#2012 = VERTEX_POINT('',#2013);
#2013 = CARTESIAN_POINT('',(-7.191404359181,-1.016214101386,14.25));
#2014 = LINE('',#2015,#2016);
#2015 = CARTESIAN_POINT('',(-7.191404359181,0.599785898614,14.25));
#2016 = VECTOR('',#2017,1.);
#2017 = DIRECTION('',(1.110223024625E-16,-1.,0.));
#2018 = ORIENTED_EDGE('',*,*,#2019,.F.);
#2019 = EDGE_CURVE('',#1996,#2012,#2020,.T.);
#2020 = LINE('',#2021,#2022);
#2021 = CARTESIAN_POINT('',(-7.791404359181,-1.016214101386,14.25));
#2022 = VECTOR('',#2023,1.);
#2023 = DIRECTION('',(1.,1.110223024625E-16,0.));
#2024 = FACE_BOUND('',#2025,.F.);
#2025 = EDGE_LOOP('',(#2026,#2036,#2044,#2052));
#2026 = ORIENTED_EDGE('',*,*,#2027,.F.);
#2027 = EDGE_CURVE('',#2028,#2030,#2032,.T.);
#2028 = VERTEX_POINT('',#2029);
#2029 = CARTESIAN_POINT('',(-3.913297624504,-5.856993618807E-02,14.25));
#2030 = VERTEX_POINT('',#2031);
#2031 = CARTESIAN_POINT('',(-2.297297624504,-5.856993618807E-02,14.25));
#2032 = LINE('',#2033,#2034);
#2033 = CARTESIAN_POINT('',(-3.913297624504,-5.856993618807E-02,14.25));
#2034 = VECTOR('',#2035,1.);
#2035 = DIRECTION('',(1.,0.,0.));
#2036 = ORIENTED_EDGE('',*,*,#2037,.T.);
#2037 = EDGE_CURVE('',#2028,#2038,#2040,.T.);
#2038 = VERTEX_POINT('',#2039);
#2039 = CARTESIAN_POINT('',(-3.913297624504,0.541430063812,14.25));
#2040 = LINE('',#2041,#2042);
#2041 = CARTESIAN_POINT('',(-3.913297624504,-5.856993618807E-02,14.25));
#2042 = VECTOR('',#2043,1.);
#2043 = DIRECTION('',(0.,1.,0.));
#2044 = ORIENTED_EDGE('',*,*,#2045,.T.);
#2045 = EDGE_CURVE('',#2038,#2046,#2048,.T.);
#2046 = VERTEX_POINT('',#2047);
#2047 = CARTESIAN_POINT('',(-2.297297624504,0.541430063812,14.25));
#2048 = LINE('',#2049,#2050);
#2049 = CARTESIAN_POINT('',(-3.913297624504,0.541430063812,14.25));
#2050 = VECTOR('',#2051,1.);
#2051 = DIRECTION('',(1.,0.,0.));
#2052 = ORIENTED_EDGE('',*,*,#2053,.F.);
#2053 = EDGE_CURVE('',#2030,#2046,#2054,.T.);
#2054 = LINE('',#2055,#2056);
#2055 = CARTESIAN_POINT('',(-2.297297624504,-5.856993618807E-02,14.25));
#2056 = VECTOR('',#2057,1.);
#2057 = DIRECTION('',(0.,1.,0.));
#2058 = FACE_BOUND('',#2059,.F.);
#2059 = EDGE_LOOP('',(#2060,#2070,#2078,#2086));
#2060 = ORIENTED_EDGE('',*,*,#2061,.F.);
#2061 = EDGE_CURVE('',#2062,#2064,#2066,.T.);
#2062 = VERTEX_POINT('',#2063);
#2063 = CARTESIAN_POINT('',(-2.708704039484,-0.608949233824,14.25));
#2064 = VERTEX_POINT('',#2065);
#2065 = CARTESIAN_POINT('',(-2.708704039484,-2.224949233824,14.25));
#2066 = LINE('',#2067,#2068);
#2067 = CARTESIAN_POINT('',(-2.708704039484,-0.608949233824,14.25));
#2068 = VECTOR('',#2069,1.);
#2069 = DIRECTION('',(1.110223024625E-16,-1.,0.));
#2070 = ORIENTED_EDGE('',*,*,#2071,.T.);
#2071 = EDGE_CURVE('',#2062,#2072,#2074,.T.);
#2072 = VERTEX_POINT('',#2073);
#2073 = CARTESIAN_POINT('',(-2.108704039484,-0.608949233824,14.25));
#2074 = LINE('',#2075,#2076);
#2075 = CARTESIAN_POINT('',(-2.708704039484,-0.608949233824,14.25));
#2076 = VECTOR('',#2077,1.);
#2077 = DIRECTION('',(1.,1.110223024625E-16,0.));
#2078 = ORIENTED_EDGE('',*,*,#2079,.T.);
#2079 = EDGE_CURVE('',#2072,#2080,#2082,.T.);
#2080 = VERTEX_POINT('',#2081);
#2081 = CARTESIAN_POINT('',(-2.108704039484,-2.224949233824,14.25));
#2082 = LINE('',#2083,#2084);
#2083 = CARTESIAN_POINT('',(-2.108704039484,-0.608949233824,14.25));
#2084 = VECTOR('',#2085,1.);
#2085 = DIRECTION('',(1.110223024625E-16,-1.,0.));
#2086 = ORIENTED_EDGE('',*,*,#2087,.F.);
#2087 = EDGE_CURVE('',#2064,#2080,#2088,.T.);
#2088 = LINE('',#2089,#2090);
#2089 = CARTESIAN_POINT('',(-2.708704039484,-2.224949233824,14.25));
#2090 = VECTOR('',#2091,1.);
#2091 = DIRECTION('',(1.,1.110223024625E-16,0.));
#2092 = FACE_BOUND('',#2093,.F.);
#2093 = EDGE_LOOP('',(#2094,#2104,#2112,#2120));
#2094 = ORIENTED_EDGE('',*,*,#2095,.F.);
#2095 = EDGE_CURVE('',#2096,#2098,#2100,.T.);
#2096 = VERTEX_POINT('',#2097);
#2097 = CARTESIAN_POINT('',(6.575768536232,-16.68540431667,14.25));
#2098 = VERTEX_POINT('',#2099);
#2099 = CARTESIAN_POINT('',(6.575768536232,-15.06940431667,14.25));
#2100 = LINE('',#2101,#2102);
#2101 = CARTESIAN_POINT('',(6.575768536232,-16.68540431667,14.25));
#2102 = VECTOR('',#2103,1.);
#2103 = DIRECTION('',(-2.22044604925E-16,1.,0.));
#2104 = ORIENTED_EDGE('',*,*,#2105,.T.);
#2105 = EDGE_CURVE('',#2096,#2106,#2108,.T.);
#2106 = VERTEX_POINT('',#2107);
#2107 = CARTESIAN_POINT('',(5.975768536232,-16.68540431667,14.25));
#2108 = LINE('',#2109,#2110);
#2109 = CARTESIAN_POINT('',(6.575768536232,-16.68540431667,14.25));
#2110 = VECTOR('',#2111,1.);
#2111 = DIRECTION('',(-1.,-2.22044604925E-16,0.));
#2112 = ORIENTED_EDGE('',*,*,#2113,.T.);
#2113 = EDGE_CURVE('',#2106,#2114,#2116,.T.);
#2114 = VERTEX_POINT('',#2115);
#2115 = CARTESIAN_POINT('',(5.975768536232,-15.06940431667,14.25));
#2116 = LINE('',#2117,#2118);
#2117 = CARTESIAN_POINT('',(5.975768536232,-16.68540431667,14.25));
#2118 = VECTOR('',#2119,1.);
#2119 = DIRECTION('',(-2.22044604925E-16,1.,0.));
#2120 = ORIENTED_EDGE('',*,*,#2121,.F.);
#2121 = EDGE_CURVE('',#2098,#2114,#2122,.T.);
#2122 = LINE('',#2123,#2124);
#2123 = CARTESIAN_POINT('',(6.575768536232,-15.06940431667,14.25));
#2124 = VECTOR('',#2125,1.);
#2125 = DIRECTION('',(-1.,-2.22044604925E-16,0.));
#2126 = FACE_BOUND('',#2127,.F.);
#2127 = EDGE_LOOP('',(#2128,#2138,#2146,#2154));
#2128 = ORIENTED_EDGE('',*,*,#2129,.F.);
#2129 = EDGE_CURVE('',#2130,#2132,#2134,.T.);
#2130 = VERTEX_POINT('',#2131);
#2131 = CARTESIAN_POINT('',(7.543557862231,-16.027081795,14.25));
#2132 = VERTEX_POINT('',#2133);
#2133 = CARTESIAN_POINT('',(9.159557862231,-16.027081795,14.25));
#2134 = LINE('',#2135,#2136);
#2135 = CARTESIAN_POINT('',(7.543557862231,-16.027081795,14.25));
#2136 = VECTOR('',#2137,1.);
#2137 = DIRECTION('',(1.,0.,0.));
#2138 = ORIENTED_EDGE('',*,*,#2139,.T.);
#2139 = EDGE_CURVE('',#2130,#2140,#2142,.T.);
#2140 = VERTEX_POINT('',#2141);
#2141 = CARTESIAN_POINT('',(7.543557862231,-15.427081795,14.25));
#2142 = LINE('',#2143,#2144);
#2143 = CARTESIAN_POINT('',(7.543557862231,-16.027081795,14.25));
#2144 = VECTOR('',#2145,1.);
#2145 = DIRECTION('',(0.,1.,0.));
#2146 = ORIENTED_EDGE('',*,*,#2147,.T.);
#2147 = EDGE_CURVE('',#2140,#2148,#2150,.T.);
#2148 = VERTEX_POINT('',#2149);
#2149 = CARTESIAN_POINT('',(9.159557862231,-15.427081795,14.25));
#2150 = LINE('',#2151,#2152);
#2151 = CARTESIAN_POINT('',(7.543557862231,-15.427081795,14.25));
#2152 = VECTOR('',#2153,1.);
#2153 = DIRECTION('',(1.,0.,0.));
#2154 = ORIENTED_EDGE('',*,*,#2155,.F.);
#2155 = EDGE_CURVE('',#2132,#2148,#2156,.T.);
#2156 = LINE('',#2157,#2158);
#2157 = CARTESIAN_POINT('',(9.159557862231,-16.027081795,14.25));
#2158 = VECTOR('',#2159,1.);
#2159 = DIRECTION('',(0.,1.,0.));
#2160 = FACE_BOUND('',#2161,.F.);
#2161 = EDGE_LOOP('',(#2162,#2172,#2180,#2188));
#2162 = ORIENTED_EDGE('',*,*,#2163,.F.);
#2163 = EDGE_CURVE('',#2164,#2166,#2168,.T.);
#2164 = VERTEX_POINT('',#2165);
#2165 = CARTESIAN_POINT('',(7.615782270851,-14.8109697328,14.25));
#2166 = VERTEX_POINT('',#2167);
#2167 = CARTESIAN_POINT('',(9.231782270851,-14.8109697328,14.25));
#2168 = LINE('',#2169,#2170);
#2169 = CARTESIAN_POINT('',(7.615782270851,-14.8109697328,14.25));
#2170 = VECTOR('',#2171,1.);
#2171 = DIRECTION('',(1.,0.,0.));
#2172 = ORIENTED_EDGE('',*,*,#2173,.T.);
#2173 = EDGE_CURVE('',#2164,#2174,#2176,.T.);
#2174 = VERTEX_POINT('',#2175);
#2175 = CARTESIAN_POINT('',(7.615782270851,-14.2109697328,14.25));
#2176 = LINE('',#2177,#2178);
#2177 = CARTESIAN_POINT('',(7.615782270851,-14.8109697328,14.25));
#2178 = VECTOR('',#2179,1.);
#2179 = DIRECTION('',(0.,1.,0.));
#2180 = ORIENTED_EDGE('',*,*,#2181,.T.);
#2181 = EDGE_CURVE('',#2174,#2182,#2184,.T.);
#2182 = VERTEX_POINT('',#2183);
#2183 = CARTESIAN_POINT('',(9.231782270851,-14.2109697328,14.25));
#2184 = LINE('',#2185,#2186);
#2185 = CARTESIAN_POINT('',(7.615782270851,-14.2109697328,14.25));
#2186 = VECTOR('',#2187,1.);
#2187 = DIRECTION('',(1.,0.,0.));
#2188 = ORIENTED_EDGE('',*,*,#2189,.F.);
#2189 = EDGE_CURVE('',#2166,#2182,#2190,.T.);
#2190 = LINE('',#2191,#2192);
#2191 = CARTESIAN_POINT('',(9.231782270851,-14.8109697328,14.25));
#2192 = VECTOR('',#2193,1.);
#2193 = DIRECTION('',(0.,1.,0.));
#2194 = FACE_BOUND('',#2195,.F.);
#2195 = EDGE_LOOP('',(#2196,#2206,#2214,#2222));
#2196 = ORIENTED_EDGE('',*,*,#2197,.F.);
#2197 = EDGE_CURVE('',#2198,#2200,#2202,.T.);
#2198 = VERTEX_POINT('',#2199);
#2199 = CARTESIAN_POINT('',(15.599365977816,-9.415066922425,14.25));
#2200 = VERTEX_POINT('',#2201);
#2201 = CARTESIAN_POINT('',(13.983365977816,-9.415066922425,14.25));
#2202 = LINE('',#2203,#2204);
#2203 = CARTESIAN_POINT('',(15.599365977816,-9.415066922425,14.25));
#2204 = VECTOR('',#2205,1.);
#2205 = DIRECTION('',(-1.,-1.224646799147E-16,0.));
#2206 = ORIENTED_EDGE('',*,*,#2207,.T.);
#2207 = EDGE_CURVE('',#2198,#2208,#2210,.T.);
#2208 = VERTEX_POINT('',#2209);
#2209 = CARTESIAN_POINT('',(15.599365977816,-10.01506692242,14.25));
#2210 = LINE('',#2211,#2212);
#2211 = CARTESIAN_POINT('',(15.599365977816,-9.415066922425,14.25));
#2212 = VECTOR('',#2213,1.);
#2213 = DIRECTION('',(1.224646799147E-16,-1.,0.));
#2214 = ORIENTED_EDGE('',*,*,#2215,.T.);
#2215 = EDGE_CURVE('',#2208,#2216,#2218,.T.);
#2216 = VERTEX_POINT('',#2217);
#2217 = CARTESIAN_POINT('',(13.983365977816,-10.01506692242,14.25));
#2218 = LINE('',#2219,#2220);
#2219 = CARTESIAN_POINT('',(15.599365977816,-10.01506692242,14.25));
#2220 = VECTOR('',#2221,1.);
#2221 = DIRECTION('',(-1.,-1.224646799147E-16,0.));
#2222 = ORIENTED_EDGE('',*,*,#2223,.F.);
#2223 = EDGE_CURVE('',#2200,#2216,#2224,.T.);
#2224 = LINE('',#2225,#2226);
#2225 = CARTESIAN_POINT('',(13.983365977816,-9.415066922425,14.25));
#2226 = VECTOR('',#2227,1.);
#2227 = DIRECTION('',(1.224646799147E-16,-1.,0.));
#2228 = FACE_BOUND('',#2229,.F.);
#2229 = EDGE_LOOP('',(#2230,#2240,#2248,#2256));
#2230 = ORIENTED_EDGE('',*,*,#2231,.F.);
#2231 = EDGE_CURVE('',#2232,#2234,#2236,.T.);
#2232 = VERTEX_POINT('',#2233);
#2233 = CARTESIAN_POINT('',(3.867734393755,-7.263573629224,14.25));
#2234 = VERTEX_POINT('',#2235);
#2235 = CARTESIAN_POINT('',(2.251734393755,-7.263573629224,14.25));
#2236 = LINE('',#2237,#2238);
#2237 = CARTESIAN_POINT('',(3.867734393755,-7.263573629224,14.25));
#2238 = VECTOR('',#2239,1.);
#2239 = DIRECTION('',(-1.,-1.224646799147E-16,0.));
#2240 = ORIENTED_EDGE('',*,*,#2241,.T.);
#2241 = EDGE_CURVE('',#2232,#2242,#2244,.T.);
#2242 = VERTEX_POINT('',#2243);
#2243 = CARTESIAN_POINT('',(3.867734393755,-7.863573629224,14.25));
#2244 = LINE('',#2245,#2246);
#2245 = CARTESIAN_POINT('',(3.867734393755,-7.263573629224,14.25));
#2246 = VECTOR('',#2247,1.);
#2247 = DIRECTION('',(1.224646799147E-16,-1.,0.));
#2248 = ORIENTED_EDGE('',*,*,#2249,.T.);
#2249 = EDGE_CURVE('',#2242,#2250,#2252,.T.);
#2250 = VERTEX_POINT('',#2251);
#2251 = CARTESIAN_POINT('',(2.251734393755,-7.863573629224,14.25));
#2252 = LINE('',#2253,#2254);
#2253 = CARTESIAN_POINT('',(3.867734393755,-7.863573629224,14.25));
#2254 = VECTOR('',#2255,1.);
#2255 = DIRECTION('',(-1.,-1.224646799147E-16,0.));
#2256 = ORIENTED_EDGE('',*,*,#2257,.F.);
#2257 = EDGE_CURVE('',#2234,#2250,#2258,.T.);
#2258 = LINE('',#2259,#2260);
#2259 = CARTESIAN_POINT('',(2.251734393755,-7.263573629224,14.25));
#2260 = VECTOR('',#2261,1.);
#2261 = DIRECTION('',(1.224646799147E-16,-1.,0.));
#2262 = FACE_BOUND('',#2263,.F.);
#2263 = EDGE_LOOP('',(#2264,#2274,#2282,#2290));
#2264 = ORIENTED_EDGE('',*,*,#2265,.F.);
#2265 = EDGE_CURVE('',#2266,#2268,#2270,.T.);
#2266 = VERTEX_POINT('',#2267);
#2267 = CARTESIAN_POINT('',(4.417902375496,-6.456269936188,14.25));
#2268 = VERTEX_POINT('',#2269);
#2269 = CARTESIAN_POINT('',(4.417902375496,-8.072269936188,14.25));
#2270 = LINE('',#2271,#2272);
#2271 = CARTESIAN_POINT('',(4.417902375496,-6.456269936188,14.25));
#2272 = VECTOR('',#2273,1.);
#2273 = DIRECTION('',(1.110223024625E-16,-1.,0.));
#2274 = ORIENTED_EDGE('',*,*,#2275,.T.);
#2275 = EDGE_CURVE('',#2266,#2276,#2278,.T.);
#2276 = VERTEX_POINT('',#2277);
#2277 = CARTESIAN_POINT('',(5.017902375496,-6.456269936188,14.25));
#2278 = LINE('',#2279,#2280);
#2279 = CARTESIAN_POINT('',(4.417902375496,-6.456269936188,14.25));
#2280 = VECTOR('',#2281,1.);
#2281 = DIRECTION('',(1.,1.110223024625E-16,0.));
#2282 = ORIENTED_EDGE('',*,*,#2283,.T.);
#2283 = EDGE_CURVE('',#2276,#2284,#2286,.T.);
#2284 = VERTEX_POINT('',#2285);
#2285 = CARTESIAN_POINT('',(5.017902375496,-8.072269936188,14.25));
#2286 = LINE('',#2287,#2288);
#2287 = CARTESIAN_POINT('',(5.017902375496,-6.456269936188,14.25));
#2288 = VECTOR('',#2289,1.);
#2289 = DIRECTION('',(1.110223024625E-16,-1.,0.));
#2290 = ORIENTED_EDGE('',*,*,#2291,.F.);
#2291 = EDGE_CURVE('',#2268,#2284,#2292,.T.);
#2292 = LINE('',#2293,#2294);
#2293 = CARTESIAN_POINT('',(4.417902375496,-8.072269936188,14.25));
#2294 = VECTOR('',#2295,1.);
#2295 = DIRECTION('',(1.,1.110223024625E-16,0.));
#2296 = FACE_BOUND('',#2297,.F.);
#2297 = EDGE_LOOP('',(#2298,#2308,#2316,#2324));
#2298 = ORIENTED_EDGE('',*,*,#2299,.F.);
#2299 = EDGE_CURVE('',#2300,#2302,#2304,.T.);
#2300 = VERTEX_POINT('',#2301);
#2301 = CARTESIAN_POINT('',(3.867361371674,-5.928689148711,14.25));
#2302 = VERTEX_POINT('',#2303);
#2303 = CARTESIAN_POINT('',(2.251361371674,-5.928689148711,14.25));
#2304 = LINE('',#2305,#2306);
#2305 = CARTESIAN_POINT('',(3.867361371674,-5.928689148711,14.25));
#2306 = VECTOR('',#2307,1.);
#2307 = DIRECTION('',(-1.,-1.224646799147E-16,0.));
#2308 = ORIENTED_EDGE('',*,*,#2309,.T.);
#2309 = EDGE_CURVE('',#2300,#2310,#2312,.T.);
#2310 = VERTEX_POINT('',#2311);
#2311 = CARTESIAN_POINT('',(3.867361371674,-6.528689148711,14.25));
#2312 = LINE('',#2313,#2314);
#2313 = CARTESIAN_POINT('',(3.867361371674,-5.928689148711,14.25));
#2314 = VECTOR('',#2315,1.);
#2315 = DIRECTION('',(1.224646799147E-16,-1.,0.));
#2316 = ORIENTED_EDGE('',*,*,#2317,.T.);
#2317 = EDGE_CURVE('',#2310,#2318,#2320,.T.);
#2318 = VERTEX_POINT('',#2319);
#2319 = CARTESIAN_POINT('',(2.251361371674,-6.528689148711,14.25));
#2320 = LINE('',#2321,#2322);
#2321 = CARTESIAN_POINT('',(3.867361371674,-6.528689148711,14.25));
#2322 = VECTOR('',#2323,1.);
#2323 = DIRECTION('',(-1.,-1.224646799147E-16,0.));
#2324 = ORIENTED_EDGE('',*,*,#2325,.F.);
#2325 = EDGE_CURVE('',#2302,#2318,#2326,.T.);
#2326 = LINE('',#2327,#2328);
#2327 = CARTESIAN_POINT('',(2.251361371674,-5.928689148711,14.25));
#2328 = VECTOR('',#2329,1.);
#2329 = DIRECTION('',(1.224646799147E-16,-1.,0.));
#2330 = FACE_BOUND('',#2331,.F.);
#2331 = EDGE_LOOP('',(#2332,#2342,#2350,#2358));
#2332 = ORIENTED_EDGE('',*,*,#2333,.F.);
#2333 = EDGE_CURVE('',#2334,#2336,#2338,.T.);
#2334 = VERTEX_POINT('',#2335);
#2335 = CARTESIAN_POINT('',(6.178202375496,-7.589569936188,14.25));
#2336 = VERTEX_POINT('',#2337);
#2337 = CARTESIAN_POINT('',(9.278202375496,-7.589569936188,14.25));
#2338 = LINE('',#2339,#2340);
#2339 = CARTESIAN_POINT('',(6.178202375496,-7.589569936188,14.25));
#2340 = VECTOR('',#2341,1.);
#2341 = DIRECTION('',(1.,0.,0.));
#2342 = ORIENTED_EDGE('',*,*,#2343,.T.);
#2343 = EDGE_CURVE('',#2334,#2344,#2346,.T.);
#2344 = VERTEX_POINT('',#2345);
#2345 = CARTESIAN_POINT('',(6.178202375496,-5.589569936188,14.25));
#2346 = LINE('',#2347,#2348);
#2347 = CARTESIAN_POINT('',(6.178202375496,-7.589569936188,14.25));
#2348 = VECTOR('',#2349,1.);
#2349 = DIRECTION('',(0.,1.,0.));
#2350 = ORIENTED_EDGE('',*,*,#2351,.T.);
#2351 = EDGE_CURVE('',#2344,#2352,#2354,.T.);
#2352 = VERTEX_POINT('',#2353);
#2353 = CARTESIAN_POINT('',(9.278202375496,-5.589569936188,14.25));
#2354 = LINE('',#2355,#2356);
#2355 = CARTESIAN_POINT('',(6.178202375496,-5.589569936188,14.25));
#2356 = VECTOR('',#2357,1.);
#2357 = DIRECTION('',(1.,0.,0.));
#2358 = ORIENTED_EDGE('',*,*,#2359,.F.);
#2359 = EDGE_CURVE('',#2336,#2352,#2360,.T.);
#2360 = LINE('',#2361,#2362);
#2361 = CARTESIAN_POINT('',(9.278202375496,-7.589569936188,14.25));
#2362 = VECTOR('',#2363,1.);
#2363 = DIRECTION('',(0.,1.,0.));
#2364 = FACE_BOUND('',#2365,.F.);
#2365 = EDGE_LOOP('',(#2366,#2376,#2384,#2392));
#2366 = ORIENTED_EDGE('',*,*,#2367,.F.);
#2367 = EDGE_CURVE('',#2368,#2370,#2372,.T.);
#2368 = VERTEX_POINT('',#2369);
#2369 = CARTESIAN_POINT('',(9.497622354699,0.117548807341,14.25));
#2370 = VERTEX_POINT('',#2371);
#2371 = CARTESIAN_POINT('',(7.881622354699,0.117548807341,14.25));
#2372 = LINE('',#2373,#2374);
#2373 = CARTESIAN_POINT('',(9.497622354699,0.117548807341,14.25));
#2374 = VECTOR('',#2375,1.);
#2375 = DIRECTION('',(-1.,-1.224646799147E-16,0.));
#2376 = ORIENTED_EDGE('',*,*,#2377,.T.);
#2377 = EDGE_CURVE('',#2368,#2378,#2380,.T.);
#2378 = VERTEX_POINT('',#2379);
#2379 = CARTESIAN_POINT('',(9.497622354699,-0.482451192659,14.25));
#2380 = LINE('',#2381,#2382);
#2381 = CARTESIAN_POINT('',(9.497622354699,0.117548807341,14.25));
#2382 = VECTOR('',#2383,1.);
#2383 = DIRECTION('',(1.224646799147E-16,-1.,0.));
#2384 = ORIENTED_EDGE('',*,*,#2385,.T.);
#2385 = EDGE_CURVE('',#2378,#2386,#2388,.T.);
#2386 = VERTEX_POINT('',#2387);
#2387 = CARTESIAN_POINT('',(7.881622354699,-0.482451192659,14.25));
#2388 = LINE('',#2389,#2390);
#2389 = CARTESIAN_POINT('',(9.497622354699,-0.482451192659,14.25));
#2390 = VECTOR('',#2391,1.);
#2391 = DIRECTION('',(-1.,-1.224646799147E-16,0.));
#2392 = ORIENTED_EDGE('',*,*,#2393,.F.);
#2393 = EDGE_CURVE('',#2370,#2386,#2394,.T.);
#2394 = LINE('',#2395,#2396);
#2395 = CARTESIAN_POINT('',(7.881622354699,0.117548807341,14.25));
#2396 = VECTOR('',#2397,1.);
#2397 = DIRECTION('',(1.224646799147E-16,-1.,0.));
#2398 = FACE_BOUND('',#2399,.F.);
#2399 = EDGE_LOOP('',(#2400,#2410,#2418,#2426));
#2400 = ORIENTED_EDGE('',*,*,#2401,.F.);
#2401 = EDGE_CURVE('',#2402,#2404,#2406,.T.);
#2402 = VERTEX_POINT('',#2403);
#2403 = CARTESIAN_POINT('',(10.410618748706,-6.585109980158,14.25));
#2404 = VERTEX_POINT('',#2405);
#2405 = CARTESIAN_POINT('',(13.185618748706,-6.585109980158,14.25));
#2406 = LINE('',#2407,#2408);
#2407 = CARTESIAN_POINT('',(10.410618748706,-6.585109980158,14.25));
#2408 = VECTOR('',#2409,1.);
#2409 = DIRECTION('',(1.,0.,0.));
#2410 = ORIENTED_EDGE('',*,*,#2411,.T.);
#2411 = EDGE_CURVE('',#2402,#2412,#2414,.T.);
#2412 = VERTEX_POINT('',#2413);
#2413 = CARTESIAN_POINT('',(10.410618748706,-5.585109980158,14.25));
#2414 = LINE('',#2415,#2416);
#2415 = CARTESIAN_POINT('',(10.410618748706,-6.585109980158,14.25));
#2416 = VECTOR('',#2417,1.);
#2417 = DIRECTION('',(0.,1.,0.));
#2418 = ORIENTED_EDGE('',*,*,#2419,.T.);
#2419 = EDGE_CURVE('',#2412,#2420,#2422,.T.);
#2420 = VERTEX_POINT('',#2421);
#2421 = CARTESIAN_POINT('',(13.185618748706,-5.585109980158,14.25));
#2422 = LINE('',#2423,#2424);
#2423 = CARTESIAN_POINT('',(10.410618748706,-5.585109980158,14.25));
#2424 = VECTOR('',#2425,1.);
#2425 = DIRECTION('',(1.,0.,0.));
#2426 = ORIENTED_EDGE('',*,*,#2427,.F.);
#2427 = EDGE_CURVE('',#2404,#2420,#2428,.T.);
#2428 = LINE('',#2429,#2430);
#2429 = CARTESIAN_POINT('',(13.185618748706,-6.585109980158,14.25));
#2430 = VECTOR('',#2431,1.);
#2431 = DIRECTION('',(0.,1.,0.));
#2432 = FACE_BOUND('',#2433,.F.);
#2433 = EDGE_LOOP('',(#2434,#2444,#2452,#2460));
#2434 = ORIENTED_EDGE('',*,*,#2435,.F.);
#2435 = EDGE_CURVE('',#2436,#2438,#2440,.T.);
#2436 = VERTEX_POINT('',#2437);
#2437 = CARTESIAN_POINT('',(13.888782520628,-7.135522214414,14.25));
#2438 = VERTEX_POINT('',#2439);
#2439 = CARTESIAN_POINT('',(12.272782520628,-7.135522214414,14.25));
#2440 = LINE('',#2441,#2442);
#2441 = CARTESIAN_POINT('',(13.888782520628,-7.135522214414,14.25));
#2442 = VECTOR('',#2443,1.);
#2443 = DIRECTION('',(-1.,-1.224646799147E-16,0.));
#2444 = ORIENTED_EDGE('',*,*,#2445,.T.);
#2445 = EDGE_CURVE('',#2436,#2446,#2448,.T.);
#2446 = VERTEX_POINT('',#2447);
#2447 = CARTESIAN_POINT('',(13.888782520628,-7.735522214414,14.25));
#2448 = LINE('',#2449,#2450);
#2449 = CARTESIAN_POINT('',(13.888782520628,-7.135522214414,14.25));
#2450 = VECTOR('',#2451,1.);
#2451 = DIRECTION('',(1.224646799147E-16,-1.,0.));
#2452 = ORIENTED_EDGE('',*,*,#2453,.T.);
#2453 = EDGE_CURVE('',#2446,#2454,#2456,.T.);
#2454 = VERTEX_POINT('',#2455);
#2455 = CARTESIAN_POINT('',(12.272782520628,-7.735522214414,14.25));
#2456 = LINE('',#2457,#2458);
#2457 = CARTESIAN_POINT('',(13.888782520628,-7.735522214414,14.25));
#2458 = VECTOR('',#2459,1.);
#2459 = DIRECTION('',(-1.,-1.224646799147E-16,0.));
#2460 = ORIENTED_EDGE('',*,*,#2461,.F.);
#2461 = EDGE_CURVE('',#2438,#2454,#2462,.T.);
#2462 = LINE('',#2463,#2464);
#2463 = CARTESIAN_POINT('',(12.272782520628,-7.135522214414,14.25));
#2464 = VECTOR('',#2465,1.);
#2465 = DIRECTION('',(1.224646799147E-16,-1.,0.));
#2466 = FACE_BOUND('',#2467,.F.);
#2467 = EDGE_LOOP('',(#2468,#2478,#2486,#2494));
#2468 = ORIENTED_EDGE('',*,*,#2469,.F.);
#2469 = EDGE_CURVE('',#2470,#2472,#2474,.T.);
#2470 = VERTEX_POINT('',#2471);
#2471 = CARTESIAN_POINT('',(17.744390600334,-5.667300482332,14.25));
#2472 = VERTEX_POINT('',#2473);
#2473 = CARTESIAN_POINT('',(14.394390600334,-5.667300482332,14.25));
#2474 = LINE('',#2475,#2476);
#2475 = CARTESIAN_POINT('',(17.744390600334,-5.667300482332,14.25));
#2476 = VECTOR('',#2477,1.);
#2477 = DIRECTION('',(-1.,-1.224646799147E-16,0.));
#2478 = ORIENTED_EDGE('',*,*,#2479,.T.);
#2479 = EDGE_CURVE('',#2470,#2480,#2482,.T.);
#2480 = VERTEX_POINT('',#2481);
#2481 = CARTESIAN_POINT('',(17.744390600334,-8.787300482332,14.25));
#2482 = LINE('',#2483,#2484);
#2483 = CARTESIAN_POINT('',(17.744390600334,-5.667300482332,14.25));
#2484 = VECTOR('',#2485,1.);
#2485 = DIRECTION('',(1.224646799147E-16,-1.,0.));
#2486 = ORIENTED_EDGE('',*,*,#2487,.T.);
#2487 = EDGE_CURVE('',#2480,#2488,#2490,.T.);
#2488 = VERTEX_POINT('',#2489);
#2489 = CARTESIAN_POINT('',(14.394390600334,-8.787300482332,14.25));
#2490 = LINE('',#2491,#2492);
#2491 = CARTESIAN_POINT('',(17.744390600334,-8.787300482332,14.25));
#2492 = VECTOR('',#2493,1.);
#2493 = DIRECTION('',(-1.,-1.224646799147E-16,0.));
#2494 = ORIENTED_EDGE('',*,*,#2495,.F.);
#2495 = EDGE_CURVE('',#2472,#2488,#2496,.T.);
#2496 = LINE('',#2497,#2498);
#2497 = CARTESIAN_POINT('',(14.394390600334,-5.667300482332,14.25));
#2498 = VECTOR('',#2499,1.);
#2499 = DIRECTION('',(1.224646799147E-16,-1.,0.));
#2500 = FACE_BOUND('',#2501,.F.);
#2501 = EDGE_LOOP('',(#2502,#2512,#2520,#2528));
#2502 = ORIENTED_EDGE('',*,*,#2503,.F.);
#2503 = EDGE_CURVE('',#2504,#2506,#2508,.T.);
#2504 = VERTEX_POINT('',#2505);
#2505 = CARTESIAN_POINT('',(11.330722307827,-1.943269516839,14.25));
#2506 = VERTEX_POINT('',#2507);
#2507 = CARTESIAN_POINT('',(11.330722307827,-4.718269516839,14.25));
#2508 = LINE('',#2509,#2510);
#2509 = CARTESIAN_POINT('',(11.330722307827,-1.943269516839,14.25));
#2510 = VECTOR('',#2511,1.);
#2511 = DIRECTION('',(1.110223024625E-16,-1.,0.));
#2512 = ORIENTED_EDGE('',*,*,#2513,.T.);
#2513 = EDGE_CURVE('',#2504,#2514,#2516,.T.);
#2514 = VERTEX_POINT('',#2515);
#2515 = CARTESIAN_POINT('',(12.330722307827,-1.943269516839,14.25));
#2516 = LINE('',#2517,#2518);
#2517 = CARTESIAN_POINT('',(11.330722307827,-1.943269516839,14.25));
#2518 = VECTOR('',#2519,1.);
#2519 = DIRECTION('',(1.,1.110223024625E-16,0.));
#2520 = ORIENTED_EDGE('',*,*,#2521,.T.);
#2521 = EDGE_CURVE('',#2514,#2522,#2524,.T.);
#2522 = VERTEX_POINT('',#2523);
#2523 = CARTESIAN_POINT('',(12.330722307827,-4.718269516839,14.25));
#2524 = LINE('',#2525,#2526);
#2525 = CARTESIAN_POINT('',(12.330722307827,-1.943269516839,14.25));
#2526 = VECTOR('',#2527,1.);
#2527 = DIRECTION('',(1.110223024625E-16,-1.,0.));
#2528 = ORIENTED_EDGE('',*,*,#2529,.F.);
#2529 = EDGE_CURVE('',#2506,#2522,#2530,.T.);
#2530 = LINE('',#2531,#2532);
#2531 = CARTESIAN_POINT('',(11.330722307827,-4.718269516839,14.25));
#2532 = VECTOR('',#2533,1.);
#2533 = DIRECTION('',(1.,1.110223024625E-16,0.));
#2534 = FACE_BOUND('',#2535,.F.);
#2535 = EDGE_LOOP('',(#2536,#2546,#2554,#2562));
#2536 = ORIENTED_EDGE('',*,*,#2537,.F.);
#2537 = EDGE_CURVE('',#2538,#2540,#2542,.T.);
#2538 = VERTEX_POINT('',#2539);
#2539 = CARTESIAN_POINT('',(9.212126688235,-1.683623888922,14.25));
#2540 = VERTEX_POINT('',#2541);
#2541 = CARTESIAN_POINT('',(10.828126688235,-1.683623888922,14.25));
#2542 = LINE('',#2543,#2544);
#2543 = CARTESIAN_POINT('',(9.212126688235,-1.683623888922,14.25));
#2544 = VECTOR('',#2545,1.);
#2545 = DIRECTION('',(1.,0.,0.));
#2546 = ORIENTED_EDGE('',*,*,#2547,.T.);
#2547 = EDGE_CURVE('',#2538,#2548,#2550,.T.);
#2548 = VERTEX_POINT('',#2549);
#2549 = CARTESIAN_POINT('',(9.212126688235,-1.083623888922,14.25));
#2550 = LINE('',#2551,#2552);
#2551 = CARTESIAN_POINT('',(9.212126688235,-1.683623888922,14.25));
#2552 = VECTOR('',#2553,1.);
#2553 = DIRECTION('',(0.,1.,0.));
#2554 = ORIENTED_EDGE('',*,*,#2555,.T.);
#2555 = EDGE_CURVE('',#2548,#2556,#2558,.T.);
#2556 = VERTEX_POINT('',#2557);
#2557 = CARTESIAN_POINT('',(10.828126688235,-1.083623888922,14.25));
#2558 = LINE('',#2559,#2560);
#2559 = CARTESIAN_POINT('',(9.212126688235,-1.083623888922,14.25));
#2560 = VECTOR('',#2561,1.);
#2561 = DIRECTION('',(1.,0.,0.));
#2562 = ORIENTED_EDGE('',*,*,#2563,.F.);
#2563 = EDGE_CURVE('',#2540,#2556,#2564,.T.);
#2564 = LINE('',#2565,#2566);
#2565 = CARTESIAN_POINT('',(10.828126688235,-1.683623888922,14.25));
#2566 = VECTOR('',#2567,1.);
#2567 = DIRECTION('',(0.,1.,0.));
#2568 = FACE_BOUND('',#2569,.F.);
#2569 = EDGE_LOOP('',(#2570,#2580,#2588,#2596));
#2570 = ORIENTED_EDGE('',*,*,#2571,.F.);
#2571 = EDGE_CURVE('',#2572,#2574,#2576,.T.);
#2572 = VERTEX_POINT('',#2573);
#2573 = CARTESIAN_POINT('',(13.092206440174,3.237358337562,14.25));
#2574 = VERTEX_POINT('',#2575);
#2575 = CARTESIAN_POINT('',(13.092206440174,-4.722641662438,14.25));
#2576 = LINE('',#2577,#2578);
#2577 = CARTESIAN_POINT('',(13.092206440174,3.237358337562,14.25));
#2578 = VECTOR('',#2579,1.);
#2579 = DIRECTION('',(1.110223024625E-16,-1.,0.));
#2580 = ORIENTED_EDGE('',*,*,#2581,.T.);
#2581 = EDGE_CURVE('',#2572,#2582,#2584,.T.);
#2582 = VERTEX_POINT('',#2583);
#2583 = CARTESIAN_POINT('',(19.812206440174,3.237358337562,14.25));
#2584 = LINE('',#2585,#2586);
#2585 = CARTESIAN_POINT('',(13.092206440174,3.237358337562,14.25));
#2586 = VECTOR('',#2587,1.);
#2587 = DIRECTION('',(1.,1.110223024625E-16,0.));
#2588 = ORIENTED_EDGE('',*,*,#2589,.T.);
#2589 = EDGE_CURVE('',#2582,#2590,#2592,.T.);
#2590 = VERTEX_POINT('',#2591);
#2591 = CARTESIAN_POINT('',(19.812206440174,-4.722641662438,14.25));
#2592 = LINE('',#2593,#2594);
#2593 = CARTESIAN_POINT('',(19.812206440174,3.237358337562,14.25));
#2594 = VECTOR('',#2595,1.);
#2595 = DIRECTION('',(1.110223024625E-16,-1.,0.));
#2596 = ORIENTED_EDGE('',*,*,#2597,.F.);
#2597 = EDGE_CURVE('',#2574,#2590,#2598,.T.);
#2598 = LINE('',#2599,#2600);
#2599 = CARTESIAN_POINT('',(13.092206440174,-4.722641662438,14.25));
#2600 = VECTOR('',#2601,1.);
#2601 = DIRECTION('',(1.,1.110223024625E-16,0.));
#2602 = FACE_BOUND('',#2603,.F.);
#2603 = EDGE_LOOP('',(#2604,#2614,#2622,#2630));
#2604 = ORIENTED_EDGE('',*,*,#2605,.F.);
#2605 = EDGE_CURVE('',#2606,#2608,#2610,.T.);
#2606 = VERTEX_POINT('',#2607);
#2607 = CARTESIAN_POINT('',(-20.26687684725,0.505191111917,14.25));
#2608 = VERTEX_POINT('',#2609);
#2609 = CARTESIAN_POINT('',(-16.92207684725,0.505191111917,14.25));
#2610 = LINE('',#2611,#2612);
#2611 = CARTESIAN_POINT('',(-20.26687684725,0.505191111917,14.25));
#2612 = VECTOR('',#2613,1.);
#2613 = DIRECTION('',(1.,0.,0.));
#2614 = ORIENTED_EDGE('',*,*,#2615,.T.);
#2615 = EDGE_CURVE('',#2606,#2616,#2618,.T.);
#2616 = VERTEX_POINT('',#2617);
#2617 = CARTESIAN_POINT('',(-20.26687684725,3.705191111917,14.25));
#2618 = LINE('',#2619,#2620);
#2619 = CARTESIAN_POINT('',(-20.26687684725,0.505191111917,14.25));
#2620 = VECTOR('',#2621,1.);
#2621 = DIRECTION('',(0.,1.,0.));
#2622 = ORIENTED_EDGE('',*,*,#2623,.T.);
#2623 = EDGE_CURVE('',#2616,#2624,#2626,.T.);
#2624 = VERTEX_POINT('',#2625);
#2625 = CARTESIAN_POINT('',(-16.92207684725,3.705191111917,14.25));
#2626 = LINE('',#2627,#2628);
#2627 = CARTESIAN_POINT('',(-20.26687684725,3.705191111917,14.25));
#2628 = VECTOR('',#2629,1.);
#2629 = DIRECTION('',(1.,0.,0.));
#2630 = ORIENTED_EDGE('',*,*,#2631,.F.);
#2631 = EDGE_CURVE('',#2608,#2624,#2632,.T.);
#2632 = LINE('',#2633,#2634);
#2633 = CARTESIAN_POINT('',(-16.92207684725,0.505191111917,14.25));
#2634 = VECTOR('',#2635,1.);
#2635 = DIRECTION('',(0.,1.,0.));
#2636 = FACE_BOUND('',#2637,.F.);
#2637 = EDGE_LOOP('',(#2638,#2648,#2656,#2664));
#2638 = ORIENTED_EDGE('',*,*,#2639,.F.);
#2639 = EDGE_CURVE('',#2640,#2642,#2644,.T.);
#2640 = VERTEX_POINT('',#2641);
#2641 = CARTESIAN_POINT('',(-15.13164812158,-0.470128048186,14.25));
#2642 = VERTEX_POINT('',#2643);
#2643 = CARTESIAN_POINT('',(-11.78684812158,-0.470128048186,14.25));
#2644 = LINE('',#2645,#2646);
#2645 = CARTESIAN_POINT('',(-15.13164812158,-0.470128048186,14.25));
#2646 = VECTOR('',#2647,1.);
#2647 = DIRECTION('',(1.,0.,0.));
#2648 = ORIENTED_EDGE('',*,*,#2649,.T.);
#2649 = EDGE_CURVE('',#2640,#2650,#2652,.T.);
#2650 = VERTEX_POINT('',#2651);
#2651 = CARTESIAN_POINT('',(-15.13164812158,2.729871951814,14.25));
#2652 = LINE('',#2653,#2654);
#2653 = CARTESIAN_POINT('',(-15.13164812158,-0.470128048186,14.25));
#2654 = VECTOR('',#2655,1.);
#2655 = DIRECTION('',(0.,1.,0.));
#2656 = ORIENTED_EDGE('',*,*,#2657,.T.);
#2657 = EDGE_CURVE('',#2650,#2658,#2660,.T.);
#2658 = VERTEX_POINT('',#2659);
#2659 = CARTESIAN_POINT('',(-11.78684812158,2.729871951814,14.25));
#2660 = LINE('',#2661,#2662);
#2661 = CARTESIAN_POINT('',(-15.13164812158,2.729871951814,14.25));
#2662 = VECTOR('',#2663,1.);
#2663 = DIRECTION('',(1.,0.,0.));
#2664 = ORIENTED_EDGE('',*,*,#2665,.F.);
#2665 = EDGE_CURVE('',#2642,#2658,#2666,.T.);
#2666 = LINE('',#2667,#2668);
#2667 = CARTESIAN_POINT('',(-11.78684812158,-0.470128048186,14.25));
#2668 = VECTOR('',#2669,1.);
#2669 = DIRECTION('',(0.,1.,0.));
#2670 = FACE_BOUND('',#2671,.F.);
#2671 = EDGE_LOOP('',(#2672,#2682,#2690,#2698));
#2672 = ORIENTED_EDGE('',*,*,#2673,.F.);
#2673 = EDGE_CURVE('',#2674,#2676,#2678,.T.);
#2674 = VERTEX_POINT('',#2675);
#2675 = CARTESIAN_POINT('',(-10.95458657166,1.503573922225,14.25));
#2676 = VERTEX_POINT('',#2677);
#2677 = CARTESIAN_POINT('',(-10.95458657166,-0.112426077775,14.25));
#2678 = LINE('',#2679,#2680);
#2679 = CARTESIAN_POINT('',(-10.95458657166,1.503573922225,14.25));
#2680 = VECTOR('',#2681,1.);
#2681 = DIRECTION('',(1.110223024625E-16,-1.,0.));
#2682 = ORIENTED_EDGE('',*,*,#2683,.T.);
#2683 = EDGE_CURVE('',#2674,#2684,#2686,.T.);
#2684 = VERTEX_POINT('',#2685);
#2685 = CARTESIAN_POINT('',(-10.35458657166,1.503573922225,14.25));
#2686 = LINE('',#2687,#2688);
#2687 = CARTESIAN_POINT('',(-10.95458657166,1.503573922225,14.25));
#2688 = VECTOR('',#2689,1.);
#2689 = DIRECTION('',(1.,1.110223024625E-16,0.));
#2690 = ORIENTED_EDGE('',*,*,#2691,.T.);
#2691 = EDGE_CURVE('',#2684,#2692,#2694,.T.);
#2692 = VERTEX_POINT('',#2693);
#2693 = CARTESIAN_POINT('',(-10.35458657166,-0.112426077775,14.25));
#2694 = LINE('',#2695,#2696);
#2695 = CARTESIAN_POINT('',(-10.35458657166,1.503573922225,14.25));
#2696 = VECTOR('',#2697,1.);
#2697 = DIRECTION('',(1.110223024625E-16,-1.,0.));
#2698 = ORIENTED_EDGE('',*,*,#2699,.F.);
#2699 = EDGE_CURVE('',#2676,#2692,#2700,.T.);
#2700 = LINE('',#2701,#2702);
#2701 = CARTESIAN_POINT('',(-10.95458657166,-0.112426077775,14.25));
#2702 = VECTOR('',#2703,1.);
#2703 = DIRECTION('',(1.,1.110223024625E-16,0.));
#2704 = FACE_BOUND('',#2705,.F.);
#2705 = EDGE_LOOP('',(#2706,#2716,#2724,#2732));
#2706 = ORIENTED_EDGE('',*,*,#2707,.F.);
#2707 = EDGE_CURVE('',#2708,#2710,#2712,.T.);
#2708 = VERTEX_POINT('',#2709);
#2709 = CARTESIAN_POINT('',(-17.5383871881,4.792165706555,14.25));
#2710 = VERTEX_POINT('',#2711);
#2711 = CARTESIAN_POINT('',(-15.9223871881,4.792165706555,14.25));
#2712 = LINE('',#2713,#2714);
#2713 = CARTESIAN_POINT('',(-17.5383871881,4.792165706555,14.25));
#2714 = VECTOR('',#2715,1.);
#2715 = DIRECTION('',(1.,0.,0.));
#2716 = ORIENTED_EDGE('',*,*,#2717,.T.);
#2717 = EDGE_CURVE('',#2708,#2718,#2720,.T.);
#2718 = VERTEX_POINT('',#2719);
#2719 = CARTESIAN_POINT('',(-17.5383871881,5.392165706555,14.25));
#2720 = LINE('',#2721,#2722);
#2721 = CARTESIAN_POINT('',(-17.5383871881,4.792165706555,14.25));
#2722 = VECTOR('',#2723,1.);
#2723 = DIRECTION('',(0.,1.,0.));
#2724 = ORIENTED_EDGE('',*,*,#2725,.T.);
#2725 = EDGE_CURVE('',#2718,#2726,#2728,.T.);
#2726 = VERTEX_POINT('',#2727);
#2727 = CARTESIAN_POINT('',(-15.9223871881,5.392165706555,14.25));
#2728 = LINE('',#2729,#2730);
#2729 = CARTESIAN_POINT('',(-17.5383871881,5.392165706555,14.25));
#2730 = VECTOR('',#2731,1.);
#2731 = DIRECTION('',(1.,0.,0.));
#2732 = ORIENTED_EDGE('',*,*,#2733,.F.);
#2733 = EDGE_CURVE('',#2710,#2726,#2734,.T.);
#2734 = LINE('',#2735,#2736);
#2735 = CARTESIAN_POINT('',(-15.9223871881,4.792165706555,14.25));
#2736 = VECTOR('',#2737,1.);
#2737 = DIRECTION('',(0.,1.,0.));
#2738 = FACE_BOUND('',#2739,.F.);
#2739 = EDGE_LOOP('',(#2740,#2750,#2758,#2766));
#2740 = ORIENTED_EDGE('',*,*,#2741,.F.);
#2741 = EDGE_CURVE('',#2742,#2744,#2746,.T.);
#2742 = VERTEX_POINT('',#2743);
#2743 = CARTESIAN_POINT('',(-17.49646645652,7.558217008345,14.25));
#2744 = VERTEX_POINT('',#2745);
#2745 = CARTESIAN_POINT('',(-17.49646645652,5.942217008345,14.25));
#2746 = LINE('',#2747,#2748);
#2747 = CARTESIAN_POINT('',(-17.49646645652,7.558217008345,14.25));
#2748 = VECTOR('',#2749,1.);
#2749 = DIRECTION('',(1.110223024625E-16,-1.,0.));
#2750 = ORIENTED_EDGE('',*,*,#2751,.T.);
#2751 = EDGE_CURVE('',#2742,#2752,#2754,.T.);
#2752 = VERTEX_POINT('',#2753);
#2753 = CARTESIAN_POINT('',(-16.89646645652,7.558217008345,14.25));
#2754 = LINE('',#2755,#2756);
#2755 = CARTESIAN_POINT('',(-17.49646645652,7.558217008345,14.25));
#2756 = VECTOR('',#2757,1.);
#2757 = DIRECTION('',(1.,1.110223024625E-16,0.));
#2758 = ORIENTED_EDGE('',*,*,#2759,.T.);
#2759 = EDGE_CURVE('',#2752,#2760,#2762,.T.);
#2760 = VERTEX_POINT('',#2761);
#2761 = CARTESIAN_POINT('',(-16.89646645652,5.942217008345,14.25));
#2762 = LINE('',#2763,#2764);
#2763 = CARTESIAN_POINT('',(-16.89646645652,7.558217008345,14.25));
#2764 = VECTOR('',#2765,1.);
#2765 = DIRECTION('',(1.110223024625E-16,-1.,0.));
#2766 = ORIENTED_EDGE('',*,*,#2767,.F.);
#2767 = EDGE_CURVE('',#2744,#2760,#2768,.T.);
#2768 = LINE('',#2769,#2770);
#2769 = CARTESIAN_POINT('',(-17.49646645652,5.942217008345,14.25));
#2770 = VECTOR('',#2771,1.);
#2771 = DIRECTION('',(1.,1.110223024625E-16,0.));
#2772 = FACE_BOUND('',#2773,.F.);
#2773 = EDGE_LOOP('',(#2774,#2784,#2792,#2800));
#2774 = ORIENTED_EDGE('',*,*,#2775,.F.);
#2775 = EDGE_CURVE('',#2776,#2778,#2780,.T.);
#2776 = VERTEX_POINT('',#2777);
#2777 = CARTESIAN_POINT('',(-15.40446645652,5.250217008345,14.25));
#2778 = VERTEX_POINT('',#2779);
#2779 = CARTESIAN_POINT('',(-13.78846645652,5.250217008345,14.25));
#2780 = LINE('',#2781,#2782);
#2781 = CARTESIAN_POINT('',(-15.40446645652,5.250217008345,14.25));
#2782 = VECTOR('',#2783,1.);
#2783 = DIRECTION('',(1.,0.,0.));
#2784 = ORIENTED_EDGE('',*,*,#2785,.T.);
#2785 = EDGE_CURVE('',#2776,#2786,#2788,.T.);
#2786 = VERTEX_POINT('',#2787);
#2787 = CARTESIAN_POINT('',(-15.40446645652,5.850217008345,14.25));
#2788 = LINE('',#2789,#2790);
#2789 = CARTESIAN_POINT('',(-15.40446645652,5.250217008345,14.25));
#2790 = VECTOR('',#2791,1.);
#2791 = DIRECTION('',(0.,1.,0.));
#2792 = ORIENTED_EDGE('',*,*,#2793,.T.);
#2793 = EDGE_CURVE('',#2786,#2794,#2796,.T.);
#2794 = VERTEX_POINT('',#2795);
#2795 = CARTESIAN_POINT('',(-13.78846645652,5.850217008345,14.25));
#2796 = LINE('',#2797,#2798);
#2797 = CARTESIAN_POINT('',(-15.40446645652,5.850217008345,14.25));
#2798 = VECTOR('',#2799,1.);
#2799 = DIRECTION('',(1.,0.,0.));
#2800 = ORIENTED_EDGE('',*,*,#2801,.F.);
#2801 = EDGE_CURVE('',#2778,#2794,#2802,.T.);
#2802 = LINE('',#2803,#2804);
#2803 = CARTESIAN_POINT('',(-13.78846645652,5.250217008345,14.25));
#2804 = VECTOR('',#2805,1.);
#2805 = DIRECTION('',(0.,1.,0.));
#2806 = FACE_BOUND('',#2807,.F.);
#2807 = EDGE_LOOP('',(#2808,#2818,#2826,#2834));
#2808 = ORIENTED_EDGE('',*,*,#2809,.F.);
#2809 = EDGE_CURVE('',#2810,#2812,#2814,.T.);
#2810 = VERTEX_POINT('',#2811);
#2811 = CARTESIAN_POINT('',(-12.40446645652,5.250217008345,14.25));
#2812 = VERTEX_POINT('',#2813);
#2813 = CARTESIAN_POINT('',(-10.78846645652,5.250217008345,14.25));
#2814 = LINE('',#2815,#2816);
#2815 = CARTESIAN_POINT('',(-12.40446645652,5.250217008345,14.25));
#2816 = VECTOR('',#2817,1.);
#2817 = DIRECTION('',(1.,0.,0.));
#2818 = ORIENTED_EDGE('',*,*,#2819,.T.);
#2819 = EDGE_CURVE('',#2810,#2820,#2822,.T.);
#2820 = VERTEX_POINT('',#2821);
#2821 = CARTESIAN_POINT('',(-12.40446645652,5.850217008345,14.25));
#2822 = LINE('',#2823,#2824);
#2823 = CARTESIAN_POINT('',(-12.40446645652,5.250217008345,14.25));
#2824 = VECTOR('',#2825,1.);
#2825 = DIRECTION('',(0.,1.,0.));
#2826 = ORIENTED_EDGE('',*,*,#2827,.T.);
#2827 = EDGE_CURVE('',#2820,#2828,#2830,.T.);
#2828 = VERTEX_POINT('',#2829);
#2829 = CARTESIAN_POINT('',(-10.78846645652,5.850217008345,14.25));
#2830 = LINE('',#2831,#2832);
#2831 = CARTESIAN_POINT('',(-12.40446645652,5.850217008345,14.25));
#2832 = VECTOR('',#2833,1.);
#2833 = DIRECTION('',(1.,0.,0.));
#2834 = ORIENTED_EDGE('',*,*,#2835,.F.);
#2835 = EDGE_CURVE('',#2812,#2828,#2836,.T.);
#2836 = LINE('',#2837,#2838);
#2837 = CARTESIAN_POINT('',(-10.78846645652,5.250217008345,14.25));
#2838 = VECTOR('',#2839,1.);
#2839 = DIRECTION('',(0.,1.,0.));
#2840 = FACE_BOUND('',#2841,.F.);
#2841 = EDGE_LOOP('',(#2842,#2852,#2860,#2868));
#2842 = ORIENTED_EDGE('',*,*,#2843,.F.);
#2843 = EDGE_CURVE('',#2844,#2846,#2848,.T.);
#2844 = VERTEX_POINT('',#2845);
#2845 = CARTESIAN_POINT('',(-15.49646645652,7.925217008345,14.25));
#2846 = VERTEX_POINT('',#2847);
#2847 = CARTESIAN_POINT('',(-15.49646645652,6.775217008345,14.25));
#2848 = LINE('',#2849,#2850);
#2849 = CARTESIAN_POINT('',(-15.49646645652,7.925217008345,14.25));
#2850 = VECTOR('',#2851,1.);
#2851 = DIRECTION('',(1.110223024625E-16,-1.,0.));
#2852 = ORIENTED_EDGE('',*,*,#2853,.T.);
#2853 = EDGE_CURVE('',#2844,#2854,#2856,.T.);
#2854 = VERTEX_POINT('',#2855);
#2855 = CARTESIAN_POINT('',(-13.29646645652,7.925217008345,14.25));
#2856 = LINE('',#2857,#2858);
#2857 = CARTESIAN_POINT('',(-15.49646645652,7.925217008345,14.25));
#2858 = VECTOR('',#2859,1.);
#2859 = DIRECTION('',(1.,1.110223024625E-16,0.));
#2860 = ORIENTED_EDGE('',*,*,#2861,.T.);
#2861 = EDGE_CURVE('',#2854,#2862,#2864,.T.);
#2862 = VERTEX_POINT('',#2863);
#2863 = CARTESIAN_POINT('',(-13.29646645652,6.775217008345,14.25));
#2864 = LINE('',#2865,#2866);
#2865 = CARTESIAN_POINT('',(-13.29646645652,7.925217008345,14.25));
#2866 = VECTOR('',#2867,1.);
#2867 = DIRECTION('',(1.110223024625E-16,-1.,0.));
#2868 = ORIENTED_EDGE('',*,*,#2869,.F.);
#2869 = EDGE_CURVE('',#2846,#2862,#2870,.T.);
#2870 = LINE('',#2871,#2872);
#2871 = CARTESIAN_POINT('',(-15.49646645652,6.775217008345,14.25));
#2872 = VECTOR('',#2873,1.);
#2873 = DIRECTION('',(1.,1.110223024625E-16,0.));
#2874 = FACE_BOUND('',#2875,.F.);
#2875 = EDGE_LOOP('',(#2876,#2886,#2894,#2902));
#2876 = ORIENTED_EDGE('',*,*,#2877,.F.);
#2877 = EDGE_CURVE('',#2878,#2880,#2882,.T.);
#2878 = VERTEX_POINT('',#2879);
#2879 = CARTESIAN_POINT('',(-12.44646645652,6.600217008345,14.25));
#2880 = VERTEX_POINT('',#2881);
#2881 = CARTESIAN_POINT('',(-10.54646645652,6.600217008345,14.25));
#2882 = LINE('',#2883,#2884);
#2883 = CARTESIAN_POINT('',(-12.44646645652,6.600217008345,14.25));
#2884 = VECTOR('',#2885,1.);
#2885 = DIRECTION('',(1.,0.,0.));
#2886 = ORIENTED_EDGE('',*,*,#2887,.T.);
#2887 = EDGE_CURVE('',#2878,#2888,#2890,.T.);
#2888 = VERTEX_POINT('',#2889);
#2889 = CARTESIAN_POINT('',(-12.44646645652,8.100217008345,14.25));
#2890 = LINE('',#2891,#2892);
#2891 = CARTESIAN_POINT('',(-12.44646645652,6.600217008345,14.25));
#2892 = VECTOR('',#2893,1.);
#2893 = DIRECTION('',(0.,1.,0.));
#2894 = ORIENTED_EDGE('',*,*,#2895,.T.);
#2895 = EDGE_CURVE('',#2888,#2896,#2898,.T.);
#2896 = VERTEX_POINT('',#2897);
#2897 = CARTESIAN_POINT('',(-10.54646645652,8.100217008345,14.25));
#2898 = LINE('',#2899,#2900);
#2899 = CARTESIAN_POINT('',(-12.44646645652,8.100217008345,14.25));
#2900 = VECTOR('',#2901,1.);
#2901 = DIRECTION('',(1.,0.,0.));
#2902 = ORIENTED_EDGE('',*,*,#2903,.F.);
#2903 = EDGE_CURVE('',#2880,#2896,#2904,.T.);
#2904 = LINE('',#2905,#2906);
#2905 = CARTESIAN_POINT('',(-10.54646645652,6.600217008345,14.25));
#2906 = VECTOR('',#2907,1.);
#2907 = DIRECTION('',(0.,1.,0.));
#2908 = FACE_BOUND('',#2909,.F.);
#2909 = EDGE_LOOP('',(#2910,#2920,#2928,#2936));
#2910 = ORIENTED_EDGE('',*,*,#2911,.F.);
#2911 = EDGE_CURVE('',#2912,#2914,#2916,.T.);
#2912 = VERTEX_POINT('',#2913);
#2913 = CARTESIAN_POINT('',(-6.641297624504,2.185930063812,14.25));
#2914 = VERTEX_POINT('',#2915);
#2915 = CARTESIAN_POINT('',(-6.641297624504,-0.814069936188,14.25));
#2916 = LINE('',#2917,#2918);
#2917 = CARTESIAN_POINT('',(-6.641297624504,2.185930063812,14.25));
#2918 = VECTOR('',#2919,1.);
#2919 = DIRECTION('',(1.110223024625E-16,-1.,0.));
#2920 = ORIENTED_EDGE('',*,*,#2921,.T.);
#2921 = EDGE_CURVE('',#2912,#2922,#2924,.T.);
#2922 = VERTEX_POINT('',#2923);
#2923 = CARTESIAN_POINT('',(-4.141297624504,2.185930063812,14.25));
#2924 = LINE('',#2925,#2926);
#2925 = CARTESIAN_POINT('',(-6.641297624504,2.185930063812,14.25));
#2926 = VECTOR('',#2927,1.);
#2927 = DIRECTION('',(1.,1.110223024625E-16,0.));
#2928 = ORIENTED_EDGE('',*,*,#2929,.T.);
#2929 = EDGE_CURVE('',#2922,#2930,#2932,.T.);
#2930 = VERTEX_POINT('',#2931);
#2931 = CARTESIAN_POINT('',(-4.141297624504,-0.814069936188,14.25));
#2932 = LINE('',#2933,#2934);
#2933 = CARTESIAN_POINT('',(-4.141297624504,2.185930063812,14.25));
#2934 = VECTOR('',#2935,1.);
#2935 = DIRECTION('',(1.110223024625E-16,-1.,0.));
#2936 = ORIENTED_EDGE('',*,*,#2937,.F.);
#2937 = EDGE_CURVE('',#2914,#2930,#2938,.T.);
#2938 = LINE('',#2939,#2940);
#2939 = CARTESIAN_POINT('',(-6.641297624504,-0.814069936188,14.25));
#2940 = VECTOR('',#2941,1.);
#2941 = DIRECTION('',(1.,1.110223024625E-16,0.));
#2942 = FACE_BOUND('',#2943,.F.);
#2943 = EDGE_LOOP('',(#2944,#2954,#2962,#2970));
#2944 = ORIENTED_EDGE('',*,*,#2945,.F.);
#2945 = EDGE_CURVE('',#2946,#2948,#2950,.T.);
#2946 = VERTEX_POINT('',#2947);
#2947 = CARTESIAN_POINT('',(-7.191345760015,1.106026898728,14.25));
#2948 = VERTEX_POINT('',#2949);
#2949 = CARTESIAN_POINT('',(-7.191345760015,2.722026898728,14.25));
#2950 = LINE('',#2951,#2952);
#2951 = CARTESIAN_POINT('',(-7.191345760015,1.106026898728,14.25));
#2952 = VECTOR('',#2953,1.);
#2953 = DIRECTION('',(-2.22044604925E-16,1.,0.));
#2954 = ORIENTED_EDGE('',*,*,#2955,.T.);
#2955 = EDGE_CURVE('',#2946,#2956,#2958,.T.);
#2956 = VERTEX_POINT('',#2957);
#2957 = CARTESIAN_POINT('',(-7.791345760015,1.106026898728,14.25));
#2958 = LINE('',#2959,#2960);
#2959 = CARTESIAN_POINT('',(-7.191345760015,1.106026898728,14.25));
#2960 = VECTOR('',#2961,1.);
#2961 = DIRECTION('',(-1.,-2.22044604925E-16,0.));
#2962 = ORIENTED_EDGE('',*,*,#2963,.T.);
#2963 = EDGE_CURVE('',#2956,#2964,#2966,.T.);
#2964 = VERTEX_POINT('',#2965);
#2965 = CARTESIAN_POINT('',(-7.791345760015,2.722026898728,14.25));
#2966 = LINE('',#2967,#2968);
#2967 = CARTESIAN_POINT('',(-7.791345760015,1.106026898728,14.25));
#2968 = VECTOR('',#2969,1.);
#2969 = DIRECTION('',(-2.22044604925E-16,1.,0.));
#2970 = ORIENTED_EDGE('',*,*,#2971,.F.);
#2971 = EDGE_CURVE('',#2948,#2964,#2972,.T.);
#2972 = LINE('',#2973,#2974);
#2973 = CARTESIAN_POINT('',(-7.191345760015,2.722026898728,14.25));
#2974 = VECTOR('',#2975,1.);
#2975 = DIRECTION('',(-1.,-2.22044604925E-16,0.));
#2976 = FACE_BOUND('',#2977,.F.);
#2977 = EDGE_LOOP('',(#2978,#2988,#2996,#3004));
#2978 = ORIENTED_EDGE('',*,*,#2979,.F.);
#2979 = EDGE_CURVE('',#2980,#2982,#2984,.T.);
#2980 = VERTEX_POINT('',#2981);
#2981 = CARTESIAN_POINT('',(-4.957769016699,3.336206288068,14.25));
#2982 = VERTEX_POINT('',#2983);
#2983 = CARTESIAN_POINT('',(-6.573769016699,3.336206288068,14.25));
#2984 = LINE('',#2985,#2986);
#2985 = CARTESIAN_POINT('',(-4.957769016699,3.336206288068,14.25));
#2986 = VECTOR('',#2987,1.);
#2987 = DIRECTION('',(-1.,-1.224646799147E-16,0.));
#2988 = ORIENTED_EDGE('',*,*,#2989,.T.);
#2989 = EDGE_CURVE('',#2980,#2990,#2992,.T.);
#2990 = VERTEX_POINT('',#2991);
#2991 = CARTESIAN_POINT('',(-4.957769016699,2.736206288068,14.25));
#2992 = LINE('',#2993,#2994);
#2993 = CARTESIAN_POINT('',(-4.957769016699,3.336206288068,14.25));
#2994 = VECTOR('',#2995,1.);
#2995 = DIRECTION('',(1.224646799147E-16,-1.,0.));
#2996 = ORIENTED_EDGE('',*,*,#2997,.T.);
#2997 = EDGE_CURVE('',#2990,#2998,#3000,.T.);
#2998 = VERTEX_POINT('',#2999);
#2999 = CARTESIAN_POINT('',(-6.573769016699,2.736206288068,14.25));
#3000 = LINE('',#3001,#3002);
#3001 = CARTESIAN_POINT('',(-4.957769016699,2.736206288068,14.25));
#3002 = VECTOR('',#3003,1.);
#3003 = DIRECTION('',(-1.,-1.224646799147E-16,0.));
#3004 = ORIENTED_EDGE('',*,*,#3005,.F.);
#3005 = EDGE_CURVE('',#2982,#2998,#3006,.T.);
#3006 = LINE('',#3007,#3008);
#3007 = CARTESIAN_POINT('',(-6.573769016699,3.336206288068,14.25));
#3008 = VECTOR('',#3009,1.);
#3009 = DIRECTION('',(1.224646799147E-16,-1.,0.));
#3010 = FACE_BOUND('',#3011,.F.);
#3011 = EDGE_LOOP('',(#3012,#3022,#3030,#3038));
#3012 = ORIENTED_EDGE('',*,*,#3013,.F.);
#3013 = EDGE_CURVE('',#3014,#3016,#3018,.T.);
#3014 = VERTEX_POINT('',#3015);
#3015 = CARTESIAN_POINT('',(-2.024031902044,1.742343654191,14.25));
#3016 = VERTEX_POINT('',#3017);
#3017 = CARTESIAN_POINT('',(-3.640031902044,1.742343654191,14.25));
#3018 = LINE('',#3019,#3020);
#3019 = CARTESIAN_POINT('',(-2.024031902044,1.742343654191,14.25));
#3020 = VECTOR('',#3021,1.);
#3021 = DIRECTION('',(-1.,-1.224646799147E-16,0.));
#3022 = ORIENTED_EDGE('',*,*,#3023,.T.);
#3023 = EDGE_CURVE('',#3014,#3024,#3026,.T.);
#3024 = VERTEX_POINT('',#3025);
#3025 = CARTESIAN_POINT('',(-2.024031902044,1.142343654191,14.25));
#3026 = LINE('',#3027,#3028);
#3027 = CARTESIAN_POINT('',(-2.024031902044,1.742343654191,14.25));
#3028 = VECTOR('',#3029,1.);
#3029 = DIRECTION('',(1.224646799147E-16,-1.,0.));
#3030 = ORIENTED_EDGE('',*,*,#3031,.T.);
#3031 = EDGE_CURVE('',#3024,#3032,#3034,.T.);
#3032 = VERTEX_POINT('',#3033);
#3033 = CARTESIAN_POINT('',(-3.640031902044,1.142343654191,14.25));
#3034 = LINE('',#3035,#3036);
#3035 = CARTESIAN_POINT('',(-2.024031902044,1.142343654191,14.25));
#3036 = VECTOR('',#3037,1.);
#3037 = DIRECTION('',(-1.,-1.224646799147E-16,0.));
#3038 = ORIENTED_EDGE('',*,*,#3039,.F.);
#3039 = EDGE_CURVE('',#3016,#3032,#3040,.T.);
#3040 = LINE('',#3041,#3042);
#3041 = CARTESIAN_POINT('',(-3.640031902044,1.742343654191,14.25));
#3042 = VECTOR('',#3043,1.);
#3043 = DIRECTION('',(1.224646799147E-16,-1.,0.));
#3044 = FACE_BOUND('',#3045,.F.);
#3045 = EDGE_LOOP('',(#3046,#3056,#3064,#3072));
#3046 = ORIENTED_EDGE('',*,*,#3047,.F.);
#3047 = EDGE_CURVE('',#3048,#3050,#3052,.T.);
#3048 = VERTEX_POINT('',#3049);
#3049 = CARTESIAN_POINT('',(-3.641131007849,2.344313044683,14.25));
#3050 = VERTEX_POINT('',#3051);
#3051 = CARTESIAN_POINT('',(-2.025131007849,2.344313044683,14.25));
#3052 = LINE('',#3053,#3054);
#3053 = CARTESIAN_POINT('',(-3.641131007849,2.344313044683,14.25));
#3054 = VECTOR('',#3055,1.);
#3055 = DIRECTION('',(1.,0.,0.));
#3056 = ORIENTED_EDGE('',*,*,#3057,.T.);
#3057 = EDGE_CURVE('',#3048,#3058,#3060,.T.);
#3058 = VERTEX_POINT('',#3059);
#3059 = CARTESIAN_POINT('',(-3.641131007849,2.944313044683,14.25));
#3060 = LINE('',#3061,#3062);
#3061 = CARTESIAN_POINT('',(-3.641131007849,2.344313044683,14.25));
#3062 = VECTOR('',#3063,1.);
#3063 = DIRECTION('',(0.,1.,0.));
#3064 = ORIENTED_EDGE('',*,*,#3065,.T.);
#3065 = EDGE_CURVE('',#3058,#3066,#3068,.T.);
#3066 = VERTEX_POINT('',#3067);
#3067 = CARTESIAN_POINT('',(-2.025131007849,2.944313044683,14.25));
#3068 = LINE('',#3069,#3070);
#3069 = CARTESIAN_POINT('',(-3.641131007849,2.944313044683,14.25));
#3070 = VECTOR('',#3071,1.);
#3071 = DIRECTION('',(1.,0.,0.));
#3072 = ORIENTED_EDGE('',*,*,#3073,.F.);
#3073 = EDGE_CURVE('',#3050,#3066,#3074,.T.);
#3074 = LINE('',#3075,#3076);
#3075 = CARTESIAN_POINT('',(-2.025131007849,2.344313044683,14.25));
#3076 = VECTOR('',#3077,1.);
#3077 = DIRECTION('',(0.,1.,0.));
#3078 = FACE_BOUND('',#3079,.F.);
#3079 = EDGE_LOOP('',(#3080,#3090,#3098,#3106));
#3080 = ORIENTED_EDGE('',*,*,#3081,.F.);
#3081 = EDGE_CURVE('',#3082,#3084,#3086,.T.);
#3082 = VERTEX_POINT('',#3083);
#3083 = CARTESIAN_POINT('',(-7.469297624504,7.780430063812,14.25));
#3084 = VERTEX_POINT('',#3085);
#3085 = CARTESIAN_POINT('',(-7.469297624504,6.164430063812,14.25));
#3086 = LINE('',#3087,#3088);
#3087 = CARTESIAN_POINT('',(-7.469297624504,7.780430063812,14.25));
#3088 = VECTOR('',#3089,1.);
#3089 = DIRECTION('',(1.110223024625E-16,-1.,0.));
#3090 = ORIENTED_EDGE('',*,*,#3091,.T.);
#3091 = EDGE_CURVE('',#3082,#3092,#3094,.T.);
#3092 = VERTEX_POINT('',#3093);
#3093 = CARTESIAN_POINT('',(-6.869297624504,7.780430063812,14.25));
#3094 = LINE('',#3095,#3096);
#3095 = CARTESIAN_POINT('',(-7.469297624504,7.780430063812,14.25));
#3096 = VECTOR('',#3097,1.);
#3097 = DIRECTION('',(1.,1.110223024625E-16,0.));
#3098 = ORIENTED_EDGE('',*,*,#3099,.T.);
#3099 = EDGE_CURVE('',#3092,#3100,#3102,.T.);
#3100 = VERTEX_POINT('',#3101);
#3101 = CARTESIAN_POINT('',(-6.869297624504,6.164430063812,14.25));
#3102 = LINE('',#3103,#3104);
#3103 = CARTESIAN_POINT('',(-6.869297624504,7.780430063812,14.25));
#3104 = VECTOR('',#3105,1.);
#3105 = DIRECTION('',(1.110223024625E-16,-1.,0.));
#3106 = ORIENTED_EDGE('',*,*,#3107,.F.);
#3107 = EDGE_CURVE('',#3084,#3100,#3108,.T.);
#3108 = LINE('',#3109,#3110);
#3109 = CARTESIAN_POINT('',(-7.469297624504,6.164430063812,14.25));
#3110 = VECTOR('',#3111,1.);
#3111 = DIRECTION('',(1.,1.110223024625E-16,0.));
#3112 = FACE_BOUND('',#3113,.F.);
#3113 = EDGE_LOOP('',(#3114,#3124,#3132,#3140));
#3114 = ORIENTED_EDGE('',*,*,#3115,.F.);
#3115 = EDGE_CURVE('',#3116,#3118,#3120,.T.);
#3116 = VERTEX_POINT('',#3117);
#3117 = CARTESIAN_POINT('',(-2.757531144726,3.889262304417,14.25));
#3118 = VERTEX_POINT('',#3119);
#3119 = CARTESIAN_POINT('',(-2.757531144726,5.505262304417,14.25));
#3120 = LINE('',#3121,#3122);
#3121 = CARTESIAN_POINT('',(-2.757531144726,3.889262304417,14.25));
#3122 = VECTOR('',#3123,1.);
#3123 = DIRECTION('',(-2.22044604925E-16,1.,0.));
#3124 = ORIENTED_EDGE('',*,*,#3125,.T.);
#3125 = EDGE_CURVE('',#3116,#3126,#3128,.T.);
#3126 = VERTEX_POINT('',#3127);
#3127 = CARTESIAN_POINT('',(-3.357531144726,3.889262304417,14.25));
#3128 = LINE('',#3129,#3130);
#3129 = CARTESIAN_POINT('',(-2.757531144726,3.889262304417,14.25));
#3130 = VECTOR('',#3131,1.);
#3131 = DIRECTION('',(-1.,-2.22044604925E-16,0.));
#3132 = ORIENTED_EDGE('',*,*,#3133,.T.);
#3133 = EDGE_CURVE('',#3126,#3134,#3136,.T.);
#3134 = VERTEX_POINT('',#3135);
#3135 = CARTESIAN_POINT('',(-3.357531144726,5.505262304417,14.25));
#3136 = LINE('',#3137,#3138);
#3137 = CARTESIAN_POINT('',(-3.357531144726,3.889262304417,14.25));
#3138 = VECTOR('',#3139,1.);
#3139 = DIRECTION('',(-2.22044604925E-16,1.,0.));
#3140 = ORIENTED_EDGE('',*,*,#3141,.F.);
#3141 = EDGE_CURVE('',#3118,#3134,#3142,.T.);
#3142 = LINE('',#3143,#3144);
#3143 = CARTESIAN_POINT('',(-2.757531144726,5.505262304417,14.25));
#3144 = VECTOR('',#3145,1.);
#3145 = DIRECTION('',(-1.,-2.22044604925E-16,0.));
#3146 = FACE_BOUND('',#3147,.F.);
#3147 = EDGE_LOOP('',(#3148,#3158,#3166,#3174));
#3148 = ORIENTED_EDGE('',*,*,#3149,.F.);
#3149 = EDGE_CURVE('',#3150,#3152,#3154,.T.);
#3150 = VERTEX_POINT('',#3151);
#3151 = CARTESIAN_POINT('',(-2.827208219716,6.332689004761,14.25));
#3152 = VERTEX_POINT('',#3153);
#3153 = CARTESIAN_POINT('',(-2.827208219716,7.948689004761,14.25));
#3154 = LINE('',#3155,#3156);
#3155 = CARTESIAN_POINT('',(-2.827208219716,6.332689004761,14.25));
#3156 = VECTOR('',#3157,1.);
#3157 = DIRECTION('',(-2.22044604925E-16,1.,0.));
#3158 = ORIENTED_EDGE('',*,*,#3159,.T.);
#3159 = EDGE_CURVE('',#3150,#3160,#3162,.T.);
#3160 = VERTEX_POINT('',#3161);
#3161 = CARTESIAN_POINT('',(-3.427208219716,6.332689004761,14.25));
#3162 = LINE('',#3163,#3164);
#3163 = CARTESIAN_POINT('',(-2.827208219716,6.332689004761,14.25));
#3164 = VECTOR('',#3165,1.);
#3165 = DIRECTION('',(-1.,-2.22044604925E-16,0.));
#3166 = ORIENTED_EDGE('',*,*,#3167,.T.);
#3167 = EDGE_CURVE('',#3160,#3168,#3170,.T.);
#3168 = VERTEX_POINT('',#3169);
#3169 = CARTESIAN_POINT('',(-3.427208219716,7.948689004761,14.25));
#3170 = LINE('',#3171,#3172);
#3171 = CARTESIAN_POINT('',(-3.427208219716,6.332689004761,14.25));
#3172 = VECTOR('',#3173,1.);
#3173 = DIRECTION('',(-2.22044604925E-16,1.,0.));
#3174 = ORIENTED_EDGE('',*,*,#3175,.F.);
#3175 = EDGE_CURVE('',#3152,#3168,#3176,.T.);
#3176 = LINE('',#3177,#3178);
#3177 = CARTESIAN_POINT('',(-2.827208219716,7.948689004761,14.25));
#3178 = VECTOR('',#3179,1.);
#3179 = DIRECTION('',(-1.,-2.22044604925E-16,0.));
#3180 = FACE_BOUND('',#3181,.F.);
#3181 = EDGE_LOOP('',(#3182,#3192,#3200,#3208));
#3182 = ORIENTED_EDGE('',*,*,#3183,.F.);
#3183 = EDGE_CURVE('',#3184,#3186,#3188,.T.);
#3184 = VERTEX_POINT('',#3185);
#3185 = CARTESIAN_POINT('',(-3.701898629503,9.098714498238,14.25));
#3186 = VERTEX_POINT('',#3187);
#3187 = CARTESIAN_POINT('',(-5.317898629503,9.098714498238,14.25));
#3188 = LINE('',#3189,#3190);
#3189 = CARTESIAN_POINT('',(-3.701898629503,9.098714498238,14.25));
#3190 = VECTOR('',#3191,1.);
#3191 = DIRECTION('',(-1.,-1.224646799147E-16,0.));
#3192 = ORIENTED_EDGE('',*,*,#3193,.T.);
#3193 = EDGE_CURVE('',#3184,#3194,#3196,.T.);
#3194 = VERTEX_POINT('',#3195);
#3195 = CARTESIAN_POINT('',(-3.701898629503,8.498714498238,14.25));
#3196 = LINE('',#3197,#3198);
#3197 = CARTESIAN_POINT('',(-3.701898629503,9.098714498238,14.25));
#3198 = VECTOR('',#3199,1.);
#3199 = DIRECTION('',(1.224646799147E-16,-1.,0.));
#3200 = ORIENTED_EDGE('',*,*,#3201,.T.);
#3201 = EDGE_CURVE('',#3194,#3202,#3204,.T.);
#3202 = VERTEX_POINT('',#3203);
#3203 = CARTESIAN_POINT('',(-5.317898629503,8.498714498238,14.25));
#3204 = LINE('',#3205,#3206);
#3205 = CARTESIAN_POINT('',(-3.701898629503,8.498714498238,14.25));
#3206 = VECTOR('',#3207,1.);
#3207 = DIRECTION('',(-1.,-1.224646799147E-16,0.));
#3208 = ORIENTED_EDGE('',*,*,#3209,.F.);
#3209 = EDGE_CURVE('',#3186,#3202,#3210,.T.);
#3210 = LINE('',#3211,#3212);
#3211 = CARTESIAN_POINT('',(-5.317898629503,9.098714498238,14.25));
#3212 = VECTOR('',#3213,1.);
#3213 = DIRECTION('',(1.224646799147E-16,-1.,0.));
#3214 = FACE_BOUND('',#3215,.F.);
#3215 = EDGE_LOOP('',(#3216,#3226,#3234,#3242));
#3216 = ORIENTED_EDGE('',*,*,#3217,.F.);
#3217 = EDGE_CURVE('',#3218,#3220,#3222,.T.);
#3218 = VERTEX_POINT('',#3219);
#3219 = CARTESIAN_POINT('',(-17.49646645652,10.158217008345,14.25));
#3220 = VERTEX_POINT('',#3221);
#3221 = CARTESIAN_POINT('',(-17.49646645652,8.542217008345,14.25));
#3222 = LINE('',#3223,#3224);
#3223 = CARTESIAN_POINT('',(-17.49646645652,10.158217008345,14.25));
#3224 = VECTOR('',#3225,1.);
#3225 = DIRECTION('',(1.110223024625E-16,-1.,0.));
#3226 = ORIENTED_EDGE('',*,*,#3227,.T.);
#3227 = EDGE_CURVE('',#3218,#3228,#3230,.T.);
#3228 = VERTEX_POINT('',#3229);
#3229 = CARTESIAN_POINT('',(-16.89646645652,10.158217008345,14.25));
#3230 = LINE('',#3231,#3232);
#3231 = CARTESIAN_POINT('',(-17.49646645652,10.158217008345,14.25));
#3232 = VECTOR('',#3233,1.);
#3233 = DIRECTION('',(1.,1.110223024625E-16,0.));
#3234 = ORIENTED_EDGE('',*,*,#3235,.T.);
#3235 = EDGE_CURVE('',#3228,#3236,#3238,.T.);
#3236 = VERTEX_POINT('',#3237);
#3237 = CARTESIAN_POINT('',(-16.89646645652,8.542217008345,14.25));
#3238 = LINE('',#3239,#3240);
#3239 = CARTESIAN_POINT('',(-16.89646645652,10.158217008345,14.25));
#3240 = VECTOR('',#3241,1.);
#3241 = DIRECTION('',(1.110223024625E-16,-1.,0.));
#3242 = ORIENTED_EDGE('',*,*,#3243,.F.);
#3243 = EDGE_CURVE('',#3220,#3236,#3244,.T.);
#3244 = LINE('',#3245,#3246);
#3245 = CARTESIAN_POINT('',(-17.49646645652,8.542217008345,14.25));
#3246 = VECTOR('',#3247,1.);
#3247 = DIRECTION('',(1.,1.110223024625E-16,0.));
#3248 = FACE_BOUND('',#3249,.F.);
#3249 = EDGE_LOOP('',(#3250,#3260,#3268,#3276));
#3250 = ORIENTED_EDGE('',*,*,#3251,.F.);
#3251 = EDGE_CURVE('',#3252,#3254,#3256,.T.);
#3252 = VERTEX_POINT('',#3253);
#3253 = CARTESIAN_POINT('',(-16.09646645652,8.850217008345,14.25));
#3254 = VERTEX_POINT('',#3255);
#3255 = CARTESIAN_POINT('',(-13.09646645652,8.850217008345,14.25));
#3256 = LINE('',#3257,#3258);
#3257 = CARTESIAN_POINT('',(-16.09646645652,8.850217008345,14.25));
#3258 = VECTOR('',#3259,1.);
#3259 = DIRECTION('',(1.,0.,0.));
#3260 = ORIENTED_EDGE('',*,*,#3261,.T.);
#3261 = EDGE_CURVE('',#3252,#3262,#3264,.T.);
#3262 = VERTEX_POINT('',#3263);
#3263 = CARTESIAN_POINT('',(-16.09646645652,10.250217008345,14.25));
#3264 = LINE('',#3265,#3266);
#3265 = CARTESIAN_POINT('',(-16.09646645652,8.850217008345,14.25));
#3266 = VECTOR('',#3267,1.);
#3267 = DIRECTION('',(0.,1.,0.));
#3268 = ORIENTED_EDGE('',*,*,#3269,.T.);
#3269 = EDGE_CURVE('',#3262,#3270,#3272,.T.);
#3270 = VERTEX_POINT('',#3271);
#3271 = CARTESIAN_POINT('',(-13.09646645652,10.250217008345,14.25));
#3272 = LINE('',#3273,#3274);
#3273 = CARTESIAN_POINT('',(-16.09646645652,10.250217008345,14.25));
#3274 = VECTOR('',#3275,1.);
#3275 = DIRECTION('',(1.,0.,0.));
#3276 = ORIENTED_EDGE('',*,*,#3277,.F.);
#3277 = EDGE_CURVE('',#3254,#3270,#3278,.T.);
#3278 = LINE('',#3279,#3280);
#3279 = CARTESIAN_POINT('',(-13.09646645652,8.850217008345,14.25));
#3280 = VECTOR('',#3281,1.);
#3281 = DIRECTION('',(0.,1.,0.));
#3282 = FACE_BOUND('',#3283,.F.);
#3283 = EDGE_LOOP('',(#3284,#3294,#3302,#3310));
#3284 = ORIENTED_EDGE('',*,*,#3285,.F.);
#3285 = EDGE_CURVE('',#3286,#3288,#3290,.T.);
#3286 = VERTEX_POINT('',#3287);
#3287 = CARTESIAN_POINT('',(-12.40446645652,9.050217008345,14.25));
#3288 = VERTEX_POINT('',#3289);
#3289 = CARTESIAN_POINT('',(-10.78846645652,9.050217008345,14.25));
#3290 = LINE('',#3291,#3292);
#3291 = CARTESIAN_POINT('',(-12.40446645652,9.050217008345,14.25));
#3292 = VECTOR('',#3293,1.);
#3293 = DIRECTION('',(1.,0.,0.));
#3294 = ORIENTED_EDGE('',*,*,#3295,.T.);
#3295 = EDGE_CURVE('',#3286,#3296,#3298,.T.);
#3296 = VERTEX_POINT('',#3297);
#3297 = CARTESIAN_POINT('',(-12.40446645652,9.650217008345,14.25));
#3298 = LINE('',#3299,#3300);
#3299 = CARTESIAN_POINT('',(-12.40446645652,9.050217008345,14.25));
#3300 = VECTOR('',#3301,1.);
#3301 = DIRECTION('',(0.,1.,0.));
#3302 = ORIENTED_EDGE('',*,*,#3303,.T.);
#3303 = EDGE_CURVE('',#3296,#3304,#3306,.T.);
#3304 = VERTEX_POINT('',#3305);
#3305 = CARTESIAN_POINT('',(-10.78846645652,9.650217008345,14.25));
#3306 = LINE('',#3307,#3308);
#3307 = CARTESIAN_POINT('',(-12.40446645652,9.650217008345,14.25));
#3308 = VECTOR('',#3309,1.);
#3309 = DIRECTION('',(1.,0.,0.));
#3310 = ORIENTED_EDGE('',*,*,#3311,.F.);
#3311 = EDGE_CURVE('',#3288,#3304,#3312,.T.);
#3312 = LINE('',#3313,#3314);
#3313 = CARTESIAN_POINT('',(-10.78846645652,9.050217008345,14.25));
#3314 = VECTOR('',#3315,1.);
#3315 = DIRECTION('',(0.,1.,0.));
#3316 = FACE_BOUND('',#3317,.F.);
#3317 = EDGE_LOOP('',(#3318,#3328,#3336,#3344));
#3318 = ORIENTED_EDGE('',*,*,#3319,.F.);
#3319 = EDGE_CURVE('',#3320,#3322,#3324,.T.);
#3320 = VERTEX_POINT('',#3321);
#3321 = CARTESIAN_POINT('',(-12.60417490461,12.124105172301,14.25));
#3322 = VERTEX_POINT('',#3323);
#3323 = CARTESIAN_POINT('',(-12.60417490461,15.164105172301,14.25));
#3324 = LINE('',#3325,#3326);
#3325 = CARTESIAN_POINT('',(-12.60417490461,12.124105172301,14.25));
#3326 = VECTOR('',#3327,1.);
#3327 = DIRECTION('',(-2.22044604925E-16,1.,0.));
#3328 = ORIENTED_EDGE('',*,*,#3329,.T.);
#3329 = EDGE_CURVE('',#3320,#3330,#3332,.T.);
#3330 = VERTEX_POINT('',#3331);
#3331 = CARTESIAN_POINT('',(-14.00417490461,12.124105172301,14.25));
#3332 = LINE('',#3333,#3334);
#3333 = CARTESIAN_POINT('',(-12.60417490461,12.124105172301,14.25));
#3334 = VECTOR('',#3335,1.);
#3335 = DIRECTION('',(-1.,-2.22044604925E-16,0.));
#3336 = ORIENTED_EDGE('',*,*,#3337,.T.);
#3337 = EDGE_CURVE('',#3330,#3338,#3340,.T.);
#3338 = VERTEX_POINT('',#3339);
#3339 = CARTESIAN_POINT('',(-14.00417490461,15.164105172301,14.25));
#3340 = LINE('',#3341,#3342);
#3341 = CARTESIAN_POINT('',(-14.00417490461,12.124105172301,14.25));
#3342 = VECTOR('',#3343,1.);
#3343 = DIRECTION('',(-2.22044604925E-16,1.,0.));
#3344 = ORIENTED_EDGE('',*,*,#3345,.F.);
#3345 = EDGE_CURVE('',#3322,#3338,#3346,.T.);
#3346 = LINE('',#3347,#3348);
#3347 = CARTESIAN_POINT('',(-12.60417490461,15.164105172301,14.25));
#3348 = VECTOR('',#3349,1.);
#3349 = DIRECTION('',(-1.,-2.22044604925E-16,0.));
#3350 = FACE_BOUND('',#3351,.F.);
#3351 = EDGE_LOOP('',(#3352,#3362,#3370,#3378));
#3352 = ORIENTED_EDGE('',*,*,#3353,.F.);
#3353 = EDGE_CURVE('',#3354,#3356,#3358,.T.);
#3354 = VERTEX_POINT('',#3355);
#3355 = CARTESIAN_POINT('',(-1.560305022997,14.425891178279,14.25));
#3356 = VERTEX_POINT('',#3357);
#3357 = CARTESIAN_POINT('',(-1.560305022997,17.565891178279,14.25));
#3358 = LINE('',#3359,#3360);
#3359 = CARTESIAN_POINT('',(-1.560305022997,14.425891178279,14.25));
#3360 = VECTOR('',#3361,1.);
#3361 = DIRECTION('',(-2.22044604925E-16,1.,0.));
#3362 = ORIENTED_EDGE('',*,*,#3363,.T.);
#3363 = EDGE_CURVE('',#3354,#3364,#3366,.T.);
#3364 = VERTEX_POINT('',#3365);
#3365 = CARTESIAN_POINT('',(-3.060305022997,14.425891178279,14.25));
#3366 = LINE('',#3367,#3368);
#3367 = CARTESIAN_POINT('',(-1.560305022997,14.425891178279,14.25));
#3368 = VECTOR('',#3369,1.);
#3369 = DIRECTION('',(-1.,-2.22044604925E-16,0.));
#3370 = ORIENTED_EDGE('',*,*,#3371,.T.);
#3371 = EDGE_CURVE('',#3364,#3372,#3374,.T.);
#3372 = VERTEX_POINT('',#3373);
#3373 = CARTESIAN_POINT('',(-3.060305022997,17.565891178279,14.25));
#3374 = LINE('',#3375,#3376);
#3375 = CARTESIAN_POINT('',(-3.060305022997,14.425891178279,14.25));
#3376 = VECTOR('',#3377,1.);
#3377 = DIRECTION('',(-2.22044604925E-16,1.,0.));
#3378 = ORIENTED_EDGE('',*,*,#3379,.F.);
#3379 = EDGE_CURVE('',#3356,#3372,#3380,.T.);
#3380 = LINE('',#3381,#3382);
#3381 = CARTESIAN_POINT('',(-1.560305022997,17.565891178279,14.25));
#3382 = VECTOR('',#3383,1.);
#3383 = DIRECTION('',(-1.,-2.22044604925E-16,0.));
#3384 = FACE_BOUND('',#3385,.F.);
#3385 = EDGE_LOOP('',(#3386,#3396,#3404,#3412));
#3386 = ORIENTED_EDGE('',*,*,#3387,.F.);
#3387 = EDGE_CURVE('',#3388,#3390,#3392,.T.);
#3388 = VERTEX_POINT('',#3389);
#3389 = CARTESIAN_POINT('',(6.380177375496,-2.703544936188,14.25));
#3390 = VERTEX_POINT('',#3391);
#3391 = CARTESIAN_POINT('',(6.380177375496,5.144930063812,14.25));
#3392 = LINE('',#3393,#3394);
#3393 = CARTESIAN_POINT('',(6.380177375496,-2.703544936188,14.25));
#3394 = VECTOR('',#3395,1.);
#3395 = DIRECTION('',(-2.22044604925E-16,1.,0.));
#3396 = ORIENTED_EDGE('',*,*,#3397,.T.);
#3397 = EDGE_CURVE('',#3388,#3398,#3400,.T.);
#3398 = VERTEX_POINT('',#3399);
#3399 = CARTESIAN_POINT('',(-1.468297624504,-2.703544936188,14.25));
#3400 = LINE('',#3401,#3402);
#3401 = CARTESIAN_POINT('',(6.380177375496,-2.703544936188,14.25));
#3402 = VECTOR('',#3403,1.);
#3403 = DIRECTION('',(-1.,-2.22044604925E-16,0.));
#3404 = ORIENTED_EDGE('',*,*,#3405,.T.);
#3405 = EDGE_CURVE('',#3398,#3406,#3408,.T.);
#3406 = VERTEX_POINT('',#3407);
#3407 = CARTESIAN_POINT('',(-1.468297624504,5.144930063812,14.25));
#3408 = LINE('',#3409,#3410);
#3409 = CARTESIAN_POINT('',(-1.468297624504,-2.703544936188,14.25));
#3410 = VECTOR('',#3411,1.);
#3411 = DIRECTION('',(-2.22044604925E-16,1.,0.));
#3412 = ORIENTED_EDGE('',*,*,#3413,.F.);
#3413 = EDGE_CURVE('',#3390,#3406,#3414,.T.);
#3414 = LINE('',#3415,#3416);
#3415 = CARTESIAN_POINT('',(6.380177375496,5.144930063812,14.25));
#3416 = VECTOR('',#3417,1.);
#3417 = DIRECTION('',(-1.,-2.22044604925E-16,0.));
#3418 = FACE_BOUND('',#3419,.F.);
#3419 = EDGE_LOOP('',(#3420,#3430,#3438,#3446));
#3420 = ORIENTED_EDGE('',*,*,#3421,.F.);
#3421 = EDGE_CURVE('',#3422,#3424,#3426,.T.);
#3422 = VERTEX_POINT('',#3423);
#3423 = CARTESIAN_POINT('',(7.582974331405,0.717593506745,14.25));
#3424 = VERTEX_POINT('',#3425);
#3425 = CARTESIAN_POINT('',(9.198974331405,0.717593506745,14.25));
#3426 = LINE('',#3427,#3428);
#3427 = CARTESIAN_POINT('',(7.582974331405,0.717593506745,14.25));
#3428 = VECTOR('',#3429,1.);
#3429 = DIRECTION('',(1.,0.,0.));
#3430 = ORIENTED_EDGE('',*,*,#3431,.T.);
#3431 = EDGE_CURVE('',#3422,#3432,#3434,.T.);
#3432 = VERTEX_POINT('',#3433);
#3433 = CARTESIAN_POINT('',(7.582974331405,1.317593506745,14.25));
#3434 = LINE('',#3435,#3436);
#3435 = CARTESIAN_POINT('',(7.582974331405,0.717593506745,14.25));
#3436 = VECTOR('',#3437,1.);
#3437 = DIRECTION('',(0.,1.,0.));
#3438 = ORIENTED_EDGE('',*,*,#3439,.T.);
#3439 = EDGE_CURVE('',#3432,#3440,#3442,.T.);
#3440 = VERTEX_POINT('',#3441);
#3441 = CARTESIAN_POINT('',(9.198974331405,1.317593506745,14.25));
#3442 = LINE('',#3443,#3444);
#3443 = CARTESIAN_POINT('',(7.582974331405,1.317593506745,14.25));
#3444 = VECTOR('',#3445,1.);
#3445 = DIRECTION('',(1.,0.,0.));
#3446 = ORIENTED_EDGE('',*,*,#3447,.F.);
#3447 = EDGE_CURVE('',#3424,#3440,#3448,.T.);
#3448 = LINE('',#3449,#3450);
#3449 = CARTESIAN_POINT('',(9.198974331405,0.717593506745,14.25));
#3450 = VECTOR('',#3451,1.);
#3451 = DIRECTION('',(0.,1.,0.));
#3452 = FACE_BOUND('',#3453,.F.);
#3453 = EDGE_LOOP('',(#3454,#3464,#3472,#3480));
#3454 = ORIENTED_EDGE('',*,*,#3455,.F.);
#3455 = EDGE_CURVE('',#3456,#3458,#3460,.T.);
#3456 = VERTEX_POINT('',#3457);
#3457 = CARTESIAN_POINT('',(9.268428674672,2.517699133763,14.25));
#3458 = VERTEX_POINT('',#3459);
#3459 = CARTESIAN_POINT('',(7.652428674672,2.517699133763,14.25));
#3460 = LINE('',#3461,#3462);
#3461 = CARTESIAN_POINT('',(9.268428674672,2.517699133763,14.25));
#3462 = VECTOR('',#3463,1.);
#3463 = DIRECTION('',(-1.,-1.224646799147E-16,0.));
#3464 = ORIENTED_EDGE('',*,*,#3465,.T.);
#3465 = EDGE_CURVE('',#3456,#3466,#3468,.T.);
#3466 = VERTEX_POINT('',#3467);
#3467 = CARTESIAN_POINT('',(9.268428674672,1.917699133763,14.25));
#3468 = LINE('',#3469,#3470);
#3469 = CARTESIAN_POINT('',(9.268428674672,2.517699133763,14.25));
#3470 = VECTOR('',#3471,1.);
#3471 = DIRECTION('',(1.224646799147E-16,-1.,0.));
#3472 = ORIENTED_EDGE('',*,*,#3473,.T.);
#3473 = EDGE_CURVE('',#3466,#3474,#3476,.T.);
#3474 = VERTEX_POINT('',#3475);
#3475 = CARTESIAN_POINT('',(7.652428674672,1.917699133763,14.25));
#3476 = LINE('',#3477,#3478);
#3477 = CARTESIAN_POINT('',(9.268428674672,1.917699133763,14.25));
#3478 = VECTOR('',#3479,1.);
#3479 = DIRECTION('',(-1.,-1.224646799147E-16,0.));
#3480 = ORIENTED_EDGE('',*,*,#3481,.F.);
#3481 = EDGE_CURVE('',#3458,#3474,#3482,.T.);
#3482 = LINE('',#3483,#3484);
#3483 = CARTESIAN_POINT('',(7.652428674672,2.517699133763,14.25));
#3484 = VECTOR('',#3485,1.);
#3485 = DIRECTION('',(1.224646799147E-16,-1.,0.));
#3486 = FACE_BOUND('',#3487,.F.);
#3487 = EDGE_LOOP('',(#3488,#3498,#3506,#3514));
#3488 = ORIENTED_EDGE('',*,*,#3489,.F.);
#3489 = EDGE_CURVE('',#3490,#3492,#3494,.T.);
#3490 = VERTEX_POINT('',#3491);
#3491 = CARTESIAN_POINT('',(7.655328867513,3.11800412493,14.25));
#3492 = VERTEX_POINT('',#3493);
#3493 = CARTESIAN_POINT('',(9.271328867513,3.11800412493,14.25));
#3494 = LINE('',#3495,#3496);
#3495 = CARTESIAN_POINT('',(7.655328867513,3.11800412493,14.25));
#3496 = VECTOR('',#3497,1.);
#3497 = DIRECTION('',(1.,0.,0.));
#3498 = ORIENTED_EDGE('',*,*,#3499,.T.);
#3499 = EDGE_CURVE('',#3490,#3500,#3502,.T.);
#3500 = VERTEX_POINT('',#3501);
#3501 = CARTESIAN_POINT('',(7.655328867513,3.71800412493,14.25));
#3502 = LINE('',#3503,#3504);
#3503 = CARTESIAN_POINT('',(7.655328867513,3.11800412493,14.25));
#3504 = VECTOR('',#3505,1.);
#3505 = DIRECTION('',(0.,1.,0.));
#3506 = ORIENTED_EDGE('',*,*,#3507,.T.);
#3507 = EDGE_CURVE('',#3500,#3508,#3510,.T.);
#3508 = VERTEX_POINT('',#3509);
#3509 = CARTESIAN_POINT('',(9.271328867513,3.71800412493,14.25));
#3510 = LINE('',#3511,#3512);
#3511 = CARTESIAN_POINT('',(7.655328867513,3.71800412493,14.25));
#3512 = VECTOR('',#3513,1.);
#3513 = DIRECTION('',(1.,0.,0.));
#3514 = ORIENTED_EDGE('',*,*,#3515,.F.);
#3515 = EDGE_CURVE('',#3492,#3508,#3516,.T.);
#3516 = LINE('',#3517,#3518);
#3517 = CARTESIAN_POINT('',(9.271328867513,3.11800412493,14.25));
#3518 = VECTOR('',#3519,1.);
#3519 = DIRECTION('',(0.,1.,0.));
#3520 = FACE_BOUND('',#3521,.F.);
#3521 = EDGE_LOOP('',(#3522,#3532,#3540,#3548));
#3522 = ORIENTED_EDGE('',*,*,#3523,.F.);
#3523 = EDGE_CURVE('',#3524,#3526,#3528,.T.);
#3524 = VERTEX_POINT('',#3525);
#3525 = CARTESIAN_POINT('',(6.886268108622,4.31809858999,14.25));
#3526 = VERTEX_POINT('',#3527);
#3527 = CARTESIAN_POINT('',(8.502268108622,4.31809858999,14.25));
#3528 = LINE('',#3529,#3530);
#3529 = CARTESIAN_POINT('',(6.886268108622,4.31809858999,14.25));
#3530 = VECTOR('',#3531,1.);
#3531 = DIRECTION('',(1.,0.,0.));
#3532 = ORIENTED_EDGE('',*,*,#3533,.T.);
#3533 = EDGE_CURVE('',#3524,#3534,#3536,.T.);
#3534 = VERTEX_POINT('',#3535);
#3535 = CARTESIAN_POINT('',(6.886268108622,4.91809858999,14.25));
#3536 = LINE('',#3537,#3538);
#3537 = CARTESIAN_POINT('',(6.886268108622,4.31809858999,14.25));
#3538 = VECTOR('',#3539,1.);
#3539 = DIRECTION('',(0.,1.,0.));
#3540 = ORIENTED_EDGE('',*,*,#3541,.T.);
#3541 = EDGE_CURVE('',#3534,#3542,#3544,.T.);
#3542 = VERTEX_POINT('',#3543);
#3543 = CARTESIAN_POINT('',(8.502268108622,4.91809858999,14.25));
#3544 = LINE('',#3545,#3546);
#3545 = CARTESIAN_POINT('',(6.886268108622,4.91809858999,14.25));
#3546 = VECTOR('',#3547,1.);
#3547 = DIRECTION('',(1.,0.,0.));
#3548 = ORIENTED_EDGE('',*,*,#3549,.F.);
#3549 = EDGE_CURVE('',#3526,#3542,#3550,.T.);
#3550 = LINE('',#3551,#3552);
#3551 = CARTESIAN_POINT('',(8.502268108622,4.31809858999,14.25));
#3552 = VECTOR('',#3553,1.);
#3553 = DIRECTION('',(0.,1.,0.));
#3554 = FACE_BOUND('',#3555,.F.);
#3555 = EDGE_LOOP('',(#3556,#3566,#3574,#3582));
#3556 = ORIENTED_EDGE('',*,*,#3557,.F.);
#3557 = EDGE_CURVE('',#3558,#3560,#3562,.T.);
#3558 = VERTEX_POINT('',#3559);
#3559 = CARTESIAN_POINT('',(2.188414940433,6.652827051597,14.25));
#3560 = VERTEX_POINT('',#3561);
#3561 = CARTESIAN_POINT('',(3.804414940433,6.652827051597,14.25));
#3562 = LINE('',#3563,#3564);
#3563 = CARTESIAN_POINT('',(2.188414940433,6.652827051597,14.25));
#3564 = VECTOR('',#3565,1.);
#3565 = DIRECTION('',(1.,0.,0.));
#3566 = ORIENTED_EDGE('',*,*,#3567,.T.);
#3567 = EDGE_CURVE('',#3558,#3568,#3570,.T.);
#3568 = VERTEX_POINT('',#3569);
#3569 = CARTESIAN_POINT('',(2.188414940433,7.252827051597,14.25));
#3570 = LINE('',#3571,#3572);
#3571 = CARTESIAN_POINT('',(2.188414940433,6.652827051597,14.25));
#3572 = VECTOR('',#3573,1.);
#3573 = DIRECTION('',(0.,1.,0.));
#3574 = ORIENTED_EDGE('',*,*,#3575,.T.);
#3575 = EDGE_CURVE('',#3568,#3576,#3578,.T.);
#3576 = VERTEX_POINT('',#3577);
#3577 = CARTESIAN_POINT('',(3.804414940433,7.252827051597,14.25));
#3578 = LINE('',#3579,#3580);
#3579 = CARTESIAN_POINT('',(2.188414940433,7.252827051597,14.25));
#3580 = VECTOR('',#3581,1.);
#3581 = DIRECTION('',(1.,0.,0.));
#3582 = ORIENTED_EDGE('',*,*,#3583,.F.);
#3583 = EDGE_CURVE('',#3560,#3576,#3584,.T.);
#3584 = LINE('',#3585,#3586);
#3585 = CARTESIAN_POINT('',(3.804414940433,6.652827051597,14.25));
#3586 = VECTOR('',#3587,1.);
#3587 = DIRECTION('',(0.,1.,0.));
#3588 = FACE_BOUND('',#3589,.F.);
#3589 = EDGE_LOOP('',(#3590,#3600,#3608,#3616));
#3590 = ORIENTED_EDGE('',*,*,#3591,.F.);
#3591 = EDGE_CURVE('',#3592,#3594,#3596,.T.);
#3592 = VERTEX_POINT('',#3593);
#3593 = CARTESIAN_POINT('',(11.098886656977,5.035291648879,14.25));
#3594 = VERTEX_POINT('',#3595);
#3595 = CARTESIAN_POINT('',(15.898886656977,5.035291648879,14.25));
#3596 = LINE('',#3597,#3598);
#3597 = CARTESIAN_POINT('',(11.098886656977,5.035291648879,14.25));
#3598 = VECTOR('',#3599,1.);
#3599 = DIRECTION('',(1.,0.,0.));
#3600 = ORIENTED_EDGE('',*,*,#3601,.T.);
#3601 = EDGE_CURVE('',#3592,#3602,#3604,.T.);
#3602 = VERTEX_POINT('',#3603);
#3603 = CARTESIAN_POINT('',(11.098886656977,11.285291648879,14.25));
#3604 = LINE('',#3605,#3606);
#3605 = CARTESIAN_POINT('',(11.098886656977,5.035291648879,14.25));
#3606 = VECTOR('',#3607,1.);
#3607 = DIRECTION('',(0.,1.,0.));
#3608 = ORIENTED_EDGE('',*,*,#3609,.T.);
#3609 = EDGE_CURVE('',#3602,#3610,#3612,.T.);
#3610 = VERTEX_POINT('',#3611);
#3611 = CARTESIAN_POINT('',(15.898886656977,11.285291648879,14.25));
#3612 = LINE('',#3613,#3614);
#3613 = CARTESIAN_POINT('',(11.098886656977,11.285291648879,14.25));
#3614 = VECTOR('',#3615,1.);
#3615 = DIRECTION('',(1.,0.,0.));
#3616 = ORIENTED_EDGE('',*,*,#3617,.F.);
#3617 = EDGE_CURVE('',#3594,#3610,#3618,.T.);
#3618 = LINE('',#3619,#3620);
#3619 = CARTESIAN_POINT('',(15.898886656977,5.035291648879,14.25));
#3620 = VECTOR('',#3621,1.);
#3621 = DIRECTION('',(0.,1.,0.));
#3622 = FACE_BOUND('',#3623,.F.);
#3623 = EDGE_LOOP('',(#3624,#3634,#3642,#3650));
#3624 = ORIENTED_EDGE('',*,*,#3625,.F.);
#3625 = EDGE_CURVE('',#3626,#3628,#3630,.T.);
#3626 = VERTEX_POINT('',#3627);
#3627 = CARTESIAN_POINT('',(6.432694864744,9.774633614044,14.25));
#3628 = VERTEX_POINT('',#3629);
#3629 = CARTESIAN_POINT('',(4.816694864744,9.774633614044,14.25));
#3630 = LINE('',#3631,#3632);
#3631 = CARTESIAN_POINT('',(6.432694864744,9.774633614044,14.25));
#3632 = VECTOR('',#3633,1.);
#3633 = DIRECTION('',(-1.,-1.224646799147E-16,0.));
#3634 = ORIENTED_EDGE('',*,*,#3635,.T.);
#3635 = EDGE_CURVE('',#3626,#3636,#3638,.T.);
#3636 = VERTEX_POINT('',#3637);
#3637 = CARTESIAN_POINT('',(6.432694864744,9.174633614044,14.25));
#3638 = LINE('',#3639,#3640);
#3639 = CARTESIAN_POINT('',(6.432694864744,9.774633614044,14.25));
#3640 = VECTOR('',#3641,1.);
#3641 = DIRECTION('',(1.224646799147E-16,-1.,0.));
#3642 = ORIENTED_EDGE('',*,*,#3643,.T.);
#3643 = EDGE_CURVE('',#3636,#3644,#3646,.T.);
#3644 = VERTEX_POINT('',#3645);
#3645 = CARTESIAN_POINT('',(4.816694864744,9.174633614044,14.25));
#3646 = LINE('',#3647,#3648);
#3647 = CARTESIAN_POINT('',(6.432694864744,9.174633614044,14.25));
#3648 = VECTOR('',#3649,1.);
#3649 = DIRECTION('',(-1.,-1.224646799147E-16,0.));
#3650 = ORIENTED_EDGE('',*,*,#3651,.F.);
#3651 = EDGE_CURVE('',#3628,#3644,#3652,.T.);
#3652 = LINE('',#3653,#3654);
#3653 = CARTESIAN_POINT('',(4.816694864744,9.774633614044,14.25));
#3654 = VECTOR('',#3655,1.);
#3655 = DIRECTION('',(1.224646799147E-16,-1.,0.));
#3656 = FACE_BOUND('',#3657,.F.);
#3657 = EDGE_LOOP('',(#3658,#3668,#3676,#3684));
#3658 = ORIENTED_EDGE('',*,*,#3659,.F.);
#3659 = EDGE_CURVE('',#3660,#3662,#3664,.T.);
#3660 = VERTEX_POINT('',#3661);
#3661 = CARTESIAN_POINT('',(7.897775211905,10.931341402365,14.25));
#3662 = VERTEX_POINT('',#3663);
#3663 = CARTESIAN_POINT('',(7.897775211905,9.315341402365,14.25));
#3664 = LINE('',#3665,#3666);
#3665 = CARTESIAN_POINT('',(7.897775211905,10.931341402365,14.25));
#3666 = VECTOR('',#3667,1.);
#3667 = DIRECTION('',(1.110223024625E-16,-1.,0.));
#3668 = ORIENTED_EDGE('',*,*,#3669,.T.);
#3669 = EDGE_CURVE('',#3660,#3670,#3672,.T.);
#3670 = VERTEX_POINT('',#3671);
#3671 = CARTESIAN_POINT('',(8.497775211905,10.931341402365,14.25));
#3672 = LINE('',#3673,#3674);
#3673 = CARTESIAN_POINT('',(7.897775211905,10.931341402365,14.25));
#3674 = VECTOR('',#3675,1.);
#3675 = DIRECTION('',(1.,1.110223024625E-16,0.));
#3676 = ORIENTED_EDGE('',*,*,#3677,.T.);
#3677 = EDGE_CURVE('',#3670,#3678,#3680,.T.);
#3678 = VERTEX_POINT('',#3679);
#3679 = CARTESIAN_POINT('',(8.497775211905,9.315341402365,14.25));
#3680 = LINE('',#3681,#3682);
#3681 = CARTESIAN_POINT('',(8.497775211905,10.931341402365,14.25));
#3682 = VECTOR('',#3683,1.);
#3683 = DIRECTION('',(1.110223024625E-16,-1.,0.));
#3684 = ORIENTED_EDGE('',*,*,#3685,.F.);
#3685 = EDGE_CURVE('',#3662,#3678,#3686,.T.);
#3686 = LINE('',#3687,#3688);
#3687 = CARTESIAN_POINT('',(7.897775211905,9.315341402365,14.25));
#3688 = VECTOR('',#3689,1.);
#3689 = DIRECTION('',(1.,1.110223024625E-16,0.));
#3690 = FACE_BOUND('',#3691,.F.);
#3691 = EDGE_LOOP('',(#3692,#3702,#3710,#3718));
#3692 = ORIENTED_EDGE('',*,*,#3693,.F.);
#3693 = EDGE_CURVE('',#3694,#3696,#3698,.T.);
#3694 = VERTEX_POINT('',#3695);
#3695 = CARTESIAN_POINT('',(5.047162590549,11.735293496233,14.25));
#3696 = VERTEX_POINT('',#3697);
#3697 = CARTESIAN_POINT('',(5.047162590549,10.835293496233,14.25));
#3698 = LINE('',#3699,#3700);
#3699 = CARTESIAN_POINT('',(5.047162590549,11.735293496233,14.25));
#3700 = VECTOR('',#3701,1.);
#3701 = DIRECTION('',(1.110223024625E-16,-1.,0.));
#3702 = ORIENTED_EDGE('',*,*,#3703,.T.);
#3703 = EDGE_CURVE('',#3694,#3704,#3706,.T.);
#3704 = VERTEX_POINT('',#3705);
#3705 = CARTESIAN_POINT('',(7.347162590549,11.735293496233,14.25));
#3706 = LINE('',#3707,#3708);
#3707 = CARTESIAN_POINT('',(5.047162590549,11.735293496233,14.25));
#3708 = VECTOR('',#3709,1.);
#3709 = DIRECTION('',(1.,1.110223024625E-16,0.));
#3710 = ORIENTED_EDGE('',*,*,#3711,.T.);
#3711 = EDGE_CURVE('',#3704,#3712,#3714,.T.);
#3712 = VERTEX_POINT('',#3713);
#3713 = CARTESIAN_POINT('',(7.347162590549,10.835293496233,14.25));
#3714 = LINE('',#3715,#3716);
#3715 = CARTESIAN_POINT('',(7.347162590549,11.735293496233,14.25));
#3716 = VECTOR('',#3717,1.);
#3717 = DIRECTION('',(1.110223024625E-16,-1.,0.));
#3718 = ORIENTED_EDGE('',*,*,#3719,.F.);
#3719 = EDGE_CURVE('',#3696,#3712,#3720,.T.);
#3720 = LINE('',#3721,#3722);
#3721 = CARTESIAN_POINT('',(5.047162590549,10.835293496233,14.25));
#3722 = VECTOR('',#3723,1.);
#3723 = DIRECTION('',(1.,1.110223024625E-16,0.));
#3724 = FACE_BOUND('',#3725,.F.);
#3725 = EDGE_LOOP('',(#3726,#3736,#3744,#3752));
#3726 = ORIENTED_EDGE('',*,*,#3727,.F.);
#3727 = EDGE_CURVE('',#3728,#3730,#3732,.T.);
#3728 = VERTEX_POINT('',#3729);
#3729 = CARTESIAN_POINT('',(9.362175274752,12.250053060221,14.25));
#3730 = VERTEX_POINT('',#3731);
#3731 = CARTESIAN_POINT('',(9.362175274752,10.634053060221,14.25));
#3732 = LINE('',#3733,#3734);
#3733 = CARTESIAN_POINT('',(9.362175274752,12.250053060221,14.25));
#3734 = VECTOR('',#3735,1.);
#3735 = DIRECTION('',(1.110223024625E-16,-1.,0.));
#3736 = ORIENTED_EDGE('',*,*,#3737,.T.);
#3737 = EDGE_CURVE('',#3728,#3738,#3740,.T.);
#3738 = VERTEX_POINT('',#3739);
#3739 = CARTESIAN_POINT('',(9.962175274752,12.250053060221,14.25));
#3740 = LINE('',#3741,#3742);
#3741 = CARTESIAN_POINT('',(9.362175274752,12.250053060221,14.25));
#3742 = VECTOR('',#3743,1.);
#3743 = DIRECTION('',(1.,1.110223024625E-16,0.));
#3744 = ORIENTED_EDGE('',*,*,#3745,.T.);
#3745 = EDGE_CURVE('',#3738,#3746,#3748,.T.);
#3746 = VERTEX_POINT('',#3747);
#3747 = CARTESIAN_POINT('',(9.962175274752,10.634053060221,14.25));
#3748 = LINE('',#3749,#3750);
#3749 = CARTESIAN_POINT('',(9.962175274752,12.250053060221,14.25));
#3750 = VECTOR('',#3751,1.);
#3751 = DIRECTION('',(1.110223024625E-16,-1.,0.));
#3752 = ORIENTED_EDGE('',*,*,#3753,.F.);
#3753 = EDGE_CURVE('',#3730,#3746,#3754,.T.);
#3754 = LINE('',#3755,#3756);
#3755 = CARTESIAN_POINT('',(9.362175274752,10.634053060221,14.25));
#3756 = VECTOR('',#3757,1.);
#3757 = DIRECTION('',(1.,1.110223024625E-16,0.));
#3758 = FACE_BOUND('',#3759,.F.);
#3759 = EDGE_LOOP('',(#3760,#3770,#3778,#3786));
#3760 = ORIENTED_EDGE('',*,*,#3761,.F.);
#3761 = EDGE_CURVE('',#3762,#3764,#3766,.T.);
#3762 = VERTEX_POINT('',#3763);
#3763 = CARTESIAN_POINT('',(2.748405348451,15.538074095734,14.25));
#3764 = VERTEX_POINT('',#3765);
#3765 = CARTESIAN_POINT('',(2.748405348451,12.238074095734,14.25));
#3766 = LINE('',#3767,#3768);
#3767 = CARTESIAN_POINT('',(2.748405348451,15.538074095734,14.25));
#3768 = VECTOR('',#3769,1.);
#3769 = DIRECTION('',(1.110223024625E-16,-1.,0.));
#3770 = ORIENTED_EDGE('',*,*,#3771,.T.);
#3771 = EDGE_CURVE('',#3762,#3772,#3774,.T.);
#3772 = VERTEX_POINT('',#3773);
#3773 = CARTESIAN_POINT('',(6.548605348451,15.538074095734,14.25));
#3774 = LINE('',#3775,#3776);
#3775 = CARTESIAN_POINT('',(2.748405348451,15.538074095734,14.25));
#3776 = VECTOR('',#3777,1.);
#3777 = DIRECTION('',(1.,1.110223024625E-16,0.));
#3778 = ORIENTED_EDGE('',*,*,#3779,.T.);
#3779 = EDGE_CURVE('',#3772,#3780,#3782,.T.);
#3780 = VERTEX_POINT('',#3781);
#3781 = CARTESIAN_POINT('',(6.548605348451,12.238074095734,14.25));
#3782 = LINE('',#3783,#3784);
#3783 = CARTESIAN_POINT('',(6.548605348451,15.538074095734,14.25));
#3784 = VECTOR('',#3785,1.);
#3785 = DIRECTION('',(1.110223024625E-16,-1.,0.));
#3786 = ORIENTED_EDGE('',*,*,#3787,.F.);
#3787 = EDGE_CURVE('',#3764,#3780,#3788,.T.);
#3788 = LINE('',#3789,#3790);
#3789 = CARTESIAN_POINT('',(2.748405348451,12.238074095734,14.25));
#3790 = VECTOR('',#3791,1.);
#3791 = DIRECTION('',(1.,1.110223024625E-16,0.));
#3792 = FACE_BOUND('',#3793,.F.);
#3793 = EDGE_LOOP('',(#3794));
#3794 = ORIENTED_EDGE('',*,*,#3795,.F.);
#3795 = EDGE_CURVE('',#3796,#3796,#3798,.T.);
#3796 = VERTEX_POINT('',#3797);
#3797 = CARTESIAN_POINT('',(11.1,15.7,14.25));
#3798 = CIRCLE('',#3799,1.1);
#3799 = AXIS2_PLACEMENT_3D('',#3800,#3801,#3802);
#3800 = CARTESIAN_POINT('',(10.,15.7,14.25));
#3801 = DIRECTION('',(0.,0.,1.));
#3802 = DIRECTION('',(1.,0.,-0.));
#3803 = PLANE('',#3804);
#3804 = AXIS2_PLACEMENT_3D('',#3805,#3806,#3807);
#3805 = CARTESIAN_POINT('',(-3.017901341067E-15,-2.344665603048,14.25));
#3806 = DIRECTION('',(0.,0.,1.));
#3807 = DIRECTION('',(1.,0.,-0.));
#3808 = ADVANCED_FACE('',(#3809,#5092,#5103,#5137,#5171,#5205,#5239,
    #5273,#5307,#5341,#5375,#5409,#5443,#5477),#5488,.T.);
#3809 = FACE_BOUND('',#3810,.T.);
#3810 = EDGE_LOOP('',(#3811,#3812,#3813,#3821,#3829,#3837,#3845,#3853,
    #3861,#3869,#3877,#3885,#3893,#3901,#3909,#3917,#3925,#3933,#3941,
    #3949,#3957,#3965,#3973,#3981,#3989,#3997,#4005,#4013,#4021,#4029,
    #4037,#4045,#4053,#4061,#4069,#4077,#4085,#4093,#4101,#4109,#4117,
    #4125,#4133,#4141,#4149,#4157,#4165,#4173,#4181,#4189,#4197,#4205,
    #4213,#4221,#4229,#4237,#4245,#4253,#4261,#4269,#4277,#4285,#4293,
    #4301,#4309,#4317,#4325,#4333,#4341,#4349,#4357,#4365,#4373,#4381,
    #4389,#4397,#4405,#4413,#4421,#4429,#4437,#4445,#4453,#4461,#4469,
    #4477,#4485,#4493,#4501,#4509,#4517,#4525,#4533,#4541,#4549,#4557,
    #4565,#4573,#4581,#4589,#4597,#4605,#4613,#4621,#4629,#4637,#4645,
    #4653,#4661,#4669,#4677,#4685,#4693,#4701,#4709,#4717,#4725,#4733,
    #4741,#4749,#4757,#4765,#4773,#4781,#4789,#4797,#4805,#4813,#4821,
    #4829,#4837,#4845,#4853,#4861,#4869,#4877,#4885,#4893,#4901,#4909,
    #4917,#4925,#4933,#4941,#4949,#4957,#4965,#4973,#4981,#4989,#4997,
    #5005,#5013,#5021,#5029,#5037,#5045,#5053,#5061,#5069,#5077,#5085,
    #5091));
#3811 = ORIENTED_EDGE('',*,*,#31,.T.);
#3812 = ORIENTED_EDGE('',*,*,#93,.T.);
#3813 = ORIENTED_EDGE('',*,*,#3814,.T.);
#3814 = EDGE_CURVE('',#94,#3815,#3817,.T.);
#3815 = VERTEX_POINT('',#3816);
#3816 = CARTESIAN_POINT('',(21.019898809558,4.518169323515,15.85));
#3817 = LINE('',#3818,#3819);
#3818 = CARTESIAN_POINT('',(21.164554158825,3.783073784393,15.85));
#3819 = VECTOR('',#3820,1.);
#3820 = DIRECTION('',(-0.193081473858,0.981182727351,0.));
#3821 = ORIENTED_EDGE('',*,*,#3822,.T.);
#3822 = EDGE_CURVE('',#3815,#3823,#3825,.T.);
#3823 = VERTEX_POINT('',#3824);
#3824 = CARTESIAN_POINT('',(20.849719886313,5.247778640746,15.85));
#3825 = LINE('',#3826,#3827);
#3826 = CARTESIAN_POINT('',(21.019898809558,4.518169323515,15.85));
#3827 = VECTOR('',#3828,1.);
#3828 = DIRECTION('',(-0.227149548814,0.973859888523,0.));
#3829 = ORIENTED_EDGE('',*,*,#3830,.T.);
#3830 = EDGE_CURVE('',#3823,#3831,#3833,.T.);
#3831 = VERTEX_POINT('',#3832);
#3832 = CARTESIAN_POINT('',(20.654224030159,5.971015802357,15.85));
#3833 = LINE('',#3834,#3835);
#3834 = CARTESIAN_POINT('',(20.849719886313,5.247778640746,15.85));
#3835 = VECTOR('',#3836,1.);
#3836 = DIRECTION('',(-0.260941805682,0.965354532826,0.));
#3837 = ORIENTED_EDGE('',*,*,#3838,.T.);
#3838 = EDGE_CURVE('',#3831,#3839,#3841,.T.);
#3839 = VERTEX_POINT('',#3840);
#3840 = CARTESIAN_POINT('',(20.433648623444,6.687002612055,15.85));
#3841 = LINE('',#3842,#3843);
#3842 = CARTESIAN_POINT('',(20.654224030159,5.971015802357,15.85));
#3843 = VECTOR('',#3844,1.);
#3844 = DIRECTION('',(-0.294417211953,0.955676987954,0.));
#3845 = ORIENTED_EDGE('',*,*,#3846,.T.);
#3846 = EDGE_CURVE('',#3839,#3847,#3849,.T.);
#3847 = VERTEX_POINT('',#3848);
#3848 = CARTESIAN_POINT('',(20.188261501554,7.394869677342,15.85));
#3849 = LINE('',#3850,#3851);
#3850 = CARTESIAN_POINT('',(20.433648623444,6.687002612055,15.85));
#3851 = VECTOR('',#3852,1.);
#3852 = DIRECTION('',(-0.327535119858,0.944839004942,0.));
#3853 = ORIENTED_EDGE('',*,*,#3854,.T.);
#3854 = EDGE_CURVE('',#3847,#3855,#3857,.T.);
#3855 = VERTEX_POINT('',#3856);
#3856 = CARTESIAN_POINT('',(19.918360627691,8.093757465185,15.85));
#3857 = LINE('',#3858,#3859);
#3858 = CARTESIAN_POINT('',(20.188261501554,7.394869677342,15.85));
#3859 = VECTOR('',#3860,1.);
#3860 = DIRECTION('',(-0.360255315721,0.932853743893,0.));
#3861 = ORIENTED_EDGE('',*,*,#3862,.T.);
#3862 = EDGE_CURVE('',#3855,#3863,#3865,.T.);
#3863 = VERTEX_POINT('',#3864);
#3864 = CARTESIAN_POINT('',(19.62427373107,8.782817345707,15.85));
#3865 = LINE('',#3866,#3867);
#3866 = CARTESIAN_POINT('',(19.918360627691,8.093757465185,15.85));
#3867 = VECTOR('',#3868,1.);
#3868 = DIRECTION('',(-0.392538068793,0.919735758002,0.));
#3869 = ORIENTED_EDGE('',*,*,#3870,.T.);
#3870 = EDGE_CURVE('',#3863,#3871,#3873,.T.);
#3871 = VERTEX_POINT('',#3872);
#3872 = CARTESIAN_POINT('',(19.306357908969,9.46121262264,15.85));
#3873 = LINE('',#3874,#3875);
#3874 = CARTESIAN_POINT('',(19.62427373107,8.782817345707,15.85));
#3875 = VECTOR('',#3876,1.);
#3876 = DIRECTION('',(-0.424344179493,0.905500975886,0.));
#3877 = ORIENTED_EDGE('',*,*,#3878,.T.);
#3878 = EDGE_CURVE('',#3871,#3879,#3881,.T.);
#3879 = VERTEX_POINT('',#3880);
#3880 = CARTESIAN_POINT('',(18.964999193122,10.128119549298,15.85));
#3881 = LINE('',#3882,#3883);
#3882 = CARTESIAN_POINT('',(19.306357908969,9.46121262264,15.85));
#3883 = VECTOR('',#3884,1.);
#3884 = DIRECTION('',(-0.455635027005,0.890166682238,0.));
#3885 = ORIENTED_EDGE('',*,*,#3886,.T.);
#3886 = EDGE_CURVE('',#3879,#3887,#3889,.T.);
#3887 = VERTEX_POINT('',#3888);
#3888 = CARTESIAN_POINT('',(18.60061208098,10.782728328809,15.85));
#3889 = LINE('',#3890,#3891);
#3890 = CARTESIAN_POINT('',(18.964999193122,10.128119549298,15.85));
#3891 = VECTOR('',#3892,1.);
#3892 = DIRECTION('',(-0.486372616178,0.873751496841,0.));
#3893 = ORIENTED_EDGE('',*,*,#3894,.T.);
#3894 = EDGE_CURVE('',#3887,#3895,#3897,.T.);
#3895 = VERTEX_POINT('',#3896);
#3896 = CARTESIAN_POINT('',(18.213639032398,11.424244097422,15.85));
#3897 = LINE('',#3898,#3899);
#3898 = CARTESIAN_POINT('',(18.60061208098,10.782728328809,15.85));
#3899 = VECTOR('',#3900,1.);
#3900 = DIRECTION('',(-0.516519623657,0.856275351962,0.));
#3901 = ORIENTED_EDGE('',*,*,#3902,.T.);
#3902 = EDGE_CURVE('',#3895,#3903,#3905,.T.);
#3903 = VERTEX_POINT('',#3904);
#3904 = CARTESIAN_POINT('',(17.804549932381,12.051887889677,15.85));
#3905 = LINE('',#3906,#3907);
#3906 = CARTESIAN_POINT('',(18.213639032398,11.424244097422,15.85));
#3907 = VECTOR('',#3908,1.);
#3908 = DIRECTION('',(-0.546039443205,0.837759468144,0.));
#3909 = ORIENTED_EDGE('',*,*,#3910,.T.);
#3910 = EDGE_CURVE('',#3903,#3911,#3913,.T.);
#3911 = VERTEX_POINT('',#3912);
#3912 = CARTESIAN_POINT('',(17.373841520518,12.664897584265,15.85));
#3913 = LINE('',#3914,#3915);
#3914 = CARTESIAN_POINT('',(17.804549932381,12.051887889677,15.85));
#3915 = VECTOR('',#3916,1.);
#3916 = DIRECTION('',(-0.574896230155,0.818226328441,0.));
#3917 = ORIENTED_EDGE('',*,*,#3918,.T.);
#3918 = EDGE_CURVE('',#3911,#3919,#3921,.T.);
#3919 = VERTEX_POINT('',#3920);
#3920 = CARTESIAN_POINT('',(16.922036787815,13.262528829444,15.85));
#3921 = LINE('',#3922,#3923);
#3922 = CARTESIAN_POINT('',(17.373841520518,12.664897584265,15.85));
#3923 = VECTOR('',#3924,1.);
#3924 = DIRECTION('',(-0.603054944931,0.797699651118,0.));
#3925 = ORIENTED_EDGE('',*,*,#3926,.T.);
#3926 = EDGE_CURVE('',#3919,#3927,#3929,.T.);
#3927 = VERTEX_POINT('',#3928);
#3928 = CARTESIAN_POINT('',(16.449684341646,13.844055946875,15.85));
#3929 = LINE('',#3930,#3931);
#3930 = CARTESIAN_POINT('',(16.922036787815,13.262528829444,15.85));
#3931 = VECTOR('',#3932,1.);
#3932 = DIRECTION('',(-0.630481395597,0.776204360852,0.));
#3933 = ORIENTED_EDGE('',*,*,#3934,.T.);
#3934 = EDGE_CURVE('',#3927,#3935,#3937,.T.);
#3935 = VERTEX_POINT('',#3936);
#3936 = CARTESIAN_POINT('',(15.957357739608,14.408772812776,15.85));
#3937 = LINE('',#3938,#3939);
#3938 = CARTESIAN_POINT('',(16.449684341646,13.844055946875,15.85));
#3939 = VECTOR('',#3940,1.);
#3940 = DIRECTION('',(-0.657142279374,0.753766558464,0.));
#3941 = ORIENTED_EDGE('',*,*,#3942,.T.);
#3942 = EDGE_CURVE('',#3935,#3943,#3945,.T.);
#3943 = VERTEX_POINT('',#3944);
#3944 = CARTESIAN_POINT('',(15.445654793066,14.955993715345,15.85));
#3945 = LINE('',#3946,#3947);
#3946 = CARTESIAN_POINT('',(15.957357739608,14.408772812776,15.85));
#3947 = VECTOR('',#3948,1.);
#3948 = DIRECTION('',(-0.683005223078,0.730413489229,0.));
#3949 = ORIENTED_EDGE('',*,*,#3950,.T.);
#3950 = EDGE_CURVE('',#3943,#3951,#3953,.T.);
#3951 = VERTEX_POINT('',#3952);
#3952 = CARTESIAN_POINT('',(14.915196841264,15.485054187388,15.85));
#3953 = LINE('',#3954,#3955);
#3954 = CARTESIAN_POINT('',(15.445654793066,14.955993715345,15.85));
#3955 = VECTOR('',#3956,1.);
#3956 = DIRECTION('',(-0.708038822431,0.706173509791,0.));
#3957 = ORIENTED_EDGE('',*,*,#3958,.T.);
#3958 = EDGE_CURVE('',#3951,#3959,#3961,.T.);
#3959 = VERTEX_POINT('',#3960);
#3960 = CARTESIAN_POINT('',(14.366627996854,15.995311813153,15.85));
#3961 = LINE('',#3962,#3963);
#3962 = CARTESIAN_POINT('',(14.915196841264,15.485054187388,15.85));
#3963 = VECTOR('',#3964,1.);
#3964 = DIRECTION('',(-0.732212680192,0.681076053731,0.));
#3965 = ORIENTED_EDGE('',*,*,#3966,.T.);
#3966 = EDGE_CURVE('',#3959,#3967,#3969,.T.);
#3967 = VERTEX_POINT('',#3968);
#3968 = CARTESIAN_POINT('',(13.80061436378,16.486147008389,15.85));
#3969 = LINE('',#3970,#3971);
#3970 = CARTESIAN_POINT('',(14.366627996854,15.995311813153,15.85));
#3971 = VECTOR('',#3972,1.);
#3972 = DIRECTION('',(-0.755497443069,0.655151595828,0.));
#3973 = ORIENTED_EDGE('',*,*,#3974,.T.);
#3974 = EDGE_CURVE('',#3967,#3975,#3977,.T.);
#3975 = VERTEX_POINT('',#3976);
#3976 = CARTESIAN_POINT('',(13.217843228454,16.956963772681,15.85));
#3977 = LINE('',#3978,#3979);
#3978 = CARTESIAN_POINT('',(13.80061436378,16.486147008389,15.85));
#3979 = VECTOR('',#3980,1.);
#3980 = DIRECTION('',(-0.777864837358,0.628431615056,0.));
#3981 = ORIENTED_EDGE('',*,*,#3982,.T.);
#3982 = EDGE_CURVE('',#3975,#3983,#3985,.T.);
#3983 = VERTEX_POINT('',#3984);
#3984 = CARTESIAN_POINT('',(12.619022225213,17.407190413148,15.85));
#3985 = LINE('',#3986,#3987);
#3986 = CARTESIAN_POINT('',(13.217843228454,16.956963772681,15.85));
#3987 = VECTOR('',#3988,1.);
#3988 = DIRECTION('',(-0.799287703279,0.600948556357,0.));
#3989 = ORIENTED_EDGE('',*,*,#3990,.T.);
#3990 = EDGE_CURVE('',#3983,#3991,#3993,.T.);
#3991 = VERTEX_POINT('',#3992);
#3992 = CARTESIAN_POINT('',(12.004878477072,17.836280238624,15.85));
#3993 = LINE('',#3994,#3995);
#3994 = CARTESIAN_POINT('',(12.619022225213,17.407190413148,15.85));
#3995 = VECTOR('',#3996,1.);
#3996 = DIRECTION('',(-0.819740027952,0.572735791245,0.));
#3997 = ORIENTED_EDGE('',*,*,#3998,.T.);
#3998 = EDGE_CURVE('',#3991,#3999,#4001,.T.);
#3999 = VERTEX_POINT('',#4000);
#4000 = CARTESIAN_POINT('',(11.376157712805,18.243712223486,15.85));
#4001 = LINE('',#4002,#4003);
#4002 = CARTESIAN_POINT('',(12.004878477072,17.836280238624,15.85));
#4003 = VECTOR('',#4004,1.);
#4004 = DIRECTION('',(-0.839196976984,0.54382757729,0.));
#4005 = ORIENTED_EDGE('',*,*,#4006,.T.);
#4006 = EDGE_CURVE('',#3999,#4007,#4009,.T.);
#4007 = VERTEX_POINT('',#4008);
#4008 = CARTESIAN_POINT('',(10.733623361442,18.628991640309,15.85));
#4009 = LINE('',#4010,#4011);
#4010 = CARTESIAN_POINT('',(11.376157712805,18.243712223486,15.85));
#4011 = VECTOR('',#4012,1.);
#4012 = DIRECTION('',(-0.857634924625,0.514259016511,0.));
#4013 = ORIENTED_EDGE('',*,*,#4014,.T.);
#4014 = EDGE_CURVE('',#4007,#4015,#4017,.T.);
#4015 = VERTEX_POINT('',#4016);
#4016 = CARTESIAN_POINT('',(10.078055625267,18.991650660594,15.85));
#4017 = LINE('',#4018,#4019);
#4018 = CARTESIAN_POINT('',(10.733623361442,18.628991640309,15.85));
#4019 = VECTOR('',#4020,1.);
#4020 = DIRECTION('',(-0.875031482456,0.484066012762,0.));
#4021 = ORIENTED_EDGE('',*,*,#4022,.T.);
#4022 = EDGE_CURVE('',#4015,#4023,#4025,.T.);
#4023 = VERTEX_POINT('',#4024);
#4024 = CARTESIAN_POINT('',(9.41025053245,19.331248922833,15.85));
#4025 = LINE('',#4026,#4027);
#4026 = CARTESIAN_POINT('',(10.078055625267,18.991650660594,15.85));
#4027 = VECTOR('',#4028,1.);
#4028 = DIRECTION('',(-0.891365526571,0.453285228129,0.));
#4029 = ORIENTED_EDGE('',*,*,#4030,.T.);
#4030 = EDGE_CURVE('',#4023,#4031,#4033,.T.);
#4031 = VERTEX_POINT('',#4032);
#4032 = CARTESIAN_POINT('',(8.731018970467,19.647374067222,15.85));
#4033 = LINE('',#4034,#4035);
#4034 = CARTESIAN_POINT('',(9.41025053245,19.331248922833,15.85));
#4035 = VECTOR('',#4036,1.);
#4036 = DIRECTION('',(-0.906617223233,0.421954038419,0.));
#4037 = ORIENTED_EDGE('',*,*,#4038,.T.);
#4038 = EDGE_CURVE('',#4031,#4039,#4041,.T.);
#4039 = VERTEX_POINT('',#4040);
#4040 = CARTESIAN_POINT('',(8.041185701473,19.93964223637,15.85));
#4041 = LINE('',#4042,#4043);
#4042 = CARTESIAN_POINT('',(8.731018970467,19.647374067222,15.85));
#4043 = VECTOR('',#4044,1.);
#4044 = DIRECTION('',(-0.92076805295,0.390110487768,0.));
#4045 = ORIENTED_EDGE('',*,*,#4046,.T.);
#4046 = EDGE_CURVE('',#4039,#4047,#4049,.T.);
#4047 = VERTEX_POINT('',#4048);
#4048 = CARTESIAN_POINT('',(7.341588360826,20.207698541402,15.85));
#4049 = LINE('',#4050,#4051);
#4050 = CARTESIAN_POINT('',(8.041185701473,19.93964223637,15.85));
#4051 = VECTOR('',#4052,1.);
#4052 = DIRECTION('',(-0.93380083297,0.357793242453,0.));
#4053 = ORIENTED_EDGE('',*,*,#4054,.T.);
#4054 = EDGE_CURVE('',#4047,#4055,#4057,.T.);
#4055 = VERTEX_POINT('',#4056);
#4056 = CARTESIAN_POINT('',(6.633076439983,20.451217492886,15.85));
#4057 = LINE('',#4058,#4059);
#4058 = CARTESIAN_POINT('',(7.341588360826,20.207698541402,15.85));
#4059 = VECTOR('',#4060,1.);
#4060 = DIRECTION('',(-0.945699738138,0.325041543939,0.));
#4061 = ORIENTED_EDGE('',*,*,#4062,.T.);
#4062 = EDGE_CURVE('',#4055,#4063,#4065,.T.);
#4063 = VERTEX_POINT('',#4064);
#4064 = CARTESIAN_POINT('',(5.916510255,20.669903396061,15.85));
#4065 = LINE('',#4066,#4067);
#4066 = CARTESIAN_POINT('',(6.633076439983,20.451217492886,15.85));
#4067 = VECTOR('',#4068,1.);
#4068 = DIRECTION('',(-0.956450320117,0.291895161228,0.));
#4069 = ORIENTED_EDGE('',*,*,#4070,.T.);
#4070 = EDGE_CURVE('',#4063,#4071,#4073,.T.);
#4071 = VERTEX_POINT('',#4072);
#4072 = CARTESIAN_POINT('',(5.192759901884,20.863490709883,15.85));
#4073 = LINE('',#4074,#4075);
#4074 = CARTESIAN_POINT('',(5.916510255,20.669903396061,15.85));
#4075 = VECTOR('',#4076,1.);
#4076 = DIRECTION('',(-0.966039524931,0.258394342569,0.));
#4077 = ORIENTED_EDGE('',*,*,#4078,.T.);
#4078 = EDGE_CURVE('',#4071,#4079,#4081,.T.);
#4079 = VERTEX_POINT('',#4080);
#4080 = CARTESIAN_POINT('',(4.462704200075,21.031744369468,15.85));
#4081 = LINE('',#4082,#4083);
#4082 = CARTESIAN_POINT('',(5.192759901884,20.863490709883,15.85));
#4083 = VECTOR('',#4084,1.);
#4084 = DIRECTION('',(-0.974455708813,0.224579766591,0.));
#4085 = ORIENTED_EDGE('',*,*,#4086,.T.);
#4086 = EDGE_CURVE('',#4079,#4087,#4089,.T.);
#4087 = VERTEX_POINT('',#4088);
#4088 = CARTESIAN_POINT('',(3.727229625329,21.174460071512,15.85));
#4089 = LINE('',#4090,#4091);
#4090 = CARTESIAN_POINT('',(4.462704200075,21.031744369468,15.85));
#4091 = VECTOR('',#4092,1.);
#4092 = DIRECTION('',(-0.981688652348,0.190492492902,0.));
#4093 = ORIENTED_EDGE('',*,*,#4094,.T.);
#4094 = EDGE_CURVE('',#4087,#4095,#4097,.T.);
#4095 = VERTEX_POINT('',#4096);
#4096 = CARTESIAN_POINT('',(2.987229233311,21.291464522377,15.85));
#4097 = LINE('',#4098,#4099);
#4098 = CARTESIAN_POINT('',(3.727229625329,21.174460071512,15.85));
#4099 = VECTOR('',#4100,1.);
#4100 = DIRECTION('',(-0.987729572878,0.156173912236,0.));
#4101 = ORIENTED_EDGE('',*,*,#4102,.T.);
#4102 = EDGE_CURVE('',#4095,#4103,#4105,.T.);
#4103 = VERTEX_POINT('',#4104);
#4104 = CARTESIAN_POINT('',(2.243601575196,21.382615648507,15.85));
#4105 = LINE('',#4106,#4107);
#4106 = CARTESIAN_POINT('',(2.987229233311,21.291464522377,15.85));
#4107 = VECTOR('',#4108,1.);
#4108 = DIRECTION('',(-0.992571135168,0.121665696195,0.));
#4109 = ORIENTED_EDGE('',*,*,#4110,.T.);
#4110 = EDGE_CURVE('',#4103,#4111,#4113,.T.);
#4111 = VERTEX_POINT('',#4112);
#4112 = CARTESIAN_POINT('',(1.497249606593,21.447802768945,15.85));
#4113 = LINE('',#4114,#4115);
#4114 = CARTESIAN_POINT('',(2.243601575196,21.382615648507,15.85));
#4115 = VECTOR('',#4116,1.);
#4116 = DIRECTION('',(-0.996207460316,8.700974664565E-02,0.));
#4117 = ORIENTED_EDGE('',*,*,#4118,.T.);
#4118 = EDGE_CURVE('',#4111,#4119,#4121,.T.);
#4119 = VERTEX_POINT('',#4120);
#4120 = CARTESIAN_POINT('',(0.749079591127,21.486946729728,15.85));
#4121 = LINE('',#4122,#4123);
#4122 = CARTESIAN_POINT('',(1.497249606593,21.447802768945,15.85));
#4123 = VECTOR('',#4124,1.);
#4124 = DIRECTION('',(-0.998634132884,5.224814484144E-02,0.));
#4125 = ORIENTED_EDGE('',*,*,#4126,.T.);
#4126 = EDGE_CURVE('',#4119,#4127,#4129,.T.);
#4127 = VERTEX_POINT('',#4128);
#4128 = CARTESIAN_POINT('',(-3.457463696805E-15,21.5,15.85));
#4129 = LINE('',#4130,#4131);
#4130 = CARTESIAN_POINT('',(0.749079591127,21.486946729728,15.85));
#4131 = VECTOR('',#4132,1.);
#4132 = DIRECTION('',(-0.999848206267,1.742310032505E-02,0.));
#4133 = ORIENTED_EDGE('',*,*,#4134,.T.);
#4134 = EDGE_CURVE('',#4127,#4135,#4137,.T.);
#4135 = VERTEX_POINT('',#4136);
#4136 = CARTESIAN_POINT('',(-0.749079591127,21.486946729728,15.85));
#4137 = LINE('',#4138,#4139);
#4138 = CARTESIAN_POINT('',(-3.457463696805E-15,21.5,15.85));
#4139 = VECTOR('',#4140,1.);
#4140 = DIRECTION('',(-0.999848206267,-1.742310032505E-02,0.));
#4141 = ORIENTED_EDGE('',*,*,#4142,.T.);
#4142 = EDGE_CURVE('',#4135,#4143,#4145,.T.);
#4143 = VERTEX_POINT('',#4144);
#4144 = CARTESIAN_POINT('',(-1.497249606593,21.447802768945,15.85));
#4145 = LINE('',#4146,#4147);
#4146 = CARTESIAN_POINT('',(-0.749079591127,21.486946729728,15.85));
#4147 = VECTOR('',#4148,1.);
#4148 = DIRECTION('',(-0.998634132884,-5.224814484143E-02,0.));
#4149 = ORIENTED_EDGE('',*,*,#4150,.T.);
#4150 = EDGE_CURVE('',#4143,#4151,#4153,.T.);
#4151 = VERTEX_POINT('',#4152);
#4152 = CARTESIAN_POINT('',(-2.243601575196,21.382615648507,15.85));
#4153 = LINE('',#4154,#4155);
#4154 = CARTESIAN_POINT('',(-1.497249606593,21.447802768945,15.85));
#4155 = VECTOR('',#4156,1.);
#4156 = DIRECTION('',(-0.996207460316,-8.700974664565E-02,0.));
#4157 = ORIENTED_EDGE('',*,*,#4158,.T.);
#4158 = EDGE_CURVE('',#4151,#4159,#4161,.T.);
#4159 = VERTEX_POINT('',#4160);
#4160 = CARTESIAN_POINT('',(-2.987229233311,21.291464522377,15.85));
#4161 = LINE('',#4162,#4163);
#4162 = CARTESIAN_POINT('',(-2.243601575196,21.382615648507,15.85));
#4163 = VECTOR('',#4164,1.);
#4164 = DIRECTION('',(-0.992571135168,-0.121665696195,0.));
#4165 = ORIENTED_EDGE('',*,*,#4166,.T.);
#4166 = EDGE_CURVE('',#4159,#4167,#4169,.T.);
#4167 = VERTEX_POINT('',#4168);
#4168 = CARTESIAN_POINT('',(-3.727229625329,21.174460071512,15.85));
#4169 = LINE('',#4170,#4171);
#4170 = CARTESIAN_POINT('',(-2.987229233311,21.291464522377,15.85));
#4171 = VECTOR('',#4172,1.);
#4172 = DIRECTION('',(-0.987729572878,-0.156173912236,0.));
#4173 = ORIENTED_EDGE('',*,*,#4174,.T.);
#4174 = EDGE_CURVE('',#4167,#4175,#4177,.T.);
#4175 = VERTEX_POINT('',#4176);
#4176 = CARTESIAN_POINT('',(-4.462704200075,21.031744369468,15.85));
#4177 = LINE('',#4178,#4179);
#4178 = CARTESIAN_POINT('',(-3.727229625329,21.174460071512,15.85));
#4179 = VECTOR('',#4180,1.);
#4180 = DIRECTION('',(-0.981688652348,-0.190492492902,0.));
#4181 = ORIENTED_EDGE('',*,*,#4182,.T.);
#4182 = EDGE_CURVE('',#4175,#4183,#4185,.T.);
#4183 = VERTEX_POINT('',#4184);
#4184 = CARTESIAN_POINT('',(-5.192759901884,20.863490709883,15.85));
#4185 = LINE('',#4186,#4187);
#4186 = CARTESIAN_POINT('',(-4.462704200075,21.031744369468,15.85));
#4187 = VECTOR('',#4188,1.);
#4188 = DIRECTION('',(-0.974455708813,-0.224579766591,0.));
#4189 = ORIENTED_EDGE('',*,*,#4190,.T.);
#4190 = EDGE_CURVE('',#4183,#4191,#4193,.T.);
#4191 = VERTEX_POINT('',#4192);
#4192 = CARTESIAN_POINT('',(-5.916510255,20.669903396061,15.85));
#4193 = LINE('',#4194,#4195);
#4194 = CARTESIAN_POINT('',(-5.192759901884,20.863490709883,15.85));
#4195 = VECTOR('',#4196,1.);
#4196 = DIRECTION('',(-0.966039524931,-0.258394342569,0.));
#4197 = ORIENTED_EDGE('',*,*,#4198,.T.);
#4198 = EDGE_CURVE('',#4191,#4199,#4201,.T.);
#4199 = VERTEX_POINT('',#4200);
#4200 = CARTESIAN_POINT('',(-6.633076439983,20.451217492886,15.85));
#4201 = LINE('',#4202,#4203);
#4202 = CARTESIAN_POINT('',(-5.916510255,20.669903396061,15.85));
#4203 = VECTOR('',#4204,1.);
#4204 = DIRECTION('',(-0.956450320117,-0.291895161228,0.));
#4205 = ORIENTED_EDGE('',*,*,#4206,.T.);
#4206 = EDGE_CURVE('',#4199,#4207,#4209,.T.);
#4207 = VERTEX_POINT('',#4208);
#4208 = CARTESIAN_POINT('',(-7.341588360826,20.207698541402,15.85));
#4209 = LINE('',#4210,#4211);
#4210 = CARTESIAN_POINT('',(-6.633076439983,20.451217492886,15.85));
#4211 = VECTOR('',#4212,1.);
#4212 = DIRECTION('',(-0.945699738138,-0.325041543939,0.));
#4213 = ORIENTED_EDGE('',*,*,#4214,.T.);
#4214 = EDGE_CURVE('',#4207,#4215,#4217,.T.);
#4215 = VERTEX_POINT('',#4216);
#4216 = CARTESIAN_POINT('',(-8.041185701473,19.93964223637,15.85));
#4217 = LINE('',#4218,#4219);
#4218 = CARTESIAN_POINT('',(-7.341588360826,20.207698541402,15.85));
#4219 = VECTOR('',#4220,1.);
#4220 = DIRECTION('',(-0.93380083297,-0.357793242453,0.));
#4221 = ORIENTED_EDGE('',*,*,#4222,.T.);
#4222 = EDGE_CURVE('',#4215,#4223,#4225,.T.);
#4223 = VERTEX_POINT('',#4224);
#4224 = CARTESIAN_POINT('',(-8.731018970467,19.647374067222,15.85));
#4225 = LINE('',#4226,#4227);
#4226 = CARTESIAN_POINT('',(-8.041185701473,19.93964223637,15.85));
#4227 = VECTOR('',#4228,1.);
#4228 = DIRECTION('',(-0.92076805295,-0.390110487768,0.));
#4229 = ORIENTED_EDGE('',*,*,#4230,.T.);
#4230 = EDGE_CURVE('',#4223,#4231,#4233,.T.);
#4231 = VERTEX_POINT('',#4232);
#4232 = CARTESIAN_POINT('',(-9.41025053245,19.331248922833,15.85));
#4233 = LINE('',#4234,#4235);
#4234 = CARTESIAN_POINT('',(-8.731018970467,19.647374067222,15.85));
#4235 = VECTOR('',#4236,1.);
#4236 = DIRECTION('',(-0.906617223233,-0.421954038419,0.));
#4237 = ORIENTED_EDGE('',*,*,#4238,.T.);
#4238 = EDGE_CURVE('',#4231,#4239,#4241,.T.);
#4239 = VERTEX_POINT('',#4240);
#4240 = CARTESIAN_POINT('',(-10.07805562526,18.991650660594,15.85));
#4241 = LINE('',#4242,#4243);
#4242 = CARTESIAN_POINT('',(-9.41025053245,19.331248922833,15.85));
#4243 = VECTOR('',#4244,1.);
#4244 = DIRECTION('',(-0.891365526571,-0.453285228129,0.));
#4245 = ORIENTED_EDGE('',*,*,#4246,.T.);
#4246 = EDGE_CURVE('',#4239,#4247,#4249,.T.);
#4247 = VERTEX_POINT('',#4248);
#4248 = CARTESIAN_POINT('',(-10.73362336144,18.628991640309,15.85));
#4249 = LINE('',#4250,#4251);
#4250 = CARTESIAN_POINT('',(-10.07805562526,18.991650660594,15.85));
#4251 = VECTOR('',#4252,1.);
#4252 = DIRECTION('',(-0.875031482456,-0.484066012762,0.));
#4253 = ORIENTED_EDGE('',*,*,#4254,.T.);
#4254 = EDGE_CURVE('',#4247,#4255,#4257,.T.);
#4255 = VERTEX_POINT('',#4256);
#4256 = CARTESIAN_POINT('',(-11.3761577128,18.243712223486,15.85));
#4257 = LINE('',#4258,#4259);
#4258 = CARTESIAN_POINT('',(-10.73362336144,18.628991640309,15.85));
#4259 = VECTOR('',#4260,1.);
#4260 = DIRECTION('',(-0.857634924625,-0.514259016511,0.));
#4261 = ORIENTED_EDGE('',*,*,#4262,.T.);
#4262 = EDGE_CURVE('',#4255,#4263,#4265,.T.);
#4263 = VERTEX_POINT('',#4264);
#4264 = CARTESIAN_POINT('',(-12.00487847707,17.836280238624,15.85));
#4265 = LINE('',#4266,#4267);
#4266 = CARTESIAN_POINT('',(-11.3761577128,18.243712223486,15.85));
#4267 = VECTOR('',#4268,1.);
#4268 = DIRECTION('',(-0.839196976984,-0.54382757729,0.));
#4269 = ORIENTED_EDGE('',*,*,#4270,.T.);
#4270 = EDGE_CURVE('',#4263,#4271,#4273,.T.);
#4271 = VERTEX_POINT('',#4272);
#4272 = CARTESIAN_POINT('',(-12.61902222521,17.407190413148,15.85));
#4273 = LINE('',#4274,#4275);
#4274 = CARTESIAN_POINT('',(-12.00487847707,17.836280238624,15.85));
#4275 = VECTOR('',#4276,1.);
#4276 = DIRECTION('',(-0.819740027952,-0.572735791245,0.));
#4277 = ORIENTED_EDGE('',*,*,#4278,.T.);
#4278 = EDGE_CURVE('',#4271,#4279,#4281,.T.);
#4279 = VERTEX_POINT('',#4280);
#4280 = CARTESIAN_POINT('',(-13.21784322845,16.956963772681,15.85));
#4281 = LINE('',#4282,#4283);
#4282 = CARTESIAN_POINT('',(-12.61902222521,17.407190413148,15.85));
#4283 = VECTOR('',#4284,1.);
#4284 = DIRECTION('',(-0.799287703279,-0.600948556357,0.));
#4285 = ORIENTED_EDGE('',*,*,#4286,.T.);
#4286 = EDGE_CURVE('',#4279,#4287,#4289,.T.);
#4287 = VERTEX_POINT('',#4288);
#4288 = CARTESIAN_POINT('',(-13.80061436378,16.486147008389,15.85));
#4289 = LINE('',#4290,#4291);
#4290 = CARTESIAN_POINT('',(-13.21784322845,16.956963772681,15.85));
#4291 = VECTOR('',#4292,1.);
#4292 = DIRECTION('',(-0.777864837358,-0.628431615056,0.));
#4293 = ORIENTED_EDGE('',*,*,#4294,.T.);
#4294 = EDGE_CURVE('',#4287,#4295,#4297,.T.);
#4295 = VERTEX_POINT('',#4296);
#4296 = CARTESIAN_POINT('',(-14.36662799685,15.995311813153,15.85));
#4297 = LINE('',#4298,#4299);
#4298 = CARTESIAN_POINT('',(-13.80061436378,16.486147008389,15.85));
#4299 = VECTOR('',#4300,1.);
#4300 = DIRECTION('',(-0.755497443069,-0.655151595828,0.));
#4301 = ORIENTED_EDGE('',*,*,#4302,.T.);
#4302 = EDGE_CURVE('',#4295,#4303,#4305,.T.);
#4303 = VERTEX_POINT('',#4304);
#4304 = CARTESIAN_POINT('',(-14.91519684126,15.485054187388,15.85));
#4305 = LINE('',#4306,#4307);
#4306 = CARTESIAN_POINT('',(-14.36662799685,15.995311813153,15.85));
#4307 = VECTOR('',#4308,1.);
#4308 = DIRECTION('',(-0.732212680192,-0.681076053731,0.));
#4309 = ORIENTED_EDGE('',*,*,#4310,.T.);
#4310 = EDGE_CURVE('',#4303,#4311,#4313,.T.);
#4311 = VERTEX_POINT('',#4312);
#4312 = CARTESIAN_POINT('',(-15.44565479306,14.955993715345,15.85));
#4313 = LINE('',#4314,#4315);
#4314 = CARTESIAN_POINT('',(-14.91519684126,15.485054187388,15.85));
#4315 = VECTOR('',#4316,1.);
#4316 = DIRECTION('',(-0.708038822431,-0.706173509791,0.));
#4317 = ORIENTED_EDGE('',*,*,#4318,.T.);
#4318 = EDGE_CURVE('',#4311,#4319,#4321,.T.);
#4319 = VERTEX_POINT('',#4320);
#4320 = CARTESIAN_POINT('',(-15.9573577396,14.408772812776,15.85));
#4321 = LINE('',#4322,#4323);
#4322 = CARTESIAN_POINT('',(-15.44565479306,14.955993715345,15.85));
#4323 = VECTOR('',#4324,1.);
#4324 = DIRECTION('',(-0.683005223078,-0.730413489229,0.));
#4325 = ORIENTED_EDGE('',*,*,#4326,.T.);
#4326 = EDGE_CURVE('',#4319,#4327,#4329,.T.);
#4327 = VERTEX_POINT('',#4328);
#4328 = CARTESIAN_POINT('',(-16.44968434164,13.844055946875,15.85));
#4329 = LINE('',#4330,#4331);
#4330 = CARTESIAN_POINT('',(-15.9573577396,14.408772812776,15.85));
#4331 = VECTOR('',#4332,1.);
#4332 = DIRECTION('',(-0.657142279374,-0.753766558464,0.));
#4333 = ORIENTED_EDGE('',*,*,#4334,.T.);
#4334 = EDGE_CURVE('',#4327,#4335,#4337,.T.);
#4335 = VERTEX_POINT('',#4336);
#4336 = CARTESIAN_POINT('',(-16.92203678781,13.262528829444,15.85));
#4337 = LINE('',#4338,#4339);
#4338 = CARTESIAN_POINT('',(-16.44968434164,13.844055946875,15.85));
#4339 = VECTOR('',#4340,1.);
#4340 = DIRECTION('',(-0.630481395597,-0.776204360852,0.));
#4341 = ORIENTED_EDGE('',*,*,#4342,.T.);
#4342 = EDGE_CURVE('',#4335,#4343,#4345,.T.);
#4343 = VERTEX_POINT('',#4344);
#4344 = CARTESIAN_POINT('',(-17.37384152051,12.664897584265,15.85));
#4345 = LINE('',#4346,#4347);
#4346 = CARTESIAN_POINT('',(-16.92203678781,13.262528829444,15.85));
#4347 = VECTOR('',#4348,1.);
#4348 = DIRECTION('',(-0.603054944931,-0.797699651118,0.));
#4349 = ORIENTED_EDGE('',*,*,#4350,.T.);
#4350 = EDGE_CURVE('',#4343,#4351,#4353,.T.);
#4351 = VERTEX_POINT('',#4352);
#4352 = CARTESIAN_POINT('',(-17.80454993238,12.051887889677,15.85));
#4353 = LINE('',#4354,#4355);
#4354 = CARTESIAN_POINT('',(-17.37384152051,12.664897584265,15.85));
#4355 = VECTOR('',#4356,1.);
#4356 = DIRECTION('',(-0.574896230155,-0.818226328441,0.));
#4357 = ORIENTED_EDGE('',*,*,#4358,.T.);
#4358 = EDGE_CURVE('',#4351,#4359,#4361,.T.);
#4359 = VERTEX_POINT('',#4360);
#4360 = CARTESIAN_POINT('',(-18.21363903239,11.424244097422,15.85));
#4361 = LINE('',#4362,#4363);
#4362 = CARTESIAN_POINT('',(-17.80454993238,12.051887889677,15.85));
#4363 = VECTOR('',#4364,1.);
#4364 = DIRECTION('',(-0.546039443205,-0.837759468144,0.));
#4365 = ORIENTED_EDGE('',*,*,#4366,.T.);
#4366 = EDGE_CURVE('',#4359,#4367,#4369,.T.);
#4367 = VERTEX_POINT('',#4368);
#4368 = CARTESIAN_POINT('',(-18.60061208098,10.782728328809,15.85));
#4369 = LINE('',#4370,#4371);
#4370 = CARTESIAN_POINT('',(-18.21363903239,11.424244097422,15.85));
#4371 = VECTOR('',#4372,1.);
#4372 = DIRECTION('',(-0.516519623657,-0.856275351962,0.));
#4373 = ORIENTED_EDGE('',*,*,#4374,.T.);
#4374 = EDGE_CURVE('',#4367,#4375,#4377,.T.);
#4375 = VERTEX_POINT('',#4376);
#4376 = CARTESIAN_POINT('',(-18.96499919312,10.128119549298,15.85));
#4377 = LINE('',#4378,#4379);
#4378 = CARTESIAN_POINT('',(-18.60061208098,10.782728328809,15.85));
#4379 = VECTOR('',#4380,1.);
#4380 = DIRECTION('',(-0.486372616178,-0.873751496841,0.));
#4381 = ORIENTED_EDGE('',*,*,#4382,.T.);
#4382 = EDGE_CURVE('',#4375,#4383,#4385,.T.);
#4383 = VERTEX_POINT('',#4384);
#4384 = CARTESIAN_POINT('',(-19.30635790896,9.46121262264,15.85));
#4385 = LINE('',#4386,#4387);
#4386 = CARTESIAN_POINT('',(-18.96499919312,10.128119549298,15.85));
#4387 = VECTOR('',#4388,1.);
#4388 = DIRECTION('',(-0.455635027005,-0.890166682238,0.));
#4389 = ORIENTED_EDGE('',*,*,#4390,.T.);
#4390 = EDGE_CURVE('',#4383,#4391,#4393,.T.);
#4391 = VERTEX_POINT('',#4392);
#4392 = CARTESIAN_POINT('',(-19.62427373107,8.782817345707,15.85));
#4393 = LINE('',#4394,#4395);
#4394 = CARTESIAN_POINT('',(-19.30635790896,9.46121262264,15.85));
#4395 = VECTOR('',#4396,1.);
#4396 = DIRECTION('',(-0.424344179493,-0.905500975886,0.));
#4397 = ORIENTED_EDGE('',*,*,#4398,.T.);
#4398 = EDGE_CURVE('',#4391,#4399,#4401,.T.);
#4399 = VERTEX_POINT('',#4400);
#4400 = CARTESIAN_POINT('',(-19.91836062769,8.093757465185,15.85));
#4401 = LINE('',#4402,#4403);
#4402 = CARTESIAN_POINT('',(-19.62427373107,8.782817345707,15.85));
#4403 = VECTOR('',#4404,1.);
#4404 = DIRECTION('',(-0.392538068793,-0.919735758002,0.));
#4405 = ORIENTED_EDGE('',*,*,#4406,.T.);
#4406 = EDGE_CURVE('',#4399,#4407,#4409,.T.);
#4407 = VERTEX_POINT('',#4408);
#4408 = CARTESIAN_POINT('',(-20.18826150155,7.394869677342,15.85));
#4409 = LINE('',#4410,#4411);
#4410 = CARTESIAN_POINT('',(-19.91836062769,8.093757465185,15.85));
#4411 = VECTOR('',#4412,1.);
#4412 = DIRECTION('',(-0.360255315721,-0.932853743893,0.));
#4413 = ORIENTED_EDGE('',*,*,#4414,.T.);
#4414 = EDGE_CURVE('',#4407,#4415,#4417,.T.);
#4415 = VERTEX_POINT('',#4416);
#4416 = CARTESIAN_POINT('',(-20.43364862344,6.687002612055,15.85));
#4417 = LINE('',#4418,#4419);
#4418 = CARTESIAN_POINT('',(-20.18826150155,7.394869677342,15.85));
#4419 = VECTOR('',#4420,1.);
#4420 = DIRECTION('',(-0.327535119858,-0.944839004942,0.));
#4421 = ORIENTED_EDGE('',*,*,#4422,.T.);
#4422 = EDGE_CURVE('',#4415,#4423,#4425,.T.);
#4423 = VERTEX_POINT('',#4424);
#4424 = CARTESIAN_POINT('',(-20.65422403015,5.971015802357,15.85));
#4425 = LINE('',#4426,#4427);
#4426 = CARTESIAN_POINT('',(-20.43364862344,6.687002612055,15.85));
#4427 = VECTOR('',#4428,1.);
#4428 = DIRECTION('',(-0.294417211953,-0.955676987954,0.));
#4429 = ORIENTED_EDGE('',*,*,#4430,.T.);
#4430 = EDGE_CURVE('',#4423,#4431,#4433,.T.);
#4431 = VERTEX_POINT('',#4432);
#4432 = CARTESIAN_POINT('',(-20.84971988631,5.247778640746,15.85));
#4433 = LINE('',#4434,#4435);
#4434 = CARTESIAN_POINT('',(-20.65422403015,5.971015802357,15.85));
#4435 = VECTOR('',#4436,1.);
#4436 = DIRECTION('',(-0.260941805682,-0.965354532826,0.));
#4437 = ORIENTED_EDGE('',*,*,#4438,.T.);
#4438 = EDGE_CURVE('',#4431,#4439,#4441,.T.);
#4439 = VERTEX_POINT('',#4440);
#4440 = CARTESIAN_POINT('',(-21.01989880955,4.518169323515,15.85));
#4441 = LINE('',#4442,#4443);
#4442 = CARTESIAN_POINT('',(-20.84971988631,5.247778640746,15.85));
#4443 = VECTOR('',#4444,1.);
#4444 = DIRECTION('',(-0.227149548814,-0.973859888523,0.));
#4445 = ORIENTED_EDGE('',*,*,#4446,.T.);
#4446 = EDGE_CURVE('',#4439,#4447,#4449,.T.);
#4447 = VERTEX_POINT('',#4448);
#4448 = CARTESIAN_POINT('',(-21.16455415882,3.783073784393,15.85));
#4449 = LINE('',#4450,#4451);
#4450 = CARTESIAN_POINT('',(-21.01989880955,4.518169323515,15.85));
#4451 = VECTOR('',#4452,1.);
#4452 = DIRECTION('',(-0.193081473858,-0.981182727351,0.));
#4453 = ORIENTED_EDGE('',*,*,#4454,.T.);
#4454 = EDGE_CURVE('',#4447,#4455,#4457,.T.);
#4455 = VERTEX_POINT('',#4456);
#4456 = CARTESIAN_POINT('',(-21.28351028524,3.0433846188,15.85));
#4457 = LINE('',#4458,#4459);
#4458 = CARTESIAN_POINT('',(-21.16455415882,3.783073784393,15.85));
#4459 = VECTOR('',#4460,1.);
#4460 = DIRECTION('',(-0.158778948235,-0.987314157499,0.));
#4461 = ORIENTED_EDGE('',*,*,#4462,.T.);
#4462 = EDGE_CURVE('',#4455,#4463,#4465,.T.);
#4463 = VERTEX_POINT('',#4464);
#4464 = CARTESIAN_POINT('',(-21.37662274542,2.3,15.85));
#4465 = LINE('',#4466,#4467);
#4466 = CARTESIAN_POINT('',(-21.28351028524,3.0433846188,15.85));
#4467 = VECTOR('',#4468,1.);
#4468 = DIRECTION('',(-0.124283624052,-0.992246733828,0.));
#4469 = ORIENTED_EDGE('',*,*,#4470,.T.);
#4470 = EDGE_CURVE('',#4463,#4471,#4473,.T.);
#4471 = VERTEX_POINT('',#4472);
#4472 = CARTESIAN_POINT('',(-22.25,2.3,15.85));
#4473 = LINE('',#4474,#4475);
#4474 = CARTESIAN_POINT('',(-21.37662274542,2.3,15.85));
#4475 = VECTOR('',#4476,1.);
#4476 = DIRECTION('',(-1.,1.0169470467E-15,0.));
#4477 = ORIENTED_EDGE('',*,*,#4478,.T.);
#4478 = EDGE_CURVE('',#4471,#4479,#4481,.T.);
#4479 = VERTEX_POINT('',#4480);
#4480 = CARTESIAN_POINT('',(-22.25,-2.3,15.85));
#4481 = LINE('',#4482,#4483);
#4482 = CARTESIAN_POINT('',(-22.25,2.3,15.85));
#4483 = VECTOR('',#4484,1.);
#4484 = DIRECTION('',(0.,-1.,0.));
#4485 = ORIENTED_EDGE('',*,*,#4486,.T.);
#4486 = EDGE_CURVE('',#4479,#4487,#4489,.T.);
#4487 = VERTEX_POINT('',#4488);
#4488 = CARTESIAN_POINT('',(-21.37662274542,-2.3,15.85));
#4489 = LINE('',#4490,#4491);
#4490 = CARTESIAN_POINT('',(-22.25,-2.3,15.85));
#4491 = VECTOR('',#4492,1.);
#4492 = DIRECTION('',(1.,7.118629326899E-15,0.));
#4493 = ORIENTED_EDGE('',*,*,#4494,.T.);
#4494 = EDGE_CURVE('',#4487,#4495,#4497,.T.);
#4495 = VERTEX_POINT('',#4496);
#4496 = CARTESIAN_POINT('',(-21.28583453467,-3.027085754059,15.85));
#4497 = LINE('',#4498,#4499);
#4498 = CARTESIAN_POINT('',(-21.37662274542,-2.3,15.85));
#4499 = VECTOR('',#4500,1.);
#4500 = DIRECTION('',(0.123903705545,-0.992294246558,0.));
#4501 = ORIENTED_EDGE('',*,*,#4502,.T.);
#4502 = EDGE_CURVE('',#4495,#4503,#4505,.T.);
#4503 = VERTEX_POINT('',#4504);
#4504 = CARTESIAN_POINT('',(-21.17032315783,-3.750655595047,15.85));
#4505 = LINE('',#4506,#4507);
#4506 = CARTESIAN_POINT('',(-21.28583453467,-3.027085754059,15.85));
#4507 = VECTOR('',#4508,1.);
#4508 = DIRECTION('',(0.157644781247,-0.987495885027,0.));
#4509 = ORIENTED_EDGE('',*,*,#4510,.T.);
#4510 = EDGE_CURVE('',#4503,#4511,#4513,.T.);
#4511 = VERTEX_POINT('',#4512);
#4512 = CARTESIAN_POINT('',(-21.03022277958,-4.469869107836,15.85));
#4513 = LINE('',#4514,#4515);
#4514 = CARTESIAN_POINT('',(-21.17032315783,-3.750655595047,15.85));
#4515 = VECTOR('',#4516,1.);
#4516 = DIRECTION('',(0.191202754984,-0.981550562369,0.));
#4517 = ORIENTED_EDGE('',*,*,#4518,.T.);
#4518 = EDGE_CURVE('',#4511,#4519,#4521,.T.);
#4519 = VERTEX_POINT('',#4520);
#4520 = CARTESIAN_POINT('',(-20.86569612431,-5.183890937105,15.85));
#4521 = LINE('',#4522,#4523);
#4522 = CARTESIAN_POINT('',(-21.03022277958,-4.469869107836,15.85));
#4523 = VECTOR('',#4524,1.);
#4524 = DIRECTION('',(0.224538649693,-0.974465183983,0.));
#4525 = ORIENTED_EDGE('',*,*,#4526,.T.);
#4526 = EDGE_CURVE('',#4519,#4527,#4529,.T.);
#4527 = VERTEX_POINT('',#4528);
#4528 = CARTESIAN_POINT('',(-20.67693428719,-5.891891757593,15.85));
#4529 = LINE('',#4530,#4531);
#4530 = CARTESIAN_POINT('',(-20.86569612431,-5.183890937105,15.85));
#4531 = VECTOR('',#4532,1.);
#4532 = DIRECTION('',(0.257613746248,-0.966247979426,0.));
#4533 = ORIENTED_EDGE('',*,*,#4534,.T.);
#4534 = EDGE_CURVE('',#4527,#4535,#4537,.T.);
#4535 = VERTEX_POINT('',#4536);
#4536 = CARTESIAN_POINT('',(-20.46415651215,-6.593049237348,15.85));
#4537 = LINE('',#4538,#4539);
#4538 = CARTESIAN_POINT('',(-20.67693428719,-5.891891757593,15.85));
#4539 = VECTOR('',#4540,1.);
#4540 = DIRECTION('',(0.29038962844,-0.956908492853,0.));
#4541 = ORIENTED_EDGE('',*,*,#4542,.T.);
#4542 = EDGE_CURVE('',#4535,#4543,#4545,.T.);
#4543 = VERTEX_POINT('',#4544);
#4544 = CARTESIAN_POINT('',(-20.22760993728,-7.286548992851,15.85));
#4545 = LINE('',#4546,#4547);
#4546 = CARTESIAN_POINT('',(-20.46415651215,-6.593049237348,15.85));
#4547 = VECTOR('',#4548,1.);
#4548 = DIRECTION('',(0.32282822759,-0.946457571934,0.));
#4549 = ORIENTED_EDGE('',*,*,#4550,.T.);
#4550 = EDGE_CURVE('',#4543,#4551,#4553,.T.);
#4551 = VERTEX_POINT('',#4552);
#4552 = CARTESIAN_POINT('',(-19.96756930774,-7.97158553491,15.85));
#4553 = LINE('',#4554,#4555);
#4554 = CARTESIAN_POINT('',(-20.22760993728,-7.286548992851,15.85));
#4555 = VECTOR('',#4556,1.);
#4556 = DIRECTION('',(0.354891866769,-0.93490735525,0.));
#4557 = ORIENTED_EDGE('',*,*,#4558,.T.);
#4558 = EDGE_CURVE('',#4551,#4559,#4561,.T.);
#4559 = VERTEX_POINT('',#4560);
#4560 = CARTESIAN_POINT('',(-19.68433665669,-8.647363204226,15.85));
#4561 = LINE('',#4562,#4563);
#4562 = CARTESIAN_POINT('',(-19.96756930774,-7.97158553491,15.85));
#4563 = VECTOR('',#4564,1.);
#4564 = DIRECTION('',(0.38654330456,-0.922271258199,0.));
#4565 = ORIENTED_EDGE('',*,*,#4566,.T.);
#4566 = EDGE_CURVE('',#4559,#4567,#4569,.T.);
#4567 = VERTEX_POINT('',#4568);
#4568 = CARTESIAN_POINT('',(-19.37824095446,-9.313097095536,15.85));
#4569 = LINE('',#4570,#4571);
#4570 = CARTESIAN_POINT('',(-19.68433665669,-8.647363204226,15.85));
#4571 = VECTOR('',#4572,1.);
#4572 = DIRECTION('',(0.417745778308,-0.908563957411,0.));
#4573 = ORIENTED_EDGE('',*,*,#4574,.T.);
#4574 = EDGE_CURVE('',#4567,#4575,#4577,.T.);
#4575 = VERTEX_POINT('',#4576);
#4576 = CARTESIAN_POINT('',(-19.04963772643,-9.968013969268,15.85));
#4577 = LINE('',#4578,#4579);
#4578 = CARTESIAN_POINT('',(-19.37824095446,-9.313097095536,15.85));
#4579 = VECTOR('',#4580,1.);
#4580 = DIRECTION('',(0.448463046824,-0.893801373703,0.));
#4581 = ORIENTED_EDGE('',*,*,#4582,.T.);
#4582 = EDGE_CURVE('',#4575,#4583,#4585,.T.);
#4583 = VERTEX_POINT('',#4584);
#4584 = CARTESIAN_POINT('',(-18.69890864017,-10.61135314964,15.85));
#4585 = LINE('',#4586,#4587);
#4586 = CARTESIAN_POINT('',(-19.04963772643,-9.968013969268,15.85));
#4587 = VECTOR('',#4588,1.);
#4588 = DIRECTION('',(0.47865943248,-0.878000653586,0.));
#4589 = ORIENTED_EDGE('',*,*,#4590,.T.);
#4590 = EDGE_CURVE('',#4583,#4591,#4593,.T.);
#4591 = VERTEX_POINT('',#4592);
#4592 = CARTESIAN_POINT('',(-18.32646106204,-11.24236740821,15.85));
#4593 = LINE('',#4594,#4595);
#4594 = CARTESIAN_POINT('',(-18.69890864017,-10.61135314964,15.85));
#4595 = VECTOR('',#4596,1.);
#4596 = DIRECTION('',(0.508299862642,-0.861180149352,0.));
#4597 = ORIENTED_EDGE('',*,*,#4598,.T.);
#4598 = EDGE_CURVE('',#4591,#4599,#4601,.T.);
#4599 = VERTEX_POINT('',#4600);
#4600 = CARTESIAN_POINT('',(-17.93272758413,-11.86032383171,15.85));
#4601 = LINE('',#4602,#4603);
#4602 = CARTESIAN_POINT('',(-18.32646106204,-11.24236740821,15.85));
#4603 = VECTOR('',#4604,1.);
#4604 = DIRECTION('',(0.537349910411,-0.843359397755,0.));
#4605 = ORIENTED_EDGE('',*,*,#4606,.T.);
#4606 = EDGE_CURVE('',#4599,#4607,#4609,.T.);
#4607 = VERTEX_POINT('',#4608);
#4608 = CARTESIAN_POINT('',(-17.51816552176,-12.46450467335,15.85));
#4609 = LINE('',#4610,#4611);
#4610 = CARTESIAN_POINT('',(-17.93272758413,-11.86032383171,15.85));
#4611 = VECTOR('',#4612,1.);
#4612 = DIRECTION('',(0.565775834608,-0.82455909732,0.));
#4613 = ORIENTED_EDGE('',*,*,#4614,.T.);
#4614 = EDGE_CURVE('',#4607,#4615,#4617,.T.);
#4615 = VERTEX_POINT('',#4616);
#4616 = CARTESIAN_POINT('',(-17.08325638231,-13.05420818648,15.85));
#4617 = LINE('',#4618,#4619);
#4618 = CARTESIAN_POINT('',(-17.51816552176,-12.46450467335,15.85));
#4619 = VECTOR('',#4620,1.);
#4620 = DIRECTION('',(0.593544618964,-0.804801084305,0.));
#4621 = ORIENTED_EDGE('',*,*,#4622,.T.);
#4622 = EDGE_CURVE('',#4615,#4623,#4625,.T.);
#4623 = VERTEX_POINT('',#4624);
#4624 = CARTESIAN_POINT('',(-16.62850530601,-13.62874943962,15.85));
#4625 = LINE('',#4626,#4627);
#4626 = CARTESIAN_POINT('',(-17.08325638231,-13.05420818648,15.85));
#4627 = VECTOR('',#4628,1.);
#4628 = DIRECTION('',(0.620624010467,-0.784108307335,0.));
#4629 = ORIENTED_EDGE('',*,*,#4630,.T.);
#4630 = EDGE_CURVE('',#4623,#4631,#4633,.T.);
#4631 = VERTEX_POINT('',#4632);
#4632 = CARTESIAN_POINT('',(-16.15444047914,-14.18746111204,15.85));
#4633 = LINE('',#4634,#4635);
#4634 = CARTESIAN_POINT('',(-16.62850530601,-13.62874943962,15.85));
#4635 = VECTOR('',#4636,1.);
#4636 = DIRECTION('',(0.646982556824,-0.762504800749,0.));
#4637 = ORIENTED_EDGE('',*,*,#4638,.T.);
#4638 = EDGE_CURVE('',#4631,#4639,#4641,.T.);
#4639 = VERTEX_POINT('',#4640);
#4640 = CARTESIAN_POINT('',(-15.66161252066,-14.72969426881,15.85));
#4641 = LINE('',#4642,#4643);
#4642 = CARTESIAN_POINT('',(-16.15444047914,-14.18746111204,15.85));
#4643 = VECTOR('',#4644,1.);
#4644 = DIRECTION('',(0.672589642993,-0.740015656684,0.));
#4645 = ORIENTED_EDGE('',*,*,#4646,.T.);
#4646 = EDGE_CURVE('',#4639,#4647,#4649,.T.);
#4647 = VERTEX_POINT('',#4648);
#4648 = CARTESIAN_POINT('',(-15.15059384257,-15.25481911454,15.85));
#4649 = LINE('',#4650,#4651);
#4650 = CARTESIAN_POINT('',(-15.66161252066,-14.72969426881,15.85));
#4651 = VECTOR('',#4652,1.);
#4652 = DIRECTION('',(0.697415526743,-0.716666995932,0.));
#4653 = ORIENTED_EDGE('',*,*,#4654,.T.);
#4654 = EDGE_CURVE('',#4647,#4655,#4657,.T.);
#4655 = VERTEX_POINT('',#4656);
#4656 = CARTESIAN_POINT('',(-14.62197798512,-15.76222572489,15.85));
#4657 = LINE('',#4658,#4659);
#4658 = CARTESIAN_POINT('',(-15.15059384257,-15.25481911454,15.85));
#4659 = VECTOR('',#4660,1.);
#4660 = DIRECTION('',(0.721431373194,-0.692485937598,0.));
#4661 = ORIENTED_EDGE('',*,*,#4662,.T.);
#4662 = EDGE_CURVE('',#4655,#4663,#4665,.T.);
#4663 = VERTEX_POINT('',#4664);
#4664 = CARTESIAN_POINT('',(-14.07637892743,-16.25132475496,15.85));
#4665 = LINE('',#4666,#4667);
#4666 = CARTESIAN_POINT('',(-14.62197798512,-15.76222572489,15.85));
#4667 = VECTOR('',#4668,1.);
#4668 = DIRECTION('',(0.744609288314,-0.667500567608,0.));
#4669 = ORIENTED_EDGE('',*,*,#4670,.T.);
#4670 = EDGE_CURVE('',#4663,#4671,#4673,.T.);
#4671 = VERTEX_POINT('',#4672);
#4672 = CARTESIAN_POINT('',(-13.51443037432,-16.72154812382,15.85));
#4673 = LINE('',#4674,#4675);
#4674 = CARTESIAN_POINT('',(-14.07637892743,-16.25132475496,15.85));
#4675 = VECTOR('',#4676,1.);
#4676 = DIRECTION('',(0.766922351315,-0.641739906079,0.));
#4677 = ORIENTED_EDGE('',*,*,#4678,.T.);
#4678 = EDGE_CURVE('',#4671,#4679,#4681,.T.);
#4679 = VERTEX_POINT('',#4680);
#4680 = CARTESIAN_POINT('',(-12.93678502031,-17.17234967434,15.85));
#4681 = LINE('',#4682,#4683);
#4682 = CARTESIAN_POINT('',(-13.51443037432,-16.72154812382,15.85));
#4683 = VECTOR('',#4684,1.);
#4684 = DIRECTION('',(0.78834464592,-0.61523387362,0.));
#4685 = ORIENTED_EDGE('',*,*,#4686,.T.);
#4686 = EDGE_CURVE('',#4679,#4687,#4689,.T.);
#4687 = VERTEX_POINT('',#4688);
#4688 = CARTESIAN_POINT('',(-12.3441137915,-17.60320580753,15.85));
#4689 = LINE('',#4690,#4691);
#4690 = CARTESIAN_POINT('',(-12.93678502031,-17.17234967434,15.85));
#4691 = VECTOR('',#4692,1.);
#4692 = DIRECTION('',(0.808851290468,-0.588013256576,0.));
#4693 = ORIENTED_EDGE('',*,*,#4694,.T.);
#4694 = EDGE_CURVE('',#4687,#4695,#4697,.T.);
#4695 = VERTEX_POINT('',#4696);
#4696 = CARTESIAN_POINT('',(-11.73710506631,-18.01361609067,15.85));
#4697 = LINE('',#4698,#4699);
#4698 = CARTESIAN_POINT('',(-12.3441137915,-17.60320580753,15.85));
#4699 = VECTOR('',#4700,1.);
#4700 = DIRECTION('',(0.828418466809,-0.56010967127,0.));
#4701 = ORIENTED_EDGE('',*,*,#4702,.T.);
#4702 = EDGE_CURVE('',#4695,#4703,#4705,.T.);
#4703 = VERTEX_POINT('',#4704);
#4704 = CARTESIAN_POINT('',(-11.11646387595,-18.40310383861,15.85));
#4705 = LINE('',#4706,#4707);
#4706 = CARTESIAN_POINT('',(-11.73710506631,-18.01361609067,15.85));
#4707 = VECTOR('',#4708,1.);
#4708 = DIRECTION('',(0.847023447972,-0.531555527283,0.));
#4709 = ORIENTED_EDGE('',*,*,#4710,.T.);
#4710 = EDGE_CURVE('',#4703,#4711,#4713,.T.);
#4711 = VERTEX_POINT('',#4712);
#4712 = CARTESIAN_POINT('',(-10.48291108551,-18.77121666736,15.85));
#4713 = LINE('',#4714,#4715);
#4714 = CARTESIAN_POINT('',(-11.11646387595,-18.40310383861,15.85));
#4715 = VECTOR('',#4716,1.);
#4716 = DIRECTION('',(0.864644624561,-0.502383989811,0.));
#4717 = ORIENTED_EDGE('',*,*,#4718,.T.);
#4718 = EDGE_CURVE('',#4711,#4719,#4721,.T.);
#4719 = VERTEX_POINT('',#4720);
#4720 = CARTESIAN_POINT('',(-9.837182556723,-19.11752701961,15.85));
#4721 = LINE('',#4722,#4723);
#4722 = CARTESIAN_POINT('',(-10.48291108551,-18.77121666736,15.85));
#4723 = VECTOR('',#4724,1.);
#4724 = DIRECTION('',(0.881261529852,-0.47262894114,0.));
#4725 = ORIENTED_EDGE('',*,*,#4726,.T.);
#4726 = EDGE_CURVE('',#4719,#4727,#4729,.T.);
#4727 = VERTEX_POINT('',#4728);
#4728 = CARTESIAN_POINT('',(-9.180028293236,-19.44163266126,15.85));
#4729 = LINE('',#4730,#4731);
#4730 = CARTESIAN_POINT('',(-9.837182556723,-19.11752701961,15.85));
#4731 = VECTOR('',#4732,1.);
#4732 = DIRECTION('',(0.896854863569,-0.442324941297,0.));
#4733 = ORIENTED_EDGE('',*,*,#4734,.T.);
#4734 = EDGE_CURVE('',#4727,#4735,#4737,.T.);
#4735 = VERTEX_POINT('',#4736);
#4736 = CARTESIAN_POINT('',(-8.512211569517,-19.74315714863,15.85));
#4737 = LINE('',#4738,#4739);
#4738 = CARTESIAN_POINT('',(-9.180028293236,-19.44163266126,15.85));
#4739 = VECTOR('',#4740,1.);
#4740 = DIRECTION('',(0.911406514296,-0.411507187907,0.));
#4741 = ORIENTED_EDGE('',*,*,#4742,.T.);
#4742 = EDGE_CURVE('',#4735,#4743,#4745,.T.);
#4743 = VERTEX_POINT('',#4744);
#4744 = CARTESIAN_POINT('',(-7.834508044315,-20.02175026573,15.85));
#4745 = LINE('',#4746,#4747);
#4746 = CARTESIAN_POINT('',(-8.512211569517,-19.74315714863,15.85));
#4747 = VECTOR('',#4748,1.);
#4748 = DIRECTION('',(0.924899580517,-0.380211475312,0.));
#4749 = ORIENTED_EDGE('',*,*,#4750,.T.);
#4750 = EDGE_CURVE('',#4743,#4751,#4753,.T.);
#4751 = VERTEX_POINT('',#4752);
#4752 = CARTESIAN_POINT('',(-7.147704859746,-20.27708843098,15.85));
#4753 = LINE('',#4754,#4755);
#4754 = CARTESIAN_POINT('',(-7.834508044315,-20.02175026573,15.85));
#4755 = VECTOR('',#4756,1.);
#4756 = DIRECTION('',(0.937318390246,-0.348474152996,0.));
#4757 = ORIENTED_EDGE('',*,*,#4758,.T.);
#4758 = EDGE_CURVE('',#4751,#4759,#4761,.T.);
#4759 = VERTEX_POINT('',#4760);
#4760 = CARTESIAN_POINT('',(-6.452599727037,-20.50887507306,15.85));
#4761 = LINE('',#4762,#4763);
#4762 = CARTESIAN_POINT('',(-7.147704859746,-20.27708843098,15.85));
#4763 = VECTOR('',#4764,1.);
#4764 = DIRECTION('',(0.948648519228,-0.316332083365,0.));
#4765 = ORIENTED_EDGE('',*,*,#4766,.T.);
#4766 = EDGE_CURVE('',#4759,#4767,#4769,.T.);
#4767 = VERTEX_POINT('',#4768);
#4768 = CARTESIAN_POINT('',(-5.75,-20.7168409754,15.85));
#4769 = LINE('',#4770,#4771);
#4770 = CARTESIAN_POINT('',(-6.452599727037,-20.50887507306,15.85));
#4771 = VECTOR('',#4772,1.);
#4772 = DIRECTION('',(0.958876807694,-0.283822598935,0.));
#4773 = ORIENTED_EDGE('',*,*,#4774,.T.);
#4774 = EDGE_CURVE('',#4767,#4775,#4777,.T.);
#4775 = VERTEX_POINT('',#4776);
#4776 = CARTESIAN_POINT('',(-5.75,-26.85,15.85));
#4777 = LINE('',#4778,#4779);
#4778 = CARTESIAN_POINT('',(-5.75,-20.7168409754,15.85));
#4779 = VECTOR('',#4780,1.);
#4780 = DIRECTION('',(2.896316290309E-16,-1.,0.));
#4781 = ORIENTED_EDGE('',*,*,#4782,.T.);
#4782 = EDGE_CURVE('',#4775,#4783,#4785,.T.);
#4783 = VERTEX_POINT('',#4784);
#4784 = CARTESIAN_POINT('',(5.75,-26.85,15.85));
#4785 = LINE('',#4786,#4787);
#4786 = CARTESIAN_POINT('',(-5.75,-26.85,15.85));
#4787 = VECTOR('',#4788,1.);
#4788 = DIRECTION('',(1.,0.,0.));
#4789 = ORIENTED_EDGE('',*,*,#4790,.T.);
#4790 = EDGE_CURVE('',#4783,#4791,#4793,.T.);
#4791 = VERTEX_POINT('',#4792);
#4792 = CARTESIAN_POINT('',(5.75,-20.7168409754,15.85));
#4793 = LINE('',#4794,#4795);
#4794 = CARTESIAN_POINT('',(5.75,-26.85,15.85));
#4795 = VECTOR('',#4796,1.);
#4796 = DIRECTION('',(-8.688948870926E-16,1.,0.));
#4797 = ORIENTED_EDGE('',*,*,#4798,.T.);
#4798 = EDGE_CURVE('',#4791,#4799,#4801,.T.);
#4799 = VERTEX_POINT('',#4800);
#4800 = CARTESIAN_POINT('',(6.452599727037,-20.50887507306,15.85));
#4801 = LINE('',#4802,#4803);
#4802 = CARTESIAN_POINT('',(5.75,-20.7168409754,15.85));
#4803 = VECTOR('',#4804,1.);
#4804 = DIRECTION('',(0.958876807694,0.283822598935,0.));
#4805 = ORIENTED_EDGE('',*,*,#4806,.T.);
#4806 = EDGE_CURVE('',#4799,#4807,#4809,.T.);
#4807 = VERTEX_POINT('',#4808);
#4808 = CARTESIAN_POINT('',(7.147704859746,-20.27708843098,15.85));
#4809 = LINE('',#4810,#4811);
#4810 = CARTESIAN_POINT('',(6.452599727037,-20.50887507306,15.85));
#4811 = VECTOR('',#4812,1.);
#4812 = DIRECTION('',(0.948648519228,0.316332083365,0.));
#4813 = ORIENTED_EDGE('',*,*,#4814,.T.);
#4814 = EDGE_CURVE('',#4807,#4815,#4817,.T.);
#4815 = VERTEX_POINT('',#4816);
#4816 = CARTESIAN_POINT('',(7.834508044315,-20.02175026573,15.85));
#4817 = LINE('',#4818,#4819);
#4818 = CARTESIAN_POINT('',(7.147704859746,-20.27708843098,15.85));
#4819 = VECTOR('',#4820,1.);
#4820 = DIRECTION('',(0.937318390246,0.348474152996,0.));
#4821 = ORIENTED_EDGE('',*,*,#4822,.T.);
#4822 = EDGE_CURVE('',#4815,#4823,#4825,.T.);
#4823 = VERTEX_POINT('',#4824);
#4824 = CARTESIAN_POINT('',(8.512211569517,-19.74315714863,15.85));
#4825 = LINE('',#4826,#4827);
#4826 = CARTESIAN_POINT('',(7.834508044315,-20.02175026573,15.85));
#4827 = VECTOR('',#4828,1.);
#4828 = DIRECTION('',(0.924899580517,0.380211475312,0.));
#4829 = ORIENTED_EDGE('',*,*,#4830,.T.);
#4830 = EDGE_CURVE('',#4823,#4831,#4833,.T.);
#4831 = VERTEX_POINT('',#4832);
#4832 = CARTESIAN_POINT('',(9.180028293236,-19.44163266126,15.85));
#4833 = LINE('',#4834,#4835);
#4834 = CARTESIAN_POINT('',(8.512211569517,-19.74315714863,15.85));
#4835 = VECTOR('',#4836,1.);
#4836 = DIRECTION('',(0.911406514296,0.411507187907,0.));
#4837 = ORIENTED_EDGE('',*,*,#4838,.T.);
#4838 = EDGE_CURVE('',#4831,#4839,#4841,.T.);
#4839 = VERTEX_POINT('',#4840);
#4840 = CARTESIAN_POINT('',(9.837182556723,-19.11752701961,15.85));
#4841 = LINE('',#4842,#4843);
#4842 = CARTESIAN_POINT('',(9.180028293236,-19.44163266126,15.85));
#4843 = VECTOR('',#4844,1.);
#4844 = DIRECTION('',(0.896854863569,0.442324941297,0.));
#4845 = ORIENTED_EDGE('',*,*,#4846,.T.);
#4846 = EDGE_CURVE('',#4839,#4847,#4849,.T.);
#4847 = VERTEX_POINT('',#4848);
#4848 = CARTESIAN_POINT('',(10.482911085512,-18.77121666736,15.85));
#4849 = LINE('',#4850,#4851);
#4850 = CARTESIAN_POINT('',(9.837182556723,-19.11752701961,15.85));
#4851 = VECTOR('',#4852,1.);
#4852 = DIRECTION('',(0.881261529852,0.47262894114,0.));
#4853 = ORIENTED_EDGE('',*,*,#4854,.T.);
#4854 = EDGE_CURVE('',#4847,#4855,#4857,.T.);
#4855 = VERTEX_POINT('',#4856);
#4856 = CARTESIAN_POINT('',(11.11646387595,-18.40310383861,15.85));
#4857 = LINE('',#4858,#4859);
#4858 = CARTESIAN_POINT('',(10.482911085512,-18.77121666736,15.85));
#4859 = VECTOR('',#4860,1.);
#4860 = DIRECTION('',(0.864644624561,0.502383989811,0.));
#4861 = ORIENTED_EDGE('',*,*,#4862,.T.);
#4862 = EDGE_CURVE('',#4855,#4863,#4865,.T.);
#4863 = VERTEX_POINT('',#4864);
#4864 = CARTESIAN_POINT('',(11.737105066313,-18.01361609067,15.85));
#4865 = LINE('',#4866,#4867);
#4866 = CARTESIAN_POINT('',(11.11646387595,-18.40310383861,15.85));
#4867 = VECTOR('',#4868,1.);
#4868 = DIRECTION('',(0.847023447972,0.531555527283,0.));
#4869 = ORIENTED_EDGE('',*,*,#4870,.T.);
#4870 = EDGE_CURVE('',#4863,#4871,#4873,.T.);
#4871 = VERTEX_POINT('',#4872);
#4872 = CARTESIAN_POINT('',(12.344113791503,-17.60320580753,15.85));
#4873 = LINE('',#4874,#4875);
#4874 = CARTESIAN_POINT('',(11.737105066313,-18.01361609067,15.85));
#4875 = VECTOR('',#4876,1.);
#4876 = DIRECTION('',(0.828418466809,0.56010967127,0.));
#4877 = ORIENTED_EDGE('',*,*,#4878,.T.);
#4878 = EDGE_CURVE('',#4871,#4879,#4881,.T.);
#4879 = VERTEX_POINT('',#4880);
#4880 = CARTESIAN_POINT('',(12.936785020316,-17.17234967434,15.85));
#4881 = LINE('',#4882,#4883);
#4882 = CARTESIAN_POINT('',(12.344113791503,-17.60320580753,15.85));
#4883 = VECTOR('',#4884,1.);
#4884 = DIRECTION('',(0.808851290468,0.588013256576,0.));
#4885 = ORIENTED_EDGE('',*,*,#4886,.T.);
#4886 = EDGE_CURVE('',#4879,#4887,#4889,.T.);
#4887 = VERTEX_POINT('',#4888);
#4888 = CARTESIAN_POINT('',(13.514430374328,-16.72154812382,15.85));
#4889 = LINE('',#4890,#4891);
#4890 = CARTESIAN_POINT('',(12.936785020316,-17.17234967434,15.85));
#4891 = VECTOR('',#4892,1.);
#4892 = DIRECTION('',(0.78834464592,0.61523387362,0.));
#4893 = ORIENTED_EDGE('',*,*,#4894,.T.);
#4894 = EDGE_CURVE('',#4887,#4895,#4897,.T.);
#4895 = VERTEX_POINT('',#4896);
#4896 = CARTESIAN_POINT('',(14.076378927436,-16.25132475496,15.85));
#4897 = LINE('',#4898,#4899);
#4898 = CARTESIAN_POINT('',(13.514430374328,-16.72154812382,15.85));
#4899 = VECTOR('',#4900,1.);
#4900 = DIRECTION('',(0.766922351315,0.641739906079,0.));
#4901 = ORIENTED_EDGE('',*,*,#4902,.T.);
#4902 = EDGE_CURVE('',#4895,#4903,#4905,.T.);
#4903 = VERTEX_POINT('',#4904);
#4904 = CARTESIAN_POINT('',(14.621977985126,-15.76222572489,15.85));
#4905 = LINE('',#4906,#4907);
#4906 = CARTESIAN_POINT('',(14.076378927436,-16.25132475496,15.85));
#4907 = VECTOR('',#4908,1.);
#4908 = DIRECTION('',(0.744609288314,0.667500567608,0.));
#4909 = ORIENTED_EDGE('',*,*,#4910,.T.);
#4910 = EDGE_CURVE('',#4903,#4911,#4913,.T.);
#4911 = VERTEX_POINT('',#4912);
#4912 = CARTESIAN_POINT('',(15.15059384257,-15.25481911454,15.85));
#4913 = LINE('',#4914,#4915);
#4914 = CARTESIAN_POINT('',(14.621977985126,-15.76222572489,15.85));
#4915 = VECTOR('',#4916,1.);
#4916 = DIRECTION('',(0.721431373194,0.692485937598,0.));
#4917 = ORIENTED_EDGE('',*,*,#4918,.T.);
#4918 = EDGE_CURVE('',#4911,#4919,#4921,.T.);
#4919 = VERTEX_POINT('',#4920);
#4920 = CARTESIAN_POINT('',(15.661612520662,-14.72969426881,15.85));
#4921 = LINE('',#4922,#4923);
#4922 = CARTESIAN_POINT('',(15.15059384257,-15.25481911454,15.85));
#4923 = VECTOR('',#4924,1.);
#4924 = DIRECTION('',(0.697415526743,0.716666995932,0.));
#4925 = ORIENTED_EDGE('',*,*,#4926,.T.);
#4926 = EDGE_CURVE('',#4919,#4927,#4929,.T.);
#4927 = VERTEX_POINT('',#4928);
#4928 = CARTESIAN_POINT('',(16.154440479148,-14.18746111204,15.85));
#4929 = LINE('',#4930,#4931);
#4930 = CARTESIAN_POINT('',(15.661612520662,-14.72969426881,15.85));
#4931 = VECTOR('',#4932,1.);
#4932 = DIRECTION('',(0.672589642993,0.740015656684,0.));
#4933 = ORIENTED_EDGE('',*,*,#4934,.T.);
#4934 = EDGE_CURVE('',#4927,#4935,#4937,.T.);
#4935 = VERTEX_POINT('',#4936);
#4936 = CARTESIAN_POINT('',(16.62850530601,-13.62874943962,15.85));
#4937 = LINE('',#4938,#4939);
#4938 = CARTESIAN_POINT('',(16.154440479148,-14.18746111204,15.85));
#4939 = VECTOR('',#4940,1.);
#4940 = DIRECTION('',(0.646982556824,0.762504800749,0.));
#4941 = ORIENTED_EDGE('',*,*,#4942,.T.);
#4942 = EDGE_CURVE('',#4935,#4943,#4945,.T.);
#4943 = VERTEX_POINT('',#4944);
#4944 = CARTESIAN_POINT('',(17.083256382319,-13.05420818648,15.85));
#4945 = LINE('',#4946,#4947);
#4946 = CARTESIAN_POINT('',(16.62850530601,-13.62874943962,15.85));
#4947 = VECTOR('',#4948,1.);
#4948 = DIRECTION('',(0.620624010467,0.784108307335,0.));
#4949 = ORIENTED_EDGE('',*,*,#4950,.T.);
#4950 = EDGE_CURVE('',#4943,#4951,#4953,.T.);
#4951 = VERTEX_POINT('',#4952);
#4952 = CARTESIAN_POINT('',(17.518165521765,-12.46450467335,15.85));
#4953 = LINE('',#4954,#4955);
#4954 = CARTESIAN_POINT('',(17.083256382319,-13.05420818648,15.85));
#4955 = VECTOR('',#4956,1.);
#4956 = DIRECTION('',(0.593544618964,0.804801084305,0.));
#4957 = ORIENTED_EDGE('',*,*,#4958,.T.);
#4958 = EDGE_CURVE('',#4951,#4959,#4961,.T.);
#4959 = VERTEX_POINT('',#4960);
#4960 = CARTESIAN_POINT('',(17.932727584138,-11.86032383171,15.85));
#4961 = LINE('',#4962,#4963);
#4962 = CARTESIAN_POINT('',(17.518165521765,-12.46450467335,15.85));
#4963 = VECTOR('',#4964,1.);
#4964 = DIRECTION('',(0.565775834608,0.82455909732,0.));
#4965 = ORIENTED_EDGE('',*,*,#4966,.T.);
#4966 = EDGE_CURVE('',#4959,#4967,#4969,.T.);
#4967 = VERTEX_POINT('',#4968);
#4968 = CARTESIAN_POINT('',(18.326461062046,-11.24236740821,15.85));
#4969 = LINE('',#4970,#4971);
#4970 = CARTESIAN_POINT('',(17.932727584138,-11.86032383171,15.85));
#4971 = VECTOR('',#4972,1.);
#4972 = DIRECTION('',(0.537349910411,0.843359397755,0.));
#4973 = ORIENTED_EDGE('',*,*,#4974,.T.);
#4974 = EDGE_CURVE('',#4967,#4975,#4977,.T.);
#4975 = VERTEX_POINT('',#4976);
#4976 = CARTESIAN_POINT('',(18.698908640171,-10.61135314964,15.85));
#4977 = LINE('',#4978,#4979);
#4978 = CARTESIAN_POINT('',(18.326461062046,-11.24236740821,15.85));
#4979 = VECTOR('',#4980,1.);
#4980 = DIRECTION('',(0.508299862642,0.861180149352,0.));
#4981 = ORIENTED_EDGE('',*,*,#4982,.T.);
#4982 = EDGE_CURVE('',#4975,#4983,#4985,.T.);
#4983 = VERTEX_POINT('',#4984);
#4984 = CARTESIAN_POINT('',(19.049637726437,-9.968013969268,15.85));
#4985 = LINE('',#4986,#4987);
#4986 = CARTESIAN_POINT('',(18.698908640171,-10.61135314964,15.85));
#4987 = VECTOR('',#4988,1.);
#4988 = DIRECTION('',(0.47865943248,0.878000653586,0.));
#4989 = ORIENTED_EDGE('',*,*,#4990,.T.);
#4990 = EDGE_CURVE('',#4983,#4991,#4993,.T.);
#4991 = VERTEX_POINT('',#4992);
#4992 = CARTESIAN_POINT('',(19.37824095446,-9.313097095536,15.85));
#4993 = LINE('',#4994,#4995);
#4994 = CARTESIAN_POINT('',(19.049637726437,-9.968013969268,15.85));
#4995 = VECTOR('',#4996,1.);
#4996 = DIRECTION('',(0.448463046824,0.893801373703,0.));
#4997 = ORIENTED_EDGE('',*,*,#4998,.T.);
#4998 = EDGE_CURVE('',#4991,#4999,#5001,.T.);
#4999 = VERTEX_POINT('',#5000);
#5000 = CARTESIAN_POINT('',(19.684336656697,-8.647363204226,15.85));
#5001 = LINE('',#5002,#5003);
#5002 = CARTESIAN_POINT('',(19.37824095446,-9.313097095536,15.85));
#5003 = VECTOR('',#5004,1.);
#5004 = DIRECTION('',(0.417745778308,0.908563957411,0.));
#5005 = ORIENTED_EDGE('',*,*,#5006,.T.);
#5006 = EDGE_CURVE('',#4999,#5007,#5009,.T.);
#5007 = VERTEX_POINT('',#5008);
#5008 = CARTESIAN_POINT('',(19.967569307745,-7.97158553491,15.85));
#5009 = LINE('',#5010,#5011);
#5010 = CARTESIAN_POINT('',(19.684336656697,-8.647363204226,15.85));
#5011 = VECTOR('',#5012,1.);
#5012 = DIRECTION('',(0.38654330456,0.922271258199,0.));
#5013 = ORIENTED_EDGE('',*,*,#5014,.T.);
#5014 = EDGE_CURVE('',#5007,#5015,#5017,.T.);
#5015 = VERTEX_POINT('',#5016);
#5016 = CARTESIAN_POINT('',(20.227609937281,-7.286548992851,15.85));
#5017 = LINE('',#5018,#5019);
#5018 = CARTESIAN_POINT('',(19.967569307745,-7.97158553491,15.85));
#5019 = VECTOR('',#5020,1.);
#5020 = DIRECTION('',(0.354891866769,0.93490735525,0.));
#5021 = ORIENTED_EDGE('',*,*,#5022,.T.);
#5022 = EDGE_CURVE('',#5015,#5023,#5025,.T.);
#5023 = VERTEX_POINT('',#5024);
#5024 = CARTESIAN_POINT('',(20.464156512153,-6.593049237348,15.85));
#5025 = LINE('',#5026,#5027);
#5026 = CARTESIAN_POINT('',(20.227609937281,-7.286548992851,15.85));
#5027 = VECTOR('',#5028,1.);
#5028 = DIRECTION('',(0.32282822759,0.946457571934,0.));
#5029 = ORIENTED_EDGE('',*,*,#5030,.T.);
#5030 = EDGE_CURVE('',#5023,#5031,#5033,.T.);
#5031 = VERTEX_POINT('',#5032);
#5032 = CARTESIAN_POINT('',(20.676934287191,-5.891891757593,15.85));
#5033 = LINE('',#5034,#5035);
#5034 = CARTESIAN_POINT('',(20.464156512153,-6.593049237348,15.85));
#5035 = VECTOR('',#5036,1.);
#5036 = DIRECTION('',(0.29038962844,0.956908492853,0.));
#5037 = ORIENTED_EDGE('',*,*,#5038,.T.);
#5038 = EDGE_CURVE('',#5031,#5039,#5041,.T.);
#5039 = VERTEX_POINT('',#5040);
#5040 = CARTESIAN_POINT('',(20.865696124314,-5.183890937105,15.85));
#5041 = LINE('',#5042,#5043);
#5042 = CARTESIAN_POINT('',(20.676934287191,-5.891891757593,15.85));
#5043 = VECTOR('',#5044,1.);
#5044 = DIRECTION('',(0.257613746248,0.966247979426,0.));
#5045 = ORIENTED_EDGE('',*,*,#5046,.T.);
#5046 = EDGE_CURVE('',#5039,#5047,#5049,.T.);
#5047 = VERTEX_POINT('',#5048);
#5048 = CARTESIAN_POINT('',(21.030222779581,-4.469869107836,15.85));
#5049 = LINE('',#5050,#5051);
#5050 = CARTESIAN_POINT('',(20.865696124314,-5.183890937105,15.85));
#5051 = VECTOR('',#5052,1.);
#5052 = DIRECTION('',(0.224538649693,0.974465183983,0.));
#5053 = ORIENTED_EDGE('',*,*,#5054,.T.);
#5054 = EDGE_CURVE('',#5047,#5055,#5057,.T.);
#5055 = VERTEX_POINT('',#5056);
#5056 = CARTESIAN_POINT('',(21.170323157839,-3.750655595047,15.85));
#5057 = LINE('',#5058,#5059);
#5058 = CARTESIAN_POINT('',(21.030222779581,-4.469869107836,15.85));
#5059 = VECTOR('',#5060,1.);
#5060 = DIRECTION('',(0.191202754984,0.981550562369,0.));
#5061 = ORIENTED_EDGE('',*,*,#5062,.T.);
#5062 = EDGE_CURVE('',#5055,#5063,#5065,.T.);
#5063 = VERTEX_POINT('',#5064);
#5064 = CARTESIAN_POINT('',(21.285834534675,-3.027085754059,15.85));
#5065 = LINE('',#5066,#5067);
#5066 = CARTESIAN_POINT('',(21.170323157839,-3.750655595047,15.85));
#5067 = VECTOR('',#5068,1.);
#5068 = DIRECTION('',(0.157644781247,0.987495885027,0.));
#5069 = ORIENTED_EDGE('',*,*,#5070,.T.);
#5070 = EDGE_CURVE('',#5063,#5071,#5073,.T.);
#5071 = VERTEX_POINT('',#5072);
#5072 = CARTESIAN_POINT('',(21.37662274542,-2.3,15.85));
#5073 = LINE('',#5074,#5075);
#5074 = CARTESIAN_POINT('',(21.285834534675,-3.027085754059,15.85));
#5075 = VECTOR('',#5076,1.);
#5076 = DIRECTION('',(0.123903705545,0.992294246558,0.));
#5077 = ORIENTED_EDGE('',*,*,#5078,.T.);
#5078 = EDGE_CURVE('',#5071,#5079,#5081,.T.);
#5079 = VERTEX_POINT('',#5080);
#5080 = CARTESIAN_POINT('',(22.25,-2.3,15.85));
#5081 = LINE('',#5082,#5083);
#5082 = CARTESIAN_POINT('',(21.37662274542,-2.3,15.85));
#5083 = VECTOR('',#5084,1.);
#5084 = DIRECTION('',(1.,1.271183808375E-14,0.));
#5085 = ORIENTED_EDGE('',*,*,#5086,.T.);
#5086 = EDGE_CURVE('',#5079,#64,#5087,.T.);
#5087 = LINE('',#5088,#5089);
#5088 = CARTESIAN_POINT('',(22.25,-2.3,15.85));
#5089 = VECTOR('',#5090,1.);
#5090 = DIRECTION('',(0.,1.,0.));
#5091 = ORIENTED_EDGE('',*,*,#71,.T.);
#5092 = FACE_BOUND('',#5093,.T.);
#5093 = EDGE_LOOP('',(#5094));
#5094 = ORIENTED_EDGE('',*,*,#5095,.F.);
#5095 = EDGE_CURVE('',#5096,#5096,#5098,.T.);
#5096 = VERTEX_POINT('',#5097);
#5097 = CARTESIAN_POINT('',(-8.9,-15.7,15.85));
#5098 = CIRCLE('',#5099,1.1);
#5099 = AXIS2_PLACEMENT_3D('',#5100,#5101,#5102);
#5100 = CARTESIAN_POINT('',(-10.,-15.7,15.85));
#5101 = DIRECTION('',(0.,0.,1.));
#5102 = DIRECTION('',(1.,0.,-0.));
#5103 = FACE_BOUND('',#5104,.T.);
#5104 = EDGE_LOOP('',(#5105,#5115,#5123,#5131));
#5105 = ORIENTED_EDGE('',*,*,#5106,.F.);
#5106 = EDGE_CURVE('',#5107,#5109,#5111,.T.);
#5107 = VERTEX_POINT('',#5108);
#5108 = CARTESIAN_POINT('',(5.864753581438,-16.56132796974,15.85));
#5109 = VERTEX_POINT('',#5110);
#5110 = CARTESIAN_POINT('',(9.004753581438,-16.56132796974,15.85));
#5111 = LINE('',#5112,#5113);
#5112 = CARTESIAN_POINT('',(5.864753581438,-16.56132796974,15.85));
#5113 = VECTOR('',#5114,1.);
#5114 = DIRECTION('',(1.,0.,0.));
#5115 = ORIENTED_EDGE('',*,*,#5116,.T.);
#5116 = EDGE_CURVE('',#5107,#5117,#5119,.T.);
#5117 = VERTEX_POINT('',#5118);
#5118 = CARTESIAN_POINT('',(5.864753581438,-15.06132796974,15.85));
#5119 = LINE('',#5120,#5121);
#5120 = CARTESIAN_POINT('',(5.864753581438,-16.56132796974,15.85));
#5121 = VECTOR('',#5122,1.);
#5122 = DIRECTION('',(0.,1.,0.));
#5123 = ORIENTED_EDGE('',*,*,#5124,.T.);
#5124 = EDGE_CURVE('',#5117,#5125,#5127,.T.);
#5125 = VERTEX_POINT('',#5126);
#5126 = CARTESIAN_POINT('',(9.004753581438,-15.06132796974,15.85));
#5127 = LINE('',#5128,#5129);
#5128 = CARTESIAN_POINT('',(5.864753581438,-15.06132796974,15.85));
#5129 = VECTOR('',#5130,1.);
#5130 = DIRECTION('',(1.,0.,0.));
#5131 = ORIENTED_EDGE('',*,*,#5132,.F.);
#5132 = EDGE_CURVE('',#5109,#5125,#5133,.T.);
#5133 = LINE('',#5134,#5135);
#5134 = CARTESIAN_POINT('',(9.004753581438,-16.56132796974,15.85));
#5135 = VECTOR('',#5136,1.);
#5136 = DIRECTION('',(0.,1.,0.));
#5137 = FACE_BOUND('',#5138,.T.);
#5138 = EDGE_LOOP('',(#5139,#5149,#5157,#5165));
#5139 = ORIENTED_EDGE('',*,*,#5140,.F.);
#5140 = EDGE_CURVE('',#5141,#5143,#5145,.T.);
#5141 = VERTEX_POINT('',#5142);
#5142 = CARTESIAN_POINT('',(9.776753581438,-15.56132796974,15.85));
#5143 = VERTEX_POINT('',#5144);
#5144 = CARTESIAN_POINT('',(11.392753581438,-15.56132796974,15.85));
#5145 = LINE('',#5146,#5147);
#5146 = CARTESIAN_POINT('',(9.776753581438,-15.56132796974,15.85));
#5147 = VECTOR('',#5148,1.);
#5148 = DIRECTION('',(1.,0.,0.));
#5149 = ORIENTED_EDGE('',*,*,#5150,.T.);
#5150 = EDGE_CURVE('',#5141,#5151,#5153,.T.);
#5151 = VERTEX_POINT('',#5152);
#5152 = CARTESIAN_POINT('',(9.776753581438,-14.96132796974,15.85));
#5153 = LINE('',#5154,#5155);
#5154 = CARTESIAN_POINT('',(9.776753581438,-15.56132796974,15.85));
#5155 = VECTOR('',#5156,1.);
#5156 = DIRECTION('',(0.,1.,0.));
#5157 = ORIENTED_EDGE('',*,*,#5158,.T.);
#5158 = EDGE_CURVE('',#5151,#5159,#5161,.T.);
#5159 = VERTEX_POINT('',#5160);
#5160 = CARTESIAN_POINT('',(11.392753581438,-14.96132796974,15.85));
#5161 = LINE('',#5162,#5163);
#5162 = CARTESIAN_POINT('',(9.776753581438,-14.96132796974,15.85));
#5163 = VECTOR('',#5164,1.);
#5164 = DIRECTION('',(1.,0.,0.));
#5165 = ORIENTED_EDGE('',*,*,#5166,.F.);
#5166 = EDGE_CURVE('',#5143,#5159,#5167,.T.);
#5167 = LINE('',#5168,#5169);
#5168 = CARTESIAN_POINT('',(11.392753581438,-15.56132796974,15.85));
#5169 = VECTOR('',#5170,1.);
#5170 = DIRECTION('',(0.,1.,0.));
#5171 = FACE_BOUND('',#5172,.T.);
#5172 = EDGE_LOOP('',(#5173,#5183,#5191,#5199));
#5173 = ORIENTED_EDGE('',*,*,#5174,.F.);
#5174 = EDGE_CURVE('',#5175,#5177,#5179,.T.);
#5175 = VERTEX_POINT('',#5176);
#5176 = CARTESIAN_POINT('',(7.864044581438,-14.31132796974,15.85));
#5177 = VERTEX_POINT('',#5178);
#5178 = CARTESIAN_POINT('',(12.005462581438,-14.31132796974,15.85));
#5179 = LINE('',#5180,#5181);
#5180 = CARTESIAN_POINT('',(7.864044581438,-14.31132796974,15.85));
#5181 = VECTOR('',#5182,1.);
#5182 = DIRECTION('',(1.,0.,0.));
#5183 = ORIENTED_EDGE('',*,*,#5184,.T.);
#5184 = EDGE_CURVE('',#5175,#5185,#5187,.T.);
#5185 = VERTEX_POINT('',#5186);
#5186 = CARTESIAN_POINT('',(7.864044581438,-10.51132796974,15.85));
#5187 = LINE('',#5188,#5189);
#5188 = CARTESIAN_POINT('',(7.864044581438,-14.31132796974,15.85));
#5189 = VECTOR('',#5190,1.);
#5190 = DIRECTION('',(0.,1.,0.));
#5191 = ORIENTED_EDGE('',*,*,#5192,.T.);
#5192 = EDGE_CURVE('',#5185,#5193,#5195,.T.);
#5193 = VERTEX_POINT('',#5194);
#5194 = CARTESIAN_POINT('',(12.005462581438,-10.51132796974,15.85));
#5195 = LINE('',#5196,#5197);
#5196 = CARTESIAN_POINT('',(7.864044581438,-10.51132796974,15.85));
#5197 = VECTOR('',#5198,1.);
#5198 = DIRECTION('',(1.,0.,0.));
#5199 = ORIENTED_EDGE('',*,*,#5200,.F.);
#5200 = EDGE_CURVE('',#5177,#5193,#5201,.T.);
#5201 = LINE('',#5202,#5203);
#5202 = CARTESIAN_POINT('',(12.005462581438,-14.31132796974,15.85));
#5203 = VECTOR('',#5204,1.);
#5204 = DIRECTION('',(0.,1.,0.));
#5205 = FACE_BOUND('',#5206,.T.);
#5206 = EDGE_LOOP('',(#5207,#5217,#5225,#5233));
#5207 = ORIENTED_EDGE('',*,*,#5208,.F.);
#5208 = EDGE_CURVE('',#5209,#5211,#5213,.T.);
#5209 = VERTEX_POINT('',#5210);
#5210 = CARTESIAN_POINT('',(6.234753581438,-10.90332796974,15.85));
#5211 = VERTEX_POINT('',#5212);
#5212 = CARTESIAN_POINT('',(6.234753581438,-12.51932796974,15.85));
#5213 = LINE('',#5214,#5215);
#5214 = CARTESIAN_POINT('',(6.234753581438,-10.90332796974,15.85));
#5215 = VECTOR('',#5216,1.);
#5216 = DIRECTION('',(1.110223024625E-16,-1.,0.));
#5217 = ORIENTED_EDGE('',*,*,#5218,.T.);
#5218 = EDGE_CURVE('',#5209,#5219,#5221,.T.);
#5219 = VERTEX_POINT('',#5220);
#5220 = CARTESIAN_POINT('',(6.834753581438,-10.90332796974,15.85));
#5221 = LINE('',#5222,#5223);
#5222 = CARTESIAN_POINT('',(6.234753581438,-10.90332796974,15.85));
#5223 = VECTOR('',#5224,1.);
#5224 = DIRECTION('',(1.,1.110223024625E-16,0.));
#5225 = ORIENTED_EDGE('',*,*,#5226,.T.);
#5226 = EDGE_CURVE('',#5219,#5227,#5229,.T.);
#5227 = VERTEX_POINT('',#5228);
#5228 = CARTESIAN_POINT('',(6.834753581438,-12.51932796974,15.85));
#5229 = LINE('',#5230,#5231);
#5230 = CARTESIAN_POINT('',(6.834753581438,-10.90332796974,15.85));
#5231 = VECTOR('',#5232,1.);
#5232 = DIRECTION('',(1.110223024625E-16,-1.,0.));
#5233 = ORIENTED_EDGE('',*,*,#5234,.F.);
#5234 = EDGE_CURVE('',#5211,#5227,#5235,.T.);
#5235 = LINE('',#5236,#5237);
#5236 = CARTESIAN_POINT('',(6.234753581438,-12.51932796974,15.85));
#5237 = VECTOR('',#5238,1.);
#5238 = DIRECTION('',(1.,1.110223024625E-16,0.));
#5239 = FACE_BOUND('',#5240,.T.);
#5240 = EDGE_LOOP('',(#5241,#5251,#5259,#5267));
#5241 = ORIENTED_EDGE('',*,*,#5242,.F.);
#5242 = EDGE_CURVE('',#5243,#5245,#5247,.T.);
#5243 = VERTEX_POINT('',#5244);
#5244 = CARTESIAN_POINT('',(-7.437351136463,10.250738954606,15.85));
#5245 = VERTEX_POINT('',#5246);
#5246 = CARTESIAN_POINT('',(-4.297351136463,10.250738954606,15.85));
#5247 = LINE('',#5248,#5249);
#5248 = CARTESIAN_POINT('',(-7.437351136463,10.250738954606,15.85));
#5249 = VECTOR('',#5250,1.);
#5250 = DIRECTION('',(1.,0.,0.));
#5251 = ORIENTED_EDGE('',*,*,#5252,.T.);
#5252 = EDGE_CURVE('',#5243,#5253,#5255,.T.);
#5253 = VERTEX_POINT('',#5254);
#5254 = CARTESIAN_POINT('',(-7.437351136463,11.750738954606,15.85));
#5255 = LINE('',#5256,#5257);
#5256 = CARTESIAN_POINT('',(-7.437351136463,10.250738954606,15.85));
#5257 = VECTOR('',#5258,1.);
#5258 = DIRECTION('',(0.,1.,0.));
#5259 = ORIENTED_EDGE('',*,*,#5260,.T.);
#5260 = EDGE_CURVE('',#5253,#5261,#5263,.T.);
#5261 = VERTEX_POINT('',#5262);
#5262 = CARTESIAN_POINT('',(-4.297351136463,11.750738954606,15.85));
#5263 = LINE('',#5264,#5265);
#5264 = CARTESIAN_POINT('',(-7.437351136463,11.750738954606,15.85));
#5265 = VECTOR('',#5266,1.);
#5266 = DIRECTION('',(1.,0.,0.));
#5267 = ORIENTED_EDGE('',*,*,#5268,.F.);
#5268 = EDGE_CURVE('',#5245,#5261,#5269,.T.);
#5269 = LINE('',#5270,#5271);
#5270 = CARTESIAN_POINT('',(-4.297351136463,10.250738954606,15.85));
#5271 = VECTOR('',#5272,1.);
#5272 = DIRECTION('',(0.,1.,0.));
#5273 = FACE_BOUND('',#5274,.T.);
#5274 = EDGE_LOOP('',(#5275,#5285,#5293,#5301));
#5275 = ORIENTED_EDGE('',*,*,#5276,.F.);
#5276 = EDGE_CURVE('',#5277,#5279,#5281,.T.);
#5277 = VERTEX_POINT('',#5278);
#5278 = CARTESIAN_POINT('',(-8.109351136463,17.914738954606,15.85));
#5279 = VERTEX_POINT('',#5280);
#5280 = CARTESIAN_POINT('',(-8.109351136463,12.214738954606,15.85));
#5281 = LINE('',#5282,#5283);
#5282 = CARTESIAN_POINT('',(-8.109351136463,17.914738954606,15.85));
#5283 = VECTOR('',#5284,1.);
#5284 = DIRECTION('',(1.110223024625E-16,-1.,0.));
#5285 = ORIENTED_EDGE('',*,*,#5286,.T.);
#5286 = EDGE_CURVE('',#5277,#5287,#5289,.T.);
#5287 = VERTEX_POINT('',#5288);
#5288 = CARTESIAN_POINT('',(-2.609351136463,17.914738954606,15.85));
#5289 = LINE('',#5290,#5291);
#5290 = CARTESIAN_POINT('',(-8.109351136463,17.914738954606,15.85));
#5291 = VECTOR('',#5292,1.);
#5292 = DIRECTION('',(1.,1.110223024625E-16,0.));
#5293 = ORIENTED_EDGE('',*,*,#5294,.T.);
#5294 = EDGE_CURVE('',#5287,#5295,#5297,.T.);
#5295 = VERTEX_POINT('',#5296);
#5296 = CARTESIAN_POINT('',(-2.609351136463,12.214738954606,15.85));
#5297 = LINE('',#5298,#5299);
#5298 = CARTESIAN_POINT('',(-2.609351136463,17.914738954606,15.85));
#5299 = VECTOR('',#5300,1.);
#5300 = DIRECTION('',(1.110223024625E-16,-1.,0.));
#5301 = ORIENTED_EDGE('',*,*,#5302,.F.);
#5302 = EDGE_CURVE('',#5279,#5295,#5303,.T.);
#5303 = LINE('',#5304,#5305);
#5304 = CARTESIAN_POINT('',(-8.109351136463,12.214738954606,15.85));
#5305 = VECTOR('',#5306,1.);
#5306 = DIRECTION('',(1.,1.110223024625E-16,0.));
#5307 = FACE_BOUND('',#5308,.T.);
#5308 = EDGE_LOOP('',(#5309,#5319,#5327,#5335));
#5309 = ORIENTED_EDGE('',*,*,#5310,.F.);
#5310 = EDGE_CURVE('',#5311,#5313,#5315,.T.);
#5311 = VERTEX_POINT('',#5312);
#5312 = CARTESIAN_POINT('',(0.782648863537,11.776138954606,15.85));
#5313 = VERTEX_POINT('',#5314);
#5314 = CARTESIAN_POINT('',(-2.357351136463,11.776138954606,15.85));
#5315 = LINE('',#5316,#5317);
#5316 = CARTESIAN_POINT('',(0.782648863537,11.776138954606,15.85));
#5317 = VECTOR('',#5318,1.);
#5318 = DIRECTION('',(-1.,-1.224646799147E-16,0.));
#5319 = ORIENTED_EDGE('',*,*,#5320,.T.);
#5320 = EDGE_CURVE('',#5311,#5321,#5323,.T.);
#5321 = VERTEX_POINT('',#5322);
#5322 = CARTESIAN_POINT('',(0.782648863537,10.276138954606,15.85));
#5323 = LINE('',#5324,#5325);
#5324 = CARTESIAN_POINT('',(0.782648863537,11.776138954606,15.85));
#5325 = VECTOR('',#5326,1.);
#5326 = DIRECTION('',(1.224646799147E-16,-1.,0.));
#5327 = ORIENTED_EDGE('',*,*,#5328,.T.);
#5328 = EDGE_CURVE('',#5321,#5329,#5331,.T.);
#5329 = VERTEX_POINT('',#5330);
#5330 = CARTESIAN_POINT('',(-2.357351136463,10.276138954606,15.85));
#5331 = LINE('',#5332,#5333);
#5332 = CARTESIAN_POINT('',(0.782648863537,10.276138954606,15.85));
#5333 = VECTOR('',#5334,1.);
#5334 = DIRECTION('',(-1.,-1.224646799147E-16,0.));
#5335 = ORIENTED_EDGE('',*,*,#5336,.F.);
#5336 = EDGE_CURVE('',#5313,#5329,#5337,.T.);
#5337 = LINE('',#5338,#5339);
#5338 = CARTESIAN_POINT('',(-2.357351136463,11.776138954606,15.85));
#5339 = VECTOR('',#5340,1.);
#5340 = DIRECTION('',(1.224646799147E-16,-1.,0.));
#5341 = FACE_BOUND('',#5342,.T.);
#5342 = EDGE_LOOP('',(#5343,#5353,#5361,#5369));
#5343 = ORIENTED_EDGE('',*,*,#5344,.F.);
#5344 = EDGE_CURVE('',#5345,#5347,#5349,.T.);
#5345 = VERTEX_POINT('',#5346);
#5346 = CARTESIAN_POINT('',(0.782648863537,13.655738954606,15.85));
#5347 = VERTEX_POINT('',#5348);
#5348 = CARTESIAN_POINT('',(-2.357351136463,13.655738954606,15.85));
#5349 = LINE('',#5350,#5351);
#5350 = CARTESIAN_POINT('',(0.782648863537,13.655738954606,15.85));
#5351 = VECTOR('',#5352,1.);
#5352 = DIRECTION('',(-1.,-1.224646799147E-16,0.));
#5353 = ORIENTED_EDGE('',*,*,#5354,.T.);
#5354 = EDGE_CURVE('',#5345,#5355,#5357,.T.);
#5355 = VERTEX_POINT('',#5356);
#5356 = CARTESIAN_POINT('',(0.782648863537,12.155738954606,15.85));
#5357 = LINE('',#5358,#5359);
#5358 = CARTESIAN_POINT('',(0.782648863537,13.655738954606,15.85));
#5359 = VECTOR('',#5360,1.);
#5360 = DIRECTION('',(1.224646799147E-16,-1.,0.));
#5361 = ORIENTED_EDGE('',*,*,#5362,.T.);
#5362 = EDGE_CURVE('',#5355,#5363,#5365,.T.);
#5363 = VERTEX_POINT('',#5364);
#5364 = CARTESIAN_POINT('',(-2.357351136463,12.155738954606,15.85));
#5365 = LINE('',#5366,#5367);
#5366 = CARTESIAN_POINT('',(0.782648863537,12.155738954606,15.85));
#5367 = VECTOR('',#5368,1.);
#5368 = DIRECTION('',(-1.,-1.224646799147E-16,0.));
#5369 = ORIENTED_EDGE('',*,*,#5370,.F.);
#5370 = EDGE_CURVE('',#5347,#5363,#5371,.T.);
#5371 = LINE('',#5372,#5373);
#5372 = CARTESIAN_POINT('',(-2.357351136463,13.655738954606,15.85));
#5373 = VECTOR('',#5374,1.);
#5374 = DIRECTION('',(1.224646799147E-16,-1.,0.));
#5375 = FACE_BOUND('',#5376,.T.);
#5376 = EDGE_LOOP('',(#5377,#5387,#5395,#5403));
#5377 = ORIENTED_EDGE('',*,*,#5378,.F.);
#5378 = EDGE_CURVE('',#5379,#5381,#5383,.T.);
#5379 = VERTEX_POINT('',#5380);
#5380 = CARTESIAN_POINT('',(-1.968351136463,16.024738954606,15.85));
#5381 = VERTEX_POINT('',#5382);
#5382 = CARTESIAN_POINT('',(-1.968351136463,14.104738954606,15.85));
#5383 = LINE('',#5384,#5385);
#5384 = CARTESIAN_POINT('',(-1.968351136463,16.024738954606,15.85));
#5385 = VECTOR('',#5386,1.);
#5386 = DIRECTION('',(1.110223024625E-16,-1.,0.));
#5387 = ORIENTED_EDGE('',*,*,#5388,.T.);
#5388 = EDGE_CURVE('',#5379,#5389,#5391,.T.);
#5389 = VERTEX_POINT('',#5390);
#5390 = CARTESIAN_POINT('',(-0.368351136463,16.024738954606,15.85));
#5391 = LINE('',#5392,#5393);
#5392 = CARTESIAN_POINT('',(-1.968351136463,16.024738954606,15.85));
#5393 = VECTOR('',#5394,1.);
#5394 = DIRECTION('',(1.,1.110223024625E-16,0.));
#5395 = ORIENTED_EDGE('',*,*,#5396,.T.);
#5396 = EDGE_CURVE('',#5389,#5397,#5399,.T.);
#5397 = VERTEX_POINT('',#5398);
#5398 = CARTESIAN_POINT('',(-0.368351136463,14.104738954606,15.85));
#5399 = LINE('',#5400,#5401);
#5400 = CARTESIAN_POINT('',(-0.368351136463,16.024738954606,15.85));
#5401 = VECTOR('',#5402,1.);
#5402 = DIRECTION('',(1.110223024625E-16,-1.,0.));
#5403 = ORIENTED_EDGE('',*,*,#5404,.F.);
#5404 = EDGE_CURVE('',#5381,#5397,#5405,.T.);
#5405 = LINE('',#5406,#5407);
#5406 = CARTESIAN_POINT('',(-1.968351136463,14.104738954606,15.85));
#5407 = VECTOR('',#5408,1.);
#5408 = DIRECTION('',(1.,1.110223024625E-16,0.));
#5409 = FACE_BOUND('',#5410,.T.);
#5410 = EDGE_LOOP('',(#5411,#5421,#5429,#5437));
#5411 = ORIENTED_EDGE('',*,*,#5412,.F.);
#5412 = EDGE_CURVE('',#5413,#5415,#5417,.T.);
#5413 = VERTEX_POINT('',#5414);
#5414 = CARTESIAN_POINT('',(0.909648863537,14.485338954606,15.85));
#5415 = VERTEX_POINT('',#5416);
#5416 = CARTESIAN_POINT('',(0.909648863537,16.101338954606,15.85));
#5417 = LINE('',#5418,#5419);
#5418 = CARTESIAN_POINT('',(0.909648863537,14.485338954606,15.85));
#5419 = VECTOR('',#5420,1.);
#5420 = DIRECTION('',(-2.22044604925E-16,1.,0.));
#5421 = ORIENTED_EDGE('',*,*,#5422,.T.);
#5422 = EDGE_CURVE('',#5413,#5423,#5425,.T.);
#5423 = VERTEX_POINT('',#5424);
#5424 = CARTESIAN_POINT('',(0.309648863537,14.485338954606,15.85));
#5425 = LINE('',#5426,#5427);
#5426 = CARTESIAN_POINT('',(0.909648863537,14.485338954606,15.85));
#5427 = VECTOR('',#5428,1.);
#5428 = DIRECTION('',(-1.,-2.22044604925E-16,0.));
#5429 = ORIENTED_EDGE('',*,*,#5430,.T.);
#5430 = EDGE_CURVE('',#5423,#5431,#5433,.T.);
#5431 = VERTEX_POINT('',#5432);
#5432 = CARTESIAN_POINT('',(0.309648863537,16.101338954606,15.85));
#5433 = LINE('',#5434,#5435);
#5434 = CARTESIAN_POINT('',(0.309648863537,14.485338954606,15.85));
#5435 = VECTOR('',#5436,1.);
#5436 = DIRECTION('',(-2.22044604925E-16,1.,0.));
#5437 = ORIENTED_EDGE('',*,*,#5438,.F.);
#5438 = EDGE_CURVE('',#5415,#5431,#5439,.T.);
#5439 = LINE('',#5440,#5441);
#5440 = CARTESIAN_POINT('',(0.909648863537,16.101338954606,15.85));
#5441 = VECTOR('',#5442,1.);
#5442 = DIRECTION('',(-1.,-2.22044604925E-16,0.));
#5443 = FACE_BOUND('',#5444,.T.);
#5444 = EDGE_LOOP('',(#5445,#5455,#5463,#5471));
#5445 = ORIENTED_EDGE('',*,*,#5446,.F.);
#5446 = EDGE_CURVE('',#5447,#5449,#5451,.T.);
#5447 = VERTEX_POINT('',#5448);
#5448 = CARTESIAN_POINT('',(0.909648863537,17.558738954606,15.85));
#5449 = VERTEX_POINT('',#5450);
#5450 = CARTESIAN_POINT('',(0.909648863537,19.174738954606,15.85));
#5451 = LINE('',#5452,#5453);
#5452 = CARTESIAN_POINT('',(0.909648863537,17.558738954606,15.85));
#5453 = VECTOR('',#5454,1.);
#5454 = DIRECTION('',(-2.22044604925E-16,1.,0.));
#5455 = ORIENTED_EDGE('',*,*,#5456,.T.);
#5456 = EDGE_CURVE('',#5447,#5457,#5459,.T.);
#5457 = VERTEX_POINT('',#5458);
#5458 = CARTESIAN_POINT('',(0.309648863537,17.558738954606,15.85));
#5459 = LINE('',#5460,#5461);
#5460 = CARTESIAN_POINT('',(0.909648863537,17.558738954606,15.85));
#5461 = VECTOR('',#5462,1.);
#5462 = DIRECTION('',(-1.,-2.22044604925E-16,0.));
#5463 = ORIENTED_EDGE('',*,*,#5464,.T.);
#5464 = EDGE_CURVE('',#5457,#5465,#5467,.T.);
#5465 = VERTEX_POINT('',#5466);
#5466 = CARTESIAN_POINT('',(0.309648863537,19.174738954606,15.85));
#5467 = LINE('',#5468,#5469);
#5468 = CARTESIAN_POINT('',(0.309648863537,17.558738954606,15.85));
#5469 = VECTOR('',#5470,1.);
#5470 = DIRECTION('',(-2.22044604925E-16,1.,0.));
#5471 = ORIENTED_EDGE('',*,*,#5472,.F.);
#5472 = EDGE_CURVE('',#5449,#5465,#5473,.T.);
#5473 = LINE('',#5474,#5475);
#5474 = CARTESIAN_POINT('',(0.909648863537,19.174738954606,15.85));
#5475 = VECTOR('',#5476,1.);
#5476 = DIRECTION('',(-1.,-2.22044604925E-16,0.));
#5477 = FACE_BOUND('',#5478,.T.);
#5478 = EDGE_LOOP('',(#5479));
#5479 = ORIENTED_EDGE('',*,*,#5480,.F.);
#5480 = EDGE_CURVE('',#5481,#5481,#5483,.T.);
#5481 = VERTEX_POINT('',#5482);
#5482 = CARTESIAN_POINT('',(11.1,15.7,15.85));
#5483 = CIRCLE('',#5484,1.1);
#5484 = AXIS2_PLACEMENT_3D('',#5485,#5486,#5487);
#5485 = CARTESIAN_POINT('',(10.,15.7,15.85));
#5486 = DIRECTION('',(0.,0.,1.));
#5487 = DIRECTION('',(1.,0.,-0.));
#5488 = PLANE('',#5489);
#5489 = AXIS2_PLACEMENT_3D('',#5490,#5491,#5492);
#5490 = CARTESIAN_POINT('',(-3.017901341067E-15,-2.344665603048,15.85));
#5491 = DIRECTION('',(0.,0.,1.));
#5492 = DIRECTION('',(1.,0.,-0.));
#5493 = ADVANCED_FACE('',(#5494),#5505,.F.);
#5494 = FACE_BOUND('',#5495,.F.);
#5495 = EDGE_LOOP('',(#5496,#5502,#5503,#5504));
#5496 = ORIENTED_EDGE('',*,*,#5497,.T.);
#5497 = EDGE_CURVE('',#1423,#5079,#5498,.T.);
#5498 = LINE('',#5499,#5500);
#5499 = CARTESIAN_POINT('',(22.25,-2.3,14.25));
#5500 = VECTOR('',#5501,1.);
#5501 = DIRECTION('',(0.,0.,1.));
#5502 = ORIENTED_EDGE('',*,*,#5086,.T.);
#5503 = ORIENTED_EDGE('',*,*,#61,.F.);
#5504 = ORIENTED_EDGE('',*,*,#1430,.F.);
#5505 = PLANE('',#5506);
#5506 = AXIS2_PLACEMENT_3D('',#5507,#5508,#5509);
#5507 = CARTESIAN_POINT('',(22.25,-2.3,14.25));
#5508 = DIRECTION('',(-1.,0.,0.));
#5509 = DIRECTION('',(0.,1.,0.));
#5510 = ADVANCED_FACE('',(#5511),#5522,.F.);
#5511 = FACE_BOUND('',#5512,.F.);
#5512 = EDGE_LOOP('',(#5513,#5514,#5515,#5521));
#5513 = ORIENTED_EDGE('',*,*,#101,.T.);
#5514 = ORIENTED_EDGE('',*,*,#3814,.T.);
#5515 = ORIENTED_EDGE('',*,*,#5516,.F.);
#5516 = EDGE_CURVE('',#127,#3815,#5517,.T.);
#5517 = LINE('',#5518,#5519);
#5518 = CARTESIAN_POINT('',(21.019898809558,4.518169323515,14.25));
#5519 = VECTOR('',#5520,1.);
#5520 = DIRECTION('',(0.,0.,1.));
#5521 = ORIENTED_EDGE('',*,*,#126,.F.);
#5522 = PLANE('',#5523);
#5523 = AXIS2_PLACEMENT_3D('',#5524,#5525,#5526);
#5524 = CARTESIAN_POINT('',(21.164554158825,3.783073784393,14.25));
#5525 = DIRECTION('',(-0.981182727351,-0.193081473858,0.));
#5526 = DIRECTION('',(-0.193081473858,0.981182727351,0.));
#5527 = ADVANCED_FACE('',(#5528),#5539,.F.);
#5528 = FACE_BOUND('',#5529,.F.);
#5529 = EDGE_LOOP('',(#5530,#5536,#5537,#5538));
#5530 = ORIENTED_EDGE('',*,*,#5531,.T.);
#5531 = EDGE_CURVE('',#1415,#5071,#5532,.T.);
#5532 = LINE('',#5533,#5534);
#5533 = CARTESIAN_POINT('',(21.37662274542,-2.3,14.25));
#5534 = VECTOR('',#5535,1.);
#5535 = DIRECTION('',(0.,0.,1.));
#5536 = ORIENTED_EDGE('',*,*,#5078,.T.);
#5537 = ORIENTED_EDGE('',*,*,#5497,.F.);
#5538 = ORIENTED_EDGE('',*,*,#1422,.F.);
#5539 = PLANE('',#5540);
#5540 = AXIS2_PLACEMENT_3D('',#5541,#5542,#5543);
#5541 = CARTESIAN_POINT('',(21.37662274542,-2.3,14.25));
#5542 = DIRECTION('',(-1.271183808375E-14,1.,0.));
#5543 = DIRECTION('',(1.,1.271183808375E-14,0.));
#5544 = ADVANCED_FACE('',(#5545),#5556,.F.);
#5545 = FACE_BOUND('',#5546,.F.);
#5546 = EDGE_LOOP('',(#5547,#5553,#5554,#5555));
#5547 = ORIENTED_EDGE('',*,*,#5548,.T.);
#5548 = EDGE_CURVE('',#1407,#5063,#5549,.T.);
#5549 = LINE('',#5550,#5551);
#5550 = CARTESIAN_POINT('',(21.285834534675,-3.027085754059,14.25));
#5551 = VECTOR('',#5552,1.);
#5552 = DIRECTION('',(0.,0.,1.));
#5553 = ORIENTED_EDGE('',*,*,#5070,.T.);
#5554 = ORIENTED_EDGE('',*,*,#5531,.F.);
#5555 = ORIENTED_EDGE('',*,*,#1414,.F.);
#5556 = PLANE('',#5557);
#5557 = AXIS2_PLACEMENT_3D('',#5558,#5559,#5560);
#5558 = CARTESIAN_POINT('',(21.285834534675,-3.027085754059,14.25));
#5559 = DIRECTION('',(-0.992294246558,0.123903705545,0.));
#5560 = DIRECTION('',(0.123903705545,0.992294246558,0.));
#5561 = ADVANCED_FACE('',(#5562),#5573,.F.);
#5562 = FACE_BOUND('',#5563,.F.);
#5563 = EDGE_LOOP('',(#5564,#5570,#5571,#5572));
#5564 = ORIENTED_EDGE('',*,*,#5565,.T.);
#5565 = EDGE_CURVE('',#1399,#5055,#5566,.T.);
#5566 = LINE('',#5567,#5568);
#5567 = CARTESIAN_POINT('',(21.170323157839,-3.750655595047,14.25));
#5568 = VECTOR('',#5569,1.);
#5569 = DIRECTION('',(0.,0.,1.));
#5570 = ORIENTED_EDGE('',*,*,#5062,.T.);
#5571 = ORIENTED_EDGE('',*,*,#5548,.F.);
#5572 = ORIENTED_EDGE('',*,*,#1406,.F.);
#5573 = PLANE('',#5574);
#5574 = AXIS2_PLACEMENT_3D('',#5575,#5576,#5577);
#5575 = CARTESIAN_POINT('',(21.170323157839,-3.750655595047,14.25));
#5576 = DIRECTION('',(-0.987495885027,0.157644781247,0.));
#5577 = DIRECTION('',(0.157644781247,0.987495885027,0.));
#5578 = ADVANCED_FACE('',(#5579),#5590,.F.);
#5579 = FACE_BOUND('',#5580,.F.);
#5580 = EDGE_LOOP('',(#5581,#5587,#5588,#5589));
#5581 = ORIENTED_EDGE('',*,*,#5582,.T.);
#5582 = EDGE_CURVE('',#1391,#5047,#5583,.T.);
#5583 = LINE('',#5584,#5585);
#5584 = CARTESIAN_POINT('',(21.030222779581,-4.469869107836,14.25));
#5585 = VECTOR('',#5586,1.);
#5586 = DIRECTION('',(0.,0.,1.));
#5587 = ORIENTED_EDGE('',*,*,#5054,.T.);
#5588 = ORIENTED_EDGE('',*,*,#5565,.F.);
#5589 = ORIENTED_EDGE('',*,*,#1398,.F.);
#5590 = PLANE('',#5591);
#5591 = AXIS2_PLACEMENT_3D('',#5592,#5593,#5594);
#5592 = CARTESIAN_POINT('',(21.030222779581,-4.469869107836,14.25));
#5593 = DIRECTION('',(-0.981550562369,0.191202754984,0.));
#5594 = DIRECTION('',(0.191202754984,0.981550562369,0.));
#5595 = ADVANCED_FACE('',(#5596),#5607,.F.);
#5596 = FACE_BOUND('',#5597,.F.);
#5597 = EDGE_LOOP('',(#5598,#5604,#5605,#5606));
#5598 = ORIENTED_EDGE('',*,*,#5599,.T.);
#5599 = EDGE_CURVE('',#1383,#5039,#5600,.T.);
#5600 = LINE('',#5601,#5602);
#5601 = CARTESIAN_POINT('',(20.865696124314,-5.183890937105,14.25));
#5602 = VECTOR('',#5603,1.);
#5603 = DIRECTION('',(0.,0.,1.));
#5604 = ORIENTED_EDGE('',*,*,#5046,.T.);
#5605 = ORIENTED_EDGE('',*,*,#5582,.F.);
#5606 = ORIENTED_EDGE('',*,*,#1390,.F.);
#5607 = PLANE('',#5608);
#5608 = AXIS2_PLACEMENT_3D('',#5609,#5610,#5611);
#5609 = CARTESIAN_POINT('',(20.865696124314,-5.183890937105,14.25));
#5610 = DIRECTION('',(-0.974465183983,0.224538649693,0.));
#5611 = DIRECTION('',(0.224538649693,0.974465183983,0.));
#5612 = ADVANCED_FACE('',(#5613),#5624,.F.);
#5613 = FACE_BOUND('',#5614,.F.);
#5614 = EDGE_LOOP('',(#5615,#5621,#5622,#5623));
#5615 = ORIENTED_EDGE('',*,*,#5616,.T.);
#5616 = EDGE_CURVE('',#1375,#5031,#5617,.T.);
#5617 = LINE('',#5618,#5619);
#5618 = CARTESIAN_POINT('',(20.676934287191,-5.891891757593,14.25));
#5619 = VECTOR('',#5620,1.);
#5620 = DIRECTION('',(0.,0.,1.));
#5621 = ORIENTED_EDGE('',*,*,#5038,.T.);
#5622 = ORIENTED_EDGE('',*,*,#5599,.F.);
#5623 = ORIENTED_EDGE('',*,*,#1382,.F.);
#5624 = PLANE('',#5625);
#5625 = AXIS2_PLACEMENT_3D('',#5626,#5627,#5628);
#5626 = CARTESIAN_POINT('',(20.676934287191,-5.891891757593,14.25));
#5627 = DIRECTION('',(-0.966247979426,0.257613746248,0.));
#5628 = DIRECTION('',(0.257613746248,0.966247979426,0.));
#5629 = ADVANCED_FACE('',(#5630),#5641,.F.);
#5630 = FACE_BOUND('',#5631,.F.);
#5631 = EDGE_LOOP('',(#5632,#5638,#5639,#5640));
#5632 = ORIENTED_EDGE('',*,*,#5633,.T.);
#5633 = EDGE_CURVE('',#1367,#5023,#5634,.T.);
#5634 = LINE('',#5635,#5636);
#5635 = CARTESIAN_POINT('',(20.464156512153,-6.593049237348,14.25));
#5636 = VECTOR('',#5637,1.);
#5637 = DIRECTION('',(0.,0.,1.));
#5638 = ORIENTED_EDGE('',*,*,#5030,.T.);
#5639 = ORIENTED_EDGE('',*,*,#5616,.F.);
#5640 = ORIENTED_EDGE('',*,*,#1374,.F.);
#5641 = PLANE('',#5642);
#5642 = AXIS2_PLACEMENT_3D('',#5643,#5644,#5645);
#5643 = CARTESIAN_POINT('',(20.464156512153,-6.593049237348,14.25));
#5644 = DIRECTION('',(-0.956908492853,0.29038962844,0.));
#5645 = DIRECTION('',(0.29038962844,0.956908492853,0.));
#5646 = ADVANCED_FACE('',(#5647),#5658,.F.);
#5647 = FACE_BOUND('',#5648,.F.);
#5648 = EDGE_LOOP('',(#5649,#5655,#5656,#5657));
#5649 = ORIENTED_EDGE('',*,*,#5650,.T.);
#5650 = EDGE_CURVE('',#1359,#5015,#5651,.T.);
#5651 = LINE('',#5652,#5653);
#5652 = CARTESIAN_POINT('',(20.227609937281,-7.286548992851,14.25));
#5653 = VECTOR('',#5654,1.);
#5654 = DIRECTION('',(0.,0.,1.));
#5655 = ORIENTED_EDGE('',*,*,#5022,.T.);
#5656 = ORIENTED_EDGE('',*,*,#5633,.F.);
#5657 = ORIENTED_EDGE('',*,*,#1366,.F.);
#5658 = PLANE('',#5659);
#5659 = AXIS2_PLACEMENT_3D('',#5660,#5661,#5662);
#5660 = CARTESIAN_POINT('',(20.227609937281,-7.286548992851,14.25));
#5661 = DIRECTION('',(-0.946457571934,0.32282822759,0.));
#5662 = DIRECTION('',(0.32282822759,0.946457571934,0.));
#5663 = ADVANCED_FACE('',(#5664),#5675,.F.);
#5664 = FACE_BOUND('',#5665,.F.);
#5665 = EDGE_LOOP('',(#5666,#5672,#5673,#5674));
#5666 = ORIENTED_EDGE('',*,*,#5667,.T.);
#5667 = EDGE_CURVE('',#1351,#5007,#5668,.T.);
#5668 = LINE('',#5669,#5670);
#5669 = CARTESIAN_POINT('',(19.967569307745,-7.97158553491,14.25));
#5670 = VECTOR('',#5671,1.);
#5671 = DIRECTION('',(0.,0.,1.));
#5672 = ORIENTED_EDGE('',*,*,#5014,.T.);
#5673 = ORIENTED_EDGE('',*,*,#5650,.F.);
#5674 = ORIENTED_EDGE('',*,*,#1358,.F.);
#5675 = PLANE('',#5676);
#5676 = AXIS2_PLACEMENT_3D('',#5677,#5678,#5679);
#5677 = CARTESIAN_POINT('',(19.967569307745,-7.97158553491,14.25));
#5678 = DIRECTION('',(-0.93490735525,0.354891866769,0.));
#5679 = DIRECTION('',(0.354891866769,0.93490735525,0.));
#5680 = ADVANCED_FACE('',(#5681),#5692,.F.);
#5681 = FACE_BOUND('',#5682,.F.);
#5682 = EDGE_LOOP('',(#5683,#5689,#5690,#5691));
#5683 = ORIENTED_EDGE('',*,*,#5684,.T.);
#5684 = EDGE_CURVE('',#1343,#4999,#5685,.T.);
#5685 = LINE('',#5686,#5687);
#5686 = CARTESIAN_POINT('',(19.684336656697,-8.647363204226,14.25));
#5687 = VECTOR('',#5688,1.);
#5688 = DIRECTION('',(0.,0.,1.));
#5689 = ORIENTED_EDGE('',*,*,#5006,.T.);
#5690 = ORIENTED_EDGE('',*,*,#5667,.F.);
#5691 = ORIENTED_EDGE('',*,*,#1350,.F.);
#5692 = PLANE('',#5693);
#5693 = AXIS2_PLACEMENT_3D('',#5694,#5695,#5696);
#5694 = CARTESIAN_POINT('',(19.684336656697,-8.647363204226,14.25));
#5695 = DIRECTION('',(-0.922271258199,0.38654330456,0.));
#5696 = DIRECTION('',(0.38654330456,0.922271258199,0.));
#5697 = ADVANCED_FACE('',(#5698),#5709,.F.);
#5698 = FACE_BOUND('',#5699,.F.);
#5699 = EDGE_LOOP('',(#5700,#5706,#5707,#5708));
#5700 = ORIENTED_EDGE('',*,*,#5701,.T.);
#5701 = EDGE_CURVE('',#1335,#4991,#5702,.T.);
#5702 = LINE('',#5703,#5704);
#5703 = CARTESIAN_POINT('',(19.37824095446,-9.313097095536,14.25));
#5704 = VECTOR('',#5705,1.);
#5705 = DIRECTION('',(0.,0.,1.));
#5706 = ORIENTED_EDGE('',*,*,#4998,.T.);
#5707 = ORIENTED_EDGE('',*,*,#5684,.F.);
#5708 = ORIENTED_EDGE('',*,*,#1342,.F.);
#5709 = PLANE('',#5710);
#5710 = AXIS2_PLACEMENT_3D('',#5711,#5712,#5713);
#5711 = CARTESIAN_POINT('',(19.37824095446,-9.313097095536,14.25));
#5712 = DIRECTION('',(-0.908563957411,0.417745778308,0.));
#5713 = DIRECTION('',(0.417745778308,0.908563957411,0.));
#5714 = ADVANCED_FACE('',(#5715),#5726,.F.);
#5715 = FACE_BOUND('',#5716,.F.);
#5716 = EDGE_LOOP('',(#5717,#5723,#5724,#5725));
#5717 = ORIENTED_EDGE('',*,*,#5718,.T.);
#5718 = EDGE_CURVE('',#1327,#4983,#5719,.T.);
#5719 = LINE('',#5720,#5721);
#5720 = CARTESIAN_POINT('',(19.049637726437,-9.968013969268,14.25));
#5721 = VECTOR('',#5722,1.);
#5722 = DIRECTION('',(0.,0.,1.));
#5723 = ORIENTED_EDGE('',*,*,#4990,.T.);
#5724 = ORIENTED_EDGE('',*,*,#5701,.F.);
#5725 = ORIENTED_EDGE('',*,*,#1334,.F.);
#5726 = PLANE('',#5727);
#5727 = AXIS2_PLACEMENT_3D('',#5728,#5729,#5730);
#5728 = CARTESIAN_POINT('',(19.049637726437,-9.968013969268,14.25));
#5729 = DIRECTION('',(-0.893801373703,0.448463046824,0.));
#5730 = DIRECTION('',(0.448463046824,0.893801373703,0.));
#5731 = ADVANCED_FACE('',(#5732),#5743,.F.);
#5732 = FACE_BOUND('',#5733,.F.);
#5733 = EDGE_LOOP('',(#5734,#5740,#5741,#5742));
#5734 = ORIENTED_EDGE('',*,*,#5735,.T.);
#5735 = EDGE_CURVE('',#1319,#4975,#5736,.T.);
#5736 = LINE('',#5737,#5738);
#5737 = CARTESIAN_POINT('',(18.698908640171,-10.61135314964,14.25));
#5738 = VECTOR('',#5739,1.);
#5739 = DIRECTION('',(0.,0.,1.));
#5740 = ORIENTED_EDGE('',*,*,#4982,.T.);
#5741 = ORIENTED_EDGE('',*,*,#5718,.F.);
#5742 = ORIENTED_EDGE('',*,*,#1326,.F.);
#5743 = PLANE('',#5744);
#5744 = AXIS2_PLACEMENT_3D('',#5745,#5746,#5747);
#5745 = CARTESIAN_POINT('',(18.698908640171,-10.61135314964,14.25));
#5746 = DIRECTION('',(-0.878000653586,0.47865943248,0.));
#5747 = DIRECTION('',(0.47865943248,0.878000653586,0.));
#5748 = ADVANCED_FACE('',(#5749),#5760,.F.);
#5749 = FACE_BOUND('',#5750,.F.);
#5750 = EDGE_LOOP('',(#5751,#5757,#5758,#5759));
#5751 = ORIENTED_EDGE('',*,*,#5752,.T.);
#5752 = EDGE_CURVE('',#1311,#4967,#5753,.T.);
#5753 = LINE('',#5754,#5755);
#5754 = CARTESIAN_POINT('',(18.326461062046,-11.24236740821,14.25));
#5755 = VECTOR('',#5756,1.);
#5756 = DIRECTION('',(0.,0.,1.));
#5757 = ORIENTED_EDGE('',*,*,#4974,.T.);
#5758 = ORIENTED_EDGE('',*,*,#5735,.F.);
#5759 = ORIENTED_EDGE('',*,*,#1318,.F.);
#5760 = PLANE('',#5761);
#5761 = AXIS2_PLACEMENT_3D('',#5762,#5763,#5764);
#5762 = CARTESIAN_POINT('',(18.326461062046,-11.24236740821,14.25));
#5763 = DIRECTION('',(-0.861180149352,0.508299862642,0.));
#5764 = DIRECTION('',(0.508299862642,0.861180149352,0.));
#5765 = ADVANCED_FACE('',(#5766),#5777,.F.);
#5766 = FACE_BOUND('',#5767,.F.);
#5767 = EDGE_LOOP('',(#5768,#5774,#5775,#5776));
#5768 = ORIENTED_EDGE('',*,*,#5769,.T.);
#5769 = EDGE_CURVE('',#1303,#4959,#5770,.T.);
#5770 = LINE('',#5771,#5772);
#5771 = CARTESIAN_POINT('',(17.932727584138,-11.86032383171,14.25));
#5772 = VECTOR('',#5773,1.);
#5773 = DIRECTION('',(0.,0.,1.));
#5774 = ORIENTED_EDGE('',*,*,#4966,.T.);
#5775 = ORIENTED_EDGE('',*,*,#5752,.F.);
#5776 = ORIENTED_EDGE('',*,*,#1310,.F.);
#5777 = PLANE('',#5778);
#5778 = AXIS2_PLACEMENT_3D('',#5779,#5780,#5781);
#5779 = CARTESIAN_POINT('',(17.932727584138,-11.86032383171,14.25));
#5780 = DIRECTION('',(-0.843359397755,0.537349910411,0.));
#5781 = DIRECTION('',(0.537349910411,0.843359397755,0.));
#5782 = ADVANCED_FACE('',(#5783),#5794,.F.);
#5783 = FACE_BOUND('',#5784,.F.);
#5784 = EDGE_LOOP('',(#5785,#5791,#5792,#5793));
#5785 = ORIENTED_EDGE('',*,*,#5786,.T.);
#5786 = EDGE_CURVE('',#1295,#4951,#5787,.T.);
#5787 = LINE('',#5788,#5789);
#5788 = CARTESIAN_POINT('',(17.518165521765,-12.46450467335,14.25));
#5789 = VECTOR('',#5790,1.);
#5790 = DIRECTION('',(0.,0.,1.));
#5791 = ORIENTED_EDGE('',*,*,#4958,.T.);
#5792 = ORIENTED_EDGE('',*,*,#5769,.F.);
#5793 = ORIENTED_EDGE('',*,*,#1302,.F.);
#5794 = PLANE('',#5795);
#5795 = AXIS2_PLACEMENT_3D('',#5796,#5797,#5798);
#5796 = CARTESIAN_POINT('',(17.518165521765,-12.46450467335,14.25));
#5797 = DIRECTION('',(-0.82455909732,0.565775834608,0.));
#5798 = DIRECTION('',(0.565775834608,0.82455909732,0.));
#5799 = ADVANCED_FACE('',(#5800),#5811,.F.);
#5800 = FACE_BOUND('',#5801,.F.);
#5801 = EDGE_LOOP('',(#5802,#5808,#5809,#5810));
#5802 = ORIENTED_EDGE('',*,*,#5803,.T.);
#5803 = EDGE_CURVE('',#1287,#4943,#5804,.T.);
#5804 = LINE('',#5805,#5806);
#5805 = CARTESIAN_POINT('',(17.083256382319,-13.05420818648,14.25));
#5806 = VECTOR('',#5807,1.);
#5807 = DIRECTION('',(0.,0.,1.));
#5808 = ORIENTED_EDGE('',*,*,#4950,.T.);
#5809 = ORIENTED_EDGE('',*,*,#5786,.F.);
#5810 = ORIENTED_EDGE('',*,*,#1294,.F.);
#5811 = PLANE('',#5812);
#5812 = AXIS2_PLACEMENT_3D('',#5813,#5814,#5815);
#5813 = CARTESIAN_POINT('',(17.083256382319,-13.05420818648,14.25));
#5814 = DIRECTION('',(-0.804801084305,0.593544618964,0.));
#5815 = DIRECTION('',(0.593544618964,0.804801084305,0.));
#5816 = ADVANCED_FACE('',(#5817),#5828,.F.);
#5817 = FACE_BOUND('',#5818,.F.);
#5818 = EDGE_LOOP('',(#5819,#5825,#5826,#5827));
#5819 = ORIENTED_EDGE('',*,*,#5820,.T.);
#5820 = EDGE_CURVE('',#1279,#4935,#5821,.T.);
#5821 = LINE('',#5822,#5823);
#5822 = CARTESIAN_POINT('',(16.62850530601,-13.62874943962,14.25));
#5823 = VECTOR('',#5824,1.);
#5824 = DIRECTION('',(0.,0.,1.));
#5825 = ORIENTED_EDGE('',*,*,#4942,.T.);
#5826 = ORIENTED_EDGE('',*,*,#5803,.F.);
#5827 = ORIENTED_EDGE('',*,*,#1286,.F.);
#5828 = PLANE('',#5829);
#5829 = AXIS2_PLACEMENT_3D('',#5830,#5831,#5832);
#5830 = CARTESIAN_POINT('',(16.62850530601,-13.62874943962,14.25));
#5831 = DIRECTION('',(-0.784108307335,0.620624010467,0.));
#5832 = DIRECTION('',(0.620624010467,0.784108307335,0.));
#5833 = ADVANCED_FACE('',(#5834),#5845,.F.);
#5834 = FACE_BOUND('',#5835,.F.);
#5835 = EDGE_LOOP('',(#5836,#5842,#5843,#5844));
#5836 = ORIENTED_EDGE('',*,*,#5837,.T.);
#5837 = EDGE_CURVE('',#1271,#4927,#5838,.T.);
#5838 = LINE('',#5839,#5840);
#5839 = CARTESIAN_POINT('',(16.154440479148,-14.18746111204,14.25));
#5840 = VECTOR('',#5841,1.);
#5841 = DIRECTION('',(0.,0.,1.));
#5842 = ORIENTED_EDGE('',*,*,#4934,.T.);
#5843 = ORIENTED_EDGE('',*,*,#5820,.F.);
#5844 = ORIENTED_EDGE('',*,*,#1278,.F.);
#5845 = PLANE('',#5846);
#5846 = AXIS2_PLACEMENT_3D('',#5847,#5848,#5849);
#5847 = CARTESIAN_POINT('',(16.154440479148,-14.18746111204,14.25));
#5848 = DIRECTION('',(-0.762504800749,0.646982556824,0.));
#5849 = DIRECTION('',(0.646982556824,0.762504800749,0.));
#5850 = ADVANCED_FACE('',(#5851),#5862,.F.);
#5851 = FACE_BOUND('',#5852,.F.);
#5852 = EDGE_LOOP('',(#5853,#5859,#5860,#5861));
#5853 = ORIENTED_EDGE('',*,*,#5854,.T.);
#5854 = EDGE_CURVE('',#1263,#4919,#5855,.T.);
#5855 = LINE('',#5856,#5857);
#5856 = CARTESIAN_POINT('',(15.661612520662,-14.72969426881,14.25));
#5857 = VECTOR('',#5858,1.);
#5858 = DIRECTION('',(0.,0.,1.));
#5859 = ORIENTED_EDGE('',*,*,#4926,.T.);
#5860 = ORIENTED_EDGE('',*,*,#5837,.F.);
#5861 = ORIENTED_EDGE('',*,*,#1270,.F.);
#5862 = PLANE('',#5863);
#5863 = AXIS2_PLACEMENT_3D('',#5864,#5865,#5866);
#5864 = CARTESIAN_POINT('',(15.661612520662,-14.72969426881,14.25));
#5865 = DIRECTION('',(-0.740015656684,0.672589642993,0.));
#5866 = DIRECTION('',(0.672589642993,0.740015656684,0.));
#5867 = ADVANCED_FACE('',(#5868),#5879,.F.);
#5868 = FACE_BOUND('',#5869,.F.);
#5869 = EDGE_LOOP('',(#5870,#5876,#5877,#5878));
#5870 = ORIENTED_EDGE('',*,*,#5871,.T.);
#5871 = EDGE_CURVE('',#1255,#4911,#5872,.T.);
#5872 = LINE('',#5873,#5874);
#5873 = CARTESIAN_POINT('',(15.15059384257,-15.25481911454,14.25));
#5874 = VECTOR('',#5875,1.);
#5875 = DIRECTION('',(0.,0.,1.));
#5876 = ORIENTED_EDGE('',*,*,#4918,.T.);
#5877 = ORIENTED_EDGE('',*,*,#5854,.F.);
#5878 = ORIENTED_EDGE('',*,*,#1262,.F.);
#5879 = PLANE('',#5880);
#5880 = AXIS2_PLACEMENT_3D('',#5881,#5882,#5883);
#5881 = CARTESIAN_POINT('',(15.15059384257,-15.25481911454,14.25));
#5882 = DIRECTION('',(-0.716666995932,0.697415526743,0.));
#5883 = DIRECTION('',(0.697415526743,0.716666995932,0.));
#5884 = ADVANCED_FACE('',(#5885),#5896,.F.);
#5885 = FACE_BOUND('',#5886,.F.);
#5886 = EDGE_LOOP('',(#5887,#5893,#5894,#5895));
#5887 = ORIENTED_EDGE('',*,*,#5888,.T.);
#5888 = EDGE_CURVE('',#1247,#4903,#5889,.T.);
#5889 = LINE('',#5890,#5891);
#5890 = CARTESIAN_POINT('',(14.621977985126,-15.76222572489,14.25));
#5891 = VECTOR('',#5892,1.);
#5892 = DIRECTION('',(0.,0.,1.));
#5893 = ORIENTED_EDGE('',*,*,#4910,.T.);
#5894 = ORIENTED_EDGE('',*,*,#5871,.F.);
#5895 = ORIENTED_EDGE('',*,*,#1254,.F.);
#5896 = PLANE('',#5897);
#5897 = AXIS2_PLACEMENT_3D('',#5898,#5899,#5900);
#5898 = CARTESIAN_POINT('',(14.621977985126,-15.76222572489,14.25));
#5899 = DIRECTION('',(-0.692485937598,0.721431373194,0.));
#5900 = DIRECTION('',(0.721431373194,0.692485937598,0.));
#5901 = ADVANCED_FACE('',(#5902),#5913,.F.);
#5902 = FACE_BOUND('',#5903,.F.);
#5903 = EDGE_LOOP('',(#5904,#5910,#5911,#5912));
#5904 = ORIENTED_EDGE('',*,*,#5905,.T.);
#5905 = EDGE_CURVE('',#1239,#4895,#5906,.T.);
#5906 = LINE('',#5907,#5908);
#5907 = CARTESIAN_POINT('',(14.076378927436,-16.25132475496,14.25));
#5908 = VECTOR('',#5909,1.);
#5909 = DIRECTION('',(0.,0.,1.));
#5910 = ORIENTED_EDGE('',*,*,#4902,.T.);
#5911 = ORIENTED_EDGE('',*,*,#5888,.F.);
#5912 = ORIENTED_EDGE('',*,*,#1246,.F.);
#5913 = PLANE('',#5914);
#5914 = AXIS2_PLACEMENT_3D('',#5915,#5916,#5917);
#5915 = CARTESIAN_POINT('',(14.076378927436,-16.25132475496,14.25));
#5916 = DIRECTION('',(-0.667500567608,0.744609288314,0.));
#5917 = DIRECTION('',(0.744609288314,0.667500567608,0.));
#5918 = ADVANCED_FACE('',(#5919),#5930,.F.);
#5919 = FACE_BOUND('',#5920,.F.);
#5920 = EDGE_LOOP('',(#5921,#5927,#5928,#5929));
#5921 = ORIENTED_EDGE('',*,*,#5922,.T.);
#5922 = EDGE_CURVE('',#1231,#4887,#5923,.T.);
#5923 = LINE('',#5924,#5925);
#5924 = CARTESIAN_POINT('',(13.514430374328,-16.72154812382,14.25));
#5925 = VECTOR('',#5926,1.);
#5926 = DIRECTION('',(0.,0.,1.));
#5927 = ORIENTED_EDGE('',*,*,#4894,.T.);
#5928 = ORIENTED_EDGE('',*,*,#5905,.F.);
#5929 = ORIENTED_EDGE('',*,*,#1238,.F.);
#5930 = PLANE('',#5931);
#5931 = AXIS2_PLACEMENT_3D('',#5932,#5933,#5934);
#5932 = CARTESIAN_POINT('',(13.514430374328,-16.72154812382,14.25));
#5933 = DIRECTION('',(-0.641739906079,0.766922351315,0.));
#5934 = DIRECTION('',(0.766922351315,0.641739906079,0.));
#5935 = ADVANCED_FACE('',(#5936),#5947,.F.);
#5936 = FACE_BOUND('',#5937,.F.);
#5937 = EDGE_LOOP('',(#5938,#5944,#5945,#5946));
#5938 = ORIENTED_EDGE('',*,*,#5939,.T.);
#5939 = EDGE_CURVE('',#1223,#4879,#5940,.T.);
#5940 = LINE('',#5941,#5942);
#5941 = CARTESIAN_POINT('',(12.936785020316,-17.17234967434,14.25));
#5942 = VECTOR('',#5943,1.);
#5943 = DIRECTION('',(0.,0.,1.));
#5944 = ORIENTED_EDGE('',*,*,#4886,.T.);
#5945 = ORIENTED_EDGE('',*,*,#5922,.F.);
#5946 = ORIENTED_EDGE('',*,*,#1230,.F.);
#5947 = PLANE('',#5948);
#5948 = AXIS2_PLACEMENT_3D('',#5949,#5950,#5951);
#5949 = CARTESIAN_POINT('',(12.936785020316,-17.17234967434,14.25));
#5950 = DIRECTION('',(-0.61523387362,0.78834464592,0.));
#5951 = DIRECTION('',(0.78834464592,0.61523387362,0.));
#5952 = ADVANCED_FACE('',(#5953),#5964,.F.);
#5953 = FACE_BOUND('',#5954,.F.);
#5954 = EDGE_LOOP('',(#5955,#5961,#5962,#5963));
#5955 = ORIENTED_EDGE('',*,*,#5956,.T.);
#5956 = EDGE_CURVE('',#1215,#4871,#5957,.T.);
#5957 = LINE('',#5958,#5959);
#5958 = CARTESIAN_POINT('',(12.344113791503,-17.60320580753,14.25));
#5959 = VECTOR('',#5960,1.);
#5960 = DIRECTION('',(0.,0.,1.));
#5961 = ORIENTED_EDGE('',*,*,#4878,.T.);
#5962 = ORIENTED_EDGE('',*,*,#5939,.F.);
#5963 = ORIENTED_EDGE('',*,*,#1222,.F.);
#5964 = PLANE('',#5965);
#5965 = AXIS2_PLACEMENT_3D('',#5966,#5967,#5968);
#5966 = CARTESIAN_POINT('',(12.344113791503,-17.60320580753,14.25));
#5967 = DIRECTION('',(-0.588013256576,0.808851290468,0.));
#5968 = DIRECTION('',(0.808851290468,0.588013256576,0.));
#5969 = ADVANCED_FACE('',(#5970),#5981,.F.);
#5970 = FACE_BOUND('',#5971,.F.);
#5971 = EDGE_LOOP('',(#5972,#5978,#5979,#5980));
#5972 = ORIENTED_EDGE('',*,*,#5973,.T.);
#5973 = EDGE_CURVE('',#1207,#4863,#5974,.T.);
#5974 = LINE('',#5975,#5976);
#5975 = CARTESIAN_POINT('',(11.737105066313,-18.01361609067,14.25));
#5976 = VECTOR('',#5977,1.);
#5977 = DIRECTION('',(0.,0.,1.));
#5978 = ORIENTED_EDGE('',*,*,#4870,.T.);
#5979 = ORIENTED_EDGE('',*,*,#5956,.F.);
#5980 = ORIENTED_EDGE('',*,*,#1214,.F.);
#5981 = PLANE('',#5982);
#5982 = AXIS2_PLACEMENT_3D('',#5983,#5984,#5985);
#5983 = CARTESIAN_POINT('',(11.737105066313,-18.01361609067,14.25));
#5984 = DIRECTION('',(-0.56010967127,0.828418466809,0.));
#5985 = DIRECTION('',(0.828418466809,0.56010967127,0.));
#5986 = ADVANCED_FACE('',(#5987),#5998,.F.);
#5987 = FACE_BOUND('',#5988,.F.);
#5988 = EDGE_LOOP('',(#5989,#5995,#5996,#5997));
#5989 = ORIENTED_EDGE('',*,*,#5990,.T.);
#5990 = EDGE_CURVE('',#1199,#4855,#5991,.T.);
#5991 = LINE('',#5992,#5993);
#5992 = CARTESIAN_POINT('',(11.11646387595,-18.40310383861,14.25));
#5993 = VECTOR('',#5994,1.);
#5994 = DIRECTION('',(0.,0.,1.));
#5995 = ORIENTED_EDGE('',*,*,#4862,.T.);
#5996 = ORIENTED_EDGE('',*,*,#5973,.F.);
#5997 = ORIENTED_EDGE('',*,*,#1206,.F.);
#5998 = PLANE('',#5999);
#5999 = AXIS2_PLACEMENT_3D('',#6000,#6001,#6002);
#6000 = CARTESIAN_POINT('',(11.11646387595,-18.40310383861,14.25));
#6001 = DIRECTION('',(-0.531555527283,0.847023447972,0.));
#6002 = DIRECTION('',(0.847023447972,0.531555527283,0.));
#6003 = ADVANCED_FACE('',(#6004),#6015,.F.);
#6004 = FACE_BOUND('',#6005,.F.);
#6005 = EDGE_LOOP('',(#6006,#6012,#6013,#6014));
#6006 = ORIENTED_EDGE('',*,*,#6007,.T.);
#6007 = EDGE_CURVE('',#1191,#4847,#6008,.T.);
#6008 = LINE('',#6009,#6010);
#6009 = CARTESIAN_POINT('',(10.482911085512,-18.77121666736,14.25));
#6010 = VECTOR('',#6011,1.);
#6011 = DIRECTION('',(0.,0.,1.));
#6012 = ORIENTED_EDGE('',*,*,#4854,.T.);
#6013 = ORIENTED_EDGE('',*,*,#5990,.F.);
#6014 = ORIENTED_EDGE('',*,*,#1198,.F.);
#6015 = PLANE('',#6016);
#6016 = AXIS2_PLACEMENT_3D('',#6017,#6018,#6019);
#6017 = CARTESIAN_POINT('',(10.482911085512,-18.77121666736,14.25));
#6018 = DIRECTION('',(-0.502383989811,0.864644624561,0.));
#6019 = DIRECTION('',(0.864644624561,0.502383989811,0.));
#6020 = ADVANCED_FACE('',(#6021),#6032,.F.);
#6021 = FACE_BOUND('',#6022,.F.);
#6022 = EDGE_LOOP('',(#6023,#6029,#6030,#6031));
#6023 = ORIENTED_EDGE('',*,*,#6024,.T.);
#6024 = EDGE_CURVE('',#1183,#4839,#6025,.T.);
#6025 = LINE('',#6026,#6027);
#6026 = CARTESIAN_POINT('',(9.837182556723,-19.11752701961,14.25));
#6027 = VECTOR('',#6028,1.);
#6028 = DIRECTION('',(0.,0.,1.));
#6029 = ORIENTED_EDGE('',*,*,#4846,.T.);
#6030 = ORIENTED_EDGE('',*,*,#6007,.F.);
#6031 = ORIENTED_EDGE('',*,*,#1190,.F.);
#6032 = PLANE('',#6033);
#6033 = AXIS2_PLACEMENT_3D('',#6034,#6035,#6036);
#6034 = CARTESIAN_POINT('',(9.837182556723,-19.11752701961,14.25));
#6035 = DIRECTION('',(-0.47262894114,0.881261529852,0.));
#6036 = DIRECTION('',(0.881261529852,0.47262894114,0.));
#6037 = ADVANCED_FACE('',(#6038),#6049,.F.);
#6038 = FACE_BOUND('',#6039,.F.);
#6039 = EDGE_LOOP('',(#6040,#6046,#6047,#6048));
#6040 = ORIENTED_EDGE('',*,*,#6041,.T.);
#6041 = EDGE_CURVE('',#1175,#4831,#6042,.T.);
#6042 = LINE('',#6043,#6044);
#6043 = CARTESIAN_POINT('',(9.180028293236,-19.44163266126,14.25));
#6044 = VECTOR('',#6045,1.);
#6045 = DIRECTION('',(0.,0.,1.));
#6046 = ORIENTED_EDGE('',*,*,#4838,.T.);
#6047 = ORIENTED_EDGE('',*,*,#6024,.F.);
#6048 = ORIENTED_EDGE('',*,*,#1182,.F.);
#6049 = PLANE('',#6050);
#6050 = AXIS2_PLACEMENT_3D('',#6051,#6052,#6053);
#6051 = CARTESIAN_POINT('',(9.180028293236,-19.44163266126,14.25));
#6052 = DIRECTION('',(-0.442324941297,0.896854863569,0.));
#6053 = DIRECTION('',(0.896854863569,0.442324941297,0.));
#6054 = ADVANCED_FACE('',(#6055),#6066,.F.);
#6055 = FACE_BOUND('',#6056,.F.);
#6056 = EDGE_LOOP('',(#6057,#6063,#6064,#6065));
#6057 = ORIENTED_EDGE('',*,*,#6058,.T.);
#6058 = EDGE_CURVE('',#1167,#4823,#6059,.T.);
#6059 = LINE('',#6060,#6061);
#6060 = CARTESIAN_POINT('',(8.512211569517,-19.74315714863,14.25));
#6061 = VECTOR('',#6062,1.);
#6062 = DIRECTION('',(0.,0.,1.));
#6063 = ORIENTED_EDGE('',*,*,#4830,.T.);
#6064 = ORIENTED_EDGE('',*,*,#6041,.F.);
#6065 = ORIENTED_EDGE('',*,*,#1174,.F.);
#6066 = PLANE('',#6067);
#6067 = AXIS2_PLACEMENT_3D('',#6068,#6069,#6070);
#6068 = CARTESIAN_POINT('',(8.512211569517,-19.74315714863,14.25));
#6069 = DIRECTION('',(-0.411507187907,0.911406514296,0.));
#6070 = DIRECTION('',(0.911406514296,0.411507187907,0.));
#6071 = ADVANCED_FACE('',(#6072),#6083,.F.);
#6072 = FACE_BOUND('',#6073,.F.);
#6073 = EDGE_LOOP('',(#6074,#6080,#6081,#6082));
#6074 = ORIENTED_EDGE('',*,*,#6075,.T.);
#6075 = EDGE_CURVE('',#1159,#4815,#6076,.T.);
#6076 = LINE('',#6077,#6078);
#6077 = CARTESIAN_POINT('',(7.834508044315,-20.02175026573,14.25));
#6078 = VECTOR('',#6079,1.);
#6079 = DIRECTION('',(0.,0.,1.));
#6080 = ORIENTED_EDGE('',*,*,#4822,.T.);
#6081 = ORIENTED_EDGE('',*,*,#6058,.F.);
#6082 = ORIENTED_EDGE('',*,*,#1166,.F.);
#6083 = PLANE('',#6084);
#6084 = AXIS2_PLACEMENT_3D('',#6085,#6086,#6087);
#6085 = CARTESIAN_POINT('',(7.834508044315,-20.02175026573,14.25));
#6086 = DIRECTION('',(-0.380211475312,0.924899580517,0.));
#6087 = DIRECTION('',(0.924899580517,0.380211475312,0.));
#6088 = ADVANCED_FACE('',(#6089),#6100,.F.);
#6089 = FACE_BOUND('',#6090,.F.);
#6090 = EDGE_LOOP('',(#6091,#6097,#6098,#6099));
#6091 = ORIENTED_EDGE('',*,*,#6092,.T.);
#6092 = EDGE_CURVE('',#1151,#4807,#6093,.T.);
#6093 = LINE('',#6094,#6095);
#6094 = CARTESIAN_POINT('',(7.147704859746,-20.27708843098,14.25));
#6095 = VECTOR('',#6096,1.);
#6096 = DIRECTION('',(0.,0.,1.));
#6097 = ORIENTED_EDGE('',*,*,#4814,.T.);
#6098 = ORIENTED_EDGE('',*,*,#6075,.F.);
#6099 = ORIENTED_EDGE('',*,*,#1158,.F.);
#6100 = PLANE('',#6101);
#6101 = AXIS2_PLACEMENT_3D('',#6102,#6103,#6104);
#6102 = CARTESIAN_POINT('',(7.147704859746,-20.27708843098,14.25));
#6103 = DIRECTION('',(-0.348474152996,0.937318390246,0.));
#6104 = DIRECTION('',(0.937318390246,0.348474152996,0.));
#6105 = ADVANCED_FACE('',(#6106),#6117,.F.);
#6106 = FACE_BOUND('',#6107,.F.);
#6107 = EDGE_LOOP('',(#6108,#6114,#6115,#6116));
#6108 = ORIENTED_EDGE('',*,*,#6109,.T.);
#6109 = EDGE_CURVE('',#1143,#4799,#6110,.T.);
#6110 = LINE('',#6111,#6112);
#6111 = CARTESIAN_POINT('',(6.452599727037,-20.50887507306,14.25));
#6112 = VECTOR('',#6113,1.);
#6113 = DIRECTION('',(0.,0.,1.));
#6114 = ORIENTED_EDGE('',*,*,#4806,.T.);
#6115 = ORIENTED_EDGE('',*,*,#6092,.F.);
#6116 = ORIENTED_EDGE('',*,*,#1150,.F.);
#6117 = PLANE('',#6118);
#6118 = AXIS2_PLACEMENT_3D('',#6119,#6120,#6121);
#6119 = CARTESIAN_POINT('',(6.452599727037,-20.50887507306,14.25));
#6120 = DIRECTION('',(-0.316332083365,0.948648519228,0.));
#6121 = DIRECTION('',(0.948648519228,0.316332083365,0.));
#6122 = ADVANCED_FACE('',(#6123),#6134,.F.);
#6123 = FACE_BOUND('',#6124,.F.);
#6124 = EDGE_LOOP('',(#6125,#6131,#6132,#6133));
#6125 = ORIENTED_EDGE('',*,*,#6126,.T.);
#6126 = EDGE_CURVE('',#1135,#4791,#6127,.T.);
#6127 = LINE('',#6128,#6129);
#6128 = CARTESIAN_POINT('',(5.75,-20.7168409754,14.25));
#6129 = VECTOR('',#6130,1.);
#6130 = DIRECTION('',(0.,0.,1.));
#6131 = ORIENTED_EDGE('',*,*,#4798,.T.);
#6132 = ORIENTED_EDGE('',*,*,#6109,.F.);
#6133 = ORIENTED_EDGE('',*,*,#1142,.F.);
#6134 = PLANE('',#6135);
#6135 = AXIS2_PLACEMENT_3D('',#6136,#6137,#6138);
#6136 = CARTESIAN_POINT('',(5.75,-20.7168409754,14.25));
#6137 = DIRECTION('',(-0.283822598935,0.958876807694,0.));
#6138 = DIRECTION('',(0.958876807694,0.283822598935,0.));
#6139 = ADVANCED_FACE('',(#6140),#6151,.F.);
#6140 = FACE_BOUND('',#6141,.F.);
#6141 = EDGE_LOOP('',(#6142,#6148,#6149,#6150));
#6142 = ORIENTED_EDGE('',*,*,#6143,.T.);
#6143 = EDGE_CURVE('',#1127,#4783,#6144,.T.);
#6144 = LINE('',#6145,#6146);
#6145 = CARTESIAN_POINT('',(5.75,-26.85,14.25));
#6146 = VECTOR('',#6147,1.);
#6147 = DIRECTION('',(0.,0.,1.));
#6148 = ORIENTED_EDGE('',*,*,#4790,.T.);
#6149 = ORIENTED_EDGE('',*,*,#6126,.F.);
#6150 = ORIENTED_EDGE('',*,*,#1134,.F.);
#6151 = PLANE('',#6152);
#6152 = AXIS2_PLACEMENT_3D('',#6153,#6154,#6155);
#6153 = CARTESIAN_POINT('',(5.75,-26.85,14.25));
#6154 = DIRECTION('',(-1.,-8.688948870926E-16,0.));
#6155 = DIRECTION('',(-8.688948870926E-16,1.,0.));
#6156 = ADVANCED_FACE('',(#6157),#6175,.F.);
#6157 = FACE_BOUND('',#6158,.F.);
#6158 = EDGE_LOOP('',(#6159,#6165,#6166,#6167,#6168,#6174));
#6159 = ORIENTED_EDGE('',*,*,#6160,.T.);
#6160 = EDGE_CURVE('',#1087,#4775,#6161,.T.);
#6161 = LINE('',#6162,#6163);
#6162 = CARTESIAN_POINT('',(-5.75,-26.85,14.25));
#6163 = VECTOR('',#6164,1.);
#6164 = DIRECTION('',(0.,0.,1.));
#6165 = ORIENTED_EDGE('',*,*,#4782,.T.);
#6166 = ORIENTED_EDGE('',*,*,#6143,.F.);
#6167 = ORIENTED_EDGE('',*,*,#1126,.F.);
#6168 = ORIENTED_EDGE('',*,*,#6169,.F.);
#6169 = EDGE_CURVE('',#1095,#1119,#6170,.T.);
#6170 = LINE('',#6171,#6172);
#6171 = CARTESIAN_POINT('',(-5.75,-26.85,14.25));
#6172 = VECTOR('',#6173,1.);
#6173 = DIRECTION('',(1.,0.,0.));
#6174 = ORIENTED_EDGE('',*,*,#1094,.F.);
#6175 = PLANE('',#6176);
#6176 = AXIS2_PLACEMENT_3D('',#6177,#6178,#6179);
#6177 = CARTESIAN_POINT('',(-5.75,-26.85,14.25));
#6178 = DIRECTION('',(0.,1.,0.));
#6179 = DIRECTION('',(1.,0.,0.));
#6180 = ADVANCED_FACE('',(#6181),#6214,.F.);
#6181 = FACE_BOUND('',#6182,.F.);
#6182 = EDGE_LOOP('',(#6183,#6191,#6199,#6207,#6213));
#6183 = ORIENTED_EDGE('',*,*,#6184,.F.);
#6184 = EDGE_CURVE('',#6185,#1111,#6187,.T.);
#6185 = VERTEX_POINT('',#6186);
#6186 = CARTESIAN_POINT('',(4.82,-19.97,10.75));
#6187 = LINE('',#6188,#6189);
#6188 = CARTESIAN_POINT('',(4.82,-19.97,10.75));
#6189 = VECTOR('',#6190,1.);
#6190 = DIRECTION('',(0.,0.,1.));
#6191 = ORIENTED_EDGE('',*,*,#6192,.T.);
#6192 = EDGE_CURVE('',#6185,#6193,#6195,.T.);
#6193 = VERTEX_POINT('',#6194);
#6194 = CARTESIAN_POINT('',(4.82,-27.9,10.75));
#6195 = LINE('',#6196,#6197);
#6196 = CARTESIAN_POINT('',(4.82,-19.97,10.75));
#6197 = VECTOR('',#6198,1.);
#6198 = DIRECTION('',(1.224646799147E-16,-1.,0.));
#6199 = ORIENTED_EDGE('',*,*,#6200,.T.);
#6200 = EDGE_CURVE('',#6193,#6201,#6203,.T.);
#6201 = VERTEX_POINT('',#6202);
#6202 = CARTESIAN_POINT('',(4.82,-27.9,14.25));
#6203 = LINE('',#6204,#6205);
#6204 = CARTESIAN_POINT('',(4.82,-27.9,10.75));
#6205 = VECTOR('',#6206,1.);
#6206 = DIRECTION('',(0.,0.,1.));
#6207 = ORIENTED_EDGE('',*,*,#6208,.F.);
#6208 = EDGE_CURVE('',#1119,#6201,#6209,.T.);
#6209 = LINE('',#6210,#6211);
#6210 = CARTESIAN_POINT('',(4.82,-19.97,14.25));
#6211 = VECTOR('',#6212,1.);
#6212 = DIRECTION('',(1.224646799147E-16,-1.,0.));
#6213 = ORIENTED_EDGE('',*,*,#1118,.F.);
#6214 = PLANE('',#6215);
#6215 = AXIS2_PLACEMENT_3D('',#6216,#6217,#6218);
#6216 = CARTESIAN_POINT('',(4.82,-19.97,10.75));
#6217 = DIRECTION('',(-1.,-1.224646799147E-16,0.));
#6218 = DIRECTION('',(0.,0.,1.));
#6219 = ADVANCED_FACE('',(#6220),#6238,.F.);
#6220 = FACE_BOUND('',#6221,.F.);
#6221 = EDGE_LOOP('',(#6222,#6230,#6231,#6232));
#6222 = ORIENTED_EDGE('',*,*,#6223,.F.);
#6223 = EDGE_CURVE('',#6185,#6224,#6226,.T.);
#6224 = VERTEX_POINT('',#6225);
#6225 = CARTESIAN_POINT('',(-4.82,-19.97,10.75));
#6226 = LINE('',#6227,#6228);
#6227 = CARTESIAN_POINT('',(4.82,-19.97,10.75));
#6228 = VECTOR('',#6229,1.);
#6229 = DIRECTION('',(-1.,-1.224646799147E-16,0.));
#6230 = ORIENTED_EDGE('',*,*,#6184,.T.);
#6231 = ORIENTED_EDGE('',*,*,#1110,.T.);
#6232 = ORIENTED_EDGE('',*,*,#6233,.F.);
#6233 = EDGE_CURVE('',#6224,#1103,#6234,.T.);
#6234 = LINE('',#6235,#6236);
#6235 = CARTESIAN_POINT('',(-4.82,-19.97,10.75));
#6236 = VECTOR('',#6237,1.);
#6237 = DIRECTION('',(0.,0.,1.));
#6238 = PLANE('',#6239);
#6239 = AXIS2_PLACEMENT_3D('',#6240,#6241,#6242);
#6240 = CARTESIAN_POINT('',(4.82,-19.97,10.75));
#6241 = DIRECTION('',(1.224646799147E-16,-1.,0.));
#6242 = DIRECTION('',(0.,0.,1.));
#6243 = ADVANCED_FACE('',(#6244),#6270,.T.);
#6244 = FACE_BOUND('',#6245,.T.);
#6245 = EDGE_LOOP('',(#6246,#6247,#6255,#6263,#6269));
#6246 = ORIENTED_EDGE('',*,*,#6233,.F.);
#6247 = ORIENTED_EDGE('',*,*,#6248,.T.);
#6248 = EDGE_CURVE('',#6224,#6249,#6251,.T.);
#6249 = VERTEX_POINT('',#6250);
#6250 = CARTESIAN_POINT('',(-4.82,-27.9,10.75));
#6251 = LINE('',#6252,#6253);
#6252 = CARTESIAN_POINT('',(-4.82,-19.97,10.75));
#6253 = VECTOR('',#6254,1.);
#6254 = DIRECTION('',(1.224646799147E-16,-1.,0.));
#6255 = ORIENTED_EDGE('',*,*,#6256,.T.);
#6256 = EDGE_CURVE('',#6249,#6257,#6259,.T.);
#6257 = VERTEX_POINT('',#6258);
#6258 = CARTESIAN_POINT('',(-4.82,-27.9,14.25));
#6259 = LINE('',#6260,#6261);
#6260 = CARTESIAN_POINT('',(-4.82,-27.9,10.75));
#6261 = VECTOR('',#6262,1.);
#6262 = DIRECTION('',(0.,0.,1.));
#6263 = ORIENTED_EDGE('',*,*,#6264,.F.);
#6264 = EDGE_CURVE('',#1095,#6257,#6265,.T.);
#6265 = LINE('',#6266,#6267);
#6266 = CARTESIAN_POINT('',(-4.82,-19.97,14.25));
#6267 = VECTOR('',#6268,1.);
#6268 = DIRECTION('',(1.224646799147E-16,-1.,0.));
#6269 = ORIENTED_EDGE('',*,*,#1102,.F.);
#6270 = PLANE('',#6271);
#6271 = AXIS2_PLACEMENT_3D('',#6272,#6273,#6274);
#6272 = CARTESIAN_POINT('',(-4.82,-19.97,10.75));
#6273 = DIRECTION('',(-1.,-1.224646799147E-16,0.));
#6274 = DIRECTION('',(0.,0.,1.));
#6275 = ADVANCED_FACE('',(#6276),#6287,.F.);
#6276 = FACE_BOUND('',#6277,.F.);
#6277 = EDGE_LOOP('',(#6278,#6284,#6285,#6286));
#6278 = ORIENTED_EDGE('',*,*,#6279,.T.);
#6279 = EDGE_CURVE('',#1079,#4767,#6280,.T.);
#6280 = LINE('',#6281,#6282);
#6281 = CARTESIAN_POINT('',(-5.75,-20.7168409754,14.25));
#6282 = VECTOR('',#6283,1.);
#6283 = DIRECTION('',(0.,0.,1.));
#6284 = ORIENTED_EDGE('',*,*,#4774,.T.);
#6285 = ORIENTED_EDGE('',*,*,#6160,.F.);
#6286 = ORIENTED_EDGE('',*,*,#1086,.F.);
#6287 = PLANE('',#6288);
#6288 = AXIS2_PLACEMENT_3D('',#6289,#6290,#6291);
#6289 = CARTESIAN_POINT('',(-5.75,-20.7168409754,14.25));
#6290 = DIRECTION('',(1.,2.896316290309E-16,-0.));
#6291 = DIRECTION('',(2.896316290309E-16,-1.,0.));
#6292 = ADVANCED_FACE('',(#6293),#6304,.F.);
#6293 = FACE_BOUND('',#6294,.F.);
#6294 = EDGE_LOOP('',(#6295,#6301,#6302,#6303));
#6295 = ORIENTED_EDGE('',*,*,#6296,.T.);
#6296 = EDGE_CURVE('',#1071,#4759,#6297,.T.);
#6297 = LINE('',#6298,#6299);
#6298 = CARTESIAN_POINT('',(-6.452599727037,-20.50887507306,14.25));
#6299 = VECTOR('',#6300,1.);
#6300 = DIRECTION('',(0.,0.,1.));
#6301 = ORIENTED_EDGE('',*,*,#4766,.T.);
#6302 = ORIENTED_EDGE('',*,*,#6279,.F.);
#6303 = ORIENTED_EDGE('',*,*,#1078,.F.);
#6304 = PLANE('',#6305);
#6305 = AXIS2_PLACEMENT_3D('',#6306,#6307,#6308);
#6306 = CARTESIAN_POINT('',(-6.452599727037,-20.50887507306,14.25));
#6307 = DIRECTION('',(0.283822598935,0.958876807694,-0.));
#6308 = DIRECTION('',(0.958876807694,-0.283822598935,0.));
#6309 = ADVANCED_FACE('',(#6310),#6321,.F.);
#6310 = FACE_BOUND('',#6311,.F.);
#6311 = EDGE_LOOP('',(#6312,#6318,#6319,#6320));
#6312 = ORIENTED_EDGE('',*,*,#6313,.T.);
#6313 = EDGE_CURVE('',#1063,#4751,#6314,.T.);
#6314 = LINE('',#6315,#6316);
#6315 = CARTESIAN_POINT('',(-7.147704859746,-20.27708843098,14.25));
#6316 = VECTOR('',#6317,1.);
#6317 = DIRECTION('',(0.,0.,1.));
#6318 = ORIENTED_EDGE('',*,*,#4758,.T.);
#6319 = ORIENTED_EDGE('',*,*,#6296,.F.);
#6320 = ORIENTED_EDGE('',*,*,#1070,.F.);
#6321 = PLANE('',#6322);
#6322 = AXIS2_PLACEMENT_3D('',#6323,#6324,#6325);
#6323 = CARTESIAN_POINT('',(-7.147704859746,-20.27708843098,14.25));
#6324 = DIRECTION('',(0.316332083365,0.948648519228,-0.));
#6325 = DIRECTION('',(0.948648519228,-0.316332083365,0.));
#6326 = ADVANCED_FACE('',(#6327),#6338,.F.);
#6327 = FACE_BOUND('',#6328,.F.);
#6328 = EDGE_LOOP('',(#6329,#6335,#6336,#6337));
#6329 = ORIENTED_EDGE('',*,*,#6330,.T.);
#6330 = EDGE_CURVE('',#1055,#4743,#6331,.T.);
#6331 = LINE('',#6332,#6333);
#6332 = CARTESIAN_POINT('',(-7.834508044315,-20.02175026573,14.25));
#6333 = VECTOR('',#6334,1.);
#6334 = DIRECTION('',(0.,0.,1.));
#6335 = ORIENTED_EDGE('',*,*,#4750,.T.);
#6336 = ORIENTED_EDGE('',*,*,#6313,.F.);
#6337 = ORIENTED_EDGE('',*,*,#1062,.F.);
#6338 = PLANE('',#6339);
#6339 = AXIS2_PLACEMENT_3D('',#6340,#6341,#6342);
#6340 = CARTESIAN_POINT('',(-7.834508044315,-20.02175026573,14.25));
#6341 = DIRECTION('',(0.348474152996,0.937318390246,-0.));
#6342 = DIRECTION('',(0.937318390246,-0.348474152996,0.));
#6343 = ADVANCED_FACE('',(#6344),#6355,.F.);
#6344 = FACE_BOUND('',#6345,.F.);
#6345 = EDGE_LOOP('',(#6346,#6352,#6353,#6354));
#6346 = ORIENTED_EDGE('',*,*,#6347,.T.);
#6347 = EDGE_CURVE('',#1047,#4735,#6348,.T.);
#6348 = LINE('',#6349,#6350);
#6349 = CARTESIAN_POINT('',(-8.512211569517,-19.74315714863,14.25));
#6350 = VECTOR('',#6351,1.);
#6351 = DIRECTION('',(0.,0.,1.));
#6352 = ORIENTED_EDGE('',*,*,#4742,.T.);
#6353 = ORIENTED_EDGE('',*,*,#6330,.F.);
#6354 = ORIENTED_EDGE('',*,*,#1054,.F.);
#6355 = PLANE('',#6356);
#6356 = AXIS2_PLACEMENT_3D('',#6357,#6358,#6359);
#6357 = CARTESIAN_POINT('',(-8.512211569517,-19.74315714863,14.25));
#6358 = DIRECTION('',(0.380211475312,0.924899580517,-0.));
#6359 = DIRECTION('',(0.924899580517,-0.380211475312,0.));
#6360 = ADVANCED_FACE('',(#6361),#6372,.F.);
#6361 = FACE_BOUND('',#6362,.F.);
#6362 = EDGE_LOOP('',(#6363,#6369,#6370,#6371));
#6363 = ORIENTED_EDGE('',*,*,#6364,.T.);
#6364 = EDGE_CURVE('',#1039,#4727,#6365,.T.);
#6365 = LINE('',#6366,#6367);
#6366 = CARTESIAN_POINT('',(-9.180028293236,-19.44163266126,14.25));
#6367 = VECTOR('',#6368,1.);
#6368 = DIRECTION('',(0.,0.,1.));
#6369 = ORIENTED_EDGE('',*,*,#4734,.T.);
#6370 = ORIENTED_EDGE('',*,*,#6347,.F.);
#6371 = ORIENTED_EDGE('',*,*,#1046,.F.);
#6372 = PLANE('',#6373);
#6373 = AXIS2_PLACEMENT_3D('',#6374,#6375,#6376);
#6374 = CARTESIAN_POINT('',(-9.180028293236,-19.44163266126,14.25));
#6375 = DIRECTION('',(0.411507187907,0.911406514296,-0.));
#6376 = DIRECTION('',(0.911406514296,-0.411507187907,0.));
#6377 = ADVANCED_FACE('',(#6378),#6389,.F.);
#6378 = FACE_BOUND('',#6379,.F.);
#6379 = EDGE_LOOP('',(#6380,#6386,#6387,#6388));
#6380 = ORIENTED_EDGE('',*,*,#6381,.T.);
#6381 = EDGE_CURVE('',#1031,#4719,#6382,.T.);
#6382 = LINE('',#6383,#6384);
#6383 = CARTESIAN_POINT('',(-9.837182556723,-19.11752701961,14.25));
#6384 = VECTOR('',#6385,1.);
#6385 = DIRECTION('',(0.,0.,1.));
#6386 = ORIENTED_EDGE('',*,*,#4726,.T.);
#6387 = ORIENTED_EDGE('',*,*,#6364,.F.);
#6388 = ORIENTED_EDGE('',*,*,#1038,.F.);
#6389 = PLANE('',#6390);
#6390 = AXIS2_PLACEMENT_3D('',#6391,#6392,#6393);
#6391 = CARTESIAN_POINT('',(-9.837182556723,-19.11752701961,14.25));
#6392 = DIRECTION('',(0.442324941297,0.896854863569,-0.));
#6393 = DIRECTION('',(0.896854863569,-0.442324941297,0.));
#6394 = ADVANCED_FACE('',(#6395),#6406,.F.);
#6395 = FACE_BOUND('',#6396,.F.);
#6396 = EDGE_LOOP('',(#6397,#6403,#6404,#6405));
#6397 = ORIENTED_EDGE('',*,*,#6398,.T.);
#6398 = EDGE_CURVE('',#1023,#4711,#6399,.T.);
#6399 = LINE('',#6400,#6401);
#6400 = CARTESIAN_POINT('',(-10.48291108551,-18.77121666736,14.25));
#6401 = VECTOR('',#6402,1.);
#6402 = DIRECTION('',(0.,0.,1.));
#6403 = ORIENTED_EDGE('',*,*,#4718,.T.);
#6404 = ORIENTED_EDGE('',*,*,#6381,.F.);
#6405 = ORIENTED_EDGE('',*,*,#1030,.F.);
#6406 = PLANE('',#6407);
#6407 = AXIS2_PLACEMENT_3D('',#6408,#6409,#6410);
#6408 = CARTESIAN_POINT('',(-10.48291108551,-18.77121666736,14.25));
#6409 = DIRECTION('',(0.47262894114,0.881261529852,-0.));
#6410 = DIRECTION('',(0.881261529852,-0.47262894114,0.));
#6411 = ADVANCED_FACE('',(#6412),#6423,.F.);
#6412 = FACE_BOUND('',#6413,.F.);
#6413 = EDGE_LOOP('',(#6414,#6420,#6421,#6422));
#6414 = ORIENTED_EDGE('',*,*,#6415,.T.);
#6415 = EDGE_CURVE('',#1015,#4703,#6416,.T.);
#6416 = LINE('',#6417,#6418);
#6417 = CARTESIAN_POINT('',(-11.11646387595,-18.40310383861,14.25));
#6418 = VECTOR('',#6419,1.);
#6419 = DIRECTION('',(0.,0.,1.));
#6420 = ORIENTED_EDGE('',*,*,#4710,.T.);
#6421 = ORIENTED_EDGE('',*,*,#6398,.F.);
#6422 = ORIENTED_EDGE('',*,*,#1022,.F.);
#6423 = PLANE('',#6424);
#6424 = AXIS2_PLACEMENT_3D('',#6425,#6426,#6427);
#6425 = CARTESIAN_POINT('',(-11.11646387595,-18.40310383861,14.25));
#6426 = DIRECTION('',(0.502383989811,0.864644624561,-0.));
#6427 = DIRECTION('',(0.864644624561,-0.502383989811,0.));
#6428 = ADVANCED_FACE('',(#6429),#6440,.F.);
#6429 = FACE_BOUND('',#6430,.F.);
#6430 = EDGE_LOOP('',(#6431,#6437,#6438,#6439));
#6431 = ORIENTED_EDGE('',*,*,#6432,.T.);
#6432 = EDGE_CURVE('',#1007,#4695,#6433,.T.);
#6433 = LINE('',#6434,#6435);
#6434 = CARTESIAN_POINT('',(-11.73710506631,-18.01361609067,14.25));
#6435 = VECTOR('',#6436,1.);
#6436 = DIRECTION('',(0.,0.,1.));
#6437 = ORIENTED_EDGE('',*,*,#4702,.T.);
#6438 = ORIENTED_EDGE('',*,*,#6415,.F.);
#6439 = ORIENTED_EDGE('',*,*,#1014,.F.);
#6440 = PLANE('',#6441);
#6441 = AXIS2_PLACEMENT_3D('',#6442,#6443,#6444);
#6442 = CARTESIAN_POINT('',(-11.73710506631,-18.01361609067,14.25));
#6443 = DIRECTION('',(0.531555527283,0.847023447972,-0.));
#6444 = DIRECTION('',(0.847023447972,-0.531555527283,0.));
#6445 = ADVANCED_FACE('',(#6446),#6457,.F.);
#6446 = FACE_BOUND('',#6447,.F.);
#6447 = EDGE_LOOP('',(#6448,#6454,#6455,#6456));
#6448 = ORIENTED_EDGE('',*,*,#6449,.T.);
#6449 = EDGE_CURVE('',#999,#4687,#6450,.T.);
#6450 = LINE('',#6451,#6452);
#6451 = CARTESIAN_POINT('',(-12.3441137915,-17.60320580753,14.25));
#6452 = VECTOR('',#6453,1.);
#6453 = DIRECTION('',(0.,0.,1.));
#6454 = ORIENTED_EDGE('',*,*,#4694,.T.);
#6455 = ORIENTED_EDGE('',*,*,#6432,.F.);
#6456 = ORIENTED_EDGE('',*,*,#1006,.F.);
#6457 = PLANE('',#6458);
#6458 = AXIS2_PLACEMENT_3D('',#6459,#6460,#6461);
#6459 = CARTESIAN_POINT('',(-12.3441137915,-17.60320580753,14.25));
#6460 = DIRECTION('',(0.56010967127,0.828418466809,-0.));
#6461 = DIRECTION('',(0.828418466809,-0.56010967127,0.));
#6462 = ADVANCED_FACE('',(#6463),#6474,.F.);
#6463 = FACE_BOUND('',#6464,.F.);
#6464 = EDGE_LOOP('',(#6465,#6471,#6472,#6473));
#6465 = ORIENTED_EDGE('',*,*,#6466,.T.);
#6466 = EDGE_CURVE('',#991,#4679,#6467,.T.);
#6467 = LINE('',#6468,#6469);
#6468 = CARTESIAN_POINT('',(-12.93678502031,-17.17234967434,14.25));
#6469 = VECTOR('',#6470,1.);
#6470 = DIRECTION('',(0.,0.,1.));
#6471 = ORIENTED_EDGE('',*,*,#4686,.T.);
#6472 = ORIENTED_EDGE('',*,*,#6449,.F.);
#6473 = ORIENTED_EDGE('',*,*,#998,.F.);
#6474 = PLANE('',#6475);
#6475 = AXIS2_PLACEMENT_3D('',#6476,#6477,#6478);
#6476 = CARTESIAN_POINT('',(-12.93678502031,-17.17234967434,14.25));
#6477 = DIRECTION('',(0.588013256576,0.808851290468,-0.));
#6478 = DIRECTION('',(0.808851290468,-0.588013256576,0.));
#6479 = ADVANCED_FACE('',(#6480),#6491,.F.);
#6480 = FACE_BOUND('',#6481,.F.);
#6481 = EDGE_LOOP('',(#6482,#6488,#6489,#6490));
#6482 = ORIENTED_EDGE('',*,*,#6483,.T.);
#6483 = EDGE_CURVE('',#983,#4671,#6484,.T.);
#6484 = LINE('',#6485,#6486);
#6485 = CARTESIAN_POINT('',(-13.51443037432,-16.72154812382,14.25));
#6486 = VECTOR('',#6487,1.);
#6487 = DIRECTION('',(0.,0.,1.));
#6488 = ORIENTED_EDGE('',*,*,#4678,.T.);
#6489 = ORIENTED_EDGE('',*,*,#6466,.F.);
#6490 = ORIENTED_EDGE('',*,*,#990,.F.);
#6491 = PLANE('',#6492);
#6492 = AXIS2_PLACEMENT_3D('',#6493,#6494,#6495);
#6493 = CARTESIAN_POINT('',(-13.51443037432,-16.72154812382,14.25));
#6494 = DIRECTION('',(0.61523387362,0.78834464592,-0.));
#6495 = DIRECTION('',(0.78834464592,-0.61523387362,0.));
#6496 = ADVANCED_FACE('',(#6497),#6508,.F.);
#6497 = FACE_BOUND('',#6498,.F.);
#6498 = EDGE_LOOP('',(#6499,#6505,#6506,#6507));
#6499 = ORIENTED_EDGE('',*,*,#6500,.T.);
#6500 = EDGE_CURVE('',#975,#4663,#6501,.T.);
#6501 = LINE('',#6502,#6503);
#6502 = CARTESIAN_POINT('',(-14.07637892743,-16.25132475496,14.25));
#6503 = VECTOR('',#6504,1.);
#6504 = DIRECTION('',(0.,0.,1.));
#6505 = ORIENTED_EDGE('',*,*,#4670,.T.);
#6506 = ORIENTED_EDGE('',*,*,#6483,.F.);
#6507 = ORIENTED_EDGE('',*,*,#982,.F.);
#6508 = PLANE('',#6509);
#6509 = AXIS2_PLACEMENT_3D('',#6510,#6511,#6512);
#6510 = CARTESIAN_POINT('',(-14.07637892743,-16.25132475496,14.25));
#6511 = DIRECTION('',(0.641739906079,0.766922351315,-0.));
#6512 = DIRECTION('',(0.766922351315,-0.641739906079,0.));
#6513 = ADVANCED_FACE('',(#6514),#6525,.F.);
#6514 = FACE_BOUND('',#6515,.F.);
#6515 = EDGE_LOOP('',(#6516,#6522,#6523,#6524));
#6516 = ORIENTED_EDGE('',*,*,#6517,.T.);
#6517 = EDGE_CURVE('',#967,#4655,#6518,.T.);
#6518 = LINE('',#6519,#6520);
#6519 = CARTESIAN_POINT('',(-14.62197798512,-15.76222572489,14.25));
#6520 = VECTOR('',#6521,1.);
#6521 = DIRECTION('',(0.,0.,1.));
#6522 = ORIENTED_EDGE('',*,*,#4662,.T.);
#6523 = ORIENTED_EDGE('',*,*,#6500,.F.);
#6524 = ORIENTED_EDGE('',*,*,#974,.F.);
#6525 = PLANE('',#6526);
#6526 = AXIS2_PLACEMENT_3D('',#6527,#6528,#6529);
#6527 = CARTESIAN_POINT('',(-14.62197798512,-15.76222572489,14.25));
#6528 = DIRECTION('',(0.667500567608,0.744609288314,-0.));
#6529 = DIRECTION('',(0.744609288314,-0.667500567608,0.));
#6530 = ADVANCED_FACE('',(#6531),#6542,.F.);
#6531 = FACE_BOUND('',#6532,.F.);
#6532 = EDGE_LOOP('',(#6533,#6539,#6540,#6541));
#6533 = ORIENTED_EDGE('',*,*,#6534,.T.);
#6534 = EDGE_CURVE('',#959,#4647,#6535,.T.);
#6535 = LINE('',#6536,#6537);
#6536 = CARTESIAN_POINT('',(-15.15059384257,-15.25481911454,14.25));
#6537 = VECTOR('',#6538,1.);
#6538 = DIRECTION('',(0.,0.,1.));
#6539 = ORIENTED_EDGE('',*,*,#4654,.T.);
#6540 = ORIENTED_EDGE('',*,*,#6517,.F.);
#6541 = ORIENTED_EDGE('',*,*,#966,.F.);
#6542 = PLANE('',#6543);
#6543 = AXIS2_PLACEMENT_3D('',#6544,#6545,#6546);
#6544 = CARTESIAN_POINT('',(-15.15059384257,-15.25481911454,14.25));
#6545 = DIRECTION('',(0.692485937598,0.721431373194,-0.));
#6546 = DIRECTION('',(0.721431373194,-0.692485937598,0.));
#6547 = ADVANCED_FACE('',(#6548),#6559,.F.);
#6548 = FACE_BOUND('',#6549,.F.);
#6549 = EDGE_LOOP('',(#6550,#6556,#6557,#6558));
#6550 = ORIENTED_EDGE('',*,*,#6551,.T.);
#6551 = EDGE_CURVE('',#951,#4639,#6552,.T.);
#6552 = LINE('',#6553,#6554);
#6553 = CARTESIAN_POINT('',(-15.66161252066,-14.72969426881,14.25));
#6554 = VECTOR('',#6555,1.);
#6555 = DIRECTION('',(0.,0.,1.));
#6556 = ORIENTED_EDGE('',*,*,#4646,.T.);
#6557 = ORIENTED_EDGE('',*,*,#6534,.F.);
#6558 = ORIENTED_EDGE('',*,*,#958,.F.);
#6559 = PLANE('',#6560);
#6560 = AXIS2_PLACEMENT_3D('',#6561,#6562,#6563);
#6561 = CARTESIAN_POINT('',(-15.66161252066,-14.72969426881,14.25));
#6562 = DIRECTION('',(0.716666995932,0.697415526743,-0.));
#6563 = DIRECTION('',(0.697415526743,-0.716666995932,0.));
#6564 = ADVANCED_FACE('',(#6565),#6576,.F.);
#6565 = FACE_BOUND('',#6566,.F.);
#6566 = EDGE_LOOP('',(#6567,#6573,#6574,#6575));
#6567 = ORIENTED_EDGE('',*,*,#6568,.T.);
#6568 = EDGE_CURVE('',#943,#4631,#6569,.T.);
#6569 = LINE('',#6570,#6571);
#6570 = CARTESIAN_POINT('',(-16.15444047914,-14.18746111204,14.25));
#6571 = VECTOR('',#6572,1.);
#6572 = DIRECTION('',(0.,0.,1.));
#6573 = ORIENTED_EDGE('',*,*,#4638,.T.);
#6574 = ORIENTED_EDGE('',*,*,#6551,.F.);
#6575 = ORIENTED_EDGE('',*,*,#950,.F.);
#6576 = PLANE('',#6577);
#6577 = AXIS2_PLACEMENT_3D('',#6578,#6579,#6580);
#6578 = CARTESIAN_POINT('',(-16.15444047914,-14.18746111204,14.25));
#6579 = DIRECTION('',(0.740015656684,0.672589642993,-0.));
#6580 = DIRECTION('',(0.672589642993,-0.740015656684,0.));
#6581 = ADVANCED_FACE('',(#6582),#6593,.F.);
#6582 = FACE_BOUND('',#6583,.F.);
#6583 = EDGE_LOOP('',(#6584,#6590,#6591,#6592));
#6584 = ORIENTED_EDGE('',*,*,#6585,.T.);
#6585 = EDGE_CURVE('',#935,#4623,#6586,.T.);
#6586 = LINE('',#6587,#6588);
#6587 = CARTESIAN_POINT('',(-16.62850530601,-13.62874943962,14.25));
#6588 = VECTOR('',#6589,1.);
#6589 = DIRECTION('',(0.,0.,1.));
#6590 = ORIENTED_EDGE('',*,*,#4630,.T.);
#6591 = ORIENTED_EDGE('',*,*,#6568,.F.);
#6592 = ORIENTED_EDGE('',*,*,#942,.F.);
#6593 = PLANE('',#6594);
#6594 = AXIS2_PLACEMENT_3D('',#6595,#6596,#6597);
#6595 = CARTESIAN_POINT('',(-16.62850530601,-13.62874943962,14.25));
#6596 = DIRECTION('',(0.762504800749,0.646982556824,-0.));
#6597 = DIRECTION('',(0.646982556824,-0.762504800749,0.));
#6598 = ADVANCED_FACE('',(#6599),#6610,.F.);
#6599 = FACE_BOUND('',#6600,.F.);
#6600 = EDGE_LOOP('',(#6601,#6607,#6608,#6609));
#6601 = ORIENTED_EDGE('',*,*,#6602,.T.);
#6602 = EDGE_CURVE('',#927,#4615,#6603,.T.);
#6603 = LINE('',#6604,#6605);
#6604 = CARTESIAN_POINT('',(-17.08325638231,-13.05420818648,14.25));
#6605 = VECTOR('',#6606,1.);
#6606 = DIRECTION('',(0.,0.,1.));
#6607 = ORIENTED_EDGE('',*,*,#4622,.T.);
#6608 = ORIENTED_EDGE('',*,*,#6585,.F.);
#6609 = ORIENTED_EDGE('',*,*,#934,.F.);
#6610 = PLANE('',#6611);
#6611 = AXIS2_PLACEMENT_3D('',#6612,#6613,#6614);
#6612 = CARTESIAN_POINT('',(-17.08325638231,-13.05420818648,14.25));
#6613 = DIRECTION('',(0.784108307335,0.620624010467,-0.));
#6614 = DIRECTION('',(0.620624010467,-0.784108307335,0.));
#6615 = ADVANCED_FACE('',(#6616),#6627,.F.);
#6616 = FACE_BOUND('',#6617,.F.);
#6617 = EDGE_LOOP('',(#6618,#6624,#6625,#6626));
#6618 = ORIENTED_EDGE('',*,*,#6619,.T.);
#6619 = EDGE_CURVE('',#919,#4607,#6620,.T.);
#6620 = LINE('',#6621,#6622);
#6621 = CARTESIAN_POINT('',(-17.51816552176,-12.46450467335,14.25));
#6622 = VECTOR('',#6623,1.);
#6623 = DIRECTION('',(0.,0.,1.));
#6624 = ORIENTED_EDGE('',*,*,#4614,.T.);
#6625 = ORIENTED_EDGE('',*,*,#6602,.F.);
#6626 = ORIENTED_EDGE('',*,*,#926,.F.);
#6627 = PLANE('',#6628);
#6628 = AXIS2_PLACEMENT_3D('',#6629,#6630,#6631);
#6629 = CARTESIAN_POINT('',(-17.51816552176,-12.46450467335,14.25));
#6630 = DIRECTION('',(0.804801084305,0.593544618964,-0.));
#6631 = DIRECTION('',(0.593544618964,-0.804801084305,0.));
#6632 = ADVANCED_FACE('',(#6633),#6644,.F.);
#6633 = FACE_BOUND('',#6634,.F.);
#6634 = EDGE_LOOP('',(#6635,#6641,#6642,#6643));
#6635 = ORIENTED_EDGE('',*,*,#6636,.T.);
#6636 = EDGE_CURVE('',#911,#4599,#6637,.T.);
#6637 = LINE('',#6638,#6639);
#6638 = CARTESIAN_POINT('',(-17.93272758413,-11.86032383171,14.25));
#6639 = VECTOR('',#6640,1.);
#6640 = DIRECTION('',(0.,0.,1.));
#6641 = ORIENTED_EDGE('',*,*,#4606,.T.);
#6642 = ORIENTED_EDGE('',*,*,#6619,.F.);
#6643 = ORIENTED_EDGE('',*,*,#918,.F.);
#6644 = PLANE('',#6645);
#6645 = AXIS2_PLACEMENT_3D('',#6646,#6647,#6648);
#6646 = CARTESIAN_POINT('',(-17.93272758413,-11.86032383171,14.25));
#6647 = DIRECTION('',(0.82455909732,0.565775834608,-0.));
#6648 = DIRECTION('',(0.565775834608,-0.82455909732,0.));
#6649 = ADVANCED_FACE('',(#6650),#6661,.F.);
#6650 = FACE_BOUND('',#6651,.F.);
#6651 = EDGE_LOOP('',(#6652,#6658,#6659,#6660));
#6652 = ORIENTED_EDGE('',*,*,#6653,.T.);
#6653 = EDGE_CURVE('',#903,#4591,#6654,.T.);
#6654 = LINE('',#6655,#6656);
#6655 = CARTESIAN_POINT('',(-18.32646106204,-11.24236740821,14.25));
#6656 = VECTOR('',#6657,1.);
#6657 = DIRECTION('',(0.,0.,1.));
#6658 = ORIENTED_EDGE('',*,*,#4598,.T.);
#6659 = ORIENTED_EDGE('',*,*,#6636,.F.);
#6660 = ORIENTED_EDGE('',*,*,#910,.F.);
#6661 = PLANE('',#6662);
#6662 = AXIS2_PLACEMENT_3D('',#6663,#6664,#6665);
#6663 = CARTESIAN_POINT('',(-18.32646106204,-11.24236740821,14.25));
#6664 = DIRECTION('',(0.843359397755,0.537349910411,-0.));
#6665 = DIRECTION('',(0.537349910411,-0.843359397755,0.));
#6666 = ADVANCED_FACE('',(#6667),#6678,.F.);
#6667 = FACE_BOUND('',#6668,.F.);
#6668 = EDGE_LOOP('',(#6669,#6675,#6676,#6677));
#6669 = ORIENTED_EDGE('',*,*,#6670,.T.);
#6670 = EDGE_CURVE('',#895,#4583,#6671,.T.);
#6671 = LINE('',#6672,#6673);
#6672 = CARTESIAN_POINT('',(-18.69890864017,-10.61135314964,14.25));
#6673 = VECTOR('',#6674,1.);
#6674 = DIRECTION('',(0.,0.,1.));
#6675 = ORIENTED_EDGE('',*,*,#4590,.T.);
#6676 = ORIENTED_EDGE('',*,*,#6653,.F.);
#6677 = ORIENTED_EDGE('',*,*,#902,.F.);
#6678 = PLANE('',#6679);
#6679 = AXIS2_PLACEMENT_3D('',#6680,#6681,#6682);
#6680 = CARTESIAN_POINT('',(-18.69890864017,-10.61135314964,14.25));
#6681 = DIRECTION('',(0.861180149352,0.508299862642,-0.));
#6682 = DIRECTION('',(0.508299862642,-0.861180149352,0.));
#6683 = ADVANCED_FACE('',(#6684),#6695,.F.);
#6684 = FACE_BOUND('',#6685,.F.);
#6685 = EDGE_LOOP('',(#6686,#6692,#6693,#6694));
#6686 = ORIENTED_EDGE('',*,*,#6687,.T.);
#6687 = EDGE_CURVE('',#887,#4575,#6688,.T.);
#6688 = LINE('',#6689,#6690);
#6689 = CARTESIAN_POINT('',(-19.04963772643,-9.968013969268,14.25));
#6690 = VECTOR('',#6691,1.);
#6691 = DIRECTION('',(0.,0.,1.));
#6692 = ORIENTED_EDGE('',*,*,#4582,.T.);
#6693 = ORIENTED_EDGE('',*,*,#6670,.F.);
#6694 = ORIENTED_EDGE('',*,*,#894,.F.);
#6695 = PLANE('',#6696);
#6696 = AXIS2_PLACEMENT_3D('',#6697,#6698,#6699);
#6697 = CARTESIAN_POINT('',(-19.04963772643,-9.968013969268,14.25));
#6698 = DIRECTION('',(0.878000653586,0.47865943248,-0.));
#6699 = DIRECTION('',(0.47865943248,-0.878000653586,0.));
#6700 = ADVANCED_FACE('',(#6701),#6712,.F.);
#6701 = FACE_BOUND('',#6702,.F.);
#6702 = EDGE_LOOP('',(#6703,#6709,#6710,#6711));
#6703 = ORIENTED_EDGE('',*,*,#6704,.T.);
#6704 = EDGE_CURVE('',#879,#4567,#6705,.T.);
#6705 = LINE('',#6706,#6707);
#6706 = CARTESIAN_POINT('',(-19.37824095446,-9.313097095536,14.25));
#6707 = VECTOR('',#6708,1.);
#6708 = DIRECTION('',(0.,0.,1.));
#6709 = ORIENTED_EDGE('',*,*,#4574,.T.);
#6710 = ORIENTED_EDGE('',*,*,#6687,.F.);
#6711 = ORIENTED_EDGE('',*,*,#886,.F.);
#6712 = PLANE('',#6713);
#6713 = AXIS2_PLACEMENT_3D('',#6714,#6715,#6716);
#6714 = CARTESIAN_POINT('',(-19.37824095446,-9.313097095536,14.25));
#6715 = DIRECTION('',(0.893801373703,0.448463046824,-0.));
#6716 = DIRECTION('',(0.448463046824,-0.893801373703,0.));
#6717 = ADVANCED_FACE('',(#6718),#6729,.F.);
#6718 = FACE_BOUND('',#6719,.F.);
#6719 = EDGE_LOOP('',(#6720,#6726,#6727,#6728));
#6720 = ORIENTED_EDGE('',*,*,#6721,.T.);
#6721 = EDGE_CURVE('',#871,#4559,#6722,.T.);
#6722 = LINE('',#6723,#6724);
#6723 = CARTESIAN_POINT('',(-19.68433665669,-8.647363204226,14.25));
#6724 = VECTOR('',#6725,1.);
#6725 = DIRECTION('',(0.,0.,1.));
#6726 = ORIENTED_EDGE('',*,*,#4566,.T.);
#6727 = ORIENTED_EDGE('',*,*,#6704,.F.);
#6728 = ORIENTED_EDGE('',*,*,#878,.F.);
#6729 = PLANE('',#6730);
#6730 = AXIS2_PLACEMENT_3D('',#6731,#6732,#6733);
#6731 = CARTESIAN_POINT('',(-19.68433665669,-8.647363204226,14.25));
#6732 = DIRECTION('',(0.908563957411,0.417745778308,-0.));
#6733 = DIRECTION('',(0.417745778308,-0.908563957411,0.));
#6734 = ADVANCED_FACE('',(#6735),#6746,.F.);
#6735 = FACE_BOUND('',#6736,.F.);
#6736 = EDGE_LOOP('',(#6737,#6743,#6744,#6745));
#6737 = ORIENTED_EDGE('',*,*,#6738,.T.);
#6738 = EDGE_CURVE('',#863,#4551,#6739,.T.);
#6739 = LINE('',#6740,#6741);
#6740 = CARTESIAN_POINT('',(-19.96756930774,-7.97158553491,14.25));
#6741 = VECTOR('',#6742,1.);
#6742 = DIRECTION('',(0.,0.,1.));
#6743 = ORIENTED_EDGE('',*,*,#4558,.T.);
#6744 = ORIENTED_EDGE('',*,*,#6721,.F.);
#6745 = ORIENTED_EDGE('',*,*,#870,.F.);
#6746 = PLANE('',#6747);
#6747 = AXIS2_PLACEMENT_3D('',#6748,#6749,#6750);
#6748 = CARTESIAN_POINT('',(-19.96756930774,-7.97158553491,14.25));
#6749 = DIRECTION('',(0.922271258199,0.38654330456,-0.));
#6750 = DIRECTION('',(0.38654330456,-0.922271258199,0.));
#6751 = ADVANCED_FACE('',(#6752),#6763,.F.);
#6752 = FACE_BOUND('',#6753,.F.);
#6753 = EDGE_LOOP('',(#6754,#6760,#6761,#6762));
#6754 = ORIENTED_EDGE('',*,*,#6755,.T.);
#6755 = EDGE_CURVE('',#855,#4543,#6756,.T.);
#6756 = LINE('',#6757,#6758);
#6757 = CARTESIAN_POINT('',(-20.22760993728,-7.286548992851,14.25));
#6758 = VECTOR('',#6759,1.);
#6759 = DIRECTION('',(0.,0.,1.));
#6760 = ORIENTED_EDGE('',*,*,#4550,.T.);
#6761 = ORIENTED_EDGE('',*,*,#6738,.F.);
#6762 = ORIENTED_EDGE('',*,*,#862,.F.);
#6763 = PLANE('',#6764);
#6764 = AXIS2_PLACEMENT_3D('',#6765,#6766,#6767);
#6765 = CARTESIAN_POINT('',(-20.22760993728,-7.286548992851,14.25));
#6766 = DIRECTION('',(0.93490735525,0.354891866769,-0.));
#6767 = DIRECTION('',(0.354891866769,-0.93490735525,0.));
#6768 = ADVANCED_FACE('',(#6769),#6780,.F.);
#6769 = FACE_BOUND('',#6770,.F.);
#6770 = EDGE_LOOP('',(#6771,#6777,#6778,#6779));
#6771 = ORIENTED_EDGE('',*,*,#6772,.T.);
#6772 = EDGE_CURVE('',#847,#4535,#6773,.T.);
#6773 = LINE('',#6774,#6775);
#6774 = CARTESIAN_POINT('',(-20.46415651215,-6.593049237348,14.25));
#6775 = VECTOR('',#6776,1.);
#6776 = DIRECTION('',(0.,0.,1.));
#6777 = ORIENTED_EDGE('',*,*,#4542,.T.);
#6778 = ORIENTED_EDGE('',*,*,#6755,.F.);
#6779 = ORIENTED_EDGE('',*,*,#854,.F.);
#6780 = PLANE('',#6781);
#6781 = AXIS2_PLACEMENT_3D('',#6782,#6783,#6784);
#6782 = CARTESIAN_POINT('',(-20.46415651215,-6.593049237348,14.25));
#6783 = DIRECTION('',(0.946457571934,0.32282822759,-0.));
#6784 = DIRECTION('',(0.32282822759,-0.946457571934,0.));
#6785 = ADVANCED_FACE('',(#6786),#6797,.F.);
#6786 = FACE_BOUND('',#6787,.F.);
#6787 = EDGE_LOOP('',(#6788,#6794,#6795,#6796));
#6788 = ORIENTED_EDGE('',*,*,#6789,.T.);
#6789 = EDGE_CURVE('',#839,#4527,#6790,.T.);
#6790 = LINE('',#6791,#6792);
#6791 = CARTESIAN_POINT('',(-20.67693428719,-5.891891757593,14.25));
#6792 = VECTOR('',#6793,1.);
#6793 = DIRECTION('',(0.,0.,1.));
#6794 = ORIENTED_EDGE('',*,*,#4534,.T.);
#6795 = ORIENTED_EDGE('',*,*,#6772,.F.);
#6796 = ORIENTED_EDGE('',*,*,#846,.F.);
#6797 = PLANE('',#6798);
#6798 = AXIS2_PLACEMENT_3D('',#6799,#6800,#6801);
#6799 = CARTESIAN_POINT('',(-20.67693428719,-5.891891757593,14.25));
#6800 = DIRECTION('',(0.956908492853,0.29038962844,-0.));
#6801 = DIRECTION('',(0.29038962844,-0.956908492853,0.));
#6802 = ADVANCED_FACE('',(#6803),#6814,.F.);
#6803 = FACE_BOUND('',#6804,.F.);
#6804 = EDGE_LOOP('',(#6805,#6811,#6812,#6813));
#6805 = ORIENTED_EDGE('',*,*,#6806,.T.);
#6806 = EDGE_CURVE('',#831,#4519,#6807,.T.);
#6807 = LINE('',#6808,#6809);
#6808 = CARTESIAN_POINT('',(-20.86569612431,-5.183890937105,14.25));
#6809 = VECTOR('',#6810,1.);
#6810 = DIRECTION('',(0.,0.,1.));
#6811 = ORIENTED_EDGE('',*,*,#4526,.T.);
#6812 = ORIENTED_EDGE('',*,*,#6789,.F.);
#6813 = ORIENTED_EDGE('',*,*,#838,.F.);
#6814 = PLANE('',#6815);
#6815 = AXIS2_PLACEMENT_3D('',#6816,#6817,#6818);
#6816 = CARTESIAN_POINT('',(-20.86569612431,-5.183890937105,14.25));
#6817 = DIRECTION('',(0.966247979426,0.257613746248,-0.));
#6818 = DIRECTION('',(0.257613746248,-0.966247979426,0.));
#6819 = ADVANCED_FACE('',(#6820),#6831,.F.);
#6820 = FACE_BOUND('',#6821,.F.);
#6821 = EDGE_LOOP('',(#6822,#6828,#6829,#6830));
#6822 = ORIENTED_EDGE('',*,*,#6823,.T.);
#6823 = EDGE_CURVE('',#823,#4511,#6824,.T.);
#6824 = LINE('',#6825,#6826);
#6825 = CARTESIAN_POINT('',(-21.03022277958,-4.469869107836,14.25));
#6826 = VECTOR('',#6827,1.);
#6827 = DIRECTION('',(0.,0.,1.));
#6828 = ORIENTED_EDGE('',*,*,#4518,.T.);
#6829 = ORIENTED_EDGE('',*,*,#6806,.F.);
#6830 = ORIENTED_EDGE('',*,*,#830,.F.);
#6831 = PLANE('',#6832);
#6832 = AXIS2_PLACEMENT_3D('',#6833,#6834,#6835);
#6833 = CARTESIAN_POINT('',(-21.03022277958,-4.469869107836,14.25));
#6834 = DIRECTION('',(0.974465183983,0.224538649693,-0.));
#6835 = DIRECTION('',(0.224538649693,-0.974465183983,0.));
#6836 = ADVANCED_FACE('',(#6837),#6848,.F.);
#6837 = FACE_BOUND('',#6838,.F.);
#6838 = EDGE_LOOP('',(#6839,#6845,#6846,#6847));
#6839 = ORIENTED_EDGE('',*,*,#6840,.T.);
#6840 = EDGE_CURVE('',#815,#4503,#6841,.T.);
#6841 = LINE('',#6842,#6843);
#6842 = CARTESIAN_POINT('',(-21.17032315783,-3.750655595047,14.25));
#6843 = VECTOR('',#6844,1.);
#6844 = DIRECTION('',(0.,0.,1.));
#6845 = ORIENTED_EDGE('',*,*,#4510,.T.);
#6846 = ORIENTED_EDGE('',*,*,#6823,.F.);
#6847 = ORIENTED_EDGE('',*,*,#822,.F.);
#6848 = PLANE('',#6849);
#6849 = AXIS2_PLACEMENT_3D('',#6850,#6851,#6852);
#6850 = CARTESIAN_POINT('',(-21.17032315783,-3.750655595047,14.25));
#6851 = DIRECTION('',(0.981550562369,0.191202754984,-0.));
#6852 = DIRECTION('',(0.191202754984,-0.981550562369,0.));
#6853 = ADVANCED_FACE('',(#6854),#6865,.F.);
#6854 = FACE_BOUND('',#6855,.F.);
#6855 = EDGE_LOOP('',(#6856,#6862,#6863,#6864));
#6856 = ORIENTED_EDGE('',*,*,#6857,.T.);
#6857 = EDGE_CURVE('',#807,#4495,#6858,.T.);
#6858 = LINE('',#6859,#6860);
#6859 = CARTESIAN_POINT('',(-21.28583453467,-3.027085754059,14.25));
#6860 = VECTOR('',#6861,1.);
#6861 = DIRECTION('',(0.,0.,1.));
#6862 = ORIENTED_EDGE('',*,*,#4502,.T.);
#6863 = ORIENTED_EDGE('',*,*,#6840,.F.);
#6864 = ORIENTED_EDGE('',*,*,#814,.F.);
#6865 = PLANE('',#6866);
#6866 = AXIS2_PLACEMENT_3D('',#6867,#6868,#6869);
#6867 = CARTESIAN_POINT('',(-21.28583453467,-3.027085754059,14.25));
#6868 = DIRECTION('',(0.987495885027,0.157644781247,-0.));
#6869 = DIRECTION('',(0.157644781247,-0.987495885027,0.));
#6870 = ADVANCED_FACE('',(#6871),#6882,.F.);
#6871 = FACE_BOUND('',#6872,.F.);
#6872 = EDGE_LOOP('',(#6873,#6879,#6880,#6881));
#6873 = ORIENTED_EDGE('',*,*,#6874,.T.);
#6874 = EDGE_CURVE('',#799,#4487,#6875,.T.);
#6875 = LINE('',#6876,#6877);
#6876 = CARTESIAN_POINT('',(-21.37662274542,-2.3,14.25));
#6877 = VECTOR('',#6878,1.);
#6878 = DIRECTION('',(0.,0.,1.));
#6879 = ORIENTED_EDGE('',*,*,#4494,.T.);
#6880 = ORIENTED_EDGE('',*,*,#6857,.F.);
#6881 = ORIENTED_EDGE('',*,*,#806,.F.);
#6882 = PLANE('',#6883);
#6883 = AXIS2_PLACEMENT_3D('',#6884,#6885,#6886);
#6884 = CARTESIAN_POINT('',(-21.37662274542,-2.3,14.25));
#6885 = DIRECTION('',(0.992294246558,0.123903705545,-0.));
#6886 = DIRECTION('',(0.123903705545,-0.992294246558,0.));
#6887 = ADVANCED_FACE('',(#6888),#6899,.F.);
#6888 = FACE_BOUND('',#6889,.F.);
#6889 = EDGE_LOOP('',(#6890,#6896,#6897,#6898));
#6890 = ORIENTED_EDGE('',*,*,#6891,.T.);
#6891 = EDGE_CURVE('',#791,#4479,#6892,.T.);
#6892 = LINE('',#6893,#6894);
#6893 = CARTESIAN_POINT('',(-22.25,-2.3,14.25));
#6894 = VECTOR('',#6895,1.);
#6895 = DIRECTION('',(0.,0.,1.));
#6896 = ORIENTED_EDGE('',*,*,#4486,.T.);
#6897 = ORIENTED_EDGE('',*,*,#6874,.F.);
#6898 = ORIENTED_EDGE('',*,*,#798,.F.);
#6899 = PLANE('',#6900);
#6900 = AXIS2_PLACEMENT_3D('',#6901,#6902,#6903);
#6901 = CARTESIAN_POINT('',(-22.25,-2.3,14.25));
#6902 = DIRECTION('',(-7.118629326899E-15,1.,0.));
#6903 = DIRECTION('',(1.,7.118629326899E-15,0.));
#6904 = ADVANCED_FACE('',(#6905),#6916,.F.);
#6905 = FACE_BOUND('',#6906,.F.);
#6906 = EDGE_LOOP('',(#6907,#6913,#6914,#6915));
#6907 = ORIENTED_EDGE('',*,*,#6908,.T.);
#6908 = EDGE_CURVE('',#783,#4471,#6909,.T.);
#6909 = LINE('',#6910,#6911);
#6910 = CARTESIAN_POINT('',(-22.25,2.3,14.25));
#6911 = VECTOR('',#6912,1.);
#6912 = DIRECTION('',(0.,0.,1.));
#6913 = ORIENTED_EDGE('',*,*,#4478,.T.);
#6914 = ORIENTED_EDGE('',*,*,#6891,.F.);
#6915 = ORIENTED_EDGE('',*,*,#790,.F.);
#6916 = PLANE('',#6917);
#6917 = AXIS2_PLACEMENT_3D('',#6918,#6919,#6920);
#6918 = CARTESIAN_POINT('',(-22.25,2.3,14.25));
#6919 = DIRECTION('',(1.,0.,-0.));
#6920 = DIRECTION('',(0.,-1.,0.));
#6921 = ADVANCED_FACE('',(#6922),#6933,.F.);
#6922 = FACE_BOUND('',#6923,.F.);
#6923 = EDGE_LOOP('',(#6924,#6930,#6931,#6932));
#6924 = ORIENTED_EDGE('',*,*,#6925,.T.);
#6925 = EDGE_CURVE('',#775,#4463,#6926,.T.);
#6926 = LINE('',#6927,#6928);
#6927 = CARTESIAN_POINT('',(-21.37662274542,2.3,14.25));
#6928 = VECTOR('',#6929,1.);
#6929 = DIRECTION('',(0.,0.,1.));
#6930 = ORIENTED_EDGE('',*,*,#4470,.T.);
#6931 = ORIENTED_EDGE('',*,*,#6908,.F.);
#6932 = ORIENTED_EDGE('',*,*,#782,.F.);
#6933 = PLANE('',#6934);
#6934 = AXIS2_PLACEMENT_3D('',#6935,#6936,#6937);
#6935 = CARTESIAN_POINT('',(-21.37662274542,2.3,14.25));
#6936 = DIRECTION('',(-1.0169470467E-15,-1.,0.));
#6937 = DIRECTION('',(-1.,1.0169470467E-15,0.));
#6938 = ADVANCED_FACE('',(#6939),#6950,.F.);
#6939 = FACE_BOUND('',#6940,.F.);
#6940 = EDGE_LOOP('',(#6941,#6947,#6948,#6949));
#6941 = ORIENTED_EDGE('',*,*,#6942,.T.);
#6942 = EDGE_CURVE('',#767,#4455,#6943,.T.);
#6943 = LINE('',#6944,#6945);
#6944 = CARTESIAN_POINT('',(-21.28351028524,3.0433846188,14.25));
#6945 = VECTOR('',#6946,1.);
#6946 = DIRECTION('',(0.,0.,1.));
#6947 = ORIENTED_EDGE('',*,*,#4462,.T.);
#6948 = ORIENTED_EDGE('',*,*,#6925,.F.);
#6949 = ORIENTED_EDGE('',*,*,#774,.F.);
#6950 = PLANE('',#6951);
#6951 = AXIS2_PLACEMENT_3D('',#6952,#6953,#6954);
#6952 = CARTESIAN_POINT('',(-21.28351028524,3.0433846188,14.25));
#6953 = DIRECTION('',(0.992246733828,-0.124283624052,0.));
#6954 = DIRECTION('',(-0.124283624052,-0.992246733828,0.));
#6955 = ADVANCED_FACE('',(#6956),#6967,.F.);
#6956 = FACE_BOUND('',#6957,.F.);
#6957 = EDGE_LOOP('',(#6958,#6964,#6965,#6966));
#6958 = ORIENTED_EDGE('',*,*,#6959,.T.);
#6959 = EDGE_CURVE('',#759,#4447,#6960,.T.);
#6960 = LINE('',#6961,#6962);
#6961 = CARTESIAN_POINT('',(-21.16455415882,3.783073784393,14.25));
#6962 = VECTOR('',#6963,1.);
#6963 = DIRECTION('',(0.,0.,1.));
#6964 = ORIENTED_EDGE('',*,*,#4454,.T.);
#6965 = ORIENTED_EDGE('',*,*,#6942,.F.);
#6966 = ORIENTED_EDGE('',*,*,#766,.F.);
#6967 = PLANE('',#6968);
#6968 = AXIS2_PLACEMENT_3D('',#6969,#6970,#6971);
#6969 = CARTESIAN_POINT('',(-21.16455415882,3.783073784393,14.25));
#6970 = DIRECTION('',(0.987314157499,-0.158778948235,0.));
#6971 = DIRECTION('',(-0.158778948235,-0.987314157499,0.));
#6972 = ADVANCED_FACE('',(#6973),#6984,.F.);
#6973 = FACE_BOUND('',#6974,.F.);
#6974 = EDGE_LOOP('',(#6975,#6981,#6982,#6983));
#6975 = ORIENTED_EDGE('',*,*,#6976,.T.);
#6976 = EDGE_CURVE('',#751,#4439,#6977,.T.);
#6977 = LINE('',#6978,#6979);
#6978 = CARTESIAN_POINT('',(-21.01989880955,4.518169323515,14.25));
#6979 = VECTOR('',#6980,1.);
#6980 = DIRECTION('',(0.,0.,1.));
#6981 = ORIENTED_EDGE('',*,*,#4446,.T.);
#6982 = ORIENTED_EDGE('',*,*,#6959,.F.);
#6983 = ORIENTED_EDGE('',*,*,#758,.F.);
#6984 = PLANE('',#6985);
#6985 = AXIS2_PLACEMENT_3D('',#6986,#6987,#6988);
#6986 = CARTESIAN_POINT('',(-21.01989880955,4.518169323515,14.25));
#6987 = DIRECTION('',(0.981182727351,-0.193081473858,0.));
#6988 = DIRECTION('',(-0.193081473858,-0.981182727351,0.));
#6989 = ADVANCED_FACE('',(#6990),#7001,.F.);
#6990 = FACE_BOUND('',#6991,.F.);
#6991 = EDGE_LOOP('',(#6992,#6998,#6999,#7000));
#6992 = ORIENTED_EDGE('',*,*,#6993,.T.);
#6993 = EDGE_CURVE('',#743,#4431,#6994,.T.);
#6994 = LINE('',#6995,#6996);
#6995 = CARTESIAN_POINT('',(-20.84971988631,5.247778640746,14.25));
#6996 = VECTOR('',#6997,1.);
#6997 = DIRECTION('',(0.,0.,1.));
#6998 = ORIENTED_EDGE('',*,*,#4438,.T.);
#6999 = ORIENTED_EDGE('',*,*,#6976,.F.);
#7000 = ORIENTED_EDGE('',*,*,#750,.F.);
#7001 = PLANE('',#7002);
#7002 = AXIS2_PLACEMENT_3D('',#7003,#7004,#7005);
#7003 = CARTESIAN_POINT('',(-20.84971988631,5.247778640746,14.25));
#7004 = DIRECTION('',(0.973859888523,-0.227149548814,0.));
#7005 = DIRECTION('',(-0.227149548814,-0.973859888523,0.));
#7006 = ADVANCED_FACE('',(#7007),#7018,.F.);
#7007 = FACE_BOUND('',#7008,.F.);
#7008 = EDGE_LOOP('',(#7009,#7015,#7016,#7017));
#7009 = ORIENTED_EDGE('',*,*,#7010,.T.);
#7010 = EDGE_CURVE('',#735,#4423,#7011,.T.);
#7011 = LINE('',#7012,#7013);
#7012 = CARTESIAN_POINT('',(-20.65422403015,5.971015802357,14.25));
#7013 = VECTOR('',#7014,1.);
#7014 = DIRECTION('',(0.,0.,1.));
#7015 = ORIENTED_EDGE('',*,*,#4430,.T.);
#7016 = ORIENTED_EDGE('',*,*,#6993,.F.);
#7017 = ORIENTED_EDGE('',*,*,#742,.F.);
#7018 = PLANE('',#7019);
#7019 = AXIS2_PLACEMENT_3D('',#7020,#7021,#7022);
#7020 = CARTESIAN_POINT('',(-20.65422403015,5.971015802357,14.25));
#7021 = DIRECTION('',(0.965354532826,-0.260941805682,0.));
#7022 = DIRECTION('',(-0.260941805682,-0.965354532826,0.));
#7023 = ADVANCED_FACE('',(#7024),#7035,.F.);
#7024 = FACE_BOUND('',#7025,.F.);
#7025 = EDGE_LOOP('',(#7026,#7032,#7033,#7034));
#7026 = ORIENTED_EDGE('',*,*,#7027,.T.);
#7027 = EDGE_CURVE('',#727,#4415,#7028,.T.);
#7028 = LINE('',#7029,#7030);
#7029 = CARTESIAN_POINT('',(-20.43364862344,6.687002612055,14.25));
#7030 = VECTOR('',#7031,1.);
#7031 = DIRECTION('',(0.,0.,1.));
#7032 = ORIENTED_EDGE('',*,*,#4422,.T.);
#7033 = ORIENTED_EDGE('',*,*,#7010,.F.);
#7034 = ORIENTED_EDGE('',*,*,#734,.F.);
#7035 = PLANE('',#7036);
#7036 = AXIS2_PLACEMENT_3D('',#7037,#7038,#7039);
#7037 = CARTESIAN_POINT('',(-20.43364862344,6.687002612055,14.25));
#7038 = DIRECTION('',(0.955676987954,-0.294417211953,0.));
#7039 = DIRECTION('',(-0.294417211953,-0.955676987954,0.));
#7040 = ADVANCED_FACE('',(#7041),#7052,.F.);
#7041 = FACE_BOUND('',#7042,.F.);
#7042 = EDGE_LOOP('',(#7043,#7049,#7050,#7051));
#7043 = ORIENTED_EDGE('',*,*,#7044,.T.);
#7044 = EDGE_CURVE('',#719,#4407,#7045,.T.);
#7045 = LINE('',#7046,#7047);
#7046 = CARTESIAN_POINT('',(-20.18826150155,7.394869677342,14.25));
#7047 = VECTOR('',#7048,1.);
#7048 = DIRECTION('',(0.,0.,1.));
#7049 = ORIENTED_EDGE('',*,*,#4414,.T.);
#7050 = ORIENTED_EDGE('',*,*,#7027,.F.);
#7051 = ORIENTED_EDGE('',*,*,#726,.F.);
#7052 = PLANE('',#7053);
#7053 = AXIS2_PLACEMENT_3D('',#7054,#7055,#7056);
#7054 = CARTESIAN_POINT('',(-20.18826150155,7.394869677342,14.25));
#7055 = DIRECTION('',(0.944839004942,-0.327535119858,0.));
#7056 = DIRECTION('',(-0.327535119858,-0.944839004942,0.));
#7057 = ADVANCED_FACE('',(#7058),#7069,.F.);
#7058 = FACE_BOUND('',#7059,.F.);
#7059 = EDGE_LOOP('',(#7060,#7066,#7067,#7068));
#7060 = ORIENTED_EDGE('',*,*,#7061,.T.);
#7061 = EDGE_CURVE('',#711,#4399,#7062,.T.);
#7062 = LINE('',#7063,#7064);
#7063 = CARTESIAN_POINT('',(-19.91836062769,8.093757465185,14.25));
#7064 = VECTOR('',#7065,1.);
#7065 = DIRECTION('',(0.,0.,1.));
#7066 = ORIENTED_EDGE('',*,*,#4406,.T.);
#7067 = ORIENTED_EDGE('',*,*,#7044,.F.);
#7068 = ORIENTED_EDGE('',*,*,#718,.F.);
#7069 = PLANE('',#7070);
#7070 = AXIS2_PLACEMENT_3D('',#7071,#7072,#7073);
#7071 = CARTESIAN_POINT('',(-19.91836062769,8.093757465185,14.25));
#7072 = DIRECTION('',(0.932853743893,-0.360255315721,0.));
#7073 = DIRECTION('',(-0.360255315721,-0.932853743893,0.));
#7074 = ADVANCED_FACE('',(#7075),#7086,.F.);
#7075 = FACE_BOUND('',#7076,.F.);
#7076 = EDGE_LOOP('',(#7077,#7083,#7084,#7085));
#7077 = ORIENTED_EDGE('',*,*,#7078,.T.);
#7078 = EDGE_CURVE('',#703,#4391,#7079,.T.);
#7079 = LINE('',#7080,#7081);
#7080 = CARTESIAN_POINT('',(-19.62427373107,8.782817345707,14.25));
#7081 = VECTOR('',#7082,1.);
#7082 = DIRECTION('',(0.,0.,1.));
#7083 = ORIENTED_EDGE('',*,*,#4398,.T.);
#7084 = ORIENTED_EDGE('',*,*,#7061,.F.);
#7085 = ORIENTED_EDGE('',*,*,#710,.F.);
#7086 = PLANE('',#7087);
#7087 = AXIS2_PLACEMENT_3D('',#7088,#7089,#7090);
#7088 = CARTESIAN_POINT('',(-19.62427373107,8.782817345707,14.25));
#7089 = DIRECTION('',(0.919735758002,-0.392538068793,0.));
#7090 = DIRECTION('',(-0.392538068793,-0.919735758002,0.));
#7091 = ADVANCED_FACE('',(#7092),#7103,.F.);
#7092 = FACE_BOUND('',#7093,.F.);
#7093 = EDGE_LOOP('',(#7094,#7100,#7101,#7102));
#7094 = ORIENTED_EDGE('',*,*,#7095,.T.);
#7095 = EDGE_CURVE('',#695,#4383,#7096,.T.);
#7096 = LINE('',#7097,#7098);
#7097 = CARTESIAN_POINT('',(-19.30635790896,9.46121262264,14.25));
#7098 = VECTOR('',#7099,1.);
#7099 = DIRECTION('',(0.,0.,1.));
#7100 = ORIENTED_EDGE('',*,*,#4390,.T.);
#7101 = ORIENTED_EDGE('',*,*,#7078,.F.);
#7102 = ORIENTED_EDGE('',*,*,#702,.F.);
#7103 = PLANE('',#7104);
#7104 = AXIS2_PLACEMENT_3D('',#7105,#7106,#7107);
#7105 = CARTESIAN_POINT('',(-19.30635790896,9.46121262264,14.25));
#7106 = DIRECTION('',(0.905500975886,-0.424344179493,0.));
#7107 = DIRECTION('',(-0.424344179493,-0.905500975886,0.));
#7108 = ADVANCED_FACE('',(#7109),#7120,.F.);
#7109 = FACE_BOUND('',#7110,.F.);
#7110 = EDGE_LOOP('',(#7111,#7117,#7118,#7119));
#7111 = ORIENTED_EDGE('',*,*,#7112,.T.);
#7112 = EDGE_CURVE('',#687,#4375,#7113,.T.);
#7113 = LINE('',#7114,#7115);
#7114 = CARTESIAN_POINT('',(-18.96499919312,10.128119549298,14.25));
#7115 = VECTOR('',#7116,1.);
#7116 = DIRECTION('',(0.,0.,1.));
#7117 = ORIENTED_EDGE('',*,*,#4382,.T.);
#7118 = ORIENTED_EDGE('',*,*,#7095,.F.);
#7119 = ORIENTED_EDGE('',*,*,#694,.F.);
#7120 = PLANE('',#7121);
#7121 = AXIS2_PLACEMENT_3D('',#7122,#7123,#7124);
#7122 = CARTESIAN_POINT('',(-18.96499919312,10.128119549298,14.25));
#7123 = DIRECTION('',(0.890166682238,-0.455635027005,0.));
#7124 = DIRECTION('',(-0.455635027005,-0.890166682238,0.));
#7125 = ADVANCED_FACE('',(#7126),#7137,.F.);
#7126 = FACE_BOUND('',#7127,.F.);
#7127 = EDGE_LOOP('',(#7128,#7134,#7135,#7136));
#7128 = ORIENTED_EDGE('',*,*,#7129,.T.);
#7129 = EDGE_CURVE('',#679,#4367,#7130,.T.);
#7130 = LINE('',#7131,#7132);
#7131 = CARTESIAN_POINT('',(-18.60061208098,10.782728328809,14.25));
#7132 = VECTOR('',#7133,1.);
#7133 = DIRECTION('',(0.,0.,1.));
#7134 = ORIENTED_EDGE('',*,*,#4374,.T.);
#7135 = ORIENTED_EDGE('',*,*,#7112,.F.);
#7136 = ORIENTED_EDGE('',*,*,#686,.F.);
#7137 = PLANE('',#7138);
#7138 = AXIS2_PLACEMENT_3D('',#7139,#7140,#7141);
#7139 = CARTESIAN_POINT('',(-18.60061208098,10.782728328809,14.25));
#7140 = DIRECTION('',(0.873751496841,-0.486372616178,0.));
#7141 = DIRECTION('',(-0.486372616178,-0.873751496841,0.));
#7142 = ADVANCED_FACE('',(#7143),#7154,.F.);
#7143 = FACE_BOUND('',#7144,.F.);
#7144 = EDGE_LOOP('',(#7145,#7151,#7152,#7153));
#7145 = ORIENTED_EDGE('',*,*,#7146,.T.);
#7146 = EDGE_CURVE('',#671,#4359,#7147,.T.);
#7147 = LINE('',#7148,#7149);
#7148 = CARTESIAN_POINT('',(-18.21363903239,11.424244097422,14.25));
#7149 = VECTOR('',#7150,1.);
#7150 = DIRECTION('',(0.,0.,1.));
#7151 = ORIENTED_EDGE('',*,*,#4366,.T.);
#7152 = ORIENTED_EDGE('',*,*,#7129,.F.);
#7153 = ORIENTED_EDGE('',*,*,#678,.F.);
#7154 = PLANE('',#7155);
#7155 = AXIS2_PLACEMENT_3D('',#7156,#7157,#7158);
#7156 = CARTESIAN_POINT('',(-18.21363903239,11.424244097422,14.25));
#7157 = DIRECTION('',(0.856275351962,-0.516519623657,0.));
#7158 = DIRECTION('',(-0.516519623657,-0.856275351962,0.));
#7159 = ADVANCED_FACE('',(#7160),#7171,.F.);
#7160 = FACE_BOUND('',#7161,.F.);
#7161 = EDGE_LOOP('',(#7162,#7168,#7169,#7170));
#7162 = ORIENTED_EDGE('',*,*,#7163,.T.);
#7163 = EDGE_CURVE('',#663,#4351,#7164,.T.);
#7164 = LINE('',#7165,#7166);
#7165 = CARTESIAN_POINT('',(-17.80454993238,12.051887889677,14.25));
#7166 = VECTOR('',#7167,1.);
#7167 = DIRECTION('',(0.,0.,1.));
#7168 = ORIENTED_EDGE('',*,*,#4358,.T.);
#7169 = ORIENTED_EDGE('',*,*,#7146,.F.);
#7170 = ORIENTED_EDGE('',*,*,#670,.F.);
#7171 = PLANE('',#7172);
#7172 = AXIS2_PLACEMENT_3D('',#7173,#7174,#7175);
#7173 = CARTESIAN_POINT('',(-17.80454993238,12.051887889677,14.25));
#7174 = DIRECTION('',(0.837759468144,-0.546039443205,0.));
#7175 = DIRECTION('',(-0.546039443205,-0.837759468144,0.));
#7176 = ADVANCED_FACE('',(#7177),#7188,.F.);
#7177 = FACE_BOUND('',#7178,.F.);
#7178 = EDGE_LOOP('',(#7179,#7185,#7186,#7187));
#7179 = ORIENTED_EDGE('',*,*,#7180,.T.);
#7180 = EDGE_CURVE('',#655,#4343,#7181,.T.);
#7181 = LINE('',#7182,#7183);
#7182 = CARTESIAN_POINT('',(-17.37384152051,12.664897584265,14.25));
#7183 = VECTOR('',#7184,1.);
#7184 = DIRECTION('',(0.,0.,1.));
#7185 = ORIENTED_EDGE('',*,*,#4350,.T.);
#7186 = ORIENTED_EDGE('',*,*,#7163,.F.);
#7187 = ORIENTED_EDGE('',*,*,#662,.F.);
#7188 = PLANE('',#7189);
#7189 = AXIS2_PLACEMENT_3D('',#7190,#7191,#7192);
#7190 = CARTESIAN_POINT('',(-17.37384152051,12.664897584265,14.25));
#7191 = DIRECTION('',(0.818226328441,-0.574896230155,0.));
#7192 = DIRECTION('',(-0.574896230155,-0.818226328441,0.));
#7193 = ADVANCED_FACE('',(#7194),#7205,.F.);
#7194 = FACE_BOUND('',#7195,.F.);
#7195 = EDGE_LOOP('',(#7196,#7202,#7203,#7204));
#7196 = ORIENTED_EDGE('',*,*,#7197,.T.);
#7197 = EDGE_CURVE('',#647,#4335,#7198,.T.);
#7198 = LINE('',#7199,#7200);
#7199 = CARTESIAN_POINT('',(-16.92203678781,13.262528829444,14.25));
#7200 = VECTOR('',#7201,1.);
#7201 = DIRECTION('',(0.,0.,1.));
#7202 = ORIENTED_EDGE('',*,*,#4342,.T.);
#7203 = ORIENTED_EDGE('',*,*,#7180,.F.);
#7204 = ORIENTED_EDGE('',*,*,#654,.F.);
#7205 = PLANE('',#7206);
#7206 = AXIS2_PLACEMENT_3D('',#7207,#7208,#7209);
#7207 = CARTESIAN_POINT('',(-16.92203678781,13.262528829444,14.25));
#7208 = DIRECTION('',(0.797699651118,-0.603054944931,0.));
#7209 = DIRECTION('',(-0.603054944931,-0.797699651118,0.));
#7210 = ADVANCED_FACE('',(#7211),#7222,.F.);
#7211 = FACE_BOUND('',#7212,.F.);
#7212 = EDGE_LOOP('',(#7213,#7219,#7220,#7221));
#7213 = ORIENTED_EDGE('',*,*,#7214,.T.);
#7214 = EDGE_CURVE('',#639,#4327,#7215,.T.);
#7215 = LINE('',#7216,#7217);
#7216 = CARTESIAN_POINT('',(-16.44968434164,13.844055946875,14.25));
#7217 = VECTOR('',#7218,1.);
#7218 = DIRECTION('',(0.,0.,1.));
#7219 = ORIENTED_EDGE('',*,*,#4334,.T.);
#7220 = ORIENTED_EDGE('',*,*,#7197,.F.);
#7221 = ORIENTED_EDGE('',*,*,#646,.F.);
#7222 = PLANE('',#7223);
#7223 = AXIS2_PLACEMENT_3D('',#7224,#7225,#7226);
#7224 = CARTESIAN_POINT('',(-16.44968434164,13.844055946875,14.25));
#7225 = DIRECTION('',(0.776204360852,-0.630481395597,0.));
#7226 = DIRECTION('',(-0.630481395597,-0.776204360852,0.));
#7227 = ADVANCED_FACE('',(#7228),#7239,.F.);
#7228 = FACE_BOUND('',#7229,.F.);
#7229 = EDGE_LOOP('',(#7230,#7236,#7237,#7238));
#7230 = ORIENTED_EDGE('',*,*,#7231,.T.);
#7231 = EDGE_CURVE('',#631,#4319,#7232,.T.);
#7232 = LINE('',#7233,#7234);
#7233 = CARTESIAN_POINT('',(-15.9573577396,14.408772812776,14.25));
#7234 = VECTOR('',#7235,1.);
#7235 = DIRECTION('',(0.,0.,1.));
#7236 = ORIENTED_EDGE('',*,*,#4326,.T.);
#7237 = ORIENTED_EDGE('',*,*,#7214,.F.);
#7238 = ORIENTED_EDGE('',*,*,#638,.F.);
#7239 = PLANE('',#7240);
#7240 = AXIS2_PLACEMENT_3D('',#7241,#7242,#7243);
#7241 = CARTESIAN_POINT('',(-15.9573577396,14.408772812776,14.25));
#7242 = DIRECTION('',(0.753766558464,-0.657142279374,0.));
#7243 = DIRECTION('',(-0.657142279374,-0.753766558464,0.));
#7244 = ADVANCED_FACE('',(#7245),#7256,.F.);
#7245 = FACE_BOUND('',#7246,.F.);
#7246 = EDGE_LOOP('',(#7247,#7253,#7254,#7255));
#7247 = ORIENTED_EDGE('',*,*,#7248,.T.);
#7248 = EDGE_CURVE('',#623,#4311,#7249,.T.);
#7249 = LINE('',#7250,#7251);
#7250 = CARTESIAN_POINT('',(-15.44565479306,14.955993715345,14.25));
#7251 = VECTOR('',#7252,1.);
#7252 = DIRECTION('',(0.,0.,1.));
#7253 = ORIENTED_EDGE('',*,*,#4318,.T.);
#7254 = ORIENTED_EDGE('',*,*,#7231,.F.);
#7255 = ORIENTED_EDGE('',*,*,#630,.F.);
#7256 = PLANE('',#7257);
#7257 = AXIS2_PLACEMENT_3D('',#7258,#7259,#7260);
#7258 = CARTESIAN_POINT('',(-15.44565479306,14.955993715345,14.25));
#7259 = DIRECTION('',(0.730413489229,-0.683005223078,0.));
#7260 = DIRECTION('',(-0.683005223078,-0.730413489229,0.));
#7261 = ADVANCED_FACE('',(#7262),#7273,.F.);
#7262 = FACE_BOUND('',#7263,.F.);
#7263 = EDGE_LOOP('',(#7264,#7270,#7271,#7272));
#7264 = ORIENTED_EDGE('',*,*,#7265,.T.);
#7265 = EDGE_CURVE('',#615,#4303,#7266,.T.);
#7266 = LINE('',#7267,#7268);
#7267 = CARTESIAN_POINT('',(-14.91519684126,15.485054187388,14.25));
#7268 = VECTOR('',#7269,1.);
#7269 = DIRECTION('',(0.,0.,1.));
#7270 = ORIENTED_EDGE('',*,*,#4310,.T.);
#7271 = ORIENTED_EDGE('',*,*,#7248,.F.);
#7272 = ORIENTED_EDGE('',*,*,#622,.F.);
#7273 = PLANE('',#7274);
#7274 = AXIS2_PLACEMENT_3D('',#7275,#7276,#7277);
#7275 = CARTESIAN_POINT('',(-14.91519684126,15.485054187388,14.25));
#7276 = DIRECTION('',(0.706173509791,-0.708038822431,0.));
#7277 = DIRECTION('',(-0.708038822431,-0.706173509791,0.));
#7278 = ADVANCED_FACE('',(#7279),#7290,.F.);
#7279 = FACE_BOUND('',#7280,.F.);
#7280 = EDGE_LOOP('',(#7281,#7287,#7288,#7289));
#7281 = ORIENTED_EDGE('',*,*,#7282,.T.);
#7282 = EDGE_CURVE('',#607,#4295,#7283,.T.);
#7283 = LINE('',#7284,#7285);
#7284 = CARTESIAN_POINT('',(-14.36662799685,15.995311813153,14.25));
#7285 = VECTOR('',#7286,1.);
#7286 = DIRECTION('',(0.,0.,1.));
#7287 = ORIENTED_EDGE('',*,*,#4302,.T.);
#7288 = ORIENTED_EDGE('',*,*,#7265,.F.);
#7289 = ORIENTED_EDGE('',*,*,#614,.F.);
#7290 = PLANE('',#7291);
#7291 = AXIS2_PLACEMENT_3D('',#7292,#7293,#7294);
#7292 = CARTESIAN_POINT('',(-14.36662799685,15.995311813153,14.25));
#7293 = DIRECTION('',(0.681076053731,-0.732212680192,0.));
#7294 = DIRECTION('',(-0.732212680192,-0.681076053731,0.));
#7295 = ADVANCED_FACE('',(#7296),#7307,.F.);
#7296 = FACE_BOUND('',#7297,.F.);
#7297 = EDGE_LOOP('',(#7298,#7304,#7305,#7306));
#7298 = ORIENTED_EDGE('',*,*,#7299,.T.);
#7299 = EDGE_CURVE('',#599,#4287,#7300,.T.);
#7300 = LINE('',#7301,#7302);
#7301 = CARTESIAN_POINT('',(-13.80061436378,16.486147008389,14.25));
#7302 = VECTOR('',#7303,1.);
#7303 = DIRECTION('',(0.,0.,1.));
#7304 = ORIENTED_EDGE('',*,*,#4294,.T.);
#7305 = ORIENTED_EDGE('',*,*,#7282,.F.);
#7306 = ORIENTED_EDGE('',*,*,#606,.F.);
#7307 = PLANE('',#7308);
#7308 = AXIS2_PLACEMENT_3D('',#7309,#7310,#7311);
#7309 = CARTESIAN_POINT('',(-13.80061436378,16.486147008389,14.25));
#7310 = DIRECTION('',(0.655151595828,-0.755497443069,0.));
#7311 = DIRECTION('',(-0.755497443069,-0.655151595828,0.));
#7312 = ADVANCED_FACE('',(#7313),#7324,.F.);
#7313 = FACE_BOUND('',#7314,.F.);
#7314 = EDGE_LOOP('',(#7315,#7321,#7322,#7323));
#7315 = ORIENTED_EDGE('',*,*,#7316,.T.);
#7316 = EDGE_CURVE('',#591,#4279,#7317,.T.);
#7317 = LINE('',#7318,#7319);
#7318 = CARTESIAN_POINT('',(-13.21784322845,16.956963772681,14.25));
#7319 = VECTOR('',#7320,1.);
#7320 = DIRECTION('',(0.,0.,1.));
#7321 = ORIENTED_EDGE('',*,*,#4286,.T.);
#7322 = ORIENTED_EDGE('',*,*,#7299,.F.);
#7323 = ORIENTED_EDGE('',*,*,#598,.F.);
#7324 = PLANE('',#7325);
#7325 = AXIS2_PLACEMENT_3D('',#7326,#7327,#7328);
#7326 = CARTESIAN_POINT('',(-13.21784322845,16.956963772681,14.25));
#7327 = DIRECTION('',(0.628431615056,-0.777864837358,0.));
#7328 = DIRECTION('',(-0.777864837358,-0.628431615056,0.));
#7329 = ADVANCED_FACE('',(#7330),#7341,.F.);
#7330 = FACE_BOUND('',#7331,.F.);
#7331 = EDGE_LOOP('',(#7332,#7338,#7339,#7340));
#7332 = ORIENTED_EDGE('',*,*,#7333,.T.);
#7333 = EDGE_CURVE('',#583,#4271,#7334,.T.);
#7334 = LINE('',#7335,#7336);
#7335 = CARTESIAN_POINT('',(-12.61902222521,17.407190413148,14.25));
#7336 = VECTOR('',#7337,1.);
#7337 = DIRECTION('',(0.,0.,1.));
#7338 = ORIENTED_EDGE('',*,*,#4278,.T.);
#7339 = ORIENTED_EDGE('',*,*,#7316,.F.);
#7340 = ORIENTED_EDGE('',*,*,#590,.F.);
#7341 = PLANE('',#7342);
#7342 = AXIS2_PLACEMENT_3D('',#7343,#7344,#7345);
#7343 = CARTESIAN_POINT('',(-12.61902222521,17.407190413148,14.25));
#7344 = DIRECTION('',(0.600948556357,-0.799287703279,0.));
#7345 = DIRECTION('',(-0.799287703279,-0.600948556357,0.));
#7346 = ADVANCED_FACE('',(#7347),#7358,.F.);
#7347 = FACE_BOUND('',#7348,.F.);
#7348 = EDGE_LOOP('',(#7349,#7355,#7356,#7357));
#7349 = ORIENTED_EDGE('',*,*,#7350,.T.);
#7350 = EDGE_CURVE('',#575,#4263,#7351,.T.);
#7351 = LINE('',#7352,#7353);
#7352 = CARTESIAN_POINT('',(-12.00487847707,17.836280238624,14.25));
#7353 = VECTOR('',#7354,1.);
#7354 = DIRECTION('',(0.,0.,1.));
#7355 = ORIENTED_EDGE('',*,*,#4270,.T.);
#7356 = ORIENTED_EDGE('',*,*,#7333,.F.);
#7357 = ORIENTED_EDGE('',*,*,#582,.F.);
#7358 = PLANE('',#7359);
#7359 = AXIS2_PLACEMENT_3D('',#7360,#7361,#7362);
#7360 = CARTESIAN_POINT('',(-12.00487847707,17.836280238624,14.25));
#7361 = DIRECTION('',(0.572735791245,-0.819740027952,0.));
#7362 = DIRECTION('',(-0.819740027952,-0.572735791245,0.));
#7363 = ADVANCED_FACE('',(#7364),#7375,.F.);
#7364 = FACE_BOUND('',#7365,.F.);
#7365 = EDGE_LOOP('',(#7366,#7372,#7373,#7374));
#7366 = ORIENTED_EDGE('',*,*,#7367,.T.);
#7367 = EDGE_CURVE('',#567,#4255,#7368,.T.);
#7368 = LINE('',#7369,#7370);
#7369 = CARTESIAN_POINT('',(-11.3761577128,18.243712223486,14.25));
#7370 = VECTOR('',#7371,1.);
#7371 = DIRECTION('',(0.,0.,1.));
#7372 = ORIENTED_EDGE('',*,*,#4262,.T.);
#7373 = ORIENTED_EDGE('',*,*,#7350,.F.);
#7374 = ORIENTED_EDGE('',*,*,#574,.F.);
#7375 = PLANE('',#7376);
#7376 = AXIS2_PLACEMENT_3D('',#7377,#7378,#7379);
#7377 = CARTESIAN_POINT('',(-11.3761577128,18.243712223486,14.25));
#7378 = DIRECTION('',(0.54382757729,-0.839196976984,0.));
#7379 = DIRECTION('',(-0.839196976984,-0.54382757729,0.));
#7380 = ADVANCED_FACE('',(#7381),#7392,.F.);
#7381 = FACE_BOUND('',#7382,.F.);
#7382 = EDGE_LOOP('',(#7383,#7389,#7390,#7391));
#7383 = ORIENTED_EDGE('',*,*,#7384,.T.);
#7384 = EDGE_CURVE('',#559,#4247,#7385,.T.);
#7385 = LINE('',#7386,#7387);
#7386 = CARTESIAN_POINT('',(-10.73362336144,18.628991640309,14.25));
#7387 = VECTOR('',#7388,1.);
#7388 = DIRECTION('',(0.,0.,1.));
#7389 = ORIENTED_EDGE('',*,*,#4254,.T.);
#7390 = ORIENTED_EDGE('',*,*,#7367,.F.);
#7391 = ORIENTED_EDGE('',*,*,#566,.F.);
#7392 = PLANE('',#7393);
#7393 = AXIS2_PLACEMENT_3D('',#7394,#7395,#7396);
#7394 = CARTESIAN_POINT('',(-10.73362336144,18.628991640309,14.25));
#7395 = DIRECTION('',(0.514259016511,-0.857634924625,0.));
#7396 = DIRECTION('',(-0.857634924625,-0.514259016511,0.));
#7397 = ADVANCED_FACE('',(#7398),#7409,.F.);
#7398 = FACE_BOUND('',#7399,.F.);
#7399 = EDGE_LOOP('',(#7400,#7406,#7407,#7408));
#7400 = ORIENTED_EDGE('',*,*,#7401,.T.);
#7401 = EDGE_CURVE('',#551,#4239,#7402,.T.);
#7402 = LINE('',#7403,#7404);
#7403 = CARTESIAN_POINT('',(-10.07805562526,18.991650660594,14.25));
#7404 = VECTOR('',#7405,1.);
#7405 = DIRECTION('',(0.,0.,1.));
#7406 = ORIENTED_EDGE('',*,*,#4246,.T.);
#7407 = ORIENTED_EDGE('',*,*,#7384,.F.);
#7408 = ORIENTED_EDGE('',*,*,#558,.F.);
#7409 = PLANE('',#7410);
#7410 = AXIS2_PLACEMENT_3D('',#7411,#7412,#7413);
#7411 = CARTESIAN_POINT('',(-10.07805562526,18.991650660594,14.25));
#7412 = DIRECTION('',(0.484066012762,-0.875031482456,0.));
#7413 = DIRECTION('',(-0.875031482456,-0.484066012762,0.));
#7414 = ADVANCED_FACE('',(#7415),#7426,.F.);
#7415 = FACE_BOUND('',#7416,.F.);
#7416 = EDGE_LOOP('',(#7417,#7423,#7424,#7425));
#7417 = ORIENTED_EDGE('',*,*,#7418,.T.);
#7418 = EDGE_CURVE('',#543,#4231,#7419,.T.);
#7419 = LINE('',#7420,#7421);
#7420 = CARTESIAN_POINT('',(-9.41025053245,19.331248922833,14.25));
#7421 = VECTOR('',#7422,1.);
#7422 = DIRECTION('',(0.,0.,1.));
#7423 = ORIENTED_EDGE('',*,*,#4238,.T.);
#7424 = ORIENTED_EDGE('',*,*,#7401,.F.);
#7425 = ORIENTED_EDGE('',*,*,#550,.F.);
#7426 = PLANE('',#7427);
#7427 = AXIS2_PLACEMENT_3D('',#7428,#7429,#7430);
#7428 = CARTESIAN_POINT('',(-9.41025053245,19.331248922833,14.25));
#7429 = DIRECTION('',(0.453285228129,-0.891365526571,0.));
#7430 = DIRECTION('',(-0.891365526571,-0.453285228129,0.));
#7431 = ADVANCED_FACE('',(#7432),#7443,.F.);
#7432 = FACE_BOUND('',#7433,.F.);
#7433 = EDGE_LOOP('',(#7434,#7440,#7441,#7442));
#7434 = ORIENTED_EDGE('',*,*,#7435,.T.);
#7435 = EDGE_CURVE('',#535,#4223,#7436,.T.);
#7436 = LINE('',#7437,#7438);
#7437 = CARTESIAN_POINT('',(-8.731018970467,19.647374067222,14.25));
#7438 = VECTOR('',#7439,1.);
#7439 = DIRECTION('',(0.,0.,1.));
#7440 = ORIENTED_EDGE('',*,*,#4230,.T.);
#7441 = ORIENTED_EDGE('',*,*,#7418,.F.);
#7442 = ORIENTED_EDGE('',*,*,#542,.F.);
#7443 = PLANE('',#7444);
#7444 = AXIS2_PLACEMENT_3D('',#7445,#7446,#7447);
#7445 = CARTESIAN_POINT('',(-8.731018970467,19.647374067222,14.25));
#7446 = DIRECTION('',(0.421954038419,-0.906617223233,0.));
#7447 = DIRECTION('',(-0.906617223233,-0.421954038419,0.));
#7448 = ADVANCED_FACE('',(#7449),#7460,.F.);
#7449 = FACE_BOUND('',#7450,.F.);
#7450 = EDGE_LOOP('',(#7451,#7457,#7458,#7459));
#7451 = ORIENTED_EDGE('',*,*,#7452,.T.);
#7452 = EDGE_CURVE('',#527,#4215,#7453,.T.);
#7453 = LINE('',#7454,#7455);
#7454 = CARTESIAN_POINT('',(-8.041185701473,19.93964223637,14.25));
#7455 = VECTOR('',#7456,1.);
#7456 = DIRECTION('',(0.,0.,1.));
#7457 = ORIENTED_EDGE('',*,*,#4222,.T.);
#7458 = ORIENTED_EDGE('',*,*,#7435,.F.);
#7459 = ORIENTED_EDGE('',*,*,#534,.F.);
#7460 = PLANE('',#7461);
#7461 = AXIS2_PLACEMENT_3D('',#7462,#7463,#7464);
#7462 = CARTESIAN_POINT('',(-8.041185701473,19.93964223637,14.25));
#7463 = DIRECTION('',(0.390110487768,-0.92076805295,0.));
#7464 = DIRECTION('',(-0.92076805295,-0.390110487768,0.));
#7465 = ADVANCED_FACE('',(#7466),#7477,.F.);
#7466 = FACE_BOUND('',#7467,.F.);
#7467 = EDGE_LOOP('',(#7468,#7474,#7475,#7476));
#7468 = ORIENTED_EDGE('',*,*,#7469,.T.);
#7469 = EDGE_CURVE('',#519,#4207,#7470,.T.);
#7470 = LINE('',#7471,#7472);
#7471 = CARTESIAN_POINT('',(-7.341588360826,20.207698541402,14.25));
#7472 = VECTOR('',#7473,1.);
#7473 = DIRECTION('',(0.,0.,1.));
#7474 = ORIENTED_EDGE('',*,*,#4214,.T.);
#7475 = ORIENTED_EDGE('',*,*,#7452,.F.);
#7476 = ORIENTED_EDGE('',*,*,#526,.F.);
#7477 = PLANE('',#7478);
#7478 = AXIS2_PLACEMENT_3D('',#7479,#7480,#7481);
#7479 = CARTESIAN_POINT('',(-7.341588360826,20.207698541402,14.25));
#7480 = DIRECTION('',(0.357793242453,-0.93380083297,0.));
#7481 = DIRECTION('',(-0.93380083297,-0.357793242453,0.));
#7482 = ADVANCED_FACE('',(#7483),#7494,.F.);
#7483 = FACE_BOUND('',#7484,.F.);
#7484 = EDGE_LOOP('',(#7485,#7491,#7492,#7493));
#7485 = ORIENTED_EDGE('',*,*,#7486,.T.);
#7486 = EDGE_CURVE('',#511,#4199,#7487,.T.);
#7487 = LINE('',#7488,#7489);
#7488 = CARTESIAN_POINT('',(-6.633076439983,20.451217492886,14.25));
#7489 = VECTOR('',#7490,1.);
#7490 = DIRECTION('',(0.,0.,1.));
#7491 = ORIENTED_EDGE('',*,*,#4206,.T.);
#7492 = ORIENTED_EDGE('',*,*,#7469,.F.);
#7493 = ORIENTED_EDGE('',*,*,#518,.F.);
#7494 = PLANE('',#7495);
#7495 = AXIS2_PLACEMENT_3D('',#7496,#7497,#7498);
#7496 = CARTESIAN_POINT('',(-6.633076439983,20.451217492886,14.25));
#7497 = DIRECTION('',(0.325041543939,-0.945699738138,0.));
#7498 = DIRECTION('',(-0.945699738138,-0.325041543939,0.));
#7499 = ADVANCED_FACE('',(#7500),#7511,.F.);
#7500 = FACE_BOUND('',#7501,.F.);
#7501 = EDGE_LOOP('',(#7502,#7508,#7509,#7510));
#7502 = ORIENTED_EDGE('',*,*,#7503,.T.);
#7503 = EDGE_CURVE('',#503,#4191,#7504,.T.);
#7504 = LINE('',#7505,#7506);
#7505 = CARTESIAN_POINT('',(-5.916510255,20.669903396061,14.25));
#7506 = VECTOR('',#7507,1.);
#7507 = DIRECTION('',(0.,0.,1.));
#7508 = ORIENTED_EDGE('',*,*,#4198,.T.);
#7509 = ORIENTED_EDGE('',*,*,#7486,.F.);
#7510 = ORIENTED_EDGE('',*,*,#510,.F.);
#7511 = PLANE('',#7512);
#7512 = AXIS2_PLACEMENT_3D('',#7513,#7514,#7515);
#7513 = CARTESIAN_POINT('',(-5.916510255,20.669903396061,14.25));
#7514 = DIRECTION('',(0.291895161228,-0.956450320117,0.));
#7515 = DIRECTION('',(-0.956450320117,-0.291895161228,0.));
#7516 = ADVANCED_FACE('',(#7517),#7528,.F.);
#7517 = FACE_BOUND('',#7518,.F.);
#7518 = EDGE_LOOP('',(#7519,#7525,#7526,#7527));
#7519 = ORIENTED_EDGE('',*,*,#7520,.T.);
#7520 = EDGE_CURVE('',#495,#4183,#7521,.T.);
#7521 = LINE('',#7522,#7523);
#7522 = CARTESIAN_POINT('',(-5.192759901884,20.863490709883,14.25));
#7523 = VECTOR('',#7524,1.);
#7524 = DIRECTION('',(0.,0.,1.));
#7525 = ORIENTED_EDGE('',*,*,#4190,.T.);
#7526 = ORIENTED_EDGE('',*,*,#7503,.F.);
#7527 = ORIENTED_EDGE('',*,*,#502,.F.);
#7528 = PLANE('',#7529);
#7529 = AXIS2_PLACEMENT_3D('',#7530,#7531,#7532);
#7530 = CARTESIAN_POINT('',(-5.192759901884,20.863490709883,14.25));
#7531 = DIRECTION('',(0.258394342569,-0.966039524931,0.));
#7532 = DIRECTION('',(-0.966039524931,-0.258394342569,0.));
#7533 = ADVANCED_FACE('',(#7534),#7545,.F.);
#7534 = FACE_BOUND('',#7535,.F.);
#7535 = EDGE_LOOP('',(#7536,#7542,#7543,#7544));
#7536 = ORIENTED_EDGE('',*,*,#7537,.T.);
#7537 = EDGE_CURVE('',#487,#4175,#7538,.T.);
#7538 = LINE('',#7539,#7540);
#7539 = CARTESIAN_POINT('',(-4.462704200075,21.031744369468,14.25));
#7540 = VECTOR('',#7541,1.);
#7541 = DIRECTION('',(0.,0.,1.));
#7542 = ORIENTED_EDGE('',*,*,#4182,.T.);
#7543 = ORIENTED_EDGE('',*,*,#7520,.F.);
#7544 = ORIENTED_EDGE('',*,*,#494,.F.);
#7545 = PLANE('',#7546);
#7546 = AXIS2_PLACEMENT_3D('',#7547,#7548,#7549);
#7547 = CARTESIAN_POINT('',(-4.462704200075,21.031744369468,14.25));
#7548 = DIRECTION('',(0.224579766591,-0.974455708813,0.));
#7549 = DIRECTION('',(-0.974455708813,-0.224579766591,0.));
#7550 = ADVANCED_FACE('',(#7551),#7562,.F.);
#7551 = FACE_BOUND('',#7552,.F.);
#7552 = EDGE_LOOP('',(#7553,#7559,#7560,#7561));
#7553 = ORIENTED_EDGE('',*,*,#7554,.T.);
#7554 = EDGE_CURVE('',#479,#4167,#7555,.T.);
#7555 = LINE('',#7556,#7557);
#7556 = CARTESIAN_POINT('',(-3.727229625329,21.174460071512,14.25));
#7557 = VECTOR('',#7558,1.);
#7558 = DIRECTION('',(0.,0.,1.));
#7559 = ORIENTED_EDGE('',*,*,#4174,.T.);
#7560 = ORIENTED_EDGE('',*,*,#7537,.F.);
#7561 = ORIENTED_EDGE('',*,*,#486,.F.);
#7562 = PLANE('',#7563);
#7563 = AXIS2_PLACEMENT_3D('',#7564,#7565,#7566);
#7564 = CARTESIAN_POINT('',(-3.727229625329,21.174460071512,14.25));
#7565 = DIRECTION('',(0.190492492902,-0.981688652348,0.));
#7566 = DIRECTION('',(-0.981688652348,-0.190492492902,0.));
#7567 = ADVANCED_FACE('',(#7568),#7579,.F.);
#7568 = FACE_BOUND('',#7569,.F.);
#7569 = EDGE_LOOP('',(#7570,#7576,#7577,#7578));
#7570 = ORIENTED_EDGE('',*,*,#7571,.T.);
#7571 = EDGE_CURVE('',#471,#4159,#7572,.T.);
#7572 = LINE('',#7573,#7574);
#7573 = CARTESIAN_POINT('',(-2.987229233311,21.291464522377,14.25));
#7574 = VECTOR('',#7575,1.);
#7575 = DIRECTION('',(0.,0.,1.));
#7576 = ORIENTED_EDGE('',*,*,#4166,.T.);
#7577 = ORIENTED_EDGE('',*,*,#7554,.F.);
#7578 = ORIENTED_EDGE('',*,*,#478,.F.);
#7579 = PLANE('',#7580);
#7580 = AXIS2_PLACEMENT_3D('',#7581,#7582,#7583);
#7581 = CARTESIAN_POINT('',(-2.987229233311,21.291464522377,14.25));
#7582 = DIRECTION('',(0.156173912236,-0.987729572878,0.));
#7583 = DIRECTION('',(-0.987729572878,-0.156173912236,0.));
#7584 = ADVANCED_FACE('',(#7585),#7596,.F.);
#7585 = FACE_BOUND('',#7586,.F.);
#7586 = EDGE_LOOP('',(#7587,#7593,#7594,#7595));
#7587 = ORIENTED_EDGE('',*,*,#7588,.T.);
#7588 = EDGE_CURVE('',#463,#4151,#7589,.T.);
#7589 = LINE('',#7590,#7591);
#7590 = CARTESIAN_POINT('',(-2.243601575196,21.382615648507,14.25));
#7591 = VECTOR('',#7592,1.);
#7592 = DIRECTION('',(0.,0.,1.));
#7593 = ORIENTED_EDGE('',*,*,#4158,.T.);
#7594 = ORIENTED_EDGE('',*,*,#7571,.F.);
#7595 = ORIENTED_EDGE('',*,*,#470,.F.);
#7596 = PLANE('',#7597);
#7597 = AXIS2_PLACEMENT_3D('',#7598,#7599,#7600);
#7598 = CARTESIAN_POINT('',(-2.243601575196,21.382615648507,14.25));
#7599 = DIRECTION('',(0.121665696195,-0.992571135168,0.));
#7600 = DIRECTION('',(-0.992571135168,-0.121665696195,0.));
#7601 = ADVANCED_FACE('',(#7602),#7613,.F.);
#7602 = FACE_BOUND('',#7603,.F.);
#7603 = EDGE_LOOP('',(#7604,#7610,#7611,#7612));
#7604 = ORIENTED_EDGE('',*,*,#7605,.T.);
#7605 = EDGE_CURVE('',#455,#4143,#7606,.T.);
#7606 = LINE('',#7607,#7608);
#7607 = CARTESIAN_POINT('',(-1.497249606593,21.447802768945,14.25));
#7608 = VECTOR('',#7609,1.);
#7609 = DIRECTION('',(0.,0.,1.));
#7610 = ORIENTED_EDGE('',*,*,#4150,.T.);
#7611 = ORIENTED_EDGE('',*,*,#7588,.F.);
#7612 = ORIENTED_EDGE('',*,*,#462,.F.);
#7613 = PLANE('',#7614);
#7614 = AXIS2_PLACEMENT_3D('',#7615,#7616,#7617);
#7615 = CARTESIAN_POINT('',(-1.497249606593,21.447802768945,14.25));
#7616 = DIRECTION('',(8.700974664565E-02,-0.996207460316,0.));
#7617 = DIRECTION('',(-0.996207460316,-8.700974664565E-02,0.));
#7618 = ADVANCED_FACE('',(#7619),#7630,.F.);
#7619 = FACE_BOUND('',#7620,.F.);
#7620 = EDGE_LOOP('',(#7621,#7627,#7628,#7629));
#7621 = ORIENTED_EDGE('',*,*,#7622,.T.);
#7622 = EDGE_CURVE('',#447,#4135,#7623,.T.);
#7623 = LINE('',#7624,#7625);
#7624 = CARTESIAN_POINT('',(-0.749079591127,21.486946729728,14.25));
#7625 = VECTOR('',#7626,1.);
#7626 = DIRECTION('',(0.,0.,1.));
#7627 = ORIENTED_EDGE('',*,*,#4142,.T.);
#7628 = ORIENTED_EDGE('',*,*,#7605,.F.);
#7629 = ORIENTED_EDGE('',*,*,#454,.F.);
#7630 = PLANE('',#7631);
#7631 = AXIS2_PLACEMENT_3D('',#7632,#7633,#7634);
#7632 = CARTESIAN_POINT('',(-0.749079591127,21.486946729728,14.25));
#7633 = DIRECTION('',(5.224814484143E-02,-0.998634132884,0.));
#7634 = DIRECTION('',(-0.998634132884,-5.224814484143E-02,0.));
#7635 = ADVANCED_FACE('',(#7636),#7647,.F.);
#7636 = FACE_BOUND('',#7637,.F.);
#7637 = EDGE_LOOP('',(#7638,#7644,#7645,#7646));
#7638 = ORIENTED_EDGE('',*,*,#7639,.T.);
#7639 = EDGE_CURVE('',#439,#4127,#7640,.T.);
#7640 = LINE('',#7641,#7642);
#7641 = CARTESIAN_POINT('',(-3.457463696805E-15,21.5,14.25));
#7642 = VECTOR('',#7643,1.);
#7643 = DIRECTION('',(0.,0.,1.));
#7644 = ORIENTED_EDGE('',*,*,#4134,.T.);
#7645 = ORIENTED_EDGE('',*,*,#7622,.F.);
#7646 = ORIENTED_EDGE('',*,*,#446,.F.);
#7647 = PLANE('',#7648);
#7648 = AXIS2_PLACEMENT_3D('',#7649,#7650,#7651);
#7649 = CARTESIAN_POINT('',(-3.457463696805E-15,21.5,14.25));
#7650 = DIRECTION('',(1.742310032505E-02,-0.999848206267,0.));
#7651 = DIRECTION('',(-0.999848206267,-1.742310032505E-02,0.));
#7652 = ADVANCED_FACE('',(#7653),#7664,.F.);
#7653 = FACE_BOUND('',#7654,.F.);
#7654 = EDGE_LOOP('',(#7655,#7661,#7662,#7663));
#7655 = ORIENTED_EDGE('',*,*,#7656,.T.);
#7656 = EDGE_CURVE('',#431,#4119,#7657,.T.);
#7657 = LINE('',#7658,#7659);
#7658 = CARTESIAN_POINT('',(0.749079591127,21.486946729728,14.25));
#7659 = VECTOR('',#7660,1.);
#7660 = DIRECTION('',(0.,0.,1.));
#7661 = ORIENTED_EDGE('',*,*,#4126,.T.);
#7662 = ORIENTED_EDGE('',*,*,#7639,.F.);
#7663 = ORIENTED_EDGE('',*,*,#438,.F.);
#7664 = PLANE('',#7665);
#7665 = AXIS2_PLACEMENT_3D('',#7666,#7667,#7668);
#7666 = CARTESIAN_POINT('',(0.749079591127,21.486946729728,14.25));
#7667 = DIRECTION('',(-1.742310032505E-02,-0.999848206267,0.));
#7668 = DIRECTION('',(-0.999848206267,1.742310032505E-02,0.));
#7669 = ADVANCED_FACE('',(#7670),#7681,.F.);
#7670 = FACE_BOUND('',#7671,.F.);
#7671 = EDGE_LOOP('',(#7672,#7678,#7679,#7680));
#7672 = ORIENTED_EDGE('',*,*,#7673,.T.);
#7673 = EDGE_CURVE('',#423,#4111,#7674,.T.);
#7674 = LINE('',#7675,#7676);
#7675 = CARTESIAN_POINT('',(1.497249606593,21.447802768945,14.25));
#7676 = VECTOR('',#7677,1.);
#7677 = DIRECTION('',(0.,0.,1.));
#7678 = ORIENTED_EDGE('',*,*,#4118,.T.);
#7679 = ORIENTED_EDGE('',*,*,#7656,.F.);
#7680 = ORIENTED_EDGE('',*,*,#430,.F.);
#7681 = PLANE('',#7682);
#7682 = AXIS2_PLACEMENT_3D('',#7683,#7684,#7685);
#7683 = CARTESIAN_POINT('',(1.497249606593,21.447802768945,14.25));
#7684 = DIRECTION('',(-5.224814484144E-02,-0.998634132884,0.));
#7685 = DIRECTION('',(-0.998634132884,5.224814484144E-02,0.));
#7686 = ADVANCED_FACE('',(#7687),#7698,.F.);
#7687 = FACE_BOUND('',#7688,.F.);
#7688 = EDGE_LOOP('',(#7689,#7695,#7696,#7697));
#7689 = ORIENTED_EDGE('',*,*,#7690,.T.);
#7690 = EDGE_CURVE('',#415,#4103,#7691,.T.);
#7691 = LINE('',#7692,#7693);
#7692 = CARTESIAN_POINT('',(2.243601575196,21.382615648507,14.25));
#7693 = VECTOR('',#7694,1.);
#7694 = DIRECTION('',(0.,0.,1.));
#7695 = ORIENTED_EDGE('',*,*,#4110,.T.);
#7696 = ORIENTED_EDGE('',*,*,#7673,.F.);
#7697 = ORIENTED_EDGE('',*,*,#422,.F.);
#7698 = PLANE('',#7699);
#7699 = AXIS2_PLACEMENT_3D('',#7700,#7701,#7702);
#7700 = CARTESIAN_POINT('',(2.243601575196,21.382615648507,14.25));
#7701 = DIRECTION('',(-8.700974664565E-02,-0.996207460316,0.));
#7702 = DIRECTION('',(-0.996207460316,8.700974664565E-02,0.));
#7703 = ADVANCED_FACE('',(#7704),#7715,.F.);
#7704 = FACE_BOUND('',#7705,.F.);
#7705 = EDGE_LOOP('',(#7706,#7712,#7713,#7714));
#7706 = ORIENTED_EDGE('',*,*,#7707,.T.);
#7707 = EDGE_CURVE('',#407,#4095,#7708,.T.);
#7708 = LINE('',#7709,#7710);
#7709 = CARTESIAN_POINT('',(2.987229233311,21.291464522377,14.25));
#7710 = VECTOR('',#7711,1.);
#7711 = DIRECTION('',(0.,0.,1.));
#7712 = ORIENTED_EDGE('',*,*,#4102,.T.);
#7713 = ORIENTED_EDGE('',*,*,#7690,.F.);
#7714 = ORIENTED_EDGE('',*,*,#414,.F.);
#7715 = PLANE('',#7716);
#7716 = AXIS2_PLACEMENT_3D('',#7717,#7718,#7719);
#7717 = CARTESIAN_POINT('',(2.987229233311,21.291464522377,14.25));
#7718 = DIRECTION('',(-0.121665696195,-0.992571135168,0.));
#7719 = DIRECTION('',(-0.992571135168,0.121665696195,0.));
#7720 = ADVANCED_FACE('',(#7721),#7732,.F.);
#7721 = FACE_BOUND('',#7722,.F.);
#7722 = EDGE_LOOP('',(#7723,#7729,#7730,#7731));
#7723 = ORIENTED_EDGE('',*,*,#7724,.T.);
#7724 = EDGE_CURVE('',#399,#4087,#7725,.T.);
#7725 = LINE('',#7726,#7727);
#7726 = CARTESIAN_POINT('',(3.727229625329,21.174460071512,14.25));
#7727 = VECTOR('',#7728,1.);
#7728 = DIRECTION('',(0.,0.,1.));
#7729 = ORIENTED_EDGE('',*,*,#4094,.T.);
#7730 = ORIENTED_EDGE('',*,*,#7707,.F.);
#7731 = ORIENTED_EDGE('',*,*,#406,.F.);
#7732 = PLANE('',#7733);
#7733 = AXIS2_PLACEMENT_3D('',#7734,#7735,#7736);
#7734 = CARTESIAN_POINT('',(3.727229625329,21.174460071512,14.25));
#7735 = DIRECTION('',(-0.156173912236,-0.987729572878,0.));
#7736 = DIRECTION('',(-0.987729572878,0.156173912236,0.));
#7737 = ADVANCED_FACE('',(#7738),#7749,.F.);
#7738 = FACE_BOUND('',#7739,.F.);
#7739 = EDGE_LOOP('',(#7740,#7746,#7747,#7748));
#7740 = ORIENTED_EDGE('',*,*,#7741,.T.);
#7741 = EDGE_CURVE('',#391,#4079,#7742,.T.);
#7742 = LINE('',#7743,#7744);
#7743 = CARTESIAN_POINT('',(4.462704200075,21.031744369468,14.25));
#7744 = VECTOR('',#7745,1.);
#7745 = DIRECTION('',(0.,0.,1.));
#7746 = ORIENTED_EDGE('',*,*,#4086,.T.);
#7747 = ORIENTED_EDGE('',*,*,#7724,.F.);
#7748 = ORIENTED_EDGE('',*,*,#398,.F.);
#7749 = PLANE('',#7750);
#7750 = AXIS2_PLACEMENT_3D('',#7751,#7752,#7753);
#7751 = CARTESIAN_POINT('',(4.462704200075,21.031744369468,14.25));
#7752 = DIRECTION('',(-0.190492492902,-0.981688652348,0.));
#7753 = DIRECTION('',(-0.981688652348,0.190492492902,0.));
#7754 = ADVANCED_FACE('',(#7755),#7766,.F.);
#7755 = FACE_BOUND('',#7756,.F.);
#7756 = EDGE_LOOP('',(#7757,#7763,#7764,#7765));
#7757 = ORIENTED_EDGE('',*,*,#7758,.T.);
#7758 = EDGE_CURVE('',#383,#4071,#7759,.T.);
#7759 = LINE('',#7760,#7761);
#7760 = CARTESIAN_POINT('',(5.192759901884,20.863490709883,14.25));
#7761 = VECTOR('',#7762,1.);
#7762 = DIRECTION('',(0.,0.,1.));
#7763 = ORIENTED_EDGE('',*,*,#4078,.T.);
#7764 = ORIENTED_EDGE('',*,*,#7741,.F.);
#7765 = ORIENTED_EDGE('',*,*,#390,.F.);
#7766 = PLANE('',#7767);
#7767 = AXIS2_PLACEMENT_3D('',#7768,#7769,#7770);
#7768 = CARTESIAN_POINT('',(5.192759901884,20.863490709883,14.25));
#7769 = DIRECTION('',(-0.224579766591,-0.974455708813,0.));
#7770 = DIRECTION('',(-0.974455708813,0.224579766591,0.));
#7771 = ADVANCED_FACE('',(#7772),#7783,.F.);
#7772 = FACE_BOUND('',#7773,.F.);
#7773 = EDGE_LOOP('',(#7774,#7780,#7781,#7782));
#7774 = ORIENTED_EDGE('',*,*,#7775,.T.);
#7775 = EDGE_CURVE('',#375,#4063,#7776,.T.);
#7776 = LINE('',#7777,#7778);
#7777 = CARTESIAN_POINT('',(5.916510255,20.669903396061,14.25));
#7778 = VECTOR('',#7779,1.);
#7779 = DIRECTION('',(0.,0.,1.));
#7780 = ORIENTED_EDGE('',*,*,#4070,.T.);
#7781 = ORIENTED_EDGE('',*,*,#7758,.F.);
#7782 = ORIENTED_EDGE('',*,*,#382,.F.);
#7783 = PLANE('',#7784);
#7784 = AXIS2_PLACEMENT_3D('',#7785,#7786,#7787);
#7785 = CARTESIAN_POINT('',(5.916510255,20.669903396061,14.25));
#7786 = DIRECTION('',(-0.258394342569,-0.966039524931,0.));
#7787 = DIRECTION('',(-0.966039524931,0.258394342569,0.));
#7788 = ADVANCED_FACE('',(#7789),#7800,.F.);
#7789 = FACE_BOUND('',#7790,.F.);
#7790 = EDGE_LOOP('',(#7791,#7797,#7798,#7799));
#7791 = ORIENTED_EDGE('',*,*,#7792,.T.);
#7792 = EDGE_CURVE('',#367,#4055,#7793,.T.);
#7793 = LINE('',#7794,#7795);
#7794 = CARTESIAN_POINT('',(6.633076439983,20.451217492886,14.25));
#7795 = VECTOR('',#7796,1.);
#7796 = DIRECTION('',(0.,0.,1.));
#7797 = ORIENTED_EDGE('',*,*,#4062,.T.);
#7798 = ORIENTED_EDGE('',*,*,#7775,.F.);
#7799 = ORIENTED_EDGE('',*,*,#374,.F.);
#7800 = PLANE('',#7801);
#7801 = AXIS2_PLACEMENT_3D('',#7802,#7803,#7804);
#7802 = CARTESIAN_POINT('',(6.633076439983,20.451217492886,14.25));
#7803 = DIRECTION('',(-0.291895161228,-0.956450320117,0.));
#7804 = DIRECTION('',(-0.956450320117,0.291895161228,0.));
#7805 = ADVANCED_FACE('',(#7806),#7817,.F.);
#7806 = FACE_BOUND('',#7807,.F.);
#7807 = EDGE_LOOP('',(#7808,#7814,#7815,#7816));
#7808 = ORIENTED_EDGE('',*,*,#7809,.T.);
#7809 = EDGE_CURVE('',#359,#4047,#7810,.T.);
#7810 = LINE('',#7811,#7812);
#7811 = CARTESIAN_POINT('',(7.341588360826,20.207698541402,14.25));
#7812 = VECTOR('',#7813,1.);
#7813 = DIRECTION('',(0.,0.,1.));
#7814 = ORIENTED_EDGE('',*,*,#4054,.T.);
#7815 = ORIENTED_EDGE('',*,*,#7792,.F.);
#7816 = ORIENTED_EDGE('',*,*,#366,.F.);
#7817 = PLANE('',#7818);
#7818 = AXIS2_PLACEMENT_3D('',#7819,#7820,#7821);
#7819 = CARTESIAN_POINT('',(7.341588360826,20.207698541402,14.25));
#7820 = DIRECTION('',(-0.325041543939,-0.945699738138,0.));
#7821 = DIRECTION('',(-0.945699738138,0.325041543939,0.));
#7822 = ADVANCED_FACE('',(#7823),#7834,.F.);
#7823 = FACE_BOUND('',#7824,.F.);
#7824 = EDGE_LOOP('',(#7825,#7831,#7832,#7833));
#7825 = ORIENTED_EDGE('',*,*,#7826,.T.);
#7826 = EDGE_CURVE('',#351,#4039,#7827,.T.);
#7827 = LINE('',#7828,#7829);
#7828 = CARTESIAN_POINT('',(8.041185701473,19.93964223637,14.25));
#7829 = VECTOR('',#7830,1.);
#7830 = DIRECTION('',(0.,0.,1.));
#7831 = ORIENTED_EDGE('',*,*,#4046,.T.);
#7832 = ORIENTED_EDGE('',*,*,#7809,.F.);
#7833 = ORIENTED_EDGE('',*,*,#358,.F.);
#7834 = PLANE('',#7835);
#7835 = AXIS2_PLACEMENT_3D('',#7836,#7837,#7838);
#7836 = CARTESIAN_POINT('',(8.041185701473,19.93964223637,14.25));
#7837 = DIRECTION('',(-0.357793242453,-0.93380083297,0.));
#7838 = DIRECTION('',(-0.93380083297,0.357793242453,0.));
#7839 = ADVANCED_FACE('',(#7840),#7851,.F.);
#7840 = FACE_BOUND('',#7841,.F.);
#7841 = EDGE_LOOP('',(#7842,#7848,#7849,#7850));
#7842 = ORIENTED_EDGE('',*,*,#7843,.T.);
#7843 = EDGE_CURVE('',#343,#4031,#7844,.T.);
#7844 = LINE('',#7845,#7846);
#7845 = CARTESIAN_POINT('',(8.731018970467,19.647374067222,14.25));
#7846 = VECTOR('',#7847,1.);
#7847 = DIRECTION('',(0.,0.,1.));
#7848 = ORIENTED_EDGE('',*,*,#4038,.T.);
#7849 = ORIENTED_EDGE('',*,*,#7826,.F.);
#7850 = ORIENTED_EDGE('',*,*,#350,.F.);
#7851 = PLANE('',#7852);
#7852 = AXIS2_PLACEMENT_3D('',#7853,#7854,#7855);
#7853 = CARTESIAN_POINT('',(8.731018970467,19.647374067222,14.25));
#7854 = DIRECTION('',(-0.390110487768,-0.92076805295,0.));
#7855 = DIRECTION('',(-0.92076805295,0.390110487768,0.));
#7856 = ADVANCED_FACE('',(#7857),#7868,.F.);
#7857 = FACE_BOUND('',#7858,.F.);
#7858 = EDGE_LOOP('',(#7859,#7865,#7866,#7867));
#7859 = ORIENTED_EDGE('',*,*,#7860,.T.);
#7860 = EDGE_CURVE('',#335,#4023,#7861,.T.);
#7861 = LINE('',#7862,#7863);
#7862 = CARTESIAN_POINT('',(9.41025053245,19.331248922833,14.25));
#7863 = VECTOR('',#7864,1.);
#7864 = DIRECTION('',(0.,0.,1.));
#7865 = ORIENTED_EDGE('',*,*,#4030,.T.);
#7866 = ORIENTED_EDGE('',*,*,#7843,.F.);
#7867 = ORIENTED_EDGE('',*,*,#342,.F.);
#7868 = PLANE('',#7869);
#7869 = AXIS2_PLACEMENT_3D('',#7870,#7871,#7872);
#7870 = CARTESIAN_POINT('',(9.41025053245,19.331248922833,14.25));
#7871 = DIRECTION('',(-0.421954038419,-0.906617223233,0.));
#7872 = DIRECTION('',(-0.906617223233,0.421954038419,0.));
#7873 = ADVANCED_FACE('',(#7874),#7885,.F.);
#7874 = FACE_BOUND('',#7875,.F.);
#7875 = EDGE_LOOP('',(#7876,#7882,#7883,#7884));
#7876 = ORIENTED_EDGE('',*,*,#7877,.T.);
#7877 = EDGE_CURVE('',#327,#4015,#7878,.T.);
#7878 = LINE('',#7879,#7880);
#7879 = CARTESIAN_POINT('',(10.078055625267,18.991650660594,14.25));
#7880 = VECTOR('',#7881,1.);
#7881 = DIRECTION('',(0.,0.,1.));
#7882 = ORIENTED_EDGE('',*,*,#4022,.T.);
#7883 = ORIENTED_EDGE('',*,*,#7860,.F.);
#7884 = ORIENTED_EDGE('',*,*,#334,.F.);
#7885 = PLANE('',#7886);
#7886 = AXIS2_PLACEMENT_3D('',#7887,#7888,#7889);
#7887 = CARTESIAN_POINT('',(10.078055625267,18.991650660594,14.25));
#7888 = DIRECTION('',(-0.453285228129,-0.891365526571,0.));
#7889 = DIRECTION('',(-0.891365526571,0.453285228129,0.));
#7890 = ADVANCED_FACE('',(#7891),#7902,.F.);
#7891 = FACE_BOUND('',#7892,.F.);
#7892 = EDGE_LOOP('',(#7893,#7899,#7900,#7901));
#7893 = ORIENTED_EDGE('',*,*,#7894,.T.);
#7894 = EDGE_CURVE('',#319,#4007,#7895,.T.);
#7895 = LINE('',#7896,#7897);
#7896 = CARTESIAN_POINT('',(10.733623361442,18.628991640309,14.25));
#7897 = VECTOR('',#7898,1.);
#7898 = DIRECTION('',(0.,0.,1.));
#7899 = ORIENTED_EDGE('',*,*,#4014,.T.);
#7900 = ORIENTED_EDGE('',*,*,#7877,.F.);
#7901 = ORIENTED_EDGE('',*,*,#326,.F.);
#7902 = PLANE('',#7903);
#7903 = AXIS2_PLACEMENT_3D('',#7904,#7905,#7906);
#7904 = CARTESIAN_POINT('',(10.733623361442,18.628991640309,14.25));
#7905 = DIRECTION('',(-0.484066012762,-0.875031482456,0.));
#7906 = DIRECTION('',(-0.875031482456,0.484066012762,0.));
#7907 = ADVANCED_FACE('',(#7908),#7919,.F.);
#7908 = FACE_BOUND('',#7909,.F.);
#7909 = EDGE_LOOP('',(#7910,#7916,#7917,#7918));
#7910 = ORIENTED_EDGE('',*,*,#7911,.T.);
#7911 = EDGE_CURVE('',#311,#3999,#7912,.T.);
#7912 = LINE('',#7913,#7914);
#7913 = CARTESIAN_POINT('',(11.376157712805,18.243712223486,14.25));
#7914 = VECTOR('',#7915,1.);
#7915 = DIRECTION('',(0.,0.,1.));
#7916 = ORIENTED_EDGE('',*,*,#4006,.T.);
#7917 = ORIENTED_EDGE('',*,*,#7894,.F.);
#7918 = ORIENTED_EDGE('',*,*,#318,.F.);
#7919 = PLANE('',#7920);
#7920 = AXIS2_PLACEMENT_3D('',#7921,#7922,#7923);
#7921 = CARTESIAN_POINT('',(11.376157712805,18.243712223486,14.25));
#7922 = DIRECTION('',(-0.514259016511,-0.857634924625,0.));
#7923 = DIRECTION('',(-0.857634924625,0.514259016511,0.));
#7924 = ADVANCED_FACE('',(#7925),#7936,.F.);
#7925 = FACE_BOUND('',#7926,.F.);
#7926 = EDGE_LOOP('',(#7927,#7933,#7934,#7935));
#7927 = ORIENTED_EDGE('',*,*,#7928,.T.);
#7928 = EDGE_CURVE('',#303,#3991,#7929,.T.);
#7929 = LINE('',#7930,#7931);
#7930 = CARTESIAN_POINT('',(12.004878477072,17.836280238624,14.25));
#7931 = VECTOR('',#7932,1.);
#7932 = DIRECTION('',(0.,0.,1.));
#7933 = ORIENTED_EDGE('',*,*,#3998,.T.);
#7934 = ORIENTED_EDGE('',*,*,#7911,.F.);
#7935 = ORIENTED_EDGE('',*,*,#310,.F.);
#7936 = PLANE('',#7937);
#7937 = AXIS2_PLACEMENT_3D('',#7938,#7939,#7940);
#7938 = CARTESIAN_POINT('',(12.004878477072,17.836280238624,14.25));
#7939 = DIRECTION('',(-0.54382757729,-0.839196976984,0.));
#7940 = DIRECTION('',(-0.839196976984,0.54382757729,0.));
#7941 = ADVANCED_FACE('',(#7942),#7953,.F.);
#7942 = FACE_BOUND('',#7943,.F.);
#7943 = EDGE_LOOP('',(#7944,#7950,#7951,#7952));
#7944 = ORIENTED_EDGE('',*,*,#7945,.T.);
#7945 = EDGE_CURVE('',#295,#3983,#7946,.T.);
#7946 = LINE('',#7947,#7948);
#7947 = CARTESIAN_POINT('',(12.619022225213,17.407190413148,14.25));
#7948 = VECTOR('',#7949,1.);
#7949 = DIRECTION('',(0.,0.,1.));
#7950 = ORIENTED_EDGE('',*,*,#3990,.T.);
#7951 = ORIENTED_EDGE('',*,*,#7928,.F.);
#7952 = ORIENTED_EDGE('',*,*,#302,.F.);
#7953 = PLANE('',#7954);
#7954 = AXIS2_PLACEMENT_3D('',#7955,#7956,#7957);
#7955 = CARTESIAN_POINT('',(12.619022225213,17.407190413148,14.25));
#7956 = DIRECTION('',(-0.572735791245,-0.819740027952,0.));
#7957 = DIRECTION('',(-0.819740027952,0.572735791245,0.));
#7958 = ADVANCED_FACE('',(#7959),#7970,.F.);
#7959 = FACE_BOUND('',#7960,.F.);
#7960 = EDGE_LOOP('',(#7961,#7967,#7968,#7969));
#7961 = ORIENTED_EDGE('',*,*,#7962,.T.);
#7962 = EDGE_CURVE('',#287,#3975,#7963,.T.);
#7963 = LINE('',#7964,#7965);
#7964 = CARTESIAN_POINT('',(13.217843228454,16.956963772681,14.25));
#7965 = VECTOR('',#7966,1.);
#7966 = DIRECTION('',(0.,0.,1.));
#7967 = ORIENTED_EDGE('',*,*,#3982,.T.);
#7968 = ORIENTED_EDGE('',*,*,#7945,.F.);
#7969 = ORIENTED_EDGE('',*,*,#294,.F.);
#7970 = PLANE('',#7971);
#7971 = AXIS2_PLACEMENT_3D('',#7972,#7973,#7974);
#7972 = CARTESIAN_POINT('',(13.217843228454,16.956963772681,14.25));
#7973 = DIRECTION('',(-0.600948556357,-0.799287703279,0.));
#7974 = DIRECTION('',(-0.799287703279,0.600948556357,0.));
#7975 = ADVANCED_FACE('',(#7976),#7987,.F.);
#7976 = FACE_BOUND('',#7977,.F.);
#7977 = EDGE_LOOP('',(#7978,#7984,#7985,#7986));
#7978 = ORIENTED_EDGE('',*,*,#7979,.T.);
#7979 = EDGE_CURVE('',#279,#3967,#7980,.T.);
#7980 = LINE('',#7981,#7982);
#7981 = CARTESIAN_POINT('',(13.80061436378,16.486147008389,14.25));
#7982 = VECTOR('',#7983,1.);
#7983 = DIRECTION('',(0.,0.,1.));
#7984 = ORIENTED_EDGE('',*,*,#3974,.T.);
#7985 = ORIENTED_EDGE('',*,*,#7962,.F.);
#7986 = ORIENTED_EDGE('',*,*,#286,.F.);
#7987 = PLANE('',#7988);
#7988 = AXIS2_PLACEMENT_3D('',#7989,#7990,#7991);
#7989 = CARTESIAN_POINT('',(13.80061436378,16.486147008389,14.25));
#7990 = DIRECTION('',(-0.628431615056,-0.777864837358,0.));
#7991 = DIRECTION('',(-0.777864837358,0.628431615056,0.));
#7992 = ADVANCED_FACE('',(#7993),#8004,.F.);
#7993 = FACE_BOUND('',#7994,.F.);
#7994 = EDGE_LOOP('',(#7995,#8001,#8002,#8003));
#7995 = ORIENTED_EDGE('',*,*,#7996,.T.);
#7996 = EDGE_CURVE('',#271,#3959,#7997,.T.);
#7997 = LINE('',#7998,#7999);
#7998 = CARTESIAN_POINT('',(14.366627996854,15.995311813153,14.25));
#7999 = VECTOR('',#8000,1.);
#8000 = DIRECTION('',(0.,0.,1.));
#8001 = ORIENTED_EDGE('',*,*,#3966,.T.);
#8002 = ORIENTED_EDGE('',*,*,#7979,.F.);
#8003 = ORIENTED_EDGE('',*,*,#278,.F.);
#8004 = PLANE('',#8005);
#8005 = AXIS2_PLACEMENT_3D('',#8006,#8007,#8008);
#8006 = CARTESIAN_POINT('',(14.366627996854,15.995311813153,14.25));
#8007 = DIRECTION('',(-0.655151595828,-0.755497443069,0.));
#8008 = DIRECTION('',(-0.755497443069,0.655151595828,0.));
#8009 = ADVANCED_FACE('',(#8010),#8021,.F.);
#8010 = FACE_BOUND('',#8011,.F.);
#8011 = EDGE_LOOP('',(#8012,#8018,#8019,#8020));
#8012 = ORIENTED_EDGE('',*,*,#8013,.T.);
#8013 = EDGE_CURVE('',#263,#3951,#8014,.T.);
#8014 = LINE('',#8015,#8016);
#8015 = CARTESIAN_POINT('',(14.915196841264,15.485054187388,14.25));
#8016 = VECTOR('',#8017,1.);
#8017 = DIRECTION('',(0.,0.,1.));
#8018 = ORIENTED_EDGE('',*,*,#3958,.T.);
#8019 = ORIENTED_EDGE('',*,*,#7996,.F.);
#8020 = ORIENTED_EDGE('',*,*,#270,.F.);
#8021 = PLANE('',#8022);
#8022 = AXIS2_PLACEMENT_3D('',#8023,#8024,#8025);
#8023 = CARTESIAN_POINT('',(14.915196841264,15.485054187388,14.25));
#8024 = DIRECTION('',(-0.681076053731,-0.732212680192,0.));
#8025 = DIRECTION('',(-0.732212680192,0.681076053731,0.));
#8026 = ADVANCED_FACE('',(#8027),#8038,.F.);
#8027 = FACE_BOUND('',#8028,.F.);
#8028 = EDGE_LOOP('',(#8029,#8035,#8036,#8037));
#8029 = ORIENTED_EDGE('',*,*,#8030,.T.);
#8030 = EDGE_CURVE('',#255,#3943,#8031,.T.);
#8031 = LINE('',#8032,#8033);
#8032 = CARTESIAN_POINT('',(15.445654793066,14.955993715345,14.25));
#8033 = VECTOR('',#8034,1.);
#8034 = DIRECTION('',(0.,0.,1.));
#8035 = ORIENTED_EDGE('',*,*,#3950,.T.);
#8036 = ORIENTED_EDGE('',*,*,#8013,.F.);
#8037 = ORIENTED_EDGE('',*,*,#262,.F.);
#8038 = PLANE('',#8039);
#8039 = AXIS2_PLACEMENT_3D('',#8040,#8041,#8042);
#8040 = CARTESIAN_POINT('',(15.445654793066,14.955993715345,14.25));
#8041 = DIRECTION('',(-0.706173509791,-0.708038822431,0.));
#8042 = DIRECTION('',(-0.708038822431,0.706173509791,0.));
#8043 = ADVANCED_FACE('',(#8044),#8055,.F.);
#8044 = FACE_BOUND('',#8045,.F.);
#8045 = EDGE_LOOP('',(#8046,#8052,#8053,#8054));
#8046 = ORIENTED_EDGE('',*,*,#8047,.T.);
#8047 = EDGE_CURVE('',#247,#3935,#8048,.T.);
#8048 = LINE('',#8049,#8050);
#8049 = CARTESIAN_POINT('',(15.957357739608,14.408772812776,14.25));
#8050 = VECTOR('',#8051,1.);
#8051 = DIRECTION('',(0.,0.,1.));
#8052 = ORIENTED_EDGE('',*,*,#3942,.T.);
#8053 = ORIENTED_EDGE('',*,*,#8030,.F.);
#8054 = ORIENTED_EDGE('',*,*,#254,.F.);
#8055 = PLANE('',#8056);
#8056 = AXIS2_PLACEMENT_3D('',#8057,#8058,#8059);
#8057 = CARTESIAN_POINT('',(15.957357739608,14.408772812776,14.25));
#8058 = DIRECTION('',(-0.730413489229,-0.683005223078,0.));
#8059 = DIRECTION('',(-0.683005223078,0.730413489229,0.));
#8060 = ADVANCED_FACE('',(#8061),#8072,.F.);
#8061 = FACE_BOUND('',#8062,.F.);
#8062 = EDGE_LOOP('',(#8063,#8069,#8070,#8071));
#8063 = ORIENTED_EDGE('',*,*,#8064,.T.);
#8064 = EDGE_CURVE('',#239,#3927,#8065,.T.);
#8065 = LINE('',#8066,#8067);
#8066 = CARTESIAN_POINT('',(16.449684341646,13.844055946875,14.25));
#8067 = VECTOR('',#8068,1.);
#8068 = DIRECTION('',(0.,0.,1.));
#8069 = ORIENTED_EDGE('',*,*,#3934,.T.);
#8070 = ORIENTED_EDGE('',*,*,#8047,.F.);
#8071 = ORIENTED_EDGE('',*,*,#246,.F.);
#8072 = PLANE('',#8073);
#8073 = AXIS2_PLACEMENT_3D('',#8074,#8075,#8076);
#8074 = CARTESIAN_POINT('',(16.449684341646,13.844055946875,14.25));
#8075 = DIRECTION('',(-0.753766558464,-0.657142279374,0.));
#8076 = DIRECTION('',(-0.657142279374,0.753766558464,0.));
#8077 = ADVANCED_FACE('',(#8078),#8089,.F.);
#8078 = FACE_BOUND('',#8079,.F.);
#8079 = EDGE_LOOP('',(#8080,#8086,#8087,#8088));
#8080 = ORIENTED_EDGE('',*,*,#8081,.T.);
#8081 = EDGE_CURVE('',#231,#3919,#8082,.T.);
#8082 = LINE('',#8083,#8084);
#8083 = CARTESIAN_POINT('',(16.922036787815,13.262528829444,14.25));
#8084 = VECTOR('',#8085,1.);
#8085 = DIRECTION('',(0.,0.,1.));
#8086 = ORIENTED_EDGE('',*,*,#3926,.T.);
#8087 = ORIENTED_EDGE('',*,*,#8064,.F.);
#8088 = ORIENTED_EDGE('',*,*,#238,.F.);
#8089 = PLANE('',#8090);
#8090 = AXIS2_PLACEMENT_3D('',#8091,#8092,#8093);
#8091 = CARTESIAN_POINT('',(16.922036787815,13.262528829444,14.25));
#8092 = DIRECTION('',(-0.776204360852,-0.630481395597,0.));
#8093 = DIRECTION('',(-0.630481395597,0.776204360852,0.));
#8094 = ADVANCED_FACE('',(#8095),#8106,.F.);
#8095 = FACE_BOUND('',#8096,.F.);
#8096 = EDGE_LOOP('',(#8097,#8103,#8104,#8105));
#8097 = ORIENTED_EDGE('',*,*,#8098,.T.);
#8098 = EDGE_CURVE('',#223,#3911,#8099,.T.);
#8099 = LINE('',#8100,#8101);
#8100 = CARTESIAN_POINT('',(17.373841520518,12.664897584265,14.25));
#8101 = VECTOR('',#8102,1.);
#8102 = DIRECTION('',(0.,0.,1.));
#8103 = ORIENTED_EDGE('',*,*,#3918,.T.);
#8104 = ORIENTED_EDGE('',*,*,#8081,.F.);
#8105 = ORIENTED_EDGE('',*,*,#230,.F.);
#8106 = PLANE('',#8107);
#8107 = AXIS2_PLACEMENT_3D('',#8108,#8109,#8110);
#8108 = CARTESIAN_POINT('',(17.373841520518,12.664897584265,14.25));
#8109 = DIRECTION('',(-0.797699651118,-0.603054944931,0.));
#8110 = DIRECTION('',(-0.603054944931,0.797699651118,0.));
#8111 = ADVANCED_FACE('',(#8112),#8123,.F.);
#8112 = FACE_BOUND('',#8113,.F.);
#8113 = EDGE_LOOP('',(#8114,#8120,#8121,#8122));
#8114 = ORIENTED_EDGE('',*,*,#8115,.T.);
#8115 = EDGE_CURVE('',#215,#3903,#8116,.T.);
#8116 = LINE('',#8117,#8118);
#8117 = CARTESIAN_POINT('',(17.804549932381,12.051887889677,14.25));
#8118 = VECTOR('',#8119,1.);
#8119 = DIRECTION('',(0.,0.,1.));
#8120 = ORIENTED_EDGE('',*,*,#3910,.T.);
#8121 = ORIENTED_EDGE('',*,*,#8098,.F.);
#8122 = ORIENTED_EDGE('',*,*,#222,.F.);
#8123 = PLANE('',#8124);
#8124 = AXIS2_PLACEMENT_3D('',#8125,#8126,#8127);
#8125 = CARTESIAN_POINT('',(17.804549932381,12.051887889677,14.25));
#8126 = DIRECTION('',(-0.818226328441,-0.574896230155,0.));
#8127 = DIRECTION('',(-0.574896230155,0.818226328441,0.));
#8128 = ADVANCED_FACE('',(#8129),#8140,.F.);
#8129 = FACE_BOUND('',#8130,.F.);
#8130 = EDGE_LOOP('',(#8131,#8137,#8138,#8139));
#8131 = ORIENTED_EDGE('',*,*,#8132,.T.);
#8132 = EDGE_CURVE('',#207,#3895,#8133,.T.);
#8133 = LINE('',#8134,#8135);
#8134 = CARTESIAN_POINT('',(18.213639032398,11.424244097422,14.25));
#8135 = VECTOR('',#8136,1.);
#8136 = DIRECTION('',(0.,0.,1.));
#8137 = ORIENTED_EDGE('',*,*,#3902,.T.);
#8138 = ORIENTED_EDGE('',*,*,#8115,.F.);
#8139 = ORIENTED_EDGE('',*,*,#214,.F.);
#8140 = PLANE('',#8141);
#8141 = AXIS2_PLACEMENT_3D('',#8142,#8143,#8144);
#8142 = CARTESIAN_POINT('',(18.213639032398,11.424244097422,14.25));
#8143 = DIRECTION('',(-0.837759468144,-0.546039443205,0.));
#8144 = DIRECTION('',(-0.546039443205,0.837759468144,0.));
#8145 = ADVANCED_FACE('',(#8146),#8157,.F.);
#8146 = FACE_BOUND('',#8147,.F.);
#8147 = EDGE_LOOP('',(#8148,#8154,#8155,#8156));
#8148 = ORIENTED_EDGE('',*,*,#8149,.T.);
#8149 = EDGE_CURVE('',#199,#3887,#8150,.T.);
#8150 = LINE('',#8151,#8152);
#8151 = CARTESIAN_POINT('',(18.60061208098,10.782728328809,14.25));
#8152 = VECTOR('',#8153,1.);
#8153 = DIRECTION('',(0.,0.,1.));
#8154 = ORIENTED_EDGE('',*,*,#3894,.T.);
#8155 = ORIENTED_EDGE('',*,*,#8132,.F.);
#8156 = ORIENTED_EDGE('',*,*,#206,.F.);
#8157 = PLANE('',#8158);
#8158 = AXIS2_PLACEMENT_3D('',#8159,#8160,#8161);
#8159 = CARTESIAN_POINT('',(18.60061208098,10.782728328809,14.25));
#8160 = DIRECTION('',(-0.856275351962,-0.516519623657,0.));
#8161 = DIRECTION('',(-0.516519623657,0.856275351962,0.));
#8162 = ADVANCED_FACE('',(#8163),#8174,.F.);
#8163 = FACE_BOUND('',#8164,.F.);
#8164 = EDGE_LOOP('',(#8165,#8171,#8172,#8173));
#8165 = ORIENTED_EDGE('',*,*,#8166,.T.);
#8166 = EDGE_CURVE('',#191,#3879,#8167,.T.);
#8167 = LINE('',#8168,#8169);
#8168 = CARTESIAN_POINT('',(18.964999193122,10.128119549298,14.25));
#8169 = VECTOR('',#8170,1.);
#8170 = DIRECTION('',(0.,0.,1.));
#8171 = ORIENTED_EDGE('',*,*,#3886,.T.);
#8172 = ORIENTED_EDGE('',*,*,#8149,.F.);
#8173 = ORIENTED_EDGE('',*,*,#198,.F.);
#8174 = PLANE('',#8175);
#8175 = AXIS2_PLACEMENT_3D('',#8176,#8177,#8178);
#8176 = CARTESIAN_POINT('',(18.964999193122,10.128119549298,14.25));
#8177 = DIRECTION('',(-0.873751496841,-0.486372616178,0.));
#8178 = DIRECTION('',(-0.486372616178,0.873751496841,0.));
#8179 = ADVANCED_FACE('',(#8180),#8191,.F.);
#8180 = FACE_BOUND('',#8181,.F.);
#8181 = EDGE_LOOP('',(#8182,#8188,#8189,#8190));
#8182 = ORIENTED_EDGE('',*,*,#8183,.T.);
#8183 = EDGE_CURVE('',#183,#3871,#8184,.T.);
#8184 = LINE('',#8185,#8186);
#8185 = CARTESIAN_POINT('',(19.306357908969,9.46121262264,14.25));
#8186 = VECTOR('',#8187,1.);
#8187 = DIRECTION('',(0.,0.,1.));
#8188 = ORIENTED_EDGE('',*,*,#3878,.T.);
#8189 = ORIENTED_EDGE('',*,*,#8166,.F.);
#8190 = ORIENTED_EDGE('',*,*,#190,.F.);
#8191 = PLANE('',#8192);
#8192 = AXIS2_PLACEMENT_3D('',#8193,#8194,#8195);
#8193 = CARTESIAN_POINT('',(19.306357908969,9.46121262264,14.25));
#8194 = DIRECTION('',(-0.890166682238,-0.455635027005,0.));
#8195 = DIRECTION('',(-0.455635027005,0.890166682238,0.));
#8196 = ADVANCED_FACE('',(#8197),#8208,.F.);
#8197 = FACE_BOUND('',#8198,.F.);
#8198 = EDGE_LOOP('',(#8199,#8205,#8206,#8207));
#8199 = ORIENTED_EDGE('',*,*,#8200,.T.);
#8200 = EDGE_CURVE('',#175,#3863,#8201,.T.);
#8201 = LINE('',#8202,#8203);
#8202 = CARTESIAN_POINT('',(19.62427373107,8.782817345707,14.25));
#8203 = VECTOR('',#8204,1.);
#8204 = DIRECTION('',(0.,0.,1.));
#8205 = ORIENTED_EDGE('',*,*,#3870,.T.);
#8206 = ORIENTED_EDGE('',*,*,#8183,.F.);
#8207 = ORIENTED_EDGE('',*,*,#182,.F.);
#8208 = PLANE('',#8209);
#8209 = AXIS2_PLACEMENT_3D('',#8210,#8211,#8212);
#8210 = CARTESIAN_POINT('',(19.62427373107,8.782817345707,14.25));
#8211 = DIRECTION('',(-0.905500975886,-0.424344179493,0.));
#8212 = DIRECTION('',(-0.424344179493,0.905500975886,0.));
#8213 = ADVANCED_FACE('',(#8214),#8225,.F.);
#8214 = FACE_BOUND('',#8215,.F.);
#8215 = EDGE_LOOP('',(#8216,#8222,#8223,#8224));
#8216 = ORIENTED_EDGE('',*,*,#8217,.T.);
#8217 = EDGE_CURVE('',#167,#3855,#8218,.T.);
#8218 = LINE('',#8219,#8220);
#8219 = CARTESIAN_POINT('',(19.918360627691,8.093757465185,14.25));
#8220 = VECTOR('',#8221,1.);
#8221 = DIRECTION('',(0.,0.,1.));
#8222 = ORIENTED_EDGE('',*,*,#3862,.T.);
#8223 = ORIENTED_EDGE('',*,*,#8200,.F.);
#8224 = ORIENTED_EDGE('',*,*,#174,.F.);
#8225 = PLANE('',#8226);
#8226 = AXIS2_PLACEMENT_3D('',#8227,#8228,#8229);
#8227 = CARTESIAN_POINT('',(19.918360627691,8.093757465185,14.25));
#8228 = DIRECTION('',(-0.919735758002,-0.392538068793,0.));
#8229 = DIRECTION('',(-0.392538068793,0.919735758002,0.));
#8230 = ADVANCED_FACE('',(#8231),#8242,.F.);
#8231 = FACE_BOUND('',#8232,.F.);
#8232 = EDGE_LOOP('',(#8233,#8239,#8240,#8241));
#8233 = ORIENTED_EDGE('',*,*,#8234,.T.);
#8234 = EDGE_CURVE('',#159,#3847,#8235,.T.);
#8235 = LINE('',#8236,#8237);
#8236 = CARTESIAN_POINT('',(20.188261501554,7.394869677342,14.25));
#8237 = VECTOR('',#8238,1.);
#8238 = DIRECTION('',(0.,0.,1.));
#8239 = ORIENTED_EDGE('',*,*,#3854,.T.);
#8240 = ORIENTED_EDGE('',*,*,#8217,.F.);
#8241 = ORIENTED_EDGE('',*,*,#166,.F.);
#8242 = PLANE('',#8243);
#8243 = AXIS2_PLACEMENT_3D('',#8244,#8245,#8246);
#8244 = CARTESIAN_POINT('',(20.188261501554,7.394869677342,14.25));
#8245 = DIRECTION('',(-0.932853743893,-0.360255315721,0.));
#8246 = DIRECTION('',(-0.360255315721,0.932853743893,0.));
#8247 = ADVANCED_FACE('',(#8248),#8259,.F.);
#8248 = FACE_BOUND('',#8249,.F.);
#8249 = EDGE_LOOP('',(#8250,#8256,#8257,#8258));
#8250 = ORIENTED_EDGE('',*,*,#8251,.T.);
#8251 = EDGE_CURVE('',#151,#3839,#8252,.T.);
#8252 = LINE('',#8253,#8254);
#8253 = CARTESIAN_POINT('',(20.433648623444,6.687002612055,14.25));
#8254 = VECTOR('',#8255,1.);
#8255 = DIRECTION('',(0.,0.,1.));
#8256 = ORIENTED_EDGE('',*,*,#3846,.T.);
#8257 = ORIENTED_EDGE('',*,*,#8234,.F.);
#8258 = ORIENTED_EDGE('',*,*,#158,.F.);
#8259 = PLANE('',#8260);
#8260 = AXIS2_PLACEMENT_3D('',#8261,#8262,#8263);
#8261 = CARTESIAN_POINT('',(20.433648623444,6.687002612055,14.25));
#8262 = DIRECTION('',(-0.944839004942,-0.327535119858,0.));
#8263 = DIRECTION('',(-0.327535119858,0.944839004942,0.));
#8264 = ADVANCED_FACE('',(#8265),#8276,.F.);
#8265 = FACE_BOUND('',#8266,.F.);
#8266 = EDGE_LOOP('',(#8267,#8273,#8274,#8275));
#8267 = ORIENTED_EDGE('',*,*,#8268,.T.);
#8268 = EDGE_CURVE('',#143,#3831,#8269,.T.);
#8269 = LINE('',#8270,#8271);
#8270 = CARTESIAN_POINT('',(20.654224030159,5.971015802357,14.25));
#8271 = VECTOR('',#8272,1.);
#8272 = DIRECTION('',(0.,0.,1.));
#8273 = ORIENTED_EDGE('',*,*,#3838,.T.);
#8274 = ORIENTED_EDGE('',*,*,#8251,.F.);
#8275 = ORIENTED_EDGE('',*,*,#150,.F.);
#8276 = PLANE('',#8277);
#8277 = AXIS2_PLACEMENT_3D('',#8278,#8279,#8280);
#8278 = CARTESIAN_POINT('',(20.654224030159,5.971015802357,14.25));
#8279 = DIRECTION('',(-0.955676987954,-0.294417211953,0.));
#8280 = DIRECTION('',(-0.294417211953,0.955676987954,0.));
#8281 = ADVANCED_FACE('',(#8282),#8293,.F.);
#8282 = FACE_BOUND('',#8283,.F.);
#8283 = EDGE_LOOP('',(#8284,#8290,#8291,#8292));
#8284 = ORIENTED_EDGE('',*,*,#8285,.T.);
#8285 = EDGE_CURVE('',#135,#3823,#8286,.T.);
#8286 = LINE('',#8287,#8288);
#8287 = CARTESIAN_POINT('',(20.849719886313,5.247778640746,14.25));
#8288 = VECTOR('',#8289,1.);
#8289 = DIRECTION('',(0.,0.,1.));
#8290 = ORIENTED_EDGE('',*,*,#3830,.T.);
#8291 = ORIENTED_EDGE('',*,*,#8268,.F.);
#8292 = ORIENTED_EDGE('',*,*,#142,.F.);
#8293 = PLANE('',#8294);
#8294 = AXIS2_PLACEMENT_3D('',#8295,#8296,#8297);
#8295 = CARTESIAN_POINT('',(20.849719886313,5.247778640746,14.25));
#8296 = DIRECTION('',(-0.965354532826,-0.260941805682,0.));
#8297 = DIRECTION('',(-0.260941805682,0.965354532826,0.));
#8298 = ADVANCED_FACE('',(#8299),#8305,.F.);
#8299 = FACE_BOUND('',#8300,.F.);
#8300 = EDGE_LOOP('',(#8301,#8302,#8303,#8304));
#8301 = ORIENTED_EDGE('',*,*,#5516,.T.);
#8302 = ORIENTED_EDGE('',*,*,#3822,.T.);
#8303 = ORIENTED_EDGE('',*,*,#8285,.F.);
#8304 = ORIENTED_EDGE('',*,*,#134,.F.);
#8305 = PLANE('',#8306);
#8306 = AXIS2_PLACEMENT_3D('',#8307,#8308,#8309);
#8307 = CARTESIAN_POINT('',(21.019898809558,4.518169323515,14.25));
#8308 = DIRECTION('',(-0.973859888523,-0.227149548814,0.));
#8309 = DIRECTION('',(-0.227149548814,0.973859888523,0.));
#8310 = ADVANCED_FACE('',(#8311),#8336,.F.);
#8311 = FACE_BOUND('',#8312,.F.);
#8312 = EDGE_LOOP('',(#8313,#8323,#8329,#8330));
#8313 = ORIENTED_EDGE('',*,*,#8314,.F.);
#8314 = EDGE_CURVE('',#8315,#8317,#8319,.T.);
#8315 = VERTEX_POINT('',#8316);
#8316 = CARTESIAN_POINT('',(-15.49011031282,-10.91181094753,13.6));
#8317 = VERTEX_POINT('',#8318);
#8318 = CARTESIAN_POINT('',(-17.10611031282,-10.91181094753,13.6));
#8319 = LINE('',#8320,#8321);
#8320 = CARTESIAN_POINT('',(-15.49011031282,-10.91181094753,13.6));
#8321 = VECTOR('',#8322,1.);
#8322 = DIRECTION('',(-1.,-1.224646799147E-16,0.));
#8323 = ORIENTED_EDGE('',*,*,#8324,.T.);
#8324 = EDGE_CURVE('',#8315,#1439,#8325,.T.);
#8325 = LINE('',#8326,#8327);
#8326 = CARTESIAN_POINT('',(-15.49011031282,-10.91181094753,13.6));
#8327 = VECTOR('',#8328,1.);
#8328 = DIRECTION('',(0.,0.,1.));
#8329 = ORIENTED_EDGE('',*,*,#1438,.T.);
#8330 = ORIENTED_EDGE('',*,*,#8331,.F.);
#8331 = EDGE_CURVE('',#8317,#1441,#8332,.T.);
#8332 = LINE('',#8333,#8334);
#8333 = CARTESIAN_POINT('',(-17.10611031282,-10.91181094753,13.6));
#8334 = VECTOR('',#8335,1.);
#8335 = DIRECTION('',(0.,0.,1.));
#8336 = PLANE('',#8337);
#8337 = AXIS2_PLACEMENT_3D('',#8338,#8339,#8340);
#8338 = CARTESIAN_POINT('',(-15.49011031282,-10.91181094753,13.6));
#8339 = DIRECTION('',(1.224646799147E-16,-1.,0.));
#8340 = DIRECTION('',(0.,0.,1.));
#8341 = ADVANCED_FACE('',(#8342),#8360,.T.);
#8342 = FACE_BOUND('',#8343,.T.);
#8343 = EDGE_LOOP('',(#8344,#8345,#8353,#8359));
#8344 = ORIENTED_EDGE('',*,*,#8331,.F.);
#8345 = ORIENTED_EDGE('',*,*,#8346,.T.);
#8346 = EDGE_CURVE('',#8317,#8347,#8349,.T.);
#8347 = VERTEX_POINT('',#8348);
#8348 = CARTESIAN_POINT('',(-17.10611031282,-11.51181094753,13.6));
#8349 = LINE('',#8350,#8351);
#8350 = CARTESIAN_POINT('',(-17.10611031282,-10.91181094753,13.6));
#8351 = VECTOR('',#8352,1.);
#8352 = DIRECTION('',(1.224646799147E-16,-1.,0.));
#8353 = ORIENTED_EDGE('',*,*,#8354,.T.);
#8354 = EDGE_CURVE('',#8347,#1457,#8355,.T.);
#8355 = LINE('',#8356,#8357);
#8356 = CARTESIAN_POINT('',(-17.10611031282,-11.51181094753,13.6));
#8357 = VECTOR('',#8358,1.);
#8358 = DIRECTION('',(0.,0.,1.));
#8359 = ORIENTED_EDGE('',*,*,#1464,.F.);
#8360 = PLANE('',#8361);
#8361 = AXIS2_PLACEMENT_3D('',#8362,#8363,#8364);
#8362 = CARTESIAN_POINT('',(-17.10611031282,-10.91181094753,13.6));
#8363 = DIRECTION('',(-1.,-1.224646799147E-16,0.));
#8364 = DIRECTION('',(0.,0.,1.));
#8365 = ADVANCED_FACE('',(#8366),#8384,.T.);
#8366 = FACE_BOUND('',#8367,.T.);
#8367 = EDGE_LOOP('',(#8368,#8376,#8382,#8383));
#8368 = ORIENTED_EDGE('',*,*,#8369,.F.);
#8369 = EDGE_CURVE('',#8370,#8347,#8372,.T.);
#8370 = VERTEX_POINT('',#8371);
#8371 = CARTESIAN_POINT('',(-15.49011031282,-11.51181094753,13.6));
#8372 = LINE('',#8373,#8374);
#8373 = CARTESIAN_POINT('',(-15.49011031282,-11.51181094753,13.6));
#8374 = VECTOR('',#8375,1.);
#8375 = DIRECTION('',(-1.,-1.224646799147E-16,0.));
#8376 = ORIENTED_EDGE('',*,*,#8377,.T.);
#8377 = EDGE_CURVE('',#8370,#1449,#8378,.T.);
#8378 = LINE('',#8379,#8380);
#8379 = CARTESIAN_POINT('',(-15.49011031282,-11.51181094753,13.6));
#8380 = VECTOR('',#8381,1.);
#8381 = DIRECTION('',(0.,0.,1.));
#8382 = ORIENTED_EDGE('',*,*,#1456,.T.);
#8383 = ORIENTED_EDGE('',*,*,#8354,.F.);
#8384 = PLANE('',#8385);
#8385 = AXIS2_PLACEMENT_3D('',#8386,#8387,#8388);
#8386 = CARTESIAN_POINT('',(-15.49011031282,-11.51181094753,13.6));
#8387 = DIRECTION('',(1.224646799147E-16,-1.,0.));
#8388 = DIRECTION('',(0.,0.,1.));
#8389 = ADVANCED_FACE('',(#8390),#8401,.F.);
#8390 = FACE_BOUND('',#8391,.F.);
#8391 = EDGE_LOOP('',(#8392,#8393,#8399,#8400));
#8392 = ORIENTED_EDGE('',*,*,#8324,.F.);
#8393 = ORIENTED_EDGE('',*,*,#8394,.T.);
#8394 = EDGE_CURVE('',#8315,#8370,#8395,.T.);
#8395 = LINE('',#8396,#8397);
#8396 = CARTESIAN_POINT('',(-15.49011031282,-10.91181094753,13.6));
#8397 = VECTOR('',#8398,1.);
#8398 = DIRECTION('',(1.224646799147E-16,-1.,0.));
#8399 = ORIENTED_EDGE('',*,*,#8377,.T.);
#8400 = ORIENTED_EDGE('',*,*,#1448,.F.);
#8401 = PLANE('',#8402);
#8402 = AXIS2_PLACEMENT_3D('',#8403,#8404,#8405);
#8403 = CARTESIAN_POINT('',(-15.49011031282,-10.91181094753,13.6));
#8404 = DIRECTION('',(-1.,-1.224646799147E-16,0.));
#8405 = DIRECTION('',(0.,0.,1.));
#8406 = ADVANCED_FACE('',(#8407),#8432,.F.);
#8407 = FACE_BOUND('',#8408,.F.);
#8408 = EDGE_LOOP('',(#8409,#8419,#8425,#8426));
#8409 = ORIENTED_EDGE('',*,*,#8410,.F.);
#8410 = EDGE_CURVE('',#8411,#8413,#8415,.T.);
#8411 = VERTEX_POINT('',#8412);
#8412 = CARTESIAN_POINT('',(-14.32488064718,-6.559699068213,12.75));
#8413 = VERTEX_POINT('',#8414);
#8414 = CARTESIAN_POINT('',(-17.62488064718,-6.559699068213,12.75));
#8415 = LINE('',#8416,#8417);
#8416 = CARTESIAN_POINT('',(-14.32488064718,-6.559699068213,12.75));
#8417 = VECTOR('',#8418,1.);
#8418 = DIRECTION('',(-1.,-1.224646799147E-16,0.));
#8419 = ORIENTED_EDGE('',*,*,#8420,.T.);
#8420 = EDGE_CURVE('',#8411,#1473,#8421,.T.);
#8421 = LINE('',#8422,#8423);
#8422 = CARTESIAN_POINT('',(-14.32488064718,-6.559699068213,12.75));
#8423 = VECTOR('',#8424,1.);
#8424 = DIRECTION('',(0.,0.,1.));
#8425 = ORIENTED_EDGE('',*,*,#1472,.T.);
#8426 = ORIENTED_EDGE('',*,*,#8427,.F.);
#8427 = EDGE_CURVE('',#8413,#1475,#8428,.T.);
#8428 = LINE('',#8429,#8430);
#8429 = CARTESIAN_POINT('',(-17.62488064718,-6.559699068213,12.75));
#8430 = VECTOR('',#8431,1.);
#8431 = DIRECTION('',(0.,0.,1.));
#8432 = PLANE('',#8433);
#8433 = AXIS2_PLACEMENT_3D('',#8434,#8435,#8436);
#8434 = CARTESIAN_POINT('',(-14.32488064718,-6.559699068213,12.75));
#8435 = DIRECTION('',(1.224646799147E-16,-1.,0.));
#8436 = DIRECTION('',(0.,0.,1.));
#8437 = ADVANCED_FACE('',(#8438),#8456,.T.);
#8438 = FACE_BOUND('',#8439,.T.);
#8439 = EDGE_LOOP('',(#8440,#8441,#8449,#8455));
#8440 = ORIENTED_EDGE('',*,*,#8427,.F.);
#8441 = ORIENTED_EDGE('',*,*,#8442,.T.);
#8442 = EDGE_CURVE('',#8413,#8443,#8445,.T.);
#8443 = VERTEX_POINT('',#8444);
#8444 = CARTESIAN_POINT('',(-17.62488064718,-10.35989906821,12.75));
#8445 = LINE('',#8446,#8447);
#8446 = CARTESIAN_POINT('',(-17.62488064718,-6.559699068213,12.75));
#8447 = VECTOR('',#8448,1.);
#8448 = DIRECTION('',(1.224646799147E-16,-1.,0.));
#8449 = ORIENTED_EDGE('',*,*,#8450,.T.);
#8450 = EDGE_CURVE('',#8443,#1491,#8451,.T.);
#8451 = LINE('',#8452,#8453);
#8452 = CARTESIAN_POINT('',(-17.62488064718,-10.35989906821,12.75));
#8453 = VECTOR('',#8454,1.);
#8454 = DIRECTION('',(0.,0.,1.));
#8455 = ORIENTED_EDGE('',*,*,#1498,.F.);
#8456 = PLANE('',#8457);
#8457 = AXIS2_PLACEMENT_3D('',#8458,#8459,#8460);
#8458 = CARTESIAN_POINT('',(-17.62488064718,-6.559699068213,12.75));
#8459 = DIRECTION('',(-1.,-1.224646799147E-16,0.));
#8460 = DIRECTION('',(0.,0.,1.));
#8461 = ADVANCED_FACE('',(#8462),#8480,.T.);
#8462 = FACE_BOUND('',#8463,.T.);
#8463 = EDGE_LOOP('',(#8464,#8472,#8478,#8479));
#8464 = ORIENTED_EDGE('',*,*,#8465,.F.);
#8465 = EDGE_CURVE('',#8466,#8443,#8468,.T.);
#8466 = VERTEX_POINT('',#8467);
#8467 = CARTESIAN_POINT('',(-14.32488064718,-10.35989906821,12.75));
#8468 = LINE('',#8469,#8470);
#8469 = CARTESIAN_POINT('',(-14.32488064718,-10.35989906821,12.75));
#8470 = VECTOR('',#8471,1.);
#8471 = DIRECTION('',(-1.,-1.224646799147E-16,0.));
#8472 = ORIENTED_EDGE('',*,*,#8473,.T.);
#8473 = EDGE_CURVE('',#8466,#1483,#8474,.T.);
#8474 = LINE('',#8475,#8476);
#8475 = CARTESIAN_POINT('',(-14.32488064718,-10.35989906821,12.75));
#8476 = VECTOR('',#8477,1.);
#8477 = DIRECTION('',(0.,0.,1.));
#8478 = ORIENTED_EDGE('',*,*,#1490,.T.);
#8479 = ORIENTED_EDGE('',*,*,#8450,.F.);
#8480 = PLANE('',#8481);
#8481 = AXIS2_PLACEMENT_3D('',#8482,#8483,#8484);
#8482 = CARTESIAN_POINT('',(-14.32488064718,-10.35989906821,12.75));
#8483 = DIRECTION('',(1.224646799147E-16,-1.,0.));
#8484 = DIRECTION('',(0.,0.,1.));
#8485 = ADVANCED_FACE('',(#8486),#8497,.F.);
#8486 = FACE_BOUND('',#8487,.F.);
#8487 = EDGE_LOOP('',(#8488,#8489,#8495,#8496));
#8488 = ORIENTED_EDGE('',*,*,#8420,.F.);
#8489 = ORIENTED_EDGE('',*,*,#8490,.T.);
#8490 = EDGE_CURVE('',#8411,#8466,#8491,.T.);
#8491 = LINE('',#8492,#8493);
#8492 = CARTESIAN_POINT('',(-14.32488064718,-6.559699068213,12.75));
#8493 = VECTOR('',#8494,1.);
#8494 = DIRECTION('',(1.224646799147E-16,-1.,0.));
#8495 = ORIENTED_EDGE('',*,*,#8473,.T.);
#8496 = ORIENTED_EDGE('',*,*,#1482,.F.);
#8497 = PLANE('',#8498);
#8498 = AXIS2_PLACEMENT_3D('',#8499,#8500,#8501);
#8499 = CARTESIAN_POINT('',(-14.32488064718,-6.559699068213,12.75));
#8500 = DIRECTION('',(-1.,-1.224646799147E-16,0.));
#8501 = DIRECTION('',(0.,0.,1.));
#8502 = ADVANCED_FACE('',(#8503),#8528,.F.);
#8503 = FACE_BOUND('',#8504,.F.);
#8504 = EDGE_LOOP('',(#8505,#8515,#8521,#8522));
#8505 = ORIENTED_EDGE('',*,*,#8506,.F.);
#8506 = EDGE_CURVE('',#8507,#8509,#8511,.T.);
#8507 = VERTEX_POINT('',#8508);
#8508 = CARTESIAN_POINT('',(-9.847907322917,-10.06287594611,12.25));
#8509 = VERTEX_POINT('',#8510);
#8510 = CARTESIAN_POINT('',(-12.98790732291,-10.06287594611,12.25));
#8511 = LINE('',#8512,#8513);
#8512 = CARTESIAN_POINT('',(-9.847907322917,-10.06287594611,12.25));
#8513 = VECTOR('',#8514,1.);
#8514 = DIRECTION('',(-1.,-1.224646799147E-16,0.));
#8515 = ORIENTED_EDGE('',*,*,#8516,.T.);
#8516 = EDGE_CURVE('',#8507,#1507,#8517,.T.);
#8517 = LINE('',#8518,#8519);
#8518 = CARTESIAN_POINT('',(-9.847907322917,-10.06287594611,12.25));
#8519 = VECTOR('',#8520,1.);
#8520 = DIRECTION('',(0.,0.,1.));
#8521 = ORIENTED_EDGE('',*,*,#1506,.T.);
#8522 = ORIENTED_EDGE('',*,*,#8523,.F.);
#8523 = EDGE_CURVE('',#8509,#1509,#8524,.T.);
#8524 = LINE('',#8525,#8526);
#8525 = CARTESIAN_POINT('',(-12.98790732291,-10.06287594611,12.25));
#8526 = VECTOR('',#8527,1.);
#8527 = DIRECTION('',(0.,0.,1.));
#8528 = PLANE('',#8529);
#8529 = AXIS2_PLACEMENT_3D('',#8530,#8531,#8532);
#8530 = CARTESIAN_POINT('',(-9.847907322917,-10.06287594611,12.25));
#8531 = DIRECTION('',(1.224646799147E-16,-1.,0.));
#8532 = DIRECTION('',(0.,0.,1.));
#8533 = ADVANCED_FACE('',(#8534),#8552,.T.);
#8534 = FACE_BOUND('',#8535,.T.);
#8535 = EDGE_LOOP('',(#8536,#8537,#8545,#8551));
#8536 = ORIENTED_EDGE('',*,*,#8523,.F.);
#8537 = ORIENTED_EDGE('',*,*,#8538,.T.);
#8538 = EDGE_CURVE('',#8509,#8539,#8541,.T.);
#8539 = VERTEX_POINT('',#8540);
#8540 = CARTESIAN_POINT('',(-12.98790732291,-11.56287594611,12.25));
#8541 = LINE('',#8542,#8543);
#8542 = CARTESIAN_POINT('',(-12.98790732291,-10.06287594611,12.25));
#8543 = VECTOR('',#8544,1.);
#8544 = DIRECTION('',(1.224646799147E-16,-1.,0.));
#8545 = ORIENTED_EDGE('',*,*,#8546,.T.);
#8546 = EDGE_CURVE('',#8539,#1525,#8547,.T.);
#8547 = LINE('',#8548,#8549);
#8548 = CARTESIAN_POINT('',(-12.98790732291,-11.56287594611,12.25));
#8549 = VECTOR('',#8550,1.);
#8550 = DIRECTION('',(0.,0.,1.));
#8551 = ORIENTED_EDGE('',*,*,#1532,.F.);
#8552 = PLANE('',#8553);
#8553 = AXIS2_PLACEMENT_3D('',#8554,#8555,#8556);
#8554 = CARTESIAN_POINT('',(-12.98790732291,-10.06287594611,12.25));
#8555 = DIRECTION('',(-1.,-1.224646799147E-16,0.));
#8556 = DIRECTION('',(0.,0.,1.));
#8557 = ADVANCED_FACE('',(#8558),#8576,.T.);
#8558 = FACE_BOUND('',#8559,.T.);
#8559 = EDGE_LOOP('',(#8560,#8568,#8574,#8575));
#8560 = ORIENTED_EDGE('',*,*,#8561,.F.);
#8561 = EDGE_CURVE('',#8562,#8539,#8564,.T.);
#8562 = VERTEX_POINT('',#8563);
#8563 = CARTESIAN_POINT('',(-9.847907322917,-11.56287594611,12.25));
#8564 = LINE('',#8565,#8566);
#8565 = CARTESIAN_POINT('',(-9.847907322917,-11.56287594611,12.25));
#8566 = VECTOR('',#8567,1.);
#8567 = DIRECTION('',(-1.,-1.224646799147E-16,0.));
#8568 = ORIENTED_EDGE('',*,*,#8569,.T.);
#8569 = EDGE_CURVE('',#8562,#1517,#8570,.T.);
#8570 = LINE('',#8571,#8572);
#8571 = CARTESIAN_POINT('',(-9.847907322917,-11.56287594611,12.25));
#8572 = VECTOR('',#8573,1.);
#8573 = DIRECTION('',(0.,0.,1.));
#8574 = ORIENTED_EDGE('',*,*,#1524,.T.);
#8575 = ORIENTED_EDGE('',*,*,#8546,.F.);
#8576 = PLANE('',#8577);
#8577 = AXIS2_PLACEMENT_3D('',#8578,#8579,#8580);
#8578 = CARTESIAN_POINT('',(-9.847907322917,-11.56287594611,12.25));
#8579 = DIRECTION('',(1.224646799147E-16,-1.,0.));
#8580 = DIRECTION('',(0.,0.,1.));
#8581 = ADVANCED_FACE('',(#8582),#8593,.F.);
#8582 = FACE_BOUND('',#8583,.F.);
#8583 = EDGE_LOOP('',(#8584,#8585,#8591,#8592));
#8584 = ORIENTED_EDGE('',*,*,#8516,.F.);
#8585 = ORIENTED_EDGE('',*,*,#8586,.T.);
#8586 = EDGE_CURVE('',#8507,#8562,#8587,.T.);
#8587 = LINE('',#8588,#8589);
#8588 = CARTESIAN_POINT('',(-9.847907322917,-10.06287594611,12.25));
#8589 = VECTOR('',#8590,1.);
#8590 = DIRECTION('',(1.224646799147E-16,-1.,0.));
#8591 = ORIENTED_EDGE('',*,*,#8569,.T.);
#8592 = ORIENTED_EDGE('',*,*,#1516,.F.);
#8593 = PLANE('',#8594);
#8594 = AXIS2_PLACEMENT_3D('',#8595,#8596,#8597);
#8595 = CARTESIAN_POINT('',(-9.847907322917,-10.06287594611,12.25));
#8596 = DIRECTION('',(-1.,-1.224646799147E-16,0.));
#8597 = DIRECTION('',(0.,0.,1.));
#8598 = ADVANCED_FACE('',(#8599),#8624,.F.);
#8599 = FACE_BOUND('',#8600,.F.);
#8600 = EDGE_LOOP('',(#8601,#8611,#8617,#8618));
#8601 = ORIENTED_EDGE('',*,*,#8602,.F.);
#8602 = EDGE_CURVE('',#8603,#8605,#8607,.T.);
#8603 = VERTEX_POINT('',#8604);
#8604 = CARTESIAN_POINT('',(-10.89603654139,-8.417868963142,13.6));
#8605 = VERTEX_POINT('',#8606);
#8606 = CARTESIAN_POINT('',(-12.51203654139,-8.417868963142,13.6));
#8607 = LINE('',#8608,#8609);
#8608 = CARTESIAN_POINT('',(-10.89603654139,-8.417868963142,13.6));
#8609 = VECTOR('',#8610,1.);
#8610 = DIRECTION('',(-1.,-1.224646799147E-16,0.));
#8611 = ORIENTED_EDGE('',*,*,#8612,.T.);
#8612 = EDGE_CURVE('',#8603,#1541,#8613,.T.);
#8613 = LINE('',#8614,#8615);
#8614 = CARTESIAN_POINT('',(-10.89603654139,-8.417868963142,13.6));
#8615 = VECTOR('',#8616,1.);
#8616 = DIRECTION('',(0.,0.,1.));
#8617 = ORIENTED_EDGE('',*,*,#1540,.T.);
#8618 = ORIENTED_EDGE('',*,*,#8619,.F.);
#8619 = EDGE_CURVE('',#8605,#1543,#8620,.T.);
#8620 = LINE('',#8621,#8622);
#8621 = CARTESIAN_POINT('',(-12.51203654139,-8.417868963142,13.6));
#8622 = VECTOR('',#8623,1.);
#8623 = DIRECTION('',(0.,0.,1.));
#8624 = PLANE('',#8625);
#8625 = AXIS2_PLACEMENT_3D('',#8626,#8627,#8628);
#8626 = CARTESIAN_POINT('',(-10.89603654139,-8.417868963142,13.6));
#8627 = DIRECTION('',(1.224646799147E-16,-1.,0.));
#8628 = DIRECTION('',(0.,0.,1.));
#8629 = ADVANCED_FACE('',(#8630),#8648,.T.);
#8630 = FACE_BOUND('',#8631,.T.);
#8631 = EDGE_LOOP('',(#8632,#8633,#8641,#8647));
#8632 = ORIENTED_EDGE('',*,*,#8619,.F.);
#8633 = ORIENTED_EDGE('',*,*,#8634,.T.);
#8634 = EDGE_CURVE('',#8605,#8635,#8637,.T.);
#8635 = VERTEX_POINT('',#8636);
#8636 = CARTESIAN_POINT('',(-12.51203654139,-9.017868963142,13.6));
#8637 = LINE('',#8638,#8639);
#8638 = CARTESIAN_POINT('',(-12.51203654139,-8.417868963142,13.6));
#8639 = VECTOR('',#8640,1.);
#8640 = DIRECTION('',(1.224646799147E-16,-1.,0.));
#8641 = ORIENTED_EDGE('',*,*,#8642,.T.);
#8642 = EDGE_CURVE('',#8635,#1559,#8643,.T.);
#8643 = LINE('',#8644,#8645);
#8644 = CARTESIAN_POINT('',(-12.51203654139,-9.017868963142,13.6));
#8645 = VECTOR('',#8646,1.);
#8646 = DIRECTION('',(0.,0.,1.));
#8647 = ORIENTED_EDGE('',*,*,#1566,.F.);
#8648 = PLANE('',#8649);
#8649 = AXIS2_PLACEMENT_3D('',#8650,#8651,#8652);
#8650 = CARTESIAN_POINT('',(-12.51203654139,-8.417868963142,13.6));
#8651 = DIRECTION('',(-1.,-1.224646799147E-16,0.));
#8652 = DIRECTION('',(0.,0.,1.));
#8653 = ADVANCED_FACE('',(#8654),#8672,.T.);
#8654 = FACE_BOUND('',#8655,.T.);
#8655 = EDGE_LOOP('',(#8656,#8664,#8670,#8671));
#8656 = ORIENTED_EDGE('',*,*,#8657,.F.);
#8657 = EDGE_CURVE('',#8658,#8635,#8660,.T.);
#8658 = VERTEX_POINT('',#8659);
#8659 = CARTESIAN_POINT('',(-10.89603654139,-9.017868963142,13.6));
#8660 = LINE('',#8661,#8662);
#8661 = CARTESIAN_POINT('',(-10.89603654139,-9.017868963142,13.6));
#8662 = VECTOR('',#8663,1.);
#8663 = DIRECTION('',(-1.,-1.224646799147E-16,0.));
#8664 = ORIENTED_EDGE('',*,*,#8665,.T.);
#8665 = EDGE_CURVE('',#8658,#1551,#8666,.T.);
#8666 = LINE('',#8667,#8668);
#8667 = CARTESIAN_POINT('',(-10.89603654139,-9.017868963142,13.6));
#8668 = VECTOR('',#8669,1.);
#8669 = DIRECTION('',(0.,0.,1.));
#8670 = ORIENTED_EDGE('',*,*,#1558,.T.);
#8671 = ORIENTED_EDGE('',*,*,#8642,.F.);
#8672 = PLANE('',#8673);
#8673 = AXIS2_PLACEMENT_3D('',#8674,#8675,#8676);
#8674 = CARTESIAN_POINT('',(-10.89603654139,-9.017868963142,13.6));
#8675 = DIRECTION('',(1.224646799147E-16,-1.,0.));
#8676 = DIRECTION('',(0.,0.,1.));
#8677 = ADVANCED_FACE('',(#8678),#8689,.F.);
#8678 = FACE_BOUND('',#8679,.F.);
#8679 = EDGE_LOOP('',(#8680,#8681,#8687,#8688));
#8680 = ORIENTED_EDGE('',*,*,#8612,.F.);
#8681 = ORIENTED_EDGE('',*,*,#8682,.T.);
#8682 = EDGE_CURVE('',#8603,#8658,#8683,.T.);
#8683 = LINE('',#8684,#8685);
#8684 = CARTESIAN_POINT('',(-10.89603654139,-8.417868963142,13.6));
#8685 = VECTOR('',#8686,1.);
#8686 = DIRECTION('',(1.224646799147E-16,-1.,0.));
#8687 = ORIENTED_EDGE('',*,*,#8665,.T.);
#8688 = ORIENTED_EDGE('',*,*,#1550,.F.);
#8689 = PLANE('',#8690);
#8690 = AXIS2_PLACEMENT_3D('',#8691,#8692,#8693);
#8691 = CARTESIAN_POINT('',(-10.89603654139,-8.417868963142,13.6));
#8692 = DIRECTION('',(-1.,-1.224646799147E-16,0.));
#8693 = DIRECTION('',(0.,0.,1.));
#8694 = ADVANCED_FACE('',(#8695),#8706,.F.);
#8695 = FACE_BOUND('',#8696,.F.);
#8696 = EDGE_LOOP('',(#8697,#8698,#8704,#8705));
#8697 = ORIENTED_EDGE('',*,*,#5095,.F.);
#8698 = ORIENTED_EDGE('',*,*,#8699,.F.);
#8699 = EDGE_CURVE('',#1575,#5096,#8700,.T.);
#8700 = LINE('',#8701,#8702);
#8701 = CARTESIAN_POINT('',(-8.9,-15.7,14.05));
#8702 = VECTOR('',#8703,1.);
#8703 = DIRECTION('',(0.,0.,1.));
#8704 = ORIENTED_EDGE('',*,*,#1574,.T.);
#8705 = ORIENTED_EDGE('',*,*,#8699,.T.);
#8706 = CYLINDRICAL_SURFACE('',#8707,1.1);
#8707 = AXIS2_PLACEMENT_3D('',#8708,#8709,#8710);
#8708 = CARTESIAN_POINT('',(-10.,-15.7,14.05));
#8709 = DIRECTION('',(0.,0.,1.));
#8710 = DIRECTION('',(1.,0.,-0.));
#8711 = ADVANCED_FACE('',(#8712),#8737,.F.);
#8712 = FACE_BOUND('',#8713,.F.);
#8713 = EDGE_LOOP('',(#8714,#8724,#8730,#8731));
#8714 = ORIENTED_EDGE('',*,*,#8715,.F.);
#8715 = EDGE_CURVE('',#8716,#8718,#8720,.T.);
#8716 = VERTEX_POINT('',#8717);
#8717 = CARTESIAN_POINT('',(-4.249979472476,-11.78511778172,12.25));
#8718 = VERTEX_POINT('',#8719);
#8719 = CARTESIAN_POINT('',(-7.389979472476,-11.78511778172,12.25));
#8720 = LINE('',#8721,#8722);
#8721 = CARTESIAN_POINT('',(-4.249979472476,-11.78511778172,12.25));
#8722 = VECTOR('',#8723,1.);
#8723 = DIRECTION('',(-1.,-1.224646799147E-16,0.));
#8724 = ORIENTED_EDGE('',*,*,#8725,.T.);
#8725 = EDGE_CURVE('',#8716,#1586,#8726,.T.);
#8726 = LINE('',#8727,#8728);
#8727 = CARTESIAN_POINT('',(-4.249979472476,-11.78511778172,12.25));
#8728 = VECTOR('',#8729,1.);
#8729 = DIRECTION('',(0.,0.,1.));
#8730 = ORIENTED_EDGE('',*,*,#1585,.T.);
#8731 = ORIENTED_EDGE('',*,*,#8732,.F.);
#8732 = EDGE_CURVE('',#8718,#1588,#8733,.T.);
#8733 = LINE('',#8734,#8735);
#8734 = CARTESIAN_POINT('',(-7.389979472476,-11.78511778172,12.25));
#8735 = VECTOR('',#8736,1.);
#8736 = DIRECTION('',(0.,0.,1.));
#8737 = PLANE('',#8738);
#8738 = AXIS2_PLACEMENT_3D('',#8739,#8740,#8741);
#8739 = CARTESIAN_POINT('',(-4.249979472476,-11.78511778172,12.25));
#8740 = DIRECTION('',(1.224646799147E-16,-1.,0.));
#8741 = DIRECTION('',(0.,0.,1.));
#8742 = ADVANCED_FACE('',(#8743),#8761,.T.);
#8743 = FACE_BOUND('',#8744,.T.);
#8744 = EDGE_LOOP('',(#8745,#8746,#8754,#8760));
#8745 = ORIENTED_EDGE('',*,*,#8732,.F.);
#8746 = ORIENTED_EDGE('',*,*,#8747,.T.);
#8747 = EDGE_CURVE('',#8718,#8748,#8750,.T.);
#8748 = VERTEX_POINT('',#8749);
#8749 = CARTESIAN_POINT('',(-7.389979472476,-13.28511778172,12.25));
#8750 = LINE('',#8751,#8752);
#8751 = CARTESIAN_POINT('',(-7.389979472476,-11.78511778172,12.25));
#8752 = VECTOR('',#8753,1.);
#8753 = DIRECTION('',(1.224646799147E-16,-1.,0.));
#8754 = ORIENTED_EDGE('',*,*,#8755,.T.);
#8755 = EDGE_CURVE('',#8748,#1604,#8756,.T.);
#8756 = LINE('',#8757,#8758);
#8757 = CARTESIAN_POINT('',(-7.389979472476,-13.28511778172,12.25));
#8758 = VECTOR('',#8759,1.);
#8759 = DIRECTION('',(0.,0.,1.));
#8760 = ORIENTED_EDGE('',*,*,#1611,.F.);
#8761 = PLANE('',#8762);
#8762 = AXIS2_PLACEMENT_3D('',#8763,#8764,#8765);
#8763 = CARTESIAN_POINT('',(-7.389979472476,-11.78511778172,12.25));
#8764 = DIRECTION('',(-1.,-1.224646799147E-16,0.));
#8765 = DIRECTION('',(0.,0.,1.));
#8766 = ADVANCED_FACE('',(#8767),#8785,.T.);
#8767 = FACE_BOUND('',#8768,.T.);
#8768 = EDGE_LOOP('',(#8769,#8777,#8783,#8784));
#8769 = ORIENTED_EDGE('',*,*,#8770,.F.);
#8770 = EDGE_CURVE('',#8771,#8748,#8773,.T.);
#8771 = VERTEX_POINT('',#8772);
#8772 = CARTESIAN_POINT('',(-4.249979472476,-13.28511778172,12.25));
#8773 = LINE('',#8774,#8775);
#8774 = CARTESIAN_POINT('',(-4.249979472476,-13.28511778172,12.25));
#8775 = VECTOR('',#8776,1.);
#8776 = DIRECTION('',(-1.,-1.224646799147E-16,0.));
#8777 = ORIENTED_EDGE('',*,*,#8778,.T.);
#8778 = EDGE_CURVE('',#8771,#1596,#8779,.T.);
#8779 = LINE('',#8780,#8781);
#8780 = CARTESIAN_POINT('',(-4.249979472476,-13.28511778172,12.25));
#8781 = VECTOR('',#8782,1.);
#8782 = DIRECTION('',(0.,0.,1.));
#8783 = ORIENTED_EDGE('',*,*,#1603,.T.);
#8784 = ORIENTED_EDGE('',*,*,#8755,.F.);
#8785 = PLANE('',#8786);
#8786 = AXIS2_PLACEMENT_3D('',#8787,#8788,#8789);
#8787 = CARTESIAN_POINT('',(-4.249979472476,-13.28511778172,12.25));
#8788 = DIRECTION('',(1.224646799147E-16,-1.,0.));
#8789 = DIRECTION('',(0.,0.,1.));
#8790 = ADVANCED_FACE('',(#8791),#8802,.F.);
#8791 = FACE_BOUND('',#8792,.F.);
#8792 = EDGE_LOOP('',(#8793,#8794,#8800,#8801));
#8793 = ORIENTED_EDGE('',*,*,#8725,.F.);
#8794 = ORIENTED_EDGE('',*,*,#8795,.T.);
#8795 = EDGE_CURVE('',#8716,#8771,#8796,.T.);
#8796 = LINE('',#8797,#8798);
#8797 = CARTESIAN_POINT('',(-4.249979472476,-11.78511778172,12.25));
#8798 = VECTOR('',#8799,1.);
#8799 = DIRECTION('',(1.224646799147E-16,-1.,0.));
#8800 = ORIENTED_EDGE('',*,*,#8778,.T.);
#8801 = ORIENTED_EDGE('',*,*,#1595,.F.);
#8802 = PLANE('',#8803);
#8803 = AXIS2_PLACEMENT_3D('',#8804,#8805,#8806);
#8804 = CARTESIAN_POINT('',(-4.249979472476,-11.78511778172,12.25));
#8805 = DIRECTION('',(-1.,-1.224646799147E-16,0.));
#8806 = DIRECTION('',(0.,0.,1.));
#8807 = ADVANCED_FACE('',(#8808),#8833,.F.);
#8808 = FACE_BOUND('',#8809,.F.);
#8809 = EDGE_LOOP('',(#8810,#8820,#8826,#8827));
#8810 = ORIENTED_EDGE('',*,*,#8811,.F.);
#8811 = EDGE_CURVE('',#8812,#8814,#8816,.T.);
#8812 = VERTEX_POINT('',#8813);
#8813 = CARTESIAN_POINT('',(-8.60025380968,-11.23465280016,13.6));
#8814 = VERTEX_POINT('',#8815);
#8815 = CARTESIAN_POINT('',(-6.98425380968,-11.23465280016,13.6));
#8816 = LINE('',#8817,#8818);
#8817 = CARTESIAN_POINT('',(-8.60025380968,-11.23465280016,13.6));
#8818 = VECTOR('',#8819,1.);
#8819 = DIRECTION('',(1.,0.,0.));
#8820 = ORIENTED_EDGE('',*,*,#8821,.T.);
#8821 = EDGE_CURVE('',#8812,#1620,#8822,.T.);
#8822 = LINE('',#8823,#8824);
#8823 = CARTESIAN_POINT('',(-8.60025380968,-11.23465280016,13.6));
#8824 = VECTOR('',#8825,1.);
#8825 = DIRECTION('',(0.,0.,1.));
#8826 = ORIENTED_EDGE('',*,*,#1619,.T.);
#8827 = ORIENTED_EDGE('',*,*,#8828,.F.);
#8828 = EDGE_CURVE('',#8814,#1622,#8829,.T.);
#8829 = LINE('',#8830,#8831);
#8830 = CARTESIAN_POINT('',(-6.98425380968,-11.23465280016,13.6));
#8831 = VECTOR('',#8832,1.);
#8832 = DIRECTION('',(0.,0.,1.));
#8833 = PLANE('',#8834);
#8834 = AXIS2_PLACEMENT_3D('',#8835,#8836,#8837);
#8835 = CARTESIAN_POINT('',(-8.60025380968,-11.23465280016,13.6));
#8836 = DIRECTION('',(0.,1.,0.));
#8837 = DIRECTION('',(0.,0.,1.));
#8838 = ADVANCED_FACE('',(#8839),#8857,.T.);
#8839 = FACE_BOUND('',#8840,.T.);
#8840 = EDGE_LOOP('',(#8841,#8842,#8850,#8856));
#8841 = ORIENTED_EDGE('',*,*,#8828,.F.);
#8842 = ORIENTED_EDGE('',*,*,#8843,.T.);
#8843 = EDGE_CURVE('',#8814,#8844,#8846,.T.);
#8844 = VERTEX_POINT('',#8845);
#8845 = CARTESIAN_POINT('',(-6.98425380968,-10.63465280016,13.6));
#8846 = LINE('',#8847,#8848);
#8847 = CARTESIAN_POINT('',(-6.98425380968,-11.23465280016,13.6));
#8848 = VECTOR('',#8849,1.);
#8849 = DIRECTION('',(0.,1.,0.));
#8850 = ORIENTED_EDGE('',*,*,#8851,.T.);
#8851 = EDGE_CURVE('',#8844,#1638,#8852,.T.);
#8852 = LINE('',#8853,#8854);
#8853 = CARTESIAN_POINT('',(-6.98425380968,-10.63465280016,13.6));
#8854 = VECTOR('',#8855,1.);
#8855 = DIRECTION('',(0.,0.,1.));
#8856 = ORIENTED_EDGE('',*,*,#1645,.F.);
#8857 = PLANE('',#8858);
#8858 = AXIS2_PLACEMENT_3D('',#8859,#8860,#8861);
#8859 = CARTESIAN_POINT('',(-6.98425380968,-11.23465280016,13.6));
#8860 = DIRECTION('',(1.,0.,0.));
#8861 = DIRECTION('',(0.,0.,1.));
#8862 = ADVANCED_FACE('',(#8863),#8881,.T.);
#8863 = FACE_BOUND('',#8864,.T.);
#8864 = EDGE_LOOP('',(#8865,#8873,#8879,#8880));
#8865 = ORIENTED_EDGE('',*,*,#8866,.F.);
#8866 = EDGE_CURVE('',#8867,#8844,#8869,.T.);
#8867 = VERTEX_POINT('',#8868);
#8868 = CARTESIAN_POINT('',(-8.60025380968,-10.63465280016,13.6));
#8869 = LINE('',#8870,#8871);
#8870 = CARTESIAN_POINT('',(-8.60025380968,-10.63465280016,13.6));
#8871 = VECTOR('',#8872,1.);
#8872 = DIRECTION('',(1.,0.,0.));
#8873 = ORIENTED_EDGE('',*,*,#8874,.T.);
#8874 = EDGE_CURVE('',#8867,#1630,#8875,.T.);
#8875 = LINE('',#8876,#8877);
#8876 = CARTESIAN_POINT('',(-8.60025380968,-10.63465280016,13.6));
#8877 = VECTOR('',#8878,1.);
#8878 = DIRECTION('',(0.,0.,1.));
#8879 = ORIENTED_EDGE('',*,*,#1637,.T.);
#8880 = ORIENTED_EDGE('',*,*,#8851,.F.);
#8881 = PLANE('',#8882);
#8882 = AXIS2_PLACEMENT_3D('',#8883,#8884,#8885);
#8883 = CARTESIAN_POINT('',(-8.60025380968,-10.63465280016,13.6));
#8884 = DIRECTION('',(0.,1.,0.));
#8885 = DIRECTION('',(0.,0.,1.));
#8886 = ADVANCED_FACE('',(#8887),#8898,.F.);
#8887 = FACE_BOUND('',#8888,.F.);
#8888 = EDGE_LOOP('',(#8889,#8890,#8896,#8897));
#8889 = ORIENTED_EDGE('',*,*,#8821,.F.);
#8890 = ORIENTED_EDGE('',*,*,#8891,.T.);
#8891 = EDGE_CURVE('',#8812,#8867,#8892,.T.);
#8892 = LINE('',#8893,#8894);
#8893 = CARTESIAN_POINT('',(-8.60025380968,-11.23465280016,13.6));
#8894 = VECTOR('',#8895,1.);
#8895 = DIRECTION('',(0.,1.,0.));
#8896 = ORIENTED_EDGE('',*,*,#8874,.T.);
#8897 = ORIENTED_EDGE('',*,*,#1629,.F.);
#8898 = PLANE('',#8899);
#8899 = AXIS2_PLACEMENT_3D('',#8900,#8901,#8902);
#8900 = CARTESIAN_POINT('',(-8.60025380968,-11.23465280016,13.6));
#8901 = DIRECTION('',(1.,0.,0.));
#8902 = DIRECTION('',(0.,0.,1.));
#8903 = ADVANCED_FACE('',(#8904),#8929,.F.);
#8904 = FACE_BOUND('',#8905,.F.);
#8905 = EDGE_LOOP('',(#8906,#8916,#8922,#8923));
#8906 = ORIENTED_EDGE('',*,*,#8907,.F.);
#8907 = EDGE_CURVE('',#8908,#8910,#8912,.T.);
#8908 = VERTEX_POINT('',#8909);
#8909 = CARTESIAN_POINT('',(-6.322392118282,-8.782448900842,13.25));
#8910 = VERTEX_POINT('',#8911);
#8911 = CARTESIAN_POINT('',(-9.322392118282,-8.782448900842,13.25));
#8912 = LINE('',#8913,#8914);
#8913 = CARTESIAN_POINT('',(-6.322392118282,-8.782448900842,13.25));
#8914 = VECTOR('',#8915,1.);
#8915 = DIRECTION('',(-1.,-1.224646799147E-16,0.));
#8916 = ORIENTED_EDGE('',*,*,#8917,.T.);
#8917 = EDGE_CURVE('',#8908,#1654,#8918,.T.);
#8918 = LINE('',#8919,#8920);
#8919 = CARTESIAN_POINT('',(-6.322392118282,-8.782448900842,13.25));
#8920 = VECTOR('',#8921,1.);
#8921 = DIRECTION('',(0.,0.,1.));
#8922 = ORIENTED_EDGE('',*,*,#1653,.T.);
#8923 = ORIENTED_EDGE('',*,*,#8924,.F.);
#8924 = EDGE_CURVE('',#8910,#1656,#8925,.T.);
#8925 = LINE('',#8926,#8927);
#8926 = CARTESIAN_POINT('',(-9.322392118282,-8.782448900842,13.25));
#8927 = VECTOR('',#8928,1.);
#8928 = DIRECTION('',(0.,0.,1.));
#8929 = PLANE('',#8930);
#8930 = AXIS2_PLACEMENT_3D('',#8931,#8932,#8933);
#8931 = CARTESIAN_POINT('',(-6.322392118282,-8.782448900842,13.25));
#8932 = DIRECTION('',(1.224646799147E-16,-1.,0.));
#8933 = DIRECTION('',(0.,0.,1.));
#8934 = ADVANCED_FACE('',(#8935),#8953,.T.);
#8935 = FACE_BOUND('',#8936,.T.);
#8936 = EDGE_LOOP('',(#8937,#8938,#8946,#8952));
#8937 = ORIENTED_EDGE('',*,*,#8924,.F.);
#8938 = ORIENTED_EDGE('',*,*,#8939,.T.);
#8939 = EDGE_CURVE('',#8910,#8940,#8942,.T.);
#8940 = VERTEX_POINT('',#8941);
#8941 = CARTESIAN_POINT('',(-9.322392118282,-10.08244890084,13.25));
#8942 = LINE('',#8943,#8944);
#8943 = CARTESIAN_POINT('',(-9.322392118282,-8.782448900842,13.25));
#8944 = VECTOR('',#8945,1.);
#8945 = DIRECTION('',(1.224646799147E-16,-1.,0.));
#8946 = ORIENTED_EDGE('',*,*,#8947,.T.);
#8947 = EDGE_CURVE('',#8940,#1672,#8948,.T.);
#8948 = LINE('',#8949,#8950);
#8949 = CARTESIAN_POINT('',(-9.322392118282,-10.08244890084,13.25));
#8950 = VECTOR('',#8951,1.);
#8951 = DIRECTION('',(0.,0.,1.));
#8952 = ORIENTED_EDGE('',*,*,#1679,.F.);
#8953 = PLANE('',#8954);
#8954 = AXIS2_PLACEMENT_3D('',#8955,#8956,#8957);
#8955 = CARTESIAN_POINT('',(-9.322392118282,-8.782448900842,13.25));
#8956 = DIRECTION('',(-1.,-1.224646799147E-16,0.));
#8957 = DIRECTION('',(0.,0.,1.));
#8958 = ADVANCED_FACE('',(#8959),#8977,.T.);
#8959 = FACE_BOUND('',#8960,.T.);
#8960 = EDGE_LOOP('',(#8961,#8969,#8975,#8976));
#8961 = ORIENTED_EDGE('',*,*,#8962,.F.);
#8962 = EDGE_CURVE('',#8963,#8940,#8965,.T.);
#8963 = VERTEX_POINT('',#8964);
#8964 = CARTESIAN_POINT('',(-6.322392118282,-10.08244890084,13.25));
#8965 = LINE('',#8966,#8967);
#8966 = CARTESIAN_POINT('',(-6.322392118282,-10.08244890084,13.25));
#8967 = VECTOR('',#8968,1.);
#8968 = DIRECTION('',(-1.,-1.224646799147E-16,0.));
#8969 = ORIENTED_EDGE('',*,*,#8970,.T.);
#8970 = EDGE_CURVE('',#8963,#1664,#8971,.T.);
#8971 = LINE('',#8972,#8973);
#8972 = CARTESIAN_POINT('',(-6.322392118282,-10.08244890084,13.25));
#8973 = VECTOR('',#8974,1.);
#8974 = DIRECTION('',(0.,0.,1.));
#8975 = ORIENTED_EDGE('',*,*,#1671,.T.);
#8976 = ORIENTED_EDGE('',*,*,#8947,.F.);
#8977 = PLANE('',#8978);
#8978 = AXIS2_PLACEMENT_3D('',#8979,#8980,#8981);
#8979 = CARTESIAN_POINT('',(-6.322392118282,-10.08244890084,13.25));
#8980 = DIRECTION('',(1.224646799147E-16,-1.,0.));
#8981 = DIRECTION('',(0.,0.,1.));
#8982 = ADVANCED_FACE('',(#8983),#8994,.F.);
#8983 = FACE_BOUND('',#8984,.F.);
#8984 = EDGE_LOOP('',(#8985,#8986,#8992,#8993));
#8985 = ORIENTED_EDGE('',*,*,#8917,.F.);
#8986 = ORIENTED_EDGE('',*,*,#8987,.T.);
#8987 = EDGE_CURVE('',#8908,#8963,#8988,.T.);
#8988 = LINE('',#8989,#8990);
#8989 = CARTESIAN_POINT('',(-6.322392118282,-8.782448900842,13.25));
#8990 = VECTOR('',#8991,1.);
#8991 = DIRECTION('',(1.224646799147E-16,-1.,0.));
#8992 = ORIENTED_EDGE('',*,*,#8970,.T.);
#8993 = ORIENTED_EDGE('',*,*,#1663,.F.);
#8994 = PLANE('',#8995);
#8995 = AXIS2_PLACEMENT_3D('',#8996,#8997,#8998);
#8996 = CARTESIAN_POINT('',(-6.322392118282,-8.782448900842,13.25));
#8997 = DIRECTION('',(-1.,-1.224646799147E-16,0.));
#8998 = DIRECTION('',(0.,0.,1.));
#8999 = ADVANCED_FACE('',(#9000),#9025,.F.);
#9000 = FACE_BOUND('',#9001,.F.);
#9001 = EDGE_LOOP('',(#9002,#9012,#9018,#9019));
#9002 = ORIENTED_EDGE('',*,*,#9003,.F.);
#9003 = EDGE_CURVE('',#9004,#9006,#9008,.T.);
#9004 = VERTEX_POINT('',#9005);
#9005 = CARTESIAN_POINT('',(-2.839990018322,-10.65088251913,13.25));
#9006 = VERTEX_POINT('',#9007);
#9007 = CARTESIAN_POINT('',(-2.839990018322,-13.50588251913,13.25));
#9008 = LINE('',#9009,#9010);
#9009 = CARTESIAN_POINT('',(-2.839990018322,-10.65088251913,13.25));
#9010 = VECTOR('',#9011,1.);
#9011 = DIRECTION('',(1.110223024625E-16,-1.,0.));
#9012 = ORIENTED_EDGE('',*,*,#9013,.T.);
#9013 = EDGE_CURVE('',#9004,#1688,#9014,.T.);
#9014 = LINE('',#9015,#9016);
#9015 = CARTESIAN_POINT('',(-2.839990018322,-10.65088251913,13.25));
#9016 = VECTOR('',#9017,1.);
#9017 = DIRECTION('',(0.,0.,1.));
#9018 = ORIENTED_EDGE('',*,*,#1687,.T.);
#9019 = ORIENTED_EDGE('',*,*,#9020,.F.);
#9020 = EDGE_CURVE('',#9006,#1690,#9021,.T.);
#9021 = LINE('',#9022,#9023);
#9022 = CARTESIAN_POINT('',(-2.839990018322,-13.50588251913,13.25));
#9023 = VECTOR('',#9024,1.);
#9024 = DIRECTION('',(0.,0.,1.));
#9025 = PLANE('',#9026);
#9026 = AXIS2_PLACEMENT_3D('',#9027,#9028,#9029);
#9027 = CARTESIAN_POINT('',(-2.839990018322,-10.65088251913,13.25));
#9028 = DIRECTION('',(1.,1.110223024625E-16,0.));
#9029 = DIRECTION('',(0.,0.,1.));
#9030 = ADVANCED_FACE('',(#9031),#9049,.T.);
#9031 = FACE_BOUND('',#9032,.T.);
#9032 = EDGE_LOOP('',(#9033,#9034,#9042,#9048));
#9033 = ORIENTED_EDGE('',*,*,#9020,.F.);
#9034 = ORIENTED_EDGE('',*,*,#9035,.T.);
#9035 = EDGE_CURVE('',#9006,#9036,#9038,.T.);
#9036 = VERTEX_POINT('',#9037);
#9037 = CARTESIAN_POINT('',(-1.264990018322,-13.50588251913,13.25));
#9038 = LINE('',#9039,#9040);
#9039 = CARTESIAN_POINT('',(-2.839990018322,-13.50588251913,13.25));
#9040 = VECTOR('',#9041,1.);
#9041 = DIRECTION('',(1.,1.110223024625E-16,0.));
#9042 = ORIENTED_EDGE('',*,*,#9043,.T.);
#9043 = EDGE_CURVE('',#9036,#1706,#9044,.T.);
#9044 = LINE('',#9045,#9046);
#9045 = CARTESIAN_POINT('',(-1.264990018322,-13.50588251913,13.25));
#9046 = VECTOR('',#9047,1.);
#9047 = DIRECTION('',(0.,0.,1.));
#9048 = ORIENTED_EDGE('',*,*,#1713,.F.);
#9049 = PLANE('',#9050);
#9050 = AXIS2_PLACEMENT_3D('',#9051,#9052,#9053);
#9051 = CARTESIAN_POINT('',(-2.839990018322,-13.50588251913,13.25));
#9052 = DIRECTION('',(1.110223024625E-16,-1.,0.));
#9053 = DIRECTION('',(0.,0.,1.));
#9054 = ADVANCED_FACE('',(#9055),#9073,.T.);
#9055 = FACE_BOUND('',#9056,.T.);
#9056 = EDGE_LOOP('',(#9057,#9065,#9071,#9072));
#9057 = ORIENTED_EDGE('',*,*,#9058,.F.);
#9058 = EDGE_CURVE('',#9059,#9036,#9061,.T.);
#9059 = VERTEX_POINT('',#9060);
#9060 = CARTESIAN_POINT('',(-1.264990018322,-10.65088251913,13.25));
#9061 = LINE('',#9062,#9063);
#9062 = CARTESIAN_POINT('',(-1.264990018322,-10.65088251913,13.25));
#9063 = VECTOR('',#9064,1.);
#9064 = DIRECTION('',(1.110223024625E-16,-1.,0.));
#9065 = ORIENTED_EDGE('',*,*,#9066,.T.);
#9066 = EDGE_CURVE('',#9059,#1698,#9067,.T.);
#9067 = LINE('',#9068,#9069);
#9068 = CARTESIAN_POINT('',(-1.264990018322,-10.65088251913,13.25));
#9069 = VECTOR('',#9070,1.);
#9070 = DIRECTION('',(0.,0.,1.));
#9071 = ORIENTED_EDGE('',*,*,#1705,.T.);
#9072 = ORIENTED_EDGE('',*,*,#9043,.F.);
#9073 = PLANE('',#9074);
#9074 = AXIS2_PLACEMENT_3D('',#9075,#9076,#9077);
#9075 = CARTESIAN_POINT('',(-1.264990018322,-10.65088251913,13.25));
#9076 = DIRECTION('',(1.,1.110223024625E-16,0.));
#9077 = DIRECTION('',(0.,0.,1.));
#9078 = ADVANCED_FACE('',(#9079),#9090,.F.);
#9079 = FACE_BOUND('',#9080,.F.);
#9080 = EDGE_LOOP('',(#9081,#9082,#9088,#9089));
#9081 = ORIENTED_EDGE('',*,*,#9013,.F.);
#9082 = ORIENTED_EDGE('',*,*,#9083,.T.);
#9083 = EDGE_CURVE('',#9004,#9059,#9084,.T.);
#9084 = LINE('',#9085,#9086);
#9085 = CARTESIAN_POINT('',(-2.839990018322,-10.65088251913,13.25));
#9086 = VECTOR('',#9087,1.);
#9087 = DIRECTION('',(1.,1.110223024625E-16,0.));
#9088 = ORIENTED_EDGE('',*,*,#9066,.T.);
#9089 = ORIENTED_EDGE('',*,*,#1697,.F.);
#9090 = PLANE('',#9091);
#9091 = AXIS2_PLACEMENT_3D('',#9092,#9093,#9094);
#9092 = CARTESIAN_POINT('',(-2.839990018322,-10.65088251913,13.25));
#9093 = DIRECTION('',(1.110223024625E-16,-1.,0.));
#9094 = DIRECTION('',(0.,0.,1.));
#9095 = ADVANCED_FACE('',(#9096),#9121,.F.);
#9096 = FACE_BOUND('',#9097,.F.);
#9097 = EDGE_LOOP('',(#9098,#9108,#9114,#9115));
#9098 = ORIENTED_EDGE('',*,*,#9099,.F.);
#9099 = EDGE_CURVE('',#9100,#9102,#9104,.T.);
#9100 = VERTEX_POINT('',#9101);
#9101 = CARTESIAN_POINT('',(-9.138809322754E-02,-11.52016816945,13.6));
#9102 = VERTEX_POINT('',#9103);
#9103 = CARTESIAN_POINT('',(-9.138809322754E-02,-9.904168169459,13.6));
#9104 = LINE('',#9105,#9106);
#9105 = CARTESIAN_POINT('',(-9.138809322754E-02,-11.52016816945,13.6));
#9106 = VECTOR('',#9107,1.);
#9107 = DIRECTION('',(-2.22044604925E-16,1.,0.));
#9108 = ORIENTED_EDGE('',*,*,#9109,.T.);
#9109 = EDGE_CURVE('',#9100,#1722,#9110,.T.);
#9110 = LINE('',#9111,#9112);
#9111 = CARTESIAN_POINT('',(-9.138809322754E-02,-11.52016816945,13.6));
#9112 = VECTOR('',#9113,1.);
#9113 = DIRECTION('',(0.,0.,1.));
#9114 = ORIENTED_EDGE('',*,*,#1721,.T.);
#9115 = ORIENTED_EDGE('',*,*,#9116,.F.);
#9116 = EDGE_CURVE('',#9102,#1724,#9117,.T.);
#9117 = LINE('',#9118,#9119);
#9118 = CARTESIAN_POINT('',(-9.138809322754E-02,-9.904168169459,13.6));
#9119 = VECTOR('',#9120,1.);
#9120 = DIRECTION('',(0.,0.,1.));
#9121 = PLANE('',#9122);
#9122 = AXIS2_PLACEMENT_3D('',#9123,#9124,#9125);
#9123 = CARTESIAN_POINT('',(-9.138809322754E-02,-11.52016816945,13.6));
#9124 = DIRECTION('',(-1.,-2.22044604925E-16,0.));
#9125 = DIRECTION('',(0.,0.,1.));
#9126 = ADVANCED_FACE('',(#9127),#9145,.T.);
#9127 = FACE_BOUND('',#9128,.T.);
#9128 = EDGE_LOOP('',(#9129,#9130,#9138,#9144));
#9129 = ORIENTED_EDGE('',*,*,#9116,.F.);
#9130 = ORIENTED_EDGE('',*,*,#9131,.T.);
#9131 = EDGE_CURVE('',#9102,#9132,#9134,.T.);
#9132 = VERTEX_POINT('',#9133);
#9133 = CARTESIAN_POINT('',(-0.691388093228,-9.904168169459,13.6));
#9134 = LINE('',#9135,#9136);
#9135 = CARTESIAN_POINT('',(-9.138809322754E-02,-9.904168169459,13.6));
#9136 = VECTOR('',#9137,1.);
#9137 = DIRECTION('',(-1.,-2.22044604925E-16,0.));
#9138 = ORIENTED_EDGE('',*,*,#9139,.T.);
#9139 = EDGE_CURVE('',#9132,#1740,#9140,.T.);
#9140 = LINE('',#9141,#9142);
#9141 = CARTESIAN_POINT('',(-0.691388093228,-9.904168169459,13.6));
#9142 = VECTOR('',#9143,1.);
#9143 = DIRECTION('',(0.,0.,1.));
#9144 = ORIENTED_EDGE('',*,*,#1747,.F.);
#9145 = PLANE('',#9146);
#9146 = AXIS2_PLACEMENT_3D('',#9147,#9148,#9149);
#9147 = CARTESIAN_POINT('',(-9.138809322754E-02,-9.904168169459,13.6));
#9148 = DIRECTION('',(-2.22044604925E-16,1.,0.));
#9149 = DIRECTION('',(0.,0.,1.));
#9150 = ADVANCED_FACE('',(#9151),#9169,.T.);
#9151 = FACE_BOUND('',#9152,.T.);
#9152 = EDGE_LOOP('',(#9153,#9161,#9167,#9168));
#9153 = ORIENTED_EDGE('',*,*,#9154,.F.);
#9154 = EDGE_CURVE('',#9155,#9132,#9157,.T.);
#9155 = VERTEX_POINT('',#9156);
#9156 = CARTESIAN_POINT('',(-0.691388093228,-11.52016816945,13.6));
#9157 = LINE('',#9158,#9159);
#9158 = CARTESIAN_POINT('',(-0.691388093228,-11.52016816945,13.6));
#9159 = VECTOR('',#9160,1.);
#9160 = DIRECTION('',(-2.22044604925E-16,1.,0.));
#9161 = ORIENTED_EDGE('',*,*,#9162,.T.);
#9162 = EDGE_CURVE('',#9155,#1732,#9163,.T.);
#9163 = LINE('',#9164,#9165);
#9164 = CARTESIAN_POINT('',(-0.691388093228,-11.52016816945,13.6));
#9165 = VECTOR('',#9166,1.);
#9166 = DIRECTION('',(0.,0.,1.));
#9167 = ORIENTED_EDGE('',*,*,#1739,.T.);
#9168 = ORIENTED_EDGE('',*,*,#9139,.F.);
#9169 = PLANE('',#9170);
#9170 = AXIS2_PLACEMENT_3D('',#9171,#9172,#9173);
#9171 = CARTESIAN_POINT('',(-0.691388093228,-11.52016816945,13.6));
#9172 = DIRECTION('',(-1.,-2.22044604925E-16,0.));
#9173 = DIRECTION('',(0.,0.,1.));
#9174 = ADVANCED_FACE('',(#9175),#9186,.F.);
#9175 = FACE_BOUND('',#9176,.F.);
#9176 = EDGE_LOOP('',(#9177,#9178,#9184,#9185));
#9177 = ORIENTED_EDGE('',*,*,#9109,.F.);
#9178 = ORIENTED_EDGE('',*,*,#9179,.T.);
#9179 = EDGE_CURVE('',#9100,#9155,#9180,.T.);
#9180 = LINE('',#9181,#9182);
#9181 = CARTESIAN_POINT('',(-9.138809322754E-02,-11.52016816945,13.6));
#9182 = VECTOR('',#9183,1.);
#9183 = DIRECTION('',(-1.,-2.22044604925E-16,0.));
#9184 = ORIENTED_EDGE('',*,*,#9162,.T.);
#9185 = ORIENTED_EDGE('',*,*,#1731,.F.);
#9186 = PLANE('',#9187);
#9187 = AXIS2_PLACEMENT_3D('',#9188,#9189,#9190);
#9188 = CARTESIAN_POINT('',(-9.138809322754E-02,-11.52016816945,13.6));
#9189 = DIRECTION('',(-2.22044604925E-16,1.,0.));
#9190 = DIRECTION('',(0.,0.,1.));
#9191 = ADVANCED_FACE('',(#9192),#9217,.F.);
#9192 = FACE_BOUND('',#9193,.F.);
#9193 = EDGE_LOOP('',(#9194,#9204,#9210,#9211));
#9194 = ORIENTED_EDGE('',*,*,#9195,.F.);
#9195 = EDGE_CURVE('',#9196,#9198,#9200,.T.);
#9196 = VERTEX_POINT('',#9197);
#9197 = CARTESIAN_POINT('',(-17.79904704169,-5.15892731966,13.25));
#9198 = VERTEX_POINT('',#9199);
#9199 = CARTESIAN_POINT('',(-17.79904704169,-6.05892731966,13.25));
#9200 = LINE('',#9201,#9202);
#9201 = CARTESIAN_POINT('',(-17.79904704169,-5.15892731966,13.25));
#9202 = VECTOR('',#9203,1.);
#9203 = DIRECTION('',(1.110223024625E-16,-1.,0.));
#9204 = ORIENTED_EDGE('',*,*,#9205,.T.);
#9205 = EDGE_CURVE('',#9196,#1756,#9206,.T.);
#9206 = LINE('',#9207,#9208);
#9207 = CARTESIAN_POINT('',(-17.79904704169,-5.15892731966,13.25));
#9208 = VECTOR('',#9209,1.);
#9209 = DIRECTION('',(0.,0.,1.));
#9210 = ORIENTED_EDGE('',*,*,#1755,.T.);
#9211 = ORIENTED_EDGE('',*,*,#9212,.F.);
#9212 = EDGE_CURVE('',#9198,#1758,#9213,.T.);
#9213 = LINE('',#9214,#9215);
#9214 = CARTESIAN_POINT('',(-17.79904704169,-6.05892731966,13.25));
#9215 = VECTOR('',#9216,1.);
#9216 = DIRECTION('',(0.,0.,1.));
#9217 = PLANE('',#9218);
#9218 = AXIS2_PLACEMENT_3D('',#9219,#9220,#9221);
#9219 = CARTESIAN_POINT('',(-17.79904704169,-5.15892731966,13.25));
#9220 = DIRECTION('',(1.,1.110223024625E-16,0.));
#9221 = DIRECTION('',(0.,0.,1.));
#9222 = ADVANCED_FACE('',(#9223),#9241,.T.);
#9223 = FACE_BOUND('',#9224,.T.);
#9224 = EDGE_LOOP('',(#9225,#9226,#9234,#9240));
#9225 = ORIENTED_EDGE('',*,*,#9212,.F.);
#9226 = ORIENTED_EDGE('',*,*,#9227,.T.);
#9227 = EDGE_CURVE('',#9198,#9228,#9230,.T.);
#9228 = VERTEX_POINT('',#9229);
#9229 = CARTESIAN_POINT('',(-15.49904704169,-6.05892731966,13.25));
#9230 = LINE('',#9231,#9232);
#9231 = CARTESIAN_POINT('',(-17.79904704169,-6.05892731966,13.25));
#9232 = VECTOR('',#9233,1.);
#9233 = DIRECTION('',(1.,1.110223024625E-16,0.));
#9234 = ORIENTED_EDGE('',*,*,#9235,.T.);
#9235 = EDGE_CURVE('',#9228,#1774,#9236,.T.);
#9236 = LINE('',#9237,#9238);
#9237 = CARTESIAN_POINT('',(-15.49904704169,-6.05892731966,13.25));
#9238 = VECTOR('',#9239,1.);
#9239 = DIRECTION('',(0.,0.,1.));
#9240 = ORIENTED_EDGE('',*,*,#1781,.F.);
#9241 = PLANE('',#9242);
#9242 = AXIS2_PLACEMENT_3D('',#9243,#9244,#9245);
#9243 = CARTESIAN_POINT('',(-17.79904704169,-6.05892731966,13.25));
#9244 = DIRECTION('',(1.110223024625E-16,-1.,0.));
#9245 = DIRECTION('',(0.,0.,1.));
#9246 = ADVANCED_FACE('',(#9247),#9265,.T.);
#9247 = FACE_BOUND('',#9248,.T.);
#9248 = EDGE_LOOP('',(#9249,#9257,#9263,#9264));
#9249 = ORIENTED_EDGE('',*,*,#9250,.F.);
#9250 = EDGE_CURVE('',#9251,#9228,#9253,.T.);
#9251 = VERTEX_POINT('',#9252);
#9252 = CARTESIAN_POINT('',(-15.49904704169,-5.15892731966,13.25));
#9253 = LINE('',#9254,#9255);
#9254 = CARTESIAN_POINT('',(-15.49904704169,-5.15892731966,13.25));
#9255 = VECTOR('',#9256,1.);
#9256 = DIRECTION('',(1.110223024625E-16,-1.,0.));
#9257 = ORIENTED_EDGE('',*,*,#9258,.T.);
#9258 = EDGE_CURVE('',#9251,#1766,#9259,.T.);
#9259 = LINE('',#9260,#9261);
#9260 = CARTESIAN_POINT('',(-15.49904704169,-5.15892731966,13.25));
#9261 = VECTOR('',#9262,1.);
#9262 = DIRECTION('',(0.,0.,1.));
#9263 = ORIENTED_EDGE('',*,*,#1773,.T.);
#9264 = ORIENTED_EDGE('',*,*,#9235,.F.);
#9265 = PLANE('',#9266);
#9266 = AXIS2_PLACEMENT_3D('',#9267,#9268,#9269);
#9267 = CARTESIAN_POINT('',(-15.49904704169,-5.15892731966,13.25));
#9268 = DIRECTION('',(1.,1.110223024625E-16,0.));
#9269 = DIRECTION('',(0.,0.,1.));
#9270 = ADVANCED_FACE('',(#9271),#9282,.F.);
#9271 = FACE_BOUND('',#9272,.F.);
#9272 = EDGE_LOOP('',(#9273,#9274,#9280,#9281));
#9273 = ORIENTED_EDGE('',*,*,#9205,.F.);
#9274 = ORIENTED_EDGE('',*,*,#9275,.T.);
#9275 = EDGE_CURVE('',#9196,#9251,#9276,.T.);
#9276 = LINE('',#9277,#9278);
#9277 = CARTESIAN_POINT('',(-17.79904704169,-5.15892731966,13.25));
#9278 = VECTOR('',#9279,1.);
#9279 = DIRECTION('',(1.,1.110223024625E-16,0.));
#9280 = ORIENTED_EDGE('',*,*,#9258,.T.);
#9281 = ORIENTED_EDGE('',*,*,#1765,.F.);
#9282 = PLANE('',#9283);
#9283 = AXIS2_PLACEMENT_3D('',#9284,#9285,#9286);
#9284 = CARTESIAN_POINT('',(-17.79904704169,-5.15892731966,13.25));
#9285 = DIRECTION('',(1.110223024625E-16,-1.,0.));
#9286 = DIRECTION('',(0.,0.,1.));
#9287 = ADVANCED_FACE('',(#9288),#9313,.F.);
#9288 = FACE_BOUND('',#9289,.F.);
#9289 = EDGE_LOOP('',(#9290,#9300,#9306,#9307));
#9290 = ORIENTED_EDGE('',*,*,#9291,.F.);
#9291 = EDGE_CURVE('',#9292,#9294,#9296,.T.);
#9292 = VERTEX_POINT('',#9293);
#9293 = CARTESIAN_POINT('',(-13.06274743099,-8.353041912603,13.6));
#9294 = VERTEX_POINT('',#9295);
#9295 = CARTESIAN_POINT('',(-13.06274743099,-6.737041912603,13.6));
#9296 = LINE('',#9297,#9298);
#9297 = CARTESIAN_POINT('',(-13.06274743099,-8.353041912603,13.6));
#9298 = VECTOR('',#9299,1.);
#9299 = DIRECTION('',(-2.22044604925E-16,1.,0.));
#9300 = ORIENTED_EDGE('',*,*,#9301,.T.);
#9301 = EDGE_CURVE('',#9292,#1790,#9302,.T.);
#9302 = LINE('',#9303,#9304);
#9303 = CARTESIAN_POINT('',(-13.06274743099,-8.353041912603,13.6));
#9304 = VECTOR('',#9305,1.);
#9305 = DIRECTION('',(0.,0.,1.));
#9306 = ORIENTED_EDGE('',*,*,#1789,.T.);
#9307 = ORIENTED_EDGE('',*,*,#9308,.F.);
#9308 = EDGE_CURVE('',#9294,#1792,#9309,.T.);
#9309 = LINE('',#9310,#9311);
#9310 = CARTESIAN_POINT('',(-13.06274743099,-6.737041912603,13.6));
#9311 = VECTOR('',#9312,1.);
#9312 = DIRECTION('',(0.,0.,1.));
#9313 = PLANE('',#9314);
#9314 = AXIS2_PLACEMENT_3D('',#9315,#9316,#9317);
#9315 = CARTESIAN_POINT('',(-13.06274743099,-8.353041912603,13.6));
#9316 = DIRECTION('',(-1.,-2.22044604925E-16,0.));
#9317 = DIRECTION('',(0.,0.,1.));
#9318 = ADVANCED_FACE('',(#9319),#9337,.T.);
#9319 = FACE_BOUND('',#9320,.T.);
#9320 = EDGE_LOOP('',(#9321,#9322,#9330,#9336));
#9321 = ORIENTED_EDGE('',*,*,#9308,.F.);
#9322 = ORIENTED_EDGE('',*,*,#9323,.T.);
#9323 = EDGE_CURVE('',#9294,#9324,#9326,.T.);
#9324 = VERTEX_POINT('',#9325);
#9325 = CARTESIAN_POINT('',(-13.66274743099,-6.737041912603,13.6));
#9326 = LINE('',#9327,#9328);
#9327 = CARTESIAN_POINT('',(-13.06274743099,-6.737041912603,13.6));
#9328 = VECTOR('',#9329,1.);
#9329 = DIRECTION('',(-1.,-2.22044604925E-16,0.));
#9330 = ORIENTED_EDGE('',*,*,#9331,.T.);
#9331 = EDGE_CURVE('',#9324,#1808,#9332,.T.);
#9332 = LINE('',#9333,#9334);
#9333 = CARTESIAN_POINT('',(-13.66274743099,-6.737041912603,13.6));
#9334 = VECTOR('',#9335,1.);
#9335 = DIRECTION('',(0.,0.,1.));
#9336 = ORIENTED_EDGE('',*,*,#1815,.F.);
#9337 = PLANE('',#9338);
#9338 = AXIS2_PLACEMENT_3D('',#9339,#9340,#9341);
#9339 = CARTESIAN_POINT('',(-13.06274743099,-6.737041912603,13.6));
#9340 = DIRECTION('',(-2.22044604925E-16,1.,0.));
#9341 = DIRECTION('',(0.,0.,1.));
#9342 = ADVANCED_FACE('',(#9343),#9361,.T.);
#9343 = FACE_BOUND('',#9344,.T.);
#9344 = EDGE_LOOP('',(#9345,#9353,#9359,#9360));
#9345 = ORIENTED_EDGE('',*,*,#9346,.F.);
#9346 = EDGE_CURVE('',#9347,#9324,#9349,.T.);
#9347 = VERTEX_POINT('',#9348);
#9348 = CARTESIAN_POINT('',(-13.66274743099,-8.353041912603,13.6));
#9349 = LINE('',#9350,#9351);
#9350 = CARTESIAN_POINT('',(-13.66274743099,-8.353041912603,13.6));
#9351 = VECTOR('',#9352,1.);
#9352 = DIRECTION('',(-2.22044604925E-16,1.,0.));
#9353 = ORIENTED_EDGE('',*,*,#9354,.T.);
#9354 = EDGE_CURVE('',#9347,#1800,#9355,.T.);
#9355 = LINE('',#9356,#9357);
#9356 = CARTESIAN_POINT('',(-13.66274743099,-8.353041912603,13.6));
#9357 = VECTOR('',#9358,1.);
#9358 = DIRECTION('',(0.,0.,1.));
#9359 = ORIENTED_EDGE('',*,*,#1807,.T.);
#9360 = ORIENTED_EDGE('',*,*,#9331,.F.);
#9361 = PLANE('',#9362);
#9362 = AXIS2_PLACEMENT_3D('',#9363,#9364,#9365);
#9363 = CARTESIAN_POINT('',(-13.66274743099,-8.353041912603,13.6));
#9364 = DIRECTION('',(-1.,-2.22044604925E-16,0.));
#9365 = DIRECTION('',(0.,0.,1.));
#9366 = ADVANCED_FACE('',(#9367),#9378,.F.);
#9367 = FACE_BOUND('',#9368,.F.);
#9368 = EDGE_LOOP('',(#9369,#9370,#9376,#9377));
#9369 = ORIENTED_EDGE('',*,*,#9301,.F.);
#9370 = ORIENTED_EDGE('',*,*,#9371,.T.);
#9371 = EDGE_CURVE('',#9292,#9347,#9372,.T.);
#9372 = LINE('',#9373,#9374);
#9373 = CARTESIAN_POINT('',(-13.06274743099,-8.353041912603,13.6));
#9374 = VECTOR('',#9375,1.);
#9375 = DIRECTION('',(-1.,-2.22044604925E-16,0.));
#9376 = ORIENTED_EDGE('',*,*,#9354,.T.);
#9377 = ORIENTED_EDGE('',*,*,#1799,.F.);
#9378 = PLANE('',#9379);
#9379 = AXIS2_PLACEMENT_3D('',#9380,#9381,#9382);
#9380 = CARTESIAN_POINT('',(-13.06274743099,-8.353041912603,13.6));
#9381 = DIRECTION('',(-2.22044604925E-16,1.,0.));
#9382 = DIRECTION('',(0.,0.,1.));
#9383 = ADVANCED_FACE('',(#9384),#9409,.F.);
#9384 = FACE_BOUND('',#9385,.F.);
#9385 = EDGE_LOOP('',(#9386,#9396,#9402,#9403));
#9386 = ORIENTED_EDGE('',*,*,#9387,.F.);
#9387 = EDGE_CURVE('',#9388,#9390,#9392,.T.);
#9388 = VERTEX_POINT('',#9389);
#9389 = CARTESIAN_POINT('',(-14.97489585066,-6.05968716014,12.25));
#9390 = VERTEX_POINT('',#9391);
#9391 = CARTESIAN_POINT('',(-11.83489585066,-6.05968716014,12.25));
#9392 = LINE('',#9393,#9394);
#9393 = CARTESIAN_POINT('',(-14.97489585066,-6.05968716014,12.25));
#9394 = VECTOR('',#9395,1.);
#9395 = DIRECTION('',(1.,0.,0.));
#9396 = ORIENTED_EDGE('',*,*,#9397,.T.);
#9397 = EDGE_CURVE('',#9388,#1824,#9398,.T.);
#9398 = LINE('',#9399,#9400);
#9399 = CARTESIAN_POINT('',(-14.97489585066,-6.05968716014,12.25));
#9400 = VECTOR('',#9401,1.);
#9401 = DIRECTION('',(0.,0.,1.));
#9402 = ORIENTED_EDGE('',*,*,#1823,.T.);
#9403 = ORIENTED_EDGE('',*,*,#9404,.F.);
#9404 = EDGE_CURVE('',#9390,#1826,#9405,.T.);
#9405 = LINE('',#9406,#9407);
#9406 = CARTESIAN_POINT('',(-11.83489585066,-6.05968716014,12.25));
#9407 = VECTOR('',#9408,1.);
#9408 = DIRECTION('',(0.,0.,1.));
#9409 = PLANE('',#9410);
#9410 = AXIS2_PLACEMENT_3D('',#9411,#9412,#9413);
#9411 = CARTESIAN_POINT('',(-14.97489585066,-6.05968716014,12.25));
#9412 = DIRECTION('',(0.,1.,0.));
#9413 = DIRECTION('',(0.,0.,1.));
#9414 = ADVANCED_FACE('',(#9415),#9433,.T.);
#9415 = FACE_BOUND('',#9416,.T.);
#9416 = EDGE_LOOP('',(#9417,#9418,#9426,#9432));
#9417 = ORIENTED_EDGE('',*,*,#9404,.F.);
#9418 = ORIENTED_EDGE('',*,*,#9419,.T.);
#9419 = EDGE_CURVE('',#9390,#9420,#9422,.T.);
#9420 = VERTEX_POINT('',#9421);
#9421 = CARTESIAN_POINT('',(-11.83489585066,-4.55968716014,12.25));
#9422 = LINE('',#9423,#9424);
#9423 = CARTESIAN_POINT('',(-11.83489585066,-6.05968716014,12.25));
#9424 = VECTOR('',#9425,1.);
#9425 = DIRECTION('',(0.,1.,0.));
#9426 = ORIENTED_EDGE('',*,*,#9427,.T.);
#9427 = EDGE_CURVE('',#9420,#1842,#9428,.T.);
#9428 = LINE('',#9429,#9430);
#9429 = CARTESIAN_POINT('',(-11.83489585066,-4.55968716014,12.25));
#9430 = VECTOR('',#9431,1.);
#9431 = DIRECTION('',(0.,0.,1.));
#9432 = ORIENTED_EDGE('',*,*,#1849,.F.);
#9433 = PLANE('',#9434);
#9434 = AXIS2_PLACEMENT_3D('',#9435,#9436,#9437);
#9435 = CARTESIAN_POINT('',(-11.83489585066,-6.05968716014,12.25));
#9436 = DIRECTION('',(1.,0.,0.));
#9437 = DIRECTION('',(0.,0.,1.));
#9438 = ADVANCED_FACE('',(#9439),#9457,.T.);
#9439 = FACE_BOUND('',#9440,.T.);
#9440 = EDGE_LOOP('',(#9441,#9449,#9455,#9456));
#9441 = ORIENTED_EDGE('',*,*,#9442,.F.);
#9442 = EDGE_CURVE('',#9443,#9420,#9445,.T.);
#9443 = VERTEX_POINT('',#9444);
#9444 = CARTESIAN_POINT('',(-14.97489585066,-4.55968716014,12.25));
#9445 = LINE('',#9446,#9447);
#9446 = CARTESIAN_POINT('',(-14.97489585066,-4.55968716014,12.25));
#9447 = VECTOR('',#9448,1.);
#9448 = DIRECTION('',(1.,0.,0.));
#9449 = ORIENTED_EDGE('',*,*,#9450,.T.);
#9450 = EDGE_CURVE('',#9443,#1834,#9451,.T.);
#9451 = LINE('',#9452,#9453);
#9452 = CARTESIAN_POINT('',(-14.97489585066,-4.55968716014,12.25));
#9453 = VECTOR('',#9454,1.);
#9454 = DIRECTION('',(0.,0.,1.));
#9455 = ORIENTED_EDGE('',*,*,#1841,.T.);
#9456 = ORIENTED_EDGE('',*,*,#9427,.F.);
#9457 = PLANE('',#9458);
#9458 = AXIS2_PLACEMENT_3D('',#9459,#9460,#9461);
#9459 = CARTESIAN_POINT('',(-14.97489585066,-4.55968716014,12.25));
#9460 = DIRECTION('',(0.,1.,0.));
#9461 = DIRECTION('',(0.,0.,1.));
#9462 = ADVANCED_FACE('',(#9463),#9474,.F.);
#9463 = FACE_BOUND('',#9464,.F.);
#9464 = EDGE_LOOP('',(#9465,#9466,#9472,#9473));
#9465 = ORIENTED_EDGE('',*,*,#9397,.F.);
#9466 = ORIENTED_EDGE('',*,*,#9467,.T.);
#9467 = EDGE_CURVE('',#9388,#9443,#9468,.T.);
#9468 = LINE('',#9469,#9470);
#9469 = CARTESIAN_POINT('',(-14.97489585066,-6.05968716014,12.25));
#9470 = VECTOR('',#9471,1.);
#9471 = DIRECTION('',(0.,1.,0.));
#9472 = ORIENTED_EDGE('',*,*,#9450,.T.);
#9473 = ORIENTED_EDGE('',*,*,#1833,.F.);
#9474 = PLANE('',#9475);
#9475 = AXIS2_PLACEMENT_3D('',#9476,#9477,#9478);
#9476 = CARTESIAN_POINT('',(-14.97489585066,-6.05968716014,12.25));
#9477 = DIRECTION('',(1.,0.,0.));
#9478 = DIRECTION('',(0.,0.,1.));
#9479 = ADVANCED_FACE('',(#9480),#9505,.F.);
#9480 = FACE_BOUND('',#9481,.F.);
#9481 = EDGE_LOOP('',(#9482,#9492,#9498,#9499));
#9482 = ORIENTED_EDGE('',*,*,#9483,.F.);
#9483 = EDGE_CURVE('',#9484,#9486,#9488,.T.);
#9484 = VERTEX_POINT('',#9485);
#9485 = CARTESIAN_POINT('',(-15.46945010312,-2.639049106597,13.6));
#9486 = VERTEX_POINT('',#9487);
#9487 = CARTESIAN_POINT('',(-15.46945010312,-1.023049106597,13.6));
#9488 = LINE('',#9489,#9490);
#9489 = CARTESIAN_POINT('',(-15.46945010312,-2.639049106597,13.6));
#9490 = VECTOR('',#9491,1.);
#9491 = DIRECTION('',(-2.22044604925E-16,1.,0.));
#9492 = ORIENTED_EDGE('',*,*,#9493,.T.);
#9493 = EDGE_CURVE('',#9484,#1858,#9494,.T.);
#9494 = LINE('',#9495,#9496);
#9495 = CARTESIAN_POINT('',(-15.46945010312,-2.639049106597,13.6));
#9496 = VECTOR('',#9497,1.);
#9497 = DIRECTION('',(0.,0.,1.));
#9498 = ORIENTED_EDGE('',*,*,#1857,.T.);
#9499 = ORIENTED_EDGE('',*,*,#9500,.F.);
#9500 = EDGE_CURVE('',#9486,#1860,#9501,.T.);
#9501 = LINE('',#9502,#9503);
#9502 = CARTESIAN_POINT('',(-15.46945010312,-1.023049106597,13.6));
#9503 = VECTOR('',#9504,1.);
#9504 = DIRECTION('',(0.,0.,1.));
#9505 = PLANE('',#9506);
#9506 = AXIS2_PLACEMENT_3D('',#9507,#9508,#9509);
#9507 = CARTESIAN_POINT('',(-15.46945010312,-2.639049106597,13.6));
#9508 = DIRECTION('',(-1.,-2.22044604925E-16,0.));
#9509 = DIRECTION('',(0.,0.,1.));
#9510 = ADVANCED_FACE('',(#9511),#9529,.T.);
#9511 = FACE_BOUND('',#9512,.T.);
#9512 = EDGE_LOOP('',(#9513,#9514,#9522,#9528));
#9513 = ORIENTED_EDGE('',*,*,#9500,.F.);
#9514 = ORIENTED_EDGE('',*,*,#9515,.T.);
#9515 = EDGE_CURVE('',#9486,#9516,#9518,.T.);
#9516 = VERTEX_POINT('',#9517);
#9517 = CARTESIAN_POINT('',(-16.06945010312,-1.023049106597,13.6));
#9518 = LINE('',#9519,#9520);
#9519 = CARTESIAN_POINT('',(-15.46945010312,-1.023049106597,13.6));
#9520 = VECTOR('',#9521,1.);
#9521 = DIRECTION('',(-1.,-2.22044604925E-16,0.));
#9522 = ORIENTED_EDGE('',*,*,#9523,.T.);
#9523 = EDGE_CURVE('',#9516,#1876,#9524,.T.);
#9524 = LINE('',#9525,#9526);
#9525 = CARTESIAN_POINT('',(-16.06945010312,-1.023049106597,13.6));
#9526 = VECTOR('',#9527,1.);
#9527 = DIRECTION('',(0.,0.,1.));
#9528 = ORIENTED_EDGE('',*,*,#1883,.F.);
#9529 = PLANE('',#9530);
#9530 = AXIS2_PLACEMENT_3D('',#9531,#9532,#9533);
#9531 = CARTESIAN_POINT('',(-15.46945010312,-1.023049106597,13.6));
#9532 = DIRECTION('',(-2.22044604925E-16,1.,0.));
#9533 = DIRECTION('',(0.,0.,1.));
#9534 = ADVANCED_FACE('',(#9535),#9553,.T.);
#9535 = FACE_BOUND('',#9536,.T.);
#9536 = EDGE_LOOP('',(#9537,#9545,#9551,#9552));
#9537 = ORIENTED_EDGE('',*,*,#9538,.F.);
#9538 = EDGE_CURVE('',#9539,#9516,#9541,.T.);
#9539 = VERTEX_POINT('',#9540);
#9540 = CARTESIAN_POINT('',(-16.06945010312,-2.639049106597,13.6));
#9541 = LINE('',#9542,#9543);
#9542 = CARTESIAN_POINT('',(-16.06945010312,-2.639049106597,13.6));
#9543 = VECTOR('',#9544,1.);
#9544 = DIRECTION('',(-2.22044604925E-16,1.,0.));
#9545 = ORIENTED_EDGE('',*,*,#9546,.T.);
#9546 = EDGE_CURVE('',#9539,#1868,#9547,.T.);
#9547 = LINE('',#9548,#9549);
#9548 = CARTESIAN_POINT('',(-16.06945010312,-2.639049106597,13.6));
#9549 = VECTOR('',#9550,1.);
#9550 = DIRECTION('',(0.,0.,1.));
#9551 = ORIENTED_EDGE('',*,*,#1875,.T.);
#9552 = ORIENTED_EDGE('',*,*,#9523,.F.);
#9553 = PLANE('',#9554);
#9554 = AXIS2_PLACEMENT_3D('',#9555,#9556,#9557);
#9555 = CARTESIAN_POINT('',(-16.06945010312,-2.639049106597,13.6));
#9556 = DIRECTION('',(-1.,-2.22044604925E-16,0.));
#9557 = DIRECTION('',(0.,0.,1.));
#9558 = ADVANCED_FACE('',(#9559),#9570,.F.);
#9559 = FACE_BOUND('',#9560,.F.);
#9560 = EDGE_LOOP('',(#9561,#9562,#9568,#9569));
#9561 = ORIENTED_EDGE('',*,*,#9493,.F.);
#9562 = ORIENTED_EDGE('',*,*,#9563,.T.);
#9563 = EDGE_CURVE('',#9484,#9539,#9564,.T.);
#9564 = LINE('',#9565,#9566);
#9565 = CARTESIAN_POINT('',(-15.46945010312,-2.639049106597,13.6));
#9566 = VECTOR('',#9567,1.);
#9567 = DIRECTION('',(-1.,-2.22044604925E-16,0.));
#9568 = ORIENTED_EDGE('',*,*,#9546,.T.);
#9569 = ORIENTED_EDGE('',*,*,#1867,.F.);
#9570 = PLANE('',#9571);
#9571 = AXIS2_PLACEMENT_3D('',#9572,#9573,#9574);
#9572 = CARTESIAN_POINT('',(-15.46945010312,-2.639049106597,13.6));
#9573 = DIRECTION('',(-2.22044604925E-16,1.,0.));
#9574 = DIRECTION('',(0.,0.,1.));
#9575 = ADVANCED_FACE('',(#9576),#9601,.F.);
#9576 = FACE_BOUND('',#9577,.F.);
#9577 = EDGE_LOOP('',(#9578,#9588,#9594,#9595));
#9578 = ORIENTED_EDGE('',*,*,#9579,.F.);
#9579 = EDGE_CURVE('',#9580,#9582,#9584,.T.);
#9580 = VERTEX_POINT('',#9581);
#9581 = CARTESIAN_POINT('',(-19.30964696635,-0.939102816852,13.6));
#9582 = VERTEX_POINT('',#9583);
#9583 = CARTESIAN_POINT('',(-19.30964696635,-2.555102816852,13.6));
#9584 = LINE('',#9585,#9586);
#9585 = CARTESIAN_POINT('',(-19.30964696635,-0.939102816852,13.6));
#9586 = VECTOR('',#9587,1.);
#9587 = DIRECTION('',(1.110223024625E-16,-1.,0.));
#9588 = ORIENTED_EDGE('',*,*,#9589,.T.);
#9589 = EDGE_CURVE('',#9580,#1892,#9590,.T.);
#9590 = LINE('',#9591,#9592);
#9591 = CARTESIAN_POINT('',(-19.30964696635,-0.939102816852,13.6));
#9592 = VECTOR('',#9593,1.);
#9593 = DIRECTION('',(0.,0.,1.));
#9594 = ORIENTED_EDGE('',*,*,#1891,.T.);
#9595 = ORIENTED_EDGE('',*,*,#9596,.F.);
#9596 = EDGE_CURVE('',#9582,#1894,#9597,.T.);
#9597 = LINE('',#9598,#9599);
#9598 = CARTESIAN_POINT('',(-19.30964696635,-2.555102816852,13.6));
#9599 = VECTOR('',#9600,1.);
#9600 = DIRECTION('',(0.,0.,1.));
#9601 = PLANE('',#9602);
#9602 = AXIS2_PLACEMENT_3D('',#9603,#9604,#9605);
#9603 = CARTESIAN_POINT('',(-19.30964696635,-0.939102816852,13.6));
#9604 = DIRECTION('',(1.,1.110223024625E-16,0.));
#9605 = DIRECTION('',(0.,0.,1.));
#9606 = ADVANCED_FACE('',(#9607),#9625,.T.);
#9607 = FACE_BOUND('',#9608,.T.);
#9608 = EDGE_LOOP('',(#9609,#9610,#9618,#9624));
#9609 = ORIENTED_EDGE('',*,*,#9596,.F.);
#9610 = ORIENTED_EDGE('',*,*,#9611,.T.);
#9611 = EDGE_CURVE('',#9582,#9612,#9614,.T.);
#9612 = VERTEX_POINT('',#9613);
#9613 = CARTESIAN_POINT('',(-18.70964696635,-2.555102816852,13.6));
#9614 = LINE('',#9615,#9616);
#9615 = CARTESIAN_POINT('',(-19.30964696635,-2.555102816852,13.6));
#9616 = VECTOR('',#9617,1.);
#9617 = DIRECTION('',(1.,1.110223024625E-16,0.));
#9618 = ORIENTED_EDGE('',*,*,#9619,.T.);
#9619 = EDGE_CURVE('',#9612,#1910,#9620,.T.);
#9620 = LINE('',#9621,#9622);
#9621 = CARTESIAN_POINT('',(-18.70964696635,-2.555102816852,13.6));
#9622 = VECTOR('',#9623,1.);
#9623 = DIRECTION('',(0.,0.,1.));
#9624 = ORIENTED_EDGE('',*,*,#1917,.F.);
#9625 = PLANE('',#9626);
#9626 = AXIS2_PLACEMENT_3D('',#9627,#9628,#9629);
#9627 = CARTESIAN_POINT('',(-19.30964696635,-2.555102816852,13.6));
#9628 = DIRECTION('',(1.110223024625E-16,-1.,0.));
#9629 = DIRECTION('',(0.,0.,1.));
#9630 = ADVANCED_FACE('',(#9631),#9649,.T.);
#9631 = FACE_BOUND('',#9632,.T.);
#9632 = EDGE_LOOP('',(#9633,#9641,#9647,#9648));
#9633 = ORIENTED_EDGE('',*,*,#9634,.F.);
#9634 = EDGE_CURVE('',#9635,#9612,#9637,.T.);
#9635 = VERTEX_POINT('',#9636);
#9636 = CARTESIAN_POINT('',(-18.70964696635,-0.939102816852,13.6));
#9637 = LINE('',#9638,#9639);
#9638 = CARTESIAN_POINT('',(-18.70964696635,-0.939102816852,13.6));
#9639 = VECTOR('',#9640,1.);
#9640 = DIRECTION('',(1.110223024625E-16,-1.,0.));
#9641 = ORIENTED_EDGE('',*,*,#9642,.T.);
#9642 = EDGE_CURVE('',#9635,#1902,#9643,.T.);
#9643 = LINE('',#9644,#9645);
#9644 = CARTESIAN_POINT('',(-18.70964696635,-0.939102816852,13.6));
#9645 = VECTOR('',#9646,1.);
#9646 = DIRECTION('',(0.,0.,1.));
#9647 = ORIENTED_EDGE('',*,*,#1909,.T.);
#9648 = ORIENTED_EDGE('',*,*,#9619,.F.);
#9649 = PLANE('',#9650);
#9650 = AXIS2_PLACEMENT_3D('',#9651,#9652,#9653);
#9651 = CARTESIAN_POINT('',(-18.70964696635,-0.939102816852,13.6));
#9652 = DIRECTION('',(1.,1.110223024625E-16,0.));
#9653 = DIRECTION('',(0.,0.,1.));
#9654 = ADVANCED_FACE('',(#9655),#9666,.F.);
#9655 = FACE_BOUND('',#9656,.F.);
#9656 = EDGE_LOOP('',(#9657,#9658,#9664,#9665));
#9657 = ORIENTED_EDGE('',*,*,#9589,.F.);
#9658 = ORIENTED_EDGE('',*,*,#9659,.T.);
#9659 = EDGE_CURVE('',#9580,#9635,#9660,.T.);
#9660 = LINE('',#9661,#9662);
#9661 = CARTESIAN_POINT('',(-19.30964696635,-0.939102816852,13.6));
#9662 = VECTOR('',#9663,1.);
#9663 = DIRECTION('',(1.,1.110223024625E-16,0.));
#9664 = ORIENTED_EDGE('',*,*,#9642,.T.);
#9665 = ORIENTED_EDGE('',*,*,#1901,.F.);
#9666 = PLANE('',#9667);
#9667 = AXIS2_PLACEMENT_3D('',#9668,#9669,#9670);
#9668 = CARTESIAN_POINT('',(-19.30964696635,-0.939102816852,13.6));
#9669 = DIRECTION('',(1.110223024625E-16,-1.,0.));
#9670 = DIRECTION('',(0.,0.,1.));
#9671 = ADVANCED_FACE('',(#9672),#9697,.F.);
#9672 = FACE_BOUND('',#9673,.F.);
#9673 = EDGE_LOOP('',(#9674,#9684,#9690,#9691));
#9674 = ORIENTED_EDGE('',*,*,#9675,.F.);
#9675 = EDGE_CURVE('',#9676,#9678,#9680,.T.);
#9676 = VERTEX_POINT('',#9677);
#9677 = CARTESIAN_POINT('',(-14.80544977174,-2.43686063263,13.6));
#9678 = VERTEX_POINT('',#9679);
#9679 = CARTESIAN_POINT('',(-14.80544977174,-4.05286063263,13.6));
#9680 = LINE('',#9681,#9682);
#9681 = CARTESIAN_POINT('',(-14.80544977174,-2.43686063263,13.6));
#9682 = VECTOR('',#9683,1.);
#9683 = DIRECTION('',(1.110223024625E-16,-1.,0.));
#9684 = ORIENTED_EDGE('',*,*,#9685,.T.);
#9685 = EDGE_CURVE('',#9676,#1926,#9686,.T.);
#9686 = LINE('',#9687,#9688);
#9687 = CARTESIAN_POINT('',(-14.80544977174,-2.43686063263,13.6));
#9688 = VECTOR('',#9689,1.);
#9689 = DIRECTION('',(0.,0.,1.));
#9690 = ORIENTED_EDGE('',*,*,#1925,.T.);
#9691 = ORIENTED_EDGE('',*,*,#9692,.F.);
#9692 = EDGE_CURVE('',#9678,#1928,#9693,.T.);
#9693 = LINE('',#9694,#9695);
#9694 = CARTESIAN_POINT('',(-14.80544977174,-4.05286063263,13.6));
#9695 = VECTOR('',#9696,1.);
#9696 = DIRECTION('',(0.,0.,1.));
#9697 = PLANE('',#9698);
#9698 = AXIS2_PLACEMENT_3D('',#9699,#9700,#9701);
#9699 = CARTESIAN_POINT('',(-14.80544977174,-2.43686063263,13.6));
#9700 = DIRECTION('',(1.,1.110223024625E-16,0.));
#9701 = DIRECTION('',(0.,0.,1.));
#9702 = ADVANCED_FACE('',(#9703),#9721,.T.);
#9703 = FACE_BOUND('',#9704,.T.);
#9704 = EDGE_LOOP('',(#9705,#9706,#9714,#9720));
#9705 = ORIENTED_EDGE('',*,*,#9692,.F.);
#9706 = ORIENTED_EDGE('',*,*,#9707,.T.);
#9707 = EDGE_CURVE('',#9678,#9708,#9710,.T.);
#9708 = VERTEX_POINT('',#9709);
#9709 = CARTESIAN_POINT('',(-14.20544977174,-4.05286063263,13.6));
#9710 = LINE('',#9711,#9712);
#9711 = CARTESIAN_POINT('',(-14.80544977174,-4.05286063263,13.6));
#9712 = VECTOR('',#9713,1.);
#9713 = DIRECTION('',(1.,1.110223024625E-16,0.));
#9714 = ORIENTED_EDGE('',*,*,#9715,.T.);
#9715 = EDGE_CURVE('',#9708,#1944,#9716,.T.);
#9716 = LINE('',#9717,#9718);
#9717 = CARTESIAN_POINT('',(-14.20544977174,-4.05286063263,13.6));
#9718 = VECTOR('',#9719,1.);
#9719 = DIRECTION('',(0.,0.,1.));
#9720 = ORIENTED_EDGE('',*,*,#1951,.F.);
#9721 = PLANE('',#9722);
#9722 = AXIS2_PLACEMENT_3D('',#9723,#9724,#9725);
#9723 = CARTESIAN_POINT('',(-14.80544977174,-4.05286063263,13.6));
#9724 = DIRECTION('',(1.110223024625E-16,-1.,0.));
#9725 = DIRECTION('',(0.,0.,1.));
#9726 = ADVANCED_FACE('',(#9727),#9745,.T.);
#9727 = FACE_BOUND('',#9728,.T.);
#9728 = EDGE_LOOP('',(#9729,#9737,#9743,#9744));
#9729 = ORIENTED_EDGE('',*,*,#9730,.F.);
#9730 = EDGE_CURVE('',#9731,#9708,#9733,.T.);
#9731 = VERTEX_POINT('',#9732);
#9732 = CARTESIAN_POINT('',(-14.20544977174,-2.43686063263,13.6));
#9733 = LINE('',#9734,#9735);
#9734 = CARTESIAN_POINT('',(-14.20544977174,-2.43686063263,13.6));
#9735 = VECTOR('',#9736,1.);
#9736 = DIRECTION('',(1.110223024625E-16,-1.,0.));
#9737 = ORIENTED_EDGE('',*,*,#9738,.T.);
#9738 = EDGE_CURVE('',#9731,#1936,#9739,.T.);
#9739 = LINE('',#9740,#9741);
#9740 = CARTESIAN_POINT('',(-14.20544977174,-2.43686063263,13.6));
#9741 = VECTOR('',#9742,1.);
#9742 = DIRECTION('',(0.,0.,1.));
#9743 = ORIENTED_EDGE('',*,*,#1943,.T.);
#9744 = ORIENTED_EDGE('',*,*,#9715,.F.);
#9745 = PLANE('',#9746);
#9746 = AXIS2_PLACEMENT_3D('',#9747,#9748,#9749);
#9747 = CARTESIAN_POINT('',(-14.20544977174,-2.43686063263,13.6));
#9748 = DIRECTION('',(1.,1.110223024625E-16,0.));
#9749 = DIRECTION('',(0.,0.,1.));
#9750 = ADVANCED_FACE('',(#9751),#9762,.F.);
#9751 = FACE_BOUND('',#9752,.F.);
#9752 = EDGE_LOOP('',(#9753,#9754,#9760,#9761));
#9753 = ORIENTED_EDGE('',*,*,#9685,.F.);
#9754 = ORIENTED_EDGE('',*,*,#9755,.T.);
#9755 = EDGE_CURVE('',#9676,#9731,#9756,.T.);
#9756 = LINE('',#9757,#9758);
#9757 = CARTESIAN_POINT('',(-14.80544977174,-2.43686063263,13.6));
#9758 = VECTOR('',#9759,1.);
#9759 = DIRECTION('',(1.,1.110223024625E-16,0.));
#9760 = ORIENTED_EDGE('',*,*,#9738,.T.);
#9761 = ORIENTED_EDGE('',*,*,#1935,.F.);
#9762 = PLANE('',#9763);
#9763 = AXIS2_PLACEMENT_3D('',#9764,#9765,#9766);
#9764 = CARTESIAN_POINT('',(-14.80544977174,-2.43686063263,13.6));
#9765 = DIRECTION('',(1.110223024625E-16,-1.,0.));
#9766 = DIRECTION('',(0.,0.,1.));
#9767 = ADVANCED_FACE('',(#9768),#9793,.F.);
#9768 = FACE_BOUND('',#9769,.F.);
#9769 = EDGE_LOOP('',(#9770,#9780,#9786,#9787));
#9770 = ORIENTED_EDGE('',*,*,#9771,.F.);
#9771 = EDGE_CURVE('',#9772,#9774,#9776,.T.);
#9772 = VERTEX_POINT('',#9773);
#9773 = CARTESIAN_POINT('',(-8.527163167355,-7.418241066649,13.25));
#9774 = VERTEX_POINT('',#9775);
#9775 = CARTESIAN_POINT('',(-8.527163167355,-4.116241066649,13.25));
#9776 = LINE('',#9777,#9778);
#9777 = CARTESIAN_POINT('',(-8.527163167355,-7.418241066649,13.25));
#9778 = VECTOR('',#9779,1.);
#9779 = DIRECTION('',(-2.22044604925E-16,1.,0.));
#9780 = ORIENTED_EDGE('',*,*,#9781,.T.);
#9781 = EDGE_CURVE('',#9772,#1960,#9782,.T.);
#9782 = LINE('',#9783,#9784);
#9783 = CARTESIAN_POINT('',(-8.527163167355,-7.418241066649,13.25));
#9784 = VECTOR('',#9785,1.);
#9785 = DIRECTION('',(0.,0.,1.));
#9786 = ORIENTED_EDGE('',*,*,#1959,.T.);
#9787 = ORIENTED_EDGE('',*,*,#9788,.F.);
#9788 = EDGE_CURVE('',#9774,#1962,#9789,.T.);
#9789 = LINE('',#9790,#9791);
#9790 = CARTESIAN_POINT('',(-8.527163167355,-4.116241066649,13.25));
#9791 = VECTOR('',#9792,1.);
#9792 = DIRECTION('',(0.,0.,1.));
#9793 = PLANE('',#9794);
#9794 = AXIS2_PLACEMENT_3D('',#9795,#9796,#9797);
#9795 = CARTESIAN_POINT('',(-8.527163167355,-7.418241066649,13.25));
#9796 = DIRECTION('',(-1.,-2.22044604925E-16,0.));
#9797 = DIRECTION('',(0.,0.,1.));
#9798 = ADVANCED_FACE('',(#9799),#9817,.T.);
#9799 = FACE_BOUND('',#9800,.T.);
#9800 = EDGE_LOOP('',(#9801,#9802,#9810,#9816));
#9801 = ORIENTED_EDGE('',*,*,#9788,.F.);
#9802 = ORIENTED_EDGE('',*,*,#9803,.T.);
#9803 = EDGE_CURVE('',#9774,#9804,#9806,.T.);
#9804 = VERTEX_POINT('',#9805);
#9805 = CARTESIAN_POINT('',(-11.32116316735,-4.116241066649,13.25));
#9806 = LINE('',#9807,#9808);
#9807 = CARTESIAN_POINT('',(-8.527163167355,-4.116241066649,13.25));
#9808 = VECTOR('',#9809,1.);
#9809 = DIRECTION('',(-1.,-2.22044604925E-16,0.));
#9810 = ORIENTED_EDGE('',*,*,#9811,.T.);
#9811 = EDGE_CURVE('',#9804,#1978,#9812,.T.);
#9812 = LINE('',#9813,#9814);
#9813 = CARTESIAN_POINT('',(-11.32116316735,-4.116241066649,13.25));
#9814 = VECTOR('',#9815,1.);
#9815 = DIRECTION('',(0.,0.,1.));
#9816 = ORIENTED_EDGE('',*,*,#1985,.F.);
#9817 = PLANE('',#9818);
#9818 = AXIS2_PLACEMENT_3D('',#9819,#9820,#9821);
#9819 = CARTESIAN_POINT('',(-8.527163167355,-4.116241066649,13.25));
#9820 = DIRECTION('',(-2.22044604925E-16,1.,0.));
#9821 = DIRECTION('',(0.,0.,1.));
#9822 = ADVANCED_FACE('',(#9823),#9841,.T.);
#9823 = FACE_BOUND('',#9824,.T.);
#9824 = EDGE_LOOP('',(#9825,#9833,#9839,#9840));
#9825 = ORIENTED_EDGE('',*,*,#9826,.F.);
#9826 = EDGE_CURVE('',#9827,#9804,#9829,.T.);
#9827 = VERTEX_POINT('',#9828);
#9828 = CARTESIAN_POINT('',(-11.32116316735,-7.418241066649,13.25));
#9829 = LINE('',#9830,#9831);
#9830 = CARTESIAN_POINT('',(-11.32116316735,-7.418241066649,13.25));
#9831 = VECTOR('',#9832,1.);
#9832 = DIRECTION('',(-2.22044604925E-16,1.,0.));
#9833 = ORIENTED_EDGE('',*,*,#9834,.T.);
#9834 = EDGE_CURVE('',#9827,#1970,#9835,.T.);
#9835 = LINE('',#9836,#9837);
#9836 = CARTESIAN_POINT('',(-11.32116316735,-7.418241066649,13.25));
#9837 = VECTOR('',#9838,1.);
#9838 = DIRECTION('',(0.,0.,1.));
#9839 = ORIENTED_EDGE('',*,*,#1977,.T.);
#9840 = ORIENTED_EDGE('',*,*,#9811,.F.);
#9841 = PLANE('',#9842);
#9842 = AXIS2_PLACEMENT_3D('',#9843,#9844,#9845);
#9843 = CARTESIAN_POINT('',(-11.32116316735,-7.418241066649,13.25));
#9844 = DIRECTION('',(-1.,-2.22044604925E-16,0.));
#9845 = DIRECTION('',(0.,0.,1.));
#9846 = ADVANCED_FACE('',(#9847),#9858,.F.);
#9847 = FACE_BOUND('',#9848,.F.);
#9848 = EDGE_LOOP('',(#9849,#9850,#9856,#9857));
#9849 = ORIENTED_EDGE('',*,*,#9781,.F.);
#9850 = ORIENTED_EDGE('',*,*,#9851,.T.);
#9851 = EDGE_CURVE('',#9772,#9827,#9852,.T.);
#9852 = LINE('',#9853,#9854);
#9853 = CARTESIAN_POINT('',(-8.527163167355,-7.418241066649,13.25));
#9854 = VECTOR('',#9855,1.);
#9855 = DIRECTION('',(-1.,-2.22044604925E-16,0.));
#9856 = ORIENTED_EDGE('',*,*,#9834,.T.);
#9857 = ORIENTED_EDGE('',*,*,#1969,.F.);
#9858 = PLANE('',#9859);
#9859 = AXIS2_PLACEMENT_3D('',#9860,#9861,#9862);
#9860 = CARTESIAN_POINT('',(-8.527163167355,-7.418241066649,13.25));
#9861 = DIRECTION('',(-2.22044604925E-16,1.,0.));
#9862 = DIRECTION('',(0.,0.,1.));
#9863 = ADVANCED_FACE('',(#9864),#9889,.F.);
#9864 = FACE_BOUND('',#9865,.F.);
#9865 = EDGE_LOOP('',(#9866,#9876,#9882,#9883));
#9866 = ORIENTED_EDGE('',*,*,#9867,.F.);
#9867 = EDGE_CURVE('',#9868,#9870,#9872,.T.);
#9868 = VERTEX_POINT('',#9869);
#9869 = CARTESIAN_POINT('',(-7.791404359181,0.599785898614,13.6));
#9870 = VERTEX_POINT('',#9871);
#9871 = CARTESIAN_POINT('',(-7.791404359181,-1.016214101386,13.6));
#9872 = LINE('',#9873,#9874);
#9873 = CARTESIAN_POINT('',(-7.791404359181,0.599785898614,13.6));
#9874 = VECTOR('',#9875,1.);
#9875 = DIRECTION('',(1.110223024625E-16,-1.,0.));
#9876 = ORIENTED_EDGE('',*,*,#9877,.T.);
#9877 = EDGE_CURVE('',#9868,#1994,#9878,.T.);
#9878 = LINE('',#9879,#9880);
#9879 = CARTESIAN_POINT('',(-7.791404359181,0.599785898614,13.6));
#9880 = VECTOR('',#9881,1.);
#9881 = DIRECTION('',(0.,0.,1.));
#9882 = ORIENTED_EDGE('',*,*,#1993,.T.);
#9883 = ORIENTED_EDGE('',*,*,#9884,.F.);
#9884 = EDGE_CURVE('',#9870,#1996,#9885,.T.);
#9885 = LINE('',#9886,#9887);
#9886 = CARTESIAN_POINT('',(-7.791404359181,-1.016214101386,13.6));
#9887 = VECTOR('',#9888,1.);
#9888 = DIRECTION('',(0.,0.,1.));
#9889 = PLANE('',#9890);
#9890 = AXIS2_PLACEMENT_3D('',#9891,#9892,#9893);
#9891 = CARTESIAN_POINT('',(-7.791404359181,0.599785898614,13.6));
#9892 = DIRECTION('',(1.,1.110223024625E-16,0.));
#9893 = DIRECTION('',(0.,0.,1.));
#9894 = ADVANCED_FACE('',(#9895),#9913,.T.);
#9895 = FACE_BOUND('',#9896,.T.);
#9896 = EDGE_LOOP('',(#9897,#9898,#9906,#9912));
#9897 = ORIENTED_EDGE('',*,*,#9884,.F.);
#9898 = ORIENTED_EDGE('',*,*,#9899,.T.);
#9899 = EDGE_CURVE('',#9870,#9900,#9902,.T.);
#9900 = VERTEX_POINT('',#9901);
#9901 = CARTESIAN_POINT('',(-7.191404359181,-1.016214101386,13.6));
#9902 = LINE('',#9903,#9904);
#9903 = CARTESIAN_POINT('',(-7.791404359181,-1.016214101386,13.6));
#9904 = VECTOR('',#9905,1.);
#9905 = DIRECTION('',(1.,1.110223024625E-16,0.));
#9906 = ORIENTED_EDGE('',*,*,#9907,.T.);
#9907 = EDGE_CURVE('',#9900,#2012,#9908,.T.);
#9908 = LINE('',#9909,#9910);
#9909 = CARTESIAN_POINT('',(-7.191404359181,-1.016214101386,13.6));
#9910 = VECTOR('',#9911,1.);
#9911 = DIRECTION('',(0.,0.,1.));
#9912 = ORIENTED_EDGE('',*,*,#2019,.F.);
#9913 = PLANE('',#9914);
#9914 = AXIS2_PLACEMENT_3D('',#9915,#9916,#9917);
#9915 = CARTESIAN_POINT('',(-7.791404359181,-1.016214101386,13.6));
#9916 = DIRECTION('',(1.110223024625E-16,-1.,0.));
#9917 = DIRECTION('',(0.,0.,1.));
#9918 = ADVANCED_FACE('',(#9919),#9937,.T.);
#9919 = FACE_BOUND('',#9920,.T.);
#9920 = EDGE_LOOP('',(#9921,#9929,#9935,#9936));
#9921 = ORIENTED_EDGE('',*,*,#9922,.F.);
#9922 = EDGE_CURVE('',#9923,#9900,#9925,.T.);
#9923 = VERTEX_POINT('',#9924);
#9924 = CARTESIAN_POINT('',(-7.191404359181,0.599785898614,13.6));
#9925 = LINE('',#9926,#9927);
#9926 = CARTESIAN_POINT('',(-7.191404359181,0.599785898614,13.6));
#9927 = VECTOR('',#9928,1.);
#9928 = DIRECTION('',(1.110223024625E-16,-1.,0.));
#9929 = ORIENTED_EDGE('',*,*,#9930,.T.);
#9930 = EDGE_CURVE('',#9923,#2004,#9931,.T.);
#9931 = LINE('',#9932,#9933);
#9932 = CARTESIAN_POINT('',(-7.191404359181,0.599785898614,13.6));
#9933 = VECTOR('',#9934,1.);
#9934 = DIRECTION('',(0.,0.,1.));
#9935 = ORIENTED_EDGE('',*,*,#2011,.T.);
#9936 = ORIENTED_EDGE('',*,*,#9907,.F.);
#9937 = PLANE('',#9938);
#9938 = AXIS2_PLACEMENT_3D('',#9939,#9940,#9941);
#9939 = CARTESIAN_POINT('',(-7.191404359181,0.599785898614,13.6));
#9940 = DIRECTION('',(1.,1.110223024625E-16,0.));
#9941 = DIRECTION('',(0.,0.,1.));
#9942 = ADVANCED_FACE('',(#9943),#9954,.F.);
#9943 = FACE_BOUND('',#9944,.F.);
#9944 = EDGE_LOOP('',(#9945,#9946,#9952,#9953));
#9945 = ORIENTED_EDGE('',*,*,#9877,.F.);
#9946 = ORIENTED_EDGE('',*,*,#9947,.T.);
#9947 = EDGE_CURVE('',#9868,#9923,#9948,.T.);
#9948 = LINE('',#9949,#9950);
#9949 = CARTESIAN_POINT('',(-7.791404359181,0.599785898614,13.6));
#9950 = VECTOR('',#9951,1.);
#9951 = DIRECTION('',(1.,1.110223024625E-16,0.));
#9952 = ORIENTED_EDGE('',*,*,#9930,.T.);
#9953 = ORIENTED_EDGE('',*,*,#2003,.F.);
#9954 = PLANE('',#9955);
#9955 = AXIS2_PLACEMENT_3D('',#9956,#9957,#9958);
#9956 = CARTESIAN_POINT('',(-7.791404359181,0.599785898614,13.6));
#9957 = DIRECTION('',(1.110223024625E-16,-1.,0.));
#9958 = DIRECTION('',(0.,0.,1.));
#9959 = ADVANCED_FACE('',(#9960),#9985,.F.);
#9960 = FACE_BOUND('',#9961,.F.);
#9961 = EDGE_LOOP('',(#9962,#9972,#9978,#9979));
#9962 = ORIENTED_EDGE('',*,*,#9963,.F.);
#9963 = EDGE_CURVE('',#9964,#9966,#9968,.T.);
#9964 = VERTEX_POINT('',#9965);
#9965 = CARTESIAN_POINT('',(-3.913297624504,-5.856993618807E-02,13.6));
#9966 = VERTEX_POINT('',#9967);
#9967 = CARTESIAN_POINT('',(-2.297297624504,-5.856993618807E-02,13.6));
#9968 = LINE('',#9969,#9970);
#9969 = CARTESIAN_POINT('',(-3.913297624504,-5.856993618807E-02,13.6));
#9970 = VECTOR('',#9971,1.);
#9971 = DIRECTION('',(1.,0.,0.));
#9972 = ORIENTED_EDGE('',*,*,#9973,.T.);
#9973 = EDGE_CURVE('',#9964,#2028,#9974,.T.);
#9974 = LINE('',#9975,#9976);
#9975 = CARTESIAN_POINT('',(-3.913297624504,-5.856993618807E-02,13.6));
#9976 = VECTOR('',#9977,1.);
#9977 = DIRECTION('',(0.,0.,1.));
#9978 = ORIENTED_EDGE('',*,*,#2027,.T.);
#9979 = ORIENTED_EDGE('',*,*,#9980,.F.);
#9980 = EDGE_CURVE('',#9966,#2030,#9981,.T.);
#9981 = LINE('',#9982,#9983);
#9982 = CARTESIAN_POINT('',(-2.297297624504,-5.856993618807E-02,13.6));
#9983 = VECTOR('',#9984,1.);
#9984 = DIRECTION('',(0.,0.,1.));
#9985 = PLANE('',#9986);
#9986 = AXIS2_PLACEMENT_3D('',#9987,#9988,#9989);
#9987 = CARTESIAN_POINT('',(-3.913297624504,-5.856993618807E-02,13.6));
#9988 = DIRECTION('',(0.,1.,0.));
#9989 = DIRECTION('',(0.,0.,1.));
#9990 = ADVANCED_FACE('',(#9991),#10009,.T.);
#9991 = FACE_BOUND('',#9992,.T.);
#9992 = EDGE_LOOP('',(#9993,#9994,#10002,#10008));
#9993 = ORIENTED_EDGE('',*,*,#9980,.F.);
#9994 = ORIENTED_EDGE('',*,*,#9995,.T.);
#9995 = EDGE_CURVE('',#9966,#9996,#9998,.T.);
#9996 = VERTEX_POINT('',#9997);
#9997 = CARTESIAN_POINT('',(-2.297297624504,0.541430063812,13.6));
#9998 = LINE('',#9999,#10000);
#9999 = CARTESIAN_POINT('',(-2.297297624504,-5.856993618807E-02,13.6));
#10000 = VECTOR('',#10001,1.);
#10001 = DIRECTION('',(0.,1.,0.));
#10002 = ORIENTED_EDGE('',*,*,#10003,.T.);
#10003 = EDGE_CURVE('',#9996,#2046,#10004,.T.);
#10004 = LINE('',#10005,#10006);
#10005 = CARTESIAN_POINT('',(-2.297297624504,0.541430063812,13.6));
#10006 = VECTOR('',#10007,1.);
#10007 = DIRECTION('',(0.,0.,1.));
#10008 = ORIENTED_EDGE('',*,*,#2053,.F.);
#10009 = PLANE('',#10010);
#10010 = AXIS2_PLACEMENT_3D('',#10011,#10012,#10013);
#10011 = CARTESIAN_POINT('',(-2.297297624504,-5.856993618807E-02,13.6));
#10012 = DIRECTION('',(1.,0.,0.));
#10013 = DIRECTION('',(0.,0.,1.));
#10014 = ADVANCED_FACE('',(#10015),#10033,.T.);
#10015 = FACE_BOUND('',#10016,.T.);
#10016 = EDGE_LOOP('',(#10017,#10025,#10031,#10032));
#10017 = ORIENTED_EDGE('',*,*,#10018,.F.);
#10018 = EDGE_CURVE('',#10019,#9996,#10021,.T.);
#10019 = VERTEX_POINT('',#10020);
#10020 = CARTESIAN_POINT('',(-3.913297624504,0.541430063812,13.6));
#10021 = LINE('',#10022,#10023);
#10022 = CARTESIAN_POINT('',(-3.913297624504,0.541430063812,13.6));
#10023 = VECTOR('',#10024,1.);
#10024 = DIRECTION('',(1.,0.,0.));
#10025 = ORIENTED_EDGE('',*,*,#10026,.T.);
#10026 = EDGE_CURVE('',#10019,#2038,#10027,.T.);
#10027 = LINE('',#10028,#10029);
#10028 = CARTESIAN_POINT('',(-3.913297624504,0.541430063812,13.6));
#10029 = VECTOR('',#10030,1.);
#10030 = DIRECTION('',(0.,0.,1.));
#10031 = ORIENTED_EDGE('',*,*,#2045,.T.);
#10032 = ORIENTED_EDGE('',*,*,#10003,.F.);
#10033 = PLANE('',#10034);
#10034 = AXIS2_PLACEMENT_3D('',#10035,#10036,#10037);
#10035 = CARTESIAN_POINT('',(-3.913297624504,0.541430063812,13.6));
#10036 = DIRECTION('',(0.,1.,0.));
#10037 = DIRECTION('',(0.,0.,1.));
#10038 = ADVANCED_FACE('',(#10039),#10050,.F.);
#10039 = FACE_BOUND('',#10040,.F.);
#10040 = EDGE_LOOP('',(#10041,#10042,#10048,#10049));
#10041 = ORIENTED_EDGE('',*,*,#9973,.F.);
#10042 = ORIENTED_EDGE('',*,*,#10043,.T.);
#10043 = EDGE_CURVE('',#9964,#10019,#10044,.T.);
#10044 = LINE('',#10045,#10046);
#10045 = CARTESIAN_POINT('',(-3.913297624504,-5.856993618807E-02,13.6));
#10046 = VECTOR('',#10047,1.);
#10047 = DIRECTION('',(0.,1.,0.));
#10048 = ORIENTED_EDGE('',*,*,#10026,.T.);
#10049 = ORIENTED_EDGE('',*,*,#2037,.F.);
#10050 = PLANE('',#10051);
#10051 = AXIS2_PLACEMENT_3D('',#10052,#10053,#10054);
#10052 = CARTESIAN_POINT('',(-3.913297624504,-5.856993618807E-02,13.6));
#10053 = DIRECTION('',(1.,0.,0.));
#10054 = DIRECTION('',(0.,0.,1.));
#10055 = ADVANCED_FACE('',(#10056),#10081,.F.);
#10056 = FACE_BOUND('',#10057,.F.);
#10057 = EDGE_LOOP('',(#10058,#10068,#10074,#10075));
#10058 = ORIENTED_EDGE('',*,*,#10059,.F.);
#10059 = EDGE_CURVE('',#10060,#10062,#10064,.T.);
#10060 = VERTEX_POINT('',#10061);
#10061 = CARTESIAN_POINT('',(-2.708704039484,-0.608949233824,13.6));
#10062 = VERTEX_POINT('',#10063);
#10063 = CARTESIAN_POINT('',(-2.708704039484,-2.224949233824,13.6));
#10064 = LINE('',#10065,#10066);
#10065 = CARTESIAN_POINT('',(-2.708704039484,-0.608949233824,13.6));
#10066 = VECTOR('',#10067,1.);
#10067 = DIRECTION('',(1.110223024625E-16,-1.,0.));
#10068 = ORIENTED_EDGE('',*,*,#10069,.T.);
#10069 = EDGE_CURVE('',#10060,#2062,#10070,.T.);
#10070 = LINE('',#10071,#10072);
#10071 = CARTESIAN_POINT('',(-2.708704039484,-0.608949233824,13.6));
#10072 = VECTOR('',#10073,1.);
#10073 = DIRECTION('',(0.,0.,1.));
#10074 = ORIENTED_EDGE('',*,*,#2061,.T.);
#10075 = ORIENTED_EDGE('',*,*,#10076,.F.);
#10076 = EDGE_CURVE('',#10062,#2064,#10077,.T.);
#10077 = LINE('',#10078,#10079);
#10078 = CARTESIAN_POINT('',(-2.708704039484,-2.224949233824,13.6));
#10079 = VECTOR('',#10080,1.);
#10080 = DIRECTION('',(0.,0.,1.));
#10081 = PLANE('',#10082);
#10082 = AXIS2_PLACEMENT_3D('',#10083,#10084,#10085);
#10083 = CARTESIAN_POINT('',(-2.708704039484,-0.608949233824,13.6));
#10084 = DIRECTION('',(1.,1.110223024625E-16,0.));
#10085 = DIRECTION('',(0.,0.,1.));
#10086 = ADVANCED_FACE('',(#10087),#10105,.T.);
#10087 = FACE_BOUND('',#10088,.T.);
#10088 = EDGE_LOOP('',(#10089,#10090,#10098,#10104));
#10089 = ORIENTED_EDGE('',*,*,#10076,.F.);
#10090 = ORIENTED_EDGE('',*,*,#10091,.T.);
#10091 = EDGE_CURVE('',#10062,#10092,#10094,.T.);
#10092 = VERTEX_POINT('',#10093);
#10093 = CARTESIAN_POINT('',(-2.108704039484,-2.224949233824,13.6));
#10094 = LINE('',#10095,#10096);
#10095 = CARTESIAN_POINT('',(-2.708704039484,-2.224949233824,13.6));
#10096 = VECTOR('',#10097,1.);
#10097 = DIRECTION('',(1.,1.110223024625E-16,0.));
#10098 = ORIENTED_EDGE('',*,*,#10099,.T.);
#10099 = EDGE_CURVE('',#10092,#2080,#10100,.T.);
#10100 = LINE('',#10101,#10102);
#10101 = CARTESIAN_POINT('',(-2.108704039484,-2.224949233824,13.6));
#10102 = VECTOR('',#10103,1.);
#10103 = DIRECTION('',(0.,0.,1.));
#10104 = ORIENTED_EDGE('',*,*,#2087,.F.);
#10105 = PLANE('',#10106);
#10106 = AXIS2_PLACEMENT_3D('',#10107,#10108,#10109);
#10107 = CARTESIAN_POINT('',(-2.708704039484,-2.224949233824,13.6));
#10108 = DIRECTION('',(1.110223024625E-16,-1.,0.));
#10109 = DIRECTION('',(0.,0.,1.));
#10110 = ADVANCED_FACE('',(#10111),#10129,.T.);
#10111 = FACE_BOUND('',#10112,.T.);
#10112 = EDGE_LOOP('',(#10113,#10121,#10127,#10128));
#10113 = ORIENTED_EDGE('',*,*,#10114,.F.);
#10114 = EDGE_CURVE('',#10115,#10092,#10117,.T.);
#10115 = VERTEX_POINT('',#10116);
#10116 = CARTESIAN_POINT('',(-2.108704039484,-0.608949233824,13.6));
#10117 = LINE('',#10118,#10119);
#10118 = CARTESIAN_POINT('',(-2.108704039484,-0.608949233824,13.6));
#10119 = VECTOR('',#10120,1.);
#10120 = DIRECTION('',(1.110223024625E-16,-1.,0.));
#10121 = ORIENTED_EDGE('',*,*,#10122,.T.);
#10122 = EDGE_CURVE('',#10115,#2072,#10123,.T.);
#10123 = LINE('',#10124,#10125);
#10124 = CARTESIAN_POINT('',(-2.108704039484,-0.608949233824,13.6));
#10125 = VECTOR('',#10126,1.);
#10126 = DIRECTION('',(0.,0.,1.));
#10127 = ORIENTED_EDGE('',*,*,#2079,.T.);
#10128 = ORIENTED_EDGE('',*,*,#10099,.F.);
#10129 = PLANE('',#10130);
#10130 = AXIS2_PLACEMENT_3D('',#10131,#10132,#10133);
#10131 = CARTESIAN_POINT('',(-2.108704039484,-0.608949233824,13.6));
#10132 = DIRECTION('',(1.,1.110223024625E-16,0.));
#10133 = DIRECTION('',(0.,0.,1.));
#10134 = ADVANCED_FACE('',(#10135),#10146,.F.);
#10135 = FACE_BOUND('',#10136,.F.);
#10136 = EDGE_LOOP('',(#10137,#10138,#10144,#10145));
#10137 = ORIENTED_EDGE('',*,*,#10069,.F.);
#10138 = ORIENTED_EDGE('',*,*,#10139,.T.);
#10139 = EDGE_CURVE('',#10060,#10115,#10140,.T.);
#10140 = LINE('',#10141,#10142);
#10141 = CARTESIAN_POINT('',(-2.708704039484,-0.608949233824,13.6));
#10142 = VECTOR('',#10143,1.);
#10143 = DIRECTION('',(1.,1.110223024625E-16,0.));
#10144 = ORIENTED_EDGE('',*,*,#10122,.T.);
#10145 = ORIENTED_EDGE('',*,*,#2071,.F.);
#10146 = PLANE('',#10147);
#10147 = AXIS2_PLACEMENT_3D('',#10148,#10149,#10150);
#10148 = CARTESIAN_POINT('',(-2.708704039484,-0.608949233824,13.6));
#10149 = DIRECTION('',(1.110223024625E-16,-1.,0.));
#10150 = DIRECTION('',(0.,0.,1.));
#10151 = ADVANCED_FACE('',(#10152),#10177,.F.);
#10152 = FACE_BOUND('',#10153,.F.);
#10153 = EDGE_LOOP('',(#10154,#10164,#10170,#10171));
#10154 = ORIENTED_EDGE('',*,*,#10155,.F.);
#10155 = EDGE_CURVE('',#10156,#10158,#10160,.T.);
#10156 = VERTEX_POINT('',#10157);
#10157 = CARTESIAN_POINT('',(6.575768536232,-16.68540431667,13.6));
#10158 = VERTEX_POINT('',#10159);
#10159 = CARTESIAN_POINT('',(6.575768536232,-15.06940431667,13.6));
#10160 = LINE('',#10161,#10162);
#10161 = CARTESIAN_POINT('',(6.575768536232,-16.68540431667,13.6));
#10162 = VECTOR('',#10163,1.);
#10163 = DIRECTION('',(-2.22044604925E-16,1.,0.));
#10164 = ORIENTED_EDGE('',*,*,#10165,.T.);
#10165 = EDGE_CURVE('',#10156,#2096,#10166,.T.);
#10166 = LINE('',#10167,#10168);
#10167 = CARTESIAN_POINT('',(6.575768536232,-16.68540431667,13.6));
#10168 = VECTOR('',#10169,1.);
#10169 = DIRECTION('',(0.,0.,1.));
#10170 = ORIENTED_EDGE('',*,*,#2095,.T.);
#10171 = ORIENTED_EDGE('',*,*,#10172,.F.);
#10172 = EDGE_CURVE('',#10158,#2098,#10173,.T.);
#10173 = LINE('',#10174,#10175);
#10174 = CARTESIAN_POINT('',(6.575768536232,-15.06940431667,13.6));
#10175 = VECTOR('',#10176,1.);
#10176 = DIRECTION('',(0.,0.,1.));
#10177 = PLANE('',#10178);
#10178 = AXIS2_PLACEMENT_3D('',#10179,#10180,#10181);
#10179 = CARTESIAN_POINT('',(6.575768536232,-16.68540431667,13.6));
#10180 = DIRECTION('',(-1.,-2.22044604925E-16,0.));
#10181 = DIRECTION('',(0.,0.,1.));
#10182 = ADVANCED_FACE('',(#10183),#10201,.T.);
#10183 = FACE_BOUND('',#10184,.T.);
#10184 = EDGE_LOOP('',(#10185,#10186,#10194,#10200));
#10185 = ORIENTED_EDGE('',*,*,#10172,.F.);
#10186 = ORIENTED_EDGE('',*,*,#10187,.T.);
#10187 = EDGE_CURVE('',#10158,#10188,#10190,.T.);
#10188 = VERTEX_POINT('',#10189);
#10189 = CARTESIAN_POINT('',(5.975768536232,-15.06940431667,13.6));
#10190 = LINE('',#10191,#10192);
#10191 = CARTESIAN_POINT('',(6.575768536232,-15.06940431667,13.6));
#10192 = VECTOR('',#10193,1.);
#10193 = DIRECTION('',(-1.,-2.22044604925E-16,0.));
#10194 = ORIENTED_EDGE('',*,*,#10195,.T.);
#10195 = EDGE_CURVE('',#10188,#2114,#10196,.T.);
#10196 = LINE('',#10197,#10198);
#10197 = CARTESIAN_POINT('',(5.975768536232,-15.06940431667,13.6));
#10198 = VECTOR('',#10199,1.);
#10199 = DIRECTION('',(0.,0.,1.));
#10200 = ORIENTED_EDGE('',*,*,#2121,.F.);
#10201 = PLANE('',#10202);
#10202 = AXIS2_PLACEMENT_3D('',#10203,#10204,#10205);
#10203 = CARTESIAN_POINT('',(6.575768536232,-15.06940431667,13.6));
#10204 = DIRECTION('',(-2.22044604925E-16,1.,0.));
#10205 = DIRECTION('',(0.,0.,1.));
#10206 = ADVANCED_FACE('',(#10207),#10225,.T.);
#10207 = FACE_BOUND('',#10208,.T.);
#10208 = EDGE_LOOP('',(#10209,#10217,#10223,#10224));
#10209 = ORIENTED_EDGE('',*,*,#10210,.F.);
#10210 = EDGE_CURVE('',#10211,#10188,#10213,.T.);
#10211 = VERTEX_POINT('',#10212);
#10212 = CARTESIAN_POINT('',(5.975768536232,-16.68540431667,13.6));
#10213 = LINE('',#10214,#10215);
#10214 = CARTESIAN_POINT('',(5.975768536232,-16.68540431667,13.6));
#10215 = VECTOR('',#10216,1.);
#10216 = DIRECTION('',(-2.22044604925E-16,1.,0.));
#10217 = ORIENTED_EDGE('',*,*,#10218,.T.);
#10218 = EDGE_CURVE('',#10211,#2106,#10219,.T.);
#10219 = LINE('',#10220,#10221);
#10220 = CARTESIAN_POINT('',(5.975768536232,-16.68540431667,13.6));
#10221 = VECTOR('',#10222,1.);
#10222 = DIRECTION('',(0.,0.,1.));
#10223 = ORIENTED_EDGE('',*,*,#2113,.T.);
#10224 = ORIENTED_EDGE('',*,*,#10195,.F.);
#10225 = PLANE('',#10226);
#10226 = AXIS2_PLACEMENT_3D('',#10227,#10228,#10229);
#10227 = CARTESIAN_POINT('',(5.975768536232,-16.68540431667,13.6));
#10228 = DIRECTION('',(-1.,-2.22044604925E-16,0.));
#10229 = DIRECTION('',(0.,0.,1.));
#10230 = ADVANCED_FACE('',(#10231),#10242,.F.);
#10231 = FACE_BOUND('',#10232,.F.);
#10232 = EDGE_LOOP('',(#10233,#10234,#10240,#10241));
#10233 = ORIENTED_EDGE('',*,*,#10165,.F.);
#10234 = ORIENTED_EDGE('',*,*,#10235,.T.);
#10235 = EDGE_CURVE('',#10156,#10211,#10236,.T.);
#10236 = LINE('',#10237,#10238);
#10237 = CARTESIAN_POINT('',(6.575768536232,-16.68540431667,13.6));
#10238 = VECTOR('',#10239,1.);
#10239 = DIRECTION('',(-1.,-2.22044604925E-16,0.));
#10240 = ORIENTED_EDGE('',*,*,#10218,.T.);
#10241 = ORIENTED_EDGE('',*,*,#2105,.F.);
#10242 = PLANE('',#10243);
#10243 = AXIS2_PLACEMENT_3D('',#10244,#10245,#10246);
#10244 = CARTESIAN_POINT('',(6.575768536232,-16.68540431667,13.6));
#10245 = DIRECTION('',(-2.22044604925E-16,1.,0.));
#10246 = DIRECTION('',(0.,0.,1.));
#10247 = ADVANCED_FACE('',(#10248),#10273,.F.);
#10248 = FACE_BOUND('',#10249,.F.);
#10249 = EDGE_LOOP('',(#10250,#10260,#10266,#10267));
#10250 = ORIENTED_EDGE('',*,*,#10251,.F.);
#10251 = EDGE_CURVE('',#10252,#10254,#10256,.T.);
#10252 = VERTEX_POINT('',#10253);
#10253 = CARTESIAN_POINT('',(7.543557862231,-16.027081795,13.6));
#10254 = VERTEX_POINT('',#10255);
#10255 = CARTESIAN_POINT('',(9.159557862231,-16.027081795,13.6));
#10256 = LINE('',#10257,#10258);
#10257 = CARTESIAN_POINT('',(7.543557862231,-16.027081795,13.6));
#10258 = VECTOR('',#10259,1.);
#10259 = DIRECTION('',(1.,0.,0.));
#10260 = ORIENTED_EDGE('',*,*,#10261,.T.);
#10261 = EDGE_CURVE('',#10252,#2130,#10262,.T.);
#10262 = LINE('',#10263,#10264);
#10263 = CARTESIAN_POINT('',(7.543557862231,-16.027081795,13.6));
#10264 = VECTOR('',#10265,1.);
#10265 = DIRECTION('',(0.,0.,1.));
#10266 = ORIENTED_EDGE('',*,*,#2129,.T.);
#10267 = ORIENTED_EDGE('',*,*,#10268,.F.);
#10268 = EDGE_CURVE('',#10254,#2132,#10269,.T.);
#10269 = LINE('',#10270,#10271);
#10270 = CARTESIAN_POINT('',(9.159557862231,-16.027081795,13.6));
#10271 = VECTOR('',#10272,1.);
#10272 = DIRECTION('',(0.,0.,1.));
#10273 = PLANE('',#10274);
#10274 = AXIS2_PLACEMENT_3D('',#10275,#10276,#10277);
#10275 = CARTESIAN_POINT('',(7.543557862231,-16.027081795,13.6));
#10276 = DIRECTION('',(0.,1.,0.));
#10277 = DIRECTION('',(0.,0.,1.));
#10278 = ADVANCED_FACE('',(#10279),#10297,.T.);
#10279 = FACE_BOUND('',#10280,.T.);
#10280 = EDGE_LOOP('',(#10281,#10282,#10290,#10296));
#10281 = ORIENTED_EDGE('',*,*,#10268,.F.);
#10282 = ORIENTED_EDGE('',*,*,#10283,.T.);
#10283 = EDGE_CURVE('',#10254,#10284,#10286,.T.);
#10284 = VERTEX_POINT('',#10285);
#10285 = CARTESIAN_POINT('',(9.159557862231,-15.427081795,13.6));
#10286 = LINE('',#10287,#10288);
#10287 = CARTESIAN_POINT('',(9.159557862231,-16.027081795,13.6));
#10288 = VECTOR('',#10289,1.);
#10289 = DIRECTION('',(0.,1.,0.));
#10290 = ORIENTED_EDGE('',*,*,#10291,.T.);
#10291 = EDGE_CURVE('',#10284,#2148,#10292,.T.);
#10292 = LINE('',#10293,#10294);
#10293 = CARTESIAN_POINT('',(9.159557862231,-15.427081795,13.6));
#10294 = VECTOR('',#10295,1.);
#10295 = DIRECTION('',(0.,0.,1.));
#10296 = ORIENTED_EDGE('',*,*,#2155,.F.);
#10297 = PLANE('',#10298);
#10298 = AXIS2_PLACEMENT_3D('',#10299,#10300,#10301);
#10299 = CARTESIAN_POINT('',(9.159557862231,-16.027081795,13.6));
#10300 = DIRECTION('',(1.,0.,0.));
#10301 = DIRECTION('',(0.,0.,1.));
#10302 = ADVANCED_FACE('',(#10303),#10321,.T.);
#10303 = FACE_BOUND('',#10304,.T.);
#10304 = EDGE_LOOP('',(#10305,#10313,#10319,#10320));
#10305 = ORIENTED_EDGE('',*,*,#10306,.F.);
#10306 = EDGE_CURVE('',#10307,#10284,#10309,.T.);
#10307 = VERTEX_POINT('',#10308);
#10308 = CARTESIAN_POINT('',(7.543557862231,-15.427081795,13.6));
#10309 = LINE('',#10310,#10311);
#10310 = CARTESIAN_POINT('',(7.543557862231,-15.427081795,13.6));
#10311 = VECTOR('',#10312,1.);
#10312 = DIRECTION('',(1.,0.,0.));
#10313 = ORIENTED_EDGE('',*,*,#10314,.T.);
#10314 = EDGE_CURVE('',#10307,#2140,#10315,.T.);
#10315 = LINE('',#10316,#10317);
#10316 = CARTESIAN_POINT('',(7.543557862231,-15.427081795,13.6));
#10317 = VECTOR('',#10318,1.);
#10318 = DIRECTION('',(0.,0.,1.));
#10319 = ORIENTED_EDGE('',*,*,#2147,.T.);
#10320 = ORIENTED_EDGE('',*,*,#10291,.F.);
#10321 = PLANE('',#10322);
#10322 = AXIS2_PLACEMENT_3D('',#10323,#10324,#10325);
#10323 = CARTESIAN_POINT('',(7.543557862231,-15.427081795,13.6));
#10324 = DIRECTION('',(0.,1.,0.));
#10325 = DIRECTION('',(0.,0.,1.));
#10326 = ADVANCED_FACE('',(#10327),#10338,.F.);
#10327 = FACE_BOUND('',#10328,.F.);
#10328 = EDGE_LOOP('',(#10329,#10330,#10336,#10337));
#10329 = ORIENTED_EDGE('',*,*,#10261,.F.);
#10330 = ORIENTED_EDGE('',*,*,#10331,.T.);
#10331 = EDGE_CURVE('',#10252,#10307,#10332,.T.);
#10332 = LINE('',#10333,#10334);
#10333 = CARTESIAN_POINT('',(7.543557862231,-16.027081795,13.6));
#10334 = VECTOR('',#10335,1.);
#10335 = DIRECTION('',(0.,1.,0.));
#10336 = ORIENTED_EDGE('',*,*,#10314,.T.);
#10337 = ORIENTED_EDGE('',*,*,#2139,.F.);
#10338 = PLANE('',#10339);
#10339 = AXIS2_PLACEMENT_3D('',#10340,#10341,#10342);
#10340 = CARTESIAN_POINT('',(7.543557862231,-16.027081795,13.6));
#10341 = DIRECTION('',(1.,0.,0.));
#10342 = DIRECTION('',(0.,0.,1.));
#10343 = ADVANCED_FACE('',(#10344),#10369,.F.);
#10344 = FACE_BOUND('',#10345,.F.);
#10345 = EDGE_LOOP('',(#10346,#10356,#10362,#10363));
#10346 = ORIENTED_EDGE('',*,*,#10347,.F.);
#10347 = EDGE_CURVE('',#10348,#10350,#10352,.T.);
#10348 = VERTEX_POINT('',#10349);
#10349 = CARTESIAN_POINT('',(7.615782270851,-14.8109697328,13.6));
#10350 = VERTEX_POINT('',#10351);
#10351 = CARTESIAN_POINT('',(9.231782270851,-14.8109697328,13.6));
#10352 = LINE('',#10353,#10354);
#10353 = CARTESIAN_POINT('',(7.615782270851,-14.8109697328,13.6));
#10354 = VECTOR('',#10355,1.);
#10355 = DIRECTION('',(1.,0.,0.));
#10356 = ORIENTED_EDGE('',*,*,#10357,.T.);
#10357 = EDGE_CURVE('',#10348,#2164,#10358,.T.);
#10358 = LINE('',#10359,#10360);
#10359 = CARTESIAN_POINT('',(7.615782270851,-14.8109697328,13.6));
#10360 = VECTOR('',#10361,1.);
#10361 = DIRECTION('',(0.,0.,1.));
#10362 = ORIENTED_EDGE('',*,*,#2163,.T.);
#10363 = ORIENTED_EDGE('',*,*,#10364,.F.);
#10364 = EDGE_CURVE('',#10350,#2166,#10365,.T.);
#10365 = LINE('',#10366,#10367);
#10366 = CARTESIAN_POINT('',(9.231782270851,-14.8109697328,13.6));
#10367 = VECTOR('',#10368,1.);
#10368 = DIRECTION('',(0.,0.,1.));
#10369 = PLANE('',#10370);
#10370 = AXIS2_PLACEMENT_3D('',#10371,#10372,#10373);
#10371 = CARTESIAN_POINT('',(7.615782270851,-14.8109697328,13.6));
#10372 = DIRECTION('',(0.,1.,0.));
#10373 = DIRECTION('',(0.,0.,1.));
#10374 = ADVANCED_FACE('',(#10375),#10393,.T.);
#10375 = FACE_BOUND('',#10376,.T.);
#10376 = EDGE_LOOP('',(#10377,#10378,#10386,#10392));
#10377 = ORIENTED_EDGE('',*,*,#10364,.F.);
#10378 = ORIENTED_EDGE('',*,*,#10379,.T.);
#10379 = EDGE_CURVE('',#10350,#10380,#10382,.T.);
#10380 = VERTEX_POINT('',#10381);
#10381 = CARTESIAN_POINT('',(9.231782270851,-14.2109697328,13.6));
#10382 = LINE('',#10383,#10384);
#10383 = CARTESIAN_POINT('',(9.231782270851,-14.8109697328,13.6));
#10384 = VECTOR('',#10385,1.);
#10385 = DIRECTION('',(0.,1.,0.));
#10386 = ORIENTED_EDGE('',*,*,#10387,.T.);
#10387 = EDGE_CURVE('',#10380,#2182,#10388,.T.);
#10388 = LINE('',#10389,#10390);
#10389 = CARTESIAN_POINT('',(9.231782270851,-14.2109697328,13.6));
#10390 = VECTOR('',#10391,1.);
#10391 = DIRECTION('',(0.,0.,1.));
#10392 = ORIENTED_EDGE('',*,*,#2189,.F.);
#10393 = PLANE('',#10394);
#10394 = AXIS2_PLACEMENT_3D('',#10395,#10396,#10397);
#10395 = CARTESIAN_POINT('',(9.231782270851,-14.8109697328,13.6));
#10396 = DIRECTION('',(1.,0.,0.));
#10397 = DIRECTION('',(0.,0.,1.));
#10398 = ADVANCED_FACE('',(#10399),#10417,.T.);
#10399 = FACE_BOUND('',#10400,.T.);
#10400 = EDGE_LOOP('',(#10401,#10409,#10415,#10416));
#10401 = ORIENTED_EDGE('',*,*,#10402,.F.);
#10402 = EDGE_CURVE('',#10403,#10380,#10405,.T.);
#10403 = VERTEX_POINT('',#10404);
#10404 = CARTESIAN_POINT('',(7.615782270851,-14.2109697328,13.6));
#10405 = LINE('',#10406,#10407);
#10406 = CARTESIAN_POINT('',(7.615782270851,-14.2109697328,13.6));
#10407 = VECTOR('',#10408,1.);
#10408 = DIRECTION('',(1.,0.,0.));
#10409 = ORIENTED_EDGE('',*,*,#10410,.T.);
#10410 = EDGE_CURVE('',#10403,#2174,#10411,.T.);
#10411 = LINE('',#10412,#10413);
#10412 = CARTESIAN_POINT('',(7.615782270851,-14.2109697328,13.6));
#10413 = VECTOR('',#10414,1.);
#10414 = DIRECTION('',(0.,0.,1.));
#10415 = ORIENTED_EDGE('',*,*,#2181,.T.);
#10416 = ORIENTED_EDGE('',*,*,#10387,.F.);
#10417 = PLANE('',#10418);
#10418 = AXIS2_PLACEMENT_3D('',#10419,#10420,#10421);
#10419 = CARTESIAN_POINT('',(7.615782270851,-14.2109697328,13.6));
#10420 = DIRECTION('',(0.,1.,0.));
#10421 = DIRECTION('',(0.,0.,1.));
#10422 = ADVANCED_FACE('',(#10423),#10434,.F.);
#10423 = FACE_BOUND('',#10424,.F.);
#10424 = EDGE_LOOP('',(#10425,#10426,#10432,#10433));
#10425 = ORIENTED_EDGE('',*,*,#10357,.F.);
#10426 = ORIENTED_EDGE('',*,*,#10427,.T.);
#10427 = EDGE_CURVE('',#10348,#10403,#10428,.T.);
#10428 = LINE('',#10429,#10430);
#10429 = CARTESIAN_POINT('',(7.615782270851,-14.8109697328,13.6));
#10430 = VECTOR('',#10431,1.);
#10431 = DIRECTION('',(0.,1.,0.));
#10432 = ORIENTED_EDGE('',*,*,#10410,.T.);
#10433 = ORIENTED_EDGE('',*,*,#2173,.F.);
#10434 = PLANE('',#10435);
#10435 = AXIS2_PLACEMENT_3D('',#10436,#10437,#10438);
#10436 = CARTESIAN_POINT('',(7.615782270851,-14.8109697328,13.6));
#10437 = DIRECTION('',(1.,0.,0.));
#10438 = DIRECTION('',(0.,0.,1.));
#10439 = ADVANCED_FACE('',(#10440),#10465,.F.);
#10440 = FACE_BOUND('',#10441,.F.);
#10441 = EDGE_LOOP('',(#10442,#10452,#10458,#10459));
#10442 = ORIENTED_EDGE('',*,*,#10443,.F.);
#10443 = EDGE_CURVE('',#10444,#10446,#10448,.T.);
#10444 = VERTEX_POINT('',#10445);
#10445 = CARTESIAN_POINT('',(15.599365977816,-9.415066922425,13.6));
#10446 = VERTEX_POINT('',#10447);
#10447 = CARTESIAN_POINT('',(13.983365977816,-9.415066922425,13.6));
#10448 = LINE('',#10449,#10450);
#10449 = CARTESIAN_POINT('',(15.599365977816,-9.415066922425,13.6));
#10450 = VECTOR('',#10451,1.);
#10451 = DIRECTION('',(-1.,-1.224646799147E-16,0.));
#10452 = ORIENTED_EDGE('',*,*,#10453,.T.);
#10453 = EDGE_CURVE('',#10444,#2198,#10454,.T.);
#10454 = LINE('',#10455,#10456);
#10455 = CARTESIAN_POINT('',(15.599365977816,-9.415066922425,13.6));
#10456 = VECTOR('',#10457,1.);
#10457 = DIRECTION('',(0.,0.,1.));
#10458 = ORIENTED_EDGE('',*,*,#2197,.T.);
#10459 = ORIENTED_EDGE('',*,*,#10460,.F.);
#10460 = EDGE_CURVE('',#10446,#2200,#10461,.T.);
#10461 = LINE('',#10462,#10463);
#10462 = CARTESIAN_POINT('',(13.983365977816,-9.415066922425,13.6));
#10463 = VECTOR('',#10464,1.);
#10464 = DIRECTION('',(0.,0.,1.));
#10465 = PLANE('',#10466);
#10466 = AXIS2_PLACEMENT_3D('',#10467,#10468,#10469);
#10467 = CARTESIAN_POINT('',(15.599365977816,-9.415066922425,13.6));
#10468 = DIRECTION('',(1.224646799147E-16,-1.,0.));
#10469 = DIRECTION('',(0.,0.,1.));
#10470 = ADVANCED_FACE('',(#10471),#10489,.T.);
#10471 = FACE_BOUND('',#10472,.T.);
#10472 = EDGE_LOOP('',(#10473,#10474,#10482,#10488));
#10473 = ORIENTED_EDGE('',*,*,#10460,.F.);
#10474 = ORIENTED_EDGE('',*,*,#10475,.T.);
#10475 = EDGE_CURVE('',#10446,#10476,#10478,.T.);
#10476 = VERTEX_POINT('',#10477);
#10477 = CARTESIAN_POINT('',(13.983365977816,-10.01506692242,13.6));
#10478 = LINE('',#10479,#10480);
#10479 = CARTESIAN_POINT('',(13.983365977816,-9.415066922425,13.6));
#10480 = VECTOR('',#10481,1.);
#10481 = DIRECTION('',(1.224646799147E-16,-1.,0.));
#10482 = ORIENTED_EDGE('',*,*,#10483,.T.);
#10483 = EDGE_CURVE('',#10476,#2216,#10484,.T.);
#10484 = LINE('',#10485,#10486);
#10485 = CARTESIAN_POINT('',(13.983365977816,-10.01506692242,13.6));
#10486 = VECTOR('',#10487,1.);
#10487 = DIRECTION('',(0.,0.,1.));
#10488 = ORIENTED_EDGE('',*,*,#2223,.F.);
#10489 = PLANE('',#10490);
#10490 = AXIS2_PLACEMENT_3D('',#10491,#10492,#10493);
#10491 = CARTESIAN_POINT('',(13.983365977816,-9.415066922425,13.6));
#10492 = DIRECTION('',(-1.,-1.224646799147E-16,0.));
#10493 = DIRECTION('',(0.,0.,1.));
#10494 = ADVANCED_FACE('',(#10495),#10513,.T.);
#10495 = FACE_BOUND('',#10496,.T.);
#10496 = EDGE_LOOP('',(#10497,#10505,#10511,#10512));
#10497 = ORIENTED_EDGE('',*,*,#10498,.F.);
#10498 = EDGE_CURVE('',#10499,#10476,#10501,.T.);
#10499 = VERTEX_POINT('',#10500);
#10500 = CARTESIAN_POINT('',(15.599365977816,-10.01506692242,13.6));
#10501 = LINE('',#10502,#10503);
#10502 = CARTESIAN_POINT('',(15.599365977816,-10.01506692242,13.6));
#10503 = VECTOR('',#10504,1.);
#10504 = DIRECTION('',(-1.,-1.224646799147E-16,0.));
#10505 = ORIENTED_EDGE('',*,*,#10506,.T.);
#10506 = EDGE_CURVE('',#10499,#2208,#10507,.T.);
#10507 = LINE('',#10508,#10509);
#10508 = CARTESIAN_POINT('',(15.599365977816,-10.01506692242,13.6));
#10509 = VECTOR('',#10510,1.);
#10510 = DIRECTION('',(0.,0.,1.));
#10511 = ORIENTED_EDGE('',*,*,#2215,.T.);
#10512 = ORIENTED_EDGE('',*,*,#10483,.F.);
#10513 = PLANE('',#10514);
#10514 = AXIS2_PLACEMENT_3D('',#10515,#10516,#10517);
#10515 = CARTESIAN_POINT('',(15.599365977816,-10.01506692242,13.6));
#10516 = DIRECTION('',(1.224646799147E-16,-1.,0.));
#10517 = DIRECTION('',(0.,0.,1.));
#10518 = ADVANCED_FACE('',(#10519),#10530,.F.);
#10519 = FACE_BOUND('',#10520,.F.);
#10520 = EDGE_LOOP('',(#10521,#10522,#10528,#10529));
#10521 = ORIENTED_EDGE('',*,*,#10453,.F.);
#10522 = ORIENTED_EDGE('',*,*,#10523,.T.);
#10523 = EDGE_CURVE('',#10444,#10499,#10524,.T.);
#10524 = LINE('',#10525,#10526);
#10525 = CARTESIAN_POINT('',(15.599365977816,-9.415066922425,13.6));
#10526 = VECTOR('',#10527,1.);
#10527 = DIRECTION('',(1.224646799147E-16,-1.,0.));
#10528 = ORIENTED_EDGE('',*,*,#10506,.T.);
#10529 = ORIENTED_EDGE('',*,*,#2207,.F.);
#10530 = PLANE('',#10531);
#10531 = AXIS2_PLACEMENT_3D('',#10532,#10533,#10534);
#10532 = CARTESIAN_POINT('',(15.599365977816,-9.415066922425,13.6));
#10533 = DIRECTION('',(-1.,-1.224646799147E-16,0.));
#10534 = DIRECTION('',(0.,0.,1.));
#10535 = ADVANCED_FACE('',(#10536),#10561,.F.);
#10536 = FACE_BOUND('',#10537,.F.);
#10537 = EDGE_LOOP('',(#10538,#10548,#10554,#10555));
#10538 = ORIENTED_EDGE('',*,*,#10539,.F.);
#10539 = EDGE_CURVE('',#10540,#10542,#10544,.T.);
#10540 = VERTEX_POINT('',#10541);
#10541 = CARTESIAN_POINT('',(3.867734393755,-7.263573629224,13.6));
#10542 = VERTEX_POINT('',#10543);
#10543 = CARTESIAN_POINT('',(2.251734393755,-7.263573629224,13.6));
#10544 = LINE('',#10545,#10546);
#10545 = CARTESIAN_POINT('',(3.867734393755,-7.263573629224,13.6));
#10546 = VECTOR('',#10547,1.);
#10547 = DIRECTION('',(-1.,-1.224646799147E-16,0.));
#10548 = ORIENTED_EDGE('',*,*,#10549,.T.);
#10549 = EDGE_CURVE('',#10540,#2232,#10550,.T.);
#10550 = LINE('',#10551,#10552);
#10551 = CARTESIAN_POINT('',(3.867734393755,-7.263573629224,13.6));
#10552 = VECTOR('',#10553,1.);
#10553 = DIRECTION('',(0.,0.,1.));
#10554 = ORIENTED_EDGE('',*,*,#2231,.T.);
#10555 = ORIENTED_EDGE('',*,*,#10556,.F.);
#10556 = EDGE_CURVE('',#10542,#2234,#10557,.T.);
#10557 = LINE('',#10558,#10559);
#10558 = CARTESIAN_POINT('',(2.251734393755,-7.263573629224,13.6));
#10559 = VECTOR('',#10560,1.);
#10560 = DIRECTION('',(0.,0.,1.));
#10561 = PLANE('',#10562);
#10562 = AXIS2_PLACEMENT_3D('',#10563,#10564,#10565);
#10563 = CARTESIAN_POINT('',(3.867734393755,-7.263573629224,13.6));
#10564 = DIRECTION('',(1.224646799147E-16,-1.,0.));
#10565 = DIRECTION('',(0.,0.,1.));
#10566 = ADVANCED_FACE('',(#10567),#10585,.T.);
#10567 = FACE_BOUND('',#10568,.T.);
#10568 = EDGE_LOOP('',(#10569,#10570,#10578,#10584));
#10569 = ORIENTED_EDGE('',*,*,#10556,.F.);
#10570 = ORIENTED_EDGE('',*,*,#10571,.T.);
#10571 = EDGE_CURVE('',#10542,#10572,#10574,.T.);
#10572 = VERTEX_POINT('',#10573);
#10573 = CARTESIAN_POINT('',(2.251734393755,-7.863573629224,13.6));
#10574 = LINE('',#10575,#10576);
#10575 = CARTESIAN_POINT('',(2.251734393755,-7.263573629224,13.6));
#10576 = VECTOR('',#10577,1.);
#10577 = DIRECTION('',(1.224646799147E-16,-1.,0.));
#10578 = ORIENTED_EDGE('',*,*,#10579,.T.);
#10579 = EDGE_CURVE('',#10572,#2250,#10580,.T.);
#10580 = LINE('',#10581,#10582);
#10581 = CARTESIAN_POINT('',(2.251734393755,-7.863573629224,13.6));
#10582 = VECTOR('',#10583,1.);
#10583 = DIRECTION('',(0.,0.,1.));
#10584 = ORIENTED_EDGE('',*,*,#2257,.F.);
#10585 = PLANE('',#10586);
#10586 = AXIS2_PLACEMENT_3D('',#10587,#10588,#10589);
#10587 = CARTESIAN_POINT('',(2.251734393755,-7.263573629224,13.6));
#10588 = DIRECTION('',(-1.,-1.224646799147E-16,0.));
#10589 = DIRECTION('',(0.,0.,1.));
#10590 = ADVANCED_FACE('',(#10591),#10609,.T.);
#10591 = FACE_BOUND('',#10592,.T.);
#10592 = EDGE_LOOP('',(#10593,#10601,#10607,#10608));
#10593 = ORIENTED_EDGE('',*,*,#10594,.F.);
#10594 = EDGE_CURVE('',#10595,#10572,#10597,.T.);
#10595 = VERTEX_POINT('',#10596);
#10596 = CARTESIAN_POINT('',(3.867734393755,-7.863573629224,13.6));
#10597 = LINE('',#10598,#10599);
#10598 = CARTESIAN_POINT('',(3.867734393755,-7.863573629224,13.6));
#10599 = VECTOR('',#10600,1.);
#10600 = DIRECTION('',(-1.,-1.224646799147E-16,0.));
#10601 = ORIENTED_EDGE('',*,*,#10602,.T.);
#10602 = EDGE_CURVE('',#10595,#2242,#10603,.T.);
#10603 = LINE('',#10604,#10605);
#10604 = CARTESIAN_POINT('',(3.867734393755,-7.863573629224,13.6));
#10605 = VECTOR('',#10606,1.);
#10606 = DIRECTION('',(0.,0.,1.));
#10607 = ORIENTED_EDGE('',*,*,#2249,.T.);
#10608 = ORIENTED_EDGE('',*,*,#10579,.F.);
#10609 = PLANE('',#10610);
#10610 = AXIS2_PLACEMENT_3D('',#10611,#10612,#10613);
#10611 = CARTESIAN_POINT('',(3.867734393755,-7.863573629224,13.6));
#10612 = DIRECTION('',(1.224646799147E-16,-1.,0.));
#10613 = DIRECTION('',(0.,0.,1.));
#10614 = ADVANCED_FACE('',(#10615),#10626,.F.);
#10615 = FACE_BOUND('',#10616,.F.);
#10616 = EDGE_LOOP('',(#10617,#10618,#10624,#10625));
#10617 = ORIENTED_EDGE('',*,*,#10549,.F.);
#10618 = ORIENTED_EDGE('',*,*,#10619,.T.);
#10619 = EDGE_CURVE('',#10540,#10595,#10620,.T.);
#10620 = LINE('',#10621,#10622);
#10621 = CARTESIAN_POINT('',(3.867734393755,-7.263573629224,13.6));
#10622 = VECTOR('',#10623,1.);
#10623 = DIRECTION('',(1.224646799147E-16,-1.,0.));
#10624 = ORIENTED_EDGE('',*,*,#10602,.T.);
#10625 = ORIENTED_EDGE('',*,*,#2241,.F.);
#10626 = PLANE('',#10627);
#10627 = AXIS2_PLACEMENT_3D('',#10628,#10629,#10630);
#10628 = CARTESIAN_POINT('',(3.867734393755,-7.263573629224,13.6));
#10629 = DIRECTION('',(-1.,-1.224646799147E-16,0.));
#10630 = DIRECTION('',(0.,0.,1.));
#10631 = ADVANCED_FACE('',(#10632),#10657,.F.);
#10632 = FACE_BOUND('',#10633,.F.);
#10633 = EDGE_LOOP('',(#10634,#10644,#10650,#10651));
#10634 = ORIENTED_EDGE('',*,*,#10635,.F.);
#10635 = EDGE_CURVE('',#10636,#10638,#10640,.T.);
#10636 = VERTEX_POINT('',#10637);
#10637 = CARTESIAN_POINT('',(4.417902375496,-6.456269936188,13.6));
#10638 = VERTEX_POINT('',#10639);
#10639 = CARTESIAN_POINT('',(4.417902375496,-8.072269936188,13.6));
#10640 = LINE('',#10641,#10642);
#10641 = CARTESIAN_POINT('',(4.417902375496,-6.456269936188,13.6));
#10642 = VECTOR('',#10643,1.);
#10643 = DIRECTION('',(1.110223024625E-16,-1.,0.));
#10644 = ORIENTED_EDGE('',*,*,#10645,.T.);
#10645 = EDGE_CURVE('',#10636,#2266,#10646,.T.);
#10646 = LINE('',#10647,#10648);
#10647 = CARTESIAN_POINT('',(4.417902375496,-6.456269936188,13.6));
#10648 = VECTOR('',#10649,1.);
#10649 = DIRECTION('',(0.,0.,1.));
#10650 = ORIENTED_EDGE('',*,*,#2265,.T.);
#10651 = ORIENTED_EDGE('',*,*,#10652,.F.);
#10652 = EDGE_CURVE('',#10638,#2268,#10653,.T.);
#10653 = LINE('',#10654,#10655);
#10654 = CARTESIAN_POINT('',(4.417902375496,-8.072269936188,13.6));
#10655 = VECTOR('',#10656,1.);
#10656 = DIRECTION('',(0.,0.,1.));
#10657 = PLANE('',#10658);
#10658 = AXIS2_PLACEMENT_3D('',#10659,#10660,#10661);
#10659 = CARTESIAN_POINT('',(4.417902375496,-6.456269936188,13.6));
#10660 = DIRECTION('',(1.,1.110223024625E-16,0.));
#10661 = DIRECTION('',(0.,0.,1.));
#10662 = ADVANCED_FACE('',(#10663),#10681,.T.);
#10663 = FACE_BOUND('',#10664,.T.);
#10664 = EDGE_LOOP('',(#10665,#10666,#10674,#10680));
#10665 = ORIENTED_EDGE('',*,*,#10652,.F.);
#10666 = ORIENTED_EDGE('',*,*,#10667,.T.);
#10667 = EDGE_CURVE('',#10638,#10668,#10670,.T.);
#10668 = VERTEX_POINT('',#10669);
#10669 = CARTESIAN_POINT('',(5.017902375496,-8.072269936188,13.6));
#10670 = LINE('',#10671,#10672);
#10671 = CARTESIAN_POINT('',(4.417902375496,-8.072269936188,13.6));
#10672 = VECTOR('',#10673,1.);
#10673 = DIRECTION('',(1.,1.110223024625E-16,0.));
#10674 = ORIENTED_EDGE('',*,*,#10675,.T.);
#10675 = EDGE_CURVE('',#10668,#2284,#10676,.T.);
#10676 = LINE('',#10677,#10678);
#10677 = CARTESIAN_POINT('',(5.017902375496,-8.072269936188,13.6));
#10678 = VECTOR('',#10679,1.);
#10679 = DIRECTION('',(0.,0.,1.));
#10680 = ORIENTED_EDGE('',*,*,#2291,.F.);
#10681 = PLANE('',#10682);
#10682 = AXIS2_PLACEMENT_3D('',#10683,#10684,#10685);
#10683 = CARTESIAN_POINT('',(4.417902375496,-8.072269936188,13.6));
#10684 = DIRECTION('',(1.110223024625E-16,-1.,0.));
#10685 = DIRECTION('',(0.,0.,1.));
#10686 = ADVANCED_FACE('',(#10687),#10705,.T.);
#10687 = FACE_BOUND('',#10688,.T.);
#10688 = EDGE_LOOP('',(#10689,#10697,#10703,#10704));
#10689 = ORIENTED_EDGE('',*,*,#10690,.F.);
#10690 = EDGE_CURVE('',#10691,#10668,#10693,.T.);
#10691 = VERTEX_POINT('',#10692);
#10692 = CARTESIAN_POINT('',(5.017902375496,-6.456269936188,13.6));
#10693 = LINE('',#10694,#10695);
#10694 = CARTESIAN_POINT('',(5.017902375496,-6.456269936188,13.6));
#10695 = VECTOR('',#10696,1.);
#10696 = DIRECTION('',(1.110223024625E-16,-1.,0.));
#10697 = ORIENTED_EDGE('',*,*,#10698,.T.);
#10698 = EDGE_CURVE('',#10691,#2276,#10699,.T.);
#10699 = LINE('',#10700,#10701);
#10700 = CARTESIAN_POINT('',(5.017902375496,-6.456269936188,13.6));
#10701 = VECTOR('',#10702,1.);
#10702 = DIRECTION('',(0.,0.,1.));
#10703 = ORIENTED_EDGE('',*,*,#2283,.T.);
#10704 = ORIENTED_EDGE('',*,*,#10675,.F.);
#10705 = PLANE('',#10706);
#10706 = AXIS2_PLACEMENT_3D('',#10707,#10708,#10709);
#10707 = CARTESIAN_POINT('',(5.017902375496,-6.456269936188,13.6));
#10708 = DIRECTION('',(1.,1.110223024625E-16,0.));
#10709 = DIRECTION('',(0.,0.,1.));
#10710 = ADVANCED_FACE('',(#10711),#10722,.F.);
#10711 = FACE_BOUND('',#10712,.F.);
#10712 = EDGE_LOOP('',(#10713,#10714,#10720,#10721));
#10713 = ORIENTED_EDGE('',*,*,#10645,.F.);
#10714 = ORIENTED_EDGE('',*,*,#10715,.T.);
#10715 = EDGE_CURVE('',#10636,#10691,#10716,.T.);
#10716 = LINE('',#10717,#10718);
#10717 = CARTESIAN_POINT('',(4.417902375496,-6.456269936188,13.6));
#10718 = VECTOR('',#10719,1.);
#10719 = DIRECTION('',(1.,1.110223024625E-16,0.));
#10720 = ORIENTED_EDGE('',*,*,#10698,.T.);
#10721 = ORIENTED_EDGE('',*,*,#2275,.F.);
#10722 = PLANE('',#10723);
#10723 = AXIS2_PLACEMENT_3D('',#10724,#10725,#10726);
#10724 = CARTESIAN_POINT('',(4.417902375496,-6.456269936188,13.6));
#10725 = DIRECTION('',(1.110223024625E-16,-1.,0.));
#10726 = DIRECTION('',(0.,0.,1.));
#10727 = ADVANCED_FACE('',(#10728),#10753,.F.);
#10728 = FACE_BOUND('',#10729,.F.);
#10729 = EDGE_LOOP('',(#10730,#10740,#10746,#10747));
#10730 = ORIENTED_EDGE('',*,*,#10731,.F.);
#10731 = EDGE_CURVE('',#10732,#10734,#10736,.T.);
#10732 = VERTEX_POINT('',#10733);
#10733 = CARTESIAN_POINT('',(3.867361371674,-5.928689148711,13.6));
#10734 = VERTEX_POINT('',#10735);
#10735 = CARTESIAN_POINT('',(2.251361371674,-5.928689148711,13.6));
#10736 = LINE('',#10737,#10738);
#10737 = CARTESIAN_POINT('',(3.867361371674,-5.928689148711,13.6));
#10738 = VECTOR('',#10739,1.);
#10739 = DIRECTION('',(-1.,-1.224646799147E-16,0.));
#10740 = ORIENTED_EDGE('',*,*,#10741,.T.);
#10741 = EDGE_CURVE('',#10732,#2300,#10742,.T.);
#10742 = LINE('',#10743,#10744);
#10743 = CARTESIAN_POINT('',(3.867361371674,-5.928689148711,13.6));
#10744 = VECTOR('',#10745,1.);
#10745 = DIRECTION('',(0.,0.,1.));
#10746 = ORIENTED_EDGE('',*,*,#2299,.T.);
#10747 = ORIENTED_EDGE('',*,*,#10748,.F.);
#10748 = EDGE_CURVE('',#10734,#2302,#10749,.T.);
#10749 = LINE('',#10750,#10751);
#10750 = CARTESIAN_POINT('',(2.251361371674,-5.928689148711,13.6));
#10751 = VECTOR('',#10752,1.);
#10752 = DIRECTION('',(0.,0.,1.));
#10753 = PLANE('',#10754);
#10754 = AXIS2_PLACEMENT_3D('',#10755,#10756,#10757);
#10755 = CARTESIAN_POINT('',(3.867361371674,-5.928689148711,13.6));
#10756 = DIRECTION('',(1.224646799147E-16,-1.,0.));
#10757 = DIRECTION('',(0.,0.,1.));
#10758 = ADVANCED_FACE('',(#10759),#10777,.T.);
#10759 = FACE_BOUND('',#10760,.T.);
#10760 = EDGE_LOOP('',(#10761,#10762,#10770,#10776));
#10761 = ORIENTED_EDGE('',*,*,#10748,.F.);
#10762 = ORIENTED_EDGE('',*,*,#10763,.T.);
#10763 = EDGE_CURVE('',#10734,#10764,#10766,.T.);
#10764 = VERTEX_POINT('',#10765);
#10765 = CARTESIAN_POINT('',(2.251361371674,-6.528689148711,13.6));
#10766 = LINE('',#10767,#10768);
#10767 = CARTESIAN_POINT('',(2.251361371674,-5.928689148711,13.6));
#10768 = VECTOR('',#10769,1.);
#10769 = DIRECTION('',(1.224646799147E-16,-1.,0.));
#10770 = ORIENTED_EDGE('',*,*,#10771,.T.);
#10771 = EDGE_CURVE('',#10764,#2318,#10772,.T.);
#10772 = LINE('',#10773,#10774);
#10773 = CARTESIAN_POINT('',(2.251361371674,-6.528689148711,13.6));
#10774 = VECTOR('',#10775,1.);
#10775 = DIRECTION('',(0.,0.,1.));
#10776 = ORIENTED_EDGE('',*,*,#2325,.F.);
#10777 = PLANE('',#10778);
#10778 = AXIS2_PLACEMENT_3D('',#10779,#10780,#10781);
#10779 = CARTESIAN_POINT('',(2.251361371674,-5.928689148711,13.6));
#10780 = DIRECTION('',(-1.,-1.224646799147E-16,0.));
#10781 = DIRECTION('',(0.,0.,1.));
#10782 = ADVANCED_FACE('',(#10783),#10801,.T.);
#10783 = FACE_BOUND('',#10784,.T.);
#10784 = EDGE_LOOP('',(#10785,#10793,#10799,#10800));
#10785 = ORIENTED_EDGE('',*,*,#10786,.F.);
#10786 = EDGE_CURVE('',#10787,#10764,#10789,.T.);
#10787 = VERTEX_POINT('',#10788);
#10788 = CARTESIAN_POINT('',(3.867361371674,-6.528689148711,13.6));
#10789 = LINE('',#10790,#10791);
#10790 = CARTESIAN_POINT('',(3.867361371674,-6.528689148711,13.6));
#10791 = VECTOR('',#10792,1.);
#10792 = DIRECTION('',(-1.,-1.224646799147E-16,0.));
#10793 = ORIENTED_EDGE('',*,*,#10794,.T.);
#10794 = EDGE_CURVE('',#10787,#2310,#10795,.T.);
#10795 = LINE('',#10796,#10797);
#10796 = CARTESIAN_POINT('',(3.867361371674,-6.528689148711,13.6));
#10797 = VECTOR('',#10798,1.);
#10798 = DIRECTION('',(0.,0.,1.));
#10799 = ORIENTED_EDGE('',*,*,#2317,.T.);
#10800 = ORIENTED_EDGE('',*,*,#10771,.F.);
#10801 = PLANE('',#10802);
#10802 = AXIS2_PLACEMENT_3D('',#10803,#10804,#10805);
#10803 = CARTESIAN_POINT('',(3.867361371674,-6.528689148711,13.6));
#10804 = DIRECTION('',(1.224646799147E-16,-1.,0.));
#10805 = DIRECTION('',(0.,0.,1.));
#10806 = ADVANCED_FACE('',(#10807),#10818,.F.);
#10807 = FACE_BOUND('',#10808,.F.);
#10808 = EDGE_LOOP('',(#10809,#10810,#10816,#10817));
#10809 = ORIENTED_EDGE('',*,*,#10741,.F.);
#10810 = ORIENTED_EDGE('',*,*,#10811,.T.);
#10811 = EDGE_CURVE('',#10732,#10787,#10812,.T.);
#10812 = LINE('',#10813,#10814);
#10813 = CARTESIAN_POINT('',(3.867361371674,-5.928689148711,13.6));
#10814 = VECTOR('',#10815,1.);
#10815 = DIRECTION('',(1.224646799147E-16,-1.,0.));
#10816 = ORIENTED_EDGE('',*,*,#10794,.T.);
#10817 = ORIENTED_EDGE('',*,*,#2309,.F.);
#10818 = PLANE('',#10819);
#10819 = AXIS2_PLACEMENT_3D('',#10820,#10821,#10822);
#10820 = CARTESIAN_POINT('',(3.867361371674,-5.928689148711,13.6));
#10821 = DIRECTION('',(-1.,-1.224646799147E-16,0.));
#10822 = DIRECTION('',(0.,0.,1.));
#10823 = ADVANCED_FACE('',(#10824),#10849,.F.);
#10824 = FACE_BOUND('',#10825,.F.);
#10825 = EDGE_LOOP('',(#10826,#10836,#10842,#10843));
#10826 = ORIENTED_EDGE('',*,*,#10827,.F.);
#10827 = EDGE_CURVE('',#10828,#10830,#10832,.T.);
#10828 = VERTEX_POINT('',#10829);
#10829 = CARTESIAN_POINT('',(6.178202375496,-7.589569936188,13.65));
#10830 = VERTEX_POINT('',#10831);
#10831 = CARTESIAN_POINT('',(9.278202375496,-7.589569936188,13.65));
#10832 = LINE('',#10833,#10834);
#10833 = CARTESIAN_POINT('',(6.178202375496,-7.589569936188,13.65));
#10834 = VECTOR('',#10835,1.);
#10835 = DIRECTION('',(1.,0.,0.));
#10836 = ORIENTED_EDGE('',*,*,#10837,.T.);
#10837 = EDGE_CURVE('',#10828,#2334,#10838,.T.);
#10838 = LINE('',#10839,#10840);
#10839 = CARTESIAN_POINT('',(6.178202375496,-7.589569936188,13.65));
#10840 = VECTOR('',#10841,1.);
#10841 = DIRECTION('',(0.,0.,1.));
#10842 = ORIENTED_EDGE('',*,*,#2333,.T.);
#10843 = ORIENTED_EDGE('',*,*,#10844,.F.);
#10844 = EDGE_CURVE('',#10830,#2336,#10845,.T.);
#10845 = LINE('',#10846,#10847);
#10846 = CARTESIAN_POINT('',(9.278202375496,-7.589569936188,13.65));
#10847 = VECTOR('',#10848,1.);
#10848 = DIRECTION('',(0.,0.,1.));
#10849 = PLANE('',#10850);
#10850 = AXIS2_PLACEMENT_3D('',#10851,#10852,#10853);
#10851 = CARTESIAN_POINT('',(6.178202375496,-7.589569936188,13.65));
#10852 = DIRECTION('',(0.,1.,0.));
#10853 = DIRECTION('',(0.,0.,1.));
#10854 = ADVANCED_FACE('',(#10855),#10873,.T.);
#10855 = FACE_BOUND('',#10856,.T.);
#10856 = EDGE_LOOP('',(#10857,#10858,#10866,#10872));
#10857 = ORIENTED_EDGE('',*,*,#10844,.F.);
#10858 = ORIENTED_EDGE('',*,*,#10859,.T.);
#10859 = EDGE_CURVE('',#10830,#10860,#10862,.T.);
#10860 = VERTEX_POINT('',#10861);
#10861 = CARTESIAN_POINT('',(9.278202375496,-5.589569936188,13.65));
#10862 = LINE('',#10863,#10864);
#10863 = CARTESIAN_POINT('',(9.278202375496,-7.589569936188,13.65));
#10864 = VECTOR('',#10865,1.);
#10865 = DIRECTION('',(0.,1.,0.));
#10866 = ORIENTED_EDGE('',*,*,#10867,.T.);
#10867 = EDGE_CURVE('',#10860,#2352,#10868,.T.);
#10868 = LINE('',#10869,#10870);
#10869 = CARTESIAN_POINT('',(9.278202375496,-5.589569936188,13.65));
#10870 = VECTOR('',#10871,1.);
#10871 = DIRECTION('',(0.,0.,1.));
#10872 = ORIENTED_EDGE('',*,*,#2359,.F.);
#10873 = PLANE('',#10874);
#10874 = AXIS2_PLACEMENT_3D('',#10875,#10876,#10877);
#10875 = CARTESIAN_POINT('',(9.278202375496,-7.589569936188,13.65));
#10876 = DIRECTION('',(1.,0.,0.));
#10877 = DIRECTION('',(0.,0.,1.));
#10878 = ADVANCED_FACE('',(#10879),#10897,.T.);
#10879 = FACE_BOUND('',#10880,.T.);
#10880 = EDGE_LOOP('',(#10881,#10889,#10895,#10896));
#10881 = ORIENTED_EDGE('',*,*,#10882,.F.);
#10882 = EDGE_CURVE('',#10883,#10860,#10885,.T.);
#10883 = VERTEX_POINT('',#10884);
#10884 = CARTESIAN_POINT('',(6.178202375496,-5.589569936188,13.65));
#10885 = LINE('',#10886,#10887);
#10886 = CARTESIAN_POINT('',(6.178202375496,-5.589569936188,13.65));
#10887 = VECTOR('',#10888,1.);
#10888 = DIRECTION('',(1.,0.,0.));
#10889 = ORIENTED_EDGE('',*,*,#10890,.T.);
#10890 = EDGE_CURVE('',#10883,#2344,#10891,.T.);
#10891 = LINE('',#10892,#10893);
#10892 = CARTESIAN_POINT('',(6.178202375496,-5.589569936188,13.65));
#10893 = VECTOR('',#10894,1.);
#10894 = DIRECTION('',(0.,0.,1.));
#10895 = ORIENTED_EDGE('',*,*,#2351,.T.);
#10896 = ORIENTED_EDGE('',*,*,#10867,.F.);
#10897 = PLANE('',#10898);
#10898 = AXIS2_PLACEMENT_3D('',#10899,#10900,#10901);
#10899 = CARTESIAN_POINT('',(6.178202375496,-5.589569936188,13.65));
#10900 = DIRECTION('',(0.,1.,0.));
#10901 = DIRECTION('',(0.,0.,1.));
#10902 = ADVANCED_FACE('',(#10903),#10914,.F.);
#10903 = FACE_BOUND('',#10904,.F.);
#10904 = EDGE_LOOP('',(#10905,#10906,#10912,#10913));
#10905 = ORIENTED_EDGE('',*,*,#10837,.F.);
#10906 = ORIENTED_EDGE('',*,*,#10907,.T.);
#10907 = EDGE_CURVE('',#10828,#10883,#10908,.T.);
#10908 = LINE('',#10909,#10910);
#10909 = CARTESIAN_POINT('',(6.178202375496,-7.589569936188,13.65));
#10910 = VECTOR('',#10911,1.);
#10911 = DIRECTION('',(0.,1.,0.));
#10912 = ORIENTED_EDGE('',*,*,#10890,.T.);
#10913 = ORIENTED_EDGE('',*,*,#2343,.F.);
#10914 = PLANE('',#10915);
#10915 = AXIS2_PLACEMENT_3D('',#10916,#10917,#10918);
#10916 = CARTESIAN_POINT('',(6.178202375496,-7.589569936188,13.65));
#10917 = DIRECTION('',(1.,0.,0.));
#10918 = DIRECTION('',(0.,0.,1.));
#10919 = ADVANCED_FACE('',(#10920),#10945,.F.);
#10920 = FACE_BOUND('',#10921,.F.);
#10921 = EDGE_LOOP('',(#10922,#10932,#10938,#10939));
#10922 = ORIENTED_EDGE('',*,*,#10923,.F.);
#10923 = EDGE_CURVE('',#10924,#10926,#10928,.T.);
#10924 = VERTEX_POINT('',#10925);
#10925 = CARTESIAN_POINT('',(9.497622354699,0.117548807341,13.6));
#10926 = VERTEX_POINT('',#10927);
#10927 = CARTESIAN_POINT('',(7.881622354699,0.117548807341,13.6));
#10928 = LINE('',#10929,#10930);
#10929 = CARTESIAN_POINT('',(9.497622354699,0.117548807341,13.6));
#10930 = VECTOR('',#10931,1.);
#10931 = DIRECTION('',(-1.,-1.224646799147E-16,0.));
#10932 = ORIENTED_EDGE('',*,*,#10933,.T.);
#10933 = EDGE_CURVE('',#10924,#2368,#10934,.T.);
#10934 = LINE('',#10935,#10936);
#10935 = CARTESIAN_POINT('',(9.497622354699,0.117548807341,13.6));
#10936 = VECTOR('',#10937,1.);
#10937 = DIRECTION('',(0.,0.,1.));
#10938 = ORIENTED_EDGE('',*,*,#2367,.T.);
#10939 = ORIENTED_EDGE('',*,*,#10940,.F.);
#10940 = EDGE_CURVE('',#10926,#2370,#10941,.T.);
#10941 = LINE('',#10942,#10943);
#10942 = CARTESIAN_POINT('',(7.881622354699,0.117548807341,13.6));
#10943 = VECTOR('',#10944,1.);
#10944 = DIRECTION('',(0.,0.,1.));
#10945 = PLANE('',#10946);
#10946 = AXIS2_PLACEMENT_3D('',#10947,#10948,#10949);
#10947 = CARTESIAN_POINT('',(9.497622354699,0.117548807341,13.6));
#10948 = DIRECTION('',(1.224646799147E-16,-1.,0.));
#10949 = DIRECTION('',(0.,0.,1.));
#10950 = ADVANCED_FACE('',(#10951),#10969,.T.);
#10951 = FACE_BOUND('',#10952,.T.);
#10952 = EDGE_LOOP('',(#10953,#10954,#10962,#10968));
#10953 = ORIENTED_EDGE('',*,*,#10940,.F.);
#10954 = ORIENTED_EDGE('',*,*,#10955,.T.);
#10955 = EDGE_CURVE('',#10926,#10956,#10958,.T.);
#10956 = VERTEX_POINT('',#10957);
#10957 = CARTESIAN_POINT('',(7.881622354699,-0.482451192659,13.6));
#10958 = LINE('',#10959,#10960);
#10959 = CARTESIAN_POINT('',(7.881622354699,0.117548807341,13.6));
#10960 = VECTOR('',#10961,1.);
#10961 = DIRECTION('',(1.224646799147E-16,-1.,0.));
#10962 = ORIENTED_EDGE('',*,*,#10963,.T.);
#10963 = EDGE_CURVE('',#10956,#2386,#10964,.T.);
#10964 = LINE('',#10965,#10966);
#10965 = CARTESIAN_POINT('',(7.881622354699,-0.482451192659,13.6));
#10966 = VECTOR('',#10967,1.);
#10967 = DIRECTION('',(0.,0.,1.));
#10968 = ORIENTED_EDGE('',*,*,#2393,.F.);
#10969 = PLANE('',#10970);
#10970 = AXIS2_PLACEMENT_3D('',#10971,#10972,#10973);
#10971 = CARTESIAN_POINT('',(7.881622354699,0.117548807341,13.6));
#10972 = DIRECTION('',(-1.,-1.224646799147E-16,0.));
#10973 = DIRECTION('',(0.,0.,1.));
#10974 = ADVANCED_FACE('',(#10975),#10993,.T.);
#10975 = FACE_BOUND('',#10976,.T.);
#10976 = EDGE_LOOP('',(#10977,#10985,#10991,#10992));
#10977 = ORIENTED_EDGE('',*,*,#10978,.F.);
#10978 = EDGE_CURVE('',#10979,#10956,#10981,.T.);
#10979 = VERTEX_POINT('',#10980);
#10980 = CARTESIAN_POINT('',(9.497622354699,-0.482451192659,13.6));
#10981 = LINE('',#10982,#10983);
#10982 = CARTESIAN_POINT('',(9.497622354699,-0.482451192659,13.6));
#10983 = VECTOR('',#10984,1.);
#10984 = DIRECTION('',(-1.,-1.224646799147E-16,0.));
#10985 = ORIENTED_EDGE('',*,*,#10986,.T.);
#10986 = EDGE_CURVE('',#10979,#2378,#10987,.T.);
#10987 = LINE('',#10988,#10989);
#10988 = CARTESIAN_POINT('',(9.497622354699,-0.482451192659,13.6));
#10989 = VECTOR('',#10990,1.);
#10990 = DIRECTION('',(0.,0.,1.));
#10991 = ORIENTED_EDGE('',*,*,#2385,.T.);
#10992 = ORIENTED_EDGE('',*,*,#10963,.F.);
#10993 = PLANE('',#10994);
#10994 = AXIS2_PLACEMENT_3D('',#10995,#10996,#10997);
#10995 = CARTESIAN_POINT('',(9.497622354699,-0.482451192659,13.6));
#10996 = DIRECTION('',(1.224646799147E-16,-1.,0.));
#10997 = DIRECTION('',(0.,0.,1.));
#10998 = ADVANCED_FACE('',(#10999),#11010,.F.);
#10999 = FACE_BOUND('',#11000,.F.);
#11000 = EDGE_LOOP('',(#11001,#11002,#11008,#11009));
#11001 = ORIENTED_EDGE('',*,*,#10933,.F.);
#11002 = ORIENTED_EDGE('',*,*,#11003,.T.);
#11003 = EDGE_CURVE('',#10924,#10979,#11004,.T.);
#11004 = LINE('',#11005,#11006);
#11005 = CARTESIAN_POINT('',(9.497622354699,0.117548807341,13.6));
#11006 = VECTOR('',#11007,1.);
#11007 = DIRECTION('',(1.224646799147E-16,-1.,0.));
#11008 = ORIENTED_EDGE('',*,*,#10986,.T.);
#11009 = ORIENTED_EDGE('',*,*,#2377,.F.);
#11010 = PLANE('',#11011);
#11011 = AXIS2_PLACEMENT_3D('',#11012,#11013,#11014);
#11012 = CARTESIAN_POINT('',(9.497622354699,0.117548807341,13.6));
#11013 = DIRECTION('',(-1.,-1.224646799147E-16,0.));
#11014 = DIRECTION('',(0.,0.,1.));
#11015 = ADVANCED_FACE('',(#11016),#11041,.F.);
#11016 = FACE_BOUND('',#11017,.F.);
#11017 = EDGE_LOOP('',(#11018,#11028,#11034,#11035));
#11018 = ORIENTED_EDGE('',*,*,#11019,.F.);
#11019 = EDGE_CURVE('',#11020,#11022,#11024,.T.);
#11020 = VERTEX_POINT('',#11021);
#11021 = CARTESIAN_POINT('',(10.410618748706,-6.585109980158,13.25));
#11022 = VERTEX_POINT('',#11023);
#11023 = CARTESIAN_POINT('',(13.185618748706,-6.585109980158,13.25));
#11024 = LINE('',#11025,#11026);
#11025 = CARTESIAN_POINT('',(10.410618748706,-6.585109980158,13.25));
#11026 = VECTOR('',#11027,1.);
#11027 = DIRECTION('',(1.,0.,0.));
#11028 = ORIENTED_EDGE('',*,*,#11029,.T.);
#11029 = EDGE_CURVE('',#11020,#2402,#11030,.T.);
#11030 = LINE('',#11031,#11032);
#11031 = CARTESIAN_POINT('',(10.410618748706,-6.585109980158,13.25));
#11032 = VECTOR('',#11033,1.);
#11033 = DIRECTION('',(0.,0.,1.));
#11034 = ORIENTED_EDGE('',*,*,#2401,.T.);
#11035 = ORIENTED_EDGE('',*,*,#11036,.F.);
#11036 = EDGE_CURVE('',#11022,#2404,#11037,.T.);
#11037 = LINE('',#11038,#11039);
#11038 = CARTESIAN_POINT('',(13.185618748706,-6.585109980158,13.25));
#11039 = VECTOR('',#11040,1.);
#11040 = DIRECTION('',(0.,0.,1.));
#11041 = PLANE('',#11042);
#11042 = AXIS2_PLACEMENT_3D('',#11043,#11044,#11045);
#11043 = CARTESIAN_POINT('',(10.410618748706,-6.585109980158,13.25));
#11044 = DIRECTION('',(0.,1.,0.));
#11045 = DIRECTION('',(0.,0.,1.));
#11046 = ADVANCED_FACE('',(#11047),#11065,.T.);
#11047 = FACE_BOUND('',#11048,.T.);
#11048 = EDGE_LOOP('',(#11049,#11050,#11058,#11064));
#11049 = ORIENTED_EDGE('',*,*,#11036,.F.);
#11050 = ORIENTED_EDGE('',*,*,#11051,.T.);
#11051 = EDGE_CURVE('',#11022,#11052,#11054,.T.);
#11052 = VERTEX_POINT('',#11053);
#11053 = CARTESIAN_POINT('',(13.185618748706,-5.585109980158,13.25));
#11054 = LINE('',#11055,#11056);
#11055 = CARTESIAN_POINT('',(13.185618748706,-6.585109980158,13.25));
#11056 = VECTOR('',#11057,1.);
#11057 = DIRECTION('',(0.,1.,0.));
#11058 = ORIENTED_EDGE('',*,*,#11059,.T.);
#11059 = EDGE_CURVE('',#11052,#2420,#11060,.T.);
#11060 = LINE('',#11061,#11062);
#11061 = CARTESIAN_POINT('',(13.185618748706,-5.585109980158,13.25));
#11062 = VECTOR('',#11063,1.);
#11063 = DIRECTION('',(0.,0.,1.));
#11064 = ORIENTED_EDGE('',*,*,#2427,.F.);
#11065 = PLANE('',#11066);
#11066 = AXIS2_PLACEMENT_3D('',#11067,#11068,#11069);
#11067 = CARTESIAN_POINT('',(13.185618748706,-6.585109980158,13.25));
#11068 = DIRECTION('',(1.,0.,0.));
#11069 = DIRECTION('',(0.,0.,1.));
#11070 = ADVANCED_FACE('',(#11071),#11089,.T.);
#11071 = FACE_BOUND('',#11072,.T.);
#11072 = EDGE_LOOP('',(#11073,#11081,#11087,#11088));
#11073 = ORIENTED_EDGE('',*,*,#11074,.F.);
#11074 = EDGE_CURVE('',#11075,#11052,#11077,.T.);
#11075 = VERTEX_POINT('',#11076);
#11076 = CARTESIAN_POINT('',(10.410618748706,-5.585109980158,13.25));
#11077 = LINE('',#11078,#11079);
#11078 = CARTESIAN_POINT('',(10.410618748706,-5.585109980158,13.25));
#11079 = VECTOR('',#11080,1.);
#11080 = DIRECTION('',(1.,0.,0.));
#11081 = ORIENTED_EDGE('',*,*,#11082,.T.);
#11082 = EDGE_CURVE('',#11075,#2412,#11083,.T.);
#11083 = LINE('',#11084,#11085);
#11084 = CARTESIAN_POINT('',(10.410618748706,-5.585109980158,13.25));
#11085 = VECTOR('',#11086,1.);
#11086 = DIRECTION('',(0.,0.,1.));
#11087 = ORIENTED_EDGE('',*,*,#2419,.T.);
#11088 = ORIENTED_EDGE('',*,*,#11059,.F.);
#11089 = PLANE('',#11090);
#11090 = AXIS2_PLACEMENT_3D('',#11091,#11092,#11093);
#11091 = CARTESIAN_POINT('',(10.410618748706,-5.585109980158,13.25));
#11092 = DIRECTION('',(0.,1.,0.));
#11093 = DIRECTION('',(0.,0.,1.));
#11094 = ADVANCED_FACE('',(#11095),#11106,.F.);
#11095 = FACE_BOUND('',#11096,.F.);
#11096 = EDGE_LOOP('',(#11097,#11098,#11104,#11105));
#11097 = ORIENTED_EDGE('',*,*,#11029,.F.);
#11098 = ORIENTED_EDGE('',*,*,#11099,.T.);
#11099 = EDGE_CURVE('',#11020,#11075,#11100,.T.);
#11100 = LINE('',#11101,#11102);
#11101 = CARTESIAN_POINT('',(10.410618748706,-6.585109980158,13.25));
#11102 = VECTOR('',#11103,1.);
#11103 = DIRECTION('',(0.,1.,0.));
#11104 = ORIENTED_EDGE('',*,*,#11082,.T.);
#11105 = ORIENTED_EDGE('',*,*,#2411,.F.);
#11106 = PLANE('',#11107);
#11107 = AXIS2_PLACEMENT_3D('',#11108,#11109,#11110);
#11108 = CARTESIAN_POINT('',(10.410618748706,-6.585109980158,13.25));
#11109 = DIRECTION('',(1.,0.,0.));
#11110 = DIRECTION('',(0.,0.,1.));
#11111 = ADVANCED_FACE('',(#11112),#11137,.F.);
#11112 = FACE_BOUND('',#11113,.F.);
#11113 = EDGE_LOOP('',(#11114,#11124,#11130,#11131));
#11114 = ORIENTED_EDGE('',*,*,#11115,.F.);
#11115 = EDGE_CURVE('',#11116,#11118,#11120,.T.);
#11116 = VERTEX_POINT('',#11117);
#11117 = CARTESIAN_POINT('',(13.888782520628,-7.135522214414,13.6));
#11118 = VERTEX_POINT('',#11119);
#11119 = CARTESIAN_POINT('',(12.272782520628,-7.135522214414,13.6));
#11120 = LINE('',#11121,#11122);
#11121 = CARTESIAN_POINT('',(13.888782520628,-7.135522214414,13.6));
#11122 = VECTOR('',#11123,1.);
#11123 = DIRECTION('',(-1.,-1.224646799147E-16,0.));
#11124 = ORIENTED_EDGE('',*,*,#11125,.T.);
#11125 = EDGE_CURVE('',#11116,#2436,#11126,.T.);
#11126 = LINE('',#11127,#11128);
#11127 = CARTESIAN_POINT('',(13.888782520628,-7.135522214414,13.6));
#11128 = VECTOR('',#11129,1.);
#11129 = DIRECTION('',(0.,0.,1.));
#11130 = ORIENTED_EDGE('',*,*,#2435,.T.);
#11131 = ORIENTED_EDGE('',*,*,#11132,.F.);
#11132 = EDGE_CURVE('',#11118,#2438,#11133,.T.);
#11133 = LINE('',#11134,#11135);
#11134 = CARTESIAN_POINT('',(12.272782520628,-7.135522214414,13.6));
#11135 = VECTOR('',#11136,1.);
#11136 = DIRECTION('',(0.,0.,1.));
#11137 = PLANE('',#11138);
#11138 = AXIS2_PLACEMENT_3D('',#11139,#11140,#11141);
#11139 = CARTESIAN_POINT('',(13.888782520628,-7.135522214414,13.6));
#11140 = DIRECTION('',(1.224646799147E-16,-1.,0.));
#11141 = DIRECTION('',(0.,0.,1.));
#11142 = ADVANCED_FACE('',(#11143),#11161,.T.);
#11143 = FACE_BOUND('',#11144,.T.);
#11144 = EDGE_LOOP('',(#11145,#11146,#11154,#11160));
#11145 = ORIENTED_EDGE('',*,*,#11132,.F.);
#11146 = ORIENTED_EDGE('',*,*,#11147,.T.);
#11147 = EDGE_CURVE('',#11118,#11148,#11150,.T.);
#11148 = VERTEX_POINT('',#11149);
#11149 = CARTESIAN_POINT('',(12.272782520628,-7.735522214414,13.6));
#11150 = LINE('',#11151,#11152);
#11151 = CARTESIAN_POINT('',(12.272782520628,-7.135522214414,13.6));
#11152 = VECTOR('',#11153,1.);
#11153 = DIRECTION('',(1.224646799147E-16,-1.,0.));
#11154 = ORIENTED_EDGE('',*,*,#11155,.T.);
#11155 = EDGE_CURVE('',#11148,#2454,#11156,.T.);
#11156 = LINE('',#11157,#11158);
#11157 = CARTESIAN_POINT('',(12.272782520628,-7.735522214414,13.6));
#11158 = VECTOR('',#11159,1.);
#11159 = DIRECTION('',(0.,0.,1.));
#11160 = ORIENTED_EDGE('',*,*,#2461,.F.);
#11161 = PLANE('',#11162);
#11162 = AXIS2_PLACEMENT_3D('',#11163,#11164,#11165);
#11163 = CARTESIAN_POINT('',(12.272782520628,-7.135522214414,13.6));
#11164 = DIRECTION('',(-1.,-1.224646799147E-16,0.));
#11165 = DIRECTION('',(0.,0.,1.));
#11166 = ADVANCED_FACE('',(#11167),#11185,.T.);
#11167 = FACE_BOUND('',#11168,.T.);
#11168 = EDGE_LOOP('',(#11169,#11177,#11183,#11184));
#11169 = ORIENTED_EDGE('',*,*,#11170,.F.);
#11170 = EDGE_CURVE('',#11171,#11148,#11173,.T.);
#11171 = VERTEX_POINT('',#11172);
#11172 = CARTESIAN_POINT('',(13.888782520628,-7.735522214414,13.6));
#11173 = LINE('',#11174,#11175);
#11174 = CARTESIAN_POINT('',(13.888782520628,-7.735522214414,13.6));
#11175 = VECTOR('',#11176,1.);
#11176 = DIRECTION('',(-1.,-1.224646799147E-16,0.));
#11177 = ORIENTED_EDGE('',*,*,#11178,.T.);
#11178 = EDGE_CURVE('',#11171,#2446,#11179,.T.);
#11179 = LINE('',#11180,#11181);
#11180 = CARTESIAN_POINT('',(13.888782520628,-7.735522214414,13.6));
#11181 = VECTOR('',#11182,1.);
#11182 = DIRECTION('',(0.,0.,1.));
#11183 = ORIENTED_EDGE('',*,*,#2453,.T.);
#11184 = ORIENTED_EDGE('',*,*,#11155,.F.);
#11185 = PLANE('',#11186);
#11186 = AXIS2_PLACEMENT_3D('',#11187,#11188,#11189);
#11187 = CARTESIAN_POINT('',(13.888782520628,-7.735522214414,13.6));
#11188 = DIRECTION('',(1.224646799147E-16,-1.,0.));
#11189 = DIRECTION('',(0.,0.,1.));
#11190 = ADVANCED_FACE('',(#11191),#11202,.F.);
#11191 = FACE_BOUND('',#11192,.F.);
#11192 = EDGE_LOOP('',(#11193,#11194,#11200,#11201));
#11193 = ORIENTED_EDGE('',*,*,#11125,.F.);
#11194 = ORIENTED_EDGE('',*,*,#11195,.T.);
#11195 = EDGE_CURVE('',#11116,#11171,#11196,.T.);
#11196 = LINE('',#11197,#11198);
#11197 = CARTESIAN_POINT('',(13.888782520628,-7.135522214414,13.6));
#11198 = VECTOR('',#11199,1.);
#11199 = DIRECTION('',(1.224646799147E-16,-1.,0.));
#11200 = ORIENTED_EDGE('',*,*,#11178,.T.);
#11201 = ORIENTED_EDGE('',*,*,#2445,.F.);
#11202 = PLANE('',#11203);
#11203 = AXIS2_PLACEMENT_3D('',#11204,#11205,#11206);
#11204 = CARTESIAN_POINT('',(13.888782520628,-7.135522214414,13.6));
#11205 = DIRECTION('',(-1.,-1.224646799147E-16,0.));
#11206 = DIRECTION('',(0.,0.,1.));
#11207 = ADVANCED_FACE('',(#11208),#11233,.F.);
#11208 = FACE_BOUND('',#11209,.F.);
#11209 = EDGE_LOOP('',(#11210,#11220,#11226,#11227));
#11210 = ORIENTED_EDGE('',*,*,#11211,.F.);
#11211 = EDGE_CURVE('',#11212,#11214,#11216,.T.);
#11212 = VERTEX_POINT('',#11213);
#11213 = CARTESIAN_POINT('',(17.744390600334,-5.667300482332,12.75));
#11214 = VERTEX_POINT('',#11215);
#11215 = CARTESIAN_POINT('',(14.394390600334,-5.667300482332,12.75));
#11216 = LINE('',#11217,#11218);
#11217 = CARTESIAN_POINT('',(17.744390600334,-5.667300482332,12.75));
#11218 = VECTOR('',#11219,1.);
#11219 = DIRECTION('',(-1.,-1.224646799147E-16,0.));
#11220 = ORIENTED_EDGE('',*,*,#11221,.T.);
#11221 = EDGE_CURVE('',#11212,#2470,#11222,.T.);
#11222 = LINE('',#11223,#11224);
#11223 = CARTESIAN_POINT('',(17.744390600334,-5.667300482332,12.75));
#11224 = VECTOR('',#11225,1.);
#11225 = DIRECTION('',(0.,0.,1.));
#11226 = ORIENTED_EDGE('',*,*,#2469,.T.);
#11227 = ORIENTED_EDGE('',*,*,#11228,.F.);
#11228 = EDGE_CURVE('',#11214,#2472,#11229,.T.);
#11229 = LINE('',#11230,#11231);
#11230 = CARTESIAN_POINT('',(14.394390600334,-5.667300482332,12.75));
#11231 = VECTOR('',#11232,1.);
#11232 = DIRECTION('',(0.,0.,1.));
#11233 = PLANE('',#11234);
#11234 = AXIS2_PLACEMENT_3D('',#11235,#11236,#11237);
#11235 = CARTESIAN_POINT('',(17.744390600334,-5.667300482332,12.75));
#11236 = DIRECTION('',(1.224646799147E-16,-1.,0.));
#11237 = DIRECTION('',(0.,0.,1.));
#11238 = ADVANCED_FACE('',(#11239),#11257,.T.);
#11239 = FACE_BOUND('',#11240,.T.);
#11240 = EDGE_LOOP('',(#11241,#11242,#11250,#11256));
#11241 = ORIENTED_EDGE('',*,*,#11228,.F.);
#11242 = ORIENTED_EDGE('',*,*,#11243,.T.);
#11243 = EDGE_CURVE('',#11214,#11244,#11246,.T.);
#11244 = VERTEX_POINT('',#11245);
#11245 = CARTESIAN_POINT('',(14.394390600334,-8.787300482332,12.75));
#11246 = LINE('',#11247,#11248);
#11247 = CARTESIAN_POINT('',(14.394390600334,-5.667300482332,12.75));
#11248 = VECTOR('',#11249,1.);
#11249 = DIRECTION('',(1.224646799147E-16,-1.,0.));
#11250 = ORIENTED_EDGE('',*,*,#11251,.T.);
#11251 = EDGE_CURVE('',#11244,#2488,#11252,.T.);
#11252 = LINE('',#11253,#11254);
#11253 = CARTESIAN_POINT('',(14.394390600334,-8.787300482332,12.75));
#11254 = VECTOR('',#11255,1.);
#11255 = DIRECTION('',(0.,0.,1.));
#11256 = ORIENTED_EDGE('',*,*,#2495,.F.);
#11257 = PLANE('',#11258);
#11258 = AXIS2_PLACEMENT_3D('',#11259,#11260,#11261);
#11259 = CARTESIAN_POINT('',(14.394390600334,-5.667300482332,12.75));
#11260 = DIRECTION('',(-1.,-1.224646799147E-16,0.));
#11261 = DIRECTION('',(0.,0.,1.));
#11262 = ADVANCED_FACE('',(#11263),#11281,.T.);
#11263 = FACE_BOUND('',#11264,.T.);
#11264 = EDGE_LOOP('',(#11265,#11273,#11279,#11280));
#11265 = ORIENTED_EDGE('',*,*,#11266,.F.);
#11266 = EDGE_CURVE('',#11267,#11244,#11269,.T.);
#11267 = VERTEX_POINT('',#11268);
#11268 = CARTESIAN_POINT('',(17.744390600334,-8.787300482332,12.75));
#11269 = LINE('',#11270,#11271);
#11270 = CARTESIAN_POINT('',(17.744390600334,-8.787300482332,12.75));
#11271 = VECTOR('',#11272,1.);
#11272 = DIRECTION('',(-1.,-1.224646799147E-16,0.));
#11273 = ORIENTED_EDGE('',*,*,#11274,.T.);
#11274 = EDGE_CURVE('',#11267,#2480,#11275,.T.);
#11275 = LINE('',#11276,#11277);
#11276 = CARTESIAN_POINT('',(17.744390600334,-8.787300482332,12.75));
#11277 = VECTOR('',#11278,1.);
#11278 = DIRECTION('',(0.,0.,1.));
#11279 = ORIENTED_EDGE('',*,*,#2487,.T.);
#11280 = ORIENTED_EDGE('',*,*,#11251,.F.);
#11281 = PLANE('',#11282);
#11282 = AXIS2_PLACEMENT_3D('',#11283,#11284,#11285);
#11283 = CARTESIAN_POINT('',(17.744390600334,-8.787300482332,12.75));
#11284 = DIRECTION('',(1.224646799147E-16,-1.,0.));
#11285 = DIRECTION('',(0.,0.,1.));
#11286 = ADVANCED_FACE('',(#11287),#11298,.F.);
#11287 = FACE_BOUND('',#11288,.F.);
#11288 = EDGE_LOOP('',(#11289,#11290,#11296,#11297));
#11289 = ORIENTED_EDGE('',*,*,#11221,.F.);
#11290 = ORIENTED_EDGE('',*,*,#11291,.T.);
#11291 = EDGE_CURVE('',#11212,#11267,#11292,.T.);
#11292 = LINE('',#11293,#11294);
#11293 = CARTESIAN_POINT('',(17.744390600334,-5.667300482332,12.75));
#11294 = VECTOR('',#11295,1.);
#11295 = DIRECTION('',(1.224646799147E-16,-1.,0.));
#11296 = ORIENTED_EDGE('',*,*,#11274,.T.);
#11297 = ORIENTED_EDGE('',*,*,#2479,.F.);
#11298 = PLANE('',#11299);
#11299 = AXIS2_PLACEMENT_3D('',#11300,#11301,#11302);
#11300 = CARTESIAN_POINT('',(17.744390600334,-5.667300482332,12.75));
#11301 = DIRECTION('',(-1.,-1.224646799147E-16,0.));
#11302 = DIRECTION('',(0.,0.,1.));
#11303 = ADVANCED_FACE('',(#11304),#11329,.F.);
#11304 = FACE_BOUND('',#11305,.F.);
#11305 = EDGE_LOOP('',(#11306,#11316,#11322,#11323));
#11306 = ORIENTED_EDGE('',*,*,#11307,.F.);
#11307 = EDGE_CURVE('',#11308,#11310,#11312,.T.);
#11308 = VERTEX_POINT('',#11309);
#11309 = CARTESIAN_POINT('',(11.330722307827,-1.943269516839,13.25));
#11310 = VERTEX_POINT('',#11311);
#11311 = CARTESIAN_POINT('',(11.330722307827,-4.718269516839,13.25));
#11312 = LINE('',#11313,#11314);
#11313 = CARTESIAN_POINT('',(11.330722307827,-1.943269516839,13.25));
#11314 = VECTOR('',#11315,1.);
#11315 = DIRECTION('',(1.110223024625E-16,-1.,0.));
#11316 = ORIENTED_EDGE('',*,*,#11317,.T.);
#11317 = EDGE_CURVE('',#11308,#2504,#11318,.T.);
#11318 = LINE('',#11319,#11320);
#11319 = CARTESIAN_POINT('',(11.330722307827,-1.943269516839,13.25));
#11320 = VECTOR('',#11321,1.);
#11321 = DIRECTION('',(0.,0.,1.));
#11322 = ORIENTED_EDGE('',*,*,#2503,.T.);
#11323 = ORIENTED_EDGE('',*,*,#11324,.F.);
#11324 = EDGE_CURVE('',#11310,#2506,#11325,.T.);
#11325 = LINE('',#11326,#11327);
#11326 = CARTESIAN_POINT('',(11.330722307827,-4.718269516839,13.25));
#11327 = VECTOR('',#11328,1.);
#11328 = DIRECTION('',(0.,0.,1.));
#11329 = PLANE('',#11330);
#11330 = AXIS2_PLACEMENT_3D('',#11331,#11332,#11333);
#11331 = CARTESIAN_POINT('',(11.330722307827,-1.943269516839,13.25));
#11332 = DIRECTION('',(1.,1.110223024625E-16,0.));
#11333 = DIRECTION('',(0.,0.,1.));
#11334 = ADVANCED_FACE('',(#11335),#11353,.T.);
#11335 = FACE_BOUND('',#11336,.T.);
#11336 = EDGE_LOOP('',(#11337,#11338,#11346,#11352));
#11337 = ORIENTED_EDGE('',*,*,#11324,.F.);
#11338 = ORIENTED_EDGE('',*,*,#11339,.T.);
#11339 = EDGE_CURVE('',#11310,#11340,#11342,.T.);
#11340 = VERTEX_POINT('',#11341);
#11341 = CARTESIAN_POINT('',(12.330722307827,-4.718269516839,13.25));
#11342 = LINE('',#11343,#11344);
#11343 = CARTESIAN_POINT('',(11.330722307827,-4.718269516839,13.25));
#11344 = VECTOR('',#11345,1.);
#11345 = DIRECTION('',(1.,1.110223024625E-16,0.));
#11346 = ORIENTED_EDGE('',*,*,#11347,.T.);
#11347 = EDGE_CURVE('',#11340,#2522,#11348,.T.);
#11348 = LINE('',#11349,#11350);
#11349 = CARTESIAN_POINT('',(12.330722307827,-4.718269516839,13.25));
#11350 = VECTOR('',#11351,1.);
#11351 = DIRECTION('',(0.,0.,1.));
#11352 = ORIENTED_EDGE('',*,*,#2529,.F.);
#11353 = PLANE('',#11354);
#11354 = AXIS2_PLACEMENT_3D('',#11355,#11356,#11357);
#11355 = CARTESIAN_POINT('',(11.330722307827,-4.718269516839,13.25));
#11356 = DIRECTION('',(1.110223024625E-16,-1.,0.));
#11357 = DIRECTION('',(0.,0.,1.));
#11358 = ADVANCED_FACE('',(#11359),#11377,.T.);
#11359 = FACE_BOUND('',#11360,.T.);
#11360 = EDGE_LOOP('',(#11361,#11369,#11375,#11376));
#11361 = ORIENTED_EDGE('',*,*,#11362,.F.);
#11362 = EDGE_CURVE('',#11363,#11340,#11365,.T.);
#11363 = VERTEX_POINT('',#11364);
#11364 = CARTESIAN_POINT('',(12.330722307827,-1.943269516839,13.25));
#11365 = LINE('',#11366,#11367);
#11366 = CARTESIAN_POINT('',(12.330722307827,-1.943269516839,13.25));
#11367 = VECTOR('',#11368,1.);
#11368 = DIRECTION('',(1.110223024625E-16,-1.,0.));
#11369 = ORIENTED_EDGE('',*,*,#11370,.T.);
#11370 = EDGE_CURVE('',#11363,#2514,#11371,.T.);
#11371 = LINE('',#11372,#11373);
#11372 = CARTESIAN_POINT('',(12.330722307827,-1.943269516839,13.25));
#11373 = VECTOR('',#11374,1.);
#11374 = DIRECTION('',(0.,0.,1.));
#11375 = ORIENTED_EDGE('',*,*,#2521,.T.);
#11376 = ORIENTED_EDGE('',*,*,#11347,.F.);
#11377 = PLANE('',#11378);
#11378 = AXIS2_PLACEMENT_3D('',#11379,#11380,#11381);
#11379 = CARTESIAN_POINT('',(12.330722307827,-1.943269516839,13.25));
#11380 = DIRECTION('',(1.,1.110223024625E-16,0.));
#11381 = DIRECTION('',(0.,0.,1.));
#11382 = ADVANCED_FACE('',(#11383),#11394,.F.);
#11383 = FACE_BOUND('',#11384,.F.);
#11384 = EDGE_LOOP('',(#11385,#11386,#11392,#11393));
#11385 = ORIENTED_EDGE('',*,*,#11317,.F.);
#11386 = ORIENTED_EDGE('',*,*,#11387,.T.);
#11387 = EDGE_CURVE('',#11308,#11363,#11388,.T.);
#11388 = LINE('',#11389,#11390);
#11389 = CARTESIAN_POINT('',(11.330722307827,-1.943269516839,13.25));
#11390 = VECTOR('',#11391,1.);
#11391 = DIRECTION('',(1.,1.110223024625E-16,0.));
#11392 = ORIENTED_EDGE('',*,*,#11370,.T.);
#11393 = ORIENTED_EDGE('',*,*,#2513,.F.);
#11394 = PLANE('',#11395);
#11395 = AXIS2_PLACEMENT_3D('',#11396,#11397,#11398);
#11396 = CARTESIAN_POINT('',(11.330722307827,-1.943269516839,13.25));
#11397 = DIRECTION('',(1.110223024625E-16,-1.,0.));
#11398 = DIRECTION('',(0.,0.,1.));
#11399 = ADVANCED_FACE('',(#11400),#11425,.F.);
#11400 = FACE_BOUND('',#11401,.F.);
#11401 = EDGE_LOOP('',(#11402,#11412,#11418,#11419));
#11402 = ORIENTED_EDGE('',*,*,#11403,.F.);
#11403 = EDGE_CURVE('',#11404,#11406,#11408,.T.);
#11404 = VERTEX_POINT('',#11405);
#11405 = CARTESIAN_POINT('',(9.212126688235,-1.683623888922,13.6));
#11406 = VERTEX_POINT('',#11407);
#11407 = CARTESIAN_POINT('',(10.828126688235,-1.683623888922,13.6));
#11408 = LINE('',#11409,#11410);
#11409 = CARTESIAN_POINT('',(9.212126688235,-1.683623888922,13.6));
#11410 = VECTOR('',#11411,1.);
#11411 = DIRECTION('',(1.,0.,0.));
#11412 = ORIENTED_EDGE('',*,*,#11413,.T.);
#11413 = EDGE_CURVE('',#11404,#2538,#11414,.T.);
#11414 = LINE('',#11415,#11416);
#11415 = CARTESIAN_POINT('',(9.212126688235,-1.683623888922,13.6));
#11416 = VECTOR('',#11417,1.);
#11417 = DIRECTION('',(0.,0.,1.));
#11418 = ORIENTED_EDGE('',*,*,#2537,.T.);
#11419 = ORIENTED_EDGE('',*,*,#11420,.F.);
#11420 = EDGE_CURVE('',#11406,#2540,#11421,.T.);
#11421 = LINE('',#11422,#11423);
#11422 = CARTESIAN_POINT('',(10.828126688235,-1.683623888922,13.6));
#11423 = VECTOR('',#11424,1.);
#11424 = DIRECTION('',(0.,0.,1.));
#11425 = PLANE('',#11426);
#11426 = AXIS2_PLACEMENT_3D('',#11427,#11428,#11429);
#11427 = CARTESIAN_POINT('',(9.212126688235,-1.683623888922,13.6));
#11428 = DIRECTION('',(0.,1.,0.));
#11429 = DIRECTION('',(0.,0.,1.));
#11430 = ADVANCED_FACE('',(#11431),#11449,.T.);
#11431 = FACE_BOUND('',#11432,.T.);
#11432 = EDGE_LOOP('',(#11433,#11434,#11442,#11448));
#11433 = ORIENTED_EDGE('',*,*,#11420,.F.);
#11434 = ORIENTED_EDGE('',*,*,#11435,.T.);
#11435 = EDGE_CURVE('',#11406,#11436,#11438,.T.);
#11436 = VERTEX_POINT('',#11437);
#11437 = CARTESIAN_POINT('',(10.828126688235,-1.083623888922,13.6));
#11438 = LINE('',#11439,#11440);
#11439 = CARTESIAN_POINT('',(10.828126688235,-1.683623888922,13.6));
#11440 = VECTOR('',#11441,1.);
#11441 = DIRECTION('',(0.,1.,0.));
#11442 = ORIENTED_EDGE('',*,*,#11443,.T.);
#11443 = EDGE_CURVE('',#11436,#2556,#11444,.T.);
#11444 = LINE('',#11445,#11446);
#11445 = CARTESIAN_POINT('',(10.828126688235,-1.083623888922,13.6));
#11446 = VECTOR('',#11447,1.);
#11447 = DIRECTION('',(0.,0.,1.));
#11448 = ORIENTED_EDGE('',*,*,#2563,.F.);
#11449 = PLANE('',#11450);
#11450 = AXIS2_PLACEMENT_3D('',#11451,#11452,#11453);
#11451 = CARTESIAN_POINT('',(10.828126688235,-1.683623888922,13.6));
#11452 = DIRECTION('',(1.,0.,0.));
#11453 = DIRECTION('',(0.,0.,1.));
#11454 = ADVANCED_FACE('',(#11455),#11473,.T.);
#11455 = FACE_BOUND('',#11456,.T.);
#11456 = EDGE_LOOP('',(#11457,#11465,#11471,#11472));
#11457 = ORIENTED_EDGE('',*,*,#11458,.F.);
#11458 = EDGE_CURVE('',#11459,#11436,#11461,.T.);
#11459 = VERTEX_POINT('',#11460);
#11460 = CARTESIAN_POINT('',(9.212126688235,-1.083623888922,13.6));
#11461 = LINE('',#11462,#11463);
#11462 = CARTESIAN_POINT('',(9.212126688235,-1.083623888922,13.6));
#11463 = VECTOR('',#11464,1.);
#11464 = DIRECTION('',(1.,0.,0.));
#11465 = ORIENTED_EDGE('',*,*,#11466,.T.);
#11466 = EDGE_CURVE('',#11459,#2548,#11467,.T.);
#11467 = LINE('',#11468,#11469);
#11468 = CARTESIAN_POINT('',(9.212126688235,-1.083623888922,13.6));
#11469 = VECTOR('',#11470,1.);
#11470 = DIRECTION('',(0.,0.,1.));
#11471 = ORIENTED_EDGE('',*,*,#2555,.T.);
#11472 = ORIENTED_EDGE('',*,*,#11443,.F.);
#11473 = PLANE('',#11474);
#11474 = AXIS2_PLACEMENT_3D('',#11475,#11476,#11477);
#11475 = CARTESIAN_POINT('',(9.212126688235,-1.083623888922,13.6));
#11476 = DIRECTION('',(0.,1.,0.));
#11477 = DIRECTION('',(0.,0.,1.));
#11478 = ADVANCED_FACE('',(#11479),#11490,.F.);
#11479 = FACE_BOUND('',#11480,.F.);
#11480 = EDGE_LOOP('',(#11481,#11482,#11488,#11489));
#11481 = ORIENTED_EDGE('',*,*,#11413,.F.);
#11482 = ORIENTED_EDGE('',*,*,#11483,.T.);
#11483 = EDGE_CURVE('',#11404,#11459,#11484,.T.);
#11484 = LINE('',#11485,#11486);
#11485 = CARTESIAN_POINT('',(9.212126688235,-1.683623888922,13.6));
#11486 = VECTOR('',#11487,1.);
#11487 = DIRECTION('',(0.,1.,0.));
#11488 = ORIENTED_EDGE('',*,*,#11466,.T.);
#11489 = ORIENTED_EDGE('',*,*,#2547,.F.);
#11490 = PLANE('',#11491);
#11491 = AXIS2_PLACEMENT_3D('',#11492,#11493,#11494);
#11492 = CARTESIAN_POINT('',(9.212126688235,-1.683623888922,13.6));
#11493 = DIRECTION('',(1.,0.,0.));
#11494 = DIRECTION('',(0.,0.,1.));
#11495 = ADVANCED_FACE('',(#11496),#11521,.F.);
#11496 = FACE_BOUND('',#11497,.F.);
#11497 = EDGE_LOOP('',(#11498,#11508,#11514,#11515));
#11498 = ORIENTED_EDGE('',*,*,#11499,.F.);
#11499 = EDGE_CURVE('',#11500,#11502,#11504,.T.);
#11500 = VERTEX_POINT('',#11501);
#11501 = CARTESIAN_POINT('',(13.092206440174,3.237358337562,11.15));
#11502 = VERTEX_POINT('',#11503);
#11503 = CARTESIAN_POINT('',(13.092206440174,-4.722641662438,11.15));
#11504 = LINE('',#11505,#11506);
#11505 = CARTESIAN_POINT('',(13.092206440174,3.237358337562,11.15));
#11506 = VECTOR('',#11507,1.);
#11507 = DIRECTION('',(1.110223024625E-16,-1.,0.));
#11508 = ORIENTED_EDGE('',*,*,#11509,.T.);
#11509 = EDGE_CURVE('',#11500,#2572,#11510,.T.);
#11510 = LINE('',#11511,#11512);
#11511 = CARTESIAN_POINT('',(13.092206440174,3.237358337562,11.15));
#11512 = VECTOR('',#11513,1.);
#11513 = DIRECTION('',(0.,0.,1.));
#11514 = ORIENTED_EDGE('',*,*,#2571,.T.);
#11515 = ORIENTED_EDGE('',*,*,#11516,.F.);
#11516 = EDGE_CURVE('',#11502,#2574,#11517,.T.);
#11517 = LINE('',#11518,#11519);
#11518 = CARTESIAN_POINT('',(13.092206440174,-4.722641662438,11.15));
#11519 = VECTOR('',#11520,1.);
#11520 = DIRECTION('',(0.,0.,1.));
#11521 = PLANE('',#11522);
#11522 = AXIS2_PLACEMENT_3D('',#11523,#11524,#11525);
#11523 = CARTESIAN_POINT('',(13.092206440174,3.237358337562,11.15));
#11524 = DIRECTION('',(1.,1.110223024625E-16,0.));
#11525 = DIRECTION('',(0.,0.,1.));
#11526 = ADVANCED_FACE('',(#11527),#11545,.T.);
#11527 = FACE_BOUND('',#11528,.T.);
#11528 = EDGE_LOOP('',(#11529,#11530,#11538,#11544));
#11529 = ORIENTED_EDGE('',*,*,#11516,.F.);
#11530 = ORIENTED_EDGE('',*,*,#11531,.T.);
#11531 = EDGE_CURVE('',#11502,#11532,#11534,.T.);
#11532 = VERTEX_POINT('',#11533);
#11533 = CARTESIAN_POINT('',(19.812206440174,-4.722641662438,11.15));
#11534 = LINE('',#11535,#11536);
#11535 = CARTESIAN_POINT('',(13.092206440174,-4.722641662438,11.15));
#11536 = VECTOR('',#11537,1.);
#11537 = DIRECTION('',(1.,1.110223024625E-16,0.));
#11538 = ORIENTED_EDGE('',*,*,#11539,.T.);
#11539 = EDGE_CURVE('',#11532,#2590,#11540,.T.);
#11540 = LINE('',#11541,#11542);
#11541 = CARTESIAN_POINT('',(19.812206440174,-4.722641662438,11.15));
#11542 = VECTOR('',#11543,1.);
#11543 = DIRECTION('',(0.,0.,1.));
#11544 = ORIENTED_EDGE('',*,*,#2597,.F.);
#11545 = PLANE('',#11546);
#11546 = AXIS2_PLACEMENT_3D('',#11547,#11548,#11549);
#11547 = CARTESIAN_POINT('',(13.092206440174,-4.722641662438,11.15));
#11548 = DIRECTION('',(1.110223024625E-16,-1.,0.));
#11549 = DIRECTION('',(0.,0.,1.));
#11550 = ADVANCED_FACE('',(#11551),#11569,.T.);
#11551 = FACE_BOUND('',#11552,.T.);
#11552 = EDGE_LOOP('',(#11553,#11561,#11567,#11568));
#11553 = ORIENTED_EDGE('',*,*,#11554,.F.);
#11554 = EDGE_CURVE('',#11555,#11532,#11557,.T.);
#11555 = VERTEX_POINT('',#11556);
#11556 = CARTESIAN_POINT('',(19.812206440174,3.237358337562,11.15));
#11557 = LINE('',#11558,#11559);
#11558 = CARTESIAN_POINT('',(19.812206440174,3.237358337562,11.15));
#11559 = VECTOR('',#11560,1.);
#11560 = DIRECTION('',(1.110223024625E-16,-1.,0.));
#11561 = ORIENTED_EDGE('',*,*,#11562,.T.);
#11562 = EDGE_CURVE('',#11555,#2582,#11563,.T.);
#11563 = LINE('',#11564,#11565);
#11564 = CARTESIAN_POINT('',(19.812206440174,3.237358337562,11.15));
#11565 = VECTOR('',#11566,1.);
#11566 = DIRECTION('',(0.,0.,1.));
#11567 = ORIENTED_EDGE('',*,*,#2589,.T.);
#11568 = ORIENTED_EDGE('',*,*,#11539,.F.);
#11569 = PLANE('',#11570);
#11570 = AXIS2_PLACEMENT_3D('',#11571,#11572,#11573);
#11571 = CARTESIAN_POINT('',(19.812206440174,3.237358337562,11.15));
#11572 = DIRECTION('',(1.,1.110223024625E-16,0.));
#11573 = DIRECTION('',(0.,0.,1.));
#11574 = ADVANCED_FACE('',(#11575),#11586,.F.);
#11575 = FACE_BOUND('',#11576,.F.);
#11576 = EDGE_LOOP('',(#11577,#11578,#11584,#11585));
#11577 = ORIENTED_EDGE('',*,*,#11509,.F.);
#11578 = ORIENTED_EDGE('',*,*,#11579,.T.);
#11579 = EDGE_CURVE('',#11500,#11555,#11580,.T.);
#11580 = LINE('',#11581,#11582);
#11581 = CARTESIAN_POINT('',(13.092206440174,3.237358337562,11.15));
#11582 = VECTOR('',#11583,1.);
#11583 = DIRECTION('',(1.,1.110223024625E-16,0.));
#11584 = ORIENTED_EDGE('',*,*,#11562,.T.);
#11585 = ORIENTED_EDGE('',*,*,#2581,.F.);
#11586 = PLANE('',#11587);
#11587 = AXIS2_PLACEMENT_3D('',#11588,#11589,#11590);
#11588 = CARTESIAN_POINT('',(13.092206440174,3.237358337562,11.15));
#11589 = DIRECTION('',(1.110223024625E-16,-1.,0.));
#11590 = DIRECTION('',(0.,0.,1.));
#11591 = ADVANCED_FACE('',(#11592),#11617,.F.);
#11592 = FACE_BOUND('',#11593,.F.);
#11593 = EDGE_LOOP('',(#11594,#11604,#11610,#11611));
#11594 = ORIENTED_EDGE('',*,*,#11595,.F.);
#11595 = EDGE_CURVE('',#11596,#11598,#11600,.T.);
#11596 = VERTEX_POINT('',#11597);
#11597 = CARTESIAN_POINT('',(-20.26687684725,0.505191111917,12.75));
#11598 = VERTEX_POINT('',#11599);
#11599 = CARTESIAN_POINT('',(-16.92207684725,0.505191111917,12.75));
#11600 = LINE('',#11601,#11602);
#11601 = CARTESIAN_POINT('',(-20.26687684725,0.505191111917,12.75));
#11602 = VECTOR('',#11603,1.);
#11603 = DIRECTION('',(1.,0.,0.));
#11604 = ORIENTED_EDGE('',*,*,#11605,.T.);
#11605 = EDGE_CURVE('',#11596,#2606,#11606,.T.);
#11606 = LINE('',#11607,#11608);
#11607 = CARTESIAN_POINT('',(-20.26687684725,0.505191111917,12.75));
#11608 = VECTOR('',#11609,1.);
#11609 = DIRECTION('',(0.,0.,1.));
#11610 = ORIENTED_EDGE('',*,*,#2605,.T.);
#11611 = ORIENTED_EDGE('',*,*,#11612,.F.);
#11612 = EDGE_CURVE('',#11598,#2608,#11613,.T.);
#11613 = LINE('',#11614,#11615);
#11614 = CARTESIAN_POINT('',(-16.92207684725,0.505191111917,12.75));
#11615 = VECTOR('',#11616,1.);
#11616 = DIRECTION('',(0.,0.,1.));
#11617 = PLANE('',#11618);
#11618 = AXIS2_PLACEMENT_3D('',#11619,#11620,#11621);
#11619 = CARTESIAN_POINT('',(-20.26687684725,0.505191111917,12.75));
#11620 = DIRECTION('',(0.,1.,0.));
#11621 = DIRECTION('',(0.,0.,1.));
#11622 = ADVANCED_FACE('',(#11623),#11641,.T.);
#11623 = FACE_BOUND('',#11624,.T.);
#11624 = EDGE_LOOP('',(#11625,#11626,#11634,#11640));
#11625 = ORIENTED_EDGE('',*,*,#11612,.F.);
#11626 = ORIENTED_EDGE('',*,*,#11627,.T.);
#11627 = EDGE_CURVE('',#11598,#11628,#11630,.T.);
#11628 = VERTEX_POINT('',#11629);
#11629 = CARTESIAN_POINT('',(-16.92207684725,3.705191111917,12.75));
#11630 = LINE('',#11631,#11632);
#11631 = CARTESIAN_POINT('',(-16.92207684725,0.505191111917,12.75));
#11632 = VECTOR('',#11633,1.);
#11633 = DIRECTION('',(0.,1.,0.));
#11634 = ORIENTED_EDGE('',*,*,#11635,.T.);
#11635 = EDGE_CURVE('',#11628,#2624,#11636,.T.);
#11636 = LINE('',#11637,#11638);
#11637 = CARTESIAN_POINT('',(-16.92207684725,3.705191111917,12.75));
#11638 = VECTOR('',#11639,1.);
#11639 = DIRECTION('',(0.,0.,1.));
#11640 = ORIENTED_EDGE('',*,*,#2631,.F.);
#11641 = PLANE('',#11642);
#11642 = AXIS2_PLACEMENT_3D('',#11643,#11644,#11645);
#11643 = CARTESIAN_POINT('',(-16.92207684725,0.505191111917,12.75));
#11644 = DIRECTION('',(1.,0.,0.));
#11645 = DIRECTION('',(0.,0.,1.));
#11646 = ADVANCED_FACE('',(#11647),#11665,.T.);
#11647 = FACE_BOUND('',#11648,.T.);
#11648 = EDGE_LOOP('',(#11649,#11657,#11663,#11664));
#11649 = ORIENTED_EDGE('',*,*,#11650,.F.);
#11650 = EDGE_CURVE('',#11651,#11628,#11653,.T.);
#11651 = VERTEX_POINT('',#11652);
#11652 = CARTESIAN_POINT('',(-20.26687684725,3.705191111917,12.75));
#11653 = LINE('',#11654,#11655);
#11654 = CARTESIAN_POINT('',(-20.26687684725,3.705191111917,12.75));
#11655 = VECTOR('',#11656,1.);
#11656 = DIRECTION('',(1.,0.,0.));
#11657 = ORIENTED_EDGE('',*,*,#11658,.T.);
#11658 = EDGE_CURVE('',#11651,#2616,#11659,.T.);
#11659 = LINE('',#11660,#11661);
#11660 = CARTESIAN_POINT('',(-20.26687684725,3.705191111917,12.75));
#11661 = VECTOR('',#11662,1.);
#11662 = DIRECTION('',(0.,0.,1.));
#11663 = ORIENTED_EDGE('',*,*,#2623,.T.);
#11664 = ORIENTED_EDGE('',*,*,#11635,.F.);
#11665 = PLANE('',#11666);
#11666 = AXIS2_PLACEMENT_3D('',#11667,#11668,#11669);
#11667 = CARTESIAN_POINT('',(-20.26687684725,3.705191111917,12.75));
#11668 = DIRECTION('',(0.,1.,0.));
#11669 = DIRECTION('',(0.,0.,1.));
#11670 = ADVANCED_FACE('',(#11671),#11682,.F.);
#11671 = FACE_BOUND('',#11672,.F.);
#11672 = EDGE_LOOP('',(#11673,#11674,#11680,#11681));
#11673 = ORIENTED_EDGE('',*,*,#11605,.F.);
#11674 = ORIENTED_EDGE('',*,*,#11675,.T.);
#11675 = EDGE_CURVE('',#11596,#11651,#11676,.T.);
#11676 = LINE('',#11677,#11678);
#11677 = CARTESIAN_POINT('',(-20.26687684725,0.505191111917,12.75));
#11678 = VECTOR('',#11679,1.);
#11679 = DIRECTION('',(0.,1.,0.));
#11680 = ORIENTED_EDGE('',*,*,#11658,.T.);
#11681 = ORIENTED_EDGE('',*,*,#2615,.F.);
#11682 = PLANE('',#11683);
#11683 = AXIS2_PLACEMENT_3D('',#11684,#11685,#11686);
#11684 = CARTESIAN_POINT('',(-20.26687684725,0.505191111917,12.75));
#11685 = DIRECTION('',(1.,0.,0.));
#11686 = DIRECTION('',(0.,0.,1.));
#11687 = ADVANCED_FACE('',(#11688),#11713,.F.);
#11688 = FACE_BOUND('',#11689,.F.);
#11689 = EDGE_LOOP('',(#11690,#11700,#11706,#11707));
#11690 = ORIENTED_EDGE('',*,*,#11691,.F.);
#11691 = EDGE_CURVE('',#11692,#11694,#11696,.T.);
#11692 = VERTEX_POINT('',#11693);
#11693 = CARTESIAN_POINT('',(-15.13164812158,-0.470128048186,12.75));
#11694 = VERTEX_POINT('',#11695);
#11695 = CARTESIAN_POINT('',(-11.78684812158,-0.470128048186,12.75));
#11696 = LINE('',#11697,#11698);
#11697 = CARTESIAN_POINT('',(-15.13164812158,-0.470128048186,12.75));
#11698 = VECTOR('',#11699,1.);
#11699 = DIRECTION('',(1.,0.,0.));
#11700 = ORIENTED_EDGE('',*,*,#11701,.T.);
#11701 = EDGE_CURVE('',#11692,#2640,#11702,.T.);
#11702 = LINE('',#11703,#11704);
#11703 = CARTESIAN_POINT('',(-15.13164812158,-0.470128048186,12.75));
#11704 = VECTOR('',#11705,1.);
#11705 = DIRECTION('',(0.,0.,1.));
#11706 = ORIENTED_EDGE('',*,*,#2639,.T.);
#11707 = ORIENTED_EDGE('',*,*,#11708,.F.);
#11708 = EDGE_CURVE('',#11694,#2642,#11709,.T.);
#11709 = LINE('',#11710,#11711);
#11710 = CARTESIAN_POINT('',(-11.78684812158,-0.470128048186,12.75));
#11711 = VECTOR('',#11712,1.);
#11712 = DIRECTION('',(0.,0.,1.));
#11713 = PLANE('',#11714);
#11714 = AXIS2_PLACEMENT_3D('',#11715,#11716,#11717);
#11715 = CARTESIAN_POINT('',(-15.13164812158,-0.470128048186,12.75));
#11716 = DIRECTION('',(0.,1.,0.));
#11717 = DIRECTION('',(0.,0.,1.));
#11718 = ADVANCED_FACE('',(#11719),#11737,.T.);
#11719 = FACE_BOUND('',#11720,.T.);
#11720 = EDGE_LOOP('',(#11721,#11722,#11730,#11736));
#11721 = ORIENTED_EDGE('',*,*,#11708,.F.);
#11722 = ORIENTED_EDGE('',*,*,#11723,.T.);
#11723 = EDGE_CURVE('',#11694,#11724,#11726,.T.);
#11724 = VERTEX_POINT('',#11725);
#11725 = CARTESIAN_POINT('',(-11.78684812158,2.729871951814,12.75));
#11726 = LINE('',#11727,#11728);
#11727 = CARTESIAN_POINT('',(-11.78684812158,-0.470128048186,12.75));
#11728 = VECTOR('',#11729,1.);
#11729 = DIRECTION('',(0.,1.,0.));
#11730 = ORIENTED_EDGE('',*,*,#11731,.T.);
#11731 = EDGE_CURVE('',#11724,#2658,#11732,.T.);
#11732 = LINE('',#11733,#11734);
#11733 = CARTESIAN_POINT('',(-11.78684812158,2.729871951814,12.75));
#11734 = VECTOR('',#11735,1.);
#11735 = DIRECTION('',(0.,0.,1.));
#11736 = ORIENTED_EDGE('',*,*,#2665,.F.);
#11737 = PLANE('',#11738);
#11738 = AXIS2_PLACEMENT_3D('',#11739,#11740,#11741);
#11739 = CARTESIAN_POINT('',(-11.78684812158,-0.470128048186,12.75));
#11740 = DIRECTION('',(1.,0.,0.));
#11741 = DIRECTION('',(0.,0.,1.));
#11742 = ADVANCED_FACE('',(#11743),#11761,.T.);
#11743 = FACE_BOUND('',#11744,.T.);
#11744 = EDGE_LOOP('',(#11745,#11753,#11759,#11760));
#11745 = ORIENTED_EDGE('',*,*,#11746,.F.);
#11746 = EDGE_CURVE('',#11747,#11724,#11749,.T.);
#11747 = VERTEX_POINT('',#11748);
#11748 = CARTESIAN_POINT('',(-15.13164812158,2.729871951814,12.75));
#11749 = LINE('',#11750,#11751);
#11750 = CARTESIAN_POINT('',(-15.13164812158,2.729871951814,12.75));
#11751 = VECTOR('',#11752,1.);
#11752 = DIRECTION('',(1.,0.,0.));
#11753 = ORIENTED_EDGE('',*,*,#11754,.T.);
#11754 = EDGE_CURVE('',#11747,#2650,#11755,.T.);
#11755 = LINE('',#11756,#11757);
#11756 = CARTESIAN_POINT('',(-15.13164812158,2.729871951814,12.75));
#11757 = VECTOR('',#11758,1.);
#11758 = DIRECTION('',(0.,0.,1.));
#11759 = ORIENTED_EDGE('',*,*,#2657,.T.);
#11760 = ORIENTED_EDGE('',*,*,#11731,.F.);
#11761 = PLANE('',#11762);
#11762 = AXIS2_PLACEMENT_3D('',#11763,#11764,#11765);
#11763 = CARTESIAN_POINT('',(-15.13164812158,2.729871951814,12.75));
#11764 = DIRECTION('',(0.,1.,0.));
#11765 = DIRECTION('',(0.,0.,1.));
#11766 = ADVANCED_FACE('',(#11767),#11778,.F.);
#11767 = FACE_BOUND('',#11768,.F.);
#11768 = EDGE_LOOP('',(#11769,#11770,#11776,#11777));
#11769 = ORIENTED_EDGE('',*,*,#11701,.F.);
#11770 = ORIENTED_EDGE('',*,*,#11771,.T.);
#11771 = EDGE_CURVE('',#11692,#11747,#11772,.T.);
#11772 = LINE('',#11773,#11774);
#11773 = CARTESIAN_POINT('',(-15.13164812158,-0.470128048186,12.75));
#11774 = VECTOR('',#11775,1.);
#11775 = DIRECTION('',(0.,1.,0.));
#11776 = ORIENTED_EDGE('',*,*,#11754,.T.);
#11777 = ORIENTED_EDGE('',*,*,#2649,.F.);
#11778 = PLANE('',#11779);
#11779 = AXIS2_PLACEMENT_3D('',#11780,#11781,#11782);
#11780 = CARTESIAN_POINT('',(-15.13164812158,-0.470128048186,12.75));
#11781 = DIRECTION('',(1.,0.,0.));
#11782 = DIRECTION('',(0.,0.,1.));
#11783 = ADVANCED_FACE('',(#11784),#11809,.F.);
#11784 = FACE_BOUND('',#11785,.F.);
#11785 = EDGE_LOOP('',(#11786,#11796,#11802,#11803));
#11786 = ORIENTED_EDGE('',*,*,#11787,.F.);
#11787 = EDGE_CURVE('',#11788,#11790,#11792,.T.);
#11788 = VERTEX_POINT('',#11789);
#11789 = CARTESIAN_POINT('',(-10.95458657166,1.503573922225,13.6));
#11790 = VERTEX_POINT('',#11791);
#11791 = CARTESIAN_POINT('',(-10.95458657166,-0.112426077775,13.6));
#11792 = LINE('',#11793,#11794);
#11793 = CARTESIAN_POINT('',(-10.95458657166,1.503573922225,13.6));
#11794 = VECTOR('',#11795,1.);
#11795 = DIRECTION('',(1.110223024625E-16,-1.,0.));
#11796 = ORIENTED_EDGE('',*,*,#11797,.T.);
#11797 = EDGE_CURVE('',#11788,#2674,#11798,.T.);
#11798 = LINE('',#11799,#11800);
#11799 = CARTESIAN_POINT('',(-10.95458657166,1.503573922225,13.6));
#11800 = VECTOR('',#11801,1.);
#11801 = DIRECTION('',(0.,0.,1.));
#11802 = ORIENTED_EDGE('',*,*,#2673,.T.);
#11803 = ORIENTED_EDGE('',*,*,#11804,.F.);
#11804 = EDGE_CURVE('',#11790,#2676,#11805,.T.);
#11805 = LINE('',#11806,#11807);
#11806 = CARTESIAN_POINT('',(-10.95458657166,-0.112426077775,13.6));
#11807 = VECTOR('',#11808,1.);
#11808 = DIRECTION('',(0.,0.,1.));
#11809 = PLANE('',#11810);
#11810 = AXIS2_PLACEMENT_3D('',#11811,#11812,#11813);
#11811 = CARTESIAN_POINT('',(-10.95458657166,1.503573922225,13.6));
#11812 = DIRECTION('',(1.,1.110223024625E-16,0.));
#11813 = DIRECTION('',(0.,0.,1.));
#11814 = ADVANCED_FACE('',(#11815),#11833,.T.);
#11815 = FACE_BOUND('',#11816,.T.);
#11816 = EDGE_LOOP('',(#11817,#11818,#11826,#11832));
#11817 = ORIENTED_EDGE('',*,*,#11804,.F.);
#11818 = ORIENTED_EDGE('',*,*,#11819,.T.);
#11819 = EDGE_CURVE('',#11790,#11820,#11822,.T.);
#11820 = VERTEX_POINT('',#11821);
#11821 = CARTESIAN_POINT('',(-10.35458657166,-0.112426077775,13.6));
#11822 = LINE('',#11823,#11824);
#11823 = CARTESIAN_POINT('',(-10.95458657166,-0.112426077775,13.6));
#11824 = VECTOR('',#11825,1.);
#11825 = DIRECTION('',(1.,1.110223024625E-16,0.));
#11826 = ORIENTED_EDGE('',*,*,#11827,.T.);
#11827 = EDGE_CURVE('',#11820,#2692,#11828,.T.);
#11828 = LINE('',#11829,#11830);
#11829 = CARTESIAN_POINT('',(-10.35458657166,-0.112426077775,13.6));
#11830 = VECTOR('',#11831,1.);
#11831 = DIRECTION('',(0.,0.,1.));
#11832 = ORIENTED_EDGE('',*,*,#2699,.F.);
#11833 = PLANE('',#11834);
#11834 = AXIS2_PLACEMENT_3D('',#11835,#11836,#11837);
#11835 = CARTESIAN_POINT('',(-10.95458657166,-0.112426077775,13.6));
#11836 = DIRECTION('',(1.110223024625E-16,-1.,0.));
#11837 = DIRECTION('',(0.,0.,1.));
#11838 = ADVANCED_FACE('',(#11839),#11857,.T.);
#11839 = FACE_BOUND('',#11840,.T.);
#11840 = EDGE_LOOP('',(#11841,#11849,#11855,#11856));
#11841 = ORIENTED_EDGE('',*,*,#11842,.F.);
#11842 = EDGE_CURVE('',#11843,#11820,#11845,.T.);
#11843 = VERTEX_POINT('',#11844);
#11844 = CARTESIAN_POINT('',(-10.35458657166,1.503573922225,13.6));
#11845 = LINE('',#11846,#11847);
#11846 = CARTESIAN_POINT('',(-10.35458657166,1.503573922225,13.6));
#11847 = VECTOR('',#11848,1.);
#11848 = DIRECTION('',(1.110223024625E-16,-1.,0.));
#11849 = ORIENTED_EDGE('',*,*,#11850,.T.);
#11850 = EDGE_CURVE('',#11843,#2684,#11851,.T.);
#11851 = LINE('',#11852,#11853);
#11852 = CARTESIAN_POINT('',(-10.35458657166,1.503573922225,13.6));
#11853 = VECTOR('',#11854,1.);
#11854 = DIRECTION('',(0.,0.,1.));
#11855 = ORIENTED_EDGE('',*,*,#2691,.T.);
#11856 = ORIENTED_EDGE('',*,*,#11827,.F.);
#11857 = PLANE('',#11858);
#11858 = AXIS2_PLACEMENT_3D('',#11859,#11860,#11861);
#11859 = CARTESIAN_POINT('',(-10.35458657166,1.503573922225,13.6));
#11860 = DIRECTION('',(1.,1.110223024625E-16,0.));
#11861 = DIRECTION('',(0.,0.,1.));
#11862 = ADVANCED_FACE('',(#11863),#11874,.F.);
#11863 = FACE_BOUND('',#11864,.F.);
#11864 = EDGE_LOOP('',(#11865,#11866,#11872,#11873));
#11865 = ORIENTED_EDGE('',*,*,#11797,.F.);
#11866 = ORIENTED_EDGE('',*,*,#11867,.T.);
#11867 = EDGE_CURVE('',#11788,#11843,#11868,.T.);
#11868 = LINE('',#11869,#11870);
#11869 = CARTESIAN_POINT('',(-10.95458657166,1.503573922225,13.6));
#11870 = VECTOR('',#11871,1.);
#11871 = DIRECTION('',(1.,1.110223024625E-16,0.));
#11872 = ORIENTED_EDGE('',*,*,#11850,.T.);
#11873 = ORIENTED_EDGE('',*,*,#2683,.F.);
#11874 = PLANE('',#11875);
#11875 = AXIS2_PLACEMENT_3D('',#11876,#11877,#11878);
#11876 = CARTESIAN_POINT('',(-10.95458657166,1.503573922225,13.6));
#11877 = DIRECTION('',(1.110223024625E-16,-1.,0.));
#11878 = DIRECTION('',(0.,0.,1.));
#11879 = ADVANCED_FACE('',(#11880),#11905,.F.);
#11880 = FACE_BOUND('',#11881,.F.);
#11881 = EDGE_LOOP('',(#11882,#11892,#11898,#11899));
#11882 = ORIENTED_EDGE('',*,*,#11883,.F.);
#11883 = EDGE_CURVE('',#11884,#11886,#11888,.T.);
#11884 = VERTEX_POINT('',#11885);
#11885 = CARTESIAN_POINT('',(-17.5383871881,4.792165706555,13.6));
#11886 = VERTEX_POINT('',#11887);
#11887 = CARTESIAN_POINT('',(-15.9223871881,4.792165706555,13.6));
#11888 = LINE('',#11889,#11890);
#11889 = CARTESIAN_POINT('',(-17.5383871881,4.792165706555,13.6));
#11890 = VECTOR('',#11891,1.);
#11891 = DIRECTION('',(1.,0.,0.));
#11892 = ORIENTED_EDGE('',*,*,#11893,.T.);
#11893 = EDGE_CURVE('',#11884,#2708,#11894,.T.);
#11894 = LINE('',#11895,#11896);
#11895 = CARTESIAN_POINT('',(-17.5383871881,4.792165706555,13.6));
#11896 = VECTOR('',#11897,1.);
#11897 = DIRECTION('',(0.,0.,1.));
#11898 = ORIENTED_EDGE('',*,*,#2707,.T.);
#11899 = ORIENTED_EDGE('',*,*,#11900,.F.);
#11900 = EDGE_CURVE('',#11886,#2710,#11901,.T.);
#11901 = LINE('',#11902,#11903);
#11902 = CARTESIAN_POINT('',(-15.9223871881,4.792165706555,13.6));
#11903 = VECTOR('',#11904,1.);
#11904 = DIRECTION('',(0.,0.,1.));
#11905 = PLANE('',#11906);
#11906 = AXIS2_PLACEMENT_3D('',#11907,#11908,#11909);
#11907 = CARTESIAN_POINT('',(-17.5383871881,4.792165706555,13.6));
#11908 = DIRECTION('',(0.,1.,0.));
#11909 = DIRECTION('',(0.,0.,1.));
#11910 = ADVANCED_FACE('',(#11911),#11929,.T.);
#11911 = FACE_BOUND('',#11912,.T.);
#11912 = EDGE_LOOP('',(#11913,#11914,#11922,#11928));
#11913 = ORIENTED_EDGE('',*,*,#11900,.F.);
#11914 = ORIENTED_EDGE('',*,*,#11915,.T.);
#11915 = EDGE_CURVE('',#11886,#11916,#11918,.T.);
#11916 = VERTEX_POINT('',#11917);
#11917 = CARTESIAN_POINT('',(-15.9223871881,5.392165706555,13.6));
#11918 = LINE('',#11919,#11920);
#11919 = CARTESIAN_POINT('',(-15.9223871881,4.792165706555,13.6));
#11920 = VECTOR('',#11921,1.);
#11921 = DIRECTION('',(0.,1.,0.));
#11922 = ORIENTED_EDGE('',*,*,#11923,.T.);
#11923 = EDGE_CURVE('',#11916,#2726,#11924,.T.);
#11924 = LINE('',#11925,#11926);
#11925 = CARTESIAN_POINT('',(-15.9223871881,5.392165706555,13.6));
#11926 = VECTOR('',#11927,1.);
#11927 = DIRECTION('',(0.,0.,1.));
#11928 = ORIENTED_EDGE('',*,*,#2733,.F.);
#11929 = PLANE('',#11930);
#11930 = AXIS2_PLACEMENT_3D('',#11931,#11932,#11933);
#11931 = CARTESIAN_POINT('',(-15.9223871881,4.792165706555,13.6));
#11932 = DIRECTION('',(1.,0.,0.));
#11933 = DIRECTION('',(0.,0.,1.));
#11934 = ADVANCED_FACE('',(#11935),#11953,.T.);
#11935 = FACE_BOUND('',#11936,.T.);
#11936 = EDGE_LOOP('',(#11937,#11945,#11951,#11952));
#11937 = ORIENTED_EDGE('',*,*,#11938,.F.);
#11938 = EDGE_CURVE('',#11939,#11916,#11941,.T.);
#11939 = VERTEX_POINT('',#11940);
#11940 = CARTESIAN_POINT('',(-17.5383871881,5.392165706555,13.6));
#11941 = LINE('',#11942,#11943);
#11942 = CARTESIAN_POINT('',(-17.5383871881,5.392165706555,13.6));
#11943 = VECTOR('',#11944,1.);
#11944 = DIRECTION('',(1.,0.,0.));
#11945 = ORIENTED_EDGE('',*,*,#11946,.T.);
#11946 = EDGE_CURVE('',#11939,#2718,#11947,.T.);
#11947 = LINE('',#11948,#11949);
#11948 = CARTESIAN_POINT('',(-17.5383871881,5.392165706555,13.6));
#11949 = VECTOR('',#11950,1.);
#11950 = DIRECTION('',(0.,0.,1.));
#11951 = ORIENTED_EDGE('',*,*,#2725,.T.);
#11952 = ORIENTED_EDGE('',*,*,#11923,.F.);
#11953 = PLANE('',#11954);
#11954 = AXIS2_PLACEMENT_3D('',#11955,#11956,#11957);
#11955 = CARTESIAN_POINT('',(-17.5383871881,5.392165706555,13.6));
#11956 = DIRECTION('',(0.,1.,0.));
#11957 = DIRECTION('',(0.,0.,1.));
#11958 = ADVANCED_FACE('',(#11959),#11970,.F.);
#11959 = FACE_BOUND('',#11960,.F.);
#11960 = EDGE_LOOP('',(#11961,#11962,#11968,#11969));
#11961 = ORIENTED_EDGE('',*,*,#11893,.F.);
#11962 = ORIENTED_EDGE('',*,*,#11963,.T.);
#11963 = EDGE_CURVE('',#11884,#11939,#11964,.T.);
#11964 = LINE('',#11965,#11966);
#11965 = CARTESIAN_POINT('',(-17.5383871881,4.792165706555,13.6));
#11966 = VECTOR('',#11967,1.);
#11967 = DIRECTION('',(0.,1.,0.));
#11968 = ORIENTED_EDGE('',*,*,#11946,.T.);
#11969 = ORIENTED_EDGE('',*,*,#2717,.F.);
#11970 = PLANE('',#11971);
#11971 = AXIS2_PLACEMENT_3D('',#11972,#11973,#11974);
#11972 = CARTESIAN_POINT('',(-17.5383871881,4.792165706555,13.6));
#11973 = DIRECTION('',(1.,0.,0.));
#11974 = DIRECTION('',(0.,0.,1.));
#11975 = ADVANCED_FACE('',(#11976),#12001,.F.);
#11976 = FACE_BOUND('',#11977,.F.);
#11977 = EDGE_LOOP('',(#11978,#11988,#11994,#11995));
#11978 = ORIENTED_EDGE('',*,*,#11979,.F.);
#11979 = EDGE_CURVE('',#11980,#11982,#11984,.T.);
#11980 = VERTEX_POINT('',#11981);
#11981 = CARTESIAN_POINT('',(-17.49646645652,7.558217008345,13.6));
#11982 = VERTEX_POINT('',#11983);
#11983 = CARTESIAN_POINT('',(-17.49646645652,5.942217008345,13.6));
#11984 = LINE('',#11985,#11986);
#11985 = CARTESIAN_POINT('',(-17.49646645652,7.558217008345,13.6));
#11986 = VECTOR('',#11987,1.);
#11987 = DIRECTION('',(1.110223024625E-16,-1.,0.));
#11988 = ORIENTED_EDGE('',*,*,#11989,.T.);
#11989 = EDGE_CURVE('',#11980,#2742,#11990,.T.);
#11990 = LINE('',#11991,#11992);
#11991 = CARTESIAN_POINT('',(-17.49646645652,7.558217008345,13.6));
#11992 = VECTOR('',#11993,1.);
#11993 = DIRECTION('',(0.,0.,1.));
#11994 = ORIENTED_EDGE('',*,*,#2741,.T.);
#11995 = ORIENTED_EDGE('',*,*,#11996,.F.);
#11996 = EDGE_CURVE('',#11982,#2744,#11997,.T.);
#11997 = LINE('',#11998,#11999);
#11998 = CARTESIAN_POINT('',(-17.49646645652,5.942217008345,13.6));
#11999 = VECTOR('',#12000,1.);
#12000 = DIRECTION('',(0.,0.,1.));
#12001 = PLANE('',#12002);
#12002 = AXIS2_PLACEMENT_3D('',#12003,#12004,#12005);
#12003 = CARTESIAN_POINT('',(-17.49646645652,7.558217008345,13.6));
#12004 = DIRECTION('',(1.,1.110223024625E-16,0.));
#12005 = DIRECTION('',(0.,0.,1.));
#12006 = ADVANCED_FACE('',(#12007),#12025,.T.);
#12007 = FACE_BOUND('',#12008,.T.);
#12008 = EDGE_LOOP('',(#12009,#12010,#12018,#12024));
#12009 = ORIENTED_EDGE('',*,*,#11996,.F.);
#12010 = ORIENTED_EDGE('',*,*,#12011,.T.);
#12011 = EDGE_CURVE('',#11982,#12012,#12014,.T.);
#12012 = VERTEX_POINT('',#12013);
#12013 = CARTESIAN_POINT('',(-16.89646645652,5.942217008345,13.6));
#12014 = LINE('',#12015,#12016);
#12015 = CARTESIAN_POINT('',(-17.49646645652,5.942217008345,13.6));
#12016 = VECTOR('',#12017,1.);
#12017 = DIRECTION('',(1.,1.110223024625E-16,0.));
#12018 = ORIENTED_EDGE('',*,*,#12019,.T.);
#12019 = EDGE_CURVE('',#12012,#2760,#12020,.T.);
#12020 = LINE('',#12021,#12022);
#12021 = CARTESIAN_POINT('',(-16.89646645652,5.942217008345,13.6));
#12022 = VECTOR('',#12023,1.);
#12023 = DIRECTION('',(0.,0.,1.));
#12024 = ORIENTED_EDGE('',*,*,#2767,.F.);
#12025 = PLANE('',#12026);
#12026 = AXIS2_PLACEMENT_3D('',#12027,#12028,#12029);
#12027 = CARTESIAN_POINT('',(-17.49646645652,5.942217008345,13.6));
#12028 = DIRECTION('',(1.110223024625E-16,-1.,0.));
#12029 = DIRECTION('',(0.,0.,1.));
#12030 = ADVANCED_FACE('',(#12031),#12049,.T.);
#12031 = FACE_BOUND('',#12032,.T.);
#12032 = EDGE_LOOP('',(#12033,#12041,#12047,#12048));
#12033 = ORIENTED_EDGE('',*,*,#12034,.F.);
#12034 = EDGE_CURVE('',#12035,#12012,#12037,.T.);
#12035 = VERTEX_POINT('',#12036);
#12036 = CARTESIAN_POINT('',(-16.89646645652,7.558217008345,13.6));
#12037 = LINE('',#12038,#12039);
#12038 = CARTESIAN_POINT('',(-16.89646645652,7.558217008345,13.6));
#12039 = VECTOR('',#12040,1.);
#12040 = DIRECTION('',(1.110223024625E-16,-1.,0.));
#12041 = ORIENTED_EDGE('',*,*,#12042,.T.);
#12042 = EDGE_CURVE('',#12035,#2752,#12043,.T.);
#12043 = LINE('',#12044,#12045);
#12044 = CARTESIAN_POINT('',(-16.89646645652,7.558217008345,13.6));
#12045 = VECTOR('',#12046,1.);
#12046 = DIRECTION('',(0.,0.,1.));
#12047 = ORIENTED_EDGE('',*,*,#2759,.T.);
#12048 = ORIENTED_EDGE('',*,*,#12019,.F.);
#12049 = PLANE('',#12050);
#12050 = AXIS2_PLACEMENT_3D('',#12051,#12052,#12053);
#12051 = CARTESIAN_POINT('',(-16.89646645652,7.558217008345,13.6));
#12052 = DIRECTION('',(1.,1.110223024625E-16,0.));
#12053 = DIRECTION('',(0.,0.,1.));
#12054 = ADVANCED_FACE('',(#12055),#12066,.F.);
#12055 = FACE_BOUND('',#12056,.F.);
#12056 = EDGE_LOOP('',(#12057,#12058,#12064,#12065));
#12057 = ORIENTED_EDGE('',*,*,#11989,.F.);
#12058 = ORIENTED_EDGE('',*,*,#12059,.T.);
#12059 = EDGE_CURVE('',#11980,#12035,#12060,.T.);
#12060 = LINE('',#12061,#12062);
#12061 = CARTESIAN_POINT('',(-17.49646645652,7.558217008345,13.6));
#12062 = VECTOR('',#12063,1.);
#12063 = DIRECTION('',(1.,1.110223024625E-16,0.));
#12064 = ORIENTED_EDGE('',*,*,#12042,.T.);
#12065 = ORIENTED_EDGE('',*,*,#2751,.F.);
#12066 = PLANE('',#12067);
#12067 = AXIS2_PLACEMENT_3D('',#12068,#12069,#12070);
#12068 = CARTESIAN_POINT('',(-17.49646645652,7.558217008345,13.6));
#12069 = DIRECTION('',(1.110223024625E-16,-1.,0.));
#12070 = DIRECTION('',(0.,0.,1.));
#12071 = ADVANCED_FACE('',(#12072),#12097,.F.);
#12072 = FACE_BOUND('',#12073,.F.);
#12073 = EDGE_LOOP('',(#12074,#12084,#12090,#12091));
#12074 = ORIENTED_EDGE('',*,*,#12075,.F.);
#12075 = EDGE_CURVE('',#12076,#12078,#12080,.T.);
#12076 = VERTEX_POINT('',#12077);
#12077 = CARTESIAN_POINT('',(-15.40446645652,5.250217008345,13.6));
#12078 = VERTEX_POINT('',#12079);
#12079 = CARTESIAN_POINT('',(-13.78846645652,5.250217008345,13.6));
#12080 = LINE('',#12081,#12082);
#12081 = CARTESIAN_POINT('',(-15.40446645652,5.250217008345,13.6));
#12082 = VECTOR('',#12083,1.);
#12083 = DIRECTION('',(1.,0.,0.));
#12084 = ORIENTED_EDGE('',*,*,#12085,.T.);
#12085 = EDGE_CURVE('',#12076,#2776,#12086,.T.);
#12086 = LINE('',#12087,#12088);
#12087 = CARTESIAN_POINT('',(-15.40446645652,5.250217008345,13.6));
#12088 = VECTOR('',#12089,1.);
#12089 = DIRECTION('',(0.,0.,1.));
#12090 = ORIENTED_EDGE('',*,*,#2775,.T.);
#12091 = ORIENTED_EDGE('',*,*,#12092,.F.);
#12092 = EDGE_CURVE('',#12078,#2778,#12093,.T.);
#12093 = LINE('',#12094,#12095);
#12094 = CARTESIAN_POINT('',(-13.78846645652,5.250217008345,13.6));
#12095 = VECTOR('',#12096,1.);
#12096 = DIRECTION('',(0.,0.,1.));
#12097 = PLANE('',#12098);
#12098 = AXIS2_PLACEMENT_3D('',#12099,#12100,#12101);
#12099 = CARTESIAN_POINT('',(-15.40446645652,5.250217008345,13.6));
#12100 = DIRECTION('',(0.,1.,0.));
#12101 = DIRECTION('',(0.,0.,1.));
#12102 = ADVANCED_FACE('',(#12103),#12121,.T.);
#12103 = FACE_BOUND('',#12104,.T.);
#12104 = EDGE_LOOP('',(#12105,#12106,#12114,#12120));
#12105 = ORIENTED_EDGE('',*,*,#12092,.F.);
#12106 = ORIENTED_EDGE('',*,*,#12107,.T.);
#12107 = EDGE_CURVE('',#12078,#12108,#12110,.T.);
#12108 = VERTEX_POINT('',#12109);
#12109 = CARTESIAN_POINT('',(-13.78846645652,5.850217008345,13.6));
#12110 = LINE('',#12111,#12112);
#12111 = CARTESIAN_POINT('',(-13.78846645652,5.250217008345,13.6));
#12112 = VECTOR('',#12113,1.);
#12113 = DIRECTION('',(0.,1.,0.));
#12114 = ORIENTED_EDGE('',*,*,#12115,.T.);
#12115 = EDGE_CURVE('',#12108,#2794,#12116,.T.);
#12116 = LINE('',#12117,#12118);
#12117 = CARTESIAN_POINT('',(-13.78846645652,5.850217008345,13.6));
#12118 = VECTOR('',#12119,1.);
#12119 = DIRECTION('',(0.,0.,1.));
#12120 = ORIENTED_EDGE('',*,*,#2801,.F.);
#12121 = PLANE('',#12122);
#12122 = AXIS2_PLACEMENT_3D('',#12123,#12124,#12125);
#12123 = CARTESIAN_POINT('',(-13.78846645652,5.250217008345,13.6));
#12124 = DIRECTION('',(1.,0.,0.));
#12125 = DIRECTION('',(0.,0.,1.));
#12126 = ADVANCED_FACE('',(#12127),#12145,.T.);
#12127 = FACE_BOUND('',#12128,.T.);
#12128 = EDGE_LOOP('',(#12129,#12137,#12143,#12144));
#12129 = ORIENTED_EDGE('',*,*,#12130,.F.);
#12130 = EDGE_CURVE('',#12131,#12108,#12133,.T.);
#12131 = VERTEX_POINT('',#12132);
#12132 = CARTESIAN_POINT('',(-15.40446645652,5.850217008345,13.6));
#12133 = LINE('',#12134,#12135);
#12134 = CARTESIAN_POINT('',(-15.40446645652,5.850217008345,13.6));
#12135 = VECTOR('',#12136,1.);
#12136 = DIRECTION('',(1.,0.,0.));
#12137 = ORIENTED_EDGE('',*,*,#12138,.T.);
#12138 = EDGE_CURVE('',#12131,#2786,#12139,.T.);
#12139 = LINE('',#12140,#12141);
#12140 = CARTESIAN_POINT('',(-15.40446645652,5.850217008345,13.6));
#12141 = VECTOR('',#12142,1.);
#12142 = DIRECTION('',(0.,0.,1.));
#12143 = ORIENTED_EDGE('',*,*,#2793,.T.);
#12144 = ORIENTED_EDGE('',*,*,#12115,.F.);
#12145 = PLANE('',#12146);
#12146 = AXIS2_PLACEMENT_3D('',#12147,#12148,#12149);
#12147 = CARTESIAN_POINT('',(-15.40446645652,5.850217008345,13.6));
#12148 = DIRECTION('',(0.,1.,0.));
#12149 = DIRECTION('',(0.,0.,1.));
#12150 = ADVANCED_FACE('',(#12151),#12162,.F.);
#12151 = FACE_BOUND('',#12152,.F.);
#12152 = EDGE_LOOP('',(#12153,#12154,#12160,#12161));
#12153 = ORIENTED_EDGE('',*,*,#12085,.F.);
#12154 = ORIENTED_EDGE('',*,*,#12155,.T.);
#12155 = EDGE_CURVE('',#12076,#12131,#12156,.T.);
#12156 = LINE('',#12157,#12158);
#12157 = CARTESIAN_POINT('',(-15.40446645652,5.250217008345,13.6));
#12158 = VECTOR('',#12159,1.);
#12159 = DIRECTION('',(0.,1.,0.));
#12160 = ORIENTED_EDGE('',*,*,#12138,.T.);
#12161 = ORIENTED_EDGE('',*,*,#2785,.F.);
#12162 = PLANE('',#12163);
#12163 = AXIS2_PLACEMENT_3D('',#12164,#12165,#12166);
#12164 = CARTESIAN_POINT('',(-15.40446645652,5.250217008345,13.6));
#12165 = DIRECTION('',(1.,0.,0.));
#12166 = DIRECTION('',(0.,0.,1.));
#12167 = ADVANCED_FACE('',(#12168),#12193,.F.);
#12168 = FACE_BOUND('',#12169,.F.);
#12169 = EDGE_LOOP('',(#12170,#12180,#12186,#12187));
#12170 = ORIENTED_EDGE('',*,*,#12171,.F.);
#12171 = EDGE_CURVE('',#12172,#12174,#12176,.T.);
#12172 = VERTEX_POINT('',#12173);
#12173 = CARTESIAN_POINT('',(-12.40446645652,5.250217008345,13.6));
#12174 = VERTEX_POINT('',#12175);
#12175 = CARTESIAN_POINT('',(-10.78846645652,5.250217008345,13.6));
#12176 = LINE('',#12177,#12178);
#12177 = CARTESIAN_POINT('',(-12.40446645652,5.250217008345,13.6));
#12178 = VECTOR('',#12179,1.);
#12179 = DIRECTION('',(1.,0.,0.));
#12180 = ORIENTED_EDGE('',*,*,#12181,.T.);
#12181 = EDGE_CURVE('',#12172,#2810,#12182,.T.);
#12182 = LINE('',#12183,#12184);
#12183 = CARTESIAN_POINT('',(-12.40446645652,5.250217008345,13.6));
#12184 = VECTOR('',#12185,1.);
#12185 = DIRECTION('',(0.,0.,1.));
#12186 = ORIENTED_EDGE('',*,*,#2809,.T.);
#12187 = ORIENTED_EDGE('',*,*,#12188,.F.);
#12188 = EDGE_CURVE('',#12174,#2812,#12189,.T.);
#12189 = LINE('',#12190,#12191);
#12190 = CARTESIAN_POINT('',(-10.78846645652,5.250217008345,13.6));
#12191 = VECTOR('',#12192,1.);
#12192 = DIRECTION('',(0.,0.,1.));
#12193 = PLANE('',#12194);
#12194 = AXIS2_PLACEMENT_3D('',#12195,#12196,#12197);
#12195 = CARTESIAN_POINT('',(-12.40446645652,5.250217008345,13.6));
#12196 = DIRECTION('',(0.,1.,0.));
#12197 = DIRECTION('',(0.,0.,1.));
#12198 = ADVANCED_FACE('',(#12199),#12217,.T.);
#12199 = FACE_BOUND('',#12200,.T.);
#12200 = EDGE_LOOP('',(#12201,#12202,#12210,#12216));
#12201 = ORIENTED_EDGE('',*,*,#12188,.F.);
#12202 = ORIENTED_EDGE('',*,*,#12203,.T.);
#12203 = EDGE_CURVE('',#12174,#12204,#12206,.T.);
#12204 = VERTEX_POINT('',#12205);
#12205 = CARTESIAN_POINT('',(-10.78846645652,5.850217008345,13.6));
#12206 = LINE('',#12207,#12208);
#12207 = CARTESIAN_POINT('',(-10.78846645652,5.250217008345,13.6));
#12208 = VECTOR('',#12209,1.);
#12209 = DIRECTION('',(0.,1.,0.));
#12210 = ORIENTED_EDGE('',*,*,#12211,.T.);
#12211 = EDGE_CURVE('',#12204,#2828,#12212,.T.);
#12212 = LINE('',#12213,#12214);
#12213 = CARTESIAN_POINT('',(-10.78846645652,5.850217008345,13.6));
#12214 = VECTOR('',#12215,1.);
#12215 = DIRECTION('',(0.,0.,1.));
#12216 = ORIENTED_EDGE('',*,*,#2835,.F.);
#12217 = PLANE('',#12218);
#12218 = AXIS2_PLACEMENT_3D('',#12219,#12220,#12221);
#12219 = CARTESIAN_POINT('',(-10.78846645652,5.250217008345,13.6));
#12220 = DIRECTION('',(1.,0.,0.));
#12221 = DIRECTION('',(0.,0.,1.));
#12222 = ADVANCED_FACE('',(#12223),#12241,.T.);
#12223 = FACE_BOUND('',#12224,.T.);
#12224 = EDGE_LOOP('',(#12225,#12233,#12239,#12240));
#12225 = ORIENTED_EDGE('',*,*,#12226,.F.);
#12226 = EDGE_CURVE('',#12227,#12204,#12229,.T.);
#12227 = VERTEX_POINT('',#12228);
#12228 = CARTESIAN_POINT('',(-12.40446645652,5.850217008345,13.6));
#12229 = LINE('',#12230,#12231);
#12230 = CARTESIAN_POINT('',(-12.40446645652,5.850217008345,13.6));
#12231 = VECTOR('',#12232,1.);
#12232 = DIRECTION('',(1.,0.,0.));
#12233 = ORIENTED_EDGE('',*,*,#12234,.T.);
#12234 = EDGE_CURVE('',#12227,#2820,#12235,.T.);
#12235 = LINE('',#12236,#12237);
#12236 = CARTESIAN_POINT('',(-12.40446645652,5.850217008345,13.6));
#12237 = VECTOR('',#12238,1.);
#12238 = DIRECTION('',(0.,0.,1.));
#12239 = ORIENTED_EDGE('',*,*,#2827,.T.);
#12240 = ORIENTED_EDGE('',*,*,#12211,.F.);
#12241 = PLANE('',#12242);
#12242 = AXIS2_PLACEMENT_3D('',#12243,#12244,#12245);
#12243 = CARTESIAN_POINT('',(-12.40446645652,5.850217008345,13.6));
#12244 = DIRECTION('',(0.,1.,0.));
#12245 = DIRECTION('',(0.,0.,1.));
#12246 = ADVANCED_FACE('',(#12247),#12258,.F.);
#12247 = FACE_BOUND('',#12248,.F.);
#12248 = EDGE_LOOP('',(#12249,#12250,#12256,#12257));
#12249 = ORIENTED_EDGE('',*,*,#12181,.F.);
#12250 = ORIENTED_EDGE('',*,*,#12251,.T.);
#12251 = EDGE_CURVE('',#12172,#12227,#12252,.T.);
#12252 = LINE('',#12253,#12254);
#12253 = CARTESIAN_POINT('',(-12.40446645652,5.250217008345,13.6));
#12254 = VECTOR('',#12255,1.);
#12255 = DIRECTION('',(0.,1.,0.));
#12256 = ORIENTED_EDGE('',*,*,#12234,.T.);
#12257 = ORIENTED_EDGE('',*,*,#2819,.F.);
#12258 = PLANE('',#12259);
#12259 = AXIS2_PLACEMENT_3D('',#12260,#12261,#12262);
#12260 = CARTESIAN_POINT('',(-12.40446645652,5.250217008345,13.6));
#12261 = DIRECTION('',(1.,0.,0.));
#12262 = DIRECTION('',(0.,0.,1.));
#12263 = ADVANCED_FACE('',(#12264),#12289,.F.);
#12264 = FACE_BOUND('',#12265,.F.);
#12265 = EDGE_LOOP('',(#12266,#12276,#12282,#12283));
#12266 = ORIENTED_EDGE('',*,*,#12267,.F.);
#12267 = EDGE_CURVE('',#12268,#12270,#12272,.T.);
#12268 = VERTEX_POINT('',#12269);
#12269 = CARTESIAN_POINT('',(-15.49646645652,7.925217008345,14.03));
#12270 = VERTEX_POINT('',#12271);
#12271 = CARTESIAN_POINT('',(-15.49646645652,6.775217008345,14.03));
#12272 = LINE('',#12273,#12274);
#12273 = CARTESIAN_POINT('',(-15.49646645652,7.925217008345,14.03));
#12274 = VECTOR('',#12275,1.);
#12275 = DIRECTION('',(1.110223024625E-16,-1.,0.));
#12276 = ORIENTED_EDGE('',*,*,#12277,.T.);
#12277 = EDGE_CURVE('',#12268,#2844,#12278,.T.);
#12278 = LINE('',#12279,#12280);
#12279 = CARTESIAN_POINT('',(-15.49646645652,7.925217008345,14.03));
#12280 = VECTOR('',#12281,1.);
#12281 = DIRECTION('',(0.,0.,1.));
#12282 = ORIENTED_EDGE('',*,*,#2843,.T.);
#12283 = ORIENTED_EDGE('',*,*,#12284,.F.);
#12284 = EDGE_CURVE('',#12270,#2846,#12285,.T.);
#12285 = LINE('',#12286,#12287);
#12286 = CARTESIAN_POINT('',(-15.49646645652,6.775217008345,14.03));
#12287 = VECTOR('',#12288,1.);
#12288 = DIRECTION('',(0.,0.,1.));
#12289 = PLANE('',#12290);
#12290 = AXIS2_PLACEMENT_3D('',#12291,#12292,#12293);
#12291 = CARTESIAN_POINT('',(-15.49646645652,7.925217008345,14.03));
#12292 = DIRECTION('',(1.,1.110223024625E-16,0.));
#12293 = DIRECTION('',(0.,0.,1.));
#12294 = ADVANCED_FACE('',(#12295),#12313,.T.);
#12295 = FACE_BOUND('',#12296,.T.);
#12296 = EDGE_LOOP('',(#12297,#12298,#12306,#12312));
#12297 = ORIENTED_EDGE('',*,*,#12284,.F.);
#12298 = ORIENTED_EDGE('',*,*,#12299,.T.);
#12299 = EDGE_CURVE('',#12270,#12300,#12302,.T.);
#12300 = VERTEX_POINT('',#12301);
#12301 = CARTESIAN_POINT('',(-13.29646645652,6.775217008345,14.03));
#12302 = LINE('',#12303,#12304);
#12303 = CARTESIAN_POINT('',(-15.49646645652,6.775217008345,14.03));
#12304 = VECTOR('',#12305,1.);
#12305 = DIRECTION('',(1.,1.110223024625E-16,0.));
#12306 = ORIENTED_EDGE('',*,*,#12307,.T.);
#12307 = EDGE_CURVE('',#12300,#2862,#12308,.T.);
#12308 = LINE('',#12309,#12310);
#12309 = CARTESIAN_POINT('',(-13.29646645652,6.775217008345,14.03));
#12310 = VECTOR('',#12311,1.);
#12311 = DIRECTION('',(0.,0.,1.));
#12312 = ORIENTED_EDGE('',*,*,#2869,.F.);
#12313 = PLANE('',#12314);
#12314 = AXIS2_PLACEMENT_3D('',#12315,#12316,#12317);
#12315 = CARTESIAN_POINT('',(-15.49646645652,6.775217008345,14.03));
#12316 = DIRECTION('',(1.110223024625E-16,-1.,0.));
#12317 = DIRECTION('',(0.,0.,1.));
#12318 = ADVANCED_FACE('',(#12319),#12337,.T.);
#12319 = FACE_BOUND('',#12320,.T.);
#12320 = EDGE_LOOP('',(#12321,#12329,#12335,#12336));
#12321 = ORIENTED_EDGE('',*,*,#12322,.F.);
#12322 = EDGE_CURVE('',#12323,#12300,#12325,.T.);
#12323 = VERTEX_POINT('',#12324);
#12324 = CARTESIAN_POINT('',(-13.29646645652,7.925217008345,14.03));
#12325 = LINE('',#12326,#12327);
#12326 = CARTESIAN_POINT('',(-13.29646645652,7.925217008345,14.03));
#12327 = VECTOR('',#12328,1.);
#12328 = DIRECTION('',(1.110223024625E-16,-1.,0.));
#12329 = ORIENTED_EDGE('',*,*,#12330,.T.);
#12330 = EDGE_CURVE('',#12323,#2854,#12331,.T.);
#12331 = LINE('',#12332,#12333);
#12332 = CARTESIAN_POINT('',(-13.29646645652,7.925217008345,14.03));
#12333 = VECTOR('',#12334,1.);
#12334 = DIRECTION('',(0.,0.,1.));
#12335 = ORIENTED_EDGE('',*,*,#2861,.T.);
#12336 = ORIENTED_EDGE('',*,*,#12307,.F.);
#12337 = PLANE('',#12338);
#12338 = AXIS2_PLACEMENT_3D('',#12339,#12340,#12341);
#12339 = CARTESIAN_POINT('',(-13.29646645652,7.925217008345,14.03));
#12340 = DIRECTION('',(1.,1.110223024625E-16,0.));
#12341 = DIRECTION('',(0.,0.,1.));
#12342 = ADVANCED_FACE('',(#12343),#12354,.F.);
#12343 = FACE_BOUND('',#12344,.F.);
#12344 = EDGE_LOOP('',(#12345,#12346,#12352,#12353));
#12345 = ORIENTED_EDGE('',*,*,#12277,.F.);
#12346 = ORIENTED_EDGE('',*,*,#12347,.T.);
#12347 = EDGE_CURVE('',#12268,#12323,#12348,.T.);
#12348 = LINE('',#12349,#12350);
#12349 = CARTESIAN_POINT('',(-15.49646645652,7.925217008345,14.03));
#12350 = VECTOR('',#12351,1.);
#12351 = DIRECTION('',(1.,1.110223024625E-16,0.));
#12352 = ORIENTED_EDGE('',*,*,#12330,.T.);
#12353 = ORIENTED_EDGE('',*,*,#2853,.F.);
#12354 = PLANE('',#12355);
#12355 = AXIS2_PLACEMENT_3D('',#12356,#12357,#12358);
#12356 = CARTESIAN_POINT('',(-15.49646645652,7.925217008345,14.03));
#12357 = DIRECTION('',(1.110223024625E-16,-1.,0.));
#12358 = DIRECTION('',(0.,0.,1.));
#12359 = ADVANCED_FACE('',(#12360),#12385,.F.);
#12360 = FACE_BOUND('',#12361,.F.);
#12361 = EDGE_LOOP('',(#12362,#12372,#12378,#12379));
#12362 = ORIENTED_EDGE('',*,*,#12363,.F.);
#12363 = EDGE_CURVE('',#12364,#12366,#12368,.T.);
#12364 = VERTEX_POINT('',#12365);
#12365 = CARTESIAN_POINT('',(-12.44646645652,6.600217008345,13.45));
#12366 = VERTEX_POINT('',#12367);
#12367 = CARTESIAN_POINT('',(-10.54646645652,6.600217008345,13.45));
#12368 = LINE('',#12369,#12370);
#12369 = CARTESIAN_POINT('',(-12.44646645652,6.600217008345,13.45));
#12370 = VECTOR('',#12371,1.);
#12371 = DIRECTION('',(1.,0.,0.));
#12372 = ORIENTED_EDGE('',*,*,#12373,.T.);
#12373 = EDGE_CURVE('',#12364,#2878,#12374,.T.);
#12374 = LINE('',#12375,#12376);
#12375 = CARTESIAN_POINT('',(-12.44646645652,6.600217008345,13.45));
#12376 = VECTOR('',#12377,1.);
#12377 = DIRECTION('',(0.,0.,1.));
#12378 = ORIENTED_EDGE('',*,*,#2877,.T.);
#12379 = ORIENTED_EDGE('',*,*,#12380,.F.);
#12380 = EDGE_CURVE('',#12366,#2880,#12381,.T.);
#12381 = LINE('',#12382,#12383);
#12382 = CARTESIAN_POINT('',(-10.54646645652,6.600217008345,13.45));
#12383 = VECTOR('',#12384,1.);
#12384 = DIRECTION('',(0.,0.,1.));
#12385 = PLANE('',#12386);
#12386 = AXIS2_PLACEMENT_3D('',#12387,#12388,#12389);
#12387 = CARTESIAN_POINT('',(-12.44646645652,6.600217008345,13.45));
#12388 = DIRECTION('',(0.,1.,0.));
#12389 = DIRECTION('',(0.,0.,1.));
#12390 = ADVANCED_FACE('',(#12391),#12409,.T.);
#12391 = FACE_BOUND('',#12392,.T.);
#12392 = EDGE_LOOP('',(#12393,#12394,#12402,#12408));
#12393 = ORIENTED_EDGE('',*,*,#12380,.F.);
#12394 = ORIENTED_EDGE('',*,*,#12395,.T.);
#12395 = EDGE_CURVE('',#12366,#12396,#12398,.T.);
#12396 = VERTEX_POINT('',#12397);
#12397 = CARTESIAN_POINT('',(-10.54646645652,8.100217008345,13.45));
#12398 = LINE('',#12399,#12400);
#12399 = CARTESIAN_POINT('',(-10.54646645652,6.600217008345,13.45));
#12400 = VECTOR('',#12401,1.);
#12401 = DIRECTION('',(0.,1.,0.));
#12402 = ORIENTED_EDGE('',*,*,#12403,.T.);
#12403 = EDGE_CURVE('',#12396,#2896,#12404,.T.);
#12404 = LINE('',#12405,#12406);
#12405 = CARTESIAN_POINT('',(-10.54646645652,8.100217008345,13.45));
#12406 = VECTOR('',#12407,1.);
#12407 = DIRECTION('',(0.,0.,1.));
#12408 = ORIENTED_EDGE('',*,*,#2903,.F.);
#12409 = PLANE('',#12410);
#12410 = AXIS2_PLACEMENT_3D('',#12411,#12412,#12413);
#12411 = CARTESIAN_POINT('',(-10.54646645652,6.600217008345,13.45));
#12412 = DIRECTION('',(1.,0.,0.));
#12413 = DIRECTION('',(0.,0.,1.));
#12414 = ADVANCED_FACE('',(#12415),#12433,.T.);
#12415 = FACE_BOUND('',#12416,.T.);
#12416 = EDGE_LOOP('',(#12417,#12425,#12431,#12432));
#12417 = ORIENTED_EDGE('',*,*,#12418,.F.);
#12418 = EDGE_CURVE('',#12419,#12396,#12421,.T.);
#12419 = VERTEX_POINT('',#12420);
#12420 = CARTESIAN_POINT('',(-12.44646645652,8.100217008345,13.45));
#12421 = LINE('',#12422,#12423);
#12422 = CARTESIAN_POINT('',(-12.44646645652,8.100217008345,13.45));
#12423 = VECTOR('',#12424,1.);
#12424 = DIRECTION('',(1.,0.,0.));
#12425 = ORIENTED_EDGE('',*,*,#12426,.T.);
#12426 = EDGE_CURVE('',#12419,#2888,#12427,.T.);
#12427 = LINE('',#12428,#12429);
#12428 = CARTESIAN_POINT('',(-12.44646645652,8.100217008345,13.45));
#12429 = VECTOR('',#12430,1.);
#12430 = DIRECTION('',(0.,0.,1.));
#12431 = ORIENTED_EDGE('',*,*,#2895,.T.);
#12432 = ORIENTED_EDGE('',*,*,#12403,.F.);
#12433 = PLANE('',#12434);
#12434 = AXIS2_PLACEMENT_3D('',#12435,#12436,#12437);
#12435 = CARTESIAN_POINT('',(-12.44646645652,8.100217008345,13.45));
#12436 = DIRECTION('',(0.,1.,0.));
#12437 = DIRECTION('',(0.,0.,1.));
#12438 = ADVANCED_FACE('',(#12439),#12450,.F.);
#12439 = FACE_BOUND('',#12440,.F.);
#12440 = EDGE_LOOP('',(#12441,#12442,#12448,#12449));
#12441 = ORIENTED_EDGE('',*,*,#12373,.F.);
#12442 = ORIENTED_EDGE('',*,*,#12443,.T.);
#12443 = EDGE_CURVE('',#12364,#12419,#12444,.T.);
#12444 = LINE('',#12445,#12446);
#12445 = CARTESIAN_POINT('',(-12.44646645652,6.600217008345,13.45));
#12446 = VECTOR('',#12447,1.);
#12447 = DIRECTION('',(0.,1.,0.));
#12448 = ORIENTED_EDGE('',*,*,#12426,.T.);
#12449 = ORIENTED_EDGE('',*,*,#2887,.F.);
#12450 = PLANE('',#12451);
#12451 = AXIS2_PLACEMENT_3D('',#12452,#12453,#12454);
#12452 = CARTESIAN_POINT('',(-12.44646645652,6.600217008345,13.45));
#12453 = DIRECTION('',(1.,0.,0.));
#12454 = DIRECTION('',(0.,0.,1.));
#12455 = ADVANCED_FACE('',(#12456),#12481,.F.);
#12456 = FACE_BOUND('',#12457,.F.);
#12457 = EDGE_LOOP('',(#12458,#12468,#12474,#12475));
#12458 = ORIENTED_EDGE('',*,*,#12459,.F.);
#12459 = EDGE_CURVE('',#12460,#12462,#12464,.T.);
#12460 = VERTEX_POINT('',#12461);
#12461 = CARTESIAN_POINT('',(-6.641297624504,2.185930063812,13.25));
#12462 = VERTEX_POINT('',#12463);
#12463 = CARTESIAN_POINT('',(-6.641297624504,-0.814069936188,13.25));
#12464 = LINE('',#12465,#12466);
#12465 = CARTESIAN_POINT('',(-6.641297624504,2.185930063812,13.25));
#12466 = VECTOR('',#12467,1.);
#12467 = DIRECTION('',(1.110223024625E-16,-1.,0.));
#12468 = ORIENTED_EDGE('',*,*,#12469,.T.);
#12469 = EDGE_CURVE('',#12460,#2912,#12470,.T.);
#12470 = LINE('',#12471,#12472);
#12471 = CARTESIAN_POINT('',(-6.641297624504,2.185930063812,13.25));
#12472 = VECTOR('',#12473,1.);
#12473 = DIRECTION('',(0.,0.,1.));
#12474 = ORIENTED_EDGE('',*,*,#2911,.T.);
#12475 = ORIENTED_EDGE('',*,*,#12476,.F.);
#12476 = EDGE_CURVE('',#12462,#2914,#12477,.T.);
#12477 = LINE('',#12478,#12479);
#12478 = CARTESIAN_POINT('',(-6.641297624504,-0.814069936188,13.25));
#12479 = VECTOR('',#12480,1.);
#12480 = DIRECTION('',(0.,0.,1.));
#12481 = PLANE('',#12482);
#12482 = AXIS2_PLACEMENT_3D('',#12483,#12484,#12485);
#12483 = CARTESIAN_POINT('',(-6.641297624504,2.185930063812,13.25));
#12484 = DIRECTION('',(1.,1.110223024625E-16,0.));
#12485 = DIRECTION('',(0.,0.,1.));
#12486 = ADVANCED_FACE('',(#12487),#12505,.T.);
#12487 = FACE_BOUND('',#12488,.T.);
#12488 = EDGE_LOOP('',(#12489,#12490,#12498,#12504));
#12489 = ORIENTED_EDGE('',*,*,#12476,.F.);
#12490 = ORIENTED_EDGE('',*,*,#12491,.T.);
#12491 = EDGE_CURVE('',#12462,#12492,#12494,.T.);
#12492 = VERTEX_POINT('',#12493);
#12493 = CARTESIAN_POINT('',(-4.141297624504,-0.814069936188,13.25));
#12494 = LINE('',#12495,#12496);
#12495 = CARTESIAN_POINT('',(-6.641297624504,-0.814069936188,13.25));
#12496 = VECTOR('',#12497,1.);
#12497 = DIRECTION('',(1.,1.110223024625E-16,0.));
#12498 = ORIENTED_EDGE('',*,*,#12499,.T.);
#12499 = EDGE_CURVE('',#12492,#2930,#12500,.T.);
#12500 = LINE('',#12501,#12502);
#12501 = CARTESIAN_POINT('',(-4.141297624504,-0.814069936188,13.25));
#12502 = VECTOR('',#12503,1.);
#12503 = DIRECTION('',(0.,0.,1.));
#12504 = ORIENTED_EDGE('',*,*,#2937,.F.);
#12505 = PLANE('',#12506);
#12506 = AXIS2_PLACEMENT_3D('',#12507,#12508,#12509);
#12507 = CARTESIAN_POINT('',(-6.641297624504,-0.814069936188,13.25));
#12508 = DIRECTION('',(1.110223024625E-16,-1.,0.));
#12509 = DIRECTION('',(0.,0.,1.));
#12510 = ADVANCED_FACE('',(#12511),#12529,.T.);
#12511 = FACE_BOUND('',#12512,.T.);
#12512 = EDGE_LOOP('',(#12513,#12521,#12527,#12528));
#12513 = ORIENTED_EDGE('',*,*,#12514,.F.);
#12514 = EDGE_CURVE('',#12515,#12492,#12517,.T.);
#12515 = VERTEX_POINT('',#12516);
#12516 = CARTESIAN_POINT('',(-4.141297624504,2.185930063812,13.25));
#12517 = LINE('',#12518,#12519);
#12518 = CARTESIAN_POINT('',(-4.141297624504,2.185930063812,13.25));
#12519 = VECTOR('',#12520,1.);
#12520 = DIRECTION('',(1.110223024625E-16,-1.,0.));
#12521 = ORIENTED_EDGE('',*,*,#12522,.T.);
#12522 = EDGE_CURVE('',#12515,#2922,#12523,.T.);
#12523 = LINE('',#12524,#12525);
#12524 = CARTESIAN_POINT('',(-4.141297624504,2.185930063812,13.25));
#12525 = VECTOR('',#12526,1.);
#12526 = DIRECTION('',(0.,0.,1.));
#12527 = ORIENTED_EDGE('',*,*,#2929,.T.);
#12528 = ORIENTED_EDGE('',*,*,#12499,.F.);
#12529 = PLANE('',#12530);
#12530 = AXIS2_PLACEMENT_3D('',#12531,#12532,#12533);
#12531 = CARTESIAN_POINT('',(-4.141297624504,2.185930063812,13.25));
#12532 = DIRECTION('',(1.,1.110223024625E-16,0.));
#12533 = DIRECTION('',(0.,0.,1.));
#12534 = ADVANCED_FACE('',(#12535),#12546,.F.);
#12535 = FACE_BOUND('',#12536,.F.);
#12536 = EDGE_LOOP('',(#12537,#12538,#12544,#12545));
#12537 = ORIENTED_EDGE('',*,*,#12469,.F.);
#12538 = ORIENTED_EDGE('',*,*,#12539,.T.);
#12539 = EDGE_CURVE('',#12460,#12515,#12540,.T.);
#12540 = LINE('',#12541,#12542);
#12541 = CARTESIAN_POINT('',(-6.641297624504,2.185930063812,13.25));
#12542 = VECTOR('',#12543,1.);
#12543 = DIRECTION('',(1.,1.110223024625E-16,0.));
#12544 = ORIENTED_EDGE('',*,*,#12522,.T.);
#12545 = ORIENTED_EDGE('',*,*,#2921,.F.);
#12546 = PLANE('',#12547);
#12547 = AXIS2_PLACEMENT_3D('',#12548,#12549,#12550);
#12548 = CARTESIAN_POINT('',(-6.641297624504,2.185930063812,13.25));
#12549 = DIRECTION('',(1.110223024625E-16,-1.,0.));
#12550 = DIRECTION('',(0.,0.,1.));
#12551 = ADVANCED_FACE('',(#12552),#12577,.F.);
#12552 = FACE_BOUND('',#12553,.F.);
#12553 = EDGE_LOOP('',(#12554,#12564,#12570,#12571));
#12554 = ORIENTED_EDGE('',*,*,#12555,.F.);
#12555 = EDGE_CURVE('',#12556,#12558,#12560,.T.);
#12556 = VERTEX_POINT('',#12557);
#12557 = CARTESIAN_POINT('',(-7.191345760015,1.106026898728,13.6));
#12558 = VERTEX_POINT('',#12559);
#12559 = CARTESIAN_POINT('',(-7.191345760015,2.722026898728,13.6));
#12560 = LINE('',#12561,#12562);
#12561 = CARTESIAN_POINT('',(-7.191345760015,1.106026898728,13.6));
#12562 = VECTOR('',#12563,1.);
#12563 = DIRECTION('',(-2.22044604925E-16,1.,0.));
#12564 = ORIENTED_EDGE('',*,*,#12565,.T.);
#12565 = EDGE_CURVE('',#12556,#2946,#12566,.T.);
#12566 = LINE('',#12567,#12568);
#12567 = CARTESIAN_POINT('',(-7.191345760015,1.106026898728,13.6));
#12568 = VECTOR('',#12569,1.);
#12569 = DIRECTION('',(0.,0.,1.));
#12570 = ORIENTED_EDGE('',*,*,#2945,.T.);
#12571 = ORIENTED_EDGE('',*,*,#12572,.F.);
#12572 = EDGE_CURVE('',#12558,#2948,#12573,.T.);
#12573 = LINE('',#12574,#12575);
#12574 = CARTESIAN_POINT('',(-7.191345760015,2.722026898728,13.6));
#12575 = VECTOR('',#12576,1.);
#12576 = DIRECTION('',(0.,0.,1.));
#12577 = PLANE('',#12578);
#12578 = AXIS2_PLACEMENT_3D('',#12579,#12580,#12581);
#12579 = CARTESIAN_POINT('',(-7.191345760015,1.106026898728,13.6));
#12580 = DIRECTION('',(-1.,-2.22044604925E-16,0.));
#12581 = DIRECTION('',(0.,0.,1.));
#12582 = ADVANCED_FACE('',(#12583),#12601,.T.);
#12583 = FACE_BOUND('',#12584,.T.);
#12584 = EDGE_LOOP('',(#12585,#12586,#12594,#12600));
#12585 = ORIENTED_EDGE('',*,*,#12572,.F.);
#12586 = ORIENTED_EDGE('',*,*,#12587,.T.);
#12587 = EDGE_CURVE('',#12558,#12588,#12590,.T.);
#12588 = VERTEX_POINT('',#12589);
#12589 = CARTESIAN_POINT('',(-7.791345760015,2.722026898728,13.6));
#12590 = LINE('',#12591,#12592);
#12591 = CARTESIAN_POINT('',(-7.191345760015,2.722026898728,13.6));
#12592 = VECTOR('',#12593,1.);
#12593 = DIRECTION('',(-1.,-2.22044604925E-16,0.));
#12594 = ORIENTED_EDGE('',*,*,#12595,.T.);
#12595 = EDGE_CURVE('',#12588,#2964,#12596,.T.);
#12596 = LINE('',#12597,#12598);
#12597 = CARTESIAN_POINT('',(-7.791345760015,2.722026898728,13.6));
#12598 = VECTOR('',#12599,1.);
#12599 = DIRECTION('',(0.,0.,1.));
#12600 = ORIENTED_EDGE('',*,*,#2971,.F.);
#12601 = PLANE('',#12602);
#12602 = AXIS2_PLACEMENT_3D('',#12603,#12604,#12605);
#12603 = CARTESIAN_POINT('',(-7.191345760015,2.722026898728,13.6));
#12604 = DIRECTION('',(-2.22044604925E-16,1.,0.));
#12605 = DIRECTION('',(0.,0.,1.));
#12606 = ADVANCED_FACE('',(#12607),#12625,.T.);
#12607 = FACE_BOUND('',#12608,.T.);
#12608 = EDGE_LOOP('',(#12609,#12617,#12623,#12624));
#12609 = ORIENTED_EDGE('',*,*,#12610,.F.);
#12610 = EDGE_CURVE('',#12611,#12588,#12613,.T.);
#12611 = VERTEX_POINT('',#12612);
#12612 = CARTESIAN_POINT('',(-7.791345760015,1.106026898728,13.6));
#12613 = LINE('',#12614,#12615);
#12614 = CARTESIAN_POINT('',(-7.791345760015,1.106026898728,13.6));
#12615 = VECTOR('',#12616,1.);
#12616 = DIRECTION('',(-2.22044604925E-16,1.,0.));
#12617 = ORIENTED_EDGE('',*,*,#12618,.T.);
#12618 = EDGE_CURVE('',#12611,#2956,#12619,.T.);
#12619 = LINE('',#12620,#12621);
#12620 = CARTESIAN_POINT('',(-7.791345760015,1.106026898728,13.6));
#12621 = VECTOR('',#12622,1.);
#12622 = DIRECTION('',(0.,0.,1.));
#12623 = ORIENTED_EDGE('',*,*,#2963,.T.);
#12624 = ORIENTED_EDGE('',*,*,#12595,.F.);
#12625 = PLANE('',#12626);
#12626 = AXIS2_PLACEMENT_3D('',#12627,#12628,#12629);
#12627 = CARTESIAN_POINT('',(-7.791345760015,1.106026898728,13.6));
#12628 = DIRECTION('',(-1.,-2.22044604925E-16,0.));
#12629 = DIRECTION('',(0.,0.,1.));
#12630 = ADVANCED_FACE('',(#12631),#12642,.F.);
#12631 = FACE_BOUND('',#12632,.F.);
#12632 = EDGE_LOOP('',(#12633,#12634,#12640,#12641));
#12633 = ORIENTED_EDGE('',*,*,#12565,.F.);
#12634 = ORIENTED_EDGE('',*,*,#12635,.T.);
#12635 = EDGE_CURVE('',#12556,#12611,#12636,.T.);
#12636 = LINE('',#12637,#12638);
#12637 = CARTESIAN_POINT('',(-7.191345760015,1.106026898728,13.6));
#12638 = VECTOR('',#12639,1.);
#12639 = DIRECTION('',(-1.,-2.22044604925E-16,0.));
#12640 = ORIENTED_EDGE('',*,*,#12618,.T.);
#12641 = ORIENTED_EDGE('',*,*,#2955,.F.);
#12642 = PLANE('',#12643);
#12643 = AXIS2_PLACEMENT_3D('',#12644,#12645,#12646);
#12644 = CARTESIAN_POINT('',(-7.191345760015,1.106026898728,13.6));
#12645 = DIRECTION('',(-2.22044604925E-16,1.,0.));
#12646 = DIRECTION('',(0.,0.,1.));
#12647 = ADVANCED_FACE('',(#12648),#12673,.F.);
#12648 = FACE_BOUND('',#12649,.F.);
#12649 = EDGE_LOOP('',(#12650,#12660,#12666,#12667));
#12650 = ORIENTED_EDGE('',*,*,#12651,.F.);
#12651 = EDGE_CURVE('',#12652,#12654,#12656,.T.);
#12652 = VERTEX_POINT('',#12653);
#12653 = CARTESIAN_POINT('',(-4.957769016699,3.336206288068,13.6));
#12654 = VERTEX_POINT('',#12655);
#12655 = CARTESIAN_POINT('',(-6.573769016699,3.336206288068,13.6));
#12656 = LINE('',#12657,#12658);
#12657 = CARTESIAN_POINT('',(-4.957769016699,3.336206288068,13.6));
#12658 = VECTOR('',#12659,1.);
#12659 = DIRECTION('',(-1.,-1.224646799147E-16,0.));
#12660 = ORIENTED_EDGE('',*,*,#12661,.T.);
#12661 = EDGE_CURVE('',#12652,#2980,#12662,.T.);
#12662 = LINE('',#12663,#12664);
#12663 = CARTESIAN_POINT('',(-4.957769016699,3.336206288068,13.6));
#12664 = VECTOR('',#12665,1.);
#12665 = DIRECTION('',(0.,0.,1.));
#12666 = ORIENTED_EDGE('',*,*,#2979,.T.);
#12667 = ORIENTED_EDGE('',*,*,#12668,.F.);
#12668 = EDGE_CURVE('',#12654,#2982,#12669,.T.);
#12669 = LINE('',#12670,#12671);
#12670 = CARTESIAN_POINT('',(-6.573769016699,3.336206288068,13.6));
#12671 = VECTOR('',#12672,1.);
#12672 = DIRECTION('',(0.,0.,1.));
#12673 = PLANE('',#12674);
#12674 = AXIS2_PLACEMENT_3D('',#12675,#12676,#12677);
#12675 = CARTESIAN_POINT('',(-4.957769016699,3.336206288068,13.6));
#12676 = DIRECTION('',(1.224646799147E-16,-1.,0.));
#12677 = DIRECTION('',(0.,0.,1.));
#12678 = ADVANCED_FACE('',(#12679),#12697,.T.);
#12679 = FACE_BOUND('',#12680,.T.);
#12680 = EDGE_LOOP('',(#12681,#12682,#12690,#12696));
#12681 = ORIENTED_EDGE('',*,*,#12668,.F.);
#12682 = ORIENTED_EDGE('',*,*,#12683,.T.);
#12683 = EDGE_CURVE('',#12654,#12684,#12686,.T.);
#12684 = VERTEX_POINT('',#12685);
#12685 = CARTESIAN_POINT('',(-6.573769016699,2.736206288068,13.6));
#12686 = LINE('',#12687,#12688);
#12687 = CARTESIAN_POINT('',(-6.573769016699,3.336206288068,13.6));
#12688 = VECTOR('',#12689,1.);
#12689 = DIRECTION('',(1.224646799147E-16,-1.,0.));
#12690 = ORIENTED_EDGE('',*,*,#12691,.T.);
#12691 = EDGE_CURVE('',#12684,#2998,#12692,.T.);
#12692 = LINE('',#12693,#12694);
#12693 = CARTESIAN_POINT('',(-6.573769016699,2.736206288068,13.6));
#12694 = VECTOR('',#12695,1.);
#12695 = DIRECTION('',(0.,0.,1.));
#12696 = ORIENTED_EDGE('',*,*,#3005,.F.);
#12697 = PLANE('',#12698);
#12698 = AXIS2_PLACEMENT_3D('',#12699,#12700,#12701);
#12699 = CARTESIAN_POINT('',(-6.573769016699,3.336206288068,13.6));
#12700 = DIRECTION('',(-1.,-1.224646799147E-16,0.));
#12701 = DIRECTION('',(0.,0.,1.));
#12702 = ADVANCED_FACE('',(#12703),#12721,.T.);
#12703 = FACE_BOUND('',#12704,.T.);
#12704 = EDGE_LOOP('',(#12705,#12713,#12719,#12720));
#12705 = ORIENTED_EDGE('',*,*,#12706,.F.);
#12706 = EDGE_CURVE('',#12707,#12684,#12709,.T.);
#12707 = VERTEX_POINT('',#12708);
#12708 = CARTESIAN_POINT('',(-4.957769016699,2.736206288068,13.6));
#12709 = LINE('',#12710,#12711);
#12710 = CARTESIAN_POINT('',(-4.957769016699,2.736206288068,13.6));
#12711 = VECTOR('',#12712,1.);
#12712 = DIRECTION('',(-1.,-1.224646799147E-16,0.));
#12713 = ORIENTED_EDGE('',*,*,#12714,.T.);
#12714 = EDGE_CURVE('',#12707,#2990,#12715,.T.);
#12715 = LINE('',#12716,#12717);
#12716 = CARTESIAN_POINT('',(-4.957769016699,2.736206288068,13.6));
#12717 = VECTOR('',#12718,1.);
#12718 = DIRECTION('',(0.,0.,1.));
#12719 = ORIENTED_EDGE('',*,*,#2997,.T.);
#12720 = ORIENTED_EDGE('',*,*,#12691,.F.);
#12721 = PLANE('',#12722);
#12722 = AXIS2_PLACEMENT_3D('',#12723,#12724,#12725);
#12723 = CARTESIAN_POINT('',(-4.957769016699,2.736206288068,13.6));
#12724 = DIRECTION('',(1.224646799147E-16,-1.,0.));
#12725 = DIRECTION('',(0.,0.,1.));
#12726 = ADVANCED_FACE('',(#12727),#12738,.F.);
#12727 = FACE_BOUND('',#12728,.F.);
#12728 = EDGE_LOOP('',(#12729,#12730,#12736,#12737));
#12729 = ORIENTED_EDGE('',*,*,#12661,.F.);
#12730 = ORIENTED_EDGE('',*,*,#12731,.T.);
#12731 = EDGE_CURVE('',#12652,#12707,#12732,.T.);
#12732 = LINE('',#12733,#12734);
#12733 = CARTESIAN_POINT('',(-4.957769016699,3.336206288068,13.6));
#12734 = VECTOR('',#12735,1.);
#12735 = DIRECTION('',(1.224646799147E-16,-1.,0.));
#12736 = ORIENTED_EDGE('',*,*,#12714,.T.);
#12737 = ORIENTED_EDGE('',*,*,#2989,.F.);
#12738 = PLANE('',#12739);
#12739 = AXIS2_PLACEMENT_3D('',#12740,#12741,#12742);
#12740 = CARTESIAN_POINT('',(-4.957769016699,3.336206288068,13.6));
#12741 = DIRECTION('',(-1.,-1.224646799147E-16,0.));
#12742 = DIRECTION('',(0.,0.,1.));
#12743 = ADVANCED_FACE('',(#12744),#12769,.F.);
#12744 = FACE_BOUND('',#12745,.F.);
#12745 = EDGE_LOOP('',(#12746,#12756,#12762,#12763));
#12746 = ORIENTED_EDGE('',*,*,#12747,.F.);
#12747 = EDGE_CURVE('',#12748,#12750,#12752,.T.);
#12748 = VERTEX_POINT('',#12749);
#12749 = CARTESIAN_POINT('',(-2.024031902044,1.742343654191,13.6));
#12750 = VERTEX_POINT('',#12751);
#12751 = CARTESIAN_POINT('',(-3.640031902044,1.742343654191,13.6));
#12752 = LINE('',#12753,#12754);
#12753 = CARTESIAN_POINT('',(-2.024031902044,1.742343654191,13.6));
#12754 = VECTOR('',#12755,1.);
#12755 = DIRECTION('',(-1.,-1.224646799147E-16,0.));
#12756 = ORIENTED_EDGE('',*,*,#12757,.T.);
#12757 = EDGE_CURVE('',#12748,#3014,#12758,.T.);
#12758 = LINE('',#12759,#12760);
#12759 = CARTESIAN_POINT('',(-2.024031902044,1.742343654191,13.6));
#12760 = VECTOR('',#12761,1.);
#12761 = DIRECTION('',(0.,0.,1.));
#12762 = ORIENTED_EDGE('',*,*,#3013,.T.);
#12763 = ORIENTED_EDGE('',*,*,#12764,.F.);
#12764 = EDGE_CURVE('',#12750,#3016,#12765,.T.);
#12765 = LINE('',#12766,#12767);
#12766 = CARTESIAN_POINT('',(-3.640031902044,1.742343654191,13.6));
#12767 = VECTOR('',#12768,1.);
#12768 = DIRECTION('',(0.,0.,1.));
#12769 = PLANE('',#12770);
#12770 = AXIS2_PLACEMENT_3D('',#12771,#12772,#12773);
#12771 = CARTESIAN_POINT('',(-2.024031902044,1.742343654191,13.6));
#12772 = DIRECTION('',(1.224646799147E-16,-1.,0.));
#12773 = DIRECTION('',(0.,0.,1.));
#12774 = ADVANCED_FACE('',(#12775),#12793,.T.);
#12775 = FACE_BOUND('',#12776,.T.);
#12776 = EDGE_LOOP('',(#12777,#12778,#12786,#12792));
#12777 = ORIENTED_EDGE('',*,*,#12764,.F.);
#12778 = ORIENTED_EDGE('',*,*,#12779,.T.);
#12779 = EDGE_CURVE('',#12750,#12780,#12782,.T.);
#12780 = VERTEX_POINT('',#12781);
#12781 = CARTESIAN_POINT('',(-3.640031902044,1.142343654191,13.6));
#12782 = LINE('',#12783,#12784);
#12783 = CARTESIAN_POINT('',(-3.640031902044,1.742343654191,13.6));
#12784 = VECTOR('',#12785,1.);
#12785 = DIRECTION('',(1.224646799147E-16,-1.,0.));
#12786 = ORIENTED_EDGE('',*,*,#12787,.T.);
#12787 = EDGE_CURVE('',#12780,#3032,#12788,.T.);
#12788 = LINE('',#12789,#12790);
#12789 = CARTESIAN_POINT('',(-3.640031902044,1.142343654191,13.6));
#12790 = VECTOR('',#12791,1.);
#12791 = DIRECTION('',(0.,0.,1.));
#12792 = ORIENTED_EDGE('',*,*,#3039,.F.);
#12793 = PLANE('',#12794);
#12794 = AXIS2_PLACEMENT_3D('',#12795,#12796,#12797);
#12795 = CARTESIAN_POINT('',(-3.640031902044,1.742343654191,13.6));
#12796 = DIRECTION('',(-1.,-1.224646799147E-16,0.));
#12797 = DIRECTION('',(0.,0.,1.));
#12798 = ADVANCED_FACE('',(#12799),#12817,.T.);
#12799 = FACE_BOUND('',#12800,.T.);
#12800 = EDGE_LOOP('',(#12801,#12809,#12815,#12816));
#12801 = ORIENTED_EDGE('',*,*,#12802,.F.);
#12802 = EDGE_CURVE('',#12803,#12780,#12805,.T.);
#12803 = VERTEX_POINT('',#12804);
#12804 = CARTESIAN_POINT('',(-2.024031902044,1.142343654191,13.6));
#12805 = LINE('',#12806,#12807);
#12806 = CARTESIAN_POINT('',(-2.024031902044,1.142343654191,13.6));
#12807 = VECTOR('',#12808,1.);
#12808 = DIRECTION('',(-1.,-1.224646799147E-16,0.));
#12809 = ORIENTED_EDGE('',*,*,#12810,.T.);
#12810 = EDGE_CURVE('',#12803,#3024,#12811,.T.);
#12811 = LINE('',#12812,#12813);
#12812 = CARTESIAN_POINT('',(-2.024031902044,1.142343654191,13.6));
#12813 = VECTOR('',#12814,1.);
#12814 = DIRECTION('',(0.,0.,1.));
#12815 = ORIENTED_EDGE('',*,*,#3031,.T.);
#12816 = ORIENTED_EDGE('',*,*,#12787,.F.);
#12817 = PLANE('',#12818);
#12818 = AXIS2_PLACEMENT_3D('',#12819,#12820,#12821);
#12819 = CARTESIAN_POINT('',(-2.024031902044,1.142343654191,13.6));
#12820 = DIRECTION('',(1.224646799147E-16,-1.,0.));
#12821 = DIRECTION('',(0.,0.,1.));
#12822 = ADVANCED_FACE('',(#12823),#12834,.F.);
#12823 = FACE_BOUND('',#12824,.F.);
#12824 = EDGE_LOOP('',(#12825,#12826,#12832,#12833));
#12825 = ORIENTED_EDGE('',*,*,#12757,.F.);
#12826 = ORIENTED_EDGE('',*,*,#12827,.T.);
#12827 = EDGE_CURVE('',#12748,#12803,#12828,.T.);
#12828 = LINE('',#12829,#12830);
#12829 = CARTESIAN_POINT('',(-2.024031902044,1.742343654191,13.6));
#12830 = VECTOR('',#12831,1.);
#12831 = DIRECTION('',(1.224646799147E-16,-1.,0.));
#12832 = ORIENTED_EDGE('',*,*,#12810,.T.);
#12833 = ORIENTED_EDGE('',*,*,#3023,.F.);
#12834 = PLANE('',#12835);
#12835 = AXIS2_PLACEMENT_3D('',#12836,#12837,#12838);
#12836 = CARTESIAN_POINT('',(-2.024031902044,1.742343654191,13.6));
#12837 = DIRECTION('',(-1.,-1.224646799147E-16,0.));
#12838 = DIRECTION('',(0.,0.,1.));
#12839 = ADVANCED_FACE('',(#12840),#12865,.F.);
#12840 = FACE_BOUND('',#12841,.F.);
#12841 = EDGE_LOOP('',(#12842,#12852,#12858,#12859));
#12842 = ORIENTED_EDGE('',*,*,#12843,.F.);
#12843 = EDGE_CURVE('',#12844,#12846,#12848,.T.);
#12844 = VERTEX_POINT('',#12845);
#12845 = CARTESIAN_POINT('',(-3.641131007849,2.344313044683,13.6));
#12846 = VERTEX_POINT('',#12847);
#12847 = CARTESIAN_POINT('',(-2.025131007849,2.344313044683,13.6));
#12848 = LINE('',#12849,#12850);
#12849 = CARTESIAN_POINT('',(-3.641131007849,2.344313044683,13.6));
#12850 = VECTOR('',#12851,1.);
#12851 = DIRECTION('',(1.,0.,0.));
#12852 = ORIENTED_EDGE('',*,*,#12853,.T.);
#12853 = EDGE_CURVE('',#12844,#3048,#12854,.T.);
#12854 = LINE('',#12855,#12856);
#12855 = CARTESIAN_POINT('',(-3.641131007849,2.344313044683,13.6));
#12856 = VECTOR('',#12857,1.);
#12857 = DIRECTION('',(0.,0.,1.));
#12858 = ORIENTED_EDGE('',*,*,#3047,.T.);
#12859 = ORIENTED_EDGE('',*,*,#12860,.F.);
#12860 = EDGE_CURVE('',#12846,#3050,#12861,.T.);
#12861 = LINE('',#12862,#12863);
#12862 = CARTESIAN_POINT('',(-2.025131007849,2.344313044683,13.6));
#12863 = VECTOR('',#12864,1.);
#12864 = DIRECTION('',(0.,0.,1.));
#12865 = PLANE('',#12866);
#12866 = AXIS2_PLACEMENT_3D('',#12867,#12868,#12869);
#12867 = CARTESIAN_POINT('',(-3.641131007849,2.344313044683,13.6));
#12868 = DIRECTION('',(0.,1.,0.));
#12869 = DIRECTION('',(0.,0.,1.));
#12870 = ADVANCED_FACE('',(#12871),#12889,.T.);
#12871 = FACE_BOUND('',#12872,.T.);
#12872 = EDGE_LOOP('',(#12873,#12874,#12882,#12888));
#12873 = ORIENTED_EDGE('',*,*,#12860,.F.);
#12874 = ORIENTED_EDGE('',*,*,#12875,.T.);
#12875 = EDGE_CURVE('',#12846,#12876,#12878,.T.);
#12876 = VERTEX_POINT('',#12877);
#12877 = CARTESIAN_POINT('',(-2.025131007849,2.944313044683,13.6));
#12878 = LINE('',#12879,#12880);
#12879 = CARTESIAN_POINT('',(-2.025131007849,2.344313044683,13.6));
#12880 = VECTOR('',#12881,1.);
#12881 = DIRECTION('',(0.,1.,0.));
#12882 = ORIENTED_EDGE('',*,*,#12883,.T.);
#12883 = EDGE_CURVE('',#12876,#3066,#12884,.T.);
#12884 = LINE('',#12885,#12886);
#12885 = CARTESIAN_POINT('',(-2.025131007849,2.944313044683,13.6));
#12886 = VECTOR('',#12887,1.);
#12887 = DIRECTION('',(0.,0.,1.));
#12888 = ORIENTED_EDGE('',*,*,#3073,.F.);
#12889 = PLANE('',#12890);
#12890 = AXIS2_PLACEMENT_3D('',#12891,#12892,#12893);
#12891 = CARTESIAN_POINT('',(-2.025131007849,2.344313044683,13.6));
#12892 = DIRECTION('',(1.,0.,0.));
#12893 = DIRECTION('',(0.,0.,1.));
#12894 = ADVANCED_FACE('',(#12895),#12913,.T.);
#12895 = FACE_BOUND('',#12896,.T.);
#12896 = EDGE_LOOP('',(#12897,#12905,#12911,#12912));
#12897 = ORIENTED_EDGE('',*,*,#12898,.F.);
#12898 = EDGE_CURVE('',#12899,#12876,#12901,.T.);
#12899 = VERTEX_POINT('',#12900);
#12900 = CARTESIAN_POINT('',(-3.641131007849,2.944313044683,13.6));
#12901 = LINE('',#12902,#12903);
#12902 = CARTESIAN_POINT('',(-3.641131007849,2.944313044683,13.6));
#12903 = VECTOR('',#12904,1.);
#12904 = DIRECTION('',(1.,0.,0.));
#12905 = ORIENTED_EDGE('',*,*,#12906,.T.);
#12906 = EDGE_CURVE('',#12899,#3058,#12907,.T.);
#12907 = LINE('',#12908,#12909);
#12908 = CARTESIAN_POINT('',(-3.641131007849,2.944313044683,13.6));
#12909 = VECTOR('',#12910,1.);
#12910 = DIRECTION('',(0.,0.,1.));
#12911 = ORIENTED_EDGE('',*,*,#3065,.T.);
#12912 = ORIENTED_EDGE('',*,*,#12883,.F.);
#12913 = PLANE('',#12914);
#12914 = AXIS2_PLACEMENT_3D('',#12915,#12916,#12917);
#12915 = CARTESIAN_POINT('',(-3.641131007849,2.944313044683,13.6));
#12916 = DIRECTION('',(0.,1.,0.));
#12917 = DIRECTION('',(0.,0.,1.));
#12918 = ADVANCED_FACE('',(#12919),#12930,.F.);
#12919 = FACE_BOUND('',#12920,.F.);
#12920 = EDGE_LOOP('',(#12921,#12922,#12928,#12929));
#12921 = ORIENTED_EDGE('',*,*,#12853,.F.);
#12922 = ORIENTED_EDGE('',*,*,#12923,.T.);
#12923 = EDGE_CURVE('',#12844,#12899,#12924,.T.);
#12924 = LINE('',#12925,#12926);
#12925 = CARTESIAN_POINT('',(-3.641131007849,2.344313044683,13.6));
#12926 = VECTOR('',#12927,1.);
#12927 = DIRECTION('',(0.,1.,0.));
#12928 = ORIENTED_EDGE('',*,*,#12906,.T.);
#12929 = ORIENTED_EDGE('',*,*,#3057,.F.);
#12930 = PLANE('',#12931);
#12931 = AXIS2_PLACEMENT_3D('',#12932,#12933,#12934);
#12932 = CARTESIAN_POINT('',(-3.641131007849,2.344313044683,13.6));
#12933 = DIRECTION('',(1.,0.,0.));
#12934 = DIRECTION('',(0.,0.,1.));
#12935 = ADVANCED_FACE('',(#12936),#12961,.F.);
#12936 = FACE_BOUND('',#12937,.F.);
#12937 = EDGE_LOOP('',(#12938,#12948,#12954,#12955));
#12938 = ORIENTED_EDGE('',*,*,#12939,.F.);
#12939 = EDGE_CURVE('',#12940,#12942,#12944,.T.);
#12940 = VERTEX_POINT('',#12941);
#12941 = CARTESIAN_POINT('',(-7.469297624504,7.780430063812,13.6));
#12942 = VERTEX_POINT('',#12943);
#12943 = CARTESIAN_POINT('',(-7.469297624504,6.164430063812,13.6));
#12944 = LINE('',#12945,#12946);
#12945 = CARTESIAN_POINT('',(-7.469297624504,7.780430063812,13.6));
#12946 = VECTOR('',#12947,1.);
#12947 = DIRECTION('',(1.110223024625E-16,-1.,0.));
#12948 = ORIENTED_EDGE('',*,*,#12949,.T.);
#12949 = EDGE_CURVE('',#12940,#3082,#12950,.T.);
#12950 = LINE('',#12951,#12952);
#12951 = CARTESIAN_POINT('',(-7.469297624504,7.780430063812,13.6));
#12952 = VECTOR('',#12953,1.);
#12953 = DIRECTION('',(0.,0.,1.));
#12954 = ORIENTED_EDGE('',*,*,#3081,.T.);
#12955 = ORIENTED_EDGE('',*,*,#12956,.F.);
#12956 = EDGE_CURVE('',#12942,#3084,#12957,.T.);
#12957 = LINE('',#12958,#12959);
#12958 = CARTESIAN_POINT('',(-7.469297624504,6.164430063812,13.6));
#12959 = VECTOR('',#12960,1.);
#12960 = DIRECTION('',(0.,0.,1.));
#12961 = PLANE('',#12962);
#12962 = AXIS2_PLACEMENT_3D('',#12963,#12964,#12965);
#12963 = CARTESIAN_POINT('',(-7.469297624504,7.780430063812,13.6));
#12964 = DIRECTION('',(1.,1.110223024625E-16,0.));
#12965 = DIRECTION('',(0.,0.,1.));
#12966 = ADVANCED_FACE('',(#12967),#12985,.T.);
#12967 = FACE_BOUND('',#12968,.T.);
#12968 = EDGE_LOOP('',(#12969,#12970,#12978,#12984));
#12969 = ORIENTED_EDGE('',*,*,#12956,.F.);
#12970 = ORIENTED_EDGE('',*,*,#12971,.T.);
#12971 = EDGE_CURVE('',#12942,#12972,#12974,.T.);
#12972 = VERTEX_POINT('',#12973);
#12973 = CARTESIAN_POINT('',(-6.869297624504,6.164430063812,13.6));
#12974 = LINE('',#12975,#12976);
#12975 = CARTESIAN_POINT('',(-7.469297624504,6.164430063812,13.6));
#12976 = VECTOR('',#12977,1.);
#12977 = DIRECTION('',(1.,1.110223024625E-16,0.));
#12978 = ORIENTED_EDGE('',*,*,#12979,.T.);
#12979 = EDGE_CURVE('',#12972,#3100,#12980,.T.);
#12980 = LINE('',#12981,#12982);
#12981 = CARTESIAN_POINT('',(-6.869297624504,6.164430063812,13.6));
#12982 = VECTOR('',#12983,1.);
#12983 = DIRECTION('',(0.,0.,1.));
#12984 = ORIENTED_EDGE('',*,*,#3107,.F.);
#12985 = PLANE('',#12986);
#12986 = AXIS2_PLACEMENT_3D('',#12987,#12988,#12989);
#12987 = CARTESIAN_POINT('',(-7.469297624504,6.164430063812,13.6));
#12988 = DIRECTION('',(1.110223024625E-16,-1.,0.));
#12989 = DIRECTION('',(0.,0.,1.));
#12990 = ADVANCED_FACE('',(#12991),#13009,.T.);
#12991 = FACE_BOUND('',#12992,.T.);
#12992 = EDGE_LOOP('',(#12993,#13001,#13007,#13008));
#12993 = ORIENTED_EDGE('',*,*,#12994,.F.);
#12994 = EDGE_CURVE('',#12995,#12972,#12997,.T.);
#12995 = VERTEX_POINT('',#12996);
#12996 = CARTESIAN_POINT('',(-6.869297624504,7.780430063812,13.6));
#12997 = LINE('',#12998,#12999);
#12998 = CARTESIAN_POINT('',(-6.869297624504,7.780430063812,13.6));
#12999 = VECTOR('',#13000,1.);
#13000 = DIRECTION('',(1.110223024625E-16,-1.,0.));
#13001 = ORIENTED_EDGE('',*,*,#13002,.T.);
#13002 = EDGE_CURVE('',#12995,#3092,#13003,.T.);
#13003 = LINE('',#13004,#13005);
#13004 = CARTESIAN_POINT('',(-6.869297624504,7.780430063812,13.6));
#13005 = VECTOR('',#13006,1.);
#13006 = DIRECTION('',(0.,0.,1.));
#13007 = ORIENTED_EDGE('',*,*,#3099,.T.);
#13008 = ORIENTED_EDGE('',*,*,#12979,.F.);
#13009 = PLANE('',#13010);
#13010 = AXIS2_PLACEMENT_3D('',#13011,#13012,#13013);
#13011 = CARTESIAN_POINT('',(-6.869297624504,7.780430063812,13.6));
#13012 = DIRECTION('',(1.,1.110223024625E-16,0.));
#13013 = DIRECTION('',(0.,0.,1.));
#13014 = ADVANCED_FACE('',(#13015),#13026,.F.);
#13015 = FACE_BOUND('',#13016,.F.);
#13016 = EDGE_LOOP('',(#13017,#13018,#13024,#13025));
#13017 = ORIENTED_EDGE('',*,*,#12949,.F.);
#13018 = ORIENTED_EDGE('',*,*,#13019,.T.);
#13019 = EDGE_CURVE('',#12940,#12995,#13020,.T.);
#13020 = LINE('',#13021,#13022);
#13021 = CARTESIAN_POINT('',(-7.469297624504,7.780430063812,13.6));
#13022 = VECTOR('',#13023,1.);
#13023 = DIRECTION('',(1.,1.110223024625E-16,0.));
#13024 = ORIENTED_EDGE('',*,*,#13002,.T.);
#13025 = ORIENTED_EDGE('',*,*,#3091,.F.);
#13026 = PLANE('',#13027);
#13027 = AXIS2_PLACEMENT_3D('',#13028,#13029,#13030);
#13028 = CARTESIAN_POINT('',(-7.469297624504,7.780430063812,13.6));
#13029 = DIRECTION('',(1.110223024625E-16,-1.,0.));
#13030 = DIRECTION('',(0.,0.,1.));
#13031 = ADVANCED_FACE('',(#13032),#13057,.F.);
#13032 = FACE_BOUND('',#13033,.F.);
#13033 = EDGE_LOOP('',(#13034,#13044,#13050,#13051));
#13034 = ORIENTED_EDGE('',*,*,#13035,.F.);
#13035 = EDGE_CURVE('',#13036,#13038,#13040,.T.);
#13036 = VERTEX_POINT('',#13037);
#13037 = CARTESIAN_POINT('',(-2.757531144726,3.889262304417,13.6));
#13038 = VERTEX_POINT('',#13039);
#13039 = CARTESIAN_POINT('',(-2.757531144726,5.505262304417,13.6));
#13040 = LINE('',#13041,#13042);
#13041 = CARTESIAN_POINT('',(-2.757531144726,3.889262304417,13.6));
#13042 = VECTOR('',#13043,1.);
#13043 = DIRECTION('',(-2.22044604925E-16,1.,0.));
#13044 = ORIENTED_EDGE('',*,*,#13045,.T.);
#13045 = EDGE_CURVE('',#13036,#3116,#13046,.T.);
#13046 = LINE('',#13047,#13048);
#13047 = CARTESIAN_POINT('',(-2.757531144726,3.889262304417,13.6));
#13048 = VECTOR('',#13049,1.);
#13049 = DIRECTION('',(0.,0.,1.));
#13050 = ORIENTED_EDGE('',*,*,#3115,.T.);
#13051 = ORIENTED_EDGE('',*,*,#13052,.F.);
#13052 = EDGE_CURVE('',#13038,#3118,#13053,.T.);
#13053 = LINE('',#13054,#13055);
#13054 = CARTESIAN_POINT('',(-2.757531144726,5.505262304417,13.6));
#13055 = VECTOR('',#13056,1.);
#13056 = DIRECTION('',(0.,0.,1.));
#13057 = PLANE('',#13058);
#13058 = AXIS2_PLACEMENT_3D('',#13059,#13060,#13061);
#13059 = CARTESIAN_POINT('',(-2.757531144726,3.889262304417,13.6));
#13060 = DIRECTION('',(-1.,-2.22044604925E-16,0.));
#13061 = DIRECTION('',(0.,0.,1.));
#13062 = ADVANCED_FACE('',(#13063),#13081,.T.);
#13063 = FACE_BOUND('',#13064,.T.);
#13064 = EDGE_LOOP('',(#13065,#13066,#13074,#13080));
#13065 = ORIENTED_EDGE('',*,*,#13052,.F.);
#13066 = ORIENTED_EDGE('',*,*,#13067,.T.);
#13067 = EDGE_CURVE('',#13038,#13068,#13070,.T.);
#13068 = VERTEX_POINT('',#13069);
#13069 = CARTESIAN_POINT('',(-3.357531144726,5.505262304417,13.6));
#13070 = LINE('',#13071,#13072);
#13071 = CARTESIAN_POINT('',(-2.757531144726,5.505262304417,13.6));
#13072 = VECTOR('',#13073,1.);
#13073 = DIRECTION('',(-1.,-2.22044604925E-16,0.));
#13074 = ORIENTED_EDGE('',*,*,#13075,.T.);
#13075 = EDGE_CURVE('',#13068,#3134,#13076,.T.);
#13076 = LINE('',#13077,#13078);
#13077 = CARTESIAN_POINT('',(-3.357531144726,5.505262304417,13.6));
#13078 = VECTOR('',#13079,1.);
#13079 = DIRECTION('',(0.,0.,1.));
#13080 = ORIENTED_EDGE('',*,*,#3141,.F.);
#13081 = PLANE('',#13082);
#13082 = AXIS2_PLACEMENT_3D('',#13083,#13084,#13085);
#13083 = CARTESIAN_POINT('',(-2.757531144726,5.505262304417,13.6));
#13084 = DIRECTION('',(-2.22044604925E-16,1.,0.));
#13085 = DIRECTION('',(0.,0.,1.));
#13086 = ADVANCED_FACE('',(#13087),#13105,.T.);
#13087 = FACE_BOUND('',#13088,.T.);
#13088 = EDGE_LOOP('',(#13089,#13097,#13103,#13104));
#13089 = ORIENTED_EDGE('',*,*,#13090,.F.);
#13090 = EDGE_CURVE('',#13091,#13068,#13093,.T.);
#13091 = VERTEX_POINT('',#13092);
#13092 = CARTESIAN_POINT('',(-3.357531144726,3.889262304417,13.6));
#13093 = LINE('',#13094,#13095);
#13094 = CARTESIAN_POINT('',(-3.357531144726,3.889262304417,13.6));
#13095 = VECTOR('',#13096,1.);
#13096 = DIRECTION('',(-2.22044604925E-16,1.,0.));
#13097 = ORIENTED_EDGE('',*,*,#13098,.T.);
#13098 = EDGE_CURVE('',#13091,#3126,#13099,.T.);
#13099 = LINE('',#13100,#13101);
#13100 = CARTESIAN_POINT('',(-3.357531144726,3.889262304417,13.6));
#13101 = VECTOR('',#13102,1.);
#13102 = DIRECTION('',(0.,0.,1.));
#13103 = ORIENTED_EDGE('',*,*,#3133,.T.);
#13104 = ORIENTED_EDGE('',*,*,#13075,.F.);
#13105 = PLANE('',#13106);
#13106 = AXIS2_PLACEMENT_3D('',#13107,#13108,#13109);
#13107 = CARTESIAN_POINT('',(-3.357531144726,3.889262304417,13.6));
#13108 = DIRECTION('',(-1.,-2.22044604925E-16,0.));
#13109 = DIRECTION('',(0.,0.,1.));
#13110 = ADVANCED_FACE('',(#13111),#13122,.F.);
#13111 = FACE_BOUND('',#13112,.F.);
#13112 = EDGE_LOOP('',(#13113,#13114,#13120,#13121));
#13113 = ORIENTED_EDGE('',*,*,#13045,.F.);
#13114 = ORIENTED_EDGE('',*,*,#13115,.T.);
#13115 = EDGE_CURVE('',#13036,#13091,#13116,.T.);
#13116 = LINE('',#13117,#13118);
#13117 = CARTESIAN_POINT('',(-2.757531144726,3.889262304417,13.6));
#13118 = VECTOR('',#13119,1.);
#13119 = DIRECTION('',(-1.,-2.22044604925E-16,0.));
#13120 = ORIENTED_EDGE('',*,*,#13098,.T.);
#13121 = ORIENTED_EDGE('',*,*,#3125,.F.);
#13122 = PLANE('',#13123);
#13123 = AXIS2_PLACEMENT_3D('',#13124,#13125,#13126);
#13124 = CARTESIAN_POINT('',(-2.757531144726,3.889262304417,13.6));
#13125 = DIRECTION('',(-2.22044604925E-16,1.,0.));
#13126 = DIRECTION('',(0.,0.,1.));
#13127 = ADVANCED_FACE('',(#13128),#13153,.F.);
#13128 = FACE_BOUND('',#13129,.F.);
#13129 = EDGE_LOOP('',(#13130,#13140,#13146,#13147));
#13130 = ORIENTED_EDGE('',*,*,#13131,.F.);
#13131 = EDGE_CURVE('',#13132,#13134,#13136,.T.);
#13132 = VERTEX_POINT('',#13133);
#13133 = CARTESIAN_POINT('',(-2.827208219716,6.332689004761,13.6));
#13134 = VERTEX_POINT('',#13135);
#13135 = CARTESIAN_POINT('',(-2.827208219716,7.948689004761,13.6));
#13136 = LINE('',#13137,#13138);
#13137 = CARTESIAN_POINT('',(-2.827208219716,6.332689004761,13.6));
#13138 = VECTOR('',#13139,1.);
#13139 = DIRECTION('',(-2.22044604925E-16,1.,0.));
#13140 = ORIENTED_EDGE('',*,*,#13141,.T.);
#13141 = EDGE_CURVE('',#13132,#3150,#13142,.T.);
#13142 = LINE('',#13143,#13144);
#13143 = CARTESIAN_POINT('',(-2.827208219716,6.332689004761,13.6));
#13144 = VECTOR('',#13145,1.);
#13145 = DIRECTION('',(0.,0.,1.));
#13146 = ORIENTED_EDGE('',*,*,#3149,.T.);
#13147 = ORIENTED_EDGE('',*,*,#13148,.F.);
#13148 = EDGE_CURVE('',#13134,#3152,#13149,.T.);
#13149 = LINE('',#13150,#13151);
#13150 = CARTESIAN_POINT('',(-2.827208219716,7.948689004761,13.6));
#13151 = VECTOR('',#13152,1.);
#13152 = DIRECTION('',(0.,0.,1.));
#13153 = PLANE('',#13154);
#13154 = AXIS2_PLACEMENT_3D('',#13155,#13156,#13157);
#13155 = CARTESIAN_POINT('',(-2.827208219716,6.332689004761,13.6));
#13156 = DIRECTION('',(-1.,-2.22044604925E-16,0.));
#13157 = DIRECTION('',(0.,0.,1.));
#13158 = ADVANCED_FACE('',(#13159),#13177,.T.);
#13159 = FACE_BOUND('',#13160,.T.);
#13160 = EDGE_LOOP('',(#13161,#13162,#13170,#13176));
#13161 = ORIENTED_EDGE('',*,*,#13148,.F.);
#13162 = ORIENTED_EDGE('',*,*,#13163,.T.);
#13163 = EDGE_CURVE('',#13134,#13164,#13166,.T.);
#13164 = VERTEX_POINT('',#13165);
#13165 = CARTESIAN_POINT('',(-3.427208219716,7.948689004761,13.6));
#13166 = LINE('',#13167,#13168);
#13167 = CARTESIAN_POINT('',(-2.827208219716,7.948689004761,13.6));
#13168 = VECTOR('',#13169,1.);
#13169 = DIRECTION('',(-1.,-2.22044604925E-16,0.));
#13170 = ORIENTED_EDGE('',*,*,#13171,.T.);
#13171 = EDGE_CURVE('',#13164,#3168,#13172,.T.);
#13172 = LINE('',#13173,#13174);
#13173 = CARTESIAN_POINT('',(-3.427208219716,7.948689004761,13.6));
#13174 = VECTOR('',#13175,1.);
#13175 = DIRECTION('',(0.,0.,1.));
#13176 = ORIENTED_EDGE('',*,*,#3175,.F.);
#13177 = PLANE('',#13178);
#13178 = AXIS2_PLACEMENT_3D('',#13179,#13180,#13181);
#13179 = CARTESIAN_POINT('',(-2.827208219716,7.948689004761,13.6));
#13180 = DIRECTION('',(-2.22044604925E-16,1.,0.));
#13181 = DIRECTION('',(0.,0.,1.));
#13182 = ADVANCED_FACE('',(#13183),#13201,.T.);
#13183 = FACE_BOUND('',#13184,.T.);
#13184 = EDGE_LOOP('',(#13185,#13193,#13199,#13200));
#13185 = ORIENTED_EDGE('',*,*,#13186,.F.);
#13186 = EDGE_CURVE('',#13187,#13164,#13189,.T.);
#13187 = VERTEX_POINT('',#13188);
#13188 = CARTESIAN_POINT('',(-3.427208219716,6.332689004761,13.6));
#13189 = LINE('',#13190,#13191);
#13190 = CARTESIAN_POINT('',(-3.427208219716,6.332689004761,13.6));
#13191 = VECTOR('',#13192,1.);
#13192 = DIRECTION('',(-2.22044604925E-16,1.,0.));
#13193 = ORIENTED_EDGE('',*,*,#13194,.T.);
#13194 = EDGE_CURVE('',#13187,#3160,#13195,.T.);
#13195 = LINE('',#13196,#13197);
#13196 = CARTESIAN_POINT('',(-3.427208219716,6.332689004761,13.6));
#13197 = VECTOR('',#13198,1.);
#13198 = DIRECTION('',(0.,0.,1.));
#13199 = ORIENTED_EDGE('',*,*,#3167,.T.);
#13200 = ORIENTED_EDGE('',*,*,#13171,.F.);
#13201 = PLANE('',#13202);
#13202 = AXIS2_PLACEMENT_3D('',#13203,#13204,#13205);
#13203 = CARTESIAN_POINT('',(-3.427208219716,6.332689004761,13.6));
#13204 = DIRECTION('',(-1.,-2.22044604925E-16,0.));
#13205 = DIRECTION('',(0.,0.,1.));
#13206 = ADVANCED_FACE('',(#13207),#13218,.F.);
#13207 = FACE_BOUND('',#13208,.F.);
#13208 = EDGE_LOOP('',(#13209,#13210,#13216,#13217));
#13209 = ORIENTED_EDGE('',*,*,#13141,.F.);
#13210 = ORIENTED_EDGE('',*,*,#13211,.T.);
#13211 = EDGE_CURVE('',#13132,#13187,#13212,.T.);
#13212 = LINE('',#13213,#13214);
#13213 = CARTESIAN_POINT('',(-2.827208219716,6.332689004761,13.6));
#13214 = VECTOR('',#13215,1.);
#13215 = DIRECTION('',(-1.,-2.22044604925E-16,0.));
#13216 = ORIENTED_EDGE('',*,*,#13194,.T.);
#13217 = ORIENTED_EDGE('',*,*,#3159,.F.);
#13218 = PLANE('',#13219);
#13219 = AXIS2_PLACEMENT_3D('',#13220,#13221,#13222);
#13220 = CARTESIAN_POINT('',(-2.827208219716,6.332689004761,13.6));
#13221 = DIRECTION('',(-2.22044604925E-16,1.,0.));
#13222 = DIRECTION('',(0.,0.,1.));
#13223 = ADVANCED_FACE('',(#13224),#13249,.F.);
#13224 = FACE_BOUND('',#13225,.F.);
#13225 = EDGE_LOOP('',(#13226,#13236,#13242,#13243));
#13226 = ORIENTED_EDGE('',*,*,#13227,.F.);
#13227 = EDGE_CURVE('',#13228,#13230,#13232,.T.);
#13228 = VERTEX_POINT('',#13229);
#13229 = CARTESIAN_POINT('',(-3.701898629503,9.098714498238,13.6));
#13230 = VERTEX_POINT('',#13231);
#13231 = CARTESIAN_POINT('',(-5.317898629503,9.098714498238,13.6));
#13232 = LINE('',#13233,#13234);
#13233 = CARTESIAN_POINT('',(-3.701898629503,9.098714498238,13.6));
#13234 = VECTOR('',#13235,1.);
#13235 = DIRECTION('',(-1.,-1.224646799147E-16,0.));
#13236 = ORIENTED_EDGE('',*,*,#13237,.T.);
#13237 = EDGE_CURVE('',#13228,#3184,#13238,.T.);
#13238 = LINE('',#13239,#13240);
#13239 = CARTESIAN_POINT('',(-3.701898629503,9.098714498238,13.6));
#13240 = VECTOR('',#13241,1.);
#13241 = DIRECTION('',(0.,0.,1.));
#13242 = ORIENTED_EDGE('',*,*,#3183,.T.);
#13243 = ORIENTED_EDGE('',*,*,#13244,.F.);
#13244 = EDGE_CURVE('',#13230,#3186,#13245,.T.);
#13245 = LINE('',#13246,#13247);
#13246 = CARTESIAN_POINT('',(-5.317898629503,9.098714498238,13.6));
#13247 = VECTOR('',#13248,1.);
#13248 = DIRECTION('',(0.,0.,1.));
#13249 = PLANE('',#13250);
#13250 = AXIS2_PLACEMENT_3D('',#13251,#13252,#13253);
#13251 = CARTESIAN_POINT('',(-3.701898629503,9.098714498238,13.6));
#13252 = DIRECTION('',(1.224646799147E-16,-1.,0.));
#13253 = DIRECTION('',(0.,0.,1.));
#13254 = ADVANCED_FACE('',(#13255),#13273,.T.);
#13255 = FACE_BOUND('',#13256,.T.);
#13256 = EDGE_LOOP('',(#13257,#13258,#13266,#13272));
#13257 = ORIENTED_EDGE('',*,*,#13244,.F.);
#13258 = ORIENTED_EDGE('',*,*,#13259,.T.);
#13259 = EDGE_CURVE('',#13230,#13260,#13262,.T.);
#13260 = VERTEX_POINT('',#13261);
#13261 = CARTESIAN_POINT('',(-5.317898629503,8.498714498238,13.6));
#13262 = LINE('',#13263,#13264);
#13263 = CARTESIAN_POINT('',(-5.317898629503,9.098714498238,13.6));
#13264 = VECTOR('',#13265,1.);
#13265 = DIRECTION('',(1.224646799147E-16,-1.,0.));
#13266 = ORIENTED_EDGE('',*,*,#13267,.T.);
#13267 = EDGE_CURVE('',#13260,#3202,#13268,.T.);
#13268 = LINE('',#13269,#13270);
#13269 = CARTESIAN_POINT('',(-5.317898629503,8.498714498238,13.6));
#13270 = VECTOR('',#13271,1.);
#13271 = DIRECTION('',(0.,0.,1.));
#13272 = ORIENTED_EDGE('',*,*,#3209,.F.);
#13273 = PLANE('',#13274);
#13274 = AXIS2_PLACEMENT_3D('',#13275,#13276,#13277);
#13275 = CARTESIAN_POINT('',(-5.317898629503,9.098714498238,13.6));
#13276 = DIRECTION('',(-1.,-1.224646799147E-16,0.));
#13277 = DIRECTION('',(0.,0.,1.));
#13278 = ADVANCED_FACE('',(#13279),#13297,.T.);
#13279 = FACE_BOUND('',#13280,.T.);
#13280 = EDGE_LOOP('',(#13281,#13289,#13295,#13296));
#13281 = ORIENTED_EDGE('',*,*,#13282,.F.);
#13282 = EDGE_CURVE('',#13283,#13260,#13285,.T.);
#13283 = VERTEX_POINT('',#13284);
#13284 = CARTESIAN_POINT('',(-3.701898629503,8.498714498238,13.6));
#13285 = LINE('',#13286,#13287);
#13286 = CARTESIAN_POINT('',(-3.701898629503,8.498714498238,13.6));
#13287 = VECTOR('',#13288,1.);
#13288 = DIRECTION('',(-1.,-1.224646799147E-16,0.));
#13289 = ORIENTED_EDGE('',*,*,#13290,.T.);
#13290 = EDGE_CURVE('',#13283,#3194,#13291,.T.);
#13291 = LINE('',#13292,#13293);
#13292 = CARTESIAN_POINT('',(-3.701898629503,8.498714498238,13.6));
#13293 = VECTOR('',#13294,1.);
#13294 = DIRECTION('',(0.,0.,1.));
#13295 = ORIENTED_EDGE('',*,*,#3201,.T.);
#13296 = ORIENTED_EDGE('',*,*,#13267,.F.);
#13297 = PLANE('',#13298);
#13298 = AXIS2_PLACEMENT_3D('',#13299,#13300,#13301);
#13299 = CARTESIAN_POINT('',(-3.701898629503,8.498714498238,13.6));
#13300 = DIRECTION('',(1.224646799147E-16,-1.,0.));
#13301 = DIRECTION('',(0.,0.,1.));
#13302 = ADVANCED_FACE('',(#13303),#13314,.F.);
#13303 = FACE_BOUND('',#13304,.F.);
#13304 = EDGE_LOOP('',(#13305,#13306,#13312,#13313));
#13305 = ORIENTED_EDGE('',*,*,#13237,.F.);
#13306 = ORIENTED_EDGE('',*,*,#13307,.T.);
#13307 = EDGE_CURVE('',#13228,#13283,#13308,.T.);
#13308 = LINE('',#13309,#13310);
#13309 = CARTESIAN_POINT('',(-3.701898629503,9.098714498238,13.6));
#13310 = VECTOR('',#13311,1.);
#13311 = DIRECTION('',(1.224646799147E-16,-1.,0.));
#13312 = ORIENTED_EDGE('',*,*,#13290,.T.);
#13313 = ORIENTED_EDGE('',*,*,#3193,.F.);
#13314 = PLANE('',#13315);
#13315 = AXIS2_PLACEMENT_3D('',#13316,#13317,#13318);
#13316 = CARTESIAN_POINT('',(-3.701898629503,9.098714498238,13.6));
#13317 = DIRECTION('',(-1.,-1.224646799147E-16,0.));
#13318 = DIRECTION('',(0.,0.,1.));
#13319 = ADVANCED_FACE('',(#13320),#13345,.F.);
#13320 = FACE_BOUND('',#13321,.F.);
#13321 = EDGE_LOOP('',(#13322,#13332,#13338,#13339));
#13322 = ORIENTED_EDGE('',*,*,#13323,.F.);
#13323 = EDGE_CURVE('',#13324,#13326,#13328,.T.);
#13324 = VERTEX_POINT('',#13325);
#13325 = CARTESIAN_POINT('',(-17.49646645652,10.158217008345,13.6));
#13326 = VERTEX_POINT('',#13327);
#13327 = CARTESIAN_POINT('',(-17.49646645652,8.542217008345,13.6));
#13328 = LINE('',#13329,#13330);
#13329 = CARTESIAN_POINT('',(-17.49646645652,10.158217008345,13.6));
#13330 = VECTOR('',#13331,1.);
#13331 = DIRECTION('',(1.110223024625E-16,-1.,0.));
#13332 = ORIENTED_EDGE('',*,*,#13333,.T.);
#13333 = EDGE_CURVE('',#13324,#3218,#13334,.T.);
#13334 = LINE('',#13335,#13336);
#13335 = CARTESIAN_POINT('',(-17.49646645652,10.158217008345,13.6));
#13336 = VECTOR('',#13337,1.);
#13337 = DIRECTION('',(0.,0.,1.));
#13338 = ORIENTED_EDGE('',*,*,#3217,.T.);
#13339 = ORIENTED_EDGE('',*,*,#13340,.F.);
#13340 = EDGE_CURVE('',#13326,#3220,#13341,.T.);
#13341 = LINE('',#13342,#13343);
#13342 = CARTESIAN_POINT('',(-17.49646645652,8.542217008345,13.6));
#13343 = VECTOR('',#13344,1.);
#13344 = DIRECTION('',(0.,0.,1.));
#13345 = PLANE('',#13346);
#13346 = AXIS2_PLACEMENT_3D('',#13347,#13348,#13349);
#13347 = CARTESIAN_POINT('',(-17.49646645652,10.158217008345,13.6));
#13348 = DIRECTION('',(1.,1.110223024625E-16,0.));
#13349 = DIRECTION('',(0.,0.,1.));
#13350 = ADVANCED_FACE('',(#13351),#13369,.T.);
#13351 = FACE_BOUND('',#13352,.T.);
#13352 = EDGE_LOOP('',(#13353,#13354,#13362,#13368));
#13353 = ORIENTED_EDGE('',*,*,#13340,.F.);
#13354 = ORIENTED_EDGE('',*,*,#13355,.T.);
#13355 = EDGE_CURVE('',#13326,#13356,#13358,.T.);
#13356 = VERTEX_POINT('',#13357);
#13357 = CARTESIAN_POINT('',(-16.89646645652,8.542217008345,13.6));
#13358 = LINE('',#13359,#13360);
#13359 = CARTESIAN_POINT('',(-17.49646645652,8.542217008345,13.6));
#13360 = VECTOR('',#13361,1.);
#13361 = DIRECTION('',(1.,1.110223024625E-16,0.));
#13362 = ORIENTED_EDGE('',*,*,#13363,.T.);
#13363 = EDGE_CURVE('',#13356,#3236,#13364,.T.);
#13364 = LINE('',#13365,#13366);
#13365 = CARTESIAN_POINT('',(-16.89646645652,8.542217008345,13.6));
#13366 = VECTOR('',#13367,1.);
#13367 = DIRECTION('',(0.,0.,1.));
#13368 = ORIENTED_EDGE('',*,*,#3243,.F.);
#13369 = PLANE('',#13370);
#13370 = AXIS2_PLACEMENT_3D('',#13371,#13372,#13373);
#13371 = CARTESIAN_POINT('',(-17.49646645652,8.542217008345,13.6));
#13372 = DIRECTION('',(1.110223024625E-16,-1.,0.));
#13373 = DIRECTION('',(0.,0.,1.));
#13374 = ADVANCED_FACE('',(#13375),#13393,.T.);
#13375 = FACE_BOUND('',#13376,.T.);
#13376 = EDGE_LOOP('',(#13377,#13385,#13391,#13392));
#13377 = ORIENTED_EDGE('',*,*,#13378,.F.);
#13378 = EDGE_CURVE('',#13379,#13356,#13381,.T.);
#13379 = VERTEX_POINT('',#13380);
#13380 = CARTESIAN_POINT('',(-16.89646645652,10.158217008345,13.6));
#13381 = LINE('',#13382,#13383);
#13382 = CARTESIAN_POINT('',(-16.89646645652,10.158217008345,13.6));
#13383 = VECTOR('',#13384,1.);
#13384 = DIRECTION('',(1.110223024625E-16,-1.,0.));
#13385 = ORIENTED_EDGE('',*,*,#13386,.T.);
#13386 = EDGE_CURVE('',#13379,#3228,#13387,.T.);
#13387 = LINE('',#13388,#13389);
#13388 = CARTESIAN_POINT('',(-16.89646645652,10.158217008345,13.6));
#13389 = VECTOR('',#13390,1.);
#13390 = DIRECTION('',(0.,0.,1.));
#13391 = ORIENTED_EDGE('',*,*,#3235,.T.);
#13392 = ORIENTED_EDGE('',*,*,#13363,.F.);
#13393 = PLANE('',#13394);
#13394 = AXIS2_PLACEMENT_3D('',#13395,#13396,#13397);
#13395 = CARTESIAN_POINT('',(-16.89646645652,10.158217008345,13.6));
#13396 = DIRECTION('',(1.,1.110223024625E-16,0.));
#13397 = DIRECTION('',(0.,0.,1.));
#13398 = ADVANCED_FACE('',(#13399),#13410,.F.);
#13399 = FACE_BOUND('',#13400,.F.);
#13400 = EDGE_LOOP('',(#13401,#13402,#13408,#13409));
#13401 = ORIENTED_EDGE('',*,*,#13333,.F.);
#13402 = ORIENTED_EDGE('',*,*,#13403,.T.);
#13403 = EDGE_CURVE('',#13324,#13379,#13404,.T.);
#13404 = LINE('',#13405,#13406);
#13405 = CARTESIAN_POINT('',(-17.49646645652,10.158217008345,13.6));
#13406 = VECTOR('',#13407,1.);
#13407 = DIRECTION('',(1.,1.110223024625E-16,0.));
#13408 = ORIENTED_EDGE('',*,*,#13386,.T.);
#13409 = ORIENTED_EDGE('',*,*,#3227,.F.);
#13410 = PLANE('',#13411);
#13411 = AXIS2_PLACEMENT_3D('',#13412,#13413,#13414);
#13412 = CARTESIAN_POINT('',(-17.49646645652,10.158217008345,13.6));
#13413 = DIRECTION('',(1.110223024625E-16,-1.,0.));
#13414 = DIRECTION('',(0.,0.,1.));
#13415 = ADVANCED_FACE('',(#13416),#13441,.F.);
#13416 = FACE_BOUND('',#13417,.F.);
#13417 = EDGE_LOOP('',(#13418,#13428,#13434,#13435));
#13418 = ORIENTED_EDGE('',*,*,#13419,.F.);
#13419 = EDGE_CURVE('',#13420,#13422,#13424,.T.);
#13420 = VERTEX_POINT('',#13421);
#13421 = CARTESIAN_POINT('',(-16.09646645652,8.850217008345,13.55));
#13422 = VERTEX_POINT('',#13423);
#13423 = CARTESIAN_POINT('',(-13.09646645652,8.850217008345,13.55));
#13424 = LINE('',#13425,#13426);
#13425 = CARTESIAN_POINT('',(-16.09646645652,8.850217008345,13.55));
#13426 = VECTOR('',#13427,1.);
#13427 = DIRECTION('',(1.,0.,0.));
#13428 = ORIENTED_EDGE('',*,*,#13429,.T.);
#13429 = EDGE_CURVE('',#13420,#3252,#13430,.T.);
#13430 = LINE('',#13431,#13432);
#13431 = CARTESIAN_POINT('',(-16.09646645652,8.850217008345,13.55));
#13432 = VECTOR('',#13433,1.);
#13433 = DIRECTION('',(0.,0.,1.));
#13434 = ORIENTED_EDGE('',*,*,#3251,.T.);
#13435 = ORIENTED_EDGE('',*,*,#13436,.F.);
#13436 = EDGE_CURVE('',#13422,#3254,#13437,.T.);
#13437 = LINE('',#13438,#13439);
#13438 = CARTESIAN_POINT('',(-13.09646645652,8.850217008345,13.55));
#13439 = VECTOR('',#13440,1.);
#13440 = DIRECTION('',(0.,0.,1.));
#13441 = PLANE('',#13442);
#13442 = AXIS2_PLACEMENT_3D('',#13443,#13444,#13445);
#13443 = CARTESIAN_POINT('',(-16.09646645652,8.850217008345,13.55));
#13444 = DIRECTION('',(0.,1.,0.));
#13445 = DIRECTION('',(0.,0.,1.));
#13446 = ADVANCED_FACE('',(#13447),#13465,.T.);
#13447 = FACE_BOUND('',#13448,.T.);
#13448 = EDGE_LOOP('',(#13449,#13450,#13458,#13464));
#13449 = ORIENTED_EDGE('',*,*,#13436,.F.);
#13450 = ORIENTED_EDGE('',*,*,#13451,.T.);
#13451 = EDGE_CURVE('',#13422,#13452,#13454,.T.);
#13452 = VERTEX_POINT('',#13453);
#13453 = CARTESIAN_POINT('',(-13.09646645652,10.250217008345,13.55));
#13454 = LINE('',#13455,#13456);
#13455 = CARTESIAN_POINT('',(-13.09646645652,8.850217008345,13.55));
#13456 = VECTOR('',#13457,1.);
#13457 = DIRECTION('',(0.,1.,0.));
#13458 = ORIENTED_EDGE('',*,*,#13459,.T.);
#13459 = EDGE_CURVE('',#13452,#3270,#13460,.T.);
#13460 = LINE('',#13461,#13462);
#13461 = CARTESIAN_POINT('',(-13.09646645652,10.250217008345,13.55));
#13462 = VECTOR('',#13463,1.);
#13463 = DIRECTION('',(0.,0.,1.));
#13464 = ORIENTED_EDGE('',*,*,#3277,.F.);
#13465 = PLANE('',#13466);
#13466 = AXIS2_PLACEMENT_3D('',#13467,#13468,#13469);
#13467 = CARTESIAN_POINT('',(-13.09646645652,8.850217008345,13.55));
#13468 = DIRECTION('',(1.,0.,0.));
#13469 = DIRECTION('',(0.,0.,1.));
#13470 = ADVANCED_FACE('',(#13471),#13489,.T.);
#13471 = FACE_BOUND('',#13472,.T.);
#13472 = EDGE_LOOP('',(#13473,#13481,#13487,#13488));
#13473 = ORIENTED_EDGE('',*,*,#13474,.F.);
#13474 = EDGE_CURVE('',#13475,#13452,#13477,.T.);
#13475 = VERTEX_POINT('',#13476);
#13476 = CARTESIAN_POINT('',(-16.09646645652,10.250217008345,13.55));
#13477 = LINE('',#13478,#13479);
#13478 = CARTESIAN_POINT('',(-16.09646645652,10.250217008345,13.55));
#13479 = VECTOR('',#13480,1.);
#13480 = DIRECTION('',(1.,0.,0.));
#13481 = ORIENTED_EDGE('',*,*,#13482,.T.);
#13482 = EDGE_CURVE('',#13475,#3262,#13483,.T.);
#13483 = LINE('',#13484,#13485);
#13484 = CARTESIAN_POINT('',(-16.09646645652,10.250217008345,13.55));
#13485 = VECTOR('',#13486,1.);
#13486 = DIRECTION('',(0.,0.,1.));
#13487 = ORIENTED_EDGE('',*,*,#3269,.T.);
#13488 = ORIENTED_EDGE('',*,*,#13459,.F.);
#13489 = PLANE('',#13490);
#13490 = AXIS2_PLACEMENT_3D('',#13491,#13492,#13493);
#13491 = CARTESIAN_POINT('',(-16.09646645652,10.250217008345,13.55));
#13492 = DIRECTION('',(0.,1.,0.));
#13493 = DIRECTION('',(0.,0.,1.));
#13494 = ADVANCED_FACE('',(#13495),#13506,.F.);
#13495 = FACE_BOUND('',#13496,.F.);
#13496 = EDGE_LOOP('',(#13497,#13498,#13504,#13505));
#13497 = ORIENTED_EDGE('',*,*,#13429,.F.);
#13498 = ORIENTED_EDGE('',*,*,#13499,.T.);
#13499 = EDGE_CURVE('',#13420,#13475,#13500,.T.);
#13500 = LINE('',#13501,#13502);
#13501 = CARTESIAN_POINT('',(-16.09646645652,8.850217008345,13.55));
#13502 = VECTOR('',#13503,1.);
#13503 = DIRECTION('',(0.,1.,0.));
#13504 = ORIENTED_EDGE('',*,*,#13482,.T.);
#13505 = ORIENTED_EDGE('',*,*,#3261,.F.);
#13506 = PLANE('',#13507);
#13507 = AXIS2_PLACEMENT_3D('',#13508,#13509,#13510);
#13508 = CARTESIAN_POINT('',(-16.09646645652,8.850217008345,13.55));
#13509 = DIRECTION('',(1.,0.,0.));
#13510 = DIRECTION('',(0.,0.,1.));
#13511 = ADVANCED_FACE('',(#13512),#13537,.F.);
#13512 = FACE_BOUND('',#13513,.F.);
#13513 = EDGE_LOOP('',(#13514,#13524,#13530,#13531));
#13514 = ORIENTED_EDGE('',*,*,#13515,.F.);
#13515 = EDGE_CURVE('',#13516,#13518,#13520,.T.);
#13516 = VERTEX_POINT('',#13517);
#13517 = CARTESIAN_POINT('',(-12.40446645652,9.050217008345,13.6));
#13518 = VERTEX_POINT('',#13519);
#13519 = CARTESIAN_POINT('',(-10.78846645652,9.050217008345,13.6));
#13520 = LINE('',#13521,#13522);
#13521 = CARTESIAN_POINT('',(-12.40446645652,9.050217008345,13.6));
#13522 = VECTOR('',#13523,1.);
#13523 = DIRECTION('',(1.,0.,0.));
#13524 = ORIENTED_EDGE('',*,*,#13525,.T.);
#13525 = EDGE_CURVE('',#13516,#3286,#13526,.T.);
#13526 = LINE('',#13527,#13528);
#13527 = CARTESIAN_POINT('',(-12.40446645652,9.050217008345,13.6));
#13528 = VECTOR('',#13529,1.);
#13529 = DIRECTION('',(0.,0.,1.));
#13530 = ORIENTED_EDGE('',*,*,#3285,.T.);
#13531 = ORIENTED_EDGE('',*,*,#13532,.F.);
#13532 = EDGE_CURVE('',#13518,#3288,#13533,.T.);
#13533 = LINE('',#13534,#13535);
#13534 = CARTESIAN_POINT('',(-10.78846645652,9.050217008345,13.6));
#13535 = VECTOR('',#13536,1.);
#13536 = DIRECTION('',(0.,0.,1.));
#13537 = PLANE('',#13538);
#13538 = AXIS2_PLACEMENT_3D('',#13539,#13540,#13541);
#13539 = CARTESIAN_POINT('',(-12.40446645652,9.050217008345,13.6));
#13540 = DIRECTION('',(0.,1.,0.));
#13541 = DIRECTION('',(0.,0.,1.));
#13542 = ADVANCED_FACE('',(#13543),#13561,.T.);
#13543 = FACE_BOUND('',#13544,.T.);
#13544 = EDGE_LOOP('',(#13545,#13546,#13554,#13560));
#13545 = ORIENTED_EDGE('',*,*,#13532,.F.);
#13546 = ORIENTED_EDGE('',*,*,#13547,.T.);
#13547 = EDGE_CURVE('',#13518,#13548,#13550,.T.);
#13548 = VERTEX_POINT('',#13549);
#13549 = CARTESIAN_POINT('',(-10.78846645652,9.650217008345,13.6));
#13550 = LINE('',#13551,#13552);
#13551 = CARTESIAN_POINT('',(-10.78846645652,9.050217008345,13.6));
#13552 = VECTOR('',#13553,1.);
#13553 = DIRECTION('',(0.,1.,0.));
#13554 = ORIENTED_EDGE('',*,*,#13555,.T.);
#13555 = EDGE_CURVE('',#13548,#3304,#13556,.T.);
#13556 = LINE('',#13557,#13558);
#13557 = CARTESIAN_POINT('',(-10.78846645652,9.650217008345,13.6));
#13558 = VECTOR('',#13559,1.);
#13559 = DIRECTION('',(0.,0.,1.));
#13560 = ORIENTED_EDGE('',*,*,#3311,.F.);
#13561 = PLANE('',#13562);
#13562 = AXIS2_PLACEMENT_3D('',#13563,#13564,#13565);
#13563 = CARTESIAN_POINT('',(-10.78846645652,9.050217008345,13.6));
#13564 = DIRECTION('',(1.,0.,0.));
#13565 = DIRECTION('',(0.,0.,1.));
#13566 = ADVANCED_FACE('',(#13567),#13585,.T.);
#13567 = FACE_BOUND('',#13568,.T.);
#13568 = EDGE_LOOP('',(#13569,#13577,#13583,#13584));
#13569 = ORIENTED_EDGE('',*,*,#13570,.F.);
#13570 = EDGE_CURVE('',#13571,#13548,#13573,.T.);
#13571 = VERTEX_POINT('',#13572);
#13572 = CARTESIAN_POINT('',(-12.40446645652,9.650217008345,13.6));
#13573 = LINE('',#13574,#13575);
#13574 = CARTESIAN_POINT('',(-12.40446645652,9.650217008345,13.6));
#13575 = VECTOR('',#13576,1.);
#13576 = DIRECTION('',(1.,0.,0.));
#13577 = ORIENTED_EDGE('',*,*,#13578,.T.);
#13578 = EDGE_CURVE('',#13571,#3296,#13579,.T.);
#13579 = LINE('',#13580,#13581);
#13580 = CARTESIAN_POINT('',(-12.40446645652,9.650217008345,13.6));
#13581 = VECTOR('',#13582,1.);
#13582 = DIRECTION('',(0.,0.,1.));
#13583 = ORIENTED_EDGE('',*,*,#3303,.T.);
#13584 = ORIENTED_EDGE('',*,*,#13555,.F.);
#13585 = PLANE('',#13586);
#13586 = AXIS2_PLACEMENT_3D('',#13587,#13588,#13589);
#13587 = CARTESIAN_POINT('',(-12.40446645652,9.650217008345,13.6));
#13588 = DIRECTION('',(0.,1.,0.));
#13589 = DIRECTION('',(0.,0.,1.));
#13590 = ADVANCED_FACE('',(#13591),#13602,.F.);
#13591 = FACE_BOUND('',#13592,.F.);
#13592 = EDGE_LOOP('',(#13593,#13594,#13600,#13601));
#13593 = ORIENTED_EDGE('',*,*,#13525,.F.);
#13594 = ORIENTED_EDGE('',*,*,#13595,.T.);
#13595 = EDGE_CURVE('',#13516,#13571,#13596,.T.);
#13596 = LINE('',#13597,#13598);
#13597 = CARTESIAN_POINT('',(-12.40446645652,9.050217008345,13.6));
#13598 = VECTOR('',#13599,1.);
#13599 = DIRECTION('',(0.,1.,0.));
#13600 = ORIENTED_EDGE('',*,*,#13578,.T.);
#13601 = ORIENTED_EDGE('',*,*,#3295,.F.);
#13602 = PLANE('',#13603);
#13603 = AXIS2_PLACEMENT_3D('',#13604,#13605,#13606);
#13604 = CARTESIAN_POINT('',(-12.40446645652,9.050217008345,13.6));
#13605 = DIRECTION('',(1.,0.,0.));
#13606 = DIRECTION('',(0.,0.,1.));
#13607 = ADVANCED_FACE('',(#13608),#13633,.F.);
#13608 = FACE_BOUND('',#13609,.F.);
#13609 = EDGE_LOOP('',(#13610,#13620,#13626,#13627));
#13610 = ORIENTED_EDGE('',*,*,#13611,.F.);
#13611 = EDGE_CURVE('',#13612,#13614,#13616,.T.);
#13612 = VERTEX_POINT('',#13613);
#13613 = CARTESIAN_POINT('',(-12.60417490461,12.124105172301,13.15));
#13614 = VERTEX_POINT('',#13615);
#13615 = CARTESIAN_POINT('',(-12.60417490461,15.164105172301,13.15));
#13616 = LINE('',#13617,#13618);
#13617 = CARTESIAN_POINT('',(-12.60417490461,12.124105172301,13.15));
#13618 = VECTOR('',#13619,1.);
#13619 = DIRECTION('',(-2.22044604925E-16,1.,0.));
#13620 = ORIENTED_EDGE('',*,*,#13621,.T.);
#13621 = EDGE_CURVE('',#13612,#3320,#13622,.T.);
#13622 = LINE('',#13623,#13624);
#13623 = CARTESIAN_POINT('',(-12.60417490461,12.124105172301,13.15));
#13624 = VECTOR('',#13625,1.);
#13625 = DIRECTION('',(0.,0.,1.));
#13626 = ORIENTED_EDGE('',*,*,#3319,.T.);
#13627 = ORIENTED_EDGE('',*,*,#13628,.F.);
#13628 = EDGE_CURVE('',#13614,#3322,#13629,.T.);
#13629 = LINE('',#13630,#13631);
#13630 = CARTESIAN_POINT('',(-12.60417490461,15.164105172301,13.15));
#13631 = VECTOR('',#13632,1.);
#13632 = DIRECTION('',(0.,0.,1.));
#13633 = PLANE('',#13634);
#13634 = AXIS2_PLACEMENT_3D('',#13635,#13636,#13637);
#13635 = CARTESIAN_POINT('',(-12.60417490461,12.124105172301,13.15));
#13636 = DIRECTION('',(-1.,-2.22044604925E-16,0.));
#13637 = DIRECTION('',(0.,0.,1.));
#13638 = ADVANCED_FACE('',(#13639),#13657,.T.);
#13639 = FACE_BOUND('',#13640,.T.);
#13640 = EDGE_LOOP('',(#13641,#13642,#13650,#13656));
#13641 = ORIENTED_EDGE('',*,*,#13628,.F.);
#13642 = ORIENTED_EDGE('',*,*,#13643,.T.);
#13643 = EDGE_CURVE('',#13614,#13644,#13646,.T.);
#13644 = VERTEX_POINT('',#13645);
#13645 = CARTESIAN_POINT('',(-14.00417490461,15.164105172301,13.15));
#13646 = LINE('',#13647,#13648);
#13647 = CARTESIAN_POINT('',(-12.60417490461,15.164105172301,13.15));
#13648 = VECTOR('',#13649,1.);
#13649 = DIRECTION('',(-1.,-2.22044604925E-16,0.));
#13650 = ORIENTED_EDGE('',*,*,#13651,.T.);
#13651 = EDGE_CURVE('',#13644,#3338,#13652,.T.);
#13652 = LINE('',#13653,#13654);
#13653 = CARTESIAN_POINT('',(-14.00417490461,15.164105172301,13.15));
#13654 = VECTOR('',#13655,1.);
#13655 = DIRECTION('',(0.,0.,1.));
#13656 = ORIENTED_EDGE('',*,*,#3345,.F.);
#13657 = PLANE('',#13658);
#13658 = AXIS2_PLACEMENT_3D('',#13659,#13660,#13661);
#13659 = CARTESIAN_POINT('',(-12.60417490461,15.164105172301,13.15));
#13660 = DIRECTION('',(-2.22044604925E-16,1.,0.));
#13661 = DIRECTION('',(0.,0.,1.));
#13662 = ADVANCED_FACE('',(#13663),#13681,.T.);
#13663 = FACE_BOUND('',#13664,.T.);
#13664 = EDGE_LOOP('',(#13665,#13673,#13679,#13680));
#13665 = ORIENTED_EDGE('',*,*,#13666,.F.);
#13666 = EDGE_CURVE('',#13667,#13644,#13669,.T.);
#13667 = VERTEX_POINT('',#13668);
#13668 = CARTESIAN_POINT('',(-14.00417490461,12.124105172301,13.15));
#13669 = LINE('',#13670,#13671);
#13670 = CARTESIAN_POINT('',(-14.00417490461,12.124105172301,13.15));
#13671 = VECTOR('',#13672,1.);
#13672 = DIRECTION('',(-2.22044604925E-16,1.,0.));
#13673 = ORIENTED_EDGE('',*,*,#13674,.T.);
#13674 = EDGE_CURVE('',#13667,#3330,#13675,.T.);
#13675 = LINE('',#13676,#13677);
#13676 = CARTESIAN_POINT('',(-14.00417490461,12.124105172301,13.15));
#13677 = VECTOR('',#13678,1.);
#13678 = DIRECTION('',(0.,0.,1.));
#13679 = ORIENTED_EDGE('',*,*,#3337,.T.);
#13680 = ORIENTED_EDGE('',*,*,#13651,.F.);
#13681 = PLANE('',#13682);
#13682 = AXIS2_PLACEMENT_3D('',#13683,#13684,#13685);
#13683 = CARTESIAN_POINT('',(-14.00417490461,12.124105172301,13.15));
#13684 = DIRECTION('',(-1.,-2.22044604925E-16,0.));
#13685 = DIRECTION('',(0.,0.,1.));
#13686 = ADVANCED_FACE('',(#13687),#13698,.F.);
#13687 = FACE_BOUND('',#13688,.F.);
#13688 = EDGE_LOOP('',(#13689,#13690,#13696,#13697));
#13689 = ORIENTED_EDGE('',*,*,#13621,.F.);
#13690 = ORIENTED_EDGE('',*,*,#13691,.T.);
#13691 = EDGE_CURVE('',#13612,#13667,#13692,.T.);
#13692 = LINE('',#13693,#13694);
#13693 = CARTESIAN_POINT('',(-12.60417490461,12.124105172301,13.15));
#13694 = VECTOR('',#13695,1.);
#13695 = DIRECTION('',(-1.,-2.22044604925E-16,0.));
#13696 = ORIENTED_EDGE('',*,*,#13674,.T.);
#13697 = ORIENTED_EDGE('',*,*,#3329,.F.);
#13698 = PLANE('',#13699);
#13699 = AXIS2_PLACEMENT_3D('',#13700,#13701,#13702);
#13700 = CARTESIAN_POINT('',(-12.60417490461,12.124105172301,13.15));
#13701 = DIRECTION('',(-2.22044604925E-16,1.,0.));
#13702 = DIRECTION('',(0.,0.,1.));
#13703 = ADVANCED_FACE('',(#13704),#13729,.F.);
#13704 = FACE_BOUND('',#13705,.F.);
#13705 = EDGE_LOOP('',(#13706,#13716,#13722,#13723));
#13706 = ORIENTED_EDGE('',*,*,#13707,.F.);
#13707 = EDGE_CURVE('',#13708,#13710,#13712,.T.);
#13708 = VERTEX_POINT('',#13709);
#13709 = CARTESIAN_POINT('',(-1.560305022997,14.425891178279,12.25));
#13710 = VERTEX_POINT('',#13711);
#13711 = CARTESIAN_POINT('',(-1.560305022997,17.565891178279,12.25));
#13712 = LINE('',#13713,#13714);
#13713 = CARTESIAN_POINT('',(-1.560305022997,14.425891178279,12.25));
#13714 = VECTOR('',#13715,1.);
#13715 = DIRECTION('',(-2.22044604925E-16,1.,0.));
#13716 = ORIENTED_EDGE('',*,*,#13717,.T.);
#13717 = EDGE_CURVE('',#13708,#3354,#13718,.T.);
#13718 = LINE('',#13719,#13720);
#13719 = CARTESIAN_POINT('',(-1.560305022997,14.425891178279,12.25));
#13720 = VECTOR('',#13721,1.);
#13721 = DIRECTION('',(0.,0.,1.));
#13722 = ORIENTED_EDGE('',*,*,#3353,.T.);
#13723 = ORIENTED_EDGE('',*,*,#13724,.F.);
#13724 = EDGE_CURVE('',#13710,#3356,#13725,.T.);
#13725 = LINE('',#13726,#13727);
#13726 = CARTESIAN_POINT('',(-1.560305022997,17.565891178279,12.25));
#13727 = VECTOR('',#13728,1.);
#13728 = DIRECTION('',(0.,0.,1.));
#13729 = PLANE('',#13730);
#13730 = AXIS2_PLACEMENT_3D('',#13731,#13732,#13733);
#13731 = CARTESIAN_POINT('',(-1.560305022997,14.425891178279,12.25));
#13732 = DIRECTION('',(-1.,-2.22044604925E-16,0.));
#13733 = DIRECTION('',(0.,0.,1.));
#13734 = ADVANCED_FACE('',(#13735),#13753,.T.);
#13735 = FACE_BOUND('',#13736,.T.);
#13736 = EDGE_LOOP('',(#13737,#13738,#13746,#13752));
#13737 = ORIENTED_EDGE('',*,*,#13724,.F.);
#13738 = ORIENTED_EDGE('',*,*,#13739,.T.);
#13739 = EDGE_CURVE('',#13710,#13740,#13742,.T.);
#13740 = VERTEX_POINT('',#13741);
#13741 = CARTESIAN_POINT('',(-3.060305022997,17.565891178279,12.25));
#13742 = LINE('',#13743,#13744);
#13743 = CARTESIAN_POINT('',(-1.560305022997,17.565891178279,12.25));
#13744 = VECTOR('',#13745,1.);
#13745 = DIRECTION('',(-1.,-2.22044604925E-16,0.));
#13746 = ORIENTED_EDGE('',*,*,#13747,.T.);
#13747 = EDGE_CURVE('',#13740,#3372,#13748,.T.);
#13748 = LINE('',#13749,#13750);
#13749 = CARTESIAN_POINT('',(-3.060305022997,17.565891178279,12.25));
#13750 = VECTOR('',#13751,1.);
#13751 = DIRECTION('',(0.,0.,1.));
#13752 = ORIENTED_EDGE('',*,*,#3379,.F.);
#13753 = PLANE('',#13754);
#13754 = AXIS2_PLACEMENT_3D('',#13755,#13756,#13757);
#13755 = CARTESIAN_POINT('',(-1.560305022997,17.565891178279,12.25));
#13756 = DIRECTION('',(-2.22044604925E-16,1.,0.));
#13757 = DIRECTION('',(0.,0.,1.));
#13758 = ADVANCED_FACE('',(#13759),#13777,.T.);
#13759 = FACE_BOUND('',#13760,.T.);
#13760 = EDGE_LOOP('',(#13761,#13769,#13775,#13776));
#13761 = ORIENTED_EDGE('',*,*,#13762,.F.);
#13762 = EDGE_CURVE('',#13763,#13740,#13765,.T.);
#13763 = VERTEX_POINT('',#13764);
#13764 = CARTESIAN_POINT('',(-3.060305022997,14.425891178279,12.25));
#13765 = LINE('',#13766,#13767);
#13766 = CARTESIAN_POINT('',(-3.060305022997,14.425891178279,12.25));
#13767 = VECTOR('',#13768,1.);
#13768 = DIRECTION('',(-2.22044604925E-16,1.,0.));
#13769 = ORIENTED_EDGE('',*,*,#13770,.T.);
#13770 = EDGE_CURVE('',#13763,#3364,#13771,.T.);
#13771 = LINE('',#13772,#13773);
#13772 = CARTESIAN_POINT('',(-3.060305022997,14.425891178279,12.25));
#13773 = VECTOR('',#13774,1.);
#13774 = DIRECTION('',(0.,0.,1.));
#13775 = ORIENTED_EDGE('',*,*,#3371,.T.);
#13776 = ORIENTED_EDGE('',*,*,#13747,.F.);
#13777 = PLANE('',#13778);
#13778 = AXIS2_PLACEMENT_3D('',#13779,#13780,#13781);
#13779 = CARTESIAN_POINT('',(-3.060305022997,14.425891178279,12.25));
#13780 = DIRECTION('',(-1.,-2.22044604925E-16,0.));
#13781 = DIRECTION('',(0.,0.,1.));
#13782 = ADVANCED_FACE('',(#13783),#13794,.F.);
#13783 = FACE_BOUND('',#13784,.F.);
#13784 = EDGE_LOOP('',(#13785,#13786,#13792,#13793));
#13785 = ORIENTED_EDGE('',*,*,#13717,.F.);
#13786 = ORIENTED_EDGE('',*,*,#13787,.T.);
#13787 = EDGE_CURVE('',#13708,#13763,#13788,.T.);
#13788 = LINE('',#13789,#13790);
#13789 = CARTESIAN_POINT('',(-1.560305022997,14.425891178279,12.25));
#13790 = VECTOR('',#13791,1.);
#13791 = DIRECTION('',(-1.,-2.22044604925E-16,0.));
#13792 = ORIENTED_EDGE('',*,*,#13770,.T.);
#13793 = ORIENTED_EDGE('',*,*,#3363,.F.);
#13794 = PLANE('',#13795);
#13795 = AXIS2_PLACEMENT_3D('',#13796,#13797,#13798);
#13796 = CARTESIAN_POINT('',(-1.560305022997,14.425891178279,12.25));
#13797 = DIRECTION('',(-2.22044604925E-16,1.,0.));
#13798 = DIRECTION('',(0.,0.,1.));
#13799 = ADVANCED_FACE('',(#13800),#13825,.F.);
#13800 = FACE_BOUND('',#13801,.F.);
#13801 = EDGE_LOOP('',(#13802,#13812,#13818,#13819));
#13802 = ORIENTED_EDGE('',*,*,#13803,.F.);
#13803 = EDGE_CURVE('',#13804,#13806,#13808,.T.);
#13804 = VERTEX_POINT('',#13805);
#13805 = CARTESIAN_POINT('',(6.380177375496,-2.703544936188,13.25));
#13806 = VERTEX_POINT('',#13807);
#13807 = CARTESIAN_POINT('',(6.380177375496,5.144930063812,13.25));
#13808 = LINE('',#13809,#13810);
#13809 = CARTESIAN_POINT('',(6.380177375496,-2.703544936188,13.25));
#13810 = VECTOR('',#13811,1.);
#13811 = DIRECTION('',(-2.22044604925E-16,1.,0.));
#13812 = ORIENTED_EDGE('',*,*,#13813,.T.);
#13813 = EDGE_CURVE('',#13804,#3388,#13814,.T.);
#13814 = LINE('',#13815,#13816);
#13815 = CARTESIAN_POINT('',(6.380177375496,-2.703544936188,13.25));
#13816 = VECTOR('',#13817,1.);
#13817 = DIRECTION('',(0.,0.,1.));
#13818 = ORIENTED_EDGE('',*,*,#3387,.T.);
#13819 = ORIENTED_EDGE('',*,*,#13820,.F.);
#13820 = EDGE_CURVE('',#13806,#3390,#13821,.T.);
#13821 = LINE('',#13822,#13823);
#13822 = CARTESIAN_POINT('',(6.380177375496,5.144930063812,13.25));
#13823 = VECTOR('',#13824,1.);
#13824 = DIRECTION('',(0.,0.,1.));
#13825 = PLANE('',#13826);
#13826 = AXIS2_PLACEMENT_3D('',#13827,#13828,#13829);
#13827 = CARTESIAN_POINT('',(6.380177375496,-2.703544936188,13.25));
#13828 = DIRECTION('',(-1.,-2.22044604925E-16,0.));
#13829 = DIRECTION('',(0.,0.,1.));
#13830 = ADVANCED_FACE('',(#13831),#13849,.T.);
#13831 = FACE_BOUND('',#13832,.T.);
#13832 = EDGE_LOOP('',(#13833,#13834,#13842,#13848));
#13833 = ORIENTED_EDGE('',*,*,#13820,.F.);
#13834 = ORIENTED_EDGE('',*,*,#13835,.T.);
#13835 = EDGE_CURVE('',#13806,#13836,#13838,.T.);
#13836 = VERTEX_POINT('',#13837);
#13837 = CARTESIAN_POINT('',(-1.468297624504,5.144930063812,13.25));
#13838 = LINE('',#13839,#13840);
#13839 = CARTESIAN_POINT('',(6.380177375496,5.144930063812,13.25));
#13840 = VECTOR('',#13841,1.);
#13841 = DIRECTION('',(-1.,-2.22044604925E-16,0.));
#13842 = ORIENTED_EDGE('',*,*,#13843,.T.);
#13843 = EDGE_CURVE('',#13836,#3406,#13844,.T.);
#13844 = LINE('',#13845,#13846);
#13845 = CARTESIAN_POINT('',(-1.468297624504,5.144930063812,13.25));
#13846 = VECTOR('',#13847,1.);
#13847 = DIRECTION('',(0.,0.,1.));
#13848 = ORIENTED_EDGE('',*,*,#3413,.F.);
#13849 = PLANE('',#13850);
#13850 = AXIS2_PLACEMENT_3D('',#13851,#13852,#13853);
#13851 = CARTESIAN_POINT('',(6.380177375496,5.144930063812,13.25));
#13852 = DIRECTION('',(-2.22044604925E-16,1.,0.));
#13853 = DIRECTION('',(0.,0.,1.));
#13854 = ADVANCED_FACE('',(#13855),#13873,.T.);
#13855 = FACE_BOUND('',#13856,.T.);
#13856 = EDGE_LOOP('',(#13857,#13865,#13871,#13872));
#13857 = ORIENTED_EDGE('',*,*,#13858,.F.);
#13858 = EDGE_CURVE('',#13859,#13836,#13861,.T.);
#13859 = VERTEX_POINT('',#13860);
#13860 = CARTESIAN_POINT('',(-1.468297624504,-2.703544936188,13.25));
#13861 = LINE('',#13862,#13863);
#13862 = CARTESIAN_POINT('',(-1.468297624504,-2.703544936188,13.25));
#13863 = VECTOR('',#13864,1.);
#13864 = DIRECTION('',(-2.22044604925E-16,1.,0.));
#13865 = ORIENTED_EDGE('',*,*,#13866,.T.);
#13866 = EDGE_CURVE('',#13859,#3398,#13867,.T.);
#13867 = LINE('',#13868,#13869);
#13868 = CARTESIAN_POINT('',(-1.468297624504,-2.703544936188,13.25));
#13869 = VECTOR('',#13870,1.);
#13870 = DIRECTION('',(0.,0.,1.));
#13871 = ORIENTED_EDGE('',*,*,#3405,.T.);
#13872 = ORIENTED_EDGE('',*,*,#13843,.F.);
#13873 = PLANE('',#13874);
#13874 = AXIS2_PLACEMENT_3D('',#13875,#13876,#13877);
#13875 = CARTESIAN_POINT('',(-1.468297624504,-2.703544936188,13.25));
#13876 = DIRECTION('',(-1.,-2.22044604925E-16,0.));
#13877 = DIRECTION('',(0.,0.,1.));
#13878 = ADVANCED_FACE('',(#13879),#13890,.F.);
#13879 = FACE_BOUND('',#13880,.F.);
#13880 = EDGE_LOOP('',(#13881,#13882,#13888,#13889));
#13881 = ORIENTED_EDGE('',*,*,#13813,.F.);
#13882 = ORIENTED_EDGE('',*,*,#13883,.T.);
#13883 = EDGE_CURVE('',#13804,#13859,#13884,.T.);
#13884 = LINE('',#13885,#13886);
#13885 = CARTESIAN_POINT('',(6.380177375496,-2.703544936188,13.25));
#13886 = VECTOR('',#13887,1.);
#13887 = DIRECTION('',(-1.,-2.22044604925E-16,0.));
#13888 = ORIENTED_EDGE('',*,*,#13866,.T.);
#13889 = ORIENTED_EDGE('',*,*,#3397,.F.);
#13890 = PLANE('',#13891);
#13891 = AXIS2_PLACEMENT_3D('',#13892,#13893,#13894);
#13892 = CARTESIAN_POINT('',(6.380177375496,-2.703544936188,13.25));
#13893 = DIRECTION('',(-2.22044604925E-16,1.,0.));
#13894 = DIRECTION('',(0.,0.,1.));
#13895 = ADVANCED_FACE('',(#13896),#13921,.F.);
#13896 = FACE_BOUND('',#13897,.F.);
#13897 = EDGE_LOOP('',(#13898,#13908,#13914,#13915));
#13898 = ORIENTED_EDGE('',*,*,#13899,.F.);
#13899 = EDGE_CURVE('',#13900,#13902,#13904,.T.);
#13900 = VERTEX_POINT('',#13901);
#13901 = CARTESIAN_POINT('',(7.582974331405,0.717593506745,13.6));
#13902 = VERTEX_POINT('',#13903);
#13903 = CARTESIAN_POINT('',(9.198974331405,0.717593506745,13.6));
#13904 = LINE('',#13905,#13906);
#13905 = CARTESIAN_POINT('',(7.582974331405,0.717593506745,13.6));
#13906 = VECTOR('',#13907,1.);
#13907 = DIRECTION('',(1.,0.,0.));
#13908 = ORIENTED_EDGE('',*,*,#13909,.T.);
#13909 = EDGE_CURVE('',#13900,#3422,#13910,.T.);
#13910 = LINE('',#13911,#13912);
#13911 = CARTESIAN_POINT('',(7.582974331405,0.717593506745,13.6));
#13912 = VECTOR('',#13913,1.);
#13913 = DIRECTION('',(0.,0.,1.));
#13914 = ORIENTED_EDGE('',*,*,#3421,.T.);
#13915 = ORIENTED_EDGE('',*,*,#13916,.F.);
#13916 = EDGE_CURVE('',#13902,#3424,#13917,.T.);
#13917 = LINE('',#13918,#13919);
#13918 = CARTESIAN_POINT('',(9.198974331405,0.717593506745,13.6));
#13919 = VECTOR('',#13920,1.);
#13920 = DIRECTION('',(0.,0.,1.));
#13921 = PLANE('',#13922);
#13922 = AXIS2_PLACEMENT_3D('',#13923,#13924,#13925);
#13923 = CARTESIAN_POINT('',(7.582974331405,0.717593506745,13.6));
#13924 = DIRECTION('',(0.,1.,0.));
#13925 = DIRECTION('',(0.,0.,1.));
#13926 = ADVANCED_FACE('',(#13927),#13945,.T.);
#13927 = FACE_BOUND('',#13928,.T.);
#13928 = EDGE_LOOP('',(#13929,#13930,#13938,#13944));
#13929 = ORIENTED_EDGE('',*,*,#13916,.F.);
#13930 = ORIENTED_EDGE('',*,*,#13931,.T.);
#13931 = EDGE_CURVE('',#13902,#13932,#13934,.T.);
#13932 = VERTEX_POINT('',#13933);
#13933 = CARTESIAN_POINT('',(9.198974331405,1.317593506745,13.6));
#13934 = LINE('',#13935,#13936);
#13935 = CARTESIAN_POINT('',(9.198974331405,0.717593506745,13.6));
#13936 = VECTOR('',#13937,1.);
#13937 = DIRECTION('',(0.,1.,0.));
#13938 = ORIENTED_EDGE('',*,*,#13939,.T.);
#13939 = EDGE_CURVE('',#13932,#3440,#13940,.T.);
#13940 = LINE('',#13941,#13942);
#13941 = CARTESIAN_POINT('',(9.198974331405,1.317593506745,13.6));
#13942 = VECTOR('',#13943,1.);
#13943 = DIRECTION('',(0.,0.,1.));
#13944 = ORIENTED_EDGE('',*,*,#3447,.F.);
#13945 = PLANE('',#13946);
#13946 = AXIS2_PLACEMENT_3D('',#13947,#13948,#13949);
#13947 = CARTESIAN_POINT('',(9.198974331405,0.717593506745,13.6));
#13948 = DIRECTION('',(1.,0.,0.));
#13949 = DIRECTION('',(0.,0.,1.));
#13950 = ADVANCED_FACE('',(#13951),#13969,.T.);
#13951 = FACE_BOUND('',#13952,.T.);
#13952 = EDGE_LOOP('',(#13953,#13961,#13967,#13968));
#13953 = ORIENTED_EDGE('',*,*,#13954,.F.);
#13954 = EDGE_CURVE('',#13955,#13932,#13957,.T.);
#13955 = VERTEX_POINT('',#13956);
#13956 = CARTESIAN_POINT('',(7.582974331405,1.317593506745,13.6));
#13957 = LINE('',#13958,#13959);
#13958 = CARTESIAN_POINT('',(7.582974331405,1.317593506745,13.6));
#13959 = VECTOR('',#13960,1.);
#13960 = DIRECTION('',(1.,0.,0.));
#13961 = ORIENTED_EDGE('',*,*,#13962,.T.);
#13962 = EDGE_CURVE('',#13955,#3432,#13963,.T.);
#13963 = LINE('',#13964,#13965);
#13964 = CARTESIAN_POINT('',(7.582974331405,1.317593506745,13.6));
#13965 = VECTOR('',#13966,1.);
#13966 = DIRECTION('',(0.,0.,1.));
#13967 = ORIENTED_EDGE('',*,*,#3439,.T.);
#13968 = ORIENTED_EDGE('',*,*,#13939,.F.);
#13969 = PLANE('',#13970);
#13970 = AXIS2_PLACEMENT_3D('',#13971,#13972,#13973);
#13971 = CARTESIAN_POINT('',(7.582974331405,1.317593506745,13.6));
#13972 = DIRECTION('',(0.,1.,0.));
#13973 = DIRECTION('',(0.,0.,1.));
#13974 = ADVANCED_FACE('',(#13975),#13986,.F.);
#13975 = FACE_BOUND('',#13976,.F.);
#13976 = EDGE_LOOP('',(#13977,#13978,#13984,#13985));
#13977 = ORIENTED_EDGE('',*,*,#13909,.F.);
#13978 = ORIENTED_EDGE('',*,*,#13979,.T.);
#13979 = EDGE_CURVE('',#13900,#13955,#13980,.T.);
#13980 = LINE('',#13981,#13982);
#13981 = CARTESIAN_POINT('',(7.582974331405,0.717593506745,13.6));
#13982 = VECTOR('',#13983,1.);
#13983 = DIRECTION('',(0.,1.,0.));
#13984 = ORIENTED_EDGE('',*,*,#13962,.T.);
#13985 = ORIENTED_EDGE('',*,*,#3431,.F.);
#13986 = PLANE('',#13987);
#13987 = AXIS2_PLACEMENT_3D('',#13988,#13989,#13990);
#13988 = CARTESIAN_POINT('',(7.582974331405,0.717593506745,13.6));
#13989 = DIRECTION('',(1.,0.,0.));
#13990 = DIRECTION('',(0.,0.,1.));
#13991 = ADVANCED_FACE('',(#13992),#14017,.F.);
#13992 = FACE_BOUND('',#13993,.F.);
#13993 = EDGE_LOOP('',(#13994,#14004,#14010,#14011));
#13994 = ORIENTED_EDGE('',*,*,#13995,.F.);
#13995 = EDGE_CURVE('',#13996,#13998,#14000,.T.);
#13996 = VERTEX_POINT('',#13997);
#13997 = CARTESIAN_POINT('',(9.268428674672,2.517699133763,13.6));
#13998 = VERTEX_POINT('',#13999);
#13999 = CARTESIAN_POINT('',(7.652428674672,2.517699133763,13.6));
#14000 = LINE('',#14001,#14002);
#14001 = CARTESIAN_POINT('',(9.268428674672,2.517699133763,13.6));
#14002 = VECTOR('',#14003,1.);
#14003 = DIRECTION('',(-1.,-1.224646799147E-16,0.));
#14004 = ORIENTED_EDGE('',*,*,#14005,.T.);
#14005 = EDGE_CURVE('',#13996,#3456,#14006,.T.);
#14006 = LINE('',#14007,#14008);
#14007 = CARTESIAN_POINT('',(9.268428674672,2.517699133763,13.6));
#14008 = VECTOR('',#14009,1.);
#14009 = DIRECTION('',(0.,0.,1.));
#14010 = ORIENTED_EDGE('',*,*,#3455,.T.);
#14011 = ORIENTED_EDGE('',*,*,#14012,.F.);
#14012 = EDGE_CURVE('',#13998,#3458,#14013,.T.);
#14013 = LINE('',#14014,#14015);
#14014 = CARTESIAN_POINT('',(7.652428674672,2.517699133763,13.6));
#14015 = VECTOR('',#14016,1.);
#14016 = DIRECTION('',(0.,0.,1.));
#14017 = PLANE('',#14018);
#14018 = AXIS2_PLACEMENT_3D('',#14019,#14020,#14021);
#14019 = CARTESIAN_POINT('',(9.268428674672,2.517699133763,13.6));
#14020 = DIRECTION('',(1.224646799147E-16,-1.,0.));
#14021 = DIRECTION('',(0.,0.,1.));
#14022 = ADVANCED_FACE('',(#14023),#14041,.T.);
#14023 = FACE_BOUND('',#14024,.T.);
#14024 = EDGE_LOOP('',(#14025,#14026,#14034,#14040));
#14025 = ORIENTED_EDGE('',*,*,#14012,.F.);
#14026 = ORIENTED_EDGE('',*,*,#14027,.T.);
#14027 = EDGE_CURVE('',#13998,#14028,#14030,.T.);
#14028 = VERTEX_POINT('',#14029);
#14029 = CARTESIAN_POINT('',(7.652428674672,1.917699133763,13.6));
#14030 = LINE('',#14031,#14032);
#14031 = CARTESIAN_POINT('',(7.652428674672,2.517699133763,13.6));
#14032 = VECTOR('',#14033,1.);
#14033 = DIRECTION('',(1.224646799147E-16,-1.,0.));
#14034 = ORIENTED_EDGE('',*,*,#14035,.T.);
#14035 = EDGE_CURVE('',#14028,#3474,#14036,.T.);
#14036 = LINE('',#14037,#14038);
#14037 = CARTESIAN_POINT('',(7.652428674672,1.917699133763,13.6));
#14038 = VECTOR('',#14039,1.);
#14039 = DIRECTION('',(0.,0.,1.));
#14040 = ORIENTED_EDGE('',*,*,#3481,.F.);
#14041 = PLANE('',#14042);
#14042 = AXIS2_PLACEMENT_3D('',#14043,#14044,#14045);
#14043 = CARTESIAN_POINT('',(7.652428674672,2.517699133763,13.6));
#14044 = DIRECTION('',(-1.,-1.224646799147E-16,0.));
#14045 = DIRECTION('',(0.,0.,1.));
#14046 = ADVANCED_FACE('',(#14047),#14065,.T.);
#14047 = FACE_BOUND('',#14048,.T.);
#14048 = EDGE_LOOP('',(#14049,#14057,#14063,#14064));
#14049 = ORIENTED_EDGE('',*,*,#14050,.F.);
#14050 = EDGE_CURVE('',#14051,#14028,#14053,.T.);
#14051 = VERTEX_POINT('',#14052);
#14052 = CARTESIAN_POINT('',(9.268428674672,1.917699133763,13.6));
#14053 = LINE('',#14054,#14055);
#14054 = CARTESIAN_POINT('',(9.268428674672,1.917699133763,13.6));
#14055 = VECTOR('',#14056,1.);
#14056 = DIRECTION('',(-1.,-1.224646799147E-16,0.));
#14057 = ORIENTED_EDGE('',*,*,#14058,.T.);
#14058 = EDGE_CURVE('',#14051,#3466,#14059,.T.);
#14059 = LINE('',#14060,#14061);
#14060 = CARTESIAN_POINT('',(9.268428674672,1.917699133763,13.6));
#14061 = VECTOR('',#14062,1.);
#14062 = DIRECTION('',(0.,0.,1.));
#14063 = ORIENTED_EDGE('',*,*,#3473,.T.);
#14064 = ORIENTED_EDGE('',*,*,#14035,.F.);
#14065 = PLANE('',#14066);
#14066 = AXIS2_PLACEMENT_3D('',#14067,#14068,#14069);
#14067 = CARTESIAN_POINT('',(9.268428674672,1.917699133763,13.6));
#14068 = DIRECTION('',(1.224646799147E-16,-1.,0.));
#14069 = DIRECTION('',(0.,0.,1.));
#14070 = ADVANCED_FACE('',(#14071),#14082,.F.);
#14071 = FACE_BOUND('',#14072,.F.);
#14072 = EDGE_LOOP('',(#14073,#14074,#14080,#14081));
#14073 = ORIENTED_EDGE('',*,*,#14005,.F.);
#14074 = ORIENTED_EDGE('',*,*,#14075,.T.);
#14075 = EDGE_CURVE('',#13996,#14051,#14076,.T.);
#14076 = LINE('',#14077,#14078);
#14077 = CARTESIAN_POINT('',(9.268428674672,2.517699133763,13.6));
#14078 = VECTOR('',#14079,1.);
#14079 = DIRECTION('',(1.224646799147E-16,-1.,0.));
#14080 = ORIENTED_EDGE('',*,*,#14058,.T.);
#14081 = ORIENTED_EDGE('',*,*,#3465,.F.);
#14082 = PLANE('',#14083);
#14083 = AXIS2_PLACEMENT_3D('',#14084,#14085,#14086);
#14084 = CARTESIAN_POINT('',(9.268428674672,2.517699133763,13.6));
#14085 = DIRECTION('',(-1.,-1.224646799147E-16,0.));
#14086 = DIRECTION('',(0.,0.,1.));
#14087 = ADVANCED_FACE('',(#14088),#14113,.F.);
#14088 = FACE_BOUND('',#14089,.F.);
#14089 = EDGE_LOOP('',(#14090,#14100,#14106,#14107));
#14090 = ORIENTED_EDGE('',*,*,#14091,.F.);
#14091 = EDGE_CURVE('',#14092,#14094,#14096,.T.);
#14092 = VERTEX_POINT('',#14093);
#14093 = CARTESIAN_POINT('',(7.655328867513,3.11800412493,13.6));
#14094 = VERTEX_POINT('',#14095);
#14095 = CARTESIAN_POINT('',(9.271328867513,3.11800412493,13.6));
#14096 = LINE('',#14097,#14098);
#14097 = CARTESIAN_POINT('',(7.655328867513,3.11800412493,13.6));
#14098 = VECTOR('',#14099,1.);
#14099 = DIRECTION('',(1.,0.,0.));
#14100 = ORIENTED_EDGE('',*,*,#14101,.T.);
#14101 = EDGE_CURVE('',#14092,#3490,#14102,.T.);
#14102 = LINE('',#14103,#14104);
#14103 = CARTESIAN_POINT('',(7.655328867513,3.11800412493,13.6));
#14104 = VECTOR('',#14105,1.);
#14105 = DIRECTION('',(0.,0.,1.));
#14106 = ORIENTED_EDGE('',*,*,#3489,.T.);
#14107 = ORIENTED_EDGE('',*,*,#14108,.F.);
#14108 = EDGE_CURVE('',#14094,#3492,#14109,.T.);
#14109 = LINE('',#14110,#14111);
#14110 = CARTESIAN_POINT('',(9.271328867513,3.11800412493,13.6));
#14111 = VECTOR('',#14112,1.);
#14112 = DIRECTION('',(0.,0.,1.));
#14113 = PLANE('',#14114);
#14114 = AXIS2_PLACEMENT_3D('',#14115,#14116,#14117);
#14115 = CARTESIAN_POINT('',(7.655328867513,3.11800412493,13.6));
#14116 = DIRECTION('',(0.,1.,0.));
#14117 = DIRECTION('',(0.,0.,1.));
#14118 = ADVANCED_FACE('',(#14119),#14137,.T.);
#14119 = FACE_BOUND('',#14120,.T.);
#14120 = EDGE_LOOP('',(#14121,#14122,#14130,#14136));
#14121 = ORIENTED_EDGE('',*,*,#14108,.F.);
#14122 = ORIENTED_EDGE('',*,*,#14123,.T.);
#14123 = EDGE_CURVE('',#14094,#14124,#14126,.T.);
#14124 = VERTEX_POINT('',#14125);
#14125 = CARTESIAN_POINT('',(9.271328867513,3.71800412493,13.6));
#14126 = LINE('',#14127,#14128);
#14127 = CARTESIAN_POINT('',(9.271328867513,3.11800412493,13.6));
#14128 = VECTOR('',#14129,1.);
#14129 = DIRECTION('',(0.,1.,0.));
#14130 = ORIENTED_EDGE('',*,*,#14131,.T.);
#14131 = EDGE_CURVE('',#14124,#3508,#14132,.T.);
#14132 = LINE('',#14133,#14134);
#14133 = CARTESIAN_POINT('',(9.271328867513,3.71800412493,13.6));
#14134 = VECTOR('',#14135,1.);
#14135 = DIRECTION('',(0.,0.,1.));
#14136 = ORIENTED_EDGE('',*,*,#3515,.F.);
#14137 = PLANE('',#14138);
#14138 = AXIS2_PLACEMENT_3D('',#14139,#14140,#14141);
#14139 = CARTESIAN_POINT('',(9.271328867513,3.11800412493,13.6));
#14140 = DIRECTION('',(1.,0.,0.));
#14141 = DIRECTION('',(0.,0.,1.));
#14142 = ADVANCED_FACE('',(#14143),#14161,.T.);
#14143 = FACE_BOUND('',#14144,.T.);
#14144 = EDGE_LOOP('',(#14145,#14153,#14159,#14160));
#14145 = ORIENTED_EDGE('',*,*,#14146,.F.);
#14146 = EDGE_CURVE('',#14147,#14124,#14149,.T.);
#14147 = VERTEX_POINT('',#14148);
#14148 = CARTESIAN_POINT('',(7.655328867513,3.71800412493,13.6));
#14149 = LINE('',#14150,#14151);
#14150 = CARTESIAN_POINT('',(7.655328867513,3.71800412493,13.6));
#14151 = VECTOR('',#14152,1.);
#14152 = DIRECTION('',(1.,0.,0.));
#14153 = ORIENTED_EDGE('',*,*,#14154,.T.);
#14154 = EDGE_CURVE('',#14147,#3500,#14155,.T.);
#14155 = LINE('',#14156,#14157);
#14156 = CARTESIAN_POINT('',(7.655328867513,3.71800412493,13.6));
#14157 = VECTOR('',#14158,1.);
#14158 = DIRECTION('',(0.,0.,1.));
#14159 = ORIENTED_EDGE('',*,*,#3507,.T.);
#14160 = ORIENTED_EDGE('',*,*,#14131,.F.);
#14161 = PLANE('',#14162);
#14162 = AXIS2_PLACEMENT_3D('',#14163,#14164,#14165);
#14163 = CARTESIAN_POINT('',(7.655328867513,3.71800412493,13.6));
#14164 = DIRECTION('',(0.,1.,0.));
#14165 = DIRECTION('',(0.,0.,1.));
#14166 = ADVANCED_FACE('',(#14167),#14178,.F.);
#14167 = FACE_BOUND('',#14168,.F.);
#14168 = EDGE_LOOP('',(#14169,#14170,#14176,#14177));
#14169 = ORIENTED_EDGE('',*,*,#14101,.F.);
#14170 = ORIENTED_EDGE('',*,*,#14171,.T.);
#14171 = EDGE_CURVE('',#14092,#14147,#14172,.T.);
#14172 = LINE('',#14173,#14174);
#14173 = CARTESIAN_POINT('',(7.655328867513,3.11800412493,13.6));
#14174 = VECTOR('',#14175,1.);
#14175 = DIRECTION('',(0.,1.,0.));
#14176 = ORIENTED_EDGE('',*,*,#14154,.T.);
#14177 = ORIENTED_EDGE('',*,*,#3499,.F.);
#14178 = PLANE('',#14179);
#14179 = AXIS2_PLACEMENT_3D('',#14180,#14181,#14182);
#14180 = CARTESIAN_POINT('',(7.655328867513,3.11800412493,13.6));
#14181 = DIRECTION('',(1.,0.,0.));
#14182 = DIRECTION('',(0.,0.,1.));
#14183 = ADVANCED_FACE('',(#14184),#14209,.F.);
#14184 = FACE_BOUND('',#14185,.F.);
#14185 = EDGE_LOOP('',(#14186,#14196,#14202,#14203));
#14186 = ORIENTED_EDGE('',*,*,#14187,.F.);
#14187 = EDGE_CURVE('',#14188,#14190,#14192,.T.);
#14188 = VERTEX_POINT('',#14189);
#14189 = CARTESIAN_POINT('',(6.886268108622,4.31809858999,13.6));
#14190 = VERTEX_POINT('',#14191);
#14191 = CARTESIAN_POINT('',(8.502268108622,4.31809858999,13.6));
#14192 = LINE('',#14193,#14194);
#14193 = CARTESIAN_POINT('',(6.886268108622,4.31809858999,13.6));
#14194 = VECTOR('',#14195,1.);
#14195 = DIRECTION('',(1.,0.,0.));
#14196 = ORIENTED_EDGE('',*,*,#14197,.T.);
#14197 = EDGE_CURVE('',#14188,#3524,#14198,.T.);
#14198 = LINE('',#14199,#14200);
#14199 = CARTESIAN_POINT('',(6.886268108622,4.31809858999,13.6));
#14200 = VECTOR('',#14201,1.);
#14201 = DIRECTION('',(0.,0.,1.));
#14202 = ORIENTED_EDGE('',*,*,#3523,.T.);
#14203 = ORIENTED_EDGE('',*,*,#14204,.F.);
#14204 = EDGE_CURVE('',#14190,#3526,#14205,.T.);
#14205 = LINE('',#14206,#14207);
#14206 = CARTESIAN_POINT('',(8.502268108622,4.31809858999,13.6));
#14207 = VECTOR('',#14208,1.);
#14208 = DIRECTION('',(0.,0.,1.));
#14209 = PLANE('',#14210);
#14210 = AXIS2_PLACEMENT_3D('',#14211,#14212,#14213);
#14211 = CARTESIAN_POINT('',(6.886268108622,4.31809858999,13.6));
#14212 = DIRECTION('',(0.,1.,0.));
#14213 = DIRECTION('',(0.,0.,1.));
#14214 = ADVANCED_FACE('',(#14215),#14233,.T.);
#14215 = FACE_BOUND('',#14216,.T.);
#14216 = EDGE_LOOP('',(#14217,#14218,#14226,#14232));
#14217 = ORIENTED_EDGE('',*,*,#14204,.F.);
#14218 = ORIENTED_EDGE('',*,*,#14219,.T.);
#14219 = EDGE_CURVE('',#14190,#14220,#14222,.T.);
#14220 = VERTEX_POINT('',#14221);
#14221 = CARTESIAN_POINT('',(8.502268108622,4.91809858999,13.6));
#14222 = LINE('',#14223,#14224);
#14223 = CARTESIAN_POINT('',(8.502268108622,4.31809858999,13.6));
#14224 = VECTOR('',#14225,1.);
#14225 = DIRECTION('',(0.,1.,0.));
#14226 = ORIENTED_EDGE('',*,*,#14227,.T.);
#14227 = EDGE_CURVE('',#14220,#3542,#14228,.T.);
#14228 = LINE('',#14229,#14230);
#14229 = CARTESIAN_POINT('',(8.502268108622,4.91809858999,13.6));
#14230 = VECTOR('',#14231,1.);
#14231 = DIRECTION('',(0.,0.,1.));
#14232 = ORIENTED_EDGE('',*,*,#3549,.F.);
#14233 = PLANE('',#14234);
#14234 = AXIS2_PLACEMENT_3D('',#14235,#14236,#14237);
#14235 = CARTESIAN_POINT('',(8.502268108622,4.31809858999,13.6));
#14236 = DIRECTION('',(1.,0.,0.));
#14237 = DIRECTION('',(0.,0.,1.));
#14238 = ADVANCED_FACE('',(#14239),#14257,.T.);
#14239 = FACE_BOUND('',#14240,.T.);
#14240 = EDGE_LOOP('',(#14241,#14249,#14255,#14256));
#14241 = ORIENTED_EDGE('',*,*,#14242,.F.);
#14242 = EDGE_CURVE('',#14243,#14220,#14245,.T.);
#14243 = VERTEX_POINT('',#14244);
#14244 = CARTESIAN_POINT('',(6.886268108622,4.91809858999,13.6));
#14245 = LINE('',#14246,#14247);
#14246 = CARTESIAN_POINT('',(6.886268108622,4.91809858999,13.6));
#14247 = VECTOR('',#14248,1.);
#14248 = DIRECTION('',(1.,0.,0.));
#14249 = ORIENTED_EDGE('',*,*,#14250,.T.);
#14250 = EDGE_CURVE('',#14243,#3534,#14251,.T.);
#14251 = LINE('',#14252,#14253);
#14252 = CARTESIAN_POINT('',(6.886268108622,4.91809858999,13.6));
#14253 = VECTOR('',#14254,1.);
#14254 = DIRECTION('',(0.,0.,1.));
#14255 = ORIENTED_EDGE('',*,*,#3541,.T.);
#14256 = ORIENTED_EDGE('',*,*,#14227,.F.);
#14257 = PLANE('',#14258);
#14258 = AXIS2_PLACEMENT_3D('',#14259,#14260,#14261);
#14259 = CARTESIAN_POINT('',(6.886268108622,4.91809858999,13.6));
#14260 = DIRECTION('',(0.,1.,0.));
#14261 = DIRECTION('',(0.,0.,1.));
#14262 = ADVANCED_FACE('',(#14263),#14274,.F.);
#14263 = FACE_BOUND('',#14264,.F.);
#14264 = EDGE_LOOP('',(#14265,#14266,#14272,#14273));
#14265 = ORIENTED_EDGE('',*,*,#14197,.F.);
#14266 = ORIENTED_EDGE('',*,*,#14267,.T.);
#14267 = EDGE_CURVE('',#14188,#14243,#14268,.T.);
#14268 = LINE('',#14269,#14270);
#14269 = CARTESIAN_POINT('',(6.886268108622,4.31809858999,13.6));
#14270 = VECTOR('',#14271,1.);
#14271 = DIRECTION('',(0.,1.,0.));
#14272 = ORIENTED_EDGE('',*,*,#14250,.T.);
#14273 = ORIENTED_EDGE('',*,*,#3533,.F.);
#14274 = PLANE('',#14275);
#14275 = AXIS2_PLACEMENT_3D('',#14276,#14277,#14278);
#14276 = CARTESIAN_POINT('',(6.886268108622,4.31809858999,13.6));
#14277 = DIRECTION('',(1.,0.,0.));
#14278 = DIRECTION('',(0.,0.,1.));
#14279 = ADVANCED_FACE('',(#14280),#14305,.F.);
#14280 = FACE_BOUND('',#14281,.F.);
#14281 = EDGE_LOOP('',(#14282,#14292,#14298,#14299));
#14282 = ORIENTED_EDGE('',*,*,#14283,.F.);
#14283 = EDGE_CURVE('',#14284,#14286,#14288,.T.);
#14284 = VERTEX_POINT('',#14285);
#14285 = CARTESIAN_POINT('',(2.188414940433,6.652827051597,13.6));
#14286 = VERTEX_POINT('',#14287);
#14287 = CARTESIAN_POINT('',(3.804414940433,6.652827051597,13.6));
#14288 = LINE('',#14289,#14290);
#14289 = CARTESIAN_POINT('',(2.188414940433,6.652827051597,13.6));
#14290 = VECTOR('',#14291,1.);
#14291 = DIRECTION('',(1.,0.,0.));
#14292 = ORIENTED_EDGE('',*,*,#14293,.T.);
#14293 = EDGE_CURVE('',#14284,#3558,#14294,.T.);
#14294 = LINE('',#14295,#14296);
#14295 = CARTESIAN_POINT('',(2.188414940433,6.652827051597,13.6));
#14296 = VECTOR('',#14297,1.);
#14297 = DIRECTION('',(0.,0.,1.));
#14298 = ORIENTED_EDGE('',*,*,#3557,.T.);
#14299 = ORIENTED_EDGE('',*,*,#14300,.F.);
#14300 = EDGE_CURVE('',#14286,#3560,#14301,.T.);
#14301 = LINE('',#14302,#14303);
#14302 = CARTESIAN_POINT('',(3.804414940433,6.652827051597,13.6));
#14303 = VECTOR('',#14304,1.);
#14304 = DIRECTION('',(0.,0.,1.));
#14305 = PLANE('',#14306);
#14306 = AXIS2_PLACEMENT_3D('',#14307,#14308,#14309);
#14307 = CARTESIAN_POINT('',(2.188414940433,6.652827051597,13.6));
#14308 = DIRECTION('',(0.,1.,0.));
#14309 = DIRECTION('',(0.,0.,1.));
#14310 = ADVANCED_FACE('',(#14311),#14329,.T.);
#14311 = FACE_BOUND('',#14312,.T.);
#14312 = EDGE_LOOP('',(#14313,#14314,#14322,#14328));
#14313 = ORIENTED_EDGE('',*,*,#14300,.F.);
#14314 = ORIENTED_EDGE('',*,*,#14315,.T.);
#14315 = EDGE_CURVE('',#14286,#14316,#14318,.T.);
#14316 = VERTEX_POINT('',#14317);
#14317 = CARTESIAN_POINT('',(3.804414940433,7.252827051597,13.6));
#14318 = LINE('',#14319,#14320);
#14319 = CARTESIAN_POINT('',(3.804414940433,6.652827051597,13.6));
#14320 = VECTOR('',#14321,1.);
#14321 = DIRECTION('',(0.,1.,0.));
#14322 = ORIENTED_EDGE('',*,*,#14323,.T.);
#14323 = EDGE_CURVE('',#14316,#3576,#14324,.T.);
#14324 = LINE('',#14325,#14326);
#14325 = CARTESIAN_POINT('',(3.804414940433,7.252827051597,13.6));
#14326 = VECTOR('',#14327,1.);
#14327 = DIRECTION('',(0.,0.,1.));
#14328 = ORIENTED_EDGE('',*,*,#3583,.F.);
#14329 = PLANE('',#14330);
#14330 = AXIS2_PLACEMENT_3D('',#14331,#14332,#14333);
#14331 = CARTESIAN_POINT('',(3.804414940433,6.652827051597,13.6));
#14332 = DIRECTION('',(1.,0.,0.));
#14333 = DIRECTION('',(0.,0.,1.));
#14334 = ADVANCED_FACE('',(#14335),#14353,.T.);
#14335 = FACE_BOUND('',#14336,.T.);
#14336 = EDGE_LOOP('',(#14337,#14345,#14351,#14352));
#14337 = ORIENTED_EDGE('',*,*,#14338,.F.);
#14338 = EDGE_CURVE('',#14339,#14316,#14341,.T.);
#14339 = VERTEX_POINT('',#14340);
#14340 = CARTESIAN_POINT('',(2.188414940433,7.252827051597,13.6));
#14341 = LINE('',#14342,#14343);
#14342 = CARTESIAN_POINT('',(2.188414940433,7.252827051597,13.6));
#14343 = VECTOR('',#14344,1.);
#14344 = DIRECTION('',(1.,0.,0.));
#14345 = ORIENTED_EDGE('',*,*,#14346,.T.);
#14346 = EDGE_CURVE('',#14339,#3568,#14347,.T.);
#14347 = LINE('',#14348,#14349);
#14348 = CARTESIAN_POINT('',(2.188414940433,7.252827051597,13.6));
#14349 = VECTOR('',#14350,1.);
#14350 = DIRECTION('',(0.,0.,1.));
#14351 = ORIENTED_EDGE('',*,*,#3575,.T.);
#14352 = ORIENTED_EDGE('',*,*,#14323,.F.);
#14353 = PLANE('',#14354);
#14354 = AXIS2_PLACEMENT_3D('',#14355,#14356,#14357);
#14355 = CARTESIAN_POINT('',(2.188414940433,7.252827051597,13.6));
#14356 = DIRECTION('',(0.,1.,0.));
#14357 = DIRECTION('',(0.,0.,1.));
#14358 = ADVANCED_FACE('',(#14359),#14370,.F.);
#14359 = FACE_BOUND('',#14360,.F.);
#14360 = EDGE_LOOP('',(#14361,#14362,#14368,#14369));
#14361 = ORIENTED_EDGE('',*,*,#14293,.F.);
#14362 = ORIENTED_EDGE('',*,*,#14363,.T.);
#14363 = EDGE_CURVE('',#14284,#14339,#14364,.T.);
#14364 = LINE('',#14365,#14366);
#14365 = CARTESIAN_POINT('',(2.188414940433,6.652827051597,13.6));
#14366 = VECTOR('',#14367,1.);
#14367 = DIRECTION('',(0.,1.,0.));
#14368 = ORIENTED_EDGE('',*,*,#14346,.T.);
#14369 = ORIENTED_EDGE('',*,*,#3567,.F.);
#14370 = PLANE('',#14371);
#14371 = AXIS2_PLACEMENT_3D('',#14372,#14373,#14374);
#14372 = CARTESIAN_POINT('',(2.188414940433,6.652827051597,13.6));
#14373 = DIRECTION('',(1.,0.,0.));
#14374 = DIRECTION('',(0.,0.,1.));
#14375 = ADVANCED_FACE('',(#14376),#14401,.F.);
#14376 = FACE_BOUND('',#14377,.F.);
#14377 = EDGE_LOOP('',(#14378,#14388,#14394,#14395));
#14378 = ORIENTED_EDGE('',*,*,#14379,.F.);
#14379 = EDGE_CURVE('',#14380,#14382,#14384,.T.);
#14380 = VERTEX_POINT('',#14381);
#14381 = CARTESIAN_POINT('',(11.098886656977,5.035291648879,11.15));
#14382 = VERTEX_POINT('',#14383);
#14383 = CARTESIAN_POINT('',(15.898886656977,5.035291648879,11.15));
#14384 = LINE('',#14385,#14386);
#14385 = CARTESIAN_POINT('',(11.098886656977,5.035291648879,11.15));
#14386 = VECTOR('',#14387,1.);
#14387 = DIRECTION('',(1.,0.,0.));
#14388 = ORIENTED_EDGE('',*,*,#14389,.T.);
#14389 = EDGE_CURVE('',#14380,#3592,#14390,.T.);
#14390 = LINE('',#14391,#14392);
#14391 = CARTESIAN_POINT('',(11.098886656977,5.035291648879,11.15));
#14392 = VECTOR('',#14393,1.);
#14393 = DIRECTION('',(0.,0.,1.));
#14394 = ORIENTED_EDGE('',*,*,#3591,.T.);
#14395 = ORIENTED_EDGE('',*,*,#14396,.F.);
#14396 = EDGE_CURVE('',#14382,#3594,#14397,.T.);
#14397 = LINE('',#14398,#14399);
#14398 = CARTESIAN_POINT('',(15.898886656977,5.035291648879,11.15));
#14399 = VECTOR('',#14400,1.);
#14400 = DIRECTION('',(0.,0.,1.));
#14401 = PLANE('',#14402);
#14402 = AXIS2_PLACEMENT_3D('',#14403,#14404,#14405);
#14403 = CARTESIAN_POINT('',(11.098886656977,5.035291648879,11.15));
#14404 = DIRECTION('',(0.,1.,0.));
#14405 = DIRECTION('',(0.,0.,1.));
#14406 = ADVANCED_FACE('',(#14407),#14425,.T.);
#14407 = FACE_BOUND('',#14408,.T.);
#14408 = EDGE_LOOP('',(#14409,#14410,#14418,#14424));
#14409 = ORIENTED_EDGE('',*,*,#14396,.F.);
#14410 = ORIENTED_EDGE('',*,*,#14411,.T.);
#14411 = EDGE_CURVE('',#14382,#14412,#14414,.T.);
#14412 = VERTEX_POINT('',#14413);
#14413 = CARTESIAN_POINT('',(15.898886656977,11.285291648879,11.15));
#14414 = LINE('',#14415,#14416);
#14415 = CARTESIAN_POINT('',(15.898886656977,5.035291648879,11.15));
#14416 = VECTOR('',#14417,1.);
#14417 = DIRECTION('',(0.,1.,0.));
#14418 = ORIENTED_EDGE('',*,*,#14419,.T.);
#14419 = EDGE_CURVE('',#14412,#3610,#14420,.T.);
#14420 = LINE('',#14421,#14422);
#14421 = CARTESIAN_POINT('',(15.898886656977,11.285291648879,11.15));
#14422 = VECTOR('',#14423,1.);
#14423 = DIRECTION('',(0.,0.,1.));
#14424 = ORIENTED_EDGE('',*,*,#3617,.F.);
#14425 = PLANE('',#14426);
#14426 = AXIS2_PLACEMENT_3D('',#14427,#14428,#14429);
#14427 = CARTESIAN_POINT('',(15.898886656977,5.035291648879,11.15));
#14428 = DIRECTION('',(1.,0.,0.));
#14429 = DIRECTION('',(0.,0.,1.));
#14430 = ADVANCED_FACE('',(#14431),#14449,.T.);
#14431 = FACE_BOUND('',#14432,.T.);
#14432 = EDGE_LOOP('',(#14433,#14441,#14447,#14448));
#14433 = ORIENTED_EDGE('',*,*,#14434,.F.);
#14434 = EDGE_CURVE('',#14435,#14412,#14437,.T.);
#14435 = VERTEX_POINT('',#14436);
#14436 = CARTESIAN_POINT('',(11.098886656977,11.285291648879,11.15));
#14437 = LINE('',#14438,#14439);
#14438 = CARTESIAN_POINT('',(11.098886656977,11.285291648879,11.15));
#14439 = VECTOR('',#14440,1.);
#14440 = DIRECTION('',(1.,0.,0.));
#14441 = ORIENTED_EDGE('',*,*,#14442,.T.);
#14442 = EDGE_CURVE('',#14435,#3602,#14443,.T.);
#14443 = LINE('',#14444,#14445);
#14444 = CARTESIAN_POINT('',(11.098886656977,11.285291648879,11.15));
#14445 = VECTOR('',#14446,1.);
#14446 = DIRECTION('',(0.,0.,1.));
#14447 = ORIENTED_EDGE('',*,*,#3609,.T.);
#14448 = ORIENTED_EDGE('',*,*,#14419,.F.);
#14449 = PLANE('',#14450);
#14450 = AXIS2_PLACEMENT_3D('',#14451,#14452,#14453);
#14451 = CARTESIAN_POINT('',(11.098886656977,11.285291648879,11.15));
#14452 = DIRECTION('',(0.,1.,0.));
#14453 = DIRECTION('',(0.,0.,1.));
#14454 = ADVANCED_FACE('',(#14455),#14466,.F.);
#14455 = FACE_BOUND('',#14456,.F.);
#14456 = EDGE_LOOP('',(#14457,#14458,#14464,#14465));
#14457 = ORIENTED_EDGE('',*,*,#14389,.F.);
#14458 = ORIENTED_EDGE('',*,*,#14459,.T.);
#14459 = EDGE_CURVE('',#14380,#14435,#14460,.T.);
#14460 = LINE('',#14461,#14462);
#14461 = CARTESIAN_POINT('',(11.098886656977,5.035291648879,11.15));
#14462 = VECTOR('',#14463,1.);
#14463 = DIRECTION('',(0.,1.,0.));
#14464 = ORIENTED_EDGE('',*,*,#14442,.T.);
#14465 = ORIENTED_EDGE('',*,*,#3601,.F.);
#14466 = PLANE('',#14467);
#14467 = AXIS2_PLACEMENT_3D('',#14468,#14469,#14470);
#14468 = CARTESIAN_POINT('',(11.098886656977,5.035291648879,11.15));
#14469 = DIRECTION('',(1.,0.,0.));
#14470 = DIRECTION('',(0.,0.,1.));
#14471 = ADVANCED_FACE('',(#14472),#14497,.F.);
#14472 = FACE_BOUND('',#14473,.F.);
#14473 = EDGE_LOOP('',(#14474,#14484,#14490,#14491));
#14474 = ORIENTED_EDGE('',*,*,#14475,.F.);
#14475 = EDGE_CURVE('',#14476,#14478,#14480,.T.);
#14476 = VERTEX_POINT('',#14477);
#14477 = CARTESIAN_POINT('',(6.432694864744,9.774633614044,13.6));
#14478 = VERTEX_POINT('',#14479);
#14479 = CARTESIAN_POINT('',(4.816694864744,9.774633614044,13.6));
#14480 = LINE('',#14481,#14482);
#14481 = CARTESIAN_POINT('',(6.432694864744,9.774633614044,13.6));
#14482 = VECTOR('',#14483,1.);
#14483 = DIRECTION('',(-1.,-1.224646799147E-16,0.));
#14484 = ORIENTED_EDGE('',*,*,#14485,.T.);
#14485 = EDGE_CURVE('',#14476,#3626,#14486,.T.);
#14486 = LINE('',#14487,#14488);
#14487 = CARTESIAN_POINT('',(6.432694864744,9.774633614044,13.6));
#14488 = VECTOR('',#14489,1.);
#14489 = DIRECTION('',(0.,0.,1.));
#14490 = ORIENTED_EDGE('',*,*,#3625,.T.);
#14491 = ORIENTED_EDGE('',*,*,#14492,.F.);
#14492 = EDGE_CURVE('',#14478,#3628,#14493,.T.);
#14493 = LINE('',#14494,#14495);
#14494 = CARTESIAN_POINT('',(4.816694864744,9.774633614044,13.6));
#14495 = VECTOR('',#14496,1.);
#14496 = DIRECTION('',(0.,0.,1.));
#14497 = PLANE('',#14498);
#14498 = AXIS2_PLACEMENT_3D('',#14499,#14500,#14501);
#14499 = CARTESIAN_POINT('',(6.432694864744,9.774633614044,13.6));
#14500 = DIRECTION('',(1.224646799147E-16,-1.,0.));
#14501 = DIRECTION('',(0.,0.,1.));
#14502 = ADVANCED_FACE('',(#14503),#14521,.T.);
#14503 = FACE_BOUND('',#14504,.T.);
#14504 = EDGE_LOOP('',(#14505,#14506,#14514,#14520));
#14505 = ORIENTED_EDGE('',*,*,#14492,.F.);
#14506 = ORIENTED_EDGE('',*,*,#14507,.T.);
#14507 = EDGE_CURVE('',#14478,#14508,#14510,.T.);
#14508 = VERTEX_POINT('',#14509);
#14509 = CARTESIAN_POINT('',(4.816694864744,9.174633614044,13.6));
#14510 = LINE('',#14511,#14512);
#14511 = CARTESIAN_POINT('',(4.816694864744,9.774633614044,13.6));
#14512 = VECTOR('',#14513,1.);
#14513 = DIRECTION('',(1.224646799147E-16,-1.,0.));
#14514 = ORIENTED_EDGE('',*,*,#14515,.T.);
#14515 = EDGE_CURVE('',#14508,#3644,#14516,.T.);
#14516 = LINE('',#14517,#14518);
#14517 = CARTESIAN_POINT('',(4.816694864744,9.174633614044,13.6));
#14518 = VECTOR('',#14519,1.);
#14519 = DIRECTION('',(0.,0.,1.));
#14520 = ORIENTED_EDGE('',*,*,#3651,.F.);
#14521 = PLANE('',#14522);
#14522 = AXIS2_PLACEMENT_3D('',#14523,#14524,#14525);
#14523 = CARTESIAN_POINT('',(4.816694864744,9.774633614044,13.6));
#14524 = DIRECTION('',(-1.,-1.224646799147E-16,0.));
#14525 = DIRECTION('',(0.,0.,1.));
#14526 = ADVANCED_FACE('',(#14527),#14545,.T.);
#14527 = FACE_BOUND('',#14528,.T.);
#14528 = EDGE_LOOP('',(#14529,#14537,#14543,#14544));
#14529 = ORIENTED_EDGE('',*,*,#14530,.F.);
#14530 = EDGE_CURVE('',#14531,#14508,#14533,.T.);
#14531 = VERTEX_POINT('',#14532);
#14532 = CARTESIAN_POINT('',(6.432694864744,9.174633614044,13.6));
#14533 = LINE('',#14534,#14535);
#14534 = CARTESIAN_POINT('',(6.432694864744,9.174633614044,13.6));
#14535 = VECTOR('',#14536,1.);
#14536 = DIRECTION('',(-1.,-1.224646799147E-16,0.));
#14537 = ORIENTED_EDGE('',*,*,#14538,.T.);
#14538 = EDGE_CURVE('',#14531,#3636,#14539,.T.);
#14539 = LINE('',#14540,#14541);
#14540 = CARTESIAN_POINT('',(6.432694864744,9.174633614044,13.6));
#14541 = VECTOR('',#14542,1.);
#14542 = DIRECTION('',(0.,0.,1.));
#14543 = ORIENTED_EDGE('',*,*,#3643,.T.);
#14544 = ORIENTED_EDGE('',*,*,#14515,.F.);
#14545 = PLANE('',#14546);
#14546 = AXIS2_PLACEMENT_3D('',#14547,#14548,#14549);
#14547 = CARTESIAN_POINT('',(6.432694864744,9.174633614044,13.6));
#14548 = DIRECTION('',(1.224646799147E-16,-1.,0.));
#14549 = DIRECTION('',(0.,0.,1.));
#14550 = ADVANCED_FACE('',(#14551),#14562,.F.);
#14551 = FACE_BOUND('',#14552,.F.);
#14552 = EDGE_LOOP('',(#14553,#14554,#14560,#14561));
#14553 = ORIENTED_EDGE('',*,*,#14485,.F.);
#14554 = ORIENTED_EDGE('',*,*,#14555,.T.);
#14555 = EDGE_CURVE('',#14476,#14531,#14556,.T.);
#14556 = LINE('',#14557,#14558);
#14557 = CARTESIAN_POINT('',(6.432694864744,9.774633614044,13.6));
#14558 = VECTOR('',#14559,1.);
#14559 = DIRECTION('',(1.224646799147E-16,-1.,0.));
#14560 = ORIENTED_EDGE('',*,*,#14538,.T.);
#14561 = ORIENTED_EDGE('',*,*,#3635,.F.);
#14562 = PLANE('',#14563);
#14563 = AXIS2_PLACEMENT_3D('',#14564,#14565,#14566);
#14564 = CARTESIAN_POINT('',(6.432694864744,9.774633614044,13.6));
#14565 = DIRECTION('',(-1.,-1.224646799147E-16,0.));
#14566 = DIRECTION('',(0.,0.,1.));
#14567 = ADVANCED_FACE('',(#14568),#14593,.F.);
#14568 = FACE_BOUND('',#14569,.F.);
#14569 = EDGE_LOOP('',(#14570,#14580,#14586,#14587));
#14570 = ORIENTED_EDGE('',*,*,#14571,.F.);
#14571 = EDGE_CURVE('',#14572,#14574,#14576,.T.);
#14572 = VERTEX_POINT('',#14573);
#14573 = CARTESIAN_POINT('',(7.897775211905,10.931341402365,13.6));
#14574 = VERTEX_POINT('',#14575);
#14575 = CARTESIAN_POINT('',(7.897775211905,9.315341402365,13.6));
#14576 = LINE('',#14577,#14578);
#14577 = CARTESIAN_POINT('',(7.897775211905,10.931341402365,13.6));
#14578 = VECTOR('',#14579,1.);
#14579 = DIRECTION('',(1.110223024625E-16,-1.,0.));
#14580 = ORIENTED_EDGE('',*,*,#14581,.T.);
#14581 = EDGE_CURVE('',#14572,#3660,#14582,.T.);
#14582 = LINE('',#14583,#14584);
#14583 = CARTESIAN_POINT('',(7.897775211905,10.931341402365,13.6));
#14584 = VECTOR('',#14585,1.);
#14585 = DIRECTION('',(0.,0.,1.));
#14586 = ORIENTED_EDGE('',*,*,#3659,.T.);
#14587 = ORIENTED_EDGE('',*,*,#14588,.F.);
#14588 = EDGE_CURVE('',#14574,#3662,#14589,.T.);
#14589 = LINE('',#14590,#14591);
#14590 = CARTESIAN_POINT('',(7.897775211905,9.315341402365,13.6));
#14591 = VECTOR('',#14592,1.);
#14592 = DIRECTION('',(0.,0.,1.));
#14593 = PLANE('',#14594);
#14594 = AXIS2_PLACEMENT_3D('',#14595,#14596,#14597);
#14595 = CARTESIAN_POINT('',(7.897775211905,10.931341402365,13.6));
#14596 = DIRECTION('',(1.,1.110223024625E-16,0.));
#14597 = DIRECTION('',(0.,0.,1.));
#14598 = ADVANCED_FACE('',(#14599),#14617,.T.);
#14599 = FACE_BOUND('',#14600,.T.);
#14600 = EDGE_LOOP('',(#14601,#14602,#14610,#14616));
#14601 = ORIENTED_EDGE('',*,*,#14588,.F.);
#14602 = ORIENTED_EDGE('',*,*,#14603,.T.);
#14603 = EDGE_CURVE('',#14574,#14604,#14606,.T.);
#14604 = VERTEX_POINT('',#14605);
#14605 = CARTESIAN_POINT('',(8.497775211905,9.315341402365,13.6));
#14606 = LINE('',#14607,#14608);
#14607 = CARTESIAN_POINT('',(7.897775211905,9.315341402365,13.6));
#14608 = VECTOR('',#14609,1.);
#14609 = DIRECTION('',(1.,1.110223024625E-16,0.));
#14610 = ORIENTED_EDGE('',*,*,#14611,.T.);
#14611 = EDGE_CURVE('',#14604,#3678,#14612,.T.);
#14612 = LINE('',#14613,#14614);
#14613 = CARTESIAN_POINT('',(8.497775211905,9.315341402365,13.6));
#14614 = VECTOR('',#14615,1.);
#14615 = DIRECTION('',(0.,0.,1.));
#14616 = ORIENTED_EDGE('',*,*,#3685,.F.);
#14617 = PLANE('',#14618);
#14618 = AXIS2_PLACEMENT_3D('',#14619,#14620,#14621);
#14619 = CARTESIAN_POINT('',(7.897775211905,9.315341402365,13.6));
#14620 = DIRECTION('',(1.110223024625E-16,-1.,0.));
#14621 = DIRECTION('',(0.,0.,1.));
#14622 = ADVANCED_FACE('',(#14623),#14641,.T.);
#14623 = FACE_BOUND('',#14624,.T.);
#14624 = EDGE_LOOP('',(#14625,#14633,#14639,#14640));
#14625 = ORIENTED_EDGE('',*,*,#14626,.F.);
#14626 = EDGE_CURVE('',#14627,#14604,#14629,.T.);
#14627 = VERTEX_POINT('',#14628);
#14628 = CARTESIAN_POINT('',(8.497775211905,10.931341402365,13.6));
#14629 = LINE('',#14630,#14631);
#14630 = CARTESIAN_POINT('',(8.497775211905,10.931341402365,13.6));
#14631 = VECTOR('',#14632,1.);
#14632 = DIRECTION('',(1.110223024625E-16,-1.,0.));
#14633 = ORIENTED_EDGE('',*,*,#14634,.T.);
#14634 = EDGE_CURVE('',#14627,#3670,#14635,.T.);
#14635 = LINE('',#14636,#14637);
#14636 = CARTESIAN_POINT('',(8.497775211905,10.931341402365,13.6));
#14637 = VECTOR('',#14638,1.);
#14638 = DIRECTION('',(0.,0.,1.));
#14639 = ORIENTED_EDGE('',*,*,#3677,.T.);
#14640 = ORIENTED_EDGE('',*,*,#14611,.F.);
#14641 = PLANE('',#14642);
#14642 = AXIS2_PLACEMENT_3D('',#14643,#14644,#14645);
#14643 = CARTESIAN_POINT('',(8.497775211905,10.931341402365,13.6));
#14644 = DIRECTION('',(1.,1.110223024625E-16,0.));
#14645 = DIRECTION('',(0.,0.,1.));
#14646 = ADVANCED_FACE('',(#14647),#14658,.F.);
#14647 = FACE_BOUND('',#14648,.F.);
#14648 = EDGE_LOOP('',(#14649,#14650,#14656,#14657));
#14649 = ORIENTED_EDGE('',*,*,#14581,.F.);
#14650 = ORIENTED_EDGE('',*,*,#14651,.T.);
#14651 = EDGE_CURVE('',#14572,#14627,#14652,.T.);
#14652 = LINE('',#14653,#14654);
#14653 = CARTESIAN_POINT('',(7.897775211905,10.931341402365,13.6));
#14654 = VECTOR('',#14655,1.);
#14655 = DIRECTION('',(1.,1.110223024625E-16,0.));
#14656 = ORIENTED_EDGE('',*,*,#14634,.T.);
#14657 = ORIENTED_EDGE('',*,*,#3669,.F.);
#14658 = PLANE('',#14659);
#14659 = AXIS2_PLACEMENT_3D('',#14660,#14661,#14662);
#14660 = CARTESIAN_POINT('',(7.897775211905,10.931341402365,13.6));
#14661 = DIRECTION('',(1.110223024625E-16,-1.,0.));
#14662 = DIRECTION('',(0.,0.,1.));
#14663 = ADVANCED_FACE('',(#14664),#14689,.F.);
#14664 = FACE_BOUND('',#14665,.F.);
#14665 = EDGE_LOOP('',(#14666,#14676,#14682,#14683));
#14666 = ORIENTED_EDGE('',*,*,#14667,.F.);
#14667 = EDGE_CURVE('',#14668,#14670,#14672,.T.);
#14668 = VERTEX_POINT('',#14669);
#14669 = CARTESIAN_POINT('',(5.047162590549,11.735293496233,13.25));
#14670 = VERTEX_POINT('',#14671);
#14671 = CARTESIAN_POINT('',(5.047162590549,10.835293496233,13.25));
#14672 = LINE('',#14673,#14674);
#14673 = CARTESIAN_POINT('',(5.047162590549,11.735293496233,13.25));
#14674 = VECTOR('',#14675,1.);
#14675 = DIRECTION('',(1.110223024625E-16,-1.,0.));
#14676 = ORIENTED_EDGE('',*,*,#14677,.T.);
#14677 = EDGE_CURVE('',#14668,#3694,#14678,.T.);
#14678 = LINE('',#14679,#14680);
#14679 = CARTESIAN_POINT('',(5.047162590549,11.735293496233,13.25));
#14680 = VECTOR('',#14681,1.);
#14681 = DIRECTION('',(0.,0.,1.));
#14682 = ORIENTED_EDGE('',*,*,#3693,.T.);
#14683 = ORIENTED_EDGE('',*,*,#14684,.F.);
#14684 = EDGE_CURVE('',#14670,#3696,#14685,.T.);
#14685 = LINE('',#14686,#14687);
#14686 = CARTESIAN_POINT('',(5.047162590549,10.835293496233,13.25));
#14687 = VECTOR('',#14688,1.);
#14688 = DIRECTION('',(0.,0.,1.));
#14689 = PLANE('',#14690);
#14690 = AXIS2_PLACEMENT_3D('',#14691,#14692,#14693);
#14691 = CARTESIAN_POINT('',(5.047162590549,11.735293496233,13.25));
#14692 = DIRECTION('',(1.,1.110223024625E-16,0.));
#14693 = DIRECTION('',(0.,0.,1.));
#14694 = ADVANCED_FACE('',(#14695),#14713,.T.);
#14695 = FACE_BOUND('',#14696,.T.);
#14696 = EDGE_LOOP('',(#14697,#14698,#14706,#14712));
#14697 = ORIENTED_EDGE('',*,*,#14684,.F.);
#14698 = ORIENTED_EDGE('',*,*,#14699,.T.);
#14699 = EDGE_CURVE('',#14670,#14700,#14702,.T.);
#14700 = VERTEX_POINT('',#14701);
#14701 = CARTESIAN_POINT('',(7.347162590549,10.835293496233,13.25));
#14702 = LINE('',#14703,#14704);
#14703 = CARTESIAN_POINT('',(5.047162590549,10.835293496233,13.25));
#14704 = VECTOR('',#14705,1.);
#14705 = DIRECTION('',(1.,1.110223024625E-16,0.));
#14706 = ORIENTED_EDGE('',*,*,#14707,.T.);
#14707 = EDGE_CURVE('',#14700,#3712,#14708,.T.);
#14708 = LINE('',#14709,#14710);
#14709 = CARTESIAN_POINT('',(7.347162590549,10.835293496233,13.25));
#14710 = VECTOR('',#14711,1.);
#14711 = DIRECTION('',(0.,0.,1.));
#14712 = ORIENTED_EDGE('',*,*,#3719,.F.);
#14713 = PLANE('',#14714);
#14714 = AXIS2_PLACEMENT_3D('',#14715,#14716,#14717);
#14715 = CARTESIAN_POINT('',(5.047162590549,10.835293496233,13.25));
#14716 = DIRECTION('',(1.110223024625E-16,-1.,0.));
#14717 = DIRECTION('',(0.,0.,1.));
#14718 = ADVANCED_FACE('',(#14719),#14737,.T.);
#14719 = FACE_BOUND('',#14720,.T.);
#14720 = EDGE_LOOP('',(#14721,#14729,#14735,#14736));
#14721 = ORIENTED_EDGE('',*,*,#14722,.F.);
#14722 = EDGE_CURVE('',#14723,#14700,#14725,.T.);
#14723 = VERTEX_POINT('',#14724);
#14724 = CARTESIAN_POINT('',(7.347162590549,11.735293496233,13.25));
#14725 = LINE('',#14726,#14727);
#14726 = CARTESIAN_POINT('',(7.347162590549,11.735293496233,13.25));
#14727 = VECTOR('',#14728,1.);
#14728 = DIRECTION('',(1.110223024625E-16,-1.,0.));
#14729 = ORIENTED_EDGE('',*,*,#14730,.T.);
#14730 = EDGE_CURVE('',#14723,#3704,#14731,.T.);
#14731 = LINE('',#14732,#14733);
#14732 = CARTESIAN_POINT('',(7.347162590549,11.735293496233,13.25));
#14733 = VECTOR('',#14734,1.);
#14734 = DIRECTION('',(0.,0.,1.));
#14735 = ORIENTED_EDGE('',*,*,#3711,.T.);
#14736 = ORIENTED_EDGE('',*,*,#14707,.F.);
#14737 = PLANE('',#14738);
#14738 = AXIS2_PLACEMENT_3D('',#14739,#14740,#14741);
#14739 = CARTESIAN_POINT('',(7.347162590549,11.735293496233,13.25));
#14740 = DIRECTION('',(1.,1.110223024625E-16,0.));
#14741 = DIRECTION('',(0.,0.,1.));
#14742 = ADVANCED_FACE('',(#14743),#14754,.F.);
#14743 = FACE_BOUND('',#14744,.F.);
#14744 = EDGE_LOOP('',(#14745,#14746,#14752,#14753));
#14745 = ORIENTED_EDGE('',*,*,#14677,.F.);
#14746 = ORIENTED_EDGE('',*,*,#14747,.T.);
#14747 = EDGE_CURVE('',#14668,#14723,#14748,.T.);
#14748 = LINE('',#14749,#14750);
#14749 = CARTESIAN_POINT('',(5.047162590549,11.735293496233,13.25));
#14750 = VECTOR('',#14751,1.);
#14751 = DIRECTION('',(1.,1.110223024625E-16,0.));
#14752 = ORIENTED_EDGE('',*,*,#14730,.T.);
#14753 = ORIENTED_EDGE('',*,*,#3703,.F.);
#14754 = PLANE('',#14755);
#14755 = AXIS2_PLACEMENT_3D('',#14756,#14757,#14758);
#14756 = CARTESIAN_POINT('',(5.047162590549,11.735293496233,13.25));
#14757 = DIRECTION('',(1.110223024625E-16,-1.,0.));
#14758 = DIRECTION('',(0.,0.,1.));
#14759 = ADVANCED_FACE('',(#14760),#14785,.F.);
#14760 = FACE_BOUND('',#14761,.F.);
#14761 = EDGE_LOOP('',(#14762,#14772,#14778,#14779));
#14762 = ORIENTED_EDGE('',*,*,#14763,.F.);
#14763 = EDGE_CURVE('',#14764,#14766,#14768,.T.);
#14764 = VERTEX_POINT('',#14765);
#14765 = CARTESIAN_POINT('',(9.362175274752,12.250053060221,13.6));
#14766 = VERTEX_POINT('',#14767);
#14767 = CARTESIAN_POINT('',(9.362175274752,10.634053060221,13.6));
#14768 = LINE('',#14769,#14770);
#14769 = CARTESIAN_POINT('',(9.362175274752,12.250053060221,13.6));
#14770 = VECTOR('',#14771,1.);
#14771 = DIRECTION('',(1.110223024625E-16,-1.,0.));
#14772 = ORIENTED_EDGE('',*,*,#14773,.T.);
#14773 = EDGE_CURVE('',#14764,#3728,#14774,.T.);
#14774 = LINE('',#14775,#14776);
#14775 = CARTESIAN_POINT('',(9.362175274752,12.250053060221,13.6));
#14776 = VECTOR('',#14777,1.);
#14777 = DIRECTION('',(0.,0.,1.));
#14778 = ORIENTED_EDGE('',*,*,#3727,.T.);
#14779 = ORIENTED_EDGE('',*,*,#14780,.F.);
#14780 = EDGE_CURVE('',#14766,#3730,#14781,.T.);
#14781 = LINE('',#14782,#14783);
#14782 = CARTESIAN_POINT('',(9.362175274752,10.634053060221,13.6));
#14783 = VECTOR('',#14784,1.);
#14784 = DIRECTION('',(0.,0.,1.));
#14785 = PLANE('',#14786);
#14786 = AXIS2_PLACEMENT_3D('',#14787,#14788,#14789);
#14787 = CARTESIAN_POINT('',(9.362175274752,12.250053060221,13.6));
#14788 = DIRECTION('',(1.,1.110223024625E-16,0.));
#14789 = DIRECTION('',(0.,0.,1.));
#14790 = ADVANCED_FACE('',(#14791),#14809,.T.);
#14791 = FACE_BOUND('',#14792,.T.);
#14792 = EDGE_LOOP('',(#14793,#14794,#14802,#14808));
#14793 = ORIENTED_EDGE('',*,*,#14780,.F.);
#14794 = ORIENTED_EDGE('',*,*,#14795,.T.);
#14795 = EDGE_CURVE('',#14766,#14796,#14798,.T.);
#14796 = VERTEX_POINT('',#14797);
#14797 = CARTESIAN_POINT('',(9.962175274752,10.634053060221,13.6));
#14798 = LINE('',#14799,#14800);
#14799 = CARTESIAN_POINT('',(9.362175274752,10.634053060221,13.6));
#14800 = VECTOR('',#14801,1.);
#14801 = DIRECTION('',(1.,1.110223024625E-16,0.));
#14802 = ORIENTED_EDGE('',*,*,#14803,.T.);
#14803 = EDGE_CURVE('',#14796,#3746,#14804,.T.);
#14804 = LINE('',#14805,#14806);
#14805 = CARTESIAN_POINT('',(9.962175274752,10.634053060221,13.6));
#14806 = VECTOR('',#14807,1.);
#14807 = DIRECTION('',(0.,0.,1.));
#14808 = ORIENTED_EDGE('',*,*,#3753,.F.);
#14809 = PLANE('',#14810);
#14810 = AXIS2_PLACEMENT_3D('',#14811,#14812,#14813);
#14811 = CARTESIAN_POINT('',(9.362175274752,10.634053060221,13.6));
#14812 = DIRECTION('',(1.110223024625E-16,-1.,0.));
#14813 = DIRECTION('',(0.,0.,1.));
#14814 = ADVANCED_FACE('',(#14815),#14833,.T.);
#14815 = FACE_BOUND('',#14816,.T.);
#14816 = EDGE_LOOP('',(#14817,#14825,#14831,#14832));
#14817 = ORIENTED_EDGE('',*,*,#14818,.F.);
#14818 = EDGE_CURVE('',#14819,#14796,#14821,.T.);
#14819 = VERTEX_POINT('',#14820);
#14820 = CARTESIAN_POINT('',(9.962175274752,12.250053060221,13.6));
#14821 = LINE('',#14822,#14823);
#14822 = CARTESIAN_POINT('',(9.962175274752,12.250053060221,13.6));
#14823 = VECTOR('',#14824,1.);
#14824 = DIRECTION('',(1.110223024625E-16,-1.,0.));
#14825 = ORIENTED_EDGE('',*,*,#14826,.T.);
#14826 = EDGE_CURVE('',#14819,#3738,#14827,.T.);
#14827 = LINE('',#14828,#14829);
#14828 = CARTESIAN_POINT('',(9.962175274752,12.250053060221,13.6));
#14829 = VECTOR('',#14830,1.);
#14830 = DIRECTION('',(0.,0.,1.));
#14831 = ORIENTED_EDGE('',*,*,#3745,.T.);
#14832 = ORIENTED_EDGE('',*,*,#14803,.F.);
#14833 = PLANE('',#14834);
#14834 = AXIS2_PLACEMENT_3D('',#14835,#14836,#14837);
#14835 = CARTESIAN_POINT('',(9.962175274752,12.250053060221,13.6));
#14836 = DIRECTION('',(1.,1.110223024625E-16,0.));
#14837 = DIRECTION('',(0.,0.,1.));
#14838 = ADVANCED_FACE('',(#14839),#14850,.F.);
#14839 = FACE_BOUND('',#14840,.F.);
#14840 = EDGE_LOOP('',(#14841,#14842,#14848,#14849));
#14841 = ORIENTED_EDGE('',*,*,#14773,.F.);
#14842 = ORIENTED_EDGE('',*,*,#14843,.T.);
#14843 = EDGE_CURVE('',#14764,#14819,#14844,.T.);
#14844 = LINE('',#14845,#14846);
#14845 = CARTESIAN_POINT('',(9.362175274752,12.250053060221,13.6));
#14846 = VECTOR('',#14847,1.);
#14847 = DIRECTION('',(1.,1.110223024625E-16,0.));
#14848 = ORIENTED_EDGE('',*,*,#14826,.T.);
#14849 = ORIENTED_EDGE('',*,*,#3737,.F.);
#14850 = PLANE('',#14851);
#14851 = AXIS2_PLACEMENT_3D('',#14852,#14853,#14854);
#14852 = CARTESIAN_POINT('',(9.362175274752,12.250053060221,13.6));
#14853 = DIRECTION('',(1.110223024625E-16,-1.,0.));
#14854 = DIRECTION('',(0.,0.,1.));
#14855 = ADVANCED_FACE('',(#14856),#14881,.F.);
#14856 = FACE_BOUND('',#14857,.F.);
#14857 = EDGE_LOOP('',(#14858,#14868,#14874,#14875));
#14858 = ORIENTED_EDGE('',*,*,#14859,.F.);
#14859 = EDGE_CURVE('',#14860,#14862,#14864,.T.);
#14860 = VERTEX_POINT('',#14861);
#14861 = CARTESIAN_POINT('',(2.748405348451,15.538074095734,12.75));
#14862 = VERTEX_POINT('',#14863);
#14863 = CARTESIAN_POINT('',(2.748405348451,12.238074095734,12.75));
#14864 = LINE('',#14865,#14866);
#14865 = CARTESIAN_POINT('',(2.748405348451,15.538074095734,12.75));
#14866 = VECTOR('',#14867,1.);
#14867 = DIRECTION('',(1.110223024625E-16,-1.,0.));
#14868 = ORIENTED_EDGE('',*,*,#14869,.T.);
#14869 = EDGE_CURVE('',#14860,#3762,#14870,.T.);
#14870 = LINE('',#14871,#14872);
#14871 = CARTESIAN_POINT('',(2.748405348451,15.538074095734,12.75));
#14872 = VECTOR('',#14873,1.);
#14873 = DIRECTION('',(0.,0.,1.));
#14874 = ORIENTED_EDGE('',*,*,#3761,.T.);
#14875 = ORIENTED_EDGE('',*,*,#14876,.F.);
#14876 = EDGE_CURVE('',#14862,#3764,#14877,.T.);
#14877 = LINE('',#14878,#14879);
#14878 = CARTESIAN_POINT('',(2.748405348451,12.238074095734,12.75));
#14879 = VECTOR('',#14880,1.);
#14880 = DIRECTION('',(0.,0.,1.));
#14881 = PLANE('',#14882);
#14882 = AXIS2_PLACEMENT_3D('',#14883,#14884,#14885);
#14883 = CARTESIAN_POINT('',(2.748405348451,15.538074095734,12.75));
#14884 = DIRECTION('',(1.,1.110223024625E-16,0.));
#14885 = DIRECTION('',(0.,0.,1.));
#14886 = ADVANCED_FACE('',(#14887),#14905,.T.);
#14887 = FACE_BOUND('',#14888,.T.);
#14888 = EDGE_LOOP('',(#14889,#14890,#14898,#14904));
#14889 = ORIENTED_EDGE('',*,*,#14876,.F.);
#14890 = ORIENTED_EDGE('',*,*,#14891,.T.);
#14891 = EDGE_CURVE('',#14862,#14892,#14894,.T.);
#14892 = VERTEX_POINT('',#14893);
#14893 = CARTESIAN_POINT('',(6.548605348451,12.238074095734,12.75));
#14894 = LINE('',#14895,#14896);
#14895 = CARTESIAN_POINT('',(2.748405348451,12.238074095734,12.75));
#14896 = VECTOR('',#14897,1.);
#14897 = DIRECTION('',(1.,1.110223024625E-16,0.));
#14898 = ORIENTED_EDGE('',*,*,#14899,.T.);
#14899 = EDGE_CURVE('',#14892,#3780,#14900,.T.);
#14900 = LINE('',#14901,#14902);
#14901 = CARTESIAN_POINT('',(6.548605348451,12.238074095734,12.75));
#14902 = VECTOR('',#14903,1.);
#14903 = DIRECTION('',(0.,0.,1.));
#14904 = ORIENTED_EDGE('',*,*,#3787,.F.);
#14905 = PLANE('',#14906);
#14906 = AXIS2_PLACEMENT_3D('',#14907,#14908,#14909);
#14907 = CARTESIAN_POINT('',(2.748405348451,12.238074095734,12.75));
#14908 = DIRECTION('',(1.110223024625E-16,-1.,0.));
#14909 = DIRECTION('',(0.,0.,1.));
#14910 = ADVANCED_FACE('',(#14911),#14929,.T.);
#14911 = FACE_BOUND('',#14912,.T.);
#14912 = EDGE_LOOP('',(#14913,#14921,#14927,#14928));
#14913 = ORIENTED_EDGE('',*,*,#14914,.F.);
#14914 = EDGE_CURVE('',#14915,#14892,#14917,.T.);
#14915 = VERTEX_POINT('',#14916);
#14916 = CARTESIAN_POINT('',(6.548605348451,15.538074095734,12.75));
#14917 = LINE('',#14918,#14919);
#14918 = CARTESIAN_POINT('',(6.548605348451,15.538074095734,12.75));
#14919 = VECTOR('',#14920,1.);
#14920 = DIRECTION('',(1.110223024625E-16,-1.,0.));
#14921 = ORIENTED_EDGE('',*,*,#14922,.T.);
#14922 = EDGE_CURVE('',#14915,#3772,#14923,.T.);
#14923 = LINE('',#14924,#14925);
#14924 = CARTESIAN_POINT('',(6.548605348451,15.538074095734,12.75));
#14925 = VECTOR('',#14926,1.);
#14926 = DIRECTION('',(0.,0.,1.));
#14927 = ORIENTED_EDGE('',*,*,#3779,.T.);
#14928 = ORIENTED_EDGE('',*,*,#14899,.F.);
#14929 = PLANE('',#14930);
#14930 = AXIS2_PLACEMENT_3D('',#14931,#14932,#14933);
#14931 = CARTESIAN_POINT('',(6.548605348451,15.538074095734,12.75));
#14932 = DIRECTION('',(1.,1.110223024625E-16,0.));
#14933 = DIRECTION('',(0.,0.,1.));
#14934 = ADVANCED_FACE('',(#14935),#14946,.F.);
#14935 = FACE_BOUND('',#14936,.F.);
#14936 = EDGE_LOOP('',(#14937,#14938,#14944,#14945));
#14937 = ORIENTED_EDGE('',*,*,#14869,.F.);
#14938 = ORIENTED_EDGE('',*,*,#14939,.T.);
#14939 = EDGE_CURVE('',#14860,#14915,#14940,.T.);
#14940 = LINE('',#14941,#14942);
#14941 = CARTESIAN_POINT('',(2.748405348451,15.538074095734,12.75));
#14942 = VECTOR('',#14943,1.);
#14943 = DIRECTION('',(1.,1.110223024625E-16,0.));
#14944 = ORIENTED_EDGE('',*,*,#14922,.T.);
#14945 = ORIENTED_EDGE('',*,*,#3771,.F.);
#14946 = PLANE('',#14947);
#14947 = AXIS2_PLACEMENT_3D('',#14948,#14949,#14950);
#14948 = CARTESIAN_POINT('',(2.748405348451,15.538074095734,12.75));
#14949 = DIRECTION('',(1.110223024625E-16,-1.,0.));
#14950 = DIRECTION('',(0.,0.,1.));
#14951 = ADVANCED_FACE('',(#14952),#14963,.F.);
#14952 = FACE_BOUND('',#14953,.F.);
#14953 = EDGE_LOOP('',(#14954,#14955,#14961,#14962));
#14954 = ORIENTED_EDGE('',*,*,#5480,.F.);
#14955 = ORIENTED_EDGE('',*,*,#14956,.F.);
#14956 = EDGE_CURVE('',#3796,#5481,#14957,.T.);
#14957 = LINE('',#14958,#14959);
#14958 = CARTESIAN_POINT('',(11.1,15.7,14.05));
#14959 = VECTOR('',#14960,1.);
#14960 = DIRECTION('',(0.,0.,1.));
#14961 = ORIENTED_EDGE('',*,*,#3795,.T.);
#14962 = ORIENTED_EDGE('',*,*,#14956,.T.);
#14963 = CYLINDRICAL_SURFACE('',#14964,1.1);
#14964 = AXIS2_PLACEMENT_3D('',#14965,#14966,#14967);
#14965 = CARTESIAN_POINT('',(10.,15.7,14.05));
#14966 = DIRECTION('',(0.,0.,1.));
#14967 = DIRECTION('',(1.,0.,-0.));
#14968 = ADVANCED_FACE('',(#14969),#14994,.F.);
#14969 = FACE_BOUND('',#14970,.F.);
#14970 = EDGE_LOOP('',(#14971,#14972,#14980,#14988));
#14971 = ORIENTED_EDGE('',*,*,#5106,.F.);
#14972 = ORIENTED_EDGE('',*,*,#14973,.T.);
#14973 = EDGE_CURVE('',#5107,#14974,#14976,.T.);
#14974 = VERTEX_POINT('',#14975);
#14975 = CARTESIAN_POINT('',(5.864753581438,-16.56132796974,17.85));
#14976 = LINE('',#14977,#14978);
#14977 = CARTESIAN_POINT('',(5.864753581438,-16.56132796974,15.85));
#14978 = VECTOR('',#14979,1.);
#14979 = DIRECTION('',(0.,0.,1.));
#14980 = ORIENTED_EDGE('',*,*,#14981,.T.);
#14981 = EDGE_CURVE('',#14974,#14982,#14984,.T.);
#14982 = VERTEX_POINT('',#14983);
#14983 = CARTESIAN_POINT('',(9.004753581438,-16.56132796974,17.85));
#14984 = LINE('',#14985,#14986);
#14985 = CARTESIAN_POINT('',(5.864753581438,-16.56132796974,17.85));
#14986 = VECTOR('',#14987,1.);
#14987 = DIRECTION('',(1.,0.,0.));
#14988 = ORIENTED_EDGE('',*,*,#14989,.F.);
#14989 = EDGE_CURVE('',#5109,#14982,#14990,.T.);
#14990 = LINE('',#14991,#14992);
#14991 = CARTESIAN_POINT('',(9.004753581438,-16.56132796974,15.85));
#14992 = VECTOR('',#14993,1.);
#14993 = DIRECTION('',(0.,0.,1.));
#14994 = PLANE('',#14995);
#14995 = AXIS2_PLACEMENT_3D('',#14996,#14997,#14998);
#14996 = CARTESIAN_POINT('',(5.864753581438,-16.56132796974,15.85));
#14997 = DIRECTION('',(0.,1.,0.));
#14998 = DIRECTION('',(0.,0.,1.));
#14999 = ADVANCED_FACE('',(#15000),#15018,.T.);
#15000 = FACE_BOUND('',#15001,.T.);
#15001 = EDGE_LOOP('',(#15002,#15003,#15004,#15012));
#15002 = ORIENTED_EDGE('',*,*,#14989,.F.);
#15003 = ORIENTED_EDGE('',*,*,#5132,.T.);
#15004 = ORIENTED_EDGE('',*,*,#15005,.T.);
#15005 = EDGE_CURVE('',#5125,#15006,#15008,.T.);
#15006 = VERTEX_POINT('',#15007);
#15007 = CARTESIAN_POINT('',(9.004753581438,-15.06132796974,17.85));
#15008 = LINE('',#15009,#15010);
#15009 = CARTESIAN_POINT('',(9.004753581438,-15.06132796974,15.85));
#15010 = VECTOR('',#15011,1.);
#15011 = DIRECTION('',(0.,0.,1.));
#15012 = ORIENTED_EDGE('',*,*,#15013,.F.);
#15013 = EDGE_CURVE('',#14982,#15006,#15014,.T.);
#15014 = LINE('',#15015,#15016);
#15015 = CARTESIAN_POINT('',(9.004753581438,-16.56132796974,17.85));
#15016 = VECTOR('',#15017,1.);
#15017 = DIRECTION('',(0.,1.,0.));
#15018 = PLANE('',#15019);
#15019 = AXIS2_PLACEMENT_3D('',#15020,#15021,#15022);
#15020 = CARTESIAN_POINT('',(9.004753581438,-16.56132796974,15.85));
#15021 = DIRECTION('',(1.,0.,0.));
#15022 = DIRECTION('',(0.,0.,1.));
#15023 = ADVANCED_FACE('',(#15024),#15042,.T.);
#15024 = FACE_BOUND('',#15025,.T.);
#15025 = EDGE_LOOP('',(#15026,#15027,#15035,#15041));
#15026 = ORIENTED_EDGE('',*,*,#5124,.F.);
#15027 = ORIENTED_EDGE('',*,*,#15028,.T.);
#15028 = EDGE_CURVE('',#5117,#15029,#15031,.T.);
#15029 = VERTEX_POINT('',#15030);
#15030 = CARTESIAN_POINT('',(5.864753581438,-15.06132796974,17.85));
#15031 = LINE('',#15032,#15033);
#15032 = CARTESIAN_POINT('',(5.864753581438,-15.06132796974,15.85));
#15033 = VECTOR('',#15034,1.);
#15034 = DIRECTION('',(0.,0.,1.));
#15035 = ORIENTED_EDGE('',*,*,#15036,.T.);
#15036 = EDGE_CURVE('',#15029,#15006,#15037,.T.);
#15037 = LINE('',#15038,#15039);
#15038 = CARTESIAN_POINT('',(5.864753581438,-15.06132796974,17.85));
#15039 = VECTOR('',#15040,1.);
#15040 = DIRECTION('',(1.,0.,0.));
#15041 = ORIENTED_EDGE('',*,*,#15005,.F.);
#15042 = PLANE('',#15043);
#15043 = AXIS2_PLACEMENT_3D('',#15044,#15045,#15046);
#15044 = CARTESIAN_POINT('',(5.864753581438,-15.06132796974,15.85));
#15045 = DIRECTION('',(0.,1.,0.));
#15046 = DIRECTION('',(0.,0.,1.));
#15047 = ADVANCED_FACE('',(#15048),#15059,.F.);
#15048 = FACE_BOUND('',#15049,.F.);
#15049 = EDGE_LOOP('',(#15050,#15051,#15052,#15053));
#15050 = ORIENTED_EDGE('',*,*,#14973,.F.);
#15051 = ORIENTED_EDGE('',*,*,#5116,.T.);
#15052 = ORIENTED_EDGE('',*,*,#15028,.T.);
#15053 = ORIENTED_EDGE('',*,*,#15054,.F.);
#15054 = EDGE_CURVE('',#14974,#15029,#15055,.T.);
#15055 = LINE('',#15056,#15057);
#15056 = CARTESIAN_POINT('',(5.864753581438,-16.56132796974,17.85));
#15057 = VECTOR('',#15058,1.);
#15058 = DIRECTION('',(0.,1.,0.));
#15059 = PLANE('',#15060);
#15060 = AXIS2_PLACEMENT_3D('',#15061,#15062,#15063);
#15061 = CARTESIAN_POINT('',(5.864753581438,-16.56132796974,15.85));
#15062 = DIRECTION('',(1.,0.,0.));
#15063 = DIRECTION('',(0.,0.,1.));
#15064 = ADVANCED_FACE('',(#15065),#15090,.F.);
#15065 = FACE_BOUND('',#15066,.F.);
#15066 = EDGE_LOOP('',(#15067,#15068,#15076,#15084));
#15067 = ORIENTED_EDGE('',*,*,#5140,.F.);
#15068 = ORIENTED_EDGE('',*,*,#15069,.T.);
#15069 = EDGE_CURVE('',#5141,#15070,#15072,.T.);
#15070 = VERTEX_POINT('',#15071);
#15071 = CARTESIAN_POINT('',(9.776753581438,-15.56132796974,16.5));
#15072 = LINE('',#15073,#15074);
#15073 = CARTESIAN_POINT('',(9.776753581438,-15.56132796974,15.85));
#15074 = VECTOR('',#15075,1.);
#15075 = DIRECTION('',(0.,0.,1.));
#15076 = ORIENTED_EDGE('',*,*,#15077,.T.);
#15077 = EDGE_CURVE('',#15070,#15078,#15080,.T.);
#15078 = VERTEX_POINT('',#15079);
#15079 = CARTESIAN_POINT('',(11.392753581438,-15.56132796974,16.5));
#15080 = LINE('',#15081,#15082);
#15081 = CARTESIAN_POINT('',(9.776753581438,-15.56132796974,16.5));
#15082 = VECTOR('',#15083,1.);
#15083 = DIRECTION('',(1.,0.,0.));
#15084 = ORIENTED_EDGE('',*,*,#15085,.F.);
#15085 = EDGE_CURVE('',#5143,#15078,#15086,.T.);
#15086 = LINE('',#15087,#15088);
#15087 = CARTESIAN_POINT('',(11.392753581438,-15.56132796974,15.85));
#15088 = VECTOR('',#15089,1.);
#15089 = DIRECTION('',(0.,0.,1.));
#15090 = PLANE('',#15091);
#15091 = AXIS2_PLACEMENT_3D('',#15092,#15093,#15094);
#15092 = CARTESIAN_POINT('',(9.776753581438,-15.56132796974,15.85));
#15093 = DIRECTION('',(0.,1.,0.));
#15094 = DIRECTION('',(0.,0.,1.));
#15095 = ADVANCED_FACE('',(#15096),#15114,.T.);
#15096 = FACE_BOUND('',#15097,.T.);
#15097 = EDGE_LOOP('',(#15098,#15099,#15100,#15108));
#15098 = ORIENTED_EDGE('',*,*,#15085,.F.);
#15099 = ORIENTED_EDGE('',*,*,#5166,.T.);
#15100 = ORIENTED_EDGE('',*,*,#15101,.T.);
#15101 = EDGE_CURVE('',#5159,#15102,#15104,.T.);
#15102 = VERTEX_POINT('',#15103);
#15103 = CARTESIAN_POINT('',(11.392753581438,-14.96132796974,16.5));
#15104 = LINE('',#15105,#15106);
#15105 = CARTESIAN_POINT('',(11.392753581438,-14.96132796974,15.85));
#15106 = VECTOR('',#15107,1.);
#15107 = DIRECTION('',(0.,0.,1.));
#15108 = ORIENTED_EDGE('',*,*,#15109,.F.);
#15109 = EDGE_CURVE('',#15078,#15102,#15110,.T.);
#15110 = LINE('',#15111,#15112);
#15111 = CARTESIAN_POINT('',(11.392753581438,-15.56132796974,16.5));
#15112 = VECTOR('',#15113,1.);
#15113 = DIRECTION('',(0.,1.,0.));
#15114 = PLANE('',#15115);
#15115 = AXIS2_PLACEMENT_3D('',#15116,#15117,#15118);
#15116 = CARTESIAN_POINT('',(11.392753581438,-15.56132796974,15.85));
#15117 = DIRECTION('',(1.,0.,0.));
#15118 = DIRECTION('',(0.,0.,1.));
#15119 = ADVANCED_FACE('',(#15120),#15138,.T.);
#15120 = FACE_BOUND('',#15121,.T.);
#15121 = EDGE_LOOP('',(#15122,#15123,#15131,#15137));
#15122 = ORIENTED_EDGE('',*,*,#5158,.F.);
#15123 = ORIENTED_EDGE('',*,*,#15124,.T.);
#15124 = EDGE_CURVE('',#5151,#15125,#15127,.T.);
#15125 = VERTEX_POINT('',#15126);
#15126 = CARTESIAN_POINT('',(9.776753581438,-14.96132796974,16.5));
#15127 = LINE('',#15128,#15129);
#15128 = CARTESIAN_POINT('',(9.776753581438,-14.96132796974,15.85));
#15129 = VECTOR('',#15130,1.);
#15130 = DIRECTION('',(0.,0.,1.));
#15131 = ORIENTED_EDGE('',*,*,#15132,.T.);
#15132 = EDGE_CURVE('',#15125,#15102,#15133,.T.);
#15133 = LINE('',#15134,#15135);
#15134 = CARTESIAN_POINT('',(9.776753581438,-14.96132796974,16.5));
#15135 = VECTOR('',#15136,1.);
#15136 = DIRECTION('',(1.,0.,0.));
#15137 = ORIENTED_EDGE('',*,*,#15101,.F.);
#15138 = PLANE('',#15139);
#15139 = AXIS2_PLACEMENT_3D('',#15140,#15141,#15142);
#15140 = CARTESIAN_POINT('',(9.776753581438,-14.96132796974,15.85));
#15141 = DIRECTION('',(0.,1.,0.));
#15142 = DIRECTION('',(0.,0.,1.));
#15143 = ADVANCED_FACE('',(#15144),#15155,.F.);
#15144 = FACE_BOUND('',#15145,.F.);
#15145 = EDGE_LOOP('',(#15146,#15147,#15148,#15149));
#15146 = ORIENTED_EDGE('',*,*,#15069,.F.);
#15147 = ORIENTED_EDGE('',*,*,#5150,.T.);
#15148 = ORIENTED_EDGE('',*,*,#15124,.T.);
#15149 = ORIENTED_EDGE('',*,*,#15150,.F.);
#15150 = EDGE_CURVE('',#15070,#15125,#15151,.T.);
#15151 = LINE('',#15152,#15153);
#15152 = CARTESIAN_POINT('',(9.776753581438,-15.56132796974,16.5));
#15153 = VECTOR('',#15154,1.);
#15154 = DIRECTION('',(0.,1.,0.));
#15155 = PLANE('',#15156);
#15156 = AXIS2_PLACEMENT_3D('',#15157,#15158,#15159);
#15157 = CARTESIAN_POINT('',(9.776753581438,-15.56132796974,15.85));
#15158 = DIRECTION('',(1.,0.,0.));
#15159 = DIRECTION('',(0.,0.,1.));
#15160 = ADVANCED_FACE('',(#15161),#15186,.F.);
#15161 = FACE_BOUND('',#15162,.F.);
#15162 = EDGE_LOOP('',(#15163,#15164,#15172,#15180));
#15163 = ORIENTED_EDGE('',*,*,#5174,.F.);
#15164 = ORIENTED_EDGE('',*,*,#15165,.T.);
#15165 = EDGE_CURVE('',#5175,#15166,#15168,.T.);
#15166 = VERTEX_POINT('',#15167);
#15167 = CARTESIAN_POINT('',(7.864044581438,-14.31132796974,16.85));
#15168 = LINE('',#15169,#15170);
#15169 = CARTESIAN_POINT('',(7.864044581438,-14.31132796974,15.85));
#15170 = VECTOR('',#15171,1.);
#15171 = DIRECTION('',(0.,0.,1.));
#15172 = ORIENTED_EDGE('',*,*,#15173,.T.);
#15173 = EDGE_CURVE('',#15166,#15174,#15176,.T.);
#15174 = VERTEX_POINT('',#15175);
#15175 = CARTESIAN_POINT('',(12.005462581438,-14.31132796974,16.85));
#15176 = LINE('',#15177,#15178);
#15177 = CARTESIAN_POINT('',(7.864044581438,-14.31132796974,16.85));
#15178 = VECTOR('',#15179,1.);
#15179 = DIRECTION('',(1.,0.,0.));
#15180 = ORIENTED_EDGE('',*,*,#15181,.F.);
#15181 = EDGE_CURVE('',#5177,#15174,#15182,.T.);
#15182 = LINE('',#15183,#15184);
#15183 = CARTESIAN_POINT('',(12.005462581438,-14.31132796974,15.85));
#15184 = VECTOR('',#15185,1.);
#15185 = DIRECTION('',(0.,0.,1.));
#15186 = PLANE('',#15187);
#15187 = AXIS2_PLACEMENT_3D('',#15188,#15189,#15190);
#15188 = CARTESIAN_POINT('',(7.864044581438,-14.31132796974,15.85));
#15189 = DIRECTION('',(0.,1.,0.));
#15190 = DIRECTION('',(0.,0.,1.));
#15191 = ADVANCED_FACE('',(#15192),#15210,.T.);
#15192 = FACE_BOUND('',#15193,.T.);
#15193 = EDGE_LOOP('',(#15194,#15195,#15196,#15204));
#15194 = ORIENTED_EDGE('',*,*,#15181,.F.);
#15195 = ORIENTED_EDGE('',*,*,#5200,.T.);
#15196 = ORIENTED_EDGE('',*,*,#15197,.T.);
#15197 = EDGE_CURVE('',#5193,#15198,#15200,.T.);
#15198 = VERTEX_POINT('',#15199);
#15199 = CARTESIAN_POINT('',(12.005462581438,-10.51132796974,16.85));
#15200 = LINE('',#15201,#15202);
#15201 = CARTESIAN_POINT('',(12.005462581438,-10.51132796974,15.85));
#15202 = VECTOR('',#15203,1.);
#15203 = DIRECTION('',(0.,0.,1.));
#15204 = ORIENTED_EDGE('',*,*,#15205,.F.);
#15205 = EDGE_CURVE('',#15174,#15198,#15206,.T.);
#15206 = LINE('',#15207,#15208);
#15207 = CARTESIAN_POINT('',(12.005462581438,-14.31132796974,16.85));
#15208 = VECTOR('',#15209,1.);
#15209 = DIRECTION('',(0.,1.,0.));
#15210 = PLANE('',#15211);
#15211 = AXIS2_PLACEMENT_3D('',#15212,#15213,#15214);
#15212 = CARTESIAN_POINT('',(12.005462581438,-14.31132796974,15.85));
#15213 = DIRECTION('',(1.,0.,0.));
#15214 = DIRECTION('',(0.,0.,1.));
#15215 = ADVANCED_FACE('',(#15216),#15234,.T.);
#15216 = FACE_BOUND('',#15217,.T.);
#15217 = EDGE_LOOP('',(#15218,#15219,#15227,#15233));
#15218 = ORIENTED_EDGE('',*,*,#5192,.F.);
#15219 = ORIENTED_EDGE('',*,*,#15220,.T.);
#15220 = EDGE_CURVE('',#5185,#15221,#15223,.T.);
#15221 = VERTEX_POINT('',#15222);
#15222 = CARTESIAN_POINT('',(7.864044581438,-10.51132796974,16.85));
#15223 = LINE('',#15224,#15225);
#15224 = CARTESIAN_POINT('',(7.864044581438,-10.51132796974,15.85));
#15225 = VECTOR('',#15226,1.);
#15226 = DIRECTION('',(0.,0.,1.));
#15227 = ORIENTED_EDGE('',*,*,#15228,.T.);
#15228 = EDGE_CURVE('',#15221,#15198,#15229,.T.);
#15229 = LINE('',#15230,#15231);
#15230 = CARTESIAN_POINT('',(7.864044581438,-10.51132796974,16.85));
#15231 = VECTOR('',#15232,1.);
#15232 = DIRECTION('',(1.,0.,0.));
#15233 = ORIENTED_EDGE('',*,*,#15197,.F.);
#15234 = PLANE('',#15235);
#15235 = AXIS2_PLACEMENT_3D('',#15236,#15237,#15238);
#15236 = CARTESIAN_POINT('',(7.864044581438,-10.51132796974,15.85));
#15237 = DIRECTION('',(0.,1.,0.));
#15238 = DIRECTION('',(0.,0.,1.));
#15239 = ADVANCED_FACE('',(#15240),#15251,.F.);
#15240 = FACE_BOUND('',#15241,.F.);
#15241 = EDGE_LOOP('',(#15242,#15243,#15244,#15245));
#15242 = ORIENTED_EDGE('',*,*,#15165,.F.);
#15243 = ORIENTED_EDGE('',*,*,#5184,.T.);
#15244 = ORIENTED_EDGE('',*,*,#15220,.T.);
#15245 = ORIENTED_EDGE('',*,*,#15246,.F.);
#15246 = EDGE_CURVE('',#15166,#15221,#15247,.T.);
#15247 = LINE('',#15248,#15249);
#15248 = CARTESIAN_POINT('',(7.864044581438,-14.31132796974,16.85));
#15249 = VECTOR('',#15250,1.);
#15250 = DIRECTION('',(0.,1.,0.));
#15251 = PLANE('',#15252);
#15252 = AXIS2_PLACEMENT_3D('',#15253,#15254,#15255);
#15253 = CARTESIAN_POINT('',(7.864044581438,-14.31132796974,15.85));
#15254 = DIRECTION('',(1.,0.,0.));
#15255 = DIRECTION('',(0.,0.,1.));
#15256 = ADVANCED_FACE('',(#15257),#15282,.F.);
#15257 = FACE_BOUND('',#15258,.F.);
#15258 = EDGE_LOOP('',(#15259,#15260,#15268,#15276));
#15259 = ORIENTED_EDGE('',*,*,#5208,.F.);
#15260 = ORIENTED_EDGE('',*,*,#15261,.T.);
#15261 = EDGE_CURVE('',#5209,#15262,#15264,.T.);
#15262 = VERTEX_POINT('',#15263);
#15263 = CARTESIAN_POINT('',(6.234753581438,-10.90332796974,16.5));
#15264 = LINE('',#15265,#15266);
#15265 = CARTESIAN_POINT('',(6.234753581438,-10.90332796974,15.85));
#15266 = VECTOR('',#15267,1.);
#15267 = DIRECTION('',(0.,0.,1.));
#15268 = ORIENTED_EDGE('',*,*,#15269,.T.);
#15269 = EDGE_CURVE('',#15262,#15270,#15272,.T.);
#15270 = VERTEX_POINT('',#15271);
#15271 = CARTESIAN_POINT('',(6.234753581438,-12.51932796974,16.5));
#15272 = LINE('',#15273,#15274);
#15273 = CARTESIAN_POINT('',(6.234753581438,-10.90332796974,16.5));
#15274 = VECTOR('',#15275,1.);
#15275 = DIRECTION('',(1.110223024625E-16,-1.,0.));
#15276 = ORIENTED_EDGE('',*,*,#15277,.F.);
#15277 = EDGE_CURVE('',#5211,#15270,#15278,.T.);
#15278 = LINE('',#15279,#15280);
#15279 = CARTESIAN_POINT('',(6.234753581438,-12.51932796974,15.85));
#15280 = VECTOR('',#15281,1.);
#15281 = DIRECTION('',(0.,0.,1.));
#15282 = PLANE('',#15283);
#15283 = AXIS2_PLACEMENT_3D('',#15284,#15285,#15286);
#15284 = CARTESIAN_POINT('',(6.234753581438,-10.90332796974,15.85));
#15285 = DIRECTION('',(1.,1.110223024625E-16,0.));
#15286 = DIRECTION('',(0.,0.,1.));
#15287 = ADVANCED_FACE('',(#15288),#15306,.T.);
#15288 = FACE_BOUND('',#15289,.T.);
#15289 = EDGE_LOOP('',(#15290,#15291,#15292,#15300));
#15290 = ORIENTED_EDGE('',*,*,#15277,.F.);
#15291 = ORIENTED_EDGE('',*,*,#5234,.T.);
#15292 = ORIENTED_EDGE('',*,*,#15293,.T.);
#15293 = EDGE_CURVE('',#5227,#15294,#15296,.T.);
#15294 = VERTEX_POINT('',#15295);
#15295 = CARTESIAN_POINT('',(6.834753581438,-12.51932796974,16.5));
#15296 = LINE('',#15297,#15298);
#15297 = CARTESIAN_POINT('',(6.834753581438,-12.51932796974,15.85));
#15298 = VECTOR('',#15299,1.);
#15299 = DIRECTION('',(0.,0.,1.));
#15300 = ORIENTED_EDGE('',*,*,#15301,.F.);
#15301 = EDGE_CURVE('',#15270,#15294,#15302,.T.);
#15302 = LINE('',#15303,#15304);
#15303 = CARTESIAN_POINT('',(6.234753581438,-12.51932796974,16.5));
#15304 = VECTOR('',#15305,1.);
#15305 = DIRECTION('',(1.,1.110223024625E-16,0.));
#15306 = PLANE('',#15307);
#15307 = AXIS2_PLACEMENT_3D('',#15308,#15309,#15310);
#15308 = CARTESIAN_POINT('',(6.234753581438,-12.51932796974,15.85));
#15309 = DIRECTION('',(1.110223024625E-16,-1.,0.));
#15310 = DIRECTION('',(0.,0.,1.));
#15311 = ADVANCED_FACE('',(#15312),#15330,.T.);
#15312 = FACE_BOUND('',#15313,.T.);
#15313 = EDGE_LOOP('',(#15314,#15315,#15323,#15329));
#15314 = ORIENTED_EDGE('',*,*,#5226,.F.);
#15315 = ORIENTED_EDGE('',*,*,#15316,.T.);
#15316 = EDGE_CURVE('',#5219,#15317,#15319,.T.);
#15317 = VERTEX_POINT('',#15318);
#15318 = CARTESIAN_POINT('',(6.834753581438,-10.90332796974,16.5));
#15319 = LINE('',#15320,#15321);
#15320 = CARTESIAN_POINT('',(6.834753581438,-10.90332796974,15.85));
#15321 = VECTOR('',#15322,1.);
#15322 = DIRECTION('',(0.,0.,1.));
#15323 = ORIENTED_EDGE('',*,*,#15324,.T.);
#15324 = EDGE_CURVE('',#15317,#15294,#15325,.T.);
#15325 = LINE('',#15326,#15327);
#15326 = CARTESIAN_POINT('',(6.834753581438,-10.90332796974,16.5));
#15327 = VECTOR('',#15328,1.);
#15328 = DIRECTION('',(1.110223024625E-16,-1.,0.));
#15329 = ORIENTED_EDGE('',*,*,#15293,.F.);
#15330 = PLANE('',#15331);
#15331 = AXIS2_PLACEMENT_3D('',#15332,#15333,#15334);
#15332 = CARTESIAN_POINT('',(6.834753581438,-10.90332796974,15.85));
#15333 = DIRECTION('',(1.,1.110223024625E-16,0.));
#15334 = DIRECTION('',(0.,0.,1.));
#15335 = ADVANCED_FACE('',(#15336),#15347,.F.);
#15336 = FACE_BOUND('',#15337,.F.);
#15337 = EDGE_LOOP('',(#15338,#15339,#15340,#15341));
#15338 = ORIENTED_EDGE('',*,*,#15261,.F.);
#15339 = ORIENTED_EDGE('',*,*,#5218,.T.);
#15340 = ORIENTED_EDGE('',*,*,#15316,.T.);
#15341 = ORIENTED_EDGE('',*,*,#15342,.F.);
#15342 = EDGE_CURVE('',#15262,#15317,#15343,.T.);
#15343 = LINE('',#15344,#15345);
#15344 = CARTESIAN_POINT('',(6.234753581438,-10.90332796974,16.5));
#15345 = VECTOR('',#15346,1.);
#15346 = DIRECTION('',(1.,1.110223024625E-16,0.));
#15347 = PLANE('',#15348);
#15348 = AXIS2_PLACEMENT_3D('',#15349,#15350,#15351);
#15349 = CARTESIAN_POINT('',(6.234753581438,-10.90332796974,15.85));
#15350 = DIRECTION('',(1.110223024625E-16,-1.,0.));
#15351 = DIRECTION('',(0.,0.,1.));
#15352 = ADVANCED_FACE('',(#15353),#15378,.F.);
#15353 = FACE_BOUND('',#15354,.F.);
#15354 = EDGE_LOOP('',(#15355,#15356,#15364,#15372));
#15355 = ORIENTED_EDGE('',*,*,#5242,.F.);
#15356 = ORIENTED_EDGE('',*,*,#15357,.T.);
#15357 = EDGE_CURVE('',#5243,#15358,#15360,.T.);
#15358 = VERTEX_POINT('',#15359);
#15359 = CARTESIAN_POINT('',(-7.437351136463,10.250738954606,17.85));
#15360 = LINE('',#15361,#15362);
#15361 = CARTESIAN_POINT('',(-7.437351136463,10.250738954606,15.85));
#15362 = VECTOR('',#15363,1.);
#15363 = DIRECTION('',(0.,0.,1.));
#15364 = ORIENTED_EDGE('',*,*,#15365,.T.);
#15365 = EDGE_CURVE('',#15358,#15366,#15368,.T.);
#15366 = VERTEX_POINT('',#15367);
#15367 = CARTESIAN_POINT('',(-4.297351136463,10.250738954606,17.85));
#15368 = LINE('',#15369,#15370);
#15369 = CARTESIAN_POINT('',(-7.437351136463,10.250738954606,17.85));
#15370 = VECTOR('',#15371,1.);
#15371 = DIRECTION('',(1.,0.,0.));
#15372 = ORIENTED_EDGE('',*,*,#15373,.F.);
#15373 = EDGE_CURVE('',#5245,#15366,#15374,.T.);
#15374 = LINE('',#15375,#15376);
#15375 = CARTESIAN_POINT('',(-4.297351136463,10.250738954606,15.85));
#15376 = VECTOR('',#15377,1.);
#15377 = DIRECTION('',(0.,0.,1.));
#15378 = PLANE('',#15379);
#15379 = AXIS2_PLACEMENT_3D('',#15380,#15381,#15382);
#15380 = CARTESIAN_POINT('',(-7.437351136463,10.250738954606,15.85));
#15381 = DIRECTION('',(0.,1.,0.));
#15382 = DIRECTION('',(0.,0.,1.));
#15383 = ADVANCED_FACE('',(#15384),#15402,.T.);
#15384 = FACE_BOUND('',#15385,.T.);
#15385 = EDGE_LOOP('',(#15386,#15387,#15388,#15396));
#15386 = ORIENTED_EDGE('',*,*,#15373,.F.);
#15387 = ORIENTED_EDGE('',*,*,#5268,.T.);
#15388 = ORIENTED_EDGE('',*,*,#15389,.T.);
#15389 = EDGE_CURVE('',#5261,#15390,#15392,.T.);
#15390 = VERTEX_POINT('',#15391);
#15391 = CARTESIAN_POINT('',(-4.297351136463,11.750738954606,17.85));
#15392 = LINE('',#15393,#15394);
#15393 = CARTESIAN_POINT('',(-4.297351136463,11.750738954606,15.85));
#15394 = VECTOR('',#15395,1.);
#15395 = DIRECTION('',(0.,0.,1.));
#15396 = ORIENTED_EDGE('',*,*,#15397,.F.);
#15397 = EDGE_CURVE('',#15366,#15390,#15398,.T.);
#15398 = LINE('',#15399,#15400);
#15399 = CARTESIAN_POINT('',(-4.297351136463,10.250738954606,17.85));
#15400 = VECTOR('',#15401,1.);
#15401 = DIRECTION('',(0.,1.,0.));
#15402 = PLANE('',#15403);
#15403 = AXIS2_PLACEMENT_3D('',#15404,#15405,#15406);
#15404 = CARTESIAN_POINT('',(-4.297351136463,10.250738954606,15.85));
#15405 = DIRECTION('',(1.,0.,0.));
#15406 = DIRECTION('',(0.,0.,1.));
#15407 = ADVANCED_FACE('',(#15408),#15426,.T.);
#15408 = FACE_BOUND('',#15409,.T.);
#15409 = EDGE_LOOP('',(#15410,#15411,#15419,#15425));
#15410 = ORIENTED_EDGE('',*,*,#5260,.F.);
#15411 = ORIENTED_EDGE('',*,*,#15412,.T.);
#15412 = EDGE_CURVE('',#5253,#15413,#15415,.T.);
#15413 = VERTEX_POINT('',#15414);
#15414 = CARTESIAN_POINT('',(-7.437351136463,11.750738954606,17.85));
#15415 = LINE('',#15416,#15417);
#15416 = CARTESIAN_POINT('',(-7.437351136463,11.750738954606,15.85));
#15417 = VECTOR('',#15418,1.);
#15418 = DIRECTION('',(0.,0.,1.));
#15419 = ORIENTED_EDGE('',*,*,#15420,.T.);
#15420 = EDGE_CURVE('',#15413,#15390,#15421,.T.);
#15421 = LINE('',#15422,#15423);
#15422 = CARTESIAN_POINT('',(-7.437351136463,11.750738954606,17.85));
#15423 = VECTOR('',#15424,1.);
#15424 = DIRECTION('',(1.,0.,0.));
#15425 = ORIENTED_EDGE('',*,*,#15389,.F.);
#15426 = PLANE('',#15427);
#15427 = AXIS2_PLACEMENT_3D('',#15428,#15429,#15430);
#15428 = CARTESIAN_POINT('',(-7.437351136463,11.750738954606,15.85));
#15429 = DIRECTION('',(0.,1.,0.));
#15430 = DIRECTION('',(0.,0.,1.));
#15431 = ADVANCED_FACE('',(#15432),#15443,.F.);
#15432 = FACE_BOUND('',#15433,.F.);
#15433 = EDGE_LOOP('',(#15434,#15435,#15436,#15437));
#15434 = ORIENTED_EDGE('',*,*,#15357,.F.);
#15435 = ORIENTED_EDGE('',*,*,#5252,.T.);
#15436 = ORIENTED_EDGE('',*,*,#15412,.T.);
#15437 = ORIENTED_EDGE('',*,*,#15438,.F.);
#15438 = EDGE_CURVE('',#15358,#15413,#15439,.T.);
#15439 = LINE('',#15440,#15441);
#15440 = CARTESIAN_POINT('',(-7.437351136463,10.250738954606,17.85));
#15441 = VECTOR('',#15442,1.);
#15442 = DIRECTION('',(0.,1.,0.));
#15443 = PLANE('',#15444);
#15444 = AXIS2_PLACEMENT_3D('',#15445,#15446,#15447);
#15445 = CARTESIAN_POINT('',(-7.437351136463,10.250738954606,15.85));
#15446 = DIRECTION('',(1.,0.,0.));
#15447 = DIRECTION('',(0.,0.,1.));
#15448 = ADVANCED_FACE('',(#15449),#15474,.F.);
#15449 = FACE_BOUND('',#15450,.F.);
#15450 = EDGE_LOOP('',(#15451,#15452,#15460,#15468));
#15451 = ORIENTED_EDGE('',*,*,#5276,.F.);
#15452 = ORIENTED_EDGE('',*,*,#15453,.T.);
#15453 = EDGE_CURVE('',#5277,#15454,#15456,.T.);
#15454 = VERTEX_POINT('',#15455);
#15455 = CARTESIAN_POINT('',(-8.109351136463,17.914738954606,20.85));
#15456 = LINE('',#15457,#15458);
#15457 = CARTESIAN_POINT('',(-8.109351136463,17.914738954606,15.85));
#15458 = VECTOR('',#15459,1.);
#15459 = DIRECTION('',(0.,0.,1.));
#15460 = ORIENTED_EDGE('',*,*,#15461,.T.);
#15461 = EDGE_CURVE('',#15454,#15462,#15464,.T.);
#15462 = VERTEX_POINT('',#15463);
#15463 = CARTESIAN_POINT('',(-8.109351136463,12.214738954606,20.85));
#15464 = LINE('',#15465,#15466);
#15465 = CARTESIAN_POINT('',(-8.109351136463,17.914738954606,20.85));
#15466 = VECTOR('',#15467,1.);
#15467 = DIRECTION('',(1.110223024625E-16,-1.,0.));
#15468 = ORIENTED_EDGE('',*,*,#15469,.F.);
#15469 = EDGE_CURVE('',#5279,#15462,#15470,.T.);
#15470 = LINE('',#15471,#15472);
#15471 = CARTESIAN_POINT('',(-8.109351136463,12.214738954606,15.85));
#15472 = VECTOR('',#15473,1.);
#15473 = DIRECTION('',(0.,0.,1.));
#15474 = PLANE('',#15475);
#15475 = AXIS2_PLACEMENT_3D('',#15476,#15477,#15478);
#15476 = CARTESIAN_POINT('',(-8.109351136463,17.914738954606,15.85));
#15477 = DIRECTION('',(1.,1.110223024625E-16,0.));
#15478 = DIRECTION('',(0.,0.,1.));
#15479 = ADVANCED_FACE('',(#15480),#15498,.T.);
#15480 = FACE_BOUND('',#15481,.T.);
#15481 = EDGE_LOOP('',(#15482,#15483,#15484,#15492));
#15482 = ORIENTED_EDGE('',*,*,#15469,.F.);
#15483 = ORIENTED_EDGE('',*,*,#5302,.T.);
#15484 = ORIENTED_EDGE('',*,*,#15485,.T.);
#15485 = EDGE_CURVE('',#5295,#15486,#15488,.T.);
#15486 = VERTEX_POINT('',#15487);
#15487 = CARTESIAN_POINT('',(-2.609351136463,12.214738954606,20.85));
#15488 = LINE('',#15489,#15490);
#15489 = CARTESIAN_POINT('',(-2.609351136463,12.214738954606,15.85));
#15490 = VECTOR('',#15491,1.);
#15491 = DIRECTION('',(0.,0.,1.));
#15492 = ORIENTED_EDGE('',*,*,#15493,.F.);
#15493 = EDGE_CURVE('',#15462,#15486,#15494,.T.);
#15494 = LINE('',#15495,#15496);
#15495 = CARTESIAN_POINT('',(-8.109351136463,12.214738954606,20.85));
#15496 = VECTOR('',#15497,1.);
#15497 = DIRECTION('',(1.,1.110223024625E-16,0.));
#15498 = PLANE('',#15499);
#15499 = AXIS2_PLACEMENT_3D('',#15500,#15501,#15502);
#15500 = CARTESIAN_POINT('',(-8.109351136463,12.214738954606,15.85));
#15501 = DIRECTION('',(1.110223024625E-16,-1.,0.));
#15502 = DIRECTION('',(0.,0.,1.));
#15503 = ADVANCED_FACE('',(#15504),#15522,.T.);
#15504 = FACE_BOUND('',#15505,.T.);
#15505 = EDGE_LOOP('',(#15506,#15507,#15515,#15521));
#15506 = ORIENTED_EDGE('',*,*,#5294,.F.);
#15507 = ORIENTED_EDGE('',*,*,#15508,.T.);
#15508 = EDGE_CURVE('',#5287,#15509,#15511,.T.);
#15509 = VERTEX_POINT('',#15510);
#15510 = CARTESIAN_POINT('',(-2.609351136463,17.914738954606,20.85));
#15511 = LINE('',#15512,#15513);
#15512 = CARTESIAN_POINT('',(-2.609351136463,17.914738954606,15.85));
#15513 = VECTOR('',#15514,1.);
#15514 = DIRECTION('',(0.,0.,1.));
#15515 = ORIENTED_EDGE('',*,*,#15516,.T.);
#15516 = EDGE_CURVE('',#15509,#15486,#15517,.T.);
#15517 = LINE('',#15518,#15519);
#15518 = CARTESIAN_POINT('',(-2.609351136463,17.914738954606,20.85));
#15519 = VECTOR('',#15520,1.);
#15520 = DIRECTION('',(1.110223024625E-16,-1.,0.));
#15521 = ORIENTED_EDGE('',*,*,#15485,.F.);
#15522 = PLANE('',#15523);
#15523 = AXIS2_PLACEMENT_3D('',#15524,#15525,#15526);
#15524 = CARTESIAN_POINT('',(-2.609351136463,17.914738954606,15.85));
#15525 = DIRECTION('',(1.,1.110223024625E-16,0.));
#15526 = DIRECTION('',(0.,0.,1.));
#15527 = ADVANCED_FACE('',(#15528),#15539,.F.);
#15528 = FACE_BOUND('',#15529,.F.);
#15529 = EDGE_LOOP('',(#15530,#15531,#15532,#15533));
#15530 = ORIENTED_EDGE('',*,*,#15453,.F.);
#15531 = ORIENTED_EDGE('',*,*,#5286,.T.);
#15532 = ORIENTED_EDGE('',*,*,#15508,.T.);
#15533 = ORIENTED_EDGE('',*,*,#15534,.F.);
#15534 = EDGE_CURVE('',#15454,#15509,#15535,.T.);
#15535 = LINE('',#15536,#15537);
#15536 = CARTESIAN_POINT('',(-8.109351136463,17.914738954606,20.85));
#15537 = VECTOR('',#15538,1.);
#15538 = DIRECTION('',(1.,1.110223024625E-16,0.));
#15539 = PLANE('',#15540);
#15540 = AXIS2_PLACEMENT_3D('',#15541,#15542,#15543);
#15541 = CARTESIAN_POINT('',(-8.109351136463,17.914738954606,15.85));
#15542 = DIRECTION('',(1.110223024625E-16,-1.,0.));
#15543 = DIRECTION('',(0.,0.,1.));
#15544 = ADVANCED_FACE('',(#15545),#15570,.F.);
#15545 = FACE_BOUND('',#15546,.F.);
#15546 = EDGE_LOOP('',(#15547,#15548,#15556,#15564));
#15547 = ORIENTED_EDGE('',*,*,#5310,.F.);
#15548 = ORIENTED_EDGE('',*,*,#15549,.T.);
#15549 = EDGE_CURVE('',#5311,#15550,#15552,.T.);
#15550 = VERTEX_POINT('',#15551);
#15551 = CARTESIAN_POINT('',(0.782648863537,11.776138954606,17.85));
#15552 = LINE('',#15553,#15554);
#15553 = CARTESIAN_POINT('',(0.782648863537,11.776138954606,15.85));
#15554 = VECTOR('',#15555,1.);
#15555 = DIRECTION('',(0.,0.,1.));
#15556 = ORIENTED_EDGE('',*,*,#15557,.T.);
#15557 = EDGE_CURVE('',#15550,#15558,#15560,.T.);
#15558 = VERTEX_POINT('',#15559);
#15559 = CARTESIAN_POINT('',(-2.357351136463,11.776138954606,17.85));
#15560 = LINE('',#15561,#15562);
#15561 = CARTESIAN_POINT('',(0.782648863537,11.776138954606,17.85));
#15562 = VECTOR('',#15563,1.);
#15563 = DIRECTION('',(-1.,-1.224646799147E-16,0.));
#15564 = ORIENTED_EDGE('',*,*,#15565,.F.);
#15565 = EDGE_CURVE('',#5313,#15558,#15566,.T.);
#15566 = LINE('',#15567,#15568);
#15567 = CARTESIAN_POINT('',(-2.357351136463,11.776138954606,15.85));
#15568 = VECTOR('',#15569,1.);
#15569 = DIRECTION('',(0.,0.,1.));
#15570 = PLANE('',#15571);
#15571 = AXIS2_PLACEMENT_3D('',#15572,#15573,#15574);
#15572 = CARTESIAN_POINT('',(0.782648863537,11.776138954606,15.85));
#15573 = DIRECTION('',(1.224646799147E-16,-1.,0.));
#15574 = DIRECTION('',(0.,0.,1.));
#15575 = ADVANCED_FACE('',(#15576),#15594,.T.);
#15576 = FACE_BOUND('',#15577,.T.);
#15577 = EDGE_LOOP('',(#15578,#15579,#15580,#15588));
#15578 = ORIENTED_EDGE('',*,*,#15565,.F.);
#15579 = ORIENTED_EDGE('',*,*,#5336,.T.);
#15580 = ORIENTED_EDGE('',*,*,#15581,.T.);
#15581 = EDGE_CURVE('',#5329,#15582,#15584,.T.);
#15582 = VERTEX_POINT('',#15583);
#15583 = CARTESIAN_POINT('',(-2.357351136463,10.276138954606,17.85));
#15584 = LINE('',#15585,#15586);
#15585 = CARTESIAN_POINT('',(-2.357351136463,10.276138954606,15.85));
#15586 = VECTOR('',#15587,1.);
#15587 = DIRECTION('',(0.,0.,1.));
#15588 = ORIENTED_EDGE('',*,*,#15589,.F.);
#15589 = EDGE_CURVE('',#15558,#15582,#15590,.T.);
#15590 = LINE('',#15591,#15592);
#15591 = CARTESIAN_POINT('',(-2.357351136463,11.776138954606,17.85));
#15592 = VECTOR('',#15593,1.);
#15593 = DIRECTION('',(1.224646799147E-16,-1.,0.));
#15594 = PLANE('',#15595);
#15595 = AXIS2_PLACEMENT_3D('',#15596,#15597,#15598);
#15596 = CARTESIAN_POINT('',(-2.357351136463,11.776138954606,15.85));
#15597 = DIRECTION('',(-1.,-1.224646799147E-16,0.));
#15598 = DIRECTION('',(0.,0.,1.));
#15599 = ADVANCED_FACE('',(#15600),#15618,.T.);
#15600 = FACE_BOUND('',#15601,.T.);
#15601 = EDGE_LOOP('',(#15602,#15603,#15611,#15617));
#15602 = ORIENTED_EDGE('',*,*,#5328,.F.);
#15603 = ORIENTED_EDGE('',*,*,#15604,.T.);
#15604 = EDGE_CURVE('',#5321,#15605,#15607,.T.);
#15605 = VERTEX_POINT('',#15606);
#15606 = CARTESIAN_POINT('',(0.782648863537,10.276138954606,17.85));
#15607 = LINE('',#15608,#15609);
#15608 = CARTESIAN_POINT('',(0.782648863537,10.276138954606,15.85));
#15609 = VECTOR('',#15610,1.);
#15610 = DIRECTION('',(0.,0.,1.));
#15611 = ORIENTED_EDGE('',*,*,#15612,.T.);
#15612 = EDGE_CURVE('',#15605,#15582,#15613,.T.);
#15613 = LINE('',#15614,#15615);
#15614 = CARTESIAN_POINT('',(0.782648863537,10.276138954606,17.85));
#15615 = VECTOR('',#15616,1.);
#15616 = DIRECTION('',(-1.,-1.224646799147E-16,0.));
#15617 = ORIENTED_EDGE('',*,*,#15581,.F.);
#15618 = PLANE('',#15619);
#15619 = AXIS2_PLACEMENT_3D('',#15620,#15621,#15622);
#15620 = CARTESIAN_POINT('',(0.782648863537,10.276138954606,15.85));
#15621 = DIRECTION('',(1.224646799147E-16,-1.,0.));
#15622 = DIRECTION('',(0.,0.,1.));
#15623 = ADVANCED_FACE('',(#15624),#15635,.F.);
#15624 = FACE_BOUND('',#15625,.F.);
#15625 = EDGE_LOOP('',(#15626,#15627,#15628,#15629));
#15626 = ORIENTED_EDGE('',*,*,#15549,.F.);
#15627 = ORIENTED_EDGE('',*,*,#5320,.T.);
#15628 = ORIENTED_EDGE('',*,*,#15604,.T.);
#15629 = ORIENTED_EDGE('',*,*,#15630,.F.);
#15630 = EDGE_CURVE('',#15550,#15605,#15631,.T.);
#15631 = LINE('',#15632,#15633);
#15632 = CARTESIAN_POINT('',(0.782648863537,11.776138954606,17.85));
#15633 = VECTOR('',#15634,1.);
#15634 = DIRECTION('',(1.224646799147E-16,-1.,0.));
#15635 = PLANE('',#15636);
#15636 = AXIS2_PLACEMENT_3D('',#15637,#15638,#15639);
#15637 = CARTESIAN_POINT('',(0.782648863537,11.776138954606,15.85));
#15638 = DIRECTION('',(-1.,-1.224646799147E-16,0.));
#15639 = DIRECTION('',(0.,0.,1.));
#15640 = ADVANCED_FACE('',(#15641),#15666,.F.);
#15641 = FACE_BOUND('',#15642,.F.);
#15642 = EDGE_LOOP('',(#15643,#15644,#15652,#15660));
#15643 = ORIENTED_EDGE('',*,*,#5344,.F.);
#15644 = ORIENTED_EDGE('',*,*,#15645,.T.);
#15645 = EDGE_CURVE('',#5345,#15646,#15648,.T.);
#15646 = VERTEX_POINT('',#15647);
#15647 = CARTESIAN_POINT('',(0.782648863537,13.655738954606,17.85));
#15648 = LINE('',#15649,#15650);
#15649 = CARTESIAN_POINT('',(0.782648863537,13.655738954606,15.85));
#15650 = VECTOR('',#15651,1.);
#15651 = DIRECTION('',(0.,0.,1.));
#15652 = ORIENTED_EDGE('',*,*,#15653,.T.);
#15653 = EDGE_CURVE('',#15646,#15654,#15656,.T.);
#15654 = VERTEX_POINT('',#15655);
#15655 = CARTESIAN_POINT('',(-2.357351136463,13.655738954606,17.85));
#15656 = LINE('',#15657,#15658);
#15657 = CARTESIAN_POINT('',(0.782648863537,13.655738954606,17.85));
#15658 = VECTOR('',#15659,1.);
#15659 = DIRECTION('',(-1.,-1.224646799147E-16,0.));
#15660 = ORIENTED_EDGE('',*,*,#15661,.F.);
#15661 = EDGE_CURVE('',#5347,#15654,#15662,.T.);
#15662 = LINE('',#15663,#15664);
#15663 = CARTESIAN_POINT('',(-2.357351136463,13.655738954606,15.85));
#15664 = VECTOR('',#15665,1.);
#15665 = DIRECTION('',(0.,0.,1.));
#15666 = PLANE('',#15667);
#15667 = AXIS2_PLACEMENT_3D('',#15668,#15669,#15670);
#15668 = CARTESIAN_POINT('',(0.782648863537,13.655738954606,15.85));
#15669 = DIRECTION('',(1.224646799147E-16,-1.,0.));
#15670 = DIRECTION('',(0.,0.,1.));
#15671 = ADVANCED_FACE('',(#15672),#15690,.T.);
#15672 = FACE_BOUND('',#15673,.T.);
#15673 = EDGE_LOOP('',(#15674,#15675,#15676,#15684));
#15674 = ORIENTED_EDGE('',*,*,#15661,.F.);
#15675 = ORIENTED_EDGE('',*,*,#5370,.T.);
#15676 = ORIENTED_EDGE('',*,*,#15677,.T.);
#15677 = EDGE_CURVE('',#5363,#15678,#15680,.T.);
#15678 = VERTEX_POINT('',#15679);
#15679 = CARTESIAN_POINT('',(-2.357351136463,12.155738954606,17.85));
#15680 = LINE('',#15681,#15682);
#15681 = CARTESIAN_POINT('',(-2.357351136463,12.155738954606,15.85));
#15682 = VECTOR('',#15683,1.);
#15683 = DIRECTION('',(0.,0.,1.));
#15684 = ORIENTED_EDGE('',*,*,#15685,.F.);
#15685 = EDGE_CURVE('',#15654,#15678,#15686,.T.);
#15686 = LINE('',#15687,#15688);
#15687 = CARTESIAN_POINT('',(-2.357351136463,13.655738954606,17.85));
#15688 = VECTOR('',#15689,1.);
#15689 = DIRECTION('',(1.224646799147E-16,-1.,0.));
#15690 = PLANE('',#15691);
#15691 = AXIS2_PLACEMENT_3D('',#15692,#15693,#15694);
#15692 = CARTESIAN_POINT('',(-2.357351136463,13.655738954606,15.85));
#15693 = DIRECTION('',(-1.,-1.224646799147E-16,0.));
#15694 = DIRECTION('',(0.,0.,1.));
#15695 = ADVANCED_FACE('',(#15696),#15714,.T.);
#15696 = FACE_BOUND('',#15697,.T.);
#15697 = EDGE_LOOP('',(#15698,#15699,#15707,#15713));
#15698 = ORIENTED_EDGE('',*,*,#5362,.F.);
#15699 = ORIENTED_EDGE('',*,*,#15700,.T.);
#15700 = EDGE_CURVE('',#5355,#15701,#15703,.T.);
#15701 = VERTEX_POINT('',#15702);
#15702 = CARTESIAN_POINT('',(0.782648863537,12.155738954606,17.85));
#15703 = LINE('',#15704,#15705);
#15704 = CARTESIAN_POINT('',(0.782648863537,12.155738954606,15.85));
#15705 = VECTOR('',#15706,1.);
#15706 = DIRECTION('',(0.,0.,1.));
#15707 = ORIENTED_EDGE('',*,*,#15708,.T.);
#15708 = EDGE_CURVE('',#15701,#15678,#15709,.T.);
#15709 = LINE('',#15710,#15711);
#15710 = CARTESIAN_POINT('',(0.782648863537,12.155738954606,17.85));
#15711 = VECTOR('',#15712,1.);
#15712 = DIRECTION('',(-1.,-1.224646799147E-16,0.));
#15713 = ORIENTED_EDGE('',*,*,#15677,.F.);
#15714 = PLANE('',#15715);
#15715 = AXIS2_PLACEMENT_3D('',#15716,#15717,#15718);
#15716 = CARTESIAN_POINT('',(0.782648863537,12.155738954606,15.85));
#15717 = DIRECTION('',(1.224646799147E-16,-1.,0.));
#15718 = DIRECTION('',(0.,0.,1.));
#15719 = ADVANCED_FACE('',(#15720),#15731,.F.);
#15720 = FACE_BOUND('',#15721,.F.);
#15721 = EDGE_LOOP('',(#15722,#15723,#15724,#15725));
#15722 = ORIENTED_EDGE('',*,*,#15645,.F.);
#15723 = ORIENTED_EDGE('',*,*,#5354,.T.);
#15724 = ORIENTED_EDGE('',*,*,#15700,.T.);
#15725 = ORIENTED_EDGE('',*,*,#15726,.F.);
#15726 = EDGE_CURVE('',#15646,#15701,#15727,.T.);
#15727 = LINE('',#15728,#15729);
#15728 = CARTESIAN_POINT('',(0.782648863537,13.655738954606,17.85));
#15729 = VECTOR('',#15730,1.);
#15730 = DIRECTION('',(1.224646799147E-16,-1.,0.));
#15731 = PLANE('',#15732);
#15732 = AXIS2_PLACEMENT_3D('',#15733,#15734,#15735);
#15733 = CARTESIAN_POINT('',(0.782648863537,13.655738954606,15.85));
#15734 = DIRECTION('',(-1.,-1.224646799147E-16,0.));
#15735 = DIRECTION('',(0.,0.,1.));
#15736 = ADVANCED_FACE('',(#15737),#15762,.F.);
#15737 = FACE_BOUND('',#15738,.F.);
#15738 = EDGE_LOOP('',(#15739,#15740,#15748,#15756));
#15739 = ORIENTED_EDGE('',*,*,#5378,.F.);
#15740 = ORIENTED_EDGE('',*,*,#15741,.T.);
#15741 = EDGE_CURVE('',#5379,#15742,#15744,.T.);
#15742 = VERTEX_POINT('',#15743);
#15743 = CARTESIAN_POINT('',(-1.968351136463,16.024738954606,16.5));
#15744 = LINE('',#15745,#15746);
#15745 = CARTESIAN_POINT('',(-1.968351136463,16.024738954606,15.85));
#15746 = VECTOR('',#15747,1.);
#15747 = DIRECTION('',(0.,0.,1.));
#15748 = ORIENTED_EDGE('',*,*,#15749,.T.);
#15749 = EDGE_CURVE('',#15742,#15750,#15752,.T.);
#15750 = VERTEX_POINT('',#15751);
#15751 = CARTESIAN_POINT('',(-1.968351136463,14.104738954606,16.5));
#15752 = LINE('',#15753,#15754);
#15753 = CARTESIAN_POINT('',(-1.968351136463,16.024738954606,16.5));
#15754 = VECTOR('',#15755,1.);
#15755 = DIRECTION('',(1.110223024625E-16,-1.,0.));
#15756 = ORIENTED_EDGE('',*,*,#15757,.F.);
#15757 = EDGE_CURVE('',#5381,#15750,#15758,.T.);
#15758 = LINE('',#15759,#15760);
#15759 = CARTESIAN_POINT('',(-1.968351136463,14.104738954606,15.85));
#15760 = VECTOR('',#15761,1.);
#15761 = DIRECTION('',(0.,0.,1.));
#15762 = PLANE('',#15763);
#15763 = AXIS2_PLACEMENT_3D('',#15764,#15765,#15766);
#15764 = CARTESIAN_POINT('',(-1.968351136463,16.024738954606,15.85));
#15765 = DIRECTION('',(1.,1.110223024625E-16,0.));
#15766 = DIRECTION('',(0.,0.,1.));
#15767 = ADVANCED_FACE('',(#15768),#15786,.T.);
#15768 = FACE_BOUND('',#15769,.T.);
#15769 = EDGE_LOOP('',(#15770,#15771,#15772,#15780));
#15770 = ORIENTED_EDGE('',*,*,#15757,.F.);
#15771 = ORIENTED_EDGE('',*,*,#5404,.T.);
#15772 = ORIENTED_EDGE('',*,*,#15773,.T.);
#15773 = EDGE_CURVE('',#5397,#15774,#15776,.T.);
#15774 = VERTEX_POINT('',#15775);
#15775 = CARTESIAN_POINT('',(-0.368351136463,14.104738954606,16.5));
#15776 = LINE('',#15777,#15778);
#15777 = CARTESIAN_POINT('',(-0.368351136463,14.104738954606,15.85));
#15778 = VECTOR('',#15779,1.);
#15779 = DIRECTION('',(0.,0.,1.));
#15780 = ORIENTED_EDGE('',*,*,#15781,.F.);
#15781 = EDGE_CURVE('',#15750,#15774,#15782,.T.);
#15782 = LINE('',#15783,#15784);
#15783 = CARTESIAN_POINT('',(-1.968351136463,14.104738954606,16.5));
#15784 = VECTOR('',#15785,1.);
#15785 = DIRECTION('',(1.,1.110223024625E-16,0.));
#15786 = PLANE('',#15787);
#15787 = AXIS2_PLACEMENT_3D('',#15788,#15789,#15790);
#15788 = CARTESIAN_POINT('',(-1.968351136463,14.104738954606,15.85));
#15789 = DIRECTION('',(1.110223024625E-16,-1.,0.));
#15790 = DIRECTION('',(0.,0.,1.));
#15791 = ADVANCED_FACE('',(#15792),#15810,.T.);
#15792 = FACE_BOUND('',#15793,.T.);
#15793 = EDGE_LOOP('',(#15794,#15795,#15803,#15809));
#15794 = ORIENTED_EDGE('',*,*,#5396,.F.);
#15795 = ORIENTED_EDGE('',*,*,#15796,.T.);
#15796 = EDGE_CURVE('',#5389,#15797,#15799,.T.);
#15797 = VERTEX_POINT('',#15798);
#15798 = CARTESIAN_POINT('',(-0.368351136463,16.024738954606,16.5));
#15799 = LINE('',#15800,#15801);
#15800 = CARTESIAN_POINT('',(-0.368351136463,16.024738954606,15.85));
#15801 = VECTOR('',#15802,1.);
#15802 = DIRECTION('',(0.,0.,1.));
#15803 = ORIENTED_EDGE('',*,*,#15804,.T.);
#15804 = EDGE_CURVE('',#15797,#15774,#15805,.T.);
#15805 = LINE('',#15806,#15807);
#15806 = CARTESIAN_POINT('',(-0.368351136463,16.024738954606,16.5));
#15807 = VECTOR('',#15808,1.);
#15808 = DIRECTION('',(1.110223024625E-16,-1.,0.));
#15809 = ORIENTED_EDGE('',*,*,#15773,.F.);
#15810 = PLANE('',#15811);
#15811 = AXIS2_PLACEMENT_3D('',#15812,#15813,#15814);
#15812 = CARTESIAN_POINT('',(-0.368351136463,16.024738954606,15.85));
#15813 = DIRECTION('',(1.,1.110223024625E-16,0.));
#15814 = DIRECTION('',(0.,0.,1.));
#15815 = ADVANCED_FACE('',(#15816),#15827,.F.);
#15816 = FACE_BOUND('',#15817,.F.);
#15817 = EDGE_LOOP('',(#15818,#15819,#15820,#15821));
#15818 = ORIENTED_EDGE('',*,*,#15741,.F.);
#15819 = ORIENTED_EDGE('',*,*,#5388,.T.);
#15820 = ORIENTED_EDGE('',*,*,#15796,.T.);
#15821 = ORIENTED_EDGE('',*,*,#15822,.F.);
#15822 = EDGE_CURVE('',#15742,#15797,#15823,.T.);
#15823 = LINE('',#15824,#15825);
#15824 = CARTESIAN_POINT('',(-1.968351136463,16.024738954606,16.5));
#15825 = VECTOR('',#15826,1.);
#15826 = DIRECTION('',(1.,1.110223024625E-16,0.));
#15827 = PLANE('',#15828);
#15828 = AXIS2_PLACEMENT_3D('',#15829,#15830,#15831);
#15829 = CARTESIAN_POINT('',(-1.968351136463,16.024738954606,15.85));
#15830 = DIRECTION('',(1.110223024625E-16,-1.,0.));
#15831 = DIRECTION('',(0.,0.,1.));
#15832 = ADVANCED_FACE('',(#15833),#15858,.F.);
#15833 = FACE_BOUND('',#15834,.F.);
#15834 = EDGE_LOOP('',(#15835,#15836,#15844,#15852));
#15835 = ORIENTED_EDGE('',*,*,#5412,.F.);
#15836 = ORIENTED_EDGE('',*,*,#15837,.T.);
#15837 = EDGE_CURVE('',#5413,#15838,#15840,.T.);
#15838 = VERTEX_POINT('',#15839);
#15839 = CARTESIAN_POINT('',(0.909648863537,14.485338954606,16.5));
#15840 = LINE('',#15841,#15842);
#15841 = CARTESIAN_POINT('',(0.909648863537,14.485338954606,15.85));
#15842 = VECTOR('',#15843,1.);
#15843 = DIRECTION('',(0.,0.,1.));
#15844 = ORIENTED_EDGE('',*,*,#15845,.T.);
#15845 = EDGE_CURVE('',#15838,#15846,#15848,.T.);
#15846 = VERTEX_POINT('',#15847);
#15847 = CARTESIAN_POINT('',(0.909648863537,16.101338954606,16.5));
#15848 = LINE('',#15849,#15850);
#15849 = CARTESIAN_POINT('',(0.909648863537,14.485338954606,16.5));
#15850 = VECTOR('',#15851,1.);
#15851 = DIRECTION('',(-2.22044604925E-16,1.,0.));
#15852 = ORIENTED_EDGE('',*,*,#15853,.F.);
#15853 = EDGE_CURVE('',#5415,#15846,#15854,.T.);
#15854 = LINE('',#15855,#15856);
#15855 = CARTESIAN_POINT('',(0.909648863537,16.101338954606,15.85));
#15856 = VECTOR('',#15857,1.);
#15857 = DIRECTION('',(0.,0.,1.));
#15858 = PLANE('',#15859);
#15859 = AXIS2_PLACEMENT_3D('',#15860,#15861,#15862);
#15860 = CARTESIAN_POINT('',(0.909648863537,14.485338954606,15.85));
#15861 = DIRECTION('',(-1.,-2.22044604925E-16,0.));
#15862 = DIRECTION('',(0.,0.,1.));
#15863 = ADVANCED_FACE('',(#15864),#15882,.T.);
#15864 = FACE_BOUND('',#15865,.T.);
#15865 = EDGE_LOOP('',(#15866,#15867,#15868,#15876));
#15866 = ORIENTED_EDGE('',*,*,#15853,.F.);
#15867 = ORIENTED_EDGE('',*,*,#5438,.T.);
#15868 = ORIENTED_EDGE('',*,*,#15869,.T.);
#15869 = EDGE_CURVE('',#5431,#15870,#15872,.T.);
#15870 = VERTEX_POINT('',#15871);
#15871 = CARTESIAN_POINT('',(0.309648863537,16.101338954606,16.5));
#15872 = LINE('',#15873,#15874);
#15873 = CARTESIAN_POINT('',(0.309648863537,16.101338954606,15.85));
#15874 = VECTOR('',#15875,1.);
#15875 = DIRECTION('',(0.,0.,1.));
#15876 = ORIENTED_EDGE('',*,*,#15877,.F.);
#15877 = EDGE_CURVE('',#15846,#15870,#15878,.T.);
#15878 = LINE('',#15879,#15880);
#15879 = CARTESIAN_POINT('',(0.909648863537,16.101338954606,16.5));
#15880 = VECTOR('',#15881,1.);
#15881 = DIRECTION('',(-1.,-2.22044604925E-16,0.));
#15882 = PLANE('',#15883);
#15883 = AXIS2_PLACEMENT_3D('',#15884,#15885,#15886);
#15884 = CARTESIAN_POINT('',(0.909648863537,16.101338954606,15.85));
#15885 = DIRECTION('',(-2.22044604925E-16,1.,0.));
#15886 = DIRECTION('',(0.,0.,1.));
#15887 = ADVANCED_FACE('',(#15888),#15906,.T.);
#15888 = FACE_BOUND('',#15889,.T.);
#15889 = EDGE_LOOP('',(#15890,#15891,#15899,#15905));
#15890 = ORIENTED_EDGE('',*,*,#5430,.F.);
#15891 = ORIENTED_EDGE('',*,*,#15892,.T.);
#15892 = EDGE_CURVE('',#5423,#15893,#15895,.T.);
#15893 = VERTEX_POINT('',#15894);
#15894 = CARTESIAN_POINT('',(0.309648863537,14.485338954606,16.5));
#15895 = LINE('',#15896,#15897);
#15896 = CARTESIAN_POINT('',(0.309648863537,14.485338954606,15.85));
#15897 = VECTOR('',#15898,1.);
#15898 = DIRECTION('',(0.,0.,1.));
#15899 = ORIENTED_EDGE('',*,*,#15900,.T.);
#15900 = EDGE_CURVE('',#15893,#15870,#15901,.T.);
#15901 = LINE('',#15902,#15903);
#15902 = CARTESIAN_POINT('',(0.309648863537,14.485338954606,16.5));
#15903 = VECTOR('',#15904,1.);
#15904 = DIRECTION('',(-2.22044604925E-16,1.,0.));
#15905 = ORIENTED_EDGE('',*,*,#15869,.F.);
#15906 = PLANE('',#15907);
#15907 = AXIS2_PLACEMENT_3D('',#15908,#15909,#15910);
#15908 = CARTESIAN_POINT('',(0.309648863537,14.485338954606,15.85));
#15909 = DIRECTION('',(-1.,-2.22044604925E-16,0.));
#15910 = DIRECTION('',(0.,0.,1.));
#15911 = ADVANCED_FACE('',(#15912),#15923,.F.);
#15912 = FACE_BOUND('',#15913,.F.);
#15913 = EDGE_LOOP('',(#15914,#15915,#15916,#15917));
#15914 = ORIENTED_EDGE('',*,*,#15837,.F.);
#15915 = ORIENTED_EDGE('',*,*,#5422,.T.);
#15916 = ORIENTED_EDGE('',*,*,#15892,.T.);
#15917 = ORIENTED_EDGE('',*,*,#15918,.F.);
#15918 = EDGE_CURVE('',#15838,#15893,#15919,.T.);
#15919 = LINE('',#15920,#15921);
#15920 = CARTESIAN_POINT('',(0.909648863537,14.485338954606,16.5));
#15921 = VECTOR('',#15922,1.);
#15922 = DIRECTION('',(-1.,-2.22044604925E-16,0.));
#15923 = PLANE('',#15924);
#15924 = AXIS2_PLACEMENT_3D('',#15925,#15926,#15927);
#15925 = CARTESIAN_POINT('',(0.909648863537,14.485338954606,15.85));
#15926 = DIRECTION('',(-2.22044604925E-16,1.,0.));
#15927 = DIRECTION('',(0.,0.,1.));
#15928 = ADVANCED_FACE('',(#15929),#15954,.F.);
#15929 = FACE_BOUND('',#15930,.F.);
#15930 = EDGE_LOOP('',(#15931,#15932,#15940,#15948));
#15931 = ORIENTED_EDGE('',*,*,#5446,.F.);
#15932 = ORIENTED_EDGE('',*,*,#15933,.T.);
#15933 = EDGE_CURVE('',#5447,#15934,#15936,.T.);
#15934 = VERTEX_POINT('',#15935);
#15935 = CARTESIAN_POINT('',(0.909648863537,17.558738954606,16.5));
#15936 = LINE('',#15937,#15938);
#15937 = CARTESIAN_POINT('',(0.909648863537,17.558738954606,15.85));
#15938 = VECTOR('',#15939,1.);
#15939 = DIRECTION('',(0.,0.,1.));
#15940 = ORIENTED_EDGE('',*,*,#15941,.T.);
#15941 = EDGE_CURVE('',#15934,#15942,#15944,.T.);
#15942 = VERTEX_POINT('',#15943);
#15943 = CARTESIAN_POINT('',(0.909648863537,19.174738954606,16.5));
#15944 = LINE('',#15945,#15946);
#15945 = CARTESIAN_POINT('',(0.909648863537,17.558738954606,16.5));
#15946 = VECTOR('',#15947,1.);
#15947 = DIRECTION('',(-2.22044604925E-16,1.,0.));
#15948 = ORIENTED_EDGE('',*,*,#15949,.F.);
#15949 = EDGE_CURVE('',#5449,#15942,#15950,.T.);
#15950 = LINE('',#15951,#15952);
#15951 = CARTESIAN_POINT('',(0.909648863537,19.174738954606,15.85));
#15952 = VECTOR('',#15953,1.);
#15953 = DIRECTION('',(0.,0.,1.));
#15954 = PLANE('',#15955);
#15955 = AXIS2_PLACEMENT_3D('',#15956,#15957,#15958);
#15956 = CARTESIAN_POINT('',(0.909648863537,17.558738954606,15.85));
#15957 = DIRECTION('',(-1.,-2.22044604925E-16,0.));
#15958 = DIRECTION('',(0.,0.,1.));
#15959 = ADVANCED_FACE('',(#15960),#15978,.T.);
#15960 = FACE_BOUND('',#15961,.T.);
#15961 = EDGE_LOOP('',(#15962,#15963,#15964,#15972));
#15962 = ORIENTED_EDGE('',*,*,#15949,.F.);
#15963 = ORIENTED_EDGE('',*,*,#5472,.T.);
#15964 = ORIENTED_EDGE('',*,*,#15965,.T.);
#15965 = EDGE_CURVE('',#5465,#15966,#15968,.T.);
#15966 = VERTEX_POINT('',#15967);
#15967 = CARTESIAN_POINT('',(0.309648863537,19.174738954606,16.5));
#15968 = LINE('',#15969,#15970);
#15969 = CARTESIAN_POINT('',(0.309648863537,19.174738954606,15.85));
#15970 = VECTOR('',#15971,1.);
#15971 = DIRECTION('',(0.,0.,1.));
#15972 = ORIENTED_EDGE('',*,*,#15973,.F.);
#15973 = EDGE_CURVE('',#15942,#15966,#15974,.T.);
#15974 = LINE('',#15975,#15976);
#15975 = CARTESIAN_POINT('',(0.909648863537,19.174738954606,16.5));
#15976 = VECTOR('',#15977,1.);
#15977 = DIRECTION('',(-1.,-2.22044604925E-16,0.));
#15978 = PLANE('',#15979);
#15979 = AXIS2_PLACEMENT_3D('',#15980,#15981,#15982);
#15980 = CARTESIAN_POINT('',(0.909648863537,19.174738954606,15.85));
#15981 = DIRECTION('',(-2.22044604925E-16,1.,0.));
#15982 = DIRECTION('',(0.,0.,1.));
#15983 = ADVANCED_FACE('',(#15984),#16002,.T.);
#15984 = FACE_BOUND('',#15985,.T.);
#15985 = EDGE_LOOP('',(#15986,#15987,#15995,#16001));
#15986 = ORIENTED_EDGE('',*,*,#5464,.F.);
#15987 = ORIENTED_EDGE('',*,*,#15988,.T.);
#15988 = EDGE_CURVE('',#5457,#15989,#15991,.T.);
#15989 = VERTEX_POINT('',#15990);
#15990 = CARTESIAN_POINT('',(0.309648863537,17.558738954606,16.5));
#15991 = LINE('',#15992,#15993);
#15992 = CARTESIAN_POINT('',(0.309648863537,17.558738954606,15.85));
#15993 = VECTOR('',#15994,1.);
#15994 = DIRECTION('',(0.,0.,1.));
#15995 = ORIENTED_EDGE('',*,*,#15996,.T.);
#15996 = EDGE_CURVE('',#15989,#15966,#15997,.T.);
#15997 = LINE('',#15998,#15999);
#15998 = CARTESIAN_POINT('',(0.309648863537,17.558738954606,16.5));
#15999 = VECTOR('',#16000,1.);
#16000 = DIRECTION('',(-2.22044604925E-16,1.,0.));
#16001 = ORIENTED_EDGE('',*,*,#15965,.F.);
#16002 = PLANE('',#16003);
#16003 = AXIS2_PLACEMENT_3D('',#16004,#16005,#16006);
#16004 = CARTESIAN_POINT('',(0.309648863537,17.558738954606,15.85));
#16005 = DIRECTION('',(-1.,-2.22044604925E-16,0.));
#16006 = DIRECTION('',(0.,0.,1.));
#16007 = ADVANCED_FACE('',(#16008),#16019,.F.);
#16008 = FACE_BOUND('',#16009,.F.);
#16009 = EDGE_LOOP('',(#16010,#16011,#16012,#16013));
#16010 = ORIENTED_EDGE('',*,*,#15933,.F.);
#16011 = ORIENTED_EDGE('',*,*,#5456,.T.);
#16012 = ORIENTED_EDGE('',*,*,#15988,.T.);
#16013 = ORIENTED_EDGE('',*,*,#16014,.F.);
#16014 = EDGE_CURVE('',#15934,#15989,#16015,.T.);
#16015 = LINE('',#16016,#16017);
#16016 = CARTESIAN_POINT('',(0.909648863537,17.558738954606,16.5));
#16017 = VECTOR('',#16018,1.);
#16018 = DIRECTION('',(-1.,-2.22044604925E-16,0.));
#16019 = PLANE('',#16020);
#16020 = AXIS2_PLACEMENT_3D('',#16021,#16022,#16023);
#16021 = CARTESIAN_POINT('',(0.909648863537,17.558738954606,15.85));
#16022 = DIRECTION('',(-2.22044604925E-16,1.,0.));
#16023 = DIRECTION('',(0.,0.,1.));
#16024 = ADVANCED_FACE('',(#16025),#16036,.T.);
#16025 = FACE_BOUND('',#16026,.T.);
#16026 = EDGE_LOOP('',(#16027,#16028,#16029,#16030));
#16027 = ORIENTED_EDGE('',*,*,#6208,.F.);
#16028 = ORIENTED_EDGE('',*,*,#6169,.F.);
#16029 = ORIENTED_EDGE('',*,*,#6264,.T.);
#16030 = ORIENTED_EDGE('',*,*,#16031,.F.);
#16031 = EDGE_CURVE('',#6201,#6257,#16032,.T.);
#16032 = LINE('',#16033,#16034);
#16033 = CARTESIAN_POINT('',(4.82,-27.9,14.25));
#16034 = VECTOR('',#16035,1.);
#16035 = DIRECTION('',(-1.,-1.224646799147E-16,0.));
#16036 = PLANE('',#16037);
#16037 = AXIS2_PLACEMENT_3D('',#16038,#16039,#16040);
#16038 = CARTESIAN_POINT('',(4.82,-19.97,14.25));
#16039 = DIRECTION('',(0.,0.,1.));
#16040 = DIRECTION('',(-1.,-1.224646799147E-16,0.));
#16041 = ADVANCED_FACE('',(#16042),#16053,.T.);
#16042 = FACE_BOUND('',#16043,.T.);
#16043 = EDGE_LOOP('',(#16044,#16050,#16051,#16052));
#16044 = ORIENTED_EDGE('',*,*,#16045,.F.);
#16045 = EDGE_CURVE('',#6193,#6249,#16046,.T.);
#16046 = LINE('',#16047,#16048);
#16047 = CARTESIAN_POINT('',(4.82,-27.9,10.75));
#16048 = VECTOR('',#16049,1.);
#16049 = DIRECTION('',(-1.,-1.224646799147E-16,0.));
#16050 = ORIENTED_EDGE('',*,*,#6200,.T.);
#16051 = ORIENTED_EDGE('',*,*,#16031,.T.);
#16052 = ORIENTED_EDGE('',*,*,#6256,.F.);
#16053 = PLANE('',#16054);
#16054 = AXIS2_PLACEMENT_3D('',#16055,#16056,#16057);
#16055 = CARTESIAN_POINT('',(4.82,-27.9,10.75));
#16056 = DIRECTION('',(1.224646799147E-16,-1.,0.));
#16057 = DIRECTION('',(0.,0.,1.));
#16058 = ADVANCED_FACE('',(#16059),#16065,.F.);
#16059 = FACE_BOUND('',#16060,.F.);
#16060 = EDGE_LOOP('',(#16061,#16062,#16063,#16064));
#16061 = ORIENTED_EDGE('',*,*,#6192,.F.);
#16062 = ORIENTED_EDGE('',*,*,#6223,.T.);
#16063 = ORIENTED_EDGE('',*,*,#6248,.T.);
#16064 = ORIENTED_EDGE('',*,*,#16045,.F.);
#16065 = PLANE('',#16066);
#16066 = AXIS2_PLACEMENT_3D('',#16067,#16068,#16069);
#16067 = CARTESIAN_POINT('',(4.82,-19.97,10.75));
#16068 = DIRECTION('',(0.,0.,1.));
#16069 = DIRECTION('',(-1.,-1.224646799147E-16,0.));
#16070 = ADVANCED_FACE('',(#16071),#16077,.F.);
#16071 = FACE_BOUND('',#16072,.F.);
#16072 = EDGE_LOOP('',(#16073,#16074,#16075,#16076));
#16073 = ORIENTED_EDGE('',*,*,#8394,.F.);
#16074 = ORIENTED_EDGE('',*,*,#8314,.T.);
#16075 = ORIENTED_EDGE('',*,*,#8346,.T.);
#16076 = ORIENTED_EDGE('',*,*,#8369,.F.);
#16077 = PLANE('',#16078);
#16078 = AXIS2_PLACEMENT_3D('',#16079,#16080,#16081);
#16079 = CARTESIAN_POINT('',(-15.49011031282,-10.91181094753,13.6));
#16080 = DIRECTION('',(0.,0.,1.));
#16081 = DIRECTION('',(-1.,-1.224646799147E-16,0.));
#16082 = ADVANCED_FACE('',(#16083),#16089,.F.);
#16083 = FACE_BOUND('',#16084,.F.);
#16084 = EDGE_LOOP('',(#16085,#16086,#16087,#16088));
#16085 = ORIENTED_EDGE('',*,*,#8490,.F.);
#16086 = ORIENTED_EDGE('',*,*,#8410,.T.);
#16087 = ORIENTED_EDGE('',*,*,#8442,.T.);
#16088 = ORIENTED_EDGE('',*,*,#8465,.F.);
#16089 = PLANE('',#16090);
#16090 = AXIS2_PLACEMENT_3D('',#16091,#16092,#16093);
#16091 = CARTESIAN_POINT('',(-14.32488064718,-6.559699068213,12.75));
#16092 = DIRECTION('',(0.,0.,1.));
#16093 = DIRECTION('',(-1.,-1.224646799147E-16,0.));
#16094 = ADVANCED_FACE('',(#16095),#16101,.F.);
#16095 = FACE_BOUND('',#16096,.F.);
#16096 = EDGE_LOOP('',(#16097,#16098,#16099,#16100));
#16097 = ORIENTED_EDGE('',*,*,#8586,.F.);
#16098 = ORIENTED_EDGE('',*,*,#8506,.T.);
#16099 = ORIENTED_EDGE('',*,*,#8538,.T.);
#16100 = ORIENTED_EDGE('',*,*,#8561,.F.);
#16101 = PLANE('',#16102);
#16102 = AXIS2_PLACEMENT_3D('',#16103,#16104,#16105);
#16103 = CARTESIAN_POINT('',(-9.847907322917,-10.06287594611,12.25));
#16104 = DIRECTION('',(0.,0.,1.));
#16105 = DIRECTION('',(-1.,-1.224646799147E-16,0.));
#16106 = ADVANCED_FACE('',(#16107),#16113,.F.);
#16107 = FACE_BOUND('',#16108,.F.);
#16108 = EDGE_LOOP('',(#16109,#16110,#16111,#16112));
#16109 = ORIENTED_EDGE('',*,*,#8682,.F.);
#16110 = ORIENTED_EDGE('',*,*,#8602,.T.);
#16111 = ORIENTED_EDGE('',*,*,#8634,.T.);
#16112 = ORIENTED_EDGE('',*,*,#8657,.F.);
#16113 = PLANE('',#16114);
#16114 = AXIS2_PLACEMENT_3D('',#16115,#16116,#16117);
#16115 = CARTESIAN_POINT('',(-10.89603654139,-8.417868963142,13.6));
#16116 = DIRECTION('',(0.,0.,1.));
#16117 = DIRECTION('',(-1.,-1.224646799147E-16,0.));
#16118 = ADVANCED_FACE('',(#16119),#16125,.F.);
#16119 = FACE_BOUND('',#16120,.F.);
#16120 = EDGE_LOOP('',(#16121,#16122,#16123,#16124));
#16121 = ORIENTED_EDGE('',*,*,#8795,.F.);
#16122 = ORIENTED_EDGE('',*,*,#8715,.T.);
#16123 = ORIENTED_EDGE('',*,*,#8747,.T.);
#16124 = ORIENTED_EDGE('',*,*,#8770,.F.);
#16125 = PLANE('',#16126);
#16126 = AXIS2_PLACEMENT_3D('',#16127,#16128,#16129);
#16127 = CARTESIAN_POINT('',(-4.249979472476,-11.78511778172,12.25));
#16128 = DIRECTION('',(0.,0.,1.));
#16129 = DIRECTION('',(-1.,-1.224646799147E-16,0.));
#16130 = ADVANCED_FACE('',(#16131),#16137,.F.);
#16131 = FACE_BOUND('',#16132,.F.);
#16132 = EDGE_LOOP('',(#16133,#16134,#16135,#16136));
#16133 = ORIENTED_EDGE('',*,*,#8891,.F.);
#16134 = ORIENTED_EDGE('',*,*,#8811,.T.);
#16135 = ORIENTED_EDGE('',*,*,#8843,.T.);
#16136 = ORIENTED_EDGE('',*,*,#8866,.F.);
#16137 = PLANE('',#16138);
#16138 = AXIS2_PLACEMENT_3D('',#16139,#16140,#16141);
#16139 = CARTESIAN_POINT('',(-8.60025380968,-11.23465280016,13.6));
#16140 = DIRECTION('',(0.,0.,1.));
#16141 = DIRECTION('',(1.,0.,0.));
#16142 = ADVANCED_FACE('',(#16143),#16149,.F.);
#16143 = FACE_BOUND('',#16144,.F.);
#16144 = EDGE_LOOP('',(#16145,#16146,#16147,#16148));
#16145 = ORIENTED_EDGE('',*,*,#8987,.F.);
#16146 = ORIENTED_EDGE('',*,*,#8907,.T.);
#16147 = ORIENTED_EDGE('',*,*,#8939,.T.);
#16148 = ORIENTED_EDGE('',*,*,#8962,.F.);
#16149 = PLANE('',#16150);
#16150 = AXIS2_PLACEMENT_3D('',#16151,#16152,#16153);
#16151 = CARTESIAN_POINT('',(-6.322392118282,-8.782448900842,13.25));
#16152 = DIRECTION('',(0.,0.,1.));
#16153 = DIRECTION('',(-1.,-1.224646799147E-16,0.));
#16154 = ADVANCED_FACE('',(#16155),#16161,.F.);
#16155 = FACE_BOUND('',#16156,.F.);
#16156 = EDGE_LOOP('',(#16157,#16158,#16159,#16160));
#16157 = ORIENTED_EDGE('',*,*,#9083,.F.);
#16158 = ORIENTED_EDGE('',*,*,#9003,.T.);
#16159 = ORIENTED_EDGE('',*,*,#9035,.T.);
#16160 = ORIENTED_EDGE('',*,*,#9058,.F.);
#16161 = PLANE('',#16162);
#16162 = AXIS2_PLACEMENT_3D('',#16163,#16164,#16165);
#16163 = CARTESIAN_POINT('',(-2.839990018322,-10.65088251913,13.25));
#16164 = DIRECTION('',(0.,0.,1.));
#16165 = DIRECTION('',(1.110223024625E-16,-1.,0.));
#16166 = ADVANCED_FACE('',(#16167),#16173,.F.);
#16167 = FACE_BOUND('',#16168,.F.);
#16168 = EDGE_LOOP('',(#16169,#16170,#16171,#16172));
#16169 = ORIENTED_EDGE('',*,*,#9179,.F.);
#16170 = ORIENTED_EDGE('',*,*,#9099,.T.);
#16171 = ORIENTED_EDGE('',*,*,#9131,.T.);
#16172 = ORIENTED_EDGE('',*,*,#9154,.F.);
#16173 = PLANE('',#16174);
#16174 = AXIS2_PLACEMENT_3D('',#16175,#16176,#16177);
#16175 = CARTESIAN_POINT('',(-9.138809322754E-02,-11.52016816945,13.6));
#16176 = DIRECTION('',(0.,0.,1.));
#16177 = DIRECTION('',(-2.22044604925E-16,1.,0.));
#16178 = ADVANCED_FACE('',(#16179),#16185,.F.);
#16179 = FACE_BOUND('',#16180,.F.);
#16180 = EDGE_LOOP('',(#16181,#16182,#16183,#16184));
#16181 = ORIENTED_EDGE('',*,*,#9275,.F.);
#16182 = ORIENTED_EDGE('',*,*,#9195,.T.);
#16183 = ORIENTED_EDGE('',*,*,#9227,.T.);
#16184 = ORIENTED_EDGE('',*,*,#9250,.F.);
#16185 = PLANE('',#16186);
#16186 = AXIS2_PLACEMENT_3D('',#16187,#16188,#16189);
#16187 = CARTESIAN_POINT('',(-17.79904704169,-5.15892731966,13.25));
#16188 = DIRECTION('',(0.,0.,1.));
#16189 = DIRECTION('',(1.110223024625E-16,-1.,0.));
#16190 = ADVANCED_FACE('',(#16191),#16197,.F.);
#16191 = FACE_BOUND('',#16192,.F.);
#16192 = EDGE_LOOP('',(#16193,#16194,#16195,#16196));
#16193 = ORIENTED_EDGE('',*,*,#9371,.F.);
#16194 = ORIENTED_EDGE('',*,*,#9291,.T.);
#16195 = ORIENTED_EDGE('',*,*,#9323,.T.);
#16196 = ORIENTED_EDGE('',*,*,#9346,.F.);
#16197 = PLANE('',#16198);
#16198 = AXIS2_PLACEMENT_3D('',#16199,#16200,#16201);
#16199 = CARTESIAN_POINT('',(-13.06274743099,-8.353041912603,13.6));
#16200 = DIRECTION('',(0.,0.,1.));
#16201 = DIRECTION('',(-2.22044604925E-16,1.,0.));
#16202 = ADVANCED_FACE('',(#16203),#16209,.F.);
#16203 = FACE_BOUND('',#16204,.F.);
#16204 = EDGE_LOOP('',(#16205,#16206,#16207,#16208));
#16205 = ORIENTED_EDGE('',*,*,#9467,.F.);
#16206 = ORIENTED_EDGE('',*,*,#9387,.T.);
#16207 = ORIENTED_EDGE('',*,*,#9419,.T.);
#16208 = ORIENTED_EDGE('',*,*,#9442,.F.);
#16209 = PLANE('',#16210);
#16210 = AXIS2_PLACEMENT_3D('',#16211,#16212,#16213);
#16211 = CARTESIAN_POINT('',(-14.97489585066,-6.05968716014,12.25));
#16212 = DIRECTION('',(0.,0.,1.));
#16213 = DIRECTION('',(1.,0.,0.));
#16214 = ADVANCED_FACE('',(#16215),#16221,.F.);
#16215 = FACE_BOUND('',#16216,.F.);
#16216 = EDGE_LOOP('',(#16217,#16218,#16219,#16220));
#16217 = ORIENTED_EDGE('',*,*,#9563,.F.);
#16218 = ORIENTED_EDGE('',*,*,#9483,.T.);
#16219 = ORIENTED_EDGE('',*,*,#9515,.T.);
#16220 = ORIENTED_EDGE('',*,*,#9538,.F.);
#16221 = PLANE('',#16222);
#16222 = AXIS2_PLACEMENT_3D('',#16223,#16224,#16225);
#16223 = CARTESIAN_POINT('',(-15.46945010312,-2.639049106597,13.6));
#16224 = DIRECTION('',(0.,0.,1.));
#16225 = DIRECTION('',(-2.22044604925E-16,1.,0.));
#16226 = ADVANCED_FACE('',(#16227),#16233,.F.);
#16227 = FACE_BOUND('',#16228,.F.);
#16228 = EDGE_LOOP('',(#16229,#16230,#16231,#16232));
#16229 = ORIENTED_EDGE('',*,*,#9659,.F.);
#16230 = ORIENTED_EDGE('',*,*,#9579,.T.);
#16231 = ORIENTED_EDGE('',*,*,#9611,.T.);
#16232 = ORIENTED_EDGE('',*,*,#9634,.F.);
#16233 = PLANE('',#16234);
#16234 = AXIS2_PLACEMENT_3D('',#16235,#16236,#16237);
#16235 = CARTESIAN_POINT('',(-19.30964696635,-0.939102816852,13.6));
#16236 = DIRECTION('',(0.,0.,1.));
#16237 = DIRECTION('',(1.110223024625E-16,-1.,0.));
#16238 = ADVANCED_FACE('',(#16239),#16245,.F.);
#16239 = FACE_BOUND('',#16240,.F.);
#16240 = EDGE_LOOP('',(#16241,#16242,#16243,#16244));
#16241 = ORIENTED_EDGE('',*,*,#9755,.F.);
#16242 = ORIENTED_EDGE('',*,*,#9675,.T.);
#16243 = ORIENTED_EDGE('',*,*,#9707,.T.);
#16244 = ORIENTED_EDGE('',*,*,#9730,.F.);
#16245 = PLANE('',#16246);
#16246 = AXIS2_PLACEMENT_3D('',#16247,#16248,#16249);
#16247 = CARTESIAN_POINT('',(-14.80544977174,-2.43686063263,13.6));
#16248 = DIRECTION('',(0.,0.,1.));
#16249 = DIRECTION('',(1.110223024625E-16,-1.,0.));
#16250 = ADVANCED_FACE('',(#16251),#16257,.F.);
#16251 = FACE_BOUND('',#16252,.F.);
#16252 = EDGE_LOOP('',(#16253,#16254,#16255,#16256));
#16253 = ORIENTED_EDGE('',*,*,#9851,.F.);
#16254 = ORIENTED_EDGE('',*,*,#9771,.T.);
#16255 = ORIENTED_EDGE('',*,*,#9803,.T.);
#16256 = ORIENTED_EDGE('',*,*,#9826,.F.);
#16257 = PLANE('',#16258);
#16258 = AXIS2_PLACEMENT_3D('',#16259,#16260,#16261);
#16259 = CARTESIAN_POINT('',(-8.527163167355,-7.418241066649,13.25));
#16260 = DIRECTION('',(0.,0.,1.));
#16261 = DIRECTION('',(-2.22044604925E-16,1.,0.));
#16262 = ADVANCED_FACE('',(#16263),#16269,.F.);
#16263 = FACE_BOUND('',#16264,.F.);
#16264 = EDGE_LOOP('',(#16265,#16266,#16267,#16268));
#16265 = ORIENTED_EDGE('',*,*,#9947,.F.);
#16266 = ORIENTED_EDGE('',*,*,#9867,.T.);
#16267 = ORIENTED_EDGE('',*,*,#9899,.T.);
#16268 = ORIENTED_EDGE('',*,*,#9922,.F.);
#16269 = PLANE('',#16270);
#16270 = AXIS2_PLACEMENT_3D('',#16271,#16272,#16273);
#16271 = CARTESIAN_POINT('',(-7.791404359181,0.599785898614,13.6));
#16272 = DIRECTION('',(0.,0.,1.));
#16273 = DIRECTION('',(1.110223024625E-16,-1.,0.));
#16274 = ADVANCED_FACE('',(#16275),#16281,.F.);
#16275 = FACE_BOUND('',#16276,.F.);
#16276 = EDGE_LOOP('',(#16277,#16278,#16279,#16280));
#16277 = ORIENTED_EDGE('',*,*,#10043,.F.);
#16278 = ORIENTED_EDGE('',*,*,#9963,.T.);
#16279 = ORIENTED_EDGE('',*,*,#9995,.T.);
#16280 = ORIENTED_EDGE('',*,*,#10018,.F.);
#16281 = PLANE('',#16282);
#16282 = AXIS2_PLACEMENT_3D('',#16283,#16284,#16285);
#16283 = CARTESIAN_POINT('',(-3.913297624504,-5.856993618807E-02,13.6));
#16284 = DIRECTION('',(0.,0.,1.));
#16285 = DIRECTION('',(1.,0.,0.));
#16286 = ADVANCED_FACE('',(#16287),#16293,.F.);
#16287 = FACE_BOUND('',#16288,.F.);
#16288 = EDGE_LOOP('',(#16289,#16290,#16291,#16292));
#16289 = ORIENTED_EDGE('',*,*,#10139,.F.);
#16290 = ORIENTED_EDGE('',*,*,#10059,.T.);
#16291 = ORIENTED_EDGE('',*,*,#10091,.T.);
#16292 = ORIENTED_EDGE('',*,*,#10114,.F.);
#16293 = PLANE('',#16294);
#16294 = AXIS2_PLACEMENT_3D('',#16295,#16296,#16297);
#16295 = CARTESIAN_POINT('',(-2.708704039484,-0.608949233824,13.6));
#16296 = DIRECTION('',(0.,0.,1.));
#16297 = DIRECTION('',(1.110223024625E-16,-1.,0.));
#16298 = ADVANCED_FACE('',(#16299),#16305,.F.);
#16299 = FACE_BOUND('',#16300,.F.);
#16300 = EDGE_LOOP('',(#16301,#16302,#16303,#16304));
#16301 = ORIENTED_EDGE('',*,*,#10235,.F.);
#16302 = ORIENTED_EDGE('',*,*,#10155,.T.);
#16303 = ORIENTED_EDGE('',*,*,#10187,.T.);
#16304 = ORIENTED_EDGE('',*,*,#10210,.F.);
#16305 = PLANE('',#16306);
#16306 = AXIS2_PLACEMENT_3D('',#16307,#16308,#16309);
#16307 = CARTESIAN_POINT('',(6.575768536232,-16.68540431667,13.6));
#16308 = DIRECTION('',(0.,0.,1.));
#16309 = DIRECTION('',(-2.22044604925E-16,1.,0.));
#16310 = ADVANCED_FACE('',(#16311),#16317,.F.);
#16311 = FACE_BOUND('',#16312,.F.);
#16312 = EDGE_LOOP('',(#16313,#16314,#16315,#16316));
#16313 = ORIENTED_EDGE('',*,*,#10331,.F.);
#16314 = ORIENTED_EDGE('',*,*,#10251,.T.);
#16315 = ORIENTED_EDGE('',*,*,#10283,.T.);
#16316 = ORIENTED_EDGE('',*,*,#10306,.F.);
#16317 = PLANE('',#16318);
#16318 = AXIS2_PLACEMENT_3D('',#16319,#16320,#16321);
#16319 = CARTESIAN_POINT('',(7.543557862231,-16.027081795,13.6));
#16320 = DIRECTION('',(0.,0.,1.));
#16321 = DIRECTION('',(1.,0.,0.));
#16322 = ADVANCED_FACE('',(#16323),#16329,.F.);
#16323 = FACE_BOUND('',#16324,.F.);
#16324 = EDGE_LOOP('',(#16325,#16326,#16327,#16328));
#16325 = ORIENTED_EDGE('',*,*,#10427,.F.);
#16326 = ORIENTED_EDGE('',*,*,#10347,.T.);
#16327 = ORIENTED_EDGE('',*,*,#10379,.T.);
#16328 = ORIENTED_EDGE('',*,*,#10402,.F.);
#16329 = PLANE('',#16330);
#16330 = AXIS2_PLACEMENT_3D('',#16331,#16332,#16333);
#16331 = CARTESIAN_POINT('',(7.615782270851,-14.8109697328,13.6));
#16332 = DIRECTION('',(0.,0.,1.));
#16333 = DIRECTION('',(1.,0.,0.));
#16334 = ADVANCED_FACE('',(#16335),#16341,.F.);
#16335 = FACE_BOUND('',#16336,.F.);
#16336 = EDGE_LOOP('',(#16337,#16338,#16339,#16340));
#16337 = ORIENTED_EDGE('',*,*,#10523,.F.);
#16338 = ORIENTED_EDGE('',*,*,#10443,.T.);
#16339 = ORIENTED_EDGE('',*,*,#10475,.T.);
#16340 = ORIENTED_EDGE('',*,*,#10498,.F.);
#16341 = PLANE('',#16342);
#16342 = AXIS2_PLACEMENT_3D('',#16343,#16344,#16345);
#16343 = CARTESIAN_POINT('',(15.599365977816,-9.415066922425,13.6));
#16344 = DIRECTION('',(0.,0.,1.));
#16345 = DIRECTION('',(-1.,-1.224646799147E-16,0.));
#16346 = ADVANCED_FACE('',(#16347),#16353,.F.);
#16347 = FACE_BOUND('',#16348,.F.);
#16348 = EDGE_LOOP('',(#16349,#16350,#16351,#16352));
#16349 = ORIENTED_EDGE('',*,*,#10619,.F.);
#16350 = ORIENTED_EDGE('',*,*,#10539,.T.);
#16351 = ORIENTED_EDGE('',*,*,#10571,.T.);
#16352 = ORIENTED_EDGE('',*,*,#10594,.F.);
#16353 = PLANE('',#16354);
#16354 = AXIS2_PLACEMENT_3D('',#16355,#16356,#16357);
#16355 = CARTESIAN_POINT('',(3.867734393755,-7.263573629224,13.6));
#16356 = DIRECTION('',(0.,0.,1.));
#16357 = DIRECTION('',(-1.,-1.224646799147E-16,0.));
#16358 = ADVANCED_FACE('',(#16359),#16365,.F.);
#16359 = FACE_BOUND('',#16360,.F.);
#16360 = EDGE_LOOP('',(#16361,#16362,#16363,#16364));
#16361 = ORIENTED_EDGE('',*,*,#10715,.F.);
#16362 = ORIENTED_EDGE('',*,*,#10635,.T.);
#16363 = ORIENTED_EDGE('',*,*,#10667,.T.);
#16364 = ORIENTED_EDGE('',*,*,#10690,.F.);
#16365 = PLANE('',#16366);
#16366 = AXIS2_PLACEMENT_3D('',#16367,#16368,#16369);
#16367 = CARTESIAN_POINT('',(4.417902375496,-6.456269936188,13.6));
#16368 = DIRECTION('',(0.,0.,1.));
#16369 = DIRECTION('',(1.110223024625E-16,-1.,0.));
#16370 = ADVANCED_FACE('',(#16371),#16377,.F.);
#16371 = FACE_BOUND('',#16372,.F.);
#16372 = EDGE_LOOP('',(#16373,#16374,#16375,#16376));
#16373 = ORIENTED_EDGE('',*,*,#10811,.F.);
#16374 = ORIENTED_EDGE('',*,*,#10731,.T.);
#16375 = ORIENTED_EDGE('',*,*,#10763,.T.);
#16376 = ORIENTED_EDGE('',*,*,#10786,.F.);
#16377 = PLANE('',#16378);
#16378 = AXIS2_PLACEMENT_3D('',#16379,#16380,#16381);
#16379 = CARTESIAN_POINT('',(3.867361371674,-5.928689148711,13.6));
#16380 = DIRECTION('',(0.,0.,1.));
#16381 = DIRECTION('',(-1.,-1.224646799147E-16,0.));
#16382 = ADVANCED_FACE('',(#16383),#16389,.F.);
#16383 = FACE_BOUND('',#16384,.F.);
#16384 = EDGE_LOOP('',(#16385,#16386,#16387,#16388));
#16385 = ORIENTED_EDGE('',*,*,#10907,.F.);
#16386 = ORIENTED_EDGE('',*,*,#10827,.T.);
#16387 = ORIENTED_EDGE('',*,*,#10859,.T.);
#16388 = ORIENTED_EDGE('',*,*,#10882,.F.);
#16389 = PLANE('',#16390);
#16390 = AXIS2_PLACEMENT_3D('',#16391,#16392,#16393);
#16391 = CARTESIAN_POINT('',(6.178202375496,-7.589569936188,13.65));
#16392 = DIRECTION('',(0.,0.,1.));
#16393 = DIRECTION('',(1.,0.,0.));
#16394 = ADVANCED_FACE('',(#16395),#16401,.F.);
#16395 = FACE_BOUND('',#16396,.F.);
#16396 = EDGE_LOOP('',(#16397,#16398,#16399,#16400));
#16397 = ORIENTED_EDGE('',*,*,#11003,.F.);
#16398 = ORIENTED_EDGE('',*,*,#10923,.T.);
#16399 = ORIENTED_EDGE('',*,*,#10955,.T.);
#16400 = ORIENTED_EDGE('',*,*,#10978,.F.);
#16401 = PLANE('',#16402);
#16402 = AXIS2_PLACEMENT_3D('',#16403,#16404,#16405);
#16403 = CARTESIAN_POINT('',(9.497622354699,0.117548807341,13.6));
#16404 = DIRECTION('',(0.,0.,1.));
#16405 = DIRECTION('',(-1.,-1.224646799147E-16,0.));
#16406 = ADVANCED_FACE('',(#16407),#16413,.F.);
#16407 = FACE_BOUND('',#16408,.F.);
#16408 = EDGE_LOOP('',(#16409,#16410,#16411,#16412));
#16409 = ORIENTED_EDGE('',*,*,#11099,.F.);
#16410 = ORIENTED_EDGE('',*,*,#11019,.T.);
#16411 = ORIENTED_EDGE('',*,*,#11051,.T.);
#16412 = ORIENTED_EDGE('',*,*,#11074,.F.);
#16413 = PLANE('',#16414);
#16414 = AXIS2_PLACEMENT_3D('',#16415,#16416,#16417);
#16415 = CARTESIAN_POINT('',(10.410618748706,-6.585109980158,13.25));
#16416 = DIRECTION('',(0.,0.,1.));
#16417 = DIRECTION('',(1.,0.,0.));
#16418 = ADVANCED_FACE('',(#16419),#16425,.F.);
#16419 = FACE_BOUND('',#16420,.F.);
#16420 = EDGE_LOOP('',(#16421,#16422,#16423,#16424));
#16421 = ORIENTED_EDGE('',*,*,#11195,.F.);
#16422 = ORIENTED_EDGE('',*,*,#11115,.T.);
#16423 = ORIENTED_EDGE('',*,*,#11147,.T.);
#16424 = ORIENTED_EDGE('',*,*,#11170,.F.);
#16425 = PLANE('',#16426);
#16426 = AXIS2_PLACEMENT_3D('',#16427,#16428,#16429);
#16427 = CARTESIAN_POINT('',(13.888782520628,-7.135522214414,13.6));
#16428 = DIRECTION('',(0.,0.,1.));
#16429 = DIRECTION('',(-1.,-1.224646799147E-16,0.));
#16430 = ADVANCED_FACE('',(#16431),#16437,.F.);
#16431 = FACE_BOUND('',#16432,.F.);
#16432 = EDGE_LOOP('',(#16433,#16434,#16435,#16436));
#16433 = ORIENTED_EDGE('',*,*,#11291,.F.);
#16434 = ORIENTED_EDGE('',*,*,#11211,.T.);
#16435 = ORIENTED_EDGE('',*,*,#11243,.T.);
#16436 = ORIENTED_EDGE('',*,*,#11266,.F.);
#16437 = PLANE('',#16438);
#16438 = AXIS2_PLACEMENT_3D('',#16439,#16440,#16441);
#16439 = CARTESIAN_POINT('',(17.744390600334,-5.667300482332,12.75));
#16440 = DIRECTION('',(0.,0.,1.));
#16441 = DIRECTION('',(-1.,-1.224646799147E-16,0.));
#16442 = ADVANCED_FACE('',(#16443),#16449,.F.);
#16443 = FACE_BOUND('',#16444,.F.);
#16444 = EDGE_LOOP('',(#16445,#16446,#16447,#16448));
#16445 = ORIENTED_EDGE('',*,*,#11387,.F.);
#16446 = ORIENTED_EDGE('',*,*,#11307,.T.);
#16447 = ORIENTED_EDGE('',*,*,#11339,.T.);
#16448 = ORIENTED_EDGE('',*,*,#11362,.F.);
#16449 = PLANE('',#16450);
#16450 = AXIS2_PLACEMENT_3D('',#16451,#16452,#16453);
#16451 = CARTESIAN_POINT('',(11.330722307827,-1.943269516839,13.25));
#16452 = DIRECTION('',(0.,0.,1.));
#16453 = DIRECTION('',(1.110223024625E-16,-1.,0.));
#16454 = ADVANCED_FACE('',(#16455),#16461,.F.);
#16455 = FACE_BOUND('',#16456,.F.);
#16456 = EDGE_LOOP('',(#16457,#16458,#16459,#16460));
#16457 = ORIENTED_EDGE('',*,*,#11483,.F.);
#16458 = ORIENTED_EDGE('',*,*,#11403,.T.);
#16459 = ORIENTED_EDGE('',*,*,#11435,.T.);
#16460 = ORIENTED_EDGE('',*,*,#11458,.F.);
#16461 = PLANE('',#16462);
#16462 = AXIS2_PLACEMENT_3D('',#16463,#16464,#16465);
#16463 = CARTESIAN_POINT('',(9.212126688235,-1.683623888922,13.6));
#16464 = DIRECTION('',(0.,0.,1.));
#16465 = DIRECTION('',(1.,0.,0.));
#16466 = ADVANCED_FACE('',(#16467),#16473,.F.);
#16467 = FACE_BOUND('',#16468,.F.);
#16468 = EDGE_LOOP('',(#16469,#16470,#16471,#16472));
#16469 = ORIENTED_EDGE('',*,*,#11579,.F.);
#16470 = ORIENTED_EDGE('',*,*,#11499,.T.);
#16471 = ORIENTED_EDGE('',*,*,#11531,.T.);
#16472 = ORIENTED_EDGE('',*,*,#11554,.F.);
#16473 = PLANE('',#16474);
#16474 = AXIS2_PLACEMENT_3D('',#16475,#16476,#16477);
#16475 = CARTESIAN_POINT('',(13.092206440174,3.237358337562,11.15));
#16476 = DIRECTION('',(0.,0.,1.));
#16477 = DIRECTION('',(1.110223024625E-16,-1.,0.));
#16478 = ADVANCED_FACE('',(#16479),#16485,.F.);
#16479 = FACE_BOUND('',#16480,.F.);
#16480 = EDGE_LOOP('',(#16481,#16482,#16483,#16484));
#16481 = ORIENTED_EDGE('',*,*,#11675,.F.);
#16482 = ORIENTED_EDGE('',*,*,#11595,.T.);
#16483 = ORIENTED_EDGE('',*,*,#11627,.T.);
#16484 = ORIENTED_EDGE('',*,*,#11650,.F.);
#16485 = PLANE('',#16486);
#16486 = AXIS2_PLACEMENT_3D('',#16487,#16488,#16489);
#16487 = CARTESIAN_POINT('',(-20.26687684725,0.505191111917,12.75));
#16488 = DIRECTION('',(0.,0.,1.));
#16489 = DIRECTION('',(1.,0.,0.));
#16490 = ADVANCED_FACE('',(#16491),#16497,.F.);
#16491 = FACE_BOUND('',#16492,.F.);
#16492 = EDGE_LOOP('',(#16493,#16494,#16495,#16496));
#16493 = ORIENTED_EDGE('',*,*,#11771,.F.);
#16494 = ORIENTED_EDGE('',*,*,#11691,.T.);
#16495 = ORIENTED_EDGE('',*,*,#11723,.T.);
#16496 = ORIENTED_EDGE('',*,*,#11746,.F.);
#16497 = PLANE('',#16498);
#16498 = AXIS2_PLACEMENT_3D('',#16499,#16500,#16501);
#16499 = CARTESIAN_POINT('',(-15.13164812158,-0.470128048186,12.75));
#16500 = DIRECTION('',(0.,0.,1.));
#16501 = DIRECTION('',(1.,0.,0.));
#16502 = ADVANCED_FACE('',(#16503),#16509,.F.);
#16503 = FACE_BOUND('',#16504,.F.);
#16504 = EDGE_LOOP('',(#16505,#16506,#16507,#16508));
#16505 = ORIENTED_EDGE('',*,*,#11867,.F.);
#16506 = ORIENTED_EDGE('',*,*,#11787,.T.);
#16507 = ORIENTED_EDGE('',*,*,#11819,.T.);
#16508 = ORIENTED_EDGE('',*,*,#11842,.F.);
#16509 = PLANE('',#16510);
#16510 = AXIS2_PLACEMENT_3D('',#16511,#16512,#16513);
#16511 = CARTESIAN_POINT('',(-10.95458657166,1.503573922225,13.6));
#16512 = DIRECTION('',(0.,0.,1.));
#16513 = DIRECTION('',(1.110223024625E-16,-1.,0.));
#16514 = ADVANCED_FACE('',(#16515),#16521,.F.);
#16515 = FACE_BOUND('',#16516,.F.);
#16516 = EDGE_LOOP('',(#16517,#16518,#16519,#16520));
#16517 = ORIENTED_EDGE('',*,*,#11963,.F.);
#16518 = ORIENTED_EDGE('',*,*,#11883,.T.);
#16519 = ORIENTED_EDGE('',*,*,#11915,.T.);
#16520 = ORIENTED_EDGE('',*,*,#11938,.F.);
#16521 = PLANE('',#16522);
#16522 = AXIS2_PLACEMENT_3D('',#16523,#16524,#16525);
#16523 = CARTESIAN_POINT('',(-17.5383871881,4.792165706555,13.6));
#16524 = DIRECTION('',(0.,0.,1.));
#16525 = DIRECTION('',(1.,0.,0.));
#16526 = ADVANCED_FACE('',(#16527),#16533,.F.);
#16527 = FACE_BOUND('',#16528,.F.);
#16528 = EDGE_LOOP('',(#16529,#16530,#16531,#16532));
#16529 = ORIENTED_EDGE('',*,*,#12059,.F.);
#16530 = ORIENTED_EDGE('',*,*,#11979,.T.);
#16531 = ORIENTED_EDGE('',*,*,#12011,.T.);
#16532 = ORIENTED_EDGE('',*,*,#12034,.F.);
#16533 = PLANE('',#16534);
#16534 = AXIS2_PLACEMENT_3D('',#16535,#16536,#16537);
#16535 = CARTESIAN_POINT('',(-17.49646645652,7.558217008345,13.6));
#16536 = DIRECTION('',(0.,0.,1.));
#16537 = DIRECTION('',(1.110223024625E-16,-1.,0.));
#16538 = ADVANCED_FACE('',(#16539),#16545,.F.);
#16539 = FACE_BOUND('',#16540,.F.);
#16540 = EDGE_LOOP('',(#16541,#16542,#16543,#16544));
#16541 = ORIENTED_EDGE('',*,*,#12155,.F.);
#16542 = ORIENTED_EDGE('',*,*,#12075,.T.);
#16543 = ORIENTED_EDGE('',*,*,#12107,.T.);
#16544 = ORIENTED_EDGE('',*,*,#12130,.F.);
#16545 = PLANE('',#16546);
#16546 = AXIS2_PLACEMENT_3D('',#16547,#16548,#16549);
#16547 = CARTESIAN_POINT('',(-15.40446645652,5.250217008345,13.6));
#16548 = DIRECTION('',(0.,0.,1.));
#16549 = DIRECTION('',(1.,0.,0.));
#16550 = ADVANCED_FACE('',(#16551),#16557,.F.);
#16551 = FACE_BOUND('',#16552,.F.);
#16552 = EDGE_LOOP('',(#16553,#16554,#16555,#16556));
#16553 = ORIENTED_EDGE('',*,*,#12251,.F.);
#16554 = ORIENTED_EDGE('',*,*,#12171,.T.);
#16555 = ORIENTED_EDGE('',*,*,#12203,.T.);
#16556 = ORIENTED_EDGE('',*,*,#12226,.F.);
#16557 = PLANE('',#16558);
#16558 = AXIS2_PLACEMENT_3D('',#16559,#16560,#16561);
#16559 = CARTESIAN_POINT('',(-12.40446645652,5.250217008345,13.6));
#16560 = DIRECTION('',(0.,0.,1.));
#16561 = DIRECTION('',(1.,0.,0.));
#16562 = ADVANCED_FACE('',(#16563),#16569,.F.);
#16563 = FACE_BOUND('',#16564,.F.);
#16564 = EDGE_LOOP('',(#16565,#16566,#16567,#16568));
#16565 = ORIENTED_EDGE('',*,*,#12347,.F.);
#16566 = ORIENTED_EDGE('',*,*,#12267,.T.);
#16567 = ORIENTED_EDGE('',*,*,#12299,.T.);
#16568 = ORIENTED_EDGE('',*,*,#12322,.F.);
#16569 = PLANE('',#16570);
#16570 = AXIS2_PLACEMENT_3D('',#16571,#16572,#16573);
#16571 = CARTESIAN_POINT('',(-15.49646645652,7.925217008345,14.03));
#16572 = DIRECTION('',(0.,0.,1.));
#16573 = DIRECTION('',(1.110223024625E-16,-1.,0.));
#16574 = ADVANCED_FACE('',(#16575),#16581,.F.);
#16575 = FACE_BOUND('',#16576,.F.);
#16576 = EDGE_LOOP('',(#16577,#16578,#16579,#16580));
#16577 = ORIENTED_EDGE('',*,*,#12443,.F.);
#16578 = ORIENTED_EDGE('',*,*,#12363,.T.);
#16579 = ORIENTED_EDGE('',*,*,#12395,.T.);
#16580 = ORIENTED_EDGE('',*,*,#12418,.F.);
#16581 = PLANE('',#16582);
#16582 = AXIS2_PLACEMENT_3D('',#16583,#16584,#16585);
#16583 = CARTESIAN_POINT('',(-12.44646645652,6.600217008345,13.45));
#16584 = DIRECTION('',(0.,0.,1.));
#16585 = DIRECTION('',(1.,0.,0.));
#16586 = ADVANCED_FACE('',(#16587),#16593,.F.);
#16587 = FACE_BOUND('',#16588,.F.);
#16588 = EDGE_LOOP('',(#16589,#16590,#16591,#16592));
#16589 = ORIENTED_EDGE('',*,*,#12539,.F.);
#16590 = ORIENTED_EDGE('',*,*,#12459,.T.);
#16591 = ORIENTED_EDGE('',*,*,#12491,.T.);
#16592 = ORIENTED_EDGE('',*,*,#12514,.F.);
#16593 = PLANE('',#16594);
#16594 = AXIS2_PLACEMENT_3D('',#16595,#16596,#16597);
#16595 = CARTESIAN_POINT('',(-6.641297624504,2.185930063812,13.25));
#16596 = DIRECTION('',(0.,0.,1.));
#16597 = DIRECTION('',(1.110223024625E-16,-1.,0.));
#16598 = ADVANCED_FACE('',(#16599),#16605,.F.);
#16599 = FACE_BOUND('',#16600,.F.);
#16600 = EDGE_LOOP('',(#16601,#16602,#16603,#16604));
#16601 = ORIENTED_EDGE('',*,*,#12635,.F.);
#16602 = ORIENTED_EDGE('',*,*,#12555,.T.);
#16603 = ORIENTED_EDGE('',*,*,#12587,.T.);
#16604 = ORIENTED_EDGE('',*,*,#12610,.F.);
#16605 = PLANE('',#16606);
#16606 = AXIS2_PLACEMENT_3D('',#16607,#16608,#16609);
#16607 = CARTESIAN_POINT('',(-7.191345760015,1.106026898728,13.6));
#16608 = DIRECTION('',(0.,0.,1.));
#16609 = DIRECTION('',(-2.22044604925E-16,1.,0.));
#16610 = ADVANCED_FACE('',(#16611),#16617,.F.);
#16611 = FACE_BOUND('',#16612,.F.);
#16612 = EDGE_LOOP('',(#16613,#16614,#16615,#16616));
#16613 = ORIENTED_EDGE('',*,*,#12731,.F.);
#16614 = ORIENTED_EDGE('',*,*,#12651,.T.);
#16615 = ORIENTED_EDGE('',*,*,#12683,.T.);
#16616 = ORIENTED_EDGE('',*,*,#12706,.F.);
#16617 = PLANE('',#16618);
#16618 = AXIS2_PLACEMENT_3D('',#16619,#16620,#16621);
#16619 = CARTESIAN_POINT('',(-4.957769016699,3.336206288068,13.6));
#16620 = DIRECTION('',(0.,0.,1.));
#16621 = DIRECTION('',(-1.,-1.224646799147E-16,0.));
#16622 = ADVANCED_FACE('',(#16623),#16629,.F.);
#16623 = FACE_BOUND('',#16624,.F.);
#16624 = EDGE_LOOP('',(#16625,#16626,#16627,#16628));
#16625 = ORIENTED_EDGE('',*,*,#12827,.F.);
#16626 = ORIENTED_EDGE('',*,*,#12747,.T.);
#16627 = ORIENTED_EDGE('',*,*,#12779,.T.);
#16628 = ORIENTED_EDGE('',*,*,#12802,.F.);
#16629 = PLANE('',#16630);
#16630 = AXIS2_PLACEMENT_3D('',#16631,#16632,#16633);
#16631 = CARTESIAN_POINT('',(-2.024031902044,1.742343654191,13.6));
#16632 = DIRECTION('',(0.,0.,1.));
#16633 = DIRECTION('',(-1.,-1.224646799147E-16,0.));
#16634 = ADVANCED_FACE('',(#16635),#16641,.F.);
#16635 = FACE_BOUND('',#16636,.F.);
#16636 = EDGE_LOOP('',(#16637,#16638,#16639,#16640));
#16637 = ORIENTED_EDGE('',*,*,#12923,.F.);
#16638 = ORIENTED_EDGE('',*,*,#12843,.T.);
#16639 = ORIENTED_EDGE('',*,*,#12875,.T.);
#16640 = ORIENTED_EDGE('',*,*,#12898,.F.);
#16641 = PLANE('',#16642);
#16642 = AXIS2_PLACEMENT_3D('',#16643,#16644,#16645);
#16643 = CARTESIAN_POINT('',(-3.641131007849,2.344313044683,13.6));
#16644 = DIRECTION('',(0.,0.,1.));
#16645 = DIRECTION('',(1.,0.,0.));
#16646 = ADVANCED_FACE('',(#16647),#16653,.F.);
#16647 = FACE_BOUND('',#16648,.F.);
#16648 = EDGE_LOOP('',(#16649,#16650,#16651,#16652));
#16649 = ORIENTED_EDGE('',*,*,#13019,.F.);
#16650 = ORIENTED_EDGE('',*,*,#12939,.T.);
#16651 = ORIENTED_EDGE('',*,*,#12971,.T.);
#16652 = ORIENTED_EDGE('',*,*,#12994,.F.);
#16653 = PLANE('',#16654);
#16654 = AXIS2_PLACEMENT_3D('',#16655,#16656,#16657);
#16655 = CARTESIAN_POINT('',(-7.469297624504,7.780430063812,13.6));
#16656 = DIRECTION('',(0.,0.,1.));
#16657 = DIRECTION('',(1.110223024625E-16,-1.,0.));
#16658 = ADVANCED_FACE('',(#16659),#16665,.F.);
#16659 = FACE_BOUND('',#16660,.F.);
#16660 = EDGE_LOOP('',(#16661,#16662,#16663,#16664));
#16661 = ORIENTED_EDGE('',*,*,#13115,.F.);
#16662 = ORIENTED_EDGE('',*,*,#13035,.T.);
#16663 = ORIENTED_EDGE('',*,*,#13067,.T.);
#16664 = ORIENTED_EDGE('',*,*,#13090,.F.);
#16665 = PLANE('',#16666);
#16666 = AXIS2_PLACEMENT_3D('',#16667,#16668,#16669);
#16667 = CARTESIAN_POINT('',(-2.757531144726,3.889262304417,13.6));
#16668 = DIRECTION('',(0.,0.,1.));
#16669 = DIRECTION('',(-2.22044604925E-16,1.,0.));
#16670 = ADVANCED_FACE('',(#16671),#16677,.F.);
#16671 = FACE_BOUND('',#16672,.F.);
#16672 = EDGE_LOOP('',(#16673,#16674,#16675,#16676));
#16673 = ORIENTED_EDGE('',*,*,#13211,.F.);
#16674 = ORIENTED_EDGE('',*,*,#13131,.T.);
#16675 = ORIENTED_EDGE('',*,*,#13163,.T.);
#16676 = ORIENTED_EDGE('',*,*,#13186,.F.);
#16677 = PLANE('',#16678);
#16678 = AXIS2_PLACEMENT_3D('',#16679,#16680,#16681);
#16679 = CARTESIAN_POINT('',(-2.827208219716,6.332689004761,13.6));
#16680 = DIRECTION('',(0.,0.,1.));
#16681 = DIRECTION('',(-2.22044604925E-16,1.,0.));
#16682 = ADVANCED_FACE('',(#16683),#16689,.F.);
#16683 = FACE_BOUND('',#16684,.F.);
#16684 = EDGE_LOOP('',(#16685,#16686,#16687,#16688));
#16685 = ORIENTED_EDGE('',*,*,#13307,.F.);
#16686 = ORIENTED_EDGE('',*,*,#13227,.T.);
#16687 = ORIENTED_EDGE('',*,*,#13259,.T.);
#16688 = ORIENTED_EDGE('',*,*,#13282,.F.);
#16689 = PLANE('',#16690);
#16690 = AXIS2_PLACEMENT_3D('',#16691,#16692,#16693);
#16691 = CARTESIAN_POINT('',(-3.701898629503,9.098714498238,13.6));
#16692 = DIRECTION('',(0.,0.,1.));
#16693 = DIRECTION('',(-1.,-1.224646799147E-16,0.));
#16694 = ADVANCED_FACE('',(#16695),#16701,.F.);
#16695 = FACE_BOUND('',#16696,.F.);
#16696 = EDGE_LOOP('',(#16697,#16698,#16699,#16700));
#16697 = ORIENTED_EDGE('',*,*,#13403,.F.);
#16698 = ORIENTED_EDGE('',*,*,#13323,.T.);
#16699 = ORIENTED_EDGE('',*,*,#13355,.T.);
#16700 = ORIENTED_EDGE('',*,*,#13378,.F.);
#16701 = PLANE('',#16702);
#16702 = AXIS2_PLACEMENT_3D('',#16703,#16704,#16705);
#16703 = CARTESIAN_POINT('',(-17.49646645652,10.158217008345,13.6));
#16704 = DIRECTION('',(0.,0.,1.));
#16705 = DIRECTION('',(1.110223024625E-16,-1.,0.));
#16706 = ADVANCED_FACE('',(#16707),#16713,.F.);
#16707 = FACE_BOUND('',#16708,.F.);
#16708 = EDGE_LOOP('',(#16709,#16710,#16711,#16712));
#16709 = ORIENTED_EDGE('',*,*,#13499,.F.);
#16710 = ORIENTED_EDGE('',*,*,#13419,.T.);
#16711 = ORIENTED_EDGE('',*,*,#13451,.T.);
#16712 = ORIENTED_EDGE('',*,*,#13474,.F.);
#16713 = PLANE('',#16714);
#16714 = AXIS2_PLACEMENT_3D('',#16715,#16716,#16717);
#16715 = CARTESIAN_POINT('',(-16.09646645652,8.850217008345,13.55));
#16716 = DIRECTION('',(0.,0.,1.));
#16717 = DIRECTION('',(1.,0.,0.));
#16718 = ADVANCED_FACE('',(#16719),#16725,.F.);
#16719 = FACE_BOUND('',#16720,.F.);
#16720 = EDGE_LOOP('',(#16721,#16722,#16723,#16724));
#16721 = ORIENTED_EDGE('',*,*,#13595,.F.);
#16722 = ORIENTED_EDGE('',*,*,#13515,.T.);
#16723 = ORIENTED_EDGE('',*,*,#13547,.T.);
#16724 = ORIENTED_EDGE('',*,*,#13570,.F.);
#16725 = PLANE('',#16726);
#16726 = AXIS2_PLACEMENT_3D('',#16727,#16728,#16729);
#16727 = CARTESIAN_POINT('',(-12.40446645652,9.050217008345,13.6));
#16728 = DIRECTION('',(0.,0.,1.));
#16729 = DIRECTION('',(1.,0.,0.));
#16730 = ADVANCED_FACE('',(#16731),#16737,.F.);
#16731 = FACE_BOUND('',#16732,.F.);
#16732 = EDGE_LOOP('',(#16733,#16734,#16735,#16736));
#16733 = ORIENTED_EDGE('',*,*,#13691,.F.);
#16734 = ORIENTED_EDGE('',*,*,#13611,.T.);
#16735 = ORIENTED_EDGE('',*,*,#13643,.T.);
#16736 = ORIENTED_EDGE('',*,*,#13666,.F.);
#16737 = PLANE('',#16738);
#16738 = AXIS2_PLACEMENT_3D('',#16739,#16740,#16741);
#16739 = CARTESIAN_POINT('',(-12.60417490461,12.124105172301,13.15));
#16740 = DIRECTION('',(0.,0.,1.));
#16741 = DIRECTION('',(-2.22044604925E-16,1.,0.));
#16742 = ADVANCED_FACE('',(#16743),#16749,.F.);
#16743 = FACE_BOUND('',#16744,.F.);
#16744 = EDGE_LOOP('',(#16745,#16746,#16747,#16748));
#16745 = ORIENTED_EDGE('',*,*,#13787,.F.);
#16746 = ORIENTED_EDGE('',*,*,#13707,.T.);
#16747 = ORIENTED_EDGE('',*,*,#13739,.T.);
#16748 = ORIENTED_EDGE('',*,*,#13762,.F.);
#16749 = PLANE('',#16750);
#16750 = AXIS2_PLACEMENT_3D('',#16751,#16752,#16753);
#16751 = CARTESIAN_POINT('',(-1.560305022997,14.425891178279,12.25));
#16752 = DIRECTION('',(0.,0.,1.));
#16753 = DIRECTION('',(-2.22044604925E-16,1.,0.));
#16754 = ADVANCED_FACE('',(#16755),#16761,.F.);
#16755 = FACE_BOUND('',#16756,.F.);
#16756 = EDGE_LOOP('',(#16757,#16758,#16759,#16760));
#16757 = ORIENTED_EDGE('',*,*,#13883,.F.);
#16758 = ORIENTED_EDGE('',*,*,#13803,.T.);
#16759 = ORIENTED_EDGE('',*,*,#13835,.T.);
#16760 = ORIENTED_EDGE('',*,*,#13858,.F.);
#16761 = PLANE('',#16762);
#16762 = AXIS2_PLACEMENT_3D('',#16763,#16764,#16765);
#16763 = CARTESIAN_POINT('',(6.380177375496,-2.703544936188,13.25));
#16764 = DIRECTION('',(0.,0.,1.));
#16765 = DIRECTION('',(-2.22044604925E-16,1.,0.));
#16766 = ADVANCED_FACE('',(#16767),#16773,.F.);
#16767 = FACE_BOUND('',#16768,.F.);
#16768 = EDGE_LOOP('',(#16769,#16770,#16771,#16772));
#16769 = ORIENTED_EDGE('',*,*,#13979,.F.);
#16770 = ORIENTED_EDGE('',*,*,#13899,.T.);
#16771 = ORIENTED_EDGE('',*,*,#13931,.T.);
#16772 = ORIENTED_EDGE('',*,*,#13954,.F.);
#16773 = PLANE('',#16774);
#16774 = AXIS2_PLACEMENT_3D('',#16775,#16776,#16777);
#16775 = CARTESIAN_POINT('',(7.582974331405,0.717593506745,13.6));
#16776 = DIRECTION('',(0.,0.,1.));
#16777 = DIRECTION('',(1.,0.,0.));
#16778 = ADVANCED_FACE('',(#16779),#16785,.F.);
#16779 = FACE_BOUND('',#16780,.F.);
#16780 = EDGE_LOOP('',(#16781,#16782,#16783,#16784));
#16781 = ORIENTED_EDGE('',*,*,#14075,.F.);
#16782 = ORIENTED_EDGE('',*,*,#13995,.T.);
#16783 = ORIENTED_EDGE('',*,*,#14027,.T.);
#16784 = ORIENTED_EDGE('',*,*,#14050,.F.);
#16785 = PLANE('',#16786);
#16786 = AXIS2_PLACEMENT_3D('',#16787,#16788,#16789);
#16787 = CARTESIAN_POINT('',(9.268428674672,2.517699133763,13.6));
#16788 = DIRECTION('',(0.,0.,1.));
#16789 = DIRECTION('',(-1.,-1.224646799147E-16,0.));
#16790 = ADVANCED_FACE('',(#16791),#16797,.F.);
#16791 = FACE_BOUND('',#16792,.F.);
#16792 = EDGE_LOOP('',(#16793,#16794,#16795,#16796));
#16793 = ORIENTED_EDGE('',*,*,#14171,.F.);
#16794 = ORIENTED_EDGE('',*,*,#14091,.T.);
#16795 = ORIENTED_EDGE('',*,*,#14123,.T.);
#16796 = ORIENTED_EDGE('',*,*,#14146,.F.);
#16797 = PLANE('',#16798);
#16798 = AXIS2_PLACEMENT_3D('',#16799,#16800,#16801);
#16799 = CARTESIAN_POINT('',(7.655328867513,3.11800412493,13.6));
#16800 = DIRECTION('',(0.,0.,1.));
#16801 = DIRECTION('',(1.,0.,0.));
#16802 = ADVANCED_FACE('',(#16803),#16809,.F.);
#16803 = FACE_BOUND('',#16804,.F.);
#16804 = EDGE_LOOP('',(#16805,#16806,#16807,#16808));
#16805 = ORIENTED_EDGE('',*,*,#14267,.F.);
#16806 = ORIENTED_EDGE('',*,*,#14187,.T.);
#16807 = ORIENTED_EDGE('',*,*,#14219,.T.);
#16808 = ORIENTED_EDGE('',*,*,#14242,.F.);
#16809 = PLANE('',#16810);
#16810 = AXIS2_PLACEMENT_3D('',#16811,#16812,#16813);
#16811 = CARTESIAN_POINT('',(6.886268108622,4.31809858999,13.6));
#16812 = DIRECTION('',(0.,0.,1.));
#16813 = DIRECTION('',(1.,0.,0.));
#16814 = ADVANCED_FACE('',(#16815),#16821,.F.);
#16815 = FACE_BOUND('',#16816,.F.);
#16816 = EDGE_LOOP('',(#16817,#16818,#16819,#16820));
#16817 = ORIENTED_EDGE('',*,*,#14363,.F.);
#16818 = ORIENTED_EDGE('',*,*,#14283,.T.);
#16819 = ORIENTED_EDGE('',*,*,#14315,.T.);
#16820 = ORIENTED_EDGE('',*,*,#14338,.F.);
#16821 = PLANE('',#16822);
#16822 = AXIS2_PLACEMENT_3D('',#16823,#16824,#16825);
#16823 = CARTESIAN_POINT('',(2.188414940433,6.652827051597,13.6));
#16824 = DIRECTION('',(0.,0.,1.));
#16825 = DIRECTION('',(1.,0.,0.));
#16826 = ADVANCED_FACE('',(#16827),#16833,.F.);
#16827 = FACE_BOUND('',#16828,.F.);
#16828 = EDGE_LOOP('',(#16829,#16830,#16831,#16832));
#16829 = ORIENTED_EDGE('',*,*,#14459,.F.);
#16830 = ORIENTED_EDGE('',*,*,#14379,.T.);
#16831 = ORIENTED_EDGE('',*,*,#14411,.T.);
#16832 = ORIENTED_EDGE('',*,*,#14434,.F.);
#16833 = PLANE('',#16834);
#16834 = AXIS2_PLACEMENT_3D('',#16835,#16836,#16837);
#16835 = CARTESIAN_POINT('',(11.098886656977,5.035291648879,11.15));
#16836 = DIRECTION('',(0.,0.,1.));
#16837 = DIRECTION('',(1.,0.,0.));
#16838 = ADVANCED_FACE('',(#16839),#16845,.F.);
#16839 = FACE_BOUND('',#16840,.F.);
#16840 = EDGE_LOOP('',(#16841,#16842,#16843,#16844));
#16841 = ORIENTED_EDGE('',*,*,#14555,.F.);
#16842 = ORIENTED_EDGE('',*,*,#14475,.T.);
#16843 = ORIENTED_EDGE('',*,*,#14507,.T.);
#16844 = ORIENTED_EDGE('',*,*,#14530,.F.);
#16845 = PLANE('',#16846);
#16846 = AXIS2_PLACEMENT_3D('',#16847,#16848,#16849);
#16847 = CARTESIAN_POINT('',(6.432694864744,9.774633614044,13.6));
#16848 = DIRECTION('',(0.,0.,1.));
#16849 = DIRECTION('',(-1.,-1.224646799147E-16,0.));
#16850 = ADVANCED_FACE('',(#16851),#16857,.F.);
#16851 = FACE_BOUND('',#16852,.F.);
#16852 = EDGE_LOOP('',(#16853,#16854,#16855,#16856));
#16853 = ORIENTED_EDGE('',*,*,#14651,.F.);
#16854 = ORIENTED_EDGE('',*,*,#14571,.T.);
#16855 = ORIENTED_EDGE('',*,*,#14603,.T.);
#16856 = ORIENTED_EDGE('',*,*,#14626,.F.);
#16857 = PLANE('',#16858);
#16858 = AXIS2_PLACEMENT_3D('',#16859,#16860,#16861);
#16859 = CARTESIAN_POINT('',(7.897775211905,10.931341402365,13.6));
#16860 = DIRECTION('',(0.,0.,1.));
#16861 = DIRECTION('',(1.110223024625E-16,-1.,0.));
#16862 = ADVANCED_FACE('',(#16863),#16869,.F.);
#16863 = FACE_BOUND('',#16864,.F.);
#16864 = EDGE_LOOP('',(#16865,#16866,#16867,#16868));
#16865 = ORIENTED_EDGE('',*,*,#14747,.F.);
#16866 = ORIENTED_EDGE('',*,*,#14667,.T.);
#16867 = ORIENTED_EDGE('',*,*,#14699,.T.);
#16868 = ORIENTED_EDGE('',*,*,#14722,.F.);
#16869 = PLANE('',#16870);
#16870 = AXIS2_PLACEMENT_3D('',#16871,#16872,#16873);
#16871 = CARTESIAN_POINT('',(5.047162590549,11.735293496233,13.25));
#16872 = DIRECTION('',(0.,0.,1.));
#16873 = DIRECTION('',(1.110223024625E-16,-1.,0.));
#16874 = ADVANCED_FACE('',(#16875),#16881,.F.);
#16875 = FACE_BOUND('',#16876,.F.);
#16876 = EDGE_LOOP('',(#16877,#16878,#16879,#16880));
#16877 = ORIENTED_EDGE('',*,*,#14843,.F.);
#16878 = ORIENTED_EDGE('',*,*,#14763,.T.);
#16879 = ORIENTED_EDGE('',*,*,#14795,.T.);
#16880 = ORIENTED_EDGE('',*,*,#14818,.F.);
#16881 = PLANE('',#16882);
#16882 = AXIS2_PLACEMENT_3D('',#16883,#16884,#16885);
#16883 = CARTESIAN_POINT('',(9.362175274752,12.250053060221,13.6));
#16884 = DIRECTION('',(0.,0.,1.));
#16885 = DIRECTION('',(1.110223024625E-16,-1.,0.));
#16886 = ADVANCED_FACE('',(#16887),#16893,.F.);
#16887 = FACE_BOUND('',#16888,.F.);
#16888 = EDGE_LOOP('',(#16889,#16890,#16891,#16892));
#16889 = ORIENTED_EDGE('',*,*,#14939,.F.);
#16890 = ORIENTED_EDGE('',*,*,#14859,.T.);
#16891 = ORIENTED_EDGE('',*,*,#14891,.T.);
#16892 = ORIENTED_EDGE('',*,*,#14914,.F.);
#16893 = PLANE('',#16894);
#16894 = AXIS2_PLACEMENT_3D('',#16895,#16896,#16897);
#16895 = CARTESIAN_POINT('',(2.748405348451,15.538074095734,12.75));
#16896 = DIRECTION('',(0.,0.,1.));
#16897 = DIRECTION('',(1.110223024625E-16,-1.,0.));
#16898 = ADVANCED_FACE('',(#16899),#16905,.T.);
#16899 = FACE_BOUND('',#16900,.T.);
#16900 = EDGE_LOOP('',(#16901,#16902,#16903,#16904));
#16901 = ORIENTED_EDGE('',*,*,#15054,.F.);
#16902 = ORIENTED_EDGE('',*,*,#14981,.T.);
#16903 = ORIENTED_EDGE('',*,*,#15013,.T.);
#16904 = ORIENTED_EDGE('',*,*,#15036,.F.);
#16905 = PLANE('',#16906);
#16906 = AXIS2_PLACEMENT_3D('',#16907,#16908,#16909);
#16907 = CARTESIAN_POINT('',(5.864753581438,-16.56132796974,17.85));
#16908 = DIRECTION('',(0.,0.,1.));
#16909 = DIRECTION('',(1.,0.,0.));
#16910 = ADVANCED_FACE('',(#16911),#16917,.T.);
#16911 = FACE_BOUND('',#16912,.T.);
#16912 = EDGE_LOOP('',(#16913,#16914,#16915,#16916));
#16913 = ORIENTED_EDGE('',*,*,#15150,.F.);
#16914 = ORIENTED_EDGE('',*,*,#15077,.T.);
#16915 = ORIENTED_EDGE('',*,*,#15109,.T.);
#16916 = ORIENTED_EDGE('',*,*,#15132,.F.);
#16917 = PLANE('',#16918);
#16918 = AXIS2_PLACEMENT_3D('',#16919,#16920,#16921);
#16919 = CARTESIAN_POINT('',(9.776753581438,-15.56132796974,16.5));
#16920 = DIRECTION('',(0.,0.,1.));
#16921 = DIRECTION('',(1.,0.,0.));
#16922 = ADVANCED_FACE('',(#16923),#16929,.T.);
#16923 = FACE_BOUND('',#16924,.T.);
#16924 = EDGE_LOOP('',(#16925,#16926,#16927,#16928));
#16925 = ORIENTED_EDGE('',*,*,#15246,.F.);
#16926 = ORIENTED_EDGE('',*,*,#15173,.T.);
#16927 = ORIENTED_EDGE('',*,*,#15205,.T.);
#16928 = ORIENTED_EDGE('',*,*,#15228,.F.);
#16929 = PLANE('',#16930);
#16930 = AXIS2_PLACEMENT_3D('',#16931,#16932,#16933);
#16931 = CARTESIAN_POINT('',(7.864044581438,-14.31132796974,16.85));
#16932 = DIRECTION('',(0.,0.,1.));
#16933 = DIRECTION('',(1.,0.,0.));
#16934 = ADVANCED_FACE('',(#16935),#16941,.T.);
#16935 = FACE_BOUND('',#16936,.T.);
#16936 = EDGE_LOOP('',(#16937,#16938,#16939,#16940));
#16937 = ORIENTED_EDGE('',*,*,#15342,.F.);
#16938 = ORIENTED_EDGE('',*,*,#15269,.T.);
#16939 = ORIENTED_EDGE('',*,*,#15301,.T.);
#16940 = ORIENTED_EDGE('',*,*,#15324,.F.);
#16941 = PLANE('',#16942);
#16942 = AXIS2_PLACEMENT_3D('',#16943,#16944,#16945);
#16943 = CARTESIAN_POINT('',(6.234753581438,-10.90332796974,16.5));
#16944 = DIRECTION('',(0.,0.,1.));
#16945 = DIRECTION('',(1.110223024625E-16,-1.,0.));
#16946 = ADVANCED_FACE('',(#16947),#16953,.T.);
#16947 = FACE_BOUND('',#16948,.T.);
#16948 = EDGE_LOOP('',(#16949,#16950,#16951,#16952));
#16949 = ORIENTED_EDGE('',*,*,#15438,.F.);
#16950 = ORIENTED_EDGE('',*,*,#15365,.T.);
#16951 = ORIENTED_EDGE('',*,*,#15397,.T.);
#16952 = ORIENTED_EDGE('',*,*,#15420,.F.);
#16953 = PLANE('',#16954);
#16954 = AXIS2_PLACEMENT_3D('',#16955,#16956,#16957);
#16955 = CARTESIAN_POINT('',(-7.437351136463,10.250738954606,17.85));
#16956 = DIRECTION('',(0.,0.,1.));
#16957 = DIRECTION('',(1.,0.,0.));
#16958 = ADVANCED_FACE('',(#16959),#16965,.T.);
#16959 = FACE_BOUND('',#16960,.T.);
#16960 = EDGE_LOOP('',(#16961,#16962,#16963,#16964));
#16961 = ORIENTED_EDGE('',*,*,#15534,.F.);
#16962 = ORIENTED_EDGE('',*,*,#15461,.T.);
#16963 = ORIENTED_EDGE('',*,*,#15493,.T.);
#16964 = ORIENTED_EDGE('',*,*,#15516,.F.);
#16965 = PLANE('',#16966);
#16966 = AXIS2_PLACEMENT_3D('',#16967,#16968,#16969);
#16967 = CARTESIAN_POINT('',(-8.109351136463,17.914738954606,20.85));
#16968 = DIRECTION('',(0.,0.,1.));
#16969 = DIRECTION('',(1.110223024625E-16,-1.,0.));
#16970 = ADVANCED_FACE('',(#16971),#16977,.T.);
#16971 = FACE_BOUND('',#16972,.T.);
#16972 = EDGE_LOOP('',(#16973,#16974,#16975,#16976));
#16973 = ORIENTED_EDGE('',*,*,#15630,.F.);
#16974 = ORIENTED_EDGE('',*,*,#15557,.T.);
#16975 = ORIENTED_EDGE('',*,*,#15589,.T.);
#16976 = ORIENTED_EDGE('',*,*,#15612,.F.);
#16977 = PLANE('',#16978);
#16978 = AXIS2_PLACEMENT_3D('',#16979,#16980,#16981);
#16979 = CARTESIAN_POINT('',(0.782648863537,11.776138954606,17.85));
#16980 = DIRECTION('',(0.,0.,1.));
#16981 = DIRECTION('',(-1.,-1.224646799147E-16,0.));
#16982 = ADVANCED_FACE('',(#16983),#16989,.T.);
#16983 = FACE_BOUND('',#16984,.T.);
#16984 = EDGE_LOOP('',(#16985,#16986,#16987,#16988));
#16985 = ORIENTED_EDGE('',*,*,#15726,.F.);
#16986 = ORIENTED_EDGE('',*,*,#15653,.T.);
#16987 = ORIENTED_EDGE('',*,*,#15685,.T.);
#16988 = ORIENTED_EDGE('',*,*,#15708,.F.);
#16989 = PLANE('',#16990);
#16990 = AXIS2_PLACEMENT_3D('',#16991,#16992,#16993);
#16991 = CARTESIAN_POINT('',(0.782648863537,13.655738954606,17.85));
#16992 = DIRECTION('',(0.,0.,1.));
#16993 = DIRECTION('',(-1.,-1.224646799147E-16,0.));
#16994 = ADVANCED_FACE('',(#16995),#17001,.T.);
#16995 = FACE_BOUND('',#16996,.T.);
#16996 = EDGE_LOOP('',(#16997,#16998,#16999,#17000));
#16997 = ORIENTED_EDGE('',*,*,#15822,.F.);
#16998 = ORIENTED_EDGE('',*,*,#15749,.T.);
#16999 = ORIENTED_EDGE('',*,*,#15781,.T.);
#17000 = ORIENTED_EDGE('',*,*,#15804,.F.);
#17001 = PLANE('',#17002);
#17002 = AXIS2_PLACEMENT_3D('',#17003,#17004,#17005);
#17003 = CARTESIAN_POINT('',(-1.968351136463,16.024738954606,16.5));
#17004 = DIRECTION('',(0.,0.,1.));
#17005 = DIRECTION('',(1.110223024625E-16,-1.,0.));
#17006 = ADVANCED_FACE('',(#17007),#17013,.T.);
#17007 = FACE_BOUND('',#17008,.T.);
#17008 = EDGE_LOOP('',(#17009,#17010,#17011,#17012));
#17009 = ORIENTED_EDGE('',*,*,#15918,.F.);
#17010 = ORIENTED_EDGE('',*,*,#15845,.T.);
#17011 = ORIENTED_EDGE('',*,*,#15877,.T.);
#17012 = ORIENTED_EDGE('',*,*,#15900,.F.);
#17013 = PLANE('',#17014);
#17014 = AXIS2_PLACEMENT_3D('',#17015,#17016,#17017);
#17015 = CARTESIAN_POINT('',(0.909648863537,14.485338954606,16.5));
#17016 = DIRECTION('',(0.,0.,1.));
#17017 = DIRECTION('',(-2.22044604925E-16,1.,0.));
#17018 = ADVANCED_FACE('',(#17019),#17025,.T.);
#17019 = FACE_BOUND('',#17020,.T.);
#17020 = EDGE_LOOP('',(#17021,#17022,#17023,#17024));
#17021 = ORIENTED_EDGE('',*,*,#16014,.F.);
#17022 = ORIENTED_EDGE('',*,*,#15941,.T.);
#17023 = ORIENTED_EDGE('',*,*,#15973,.T.);
#17024 = ORIENTED_EDGE('',*,*,#15996,.F.);
#17025 = PLANE('',#17026);
#17026 = AXIS2_PLACEMENT_3D('',#17027,#17028,#17029);
#17027 = CARTESIAN_POINT('',(0.909648863537,17.558738954606,16.5));
#17028 = DIRECTION('',(0.,0.,1.));
#17029 = DIRECTION('',(-2.22044604925E-16,1.,0.));
#17030 = ( GEOMETRIC_REPRESENTATION_CONTEXT(3) 
GLOBAL_UNCERTAINTY_ASSIGNED_CONTEXT((#17034)) 
GLOBAL_UNIT_ASSIGNED_CONTEXT((#17031,#17032,#17033)) 
REPRESENTATION_CONTEXT('Context #1',
  '3D Context with UNIT and UNCERTAINTY') );
#17031 = ( LENGTH_UNIT() NAMED_UNIT(*) SI_UNIT(.MILLI.,.METRE.) );
#17032 = ( NAMED_UNIT(*) PLANE_ANGLE_UNIT() SI_UNIT($,.RADIAN.) );
#17033 = ( NAMED_UNIT(*) SI_UNIT($,.STERADIAN.) SOLID_ANGLE_UNIT() );
#17034 = UNCERTAINTY_MEASURE_WITH_UNIT(LENGTH_MEASURE(1.E-07),#17031,
  'distance_accuracy_value','confusion accuracy');
#17035 = PRODUCT_RELATED_PRODUCT_CATEGORY('part',$,(#7));
ENDSEC;
END-ISO-10303-21;
