ISO-10303-21;
HEADER;
FILE_DESCRIPTION(('FreeCAD Model'),'2;1');
FILE_NAME('Open CASCADE Shape Model','2026-09-07T16:37:35',('FreeCAD'),(
    'FreeCAD'),'Open CASCADE STEP processor 7.8','FreeCAD','Unknown');
FILE_SCHEMA(('AUTOMOTIVE_DESIGN { 1 0 10303 214 1 1 1 1 }'));
ENDSEC;
DATA;
#1 = APPLICATION_PROTOCOL_DEFINITION('international standard',
  'automotive_design',2000,#2);
#2 = APPLICATION_CONTEXT(
  'core data for automotive mechanical design processes');
#3 = SHAPE_DEFINITION_REPRESENTATION(#4,#10);
#4 = PRODUCT_DEFINITION_SHAPE('','',#5);
#5 = PRODUCT_DEFINITION('design','',#6,#9);
#6 = PRODUCT_DEFINITION_FORMATION('','',#7);
#7 = PRODUCT('Open CASCADE STEP translator 7.8 1',
  'Open CASCADE STEP translator 7.8 1','',(#8));
#8 = PRODUCT_CONTEXT('',#2,'mechanical');
#9 = PRODUCT_DEFINITION_CONTEXT('part definition',#2,'design');
#10 = SHAPE_REPRESENTATION('',(#11,#15,#248,#301,#354,#504,#557,#707,
    #857,#1007,#1157,#1307,#1457,#1607,#1757,#1907,#2057,#2207,#2357,
    #2507,#2657,#2807,#2957,#3107,#3257,#3407,#3557,#3707,#3857,#4007,
    #4157,#4307,#4457,#4607,#4757,#4907,#5057,#5207,#5357,#5507,#5657,
    #5807,#5957,#6107,#6257,#6407,#6557,#6707,#6857,#7007,#7157,#7307,
    #7457,#7607,#7757,#7907,#8057,#8207,#8357,#8507,#8657,#8807,#8957,
    #9107,#9257,#9407,#9557,#9707,#9857,#10007,#10157,#10307,#10457,
    #10607,#10757,#10907,#11057,#11207,#11357,#11507,#11657,#11866,
    #13224),#14818);
#11 = AXIS2_PLACEMENT_3D('',#12,#13,#14);
#12 = CARTESIAN_POINT('',(0.,0.,0.));
#13 = DIRECTION('',(0.,0.,1.));
#14 = DIRECTION('',(1.,0.,-0.));
#15 = MANIFOLD_SOLID_BREP('',#16);
#16 = CLOSED_SHELL('',(#17,#45,#70,#95,#125,#155,#180,#205,#230,#239));
#17 = ADVANCED_FACE('',(#18,#29),#40,.F.);
#18 = FACE_BOUND('',#19,.T.);
#19 = EDGE_LOOP('',(#20));
#20 = ORIENTED_EDGE('',*,*,#21,.F.);
#21 = EDGE_CURVE('',#22,#22,#24,.T.);
#22 = VERTEX_POINT('',#23);
#23 = CARTESIAN_POINT('',(35.7,0.,0.));
#24 = CIRCLE('',#25,35.7);
#25 = AXIS2_PLACEMENT_3D('',#26,#27,#28);
#26 = CARTESIAN_POINT('',(0.,0.,0.));
#27 = DIRECTION('',(0.,0.,1.));
#28 = DIRECTION('',(1.,0.,-0.));
#29 = FACE_BOUND('',#30,.T.);
#30 = EDGE_LOOP('',(#31));
#31 = ORIENTED_EDGE('',*,*,#32,.T.);
#32 = EDGE_CURVE('',#33,#33,#35,.T.);
#33 = VERTEX_POINT('',#34);
#34 = CARTESIAN_POINT('',(35.,0.,0.));
#35 = CIRCLE('',#36,35.);
#36 = AXIS2_PLACEMENT_3D('',#37,#38,#39);
#37 = CARTESIAN_POINT('',(0.,0.,0.));
#38 = DIRECTION('',(0.,0.,1.));
#39 = DIRECTION('',(1.,0.,-0.));
#40 = PLANE('',#41);
#41 = AXIS2_PLACEMENT_3D('',#42,#43,#44);
#42 = CARTESIAN_POINT('',(0.,0.,0.));
#43 = DIRECTION('',(0.,0.,1.));
#44 = DIRECTION('',(1.,0.,-0.));
#45 = ADVANCED_FACE('',(#46),#65,.T.);
#46 = FACE_BOUND('',#47,.T.);
#47 = EDGE_LOOP('',(#48,#49,#57,#64));
#48 = ORIENTED_EDGE('',*,*,#21,.T.);
#49 = ORIENTED_EDGE('',*,*,#50,.T.);
#50 = EDGE_CURVE('',#22,#51,#53,.T.);
#51 = VERTEX_POINT('',#52);
#52 = CARTESIAN_POINT('',(35.7,0.,5.));
#53 = LINE('',#54,#55);
#54 = CARTESIAN_POINT('',(35.7,0.,0.));
#55 = VECTOR('',#56,1.);
#56 = DIRECTION('',(0.,0.,1.));
#57 = ORIENTED_EDGE('',*,*,#58,.F.);
#58 = EDGE_CURVE('',#51,#51,#59,.T.);
#59 = CIRCLE('',#60,35.7);
#60 = AXIS2_PLACEMENT_3D('',#61,#62,#63);
#61 = CARTESIAN_POINT('',(0.,0.,5.));
#62 = DIRECTION('',(0.,0.,1.));
#63 = DIRECTION('',(1.,0.,-0.));
#64 = ORIENTED_EDGE('',*,*,#50,.F.);
#65 = CYLINDRICAL_SURFACE('',#66,35.7);
#66 = AXIS2_PLACEMENT_3D('',#67,#68,#69);
#67 = CARTESIAN_POINT('',(0.,0.,0.));
#68 = DIRECTION('',(0.,0.,1.));
#69 = DIRECTION('',(1.,0.,-0.));
#70 = ADVANCED_FACE('',(#71),#90,.F.);
#71 = FACE_BOUND('',#72,.F.);
#72 = EDGE_LOOP('',(#73,#81,#82,#83));
#73 = ORIENTED_EDGE('',*,*,#74,.F.);
#74 = EDGE_CURVE('',#33,#75,#77,.T.);
#75 = VERTEX_POINT('',#76);
#76 = CARTESIAN_POINT('',(35.,0.,5.));
#77 = LINE('',#78,#79);
#78 = CARTESIAN_POINT('',(35.,0.,0.));
#79 = VECTOR('',#80,1.);
#80 = DIRECTION('',(0.,0.,1.));
#81 = ORIENTED_EDGE('',*,*,#32,.T.);
#82 = ORIENTED_EDGE('',*,*,#74,.T.);
#83 = ORIENTED_EDGE('',*,*,#84,.F.);
#84 = EDGE_CURVE('',#75,#75,#85,.T.);
#85 = CIRCLE('',#86,35.);
#86 = AXIS2_PLACEMENT_3D('',#87,#88,#89);
#87 = CARTESIAN_POINT('',(0.,0.,5.));
#88 = DIRECTION('',(0.,0.,1.));
#89 = DIRECTION('',(1.,0.,-0.));
#90 = CYLINDRICAL_SURFACE('',#91,35.);
#91 = AXIS2_PLACEMENT_3D('',#92,#93,#94);
#92 = CARTESIAN_POINT('',(0.,0.,0.));
#93 = DIRECTION('',(0.,0.,1.));
#94 = DIRECTION('',(1.,0.,-0.));
#95 = ADVANCED_FACE('',(#96),#116,.T.);
#96 = FACE_BOUND('',#97,.T.);
#97 = EDGE_LOOP('',(#98,#99,#108,#115));
#98 = ORIENTED_EDGE('',*,*,#58,.T.);
#99 = ORIENTED_EDGE('',*,*,#100,.T.);
#100 = EDGE_CURVE('',#51,#101,#103,.T.);
#101 = VERTEX_POINT('',#102);
#102 = CARTESIAN_POINT('',(25.7,0.,13.));
#103 = B_SPLINE_CURVE_WITH_KNOTS('',3,(#104,#105,#106,#107),
  .UNSPECIFIED.,.F.,.F.,(4,4),(0.,1.),.PIECEWISE_BEZIER_KNOTS.);
#104 = CARTESIAN_POINT('',(35.7,0.,5.));
#105 = CARTESIAN_POINT('',(35.7,0.,7.666666666667));
#106 = CARTESIAN_POINT('',(26.411111111111,0.,10.333333333333));
#107 = CARTESIAN_POINT('',(25.7,0.,13.));
#108 = ORIENTED_EDGE('',*,*,#109,.F.);
#109 = EDGE_CURVE('',#101,#101,#110,.T.);
#110 = CIRCLE('',#111,25.7);
#111 = AXIS2_PLACEMENT_3D('',#112,#113,#114);
#112 = CARTESIAN_POINT('',(0.,0.,13.));
#113 = DIRECTION('',(0.,0.,1.));
#114 = DIRECTION('',(1.,0.,-0.));
#115 = ORIENTED_EDGE('',*,*,#100,.F.);
#116 = SURFACE_OF_REVOLUTION('',#117,#122);
#117 = B_SPLINE_CURVE_WITH_KNOTS('',3,(#118,#119,#120,#121),
  .UNSPECIFIED.,.F.,.F.,(4,4),(0.,1.),.PIECEWISE_BEZIER_KNOTS.);
#118 = CARTESIAN_POINT('',(35.7,0.,5.));
#119 = CARTESIAN_POINT('',(35.7,0.,7.666666666667));
#120 = CARTESIAN_POINT('',(26.411111111111,0.,10.333333333333));
#121 = CARTESIAN_POINT('',(25.7,0.,13.));
#122 = AXIS1_PLACEMENT('',#123,#124);
#123 = CARTESIAN_POINT('',(0.,0.,0.));
#124 = DIRECTION('',(0.,0.,1.));
#125 = ADVANCED_FACE('',(#126),#146,.F.);
#126 = FACE_BOUND('',#127,.F.);
#127 = EDGE_LOOP('',(#128,#129,#138,#145));
#128 = ORIENTED_EDGE('',*,*,#84,.T.);
#129 = ORIENTED_EDGE('',*,*,#130,.T.);
#130 = EDGE_CURVE('',#75,#131,#133,.T.);
#131 = VERTEX_POINT('',#132);
#132 = CARTESIAN_POINT('',(25.,0.,13.));
#133 = B_SPLINE_CURVE_WITH_KNOTS('',3,(#134,#135,#136,#137),
  .UNSPECIFIED.,.F.,.F.,(4,4),(0.,1.),.PIECEWISE_BEZIER_KNOTS.);
#134 = CARTESIAN_POINT('',(35.,0.,5.));
#135 = CARTESIAN_POINT('',(35.,0.,7.666666666667));
#136 = CARTESIAN_POINT('',(25.711111111111,0.,10.333333333333));
#137 = CARTESIAN_POINT('',(25.,0.,13.));
#138 = ORIENTED_EDGE('',*,*,#139,.F.);
#139 = EDGE_CURVE('',#131,#131,#140,.T.);
#140 = CIRCLE('',#141,25.);
#141 = AXIS2_PLACEMENT_3D('',#142,#143,#144);
#142 = CARTESIAN_POINT('',(0.,0.,13.));
#143 = DIRECTION('',(0.,0.,1.));
#144 = DIRECTION('',(1.,0.,-0.));
#145 = ORIENTED_EDGE('',*,*,#130,.F.);
#146 = SURFACE_OF_REVOLUTION('',#147,#152);
#147 = B_SPLINE_CURVE_WITH_KNOTS('',3,(#148,#149,#150,#151),
  .UNSPECIFIED.,.F.,.F.,(4,4),(0.,1.),.PIECEWISE_BEZIER_KNOTS.);
#148 = CARTESIAN_POINT('',(35.,0.,5.));
#149 = CARTESIAN_POINT('',(35.,0.,7.666666666667));
#150 = CARTESIAN_POINT('',(25.711111111111,0.,10.333333333333));
#151 = CARTESIAN_POINT('',(25.,0.,13.));
#152 = AXIS1_PLACEMENT('',#153,#154);
#153 = CARTESIAN_POINT('',(0.,0.,0.));
#154 = DIRECTION('',(0.,0.,1.));
#155 = ADVANCED_FACE('',(#156),#175,.T.);
#156 = FACE_BOUND('',#157,.T.);
#157 = EDGE_LOOP('',(#158,#159,#167,#174));
#158 = ORIENTED_EDGE('',*,*,#109,.T.);
#159 = ORIENTED_EDGE('',*,*,#160,.T.);
#160 = EDGE_CURVE('',#101,#161,#163,.T.);
#161 = VERTEX_POINT('',#162);
#162 = CARTESIAN_POINT('',(17.7,0.,43.));
#163 = LINE('',#164,#165);
#164 = CARTESIAN_POINT('',(25.7,0.,13.));
#165 = VECTOR('',#166,1.);
#166 = DIRECTION('',(-0.25766265056,0.,0.966234939601));
#167 = ORIENTED_EDGE('',*,*,#168,.F.);
#168 = EDGE_CURVE('',#161,#161,#169,.T.);
#169 = CIRCLE('',#170,17.7);
#170 = AXIS2_PLACEMENT_3D('',#171,#172,#173);
#171 = CARTESIAN_POINT('',(0.,0.,43.));
#172 = DIRECTION('',(0.,0.,1.));
#173 = DIRECTION('',(1.,0.,-0.));
#174 = ORIENTED_EDGE('',*,*,#160,.F.);
#175 = CONICAL_SURFACE('',#176,25.7,0.260602391747);
#176 = AXIS2_PLACEMENT_3D('',#177,#178,#179);
#177 = CARTESIAN_POINT('',(0.,0.,13.));
#178 = DIRECTION('',(-0.,-0.,-1.));
#179 = DIRECTION('',(1.,0.,-0.));
#180 = ADVANCED_FACE('',(#181),#200,.F.);
#181 = FACE_BOUND('',#182,.F.);
#182 = EDGE_LOOP('',(#183,#184,#192,#199));
#183 = ORIENTED_EDGE('',*,*,#139,.T.);
#184 = ORIENTED_EDGE('',*,*,#185,.T.);
#185 = EDGE_CURVE('',#131,#186,#188,.T.);
#186 = VERTEX_POINT('',#187);
#187 = CARTESIAN_POINT('',(17.,0.,43.));
#188 = LINE('',#189,#190);
#189 = CARTESIAN_POINT('',(25.,0.,13.));
#190 = VECTOR('',#191,1.);
#191 = DIRECTION('',(-0.25766265056,0.,0.966234939601));
#192 = ORIENTED_EDGE('',*,*,#193,.F.);
#193 = EDGE_CURVE('',#186,#186,#194,.T.);
#194 = CIRCLE('',#195,17.);
#195 = AXIS2_PLACEMENT_3D('',#196,#197,#198);
#196 = CARTESIAN_POINT('',(0.,0.,43.));
#197 = DIRECTION('',(0.,0.,1.));
#198 = DIRECTION('',(1.,0.,-0.));
#199 = ORIENTED_EDGE('',*,*,#185,.F.);
#200 = CONICAL_SURFACE('',#201,25.,0.260602391747);
#201 = AXIS2_PLACEMENT_3D('',#202,#203,#204);
#202 = CARTESIAN_POINT('',(0.,0.,13.));
#203 = DIRECTION('',(-0.,-0.,-1.));
#204 = DIRECTION('',(1.,0.,-0.));
#205 = ADVANCED_FACE('',(#206),#225,.T.);
#206 = FACE_BOUND('',#207,.T.);
#207 = EDGE_LOOP('',(#208,#209,#217,#224));
#208 = ORIENTED_EDGE('',*,*,#168,.T.);
#209 = ORIENTED_EDGE('',*,*,#210,.T.);
#210 = EDGE_CURVE('',#161,#211,#213,.T.);
#211 = VERTEX_POINT('',#212);
#212 = CARTESIAN_POINT('',(17.7,0.,44.));
#213 = LINE('',#214,#215);
#214 = CARTESIAN_POINT('',(17.7,0.,43.));
#215 = VECTOR('',#216,1.);
#216 = DIRECTION('',(0.,0.,1.));
#217 = ORIENTED_EDGE('',*,*,#218,.F.);
#218 = EDGE_CURVE('',#211,#211,#219,.T.);
#219 = CIRCLE('',#220,17.7);
#220 = AXIS2_PLACEMENT_3D('',#221,#222,#223);
#221 = CARTESIAN_POINT('',(0.,0.,44.));
#222 = DIRECTION('',(0.,0.,1.));
#223 = DIRECTION('',(1.,0.,-0.));
#224 = ORIENTED_EDGE('',*,*,#210,.F.);
#225 = CYLINDRICAL_SURFACE('',#226,17.7);
#226 = AXIS2_PLACEMENT_3D('',#227,#228,#229);
#227 = CARTESIAN_POINT('',(0.,0.,43.));
#228 = DIRECTION('',(0.,0.,1.));
#229 = DIRECTION('',(1.,0.,-0.));
#230 = ADVANCED_FACE('',(#231),#234,.F.);
#231 = FACE_BOUND('',#232,.F.);
#232 = EDGE_LOOP('',(#233));
#233 = ORIENTED_EDGE('',*,*,#193,.T.);
#234 = PLANE('',#235);
#235 = AXIS2_PLACEMENT_3D('',#236,#237,#238);
#236 = CARTESIAN_POINT('',(0.,0.,43.));
#237 = DIRECTION('',(0.,0.,1.));
#238 = DIRECTION('',(1.,0.,-0.));
#239 = ADVANCED_FACE('',(#240),#243,.T.);
#240 = FACE_BOUND('',#241,.T.);
#241 = EDGE_LOOP('',(#242));
#242 = ORIENTED_EDGE('',*,*,#218,.T.);
#243 = PLANE('',#244);
#244 = AXIS2_PLACEMENT_3D('',#245,#246,#247);
#245 = CARTESIAN_POINT('',(0.,0.,44.));
#246 = DIRECTION('',(0.,0.,1.));
#247 = DIRECTION('',(1.,0.,-0.));
#248 = MANIFOLD_SOLID_BREP('',#249);
#249 = CLOSED_SHELL('',(#250,#283,#292));
#250 = ADVANCED_FACE('',(#251),#278,.T.);
#251 = FACE_BOUND('',#252,.T.);
#252 = EDGE_LOOP('',(#253,#262,#270,#277));
#253 = ORIENTED_EDGE('',*,*,#254,.F.);
#254 = EDGE_CURVE('',#255,#255,#257,.T.);
#255 = VERTEX_POINT('',#256);
#256 = CARTESIAN_POINT('',(8.,-1.959434878636E-15,129.));
#257 = CIRCLE('',#258,8.);
#258 = AXIS2_PLACEMENT_3D('',#259,#260,#261);
#259 = CARTESIAN_POINT('',(0.,0.,129.));
#260 = DIRECTION('',(0.,0.,1.));
#261 = DIRECTION('',(1.,0.,-0.));
#262 = ORIENTED_EDGE('',*,*,#263,.F.);
#263 = EDGE_CURVE('',#264,#255,#266,.T.);
#264 = VERTEX_POINT('',#265);
#265 = CARTESIAN_POINT('',(8.,-1.959434878636E-15,44.));
#266 = LINE('',#267,#268);
#267 = CARTESIAN_POINT('',(8.,-1.959434878636E-15,44.));
#268 = VECTOR('',#269,1.);
#269 = DIRECTION('',(0.,0.,1.));
#270 = ORIENTED_EDGE('',*,*,#271,.T.);
#271 = EDGE_CURVE('',#264,#264,#272,.T.);
#272 = CIRCLE('',#273,8.);
#273 = AXIS2_PLACEMENT_3D('',#274,#275,#276);
#274 = CARTESIAN_POINT('',(0.,0.,44.));
#275 = DIRECTION('',(0.,0.,1.));
#276 = DIRECTION('',(1.,0.,-0.));
#277 = ORIENTED_EDGE('',*,*,#263,.T.);
#278 = CYLINDRICAL_SURFACE('',#279,8.);
#279 = AXIS2_PLACEMENT_3D('',#280,#281,#282);
#280 = CARTESIAN_POINT('',(0.,0.,44.));
#281 = DIRECTION('',(0.,0.,1.));
#282 = DIRECTION('',(1.,0.,-0.));
#283 = ADVANCED_FACE('',(#284),#287,.T.);
#284 = FACE_BOUND('',#285,.T.);
#285 = EDGE_LOOP('',(#286));
#286 = ORIENTED_EDGE('',*,*,#254,.T.);
#287 = PLANE('',#288);
#288 = AXIS2_PLACEMENT_3D('',#289,#290,#291);
#289 = CARTESIAN_POINT('',(0.,0.,129.));
#290 = DIRECTION('',(0.,0.,1.));
#291 = DIRECTION('',(1.,0.,-0.));
#292 = ADVANCED_FACE('',(#293),#296,.F.);
#293 = FACE_BOUND('',#294,.T.);
#294 = EDGE_LOOP('',(#295));
#295 = ORIENTED_EDGE('',*,*,#271,.F.);
#296 = PLANE('',#297);
#297 = AXIS2_PLACEMENT_3D('',#298,#299,#300);
#298 = CARTESIAN_POINT('',(0.,0.,44.));
#299 = DIRECTION('',(0.,0.,1.));
#300 = DIRECTION('',(1.,0.,-0.));
#301 = MANIFOLD_SOLID_BREP('',#302);
#302 = CLOSED_SHELL('',(#303,#336,#345));
#303 = ADVANCED_FACE('',(#304),#331,.T.);
#304 = FACE_BOUND('',#305,.T.);
#305 = EDGE_LOOP('',(#306,#315,#323,#330));
#306 = ORIENTED_EDGE('',*,*,#307,.F.);
#307 = EDGE_CURVE('',#308,#308,#310,.T.);
#308 = VERTEX_POINT('',#309);
#309 = CARTESIAN_POINT('',(20.45,-5.008805408513E-15,18.5));
#310 = CIRCLE('',#311,20.45);
#311 = AXIS2_PLACEMENT_3D('',#312,#313,#314);
#312 = CARTESIAN_POINT('',(0.,0.,18.5));
#313 = DIRECTION('',(0.,0.,1.));
#314 = DIRECTION('',(1.,0.,-0.));
#315 = ORIENTED_EDGE('',*,*,#316,.F.);
#316 = EDGE_CURVE('',#317,#308,#319,.T.);
#317 = VERTEX_POINT('',#318);
#318 = CARTESIAN_POINT('',(20.45,-5.008805408513E-15,0.));
#319 = LINE('',#320,#321);
#320 = CARTESIAN_POINT('',(20.45,-5.008805408513E-15,0.));
#321 = VECTOR('',#322,1.);
#322 = DIRECTION('',(0.,0.,1.));
#323 = ORIENTED_EDGE('',*,*,#324,.T.);
#324 = EDGE_CURVE('',#317,#317,#325,.T.);
#325 = CIRCLE('',#326,20.45);
#326 = AXIS2_PLACEMENT_3D('',#327,#328,#329);
#327 = CARTESIAN_POINT('',(0.,0.,0.));
#328 = DIRECTION('',(0.,0.,1.));
#329 = DIRECTION('',(1.,0.,-0.));
#330 = ORIENTED_EDGE('',*,*,#316,.T.);
#331 = CYLINDRICAL_SURFACE('',#332,20.45);
#332 = AXIS2_PLACEMENT_3D('',#333,#334,#335);
#333 = CARTESIAN_POINT('',(0.,0.,0.));
#334 = DIRECTION('',(0.,0.,1.));
#335 = DIRECTION('',(1.,0.,-0.));
#336 = ADVANCED_FACE('',(#337),#340,.T.);
#337 = FACE_BOUND('',#338,.T.);
#338 = EDGE_LOOP('',(#339));
#339 = ORIENTED_EDGE('',*,*,#307,.T.);
#340 = PLANE('',#341);
#341 = AXIS2_PLACEMENT_3D('',#342,#343,#344);
#342 = CARTESIAN_POINT('',(0.,0.,18.5));
#343 = DIRECTION('',(0.,0.,1.));
#344 = DIRECTION('',(1.,0.,-0.));
#345 = ADVANCED_FACE('',(#346),#349,.F.);
#346 = FACE_BOUND('',#347,.T.);
#347 = EDGE_LOOP('',(#348));
#348 = ORIENTED_EDGE('',*,*,#324,.F.);
#349 = PLANE('',#350);
#350 = AXIS2_PLACEMENT_3D('',#351,#352,#353);
#351 = CARTESIAN_POINT('',(0.,0.,0.));
#352 = DIRECTION('',(0.,0.,1.));
#353 = DIRECTION('',(1.,0.,-0.));
#354 = MANIFOLD_SOLID_BREP('',#355);
#355 = CLOSED_SHELL('',(#356,#396,#436,#458,#480,#492));
#356 = ADVANCED_FACE('',(#357),#391,.F.);
#357 = FACE_BOUND('',#358,.F.);
#358 = EDGE_LOOP('',(#359,#369,#377,#385));
#359 = ORIENTED_EDGE('',*,*,#360,.F.);
#360 = EDGE_CURVE('',#361,#363,#365,.T.);
#361 = VERTEX_POINT('',#362);
#362 = CARTESIAN_POINT('',(-10.,-15.,28.));
#363 = VERTEX_POINT('',#364);
#364 = CARTESIAN_POINT('',(-10.,-15.,36.));
#365 = LINE('',#366,#367);
#366 = CARTESIAN_POINT('',(-10.,-15.,28.));
#367 = VECTOR('',#368,1.);
#368 = DIRECTION('',(0.,0.,1.));
#369 = ORIENTED_EDGE('',*,*,#370,.T.);
#370 = EDGE_CURVE('',#361,#371,#373,.T.);
#371 = VERTEX_POINT('',#372);
#372 = CARTESIAN_POINT('',(-10.,15.,28.));
#373 = LINE('',#374,#375);
#374 = CARTESIAN_POINT('',(-10.,-15.,28.));
#375 = VECTOR('',#376,1.);
#376 = DIRECTION('',(-0.,1.,0.));
#377 = ORIENTED_EDGE('',*,*,#378,.T.);
#378 = EDGE_CURVE('',#371,#379,#381,.T.);
#379 = VERTEX_POINT('',#380);
#380 = CARTESIAN_POINT('',(-10.,15.,36.));
#381 = LINE('',#382,#383);
#382 = CARTESIAN_POINT('',(-10.,15.,28.));
#383 = VECTOR('',#384,1.);
#384 = DIRECTION('',(0.,0.,1.));
#385 = ORIENTED_EDGE('',*,*,#386,.F.);
#386 = EDGE_CURVE('',#363,#379,#387,.T.);
#387 = LINE('',#388,#389);
#388 = CARTESIAN_POINT('',(-10.,-15.,36.));
#389 = VECTOR('',#390,1.);
#390 = DIRECTION('',(-0.,1.,0.));
#391 = PLANE('',#392);
#392 = AXIS2_PLACEMENT_3D('',#393,#394,#395);
#393 = CARTESIAN_POINT('',(-10.,-15.,28.));
#394 = DIRECTION('',(1.,0.,-0.));
#395 = DIRECTION('',(0.,0.,1.));
#396 = ADVANCED_FACE('',(#397),#431,.T.);
#397 = FACE_BOUND('',#398,.T.);
#398 = EDGE_LOOP('',(#399,#409,#417,#425));
#399 = ORIENTED_EDGE('',*,*,#400,.F.);
#400 = EDGE_CURVE('',#401,#403,#405,.T.);
#401 = VERTEX_POINT('',#402);
#402 = CARTESIAN_POINT('',(10.,-15.,28.));
#403 = VERTEX_POINT('',#404);
#404 = CARTESIAN_POINT('',(10.,-15.,36.));
#405 = LINE('',#406,#407);
#406 = CARTESIAN_POINT('',(10.,-15.,28.));
#407 = VECTOR('',#408,1.);
#408 = DIRECTION('',(0.,0.,1.));
#409 = ORIENTED_EDGE('',*,*,#410,.T.);
#410 = EDGE_CURVE('',#401,#411,#413,.T.);
#411 = VERTEX_POINT('',#412);
#412 = CARTESIAN_POINT('',(10.,15.,28.));
#413 = LINE('',#414,#415);
#414 = CARTESIAN_POINT('',(10.,-15.,28.));
#415 = VECTOR('',#416,1.);
#416 = DIRECTION('',(-0.,1.,0.));
#417 = ORIENTED_EDGE('',*,*,#418,.T.);
#418 = EDGE_CURVE('',#411,#419,#421,.T.);
#419 = VERTEX_POINT('',#420);
#420 = CARTESIAN_POINT('',(10.,15.,36.));
#421 = LINE('',#422,#423);
#422 = CARTESIAN_POINT('',(10.,15.,28.));
#423 = VECTOR('',#424,1.);
#424 = DIRECTION('',(0.,0.,1.));
#425 = ORIENTED_EDGE('',*,*,#426,.F.);
#426 = EDGE_CURVE('',#403,#419,#427,.T.);
#427 = LINE('',#428,#429);
#428 = CARTESIAN_POINT('',(10.,-15.,36.));
#429 = VECTOR('',#430,1.);
#430 = DIRECTION('',(-0.,1.,0.));
#431 = PLANE('',#432);
#432 = AXIS2_PLACEMENT_3D('',#433,#434,#435);
#433 = CARTESIAN_POINT('',(10.,-15.,28.));
#434 = DIRECTION('',(1.,0.,-0.));
#435 = DIRECTION('',(0.,0.,1.));
#436 = ADVANCED_FACE('',(#437),#453,.F.);
#437 = FACE_BOUND('',#438,.F.);
#438 = EDGE_LOOP('',(#439,#445,#446,#452));
#439 = ORIENTED_EDGE('',*,*,#440,.F.);
#440 = EDGE_CURVE('',#361,#401,#441,.T.);
#441 = LINE('',#442,#443);
#442 = CARTESIAN_POINT('',(-10.,-15.,28.));
#443 = VECTOR('',#444,1.);
#444 = DIRECTION('',(1.,0.,-0.));
#445 = ORIENTED_EDGE('',*,*,#360,.T.);
#446 = ORIENTED_EDGE('',*,*,#447,.T.);
#447 = EDGE_CURVE('',#363,#403,#448,.T.);
#448 = LINE('',#449,#450);
#449 = CARTESIAN_POINT('',(-10.,-15.,36.));
#450 = VECTOR('',#451,1.);
#451 = DIRECTION('',(1.,0.,-0.));
#452 = ORIENTED_EDGE('',*,*,#400,.F.);
#453 = PLANE('',#454);
#454 = AXIS2_PLACEMENT_3D('',#455,#456,#457);
#455 = CARTESIAN_POINT('',(-10.,-15.,28.));
#456 = DIRECTION('',(-0.,1.,0.));
#457 = DIRECTION('',(0.,0.,1.));
#458 = ADVANCED_FACE('',(#459),#475,.T.);
#459 = FACE_BOUND('',#460,.T.);
#460 = EDGE_LOOP('',(#461,#467,#468,#474));
#461 = ORIENTED_EDGE('',*,*,#462,.F.);
#462 = EDGE_CURVE('',#371,#411,#463,.T.);
#463 = LINE('',#464,#465);
#464 = CARTESIAN_POINT('',(-10.,15.,28.));
#465 = VECTOR('',#466,1.);
#466 = DIRECTION('',(1.,0.,-0.));
#467 = ORIENTED_EDGE('',*,*,#378,.T.);
#468 = ORIENTED_EDGE('',*,*,#469,.T.);
#469 = EDGE_CURVE('',#379,#419,#470,.T.);
#470 = LINE('',#471,#472);
#471 = CARTESIAN_POINT('',(-10.,15.,36.));
#472 = VECTOR('',#473,1.);
#473 = DIRECTION('',(1.,0.,-0.));
#474 = ORIENTED_EDGE('',*,*,#418,.F.);
#475 = PLANE('',#476);
#476 = AXIS2_PLACEMENT_3D('',#477,#478,#479);
#477 = CARTESIAN_POINT('',(-10.,15.,28.));
#478 = DIRECTION('',(-0.,1.,0.));
#479 = DIRECTION('',(0.,0.,1.));
#480 = ADVANCED_FACE('',(#481),#487,.F.);
#481 = FACE_BOUND('',#482,.F.);
#482 = EDGE_LOOP('',(#483,#484,#485,#486));
#483 = ORIENTED_EDGE('',*,*,#370,.F.);
#484 = ORIENTED_EDGE('',*,*,#440,.T.);
#485 = ORIENTED_EDGE('',*,*,#410,.T.);
#486 = ORIENTED_EDGE('',*,*,#462,.F.);
#487 = PLANE('',#488);
#488 = AXIS2_PLACEMENT_3D('',#489,#490,#491);
#489 = CARTESIAN_POINT('',(-10.,-15.,28.));
#490 = DIRECTION('',(0.,0.,1.));
#491 = DIRECTION('',(1.,0.,-0.));
#492 = ADVANCED_FACE('',(#493),#499,.T.);
#493 = FACE_BOUND('',#494,.T.);
#494 = EDGE_LOOP('',(#495,#496,#497,#498));
#495 = ORIENTED_EDGE('',*,*,#386,.F.);
#496 = ORIENTED_EDGE('',*,*,#447,.T.);
#497 = ORIENTED_EDGE('',*,*,#426,.T.);
#498 = ORIENTED_EDGE('',*,*,#469,.F.);
#499 = PLANE('',#500);
#500 = AXIS2_PLACEMENT_3D('',#501,#502,#503);
#501 = CARTESIAN_POINT('',(-10.,-15.,36.));
#502 = DIRECTION('',(0.,0.,1.));
#503 = DIRECTION('',(1.,0.,-0.));
#504 = MANIFOLD_SOLID_BREP('',#505);
#505 = CLOSED_SHELL('',(#506,#539,#548));
#506 = ADVANCED_FACE('',(#507),#534,.T.);
#507 = FACE_BOUND('',#508,.T.);
#508 = EDGE_LOOP('',(#509,#518,#526,#533));
#509 = ORIENTED_EDGE('',*,*,#510,.F.);
#510 = EDGE_CURVE('',#511,#511,#513,.T.);
#511 = VERTEX_POINT('',#512);
#512 = CARTESIAN_POINT('',(21.5,-5.265981236334E-15,21.6));
#513 = CIRCLE('',#514,21.5);
#514 = AXIS2_PLACEMENT_3D('',#515,#516,#517);
#515 = CARTESIAN_POINT('',(0.,0.,21.6));
#516 = DIRECTION('',(0.,0.,1.));
#517 = DIRECTION('',(1.,0.,-0.));
#518 = ORIENTED_EDGE('',*,*,#519,.F.);
#519 = EDGE_CURVE('',#520,#511,#522,.T.);
#520 = VERTEX_POINT('',#521);
#521 = CARTESIAN_POINT('',(21.5,-5.265981236334E-15,20.));
#522 = LINE('',#523,#524);
#523 = CARTESIAN_POINT('',(21.5,-5.265981236334E-15,20.));
#524 = VECTOR('',#525,1.);
#525 = DIRECTION('',(0.,0.,1.));
#526 = ORIENTED_EDGE('',*,*,#527,.T.);
#527 = EDGE_CURVE('',#520,#520,#528,.T.);
#528 = CIRCLE('',#529,21.5);
#529 = AXIS2_PLACEMENT_3D('',#530,#531,#532);
#530 = CARTESIAN_POINT('',(0.,0.,20.));
#531 = DIRECTION('',(0.,0.,1.));
#532 = DIRECTION('',(1.,0.,-0.));
#533 = ORIENTED_EDGE('',*,*,#519,.T.);
#534 = CYLINDRICAL_SURFACE('',#535,21.5);
#535 = AXIS2_PLACEMENT_3D('',#536,#537,#538);
#536 = CARTESIAN_POINT('',(0.,0.,20.));
#537 = DIRECTION('',(0.,0.,1.));
#538 = DIRECTION('',(1.,0.,-0.));
#539 = ADVANCED_FACE('',(#540),#543,.T.);
#540 = FACE_BOUND('',#541,.T.);
#541 = EDGE_LOOP('',(#542));
#542 = ORIENTED_EDGE('',*,*,#510,.T.);
#543 = PLANE('',#544);
#544 = AXIS2_PLACEMENT_3D('',#545,#546,#547);
#545 = CARTESIAN_POINT('',(0.,0.,21.6));
#546 = DIRECTION('',(0.,0.,1.));
#547 = DIRECTION('',(1.,0.,-0.));
#548 = ADVANCED_FACE('',(#549),#552,.F.);
#549 = FACE_BOUND('',#550,.T.);
#550 = EDGE_LOOP('',(#551));
#551 = ORIENTED_EDGE('',*,*,#527,.F.);
#552 = PLANE('',#553);
#553 = AXIS2_PLACEMENT_3D('',#554,#555,#556);
#554 = CARTESIAN_POINT('',(0.,0.,20.));
#555 = DIRECTION('',(0.,0.,1.));
#556 = DIRECTION('',(1.,0.,-0.));
#557 = MANIFOLD_SOLID_BREP('',#558);
#558 = CLOSED_SHELL('',(#559,#599,#639,#661,#683,#695));
#559 = ADVANCED_FACE('',(#560),#594,.F.);
#560 = FACE_BOUND('',#561,.F.);
#561 = EDGE_LOOP('',(#562,#572,#580,#588));
#562 = ORIENTED_EDGE('',*,*,#563,.F.);
#563 = EDGE_CURVE('',#564,#566,#568,.T.);
#564 = VERTEX_POINT('',#565);
#565 = CARTESIAN_POINT('',(-3.295011384963,-10.35834820329,21.6));
#566 = VERTEX_POINT('',#567);
#567 = CARTESIAN_POINT('',(-3.295011384963,-10.35834820329,23.6));
#568 = LINE('',#569,#570);
#569 = CARTESIAN_POINT('',(-3.295011384963,-10.35834820329,21.6));
#570 = VECTOR('',#571,1.);
#571 = DIRECTION('',(0.,0.,1.));
#572 = ORIENTED_EDGE('',*,*,#573,.T.);
#573 = EDGE_CURVE('',#564,#574,#576,.T.);
#574 = VERTEX_POINT('',#575);
#575 = CARTESIAN_POINT('',(-1.795011384963,-10.35834820329,21.6));
#576 = LINE('',#577,#578);
#577 = CARTESIAN_POINT('',(-3.295011384963,-10.35834820329,21.6));
#578 = VECTOR('',#579,1.);
#579 = DIRECTION('',(1.,1.110223024625E-16,0.));
#580 = ORIENTED_EDGE('',*,*,#581,.T.);
#581 = EDGE_CURVE('',#574,#582,#584,.T.);
#582 = VERTEX_POINT('',#583);
#583 = CARTESIAN_POINT('',(-1.795011384963,-10.35834820329,23.6));
#584 = LINE('',#585,#586);
#585 = CARTESIAN_POINT('',(-1.795011384963,-10.35834820329,21.6));
#586 = VECTOR('',#587,1.);
#587 = DIRECTION('',(0.,0.,1.));
#588 = ORIENTED_EDGE('',*,*,#589,.F.);
#589 = EDGE_CURVE('',#566,#582,#590,.T.);
#590 = LINE('',#591,#592);
#591 = CARTESIAN_POINT('',(-3.295011384963,-10.35834820329,23.6));
#592 = VECTOR('',#593,1.);
#593 = DIRECTION('',(1.,1.110223024625E-16,0.));
#594 = PLANE('',#595);
#595 = AXIS2_PLACEMENT_3D('',#596,#597,#598);
#596 = CARTESIAN_POINT('',(-3.295011384963,-10.35834820329,21.6));
#597 = DIRECTION('',(1.110223024625E-16,-1.,0.));
#598 = DIRECTION('',(0.,0.,1.));
#599 = ADVANCED_FACE('',(#600),#634,.T.);
#600 = FACE_BOUND('',#601,.T.);
#601 = EDGE_LOOP('',(#602,#612,#620,#628));
#602 = ORIENTED_EDGE('',*,*,#603,.F.);
#603 = EDGE_CURVE('',#604,#606,#608,.T.);
#604 = VERTEX_POINT('',#605);
#605 = CARTESIAN_POINT('',(-3.295011384963,-13.49834820329,21.6));
#606 = VERTEX_POINT('',#607);
#607 = CARTESIAN_POINT('',(-3.295011384963,-13.49834820329,23.6));
#608 = LINE('',#609,#610);
#609 = CARTESIAN_POINT('',(-3.295011384963,-13.49834820329,21.6));
#610 = VECTOR('',#611,1.);
#611 = DIRECTION('',(0.,0.,1.));
#612 = ORIENTED_EDGE('',*,*,#613,.T.);
#613 = EDGE_CURVE('',#604,#614,#616,.T.);
#614 = VERTEX_POINT('',#615);
#615 = CARTESIAN_POINT('',(-1.795011384963,-13.49834820329,21.6));
#616 = LINE('',#617,#618);
#617 = CARTESIAN_POINT('',(-3.295011384963,-13.49834820329,21.6));
#618 = VECTOR('',#619,1.);
#619 = DIRECTION('',(1.,1.110223024625E-16,0.));
#620 = ORIENTED_EDGE('',*,*,#621,.T.);
#621 = EDGE_CURVE('',#614,#622,#624,.T.);
#622 = VERTEX_POINT('',#623);
#623 = CARTESIAN_POINT('',(-1.795011384963,-13.49834820329,23.6));
#624 = LINE('',#625,#626);
#625 = CARTESIAN_POINT('',(-1.795011384963,-13.49834820329,21.6));
#626 = VECTOR('',#627,1.);
#627 = DIRECTION('',(0.,0.,1.));
#628 = ORIENTED_EDGE('',*,*,#629,.F.);
#629 = EDGE_CURVE('',#606,#622,#630,.T.);
#630 = LINE('',#631,#632);
#631 = CARTESIAN_POINT('',(-3.295011384963,-13.49834820329,23.6));
#632 = VECTOR('',#633,1.);
#633 = DIRECTION('',(1.,1.110223024625E-16,0.));
#634 = PLANE('',#635);
#635 = AXIS2_PLACEMENT_3D('',#636,#637,#638);
#636 = CARTESIAN_POINT('',(-3.295011384963,-13.49834820329,21.6));
#637 = DIRECTION('',(1.110223024625E-16,-1.,0.));
#638 = DIRECTION('',(0.,0.,1.));
#639 = ADVANCED_FACE('',(#640),#656,.F.);
#640 = FACE_BOUND('',#641,.F.);
#641 = EDGE_LOOP('',(#642,#648,#649,#655));
#642 = ORIENTED_EDGE('',*,*,#643,.F.);
#643 = EDGE_CURVE('',#564,#604,#644,.T.);
#644 = LINE('',#645,#646);
#645 = CARTESIAN_POINT('',(-3.295011384963,-10.35834820329,21.6));
#646 = VECTOR('',#647,1.);
#647 = DIRECTION('',(1.110223024625E-16,-1.,0.));
#648 = ORIENTED_EDGE('',*,*,#563,.T.);
#649 = ORIENTED_EDGE('',*,*,#650,.T.);
#650 = EDGE_CURVE('',#566,#606,#651,.T.);
#651 = LINE('',#652,#653);
#652 = CARTESIAN_POINT('',(-3.295011384963,-10.35834820329,23.6));
#653 = VECTOR('',#654,1.);
#654 = DIRECTION('',(1.110223024625E-16,-1.,0.));
#655 = ORIENTED_EDGE('',*,*,#603,.F.);
#656 = PLANE('',#657);
#657 = AXIS2_PLACEMENT_3D('',#658,#659,#660);
#658 = CARTESIAN_POINT('',(-3.295011384963,-10.35834820329,21.6));
#659 = DIRECTION('',(1.,1.110223024625E-16,0.));
#660 = DIRECTION('',(0.,0.,1.));
#661 = ADVANCED_FACE('',(#662),#678,.T.);
#662 = FACE_BOUND('',#663,.T.);
#663 = EDGE_LOOP('',(#664,#670,#671,#677));
#664 = ORIENTED_EDGE('',*,*,#665,.F.);
#665 = EDGE_CURVE('',#574,#614,#666,.T.);
#666 = LINE('',#667,#668);
#667 = CARTESIAN_POINT('',(-1.795011384963,-10.35834820329,21.6));
#668 = VECTOR('',#669,1.);
#669 = DIRECTION('',(1.110223024625E-16,-1.,0.));
#670 = ORIENTED_EDGE('',*,*,#581,.T.);
#671 = ORIENTED_EDGE('',*,*,#672,.T.);
#672 = EDGE_CURVE('',#582,#622,#673,.T.);
#673 = LINE('',#674,#675);
#674 = CARTESIAN_POINT('',(-1.795011384963,-10.35834820329,23.6));
#675 = VECTOR('',#676,1.);
#676 = DIRECTION('',(1.110223024625E-16,-1.,0.));
#677 = ORIENTED_EDGE('',*,*,#621,.F.);
#678 = PLANE('',#679);
#679 = AXIS2_PLACEMENT_3D('',#680,#681,#682);
#680 = CARTESIAN_POINT('',(-1.795011384963,-10.35834820329,21.6));
#681 = DIRECTION('',(1.,1.110223024625E-16,0.));
#682 = DIRECTION('',(0.,0.,1.));
#683 = ADVANCED_FACE('',(#684),#690,.F.);
#684 = FACE_BOUND('',#685,.F.);
#685 = EDGE_LOOP('',(#686,#687,#688,#689));
#686 = ORIENTED_EDGE('',*,*,#573,.F.);
#687 = ORIENTED_EDGE('',*,*,#643,.T.);
#688 = ORIENTED_EDGE('',*,*,#613,.T.);
#689 = ORIENTED_EDGE('',*,*,#665,.F.);
#690 = PLANE('',#691);
#691 = AXIS2_PLACEMENT_3D('',#692,#693,#694);
#692 = CARTESIAN_POINT('',(-3.295011384963,-10.35834820329,21.6));
#693 = DIRECTION('',(0.,0.,1.));
#694 = DIRECTION('',(1.110223024625E-16,-1.,0.));
#695 = ADVANCED_FACE('',(#696),#702,.T.);
#696 = FACE_BOUND('',#697,.T.);
#697 = EDGE_LOOP('',(#698,#699,#700,#701));
#698 = ORIENTED_EDGE('',*,*,#589,.F.);
#699 = ORIENTED_EDGE('',*,*,#650,.T.);
#700 = ORIENTED_EDGE('',*,*,#629,.T.);
#701 = ORIENTED_EDGE('',*,*,#672,.F.);
#702 = PLANE('',#703);
#703 = AXIS2_PLACEMENT_3D('',#704,#705,#706);
#704 = CARTESIAN_POINT('',(-3.295011384963,-10.35834820329,23.6));
#705 = DIRECTION('',(0.,0.,1.));
#706 = DIRECTION('',(1.110223024625E-16,-1.,0.));
#707 = MANIFOLD_SOLID_BREP('',#708);
#708 = CLOSED_SHELL('',(#709,#749,#789,#811,#833,#845));
#709 = ADVANCED_FACE('',(#710),#744,.F.);
#710 = FACE_BOUND('',#711,.F.);
#711 = EDGE_LOOP('',(#712,#722,#730,#738));
#712 = ORIENTED_EDGE('',*,*,#713,.F.);
#713 = EDGE_CURVE('',#714,#716,#718,.T.);
#714 = VERTEX_POINT('',#715);
#715 = CARTESIAN_POINT('',(-9.422703834412,-2.295783404533,21.6));
#716 = VERTEX_POINT('',#717);
#717 = CARTESIAN_POINT('',(-9.422703834412,-2.295783404533,22.25));
#718 = LINE('',#719,#720);
#719 = CARTESIAN_POINT('',(-9.422703834412,-2.295783404533,21.6));
#720 = VECTOR('',#721,1.);
#721 = DIRECTION('',(0.,0.,1.));
#722 = ORIENTED_EDGE('',*,*,#723,.T.);
#723 = EDGE_CURVE('',#714,#724,#726,.T.);
#724 = VERTEX_POINT('',#725);
#725 = CARTESIAN_POINT('',(-8.822703834412,-2.295783404533,21.6));
#726 = LINE('',#727,#728);
#727 = CARTESIAN_POINT('',(-9.422703834412,-2.295783404533,21.6));
#728 = VECTOR('',#729,1.);
#729 = DIRECTION('',(1.,1.110223024625E-16,0.));
#730 = ORIENTED_EDGE('',*,*,#731,.T.);
#731 = EDGE_CURVE('',#724,#732,#734,.T.);
#732 = VERTEX_POINT('',#733);
#733 = CARTESIAN_POINT('',(-8.822703834412,-2.295783404533,22.25));
#734 = LINE('',#735,#736);
#735 = CARTESIAN_POINT('',(-8.822703834412,-2.295783404533,21.6));
#736 = VECTOR('',#737,1.);
#737 = DIRECTION('',(0.,0.,1.));
#738 = ORIENTED_EDGE('',*,*,#739,.F.);
#739 = EDGE_CURVE('',#716,#732,#740,.T.);
#740 = LINE('',#741,#742);
#741 = CARTESIAN_POINT('',(-9.422703834412,-2.295783404533,22.25));
#742 = VECTOR('',#743,1.);
#743 = DIRECTION('',(1.,1.110223024625E-16,0.));
#744 = PLANE('',#745);
#745 = AXIS2_PLACEMENT_3D('',#746,#747,#748);
#746 = CARTESIAN_POINT('',(-9.422703834412,-2.295783404533,21.6));
#747 = DIRECTION('',(1.110223024625E-16,-1.,0.));
#748 = DIRECTION('',(0.,0.,1.));
#749 = ADVANCED_FACE('',(#750),#784,.T.);
#750 = FACE_BOUND('',#751,.T.);
#751 = EDGE_LOOP('',(#752,#762,#770,#778));
#752 = ORIENTED_EDGE('',*,*,#753,.F.);
#753 = EDGE_CURVE('',#754,#756,#758,.T.);
#754 = VERTEX_POINT('',#755);
#755 = CARTESIAN_POINT('',(-9.422703834412,-3.911783404533,21.6));
#756 = VERTEX_POINT('',#757);
#757 = CARTESIAN_POINT('',(-9.422703834412,-3.911783404533,22.25));
#758 = LINE('',#759,#760);
#759 = CARTESIAN_POINT('',(-9.422703834412,-3.911783404533,21.6));
#760 = VECTOR('',#761,1.);
#761 = DIRECTION('',(0.,0.,1.));
#762 = ORIENTED_EDGE('',*,*,#763,.T.);
#763 = EDGE_CURVE('',#754,#764,#766,.T.);
#764 = VERTEX_POINT('',#765);
#765 = CARTESIAN_POINT('',(-8.822703834412,-3.911783404533,21.6));
#766 = LINE('',#767,#768);
#767 = CARTESIAN_POINT('',(-9.422703834412,-3.911783404533,21.6));
#768 = VECTOR('',#769,1.);
#769 = DIRECTION('',(1.,1.110223024625E-16,0.));
#770 = ORIENTED_EDGE('',*,*,#771,.T.);
#771 = EDGE_CURVE('',#764,#772,#774,.T.);
#772 = VERTEX_POINT('',#773);
#773 = CARTESIAN_POINT('',(-8.822703834412,-3.911783404533,22.25));
#774 = LINE('',#775,#776);
#775 = CARTESIAN_POINT('',(-8.822703834412,-3.911783404533,21.6));
#776 = VECTOR('',#777,1.);
#777 = DIRECTION('',(0.,0.,1.));
#778 = ORIENTED_EDGE('',*,*,#779,.F.);
#779 = EDGE_CURVE('',#756,#772,#780,.T.);
#780 = LINE('',#781,#782);
#781 = CARTESIAN_POINT('',(-9.422703834412,-3.911783404533,22.25));
#782 = VECTOR('',#783,1.);
#783 = DIRECTION('',(1.,1.110223024625E-16,0.));
#784 = PLANE('',#785);
#785 = AXIS2_PLACEMENT_3D('',#786,#787,#788);
#786 = CARTESIAN_POINT('',(-9.422703834412,-3.911783404533,21.6));
#787 = DIRECTION('',(1.110223024625E-16,-1.,0.));
#788 = DIRECTION('',(0.,0.,1.));
#789 = ADVANCED_FACE('',(#790),#806,.F.);
#790 = FACE_BOUND('',#791,.F.);
#791 = EDGE_LOOP('',(#792,#798,#799,#805));
#792 = ORIENTED_EDGE('',*,*,#793,.F.);
#793 = EDGE_CURVE('',#714,#754,#794,.T.);
#794 = LINE('',#795,#796);
#795 = CARTESIAN_POINT('',(-9.422703834412,-2.295783404533,21.6));
#796 = VECTOR('',#797,1.);
#797 = DIRECTION('',(1.110223024625E-16,-1.,0.));
#798 = ORIENTED_EDGE('',*,*,#713,.T.);
#799 = ORIENTED_EDGE('',*,*,#800,.T.);
#800 = EDGE_CURVE('',#716,#756,#801,.T.);
#801 = LINE('',#802,#803);
#802 = CARTESIAN_POINT('',(-9.422703834412,-2.295783404533,22.25));
#803 = VECTOR('',#804,1.);
#804 = DIRECTION('',(1.110223024625E-16,-1.,0.));
#805 = ORIENTED_EDGE('',*,*,#753,.F.);
#806 = PLANE('',#807);
#807 = AXIS2_PLACEMENT_3D('',#808,#809,#810);
#808 = CARTESIAN_POINT('',(-9.422703834412,-2.295783404533,21.6));
#809 = DIRECTION('',(1.,1.110223024625E-16,0.));
#810 = DIRECTION('',(0.,0.,1.));
#811 = ADVANCED_FACE('',(#812),#828,.T.);
#812 = FACE_BOUND('',#813,.T.);
#813 = EDGE_LOOP('',(#814,#820,#821,#827));
#814 = ORIENTED_EDGE('',*,*,#815,.F.);
#815 = EDGE_CURVE('',#724,#764,#816,.T.);
#816 = LINE('',#817,#818);
#817 = CARTESIAN_POINT('',(-8.822703834412,-2.295783404533,21.6));
#818 = VECTOR('',#819,1.);
#819 = DIRECTION('',(1.110223024625E-16,-1.,0.));
#820 = ORIENTED_EDGE('',*,*,#731,.T.);
#821 = ORIENTED_EDGE('',*,*,#822,.T.);
#822 = EDGE_CURVE('',#732,#772,#823,.T.);
#823 = LINE('',#824,#825);
#824 = CARTESIAN_POINT('',(-8.822703834412,-2.295783404533,22.25));
#825 = VECTOR('',#826,1.);
#826 = DIRECTION('',(1.110223024625E-16,-1.,0.));
#827 = ORIENTED_EDGE('',*,*,#771,.F.);
#828 = PLANE('',#829);
#829 = AXIS2_PLACEMENT_3D('',#830,#831,#832);
#830 = CARTESIAN_POINT('',(-8.822703834412,-2.295783404533,21.6));
#831 = DIRECTION('',(1.,1.110223024625E-16,0.));
#832 = DIRECTION('',(0.,0.,1.));
#833 = ADVANCED_FACE('',(#834),#840,.F.);
#834 = FACE_BOUND('',#835,.F.);
#835 = EDGE_LOOP('',(#836,#837,#838,#839));
#836 = ORIENTED_EDGE('',*,*,#723,.F.);
#837 = ORIENTED_EDGE('',*,*,#793,.T.);
#838 = ORIENTED_EDGE('',*,*,#763,.T.);
#839 = ORIENTED_EDGE('',*,*,#815,.F.);
#840 = PLANE('',#841);
#841 = AXIS2_PLACEMENT_3D('',#842,#843,#844);
#842 = CARTESIAN_POINT('',(-9.422703834412,-2.295783404533,21.6));
#843 = DIRECTION('',(0.,0.,1.));
#844 = DIRECTION('',(1.110223024625E-16,-1.,0.));
#845 = ADVANCED_FACE('',(#846),#852,.T.);
#846 = FACE_BOUND('',#847,.T.);
#847 = EDGE_LOOP('',(#848,#849,#850,#851));
#848 = ORIENTED_EDGE('',*,*,#739,.F.);
#849 = ORIENTED_EDGE('',*,*,#800,.T.);
#850 = ORIENTED_EDGE('',*,*,#779,.T.);
#851 = ORIENTED_EDGE('',*,*,#822,.F.);
#852 = PLANE('',#853);
#853 = AXIS2_PLACEMENT_3D('',#854,#855,#856);
#854 = CARTESIAN_POINT('',(-9.422703834412,-2.295783404533,22.25));
#855 = DIRECTION('',(0.,0.,1.));
#856 = DIRECTION('',(1.110223024625E-16,-1.,0.));
#857 = MANIFOLD_SOLID_BREP('',#858);
#858 = CLOSED_SHELL('',(#859,#899,#939,#961,#983,#995));
#859 = ADVANCED_FACE('',(#860),#894,.F.);
#860 = FACE_BOUND('',#861,.F.);
#861 = EDGE_LOOP('',(#862,#872,#880,#888));
#862 = ORIENTED_EDGE('',*,*,#863,.F.);
#863 = EDGE_CURVE('',#864,#866,#868,.T.);
#864 = VERTEX_POINT('',#865);
#865 = CARTESIAN_POINT('',(-13.56178178605,-5.06751365371,21.6));
#866 = VERTEX_POINT('',#867);
#867 = CARTESIAN_POINT('',(-13.56178178605,-5.06751365371,22.25));
#868 = LINE('',#869,#870);
#869 = CARTESIAN_POINT('',(-13.56178178605,-5.06751365371,21.6));
#870 = VECTOR('',#871,1.);
#871 = DIRECTION('',(0.,0.,1.));
#872 = ORIENTED_EDGE('',*,*,#873,.T.);
#873 = EDGE_CURVE('',#864,#874,#876,.T.);
#874 = VERTEX_POINT('',#875);
#875 = CARTESIAN_POINT('',(-14.16178178605,-5.06751365371,21.6));
#876 = LINE('',#877,#878);
#877 = CARTESIAN_POINT('',(-13.56178178605,-5.06751365371,21.6));
#878 = VECTOR('',#879,1.);
#879 = DIRECTION('',(-1.,2.22044604925E-16,0.));
#880 = ORIENTED_EDGE('',*,*,#881,.T.);
#881 = EDGE_CURVE('',#874,#882,#884,.T.);
#882 = VERTEX_POINT('',#883);
#883 = CARTESIAN_POINT('',(-14.16178178605,-5.06751365371,22.25));
#884 = LINE('',#885,#886);
#885 = CARTESIAN_POINT('',(-14.16178178605,-5.06751365371,21.6));
#886 = VECTOR('',#887,1.);
#887 = DIRECTION('',(0.,0.,1.));
#888 = ORIENTED_EDGE('',*,*,#889,.F.);
#889 = EDGE_CURVE('',#866,#882,#890,.T.);
#890 = LINE('',#891,#892);
#891 = CARTESIAN_POINT('',(-13.56178178605,-5.06751365371,22.25));
#892 = VECTOR('',#893,1.);
#893 = DIRECTION('',(-1.,2.22044604925E-16,0.));
#894 = PLANE('',#895);
#895 = AXIS2_PLACEMENT_3D('',#896,#897,#898);
#896 = CARTESIAN_POINT('',(-13.56178178605,-5.06751365371,21.6));
#897 = DIRECTION('',(2.22044604925E-16,1.,0.));
#898 = DIRECTION('',(0.,0.,1.));
#899 = ADVANCED_FACE('',(#900),#934,.T.);
#900 = FACE_BOUND('',#901,.T.);
#901 = EDGE_LOOP('',(#902,#912,#920,#928));
#902 = ORIENTED_EDGE('',*,*,#903,.F.);
#903 = EDGE_CURVE('',#904,#906,#908,.T.);
#904 = VERTEX_POINT('',#905);
#905 = CARTESIAN_POINT('',(-13.56178178605,-3.45151365371,21.6));
#906 = VERTEX_POINT('',#907);
#907 = CARTESIAN_POINT('',(-13.56178178605,-3.45151365371,22.25));
#908 = LINE('',#909,#910);
#909 = CARTESIAN_POINT('',(-13.56178178605,-3.45151365371,21.6));
#910 = VECTOR('',#911,1.);
#911 = DIRECTION('',(0.,0.,1.));
#912 = ORIENTED_EDGE('',*,*,#913,.T.);
#913 = EDGE_CURVE('',#904,#914,#916,.T.);
#914 = VERTEX_POINT('',#915);
#915 = CARTESIAN_POINT('',(-14.16178178605,-3.45151365371,21.6));
#916 = LINE('',#917,#918);
#917 = CARTESIAN_POINT('',(-13.56178178605,-3.45151365371,21.6));
#918 = VECTOR('',#919,1.);
#919 = DIRECTION('',(-1.,2.22044604925E-16,0.));
#920 = ORIENTED_EDGE('',*,*,#921,.T.);
#921 = EDGE_CURVE('',#914,#922,#924,.T.);
#922 = VERTEX_POINT('',#923);
#923 = CARTESIAN_POINT('',(-14.16178178605,-3.45151365371,22.25));
#924 = LINE('',#925,#926);
#925 = CARTESIAN_POINT('',(-14.16178178605,-3.45151365371,21.6));
#926 = VECTOR('',#927,1.);
#927 = DIRECTION('',(0.,0.,1.));
#928 = ORIENTED_EDGE('',*,*,#929,.F.);
#929 = EDGE_CURVE('',#906,#922,#930,.T.);
#930 = LINE('',#931,#932);
#931 = CARTESIAN_POINT('',(-13.56178178605,-3.45151365371,22.25));
#932 = VECTOR('',#933,1.);
#933 = DIRECTION('',(-1.,2.22044604925E-16,0.));
#934 = PLANE('',#935);
#935 = AXIS2_PLACEMENT_3D('',#936,#937,#938);
#936 = CARTESIAN_POINT('',(-13.56178178605,-3.45151365371,21.6));
#937 = DIRECTION('',(2.22044604925E-16,1.,0.));
#938 = DIRECTION('',(0.,0.,1.));
#939 = ADVANCED_FACE('',(#940),#956,.F.);
#940 = FACE_BOUND('',#941,.F.);
#941 = EDGE_LOOP('',(#942,#948,#949,#955));
#942 = ORIENTED_EDGE('',*,*,#943,.F.);
#943 = EDGE_CURVE('',#864,#904,#944,.T.);
#944 = LINE('',#945,#946);
#945 = CARTESIAN_POINT('',(-13.56178178605,-5.06751365371,21.6));
#946 = VECTOR('',#947,1.);
#947 = DIRECTION('',(2.22044604925E-16,1.,0.));
#948 = ORIENTED_EDGE('',*,*,#863,.T.);
#949 = ORIENTED_EDGE('',*,*,#950,.T.);
#950 = EDGE_CURVE('',#866,#906,#951,.T.);
#951 = LINE('',#952,#953);
#952 = CARTESIAN_POINT('',(-13.56178178605,-5.06751365371,22.25));
#953 = VECTOR('',#954,1.);
#954 = DIRECTION('',(2.22044604925E-16,1.,0.));
#955 = ORIENTED_EDGE('',*,*,#903,.F.);
#956 = PLANE('',#957);
#957 = AXIS2_PLACEMENT_3D('',#958,#959,#960);
#958 = CARTESIAN_POINT('',(-13.56178178605,-5.06751365371,21.6));
#959 = DIRECTION('',(-1.,2.22044604925E-16,0.));
#960 = DIRECTION('',(0.,0.,1.));
#961 = ADVANCED_FACE('',(#962),#978,.T.);
#962 = FACE_BOUND('',#963,.T.);
#963 = EDGE_LOOP('',(#964,#970,#971,#977));
#964 = ORIENTED_EDGE('',*,*,#965,.F.);
#965 = EDGE_CURVE('',#874,#914,#966,.T.);
#966 = LINE('',#967,#968);
#967 = CARTESIAN_POINT('',(-14.16178178605,-5.06751365371,21.6));
#968 = VECTOR('',#969,1.);
#969 = DIRECTION('',(2.22044604925E-16,1.,0.));
#970 = ORIENTED_EDGE('',*,*,#881,.T.);
#971 = ORIENTED_EDGE('',*,*,#972,.T.);
#972 = EDGE_CURVE('',#882,#922,#973,.T.);
#973 = LINE('',#974,#975);
#974 = CARTESIAN_POINT('',(-14.16178178605,-5.06751365371,22.25));
#975 = VECTOR('',#976,1.);
#976 = DIRECTION('',(2.22044604925E-16,1.,0.));
#977 = ORIENTED_EDGE('',*,*,#921,.F.);
#978 = PLANE('',#979);
#979 = AXIS2_PLACEMENT_3D('',#980,#981,#982);
#980 = CARTESIAN_POINT('',(-14.16178178605,-5.06751365371,21.6));
#981 = DIRECTION('',(-1.,2.22044604925E-16,0.));
#982 = DIRECTION('',(0.,0.,1.));
#983 = ADVANCED_FACE('',(#984),#990,.F.);
#984 = FACE_BOUND('',#985,.F.);
#985 = EDGE_LOOP('',(#986,#987,#988,#989));
#986 = ORIENTED_EDGE('',*,*,#873,.F.);
#987 = ORIENTED_EDGE('',*,*,#943,.T.);
#988 = ORIENTED_EDGE('',*,*,#913,.T.);
#989 = ORIENTED_EDGE('',*,*,#965,.F.);
#990 = PLANE('',#991);
#991 = AXIS2_PLACEMENT_3D('',#992,#993,#994);
#992 = CARTESIAN_POINT('',(-13.56178178605,-5.06751365371,21.6));
#993 = DIRECTION('',(0.,0.,1.));
#994 = DIRECTION('',(2.22044604925E-16,1.,0.));
#995 = ADVANCED_FACE('',(#996),#1002,.T.);
#996 = FACE_BOUND('',#997,.T.);
#997 = EDGE_LOOP('',(#998,#999,#1000,#1001));
#998 = ORIENTED_EDGE('',*,*,#889,.F.);
#999 = ORIENTED_EDGE('',*,*,#950,.T.);
#1000 = ORIENTED_EDGE('',*,*,#929,.T.);
#1001 = ORIENTED_EDGE('',*,*,#972,.F.);
#1002 = PLANE('',#1003);
#1003 = AXIS2_PLACEMENT_3D('',#1004,#1005,#1006);
#1004 = CARTESIAN_POINT('',(-13.56178178605,-5.06751365371,22.25));
#1005 = DIRECTION('',(0.,0.,1.));
#1006 = DIRECTION('',(2.22044604925E-16,1.,0.));
#1007 = MANIFOLD_SOLID_BREP('',#1008);
#1008 = CLOSED_SHELL('',(#1009,#1049,#1089,#1111,#1133,#1145));
#1009 = ADVANCED_FACE('',(#1010),#1044,.F.);
#1010 = FACE_BOUND('',#1011,.F.);
#1011 = EDGE_LOOP('',(#1012,#1022,#1030,#1038));
#1012 = ORIENTED_EDGE('',*,*,#1013,.F.);
#1013 = EDGE_CURVE('',#1014,#1016,#1018,.T.);
#1014 = VERTEX_POINT('',#1015);
#1015 = CARTESIAN_POINT('',(-7.999266421808,-11.45747111054,21.6));
#1016 = VERTEX_POINT('',#1017);
#1017 = CARTESIAN_POINT('',(-7.999266421808,-11.45747111054,23.6));
#1018 = LINE('',#1019,#1020);
#1019 = CARTESIAN_POINT('',(-7.999266421808,-11.45747111054,21.6));
#1020 = VECTOR('',#1021,1.);
#1021 = DIRECTION('',(0.,0.,1.));
#1022 = ORIENTED_EDGE('',*,*,#1023,.T.);
#1023 = EDGE_CURVE('',#1014,#1024,#1026,.T.);
#1024 = VERTEX_POINT('',#1025);
#1025 = CARTESIAN_POINT('',(-9.499266421808,-11.45747111054,21.6));
#1026 = LINE('',#1027,#1028);
#1027 = CARTESIAN_POINT('',(-7.999266421808,-11.45747111054,21.6));
#1028 = VECTOR('',#1029,1.);
#1029 = DIRECTION('',(-1.,2.22044604925E-16,0.));
#1030 = ORIENTED_EDGE('',*,*,#1031,.T.);
#1031 = EDGE_CURVE('',#1024,#1032,#1034,.T.);
#1032 = VERTEX_POINT('',#1033);
#1033 = CARTESIAN_POINT('',(-9.499266421808,-11.45747111054,23.6));
#1034 = LINE('',#1035,#1036);
#1035 = CARTESIAN_POINT('',(-9.499266421808,-11.45747111054,21.6));
#1036 = VECTOR('',#1037,1.);
#1037 = DIRECTION('',(0.,0.,1.));
#1038 = ORIENTED_EDGE('',*,*,#1039,.F.);
#1039 = EDGE_CURVE('',#1016,#1032,#1040,.T.);
#1040 = LINE('',#1041,#1042);
#1041 = CARTESIAN_POINT('',(-7.999266421808,-11.45747111054,23.6));
#1042 = VECTOR('',#1043,1.);
#1043 = DIRECTION('',(-1.,2.22044604925E-16,0.));
#1044 = PLANE('',#1045);
#1045 = AXIS2_PLACEMENT_3D('',#1046,#1047,#1048);
#1046 = CARTESIAN_POINT('',(-7.999266421808,-11.45747111054,21.6));
#1047 = DIRECTION('',(2.22044604925E-16,1.,0.));
#1048 = DIRECTION('',(0.,0.,1.));
#1049 = ADVANCED_FACE('',(#1050),#1084,.T.);
#1050 = FACE_BOUND('',#1051,.T.);
#1051 = EDGE_LOOP('',(#1052,#1062,#1070,#1078));
#1052 = ORIENTED_EDGE('',*,*,#1053,.F.);
#1053 = EDGE_CURVE('',#1054,#1056,#1058,.T.);
#1054 = VERTEX_POINT('',#1055);
#1055 = CARTESIAN_POINT('',(-7.999266421808,-8.317471110543,21.6));
#1056 = VERTEX_POINT('',#1057);
#1057 = CARTESIAN_POINT('',(-7.999266421808,-8.317471110543,23.6));
#1058 = LINE('',#1059,#1060);
#1059 = CARTESIAN_POINT('',(-7.999266421808,-8.317471110543,21.6));
#1060 = VECTOR('',#1061,1.);
#1061 = DIRECTION('',(0.,0.,1.));
#1062 = ORIENTED_EDGE('',*,*,#1063,.T.);
#1063 = EDGE_CURVE('',#1054,#1064,#1066,.T.);
#1064 = VERTEX_POINT('',#1065);
#1065 = CARTESIAN_POINT('',(-9.499266421808,-8.317471110543,21.6));
#1066 = LINE('',#1067,#1068);
#1067 = CARTESIAN_POINT('',(-7.999266421808,-8.317471110543,21.6));
#1068 = VECTOR('',#1069,1.);
#1069 = DIRECTION('',(-1.,2.22044604925E-16,0.));
#1070 = ORIENTED_EDGE('',*,*,#1071,.T.);
#1071 = EDGE_CURVE('',#1064,#1072,#1074,.T.);
#1072 = VERTEX_POINT('',#1073);
#1073 = CARTESIAN_POINT('',(-9.499266421808,-8.317471110543,23.6));
#1074 = LINE('',#1075,#1076);
#1075 = CARTESIAN_POINT('',(-9.499266421808,-8.317471110543,21.6));
#1076 = VECTOR('',#1077,1.);
#1077 = DIRECTION('',(0.,0.,1.));
#1078 = ORIENTED_EDGE('',*,*,#1079,.F.);
#1079 = EDGE_CURVE('',#1056,#1072,#1080,.T.);
#1080 = LINE('',#1081,#1082);
#1081 = CARTESIAN_POINT('',(-7.999266421808,-8.317471110543,23.6));
#1082 = VECTOR('',#1083,1.);
#1083 = DIRECTION('',(-1.,2.22044604925E-16,0.));
#1084 = PLANE('',#1085);
#1085 = AXIS2_PLACEMENT_3D('',#1086,#1087,#1088);
#1086 = CARTESIAN_POINT('',(-7.999266421808,-8.317471110543,21.6));
#1087 = DIRECTION('',(2.22044604925E-16,1.,0.));
#1088 = DIRECTION('',(0.,0.,1.));
#1089 = ADVANCED_FACE('',(#1090),#1106,.F.);
#1090 = FACE_BOUND('',#1091,.F.);
#1091 = EDGE_LOOP('',(#1092,#1098,#1099,#1105));
#1092 = ORIENTED_EDGE('',*,*,#1093,.F.);
#1093 = EDGE_CURVE('',#1014,#1054,#1094,.T.);
#1094 = LINE('',#1095,#1096);
#1095 = CARTESIAN_POINT('',(-7.999266421808,-11.45747111054,21.6));
#1096 = VECTOR('',#1097,1.);
#1097 = DIRECTION('',(2.22044604925E-16,1.,0.));
#1098 = ORIENTED_EDGE('',*,*,#1013,.T.);
#1099 = ORIENTED_EDGE('',*,*,#1100,.T.);
#1100 = EDGE_CURVE('',#1016,#1056,#1101,.T.);
#1101 = LINE('',#1102,#1103);
#1102 = CARTESIAN_POINT('',(-7.999266421808,-11.45747111054,23.6));
#1103 = VECTOR('',#1104,1.);
#1104 = DIRECTION('',(2.22044604925E-16,1.,0.));
#1105 = ORIENTED_EDGE('',*,*,#1053,.F.);
#1106 = PLANE('',#1107);
#1107 = AXIS2_PLACEMENT_3D('',#1108,#1109,#1110);
#1108 = CARTESIAN_POINT('',(-7.999266421808,-11.45747111054,21.6));
#1109 = DIRECTION('',(-1.,2.22044604925E-16,0.));
#1110 = DIRECTION('',(0.,0.,1.));
#1111 = ADVANCED_FACE('',(#1112),#1128,.T.);
#1112 = FACE_BOUND('',#1113,.T.);
#1113 = EDGE_LOOP('',(#1114,#1120,#1121,#1127));
#1114 = ORIENTED_EDGE('',*,*,#1115,.F.);
#1115 = EDGE_CURVE('',#1024,#1064,#1116,.T.);
#1116 = LINE('',#1117,#1118);
#1117 = CARTESIAN_POINT('',(-9.499266421808,-11.45747111054,21.6));
#1118 = VECTOR('',#1119,1.);
#1119 = DIRECTION('',(2.22044604925E-16,1.,0.));
#1120 = ORIENTED_EDGE('',*,*,#1031,.T.);
#1121 = ORIENTED_EDGE('',*,*,#1122,.T.);
#1122 = EDGE_CURVE('',#1032,#1072,#1123,.T.);
#1123 = LINE('',#1124,#1125);
#1124 = CARTESIAN_POINT('',(-9.499266421808,-11.45747111054,23.6));
#1125 = VECTOR('',#1126,1.);
#1126 = DIRECTION('',(2.22044604925E-16,1.,0.));
#1127 = ORIENTED_EDGE('',*,*,#1071,.F.);
#1128 = PLANE('',#1129);
#1129 = AXIS2_PLACEMENT_3D('',#1130,#1131,#1132);
#1130 = CARTESIAN_POINT('',(-9.499266421808,-11.45747111054,21.6));
#1131 = DIRECTION('',(-1.,2.22044604925E-16,0.));
#1132 = DIRECTION('',(0.,0.,1.));
#1133 = ADVANCED_FACE('',(#1134),#1140,.F.);
#1134 = FACE_BOUND('',#1135,.F.);
#1135 = EDGE_LOOP('',(#1136,#1137,#1138,#1139));
#1136 = ORIENTED_EDGE('',*,*,#1023,.F.);
#1137 = ORIENTED_EDGE('',*,*,#1093,.T.);
#1138 = ORIENTED_EDGE('',*,*,#1063,.T.);
#1139 = ORIENTED_EDGE('',*,*,#1115,.F.);
#1140 = PLANE('',#1141);
#1141 = AXIS2_PLACEMENT_3D('',#1142,#1143,#1144);
#1142 = CARTESIAN_POINT('',(-7.999266421808,-11.45747111054,21.6));
#1143 = DIRECTION('',(0.,0.,1.));
#1144 = DIRECTION('',(2.22044604925E-16,1.,0.));
#1145 = ADVANCED_FACE('',(#1146),#1152,.T.);
#1146 = FACE_BOUND('',#1147,.T.);
#1147 = EDGE_LOOP('',(#1148,#1149,#1150,#1151));
#1148 = ORIENTED_EDGE('',*,*,#1039,.F.);
#1149 = ORIENTED_EDGE('',*,*,#1100,.T.);
#1150 = ORIENTED_EDGE('',*,*,#1079,.T.);
#1151 = ORIENTED_EDGE('',*,*,#1122,.F.);
#1152 = PLANE('',#1153);
#1153 = AXIS2_PLACEMENT_3D('',#1154,#1155,#1156);
#1154 = CARTESIAN_POINT('',(-7.999266421808,-11.45747111054,23.6));
#1155 = DIRECTION('',(0.,0.,1.));
#1156 = DIRECTION('',(2.22044604925E-16,1.,0.));
#1157 = MANIFOLD_SOLID_BREP('',#1158);
#1158 = CLOSED_SHELL('',(#1159,#1199,#1239,#1261,#1283,#1295));
#1159 = ADVANCED_FACE('',(#1160),#1194,.F.);
#1160 = FACE_BOUND('',#1161,.F.);
#1161 = EDGE_LOOP('',(#1162,#1172,#1180,#1188));
#1162 = ORIENTED_EDGE('',*,*,#1163,.F.);
#1163 = EDGE_CURVE('',#1164,#1166,#1168,.T.);
#1164 = VERTEX_POINT('',#1165);
#1165 = CARTESIAN_POINT('',(1.420791180119,-13.53038021724,21.6));
#1166 = VERTEX_POINT('',#1167);
#1167 = CARTESIAN_POINT('',(1.420791180119,-13.53038021724,23.6));
#1168 = LINE('',#1169,#1170);
#1169 = CARTESIAN_POINT('',(1.420791180119,-13.53038021724,21.6));
#1170 = VECTOR('',#1171,1.);
#1171 = DIRECTION('',(0.,0.,1.));
#1172 = ORIENTED_EDGE('',*,*,#1173,.T.);
#1173 = EDGE_CURVE('',#1164,#1174,#1176,.T.);
#1174 = VERTEX_POINT('',#1175);
#1175 = CARTESIAN_POINT('',(-7.920881988136E-02,-13.53038021724,21.6));
#1176 = LINE('',#1177,#1178);
#1177 = CARTESIAN_POINT('',(1.420791180119,-13.53038021724,21.6));
#1178 = VECTOR('',#1179,1.);
#1179 = DIRECTION('',(-1.,2.22044604925E-16,0.));
#1180 = ORIENTED_EDGE('',*,*,#1181,.T.);
#1181 = EDGE_CURVE('',#1174,#1182,#1184,.T.);
#1182 = VERTEX_POINT('',#1183);
#1183 = CARTESIAN_POINT('',(-7.920881988136E-02,-13.53038021724,23.6));
#1184 = LINE('',#1185,#1186);
#1185 = CARTESIAN_POINT('',(-7.920881988136E-02,-13.53038021724,21.6));
#1186 = VECTOR('',#1187,1.);
#1187 = DIRECTION('',(0.,0.,1.));
#1188 = ORIENTED_EDGE('',*,*,#1189,.F.);
#1189 = EDGE_CURVE('',#1166,#1182,#1190,.T.);
#1190 = LINE('',#1191,#1192);
#1191 = CARTESIAN_POINT('',(1.420791180119,-13.53038021724,23.6));
#1192 = VECTOR('',#1193,1.);
#1193 = DIRECTION('',(-1.,2.22044604925E-16,0.));
#1194 = PLANE('',#1195);
#1195 = AXIS2_PLACEMENT_3D('',#1196,#1197,#1198);
#1196 = CARTESIAN_POINT('',(1.420791180119,-13.53038021724,21.6));
#1197 = DIRECTION('',(2.22044604925E-16,1.,0.));
#1198 = DIRECTION('',(0.,0.,1.));
#1199 = ADVANCED_FACE('',(#1200),#1234,.T.);
#1200 = FACE_BOUND('',#1201,.T.);
#1201 = EDGE_LOOP('',(#1202,#1212,#1220,#1228));
#1202 = ORIENTED_EDGE('',*,*,#1203,.F.);
#1203 = EDGE_CURVE('',#1204,#1206,#1208,.T.);
#1204 = VERTEX_POINT('',#1205);
#1205 = CARTESIAN_POINT('',(1.420791180119,-10.39038021724,21.6));
#1206 = VERTEX_POINT('',#1207);
#1207 = CARTESIAN_POINT('',(1.420791180119,-10.39038021724,23.6));
#1208 = LINE('',#1209,#1210);
#1209 = CARTESIAN_POINT('',(1.420791180119,-10.39038021724,21.6));
#1210 = VECTOR('',#1211,1.);
#1211 = DIRECTION('',(0.,0.,1.));
#1212 = ORIENTED_EDGE('',*,*,#1213,.T.);
#1213 = EDGE_CURVE('',#1204,#1214,#1216,.T.);
#1214 = VERTEX_POINT('',#1215);
#1215 = CARTESIAN_POINT('',(-7.920881988136E-02,-10.39038021724,21.6));
#1216 = LINE('',#1217,#1218);
#1217 = CARTESIAN_POINT('',(1.420791180119,-10.39038021724,21.6));
#1218 = VECTOR('',#1219,1.);
#1219 = DIRECTION('',(-1.,2.22044604925E-16,0.));
#1220 = ORIENTED_EDGE('',*,*,#1221,.T.);
#1221 = EDGE_CURVE('',#1214,#1222,#1224,.T.);
#1222 = VERTEX_POINT('',#1223);
#1223 = CARTESIAN_POINT('',(-7.920881988136E-02,-10.39038021724,23.6));
#1224 = LINE('',#1225,#1226);
#1225 = CARTESIAN_POINT('',(-7.920881988136E-02,-10.39038021724,21.6));
#1226 = VECTOR('',#1227,1.);
#1227 = DIRECTION('',(0.,0.,1.));
#1228 = ORIENTED_EDGE('',*,*,#1229,.F.);
#1229 = EDGE_CURVE('',#1206,#1222,#1230,.T.);
#1230 = LINE('',#1231,#1232);
#1231 = CARTESIAN_POINT('',(1.420791180119,-10.39038021724,23.6));
#1232 = VECTOR('',#1233,1.);
#1233 = DIRECTION('',(-1.,2.22044604925E-16,0.));
#1234 = PLANE('',#1235);
#1235 = AXIS2_PLACEMENT_3D('',#1236,#1237,#1238);
#1236 = CARTESIAN_POINT('',(1.420791180119,-10.39038021724,21.6));
#1237 = DIRECTION('',(2.22044604925E-16,1.,0.));
#1238 = DIRECTION('',(0.,0.,1.));
#1239 = ADVANCED_FACE('',(#1240),#1256,.F.);
#1240 = FACE_BOUND('',#1241,.F.);
#1241 = EDGE_LOOP('',(#1242,#1248,#1249,#1255));
#1242 = ORIENTED_EDGE('',*,*,#1243,.F.);
#1243 = EDGE_CURVE('',#1164,#1204,#1244,.T.);
#1244 = LINE('',#1245,#1246);
#1245 = CARTESIAN_POINT('',(1.420791180119,-13.53038021724,21.6));
#1246 = VECTOR('',#1247,1.);
#1247 = DIRECTION('',(2.22044604925E-16,1.,0.));
#1248 = ORIENTED_EDGE('',*,*,#1163,.T.);
#1249 = ORIENTED_EDGE('',*,*,#1250,.T.);
#1250 = EDGE_CURVE('',#1166,#1206,#1251,.T.);
#1251 = LINE('',#1252,#1253);
#1252 = CARTESIAN_POINT('',(1.420791180119,-13.53038021724,23.6));
#1253 = VECTOR('',#1254,1.);
#1254 = DIRECTION('',(2.22044604925E-16,1.,0.));
#1255 = ORIENTED_EDGE('',*,*,#1203,.F.);
#1256 = PLANE('',#1257);
#1257 = AXIS2_PLACEMENT_3D('',#1258,#1259,#1260);
#1258 = CARTESIAN_POINT('',(1.420791180119,-13.53038021724,21.6));
#1259 = DIRECTION('',(-1.,2.22044604925E-16,0.));
#1260 = DIRECTION('',(0.,0.,1.));
#1261 = ADVANCED_FACE('',(#1262),#1278,.T.);
#1262 = FACE_BOUND('',#1263,.T.);
#1263 = EDGE_LOOP('',(#1264,#1270,#1271,#1277));
#1264 = ORIENTED_EDGE('',*,*,#1265,.F.);
#1265 = EDGE_CURVE('',#1174,#1214,#1266,.T.);
#1266 = LINE('',#1267,#1268);
#1267 = CARTESIAN_POINT('',(-7.920881988136E-02,-13.53038021724,21.6));
#1268 = VECTOR('',#1269,1.);
#1269 = DIRECTION('',(2.22044604925E-16,1.,0.));
#1270 = ORIENTED_EDGE('',*,*,#1181,.T.);
#1271 = ORIENTED_EDGE('',*,*,#1272,.T.);
#1272 = EDGE_CURVE('',#1182,#1222,#1273,.T.);
#1273 = LINE('',#1274,#1275);
#1274 = CARTESIAN_POINT('',(-7.920881988136E-02,-13.53038021724,23.6));
#1275 = VECTOR('',#1276,1.);
#1276 = DIRECTION('',(2.22044604925E-16,1.,0.));
#1277 = ORIENTED_EDGE('',*,*,#1221,.F.);
#1278 = PLANE('',#1279);
#1279 = AXIS2_PLACEMENT_3D('',#1280,#1281,#1282);
#1280 = CARTESIAN_POINT('',(-7.920881988136E-02,-13.53038021724,21.6));
#1281 = DIRECTION('',(-1.,2.22044604925E-16,0.));
#1282 = DIRECTION('',(0.,0.,1.));
#1283 = ADVANCED_FACE('',(#1284),#1290,.F.);
#1284 = FACE_BOUND('',#1285,.F.);
#1285 = EDGE_LOOP('',(#1286,#1287,#1288,#1289));
#1286 = ORIENTED_EDGE('',*,*,#1173,.F.);
#1287 = ORIENTED_EDGE('',*,*,#1243,.T.);
#1288 = ORIENTED_EDGE('',*,*,#1213,.T.);
#1289 = ORIENTED_EDGE('',*,*,#1265,.F.);
#1290 = PLANE('',#1291);
#1291 = AXIS2_PLACEMENT_3D('',#1292,#1293,#1294);
#1292 = CARTESIAN_POINT('',(1.420791180119,-13.53038021724,21.6));
#1293 = DIRECTION('',(0.,0.,1.));
#1294 = DIRECTION('',(2.22044604925E-16,1.,0.));
#1295 = ADVANCED_FACE('',(#1296),#1302,.T.);
#1296 = FACE_BOUND('',#1297,.T.);
#1297 = EDGE_LOOP('',(#1298,#1299,#1300,#1301));
#1298 = ORIENTED_EDGE('',*,*,#1189,.F.);
#1299 = ORIENTED_EDGE('',*,*,#1250,.T.);
#1300 = ORIENTED_EDGE('',*,*,#1229,.T.);
#1301 = ORIENTED_EDGE('',*,*,#1272,.F.);
#1302 = PLANE('',#1303);
#1303 = AXIS2_PLACEMENT_3D('',#1304,#1305,#1306);
#1304 = CARTESIAN_POINT('',(1.420791180119,-13.53038021724,23.6));
#1305 = DIRECTION('',(0.,0.,1.));
#1306 = DIRECTION('',(2.22044604925E-16,1.,0.));
#1307 = MANIFOLD_SOLID_BREP('',#1308);
#1308 = CLOSED_SHELL('',(#1309,#1349,#1389,#1411,#1433,#1445));
#1309 = ADVANCED_FACE('',(#1310),#1344,.F.);
#1310 = FACE_BOUND('',#1311,.F.);
#1311 = EDGE_LOOP('',(#1312,#1322,#1330,#1338));
#1312 = ORIENTED_EDGE('',*,*,#1313,.F.);
#1313 = EDGE_CURVE('',#1314,#1316,#1318,.T.);
#1314 = VERTEX_POINT('',#1315);
#1315 = CARTESIAN_POINT('',(6.3822348798,-2.517106973391,21.6));
#1316 = VERTEX_POINT('',#1317);
#1317 = CARTESIAN_POINT('',(6.3822348798,-2.517106973391,22.25));
#1318 = LINE('',#1319,#1320);
#1319 = CARTESIAN_POINT('',(6.3822348798,-2.517106973391,21.6));
#1320 = VECTOR('',#1321,1.);
#1321 = DIRECTION('',(0.,0.,1.));
#1322 = ORIENTED_EDGE('',*,*,#1323,.T.);
#1323 = EDGE_CURVE('',#1314,#1324,#1326,.T.);
#1324 = VERTEX_POINT('',#1325);
#1325 = CARTESIAN_POINT('',(6.3822348798,-3.117106973391,21.6));
#1326 = LINE('',#1327,#1328);
#1327 = CARTESIAN_POINT('',(6.3822348798,-2.517106973391,21.6));
#1328 = VECTOR('',#1329,1.);
#1329 = DIRECTION('',(1.224646799147E-16,-1.,0.));
#1330 = ORIENTED_EDGE('',*,*,#1331,.T.);
#1331 = EDGE_CURVE('',#1324,#1332,#1334,.T.);
#1332 = VERTEX_POINT('',#1333);
#1333 = CARTESIAN_POINT('',(6.3822348798,-3.117106973391,22.25));
#1334 = LINE('',#1335,#1336);
#1335 = CARTESIAN_POINT('',(6.3822348798,-3.117106973391,21.6));
#1336 = VECTOR('',#1337,1.);
#1337 = DIRECTION('',(0.,0.,1.));
#1338 = ORIENTED_EDGE('',*,*,#1339,.F.);
#1339 = EDGE_CURVE('',#1316,#1332,#1340,.T.);
#1340 = LINE('',#1341,#1342);
#1341 = CARTESIAN_POINT('',(6.3822348798,-2.517106973391,22.25));
#1342 = VECTOR('',#1343,1.);
#1343 = DIRECTION('',(1.224646799147E-16,-1.,0.));
#1344 = PLANE('',#1345);
#1345 = AXIS2_PLACEMENT_3D('',#1346,#1347,#1348);
#1346 = CARTESIAN_POINT('',(6.3822348798,-2.517106973391,21.6));
#1347 = DIRECTION('',(-1.,-1.224646799147E-16,0.));
#1348 = DIRECTION('',(0.,0.,1.));
#1349 = ADVANCED_FACE('',(#1350),#1384,.T.);
#1350 = FACE_BOUND('',#1351,.T.);
#1351 = EDGE_LOOP('',(#1352,#1362,#1370,#1378));
#1352 = ORIENTED_EDGE('',*,*,#1353,.F.);
#1353 = EDGE_CURVE('',#1354,#1356,#1358,.T.);
#1354 = VERTEX_POINT('',#1355);
#1355 = CARTESIAN_POINT('',(4.7662348798,-2.517106973391,21.6));
#1356 = VERTEX_POINT('',#1357);
#1357 = CARTESIAN_POINT('',(4.7662348798,-2.517106973391,22.25));
#1358 = LINE('',#1359,#1360);
#1359 = CARTESIAN_POINT('',(4.7662348798,-2.517106973391,21.6));
#1360 = VECTOR('',#1361,1.);
#1361 = DIRECTION('',(0.,0.,1.));
#1362 = ORIENTED_EDGE('',*,*,#1363,.T.);
#1363 = EDGE_CURVE('',#1354,#1364,#1366,.T.);
#1364 = VERTEX_POINT('',#1365);
#1365 = CARTESIAN_POINT('',(4.7662348798,-3.117106973391,21.6));
#1366 = LINE('',#1367,#1368);
#1367 = CARTESIAN_POINT('',(4.7662348798,-2.517106973391,21.6));
#1368 = VECTOR('',#1369,1.);
#1369 = DIRECTION('',(1.224646799147E-16,-1.,0.));
#1370 = ORIENTED_EDGE('',*,*,#1371,.T.);
#1371 = EDGE_CURVE('',#1364,#1372,#1374,.T.);
#1372 = VERTEX_POINT('',#1373);
#1373 = CARTESIAN_POINT('',(4.7662348798,-3.117106973391,22.25));
#1374 = LINE('',#1375,#1376);
#1375 = CARTESIAN_POINT('',(4.7662348798,-3.117106973391,21.6));
#1376 = VECTOR('',#1377,1.);
#1377 = DIRECTION('',(0.,0.,1.));
#1378 = ORIENTED_EDGE('',*,*,#1379,.F.);
#1379 = EDGE_CURVE('',#1356,#1372,#1380,.T.);
#1380 = LINE('',#1381,#1382);
#1381 = CARTESIAN_POINT('',(4.7662348798,-2.517106973391,22.25));
#1382 = VECTOR('',#1383,1.);
#1383 = DIRECTION('',(1.224646799147E-16,-1.,0.));
#1384 = PLANE('',#1385);
#1385 = AXIS2_PLACEMENT_3D('',#1386,#1387,#1388);
#1386 = CARTESIAN_POINT('',(4.7662348798,-2.517106973391,21.6));
#1387 = DIRECTION('',(-1.,-1.224646799147E-16,0.));
#1388 = DIRECTION('',(0.,0.,1.));
#1389 = ADVANCED_FACE('',(#1390),#1406,.F.);
#1390 = FACE_BOUND('',#1391,.F.);
#1391 = EDGE_LOOP('',(#1392,#1398,#1399,#1405));
#1392 = ORIENTED_EDGE('',*,*,#1393,.F.);
#1393 = EDGE_CURVE('',#1314,#1354,#1394,.T.);
#1394 = LINE('',#1395,#1396);
#1395 = CARTESIAN_POINT('',(6.3822348798,-2.517106973391,21.6));
#1396 = VECTOR('',#1397,1.);
#1397 = DIRECTION('',(-1.,-1.224646799147E-16,0.));
#1398 = ORIENTED_EDGE('',*,*,#1313,.T.);
#1399 = ORIENTED_EDGE('',*,*,#1400,.T.);
#1400 = EDGE_CURVE('',#1316,#1356,#1401,.T.);
#1401 = LINE('',#1402,#1403);
#1402 = CARTESIAN_POINT('',(6.3822348798,-2.517106973391,22.25));
#1403 = VECTOR('',#1404,1.);
#1404 = DIRECTION('',(-1.,-1.224646799147E-16,0.));
#1405 = ORIENTED_EDGE('',*,*,#1353,.F.);
#1406 = PLANE('',#1407);
#1407 = AXIS2_PLACEMENT_3D('',#1408,#1409,#1410);
#1408 = CARTESIAN_POINT('',(6.3822348798,-2.517106973391,21.6));
#1409 = DIRECTION('',(1.224646799147E-16,-1.,0.));
#1410 = DIRECTION('',(0.,0.,1.));
#1411 = ADVANCED_FACE('',(#1412),#1428,.T.);
#1412 = FACE_BOUND('',#1413,.T.);
#1413 = EDGE_LOOP('',(#1414,#1420,#1421,#1427));
#1414 = ORIENTED_EDGE('',*,*,#1415,.F.);
#1415 = EDGE_CURVE('',#1324,#1364,#1416,.T.);
#1416 = LINE('',#1417,#1418);
#1417 = CARTESIAN_POINT('',(6.3822348798,-3.117106973391,21.6));
#1418 = VECTOR('',#1419,1.);
#1419 = DIRECTION('',(-1.,-1.224646799147E-16,0.));
#1420 = ORIENTED_EDGE('',*,*,#1331,.T.);
#1421 = ORIENTED_EDGE('',*,*,#1422,.T.);
#1422 = EDGE_CURVE('',#1332,#1372,#1423,.T.);
#1423 = LINE('',#1424,#1425);
#1424 = CARTESIAN_POINT('',(6.3822348798,-3.117106973391,22.25));
#1425 = VECTOR('',#1426,1.);
#1426 = DIRECTION('',(-1.,-1.224646799147E-16,0.));
#1427 = ORIENTED_EDGE('',*,*,#1371,.F.);
#1428 = PLANE('',#1429);
#1429 = AXIS2_PLACEMENT_3D('',#1430,#1431,#1432);
#1430 = CARTESIAN_POINT('',(6.3822348798,-3.117106973391,21.6));
#1431 = DIRECTION('',(1.224646799147E-16,-1.,0.));
#1432 = DIRECTION('',(0.,0.,1.));
#1433 = ADVANCED_FACE('',(#1434),#1440,.F.);
#1434 = FACE_BOUND('',#1435,.F.);
#1435 = EDGE_LOOP('',(#1436,#1437,#1438,#1439));
#1436 = ORIENTED_EDGE('',*,*,#1323,.F.);
#1437 = ORIENTED_EDGE('',*,*,#1393,.T.);
#1438 = ORIENTED_EDGE('',*,*,#1363,.T.);
#1439 = ORIENTED_EDGE('',*,*,#1415,.F.);
#1440 = PLANE('',#1441);
#1441 = AXIS2_PLACEMENT_3D('',#1442,#1443,#1444);
#1442 = CARTESIAN_POINT('',(6.3822348798,-2.517106973391,21.6));
#1443 = DIRECTION('',(0.,0.,1.));
#1444 = DIRECTION('',(-1.,-1.224646799147E-16,0.));
#1445 = ADVANCED_FACE('',(#1446),#1452,.T.);
#1446 = FACE_BOUND('',#1447,.T.);
#1447 = EDGE_LOOP('',(#1448,#1449,#1450,#1451));
#1448 = ORIENTED_EDGE('',*,*,#1339,.F.);
#1449 = ORIENTED_EDGE('',*,*,#1400,.T.);
#1450 = ORIENTED_EDGE('',*,*,#1379,.T.);
#1451 = ORIENTED_EDGE('',*,*,#1422,.F.);
#1452 = PLANE('',#1453);
#1453 = AXIS2_PLACEMENT_3D('',#1454,#1455,#1456);
#1454 = CARTESIAN_POINT('',(6.3822348798,-2.517106973391,22.25));
#1455 = DIRECTION('',(0.,0.,1.));
#1456 = DIRECTION('',(-1.,-1.224646799147E-16,0.));
#1457 = MANIFOLD_SOLID_BREP('',#1458);
#1458 = CLOSED_SHELL('',(#1459,#1499,#1539,#1561,#1583,#1595));
#1459 = ADVANCED_FACE('',(#1460),#1494,.F.);
#1460 = FACE_BOUND('',#1461,.F.);
#1461 = EDGE_LOOP('',(#1462,#1472,#1480,#1488));
#1462 = ORIENTED_EDGE('',*,*,#1463,.F.);
#1463 = EDGE_CURVE('',#1464,#1466,#1468,.T.);
#1464 = VERTEX_POINT('',#1465);
#1465 = CARTESIAN_POINT('',(5.231103725265,-0.95879521706,21.6));
#1466 = VERTEX_POINT('',#1467);
#1467 = CARTESIAN_POINT('',(5.231103725265,-0.95879521706,22.25));
#1468 = LINE('',#1469,#1470);
#1469 = CARTESIAN_POINT('',(5.231103725265,-0.95879521706,21.6));
#1470 = VECTOR('',#1471,1.);
#1471 = DIRECTION('',(0.,0.,1.));
#1472 = ORIENTED_EDGE('',*,*,#1473,.T.);
#1473 = EDGE_CURVE('',#1464,#1474,#1476,.T.);
#1474 = VERTEX_POINT('',#1475);
#1475 = CARTESIAN_POINT('',(5.231103725265,-1.55879521706,21.6));
#1476 = LINE('',#1477,#1478);
#1477 = CARTESIAN_POINT('',(5.231103725265,-0.95879521706,21.6));
#1478 = VECTOR('',#1479,1.);
#1479 = DIRECTION('',(1.224646799147E-16,-1.,0.));
#1480 = ORIENTED_EDGE('',*,*,#1481,.T.);
#1481 = EDGE_CURVE('',#1474,#1482,#1484,.T.);
#1482 = VERTEX_POINT('',#1483);
#1483 = CARTESIAN_POINT('',(5.231103725265,-1.55879521706,22.25));
#1484 = LINE('',#1485,#1486);
#1485 = CARTESIAN_POINT('',(5.231103725265,-1.55879521706,21.6));
#1486 = VECTOR('',#1487,1.);
#1487 = DIRECTION('',(0.,0.,1.));
#1488 = ORIENTED_EDGE('',*,*,#1489,.F.);
#1489 = EDGE_CURVE('',#1466,#1482,#1490,.T.);
#1490 = LINE('',#1491,#1492);
#1491 = CARTESIAN_POINT('',(5.231103725265,-0.95879521706,22.25));
#1492 = VECTOR('',#1493,1.);
#1493 = DIRECTION('',(1.224646799147E-16,-1.,0.));
#1494 = PLANE('',#1495);
#1495 = AXIS2_PLACEMENT_3D('',#1496,#1497,#1498);
#1496 = CARTESIAN_POINT('',(5.231103725265,-0.95879521706,21.6));
#1497 = DIRECTION('',(-1.,-1.224646799147E-16,0.));
#1498 = DIRECTION('',(0.,0.,1.));
#1499 = ADVANCED_FACE('',(#1500),#1534,.T.);
#1500 = FACE_BOUND('',#1501,.T.);
#1501 = EDGE_LOOP('',(#1502,#1512,#1520,#1528));
#1502 = ORIENTED_EDGE('',*,*,#1503,.F.);
#1503 = EDGE_CURVE('',#1504,#1506,#1508,.T.);
#1504 = VERTEX_POINT('',#1505);
#1505 = CARTESIAN_POINT('',(3.615103725265,-0.95879521706,21.6));
#1506 = VERTEX_POINT('',#1507);
#1507 = CARTESIAN_POINT('',(3.615103725265,-0.95879521706,22.25));
#1508 = LINE('',#1509,#1510);
#1509 = CARTESIAN_POINT('',(3.615103725265,-0.95879521706,21.6));
#1510 = VECTOR('',#1511,1.);
#1511 = DIRECTION('',(0.,0.,1.));
#1512 = ORIENTED_EDGE('',*,*,#1513,.T.);
#1513 = EDGE_CURVE('',#1504,#1514,#1516,.T.);
#1514 = VERTEX_POINT('',#1515);
#1515 = CARTESIAN_POINT('',(3.615103725265,-1.55879521706,21.6));
#1516 = LINE('',#1517,#1518);
#1517 = CARTESIAN_POINT('',(3.615103725265,-0.95879521706,21.6));
#1518 = VECTOR('',#1519,1.);
#1519 = DIRECTION('',(1.224646799147E-16,-1.,0.));
#1520 = ORIENTED_EDGE('',*,*,#1521,.T.);
#1521 = EDGE_CURVE('',#1514,#1522,#1524,.T.);
#1522 = VERTEX_POINT('',#1523);
#1523 = CARTESIAN_POINT('',(3.615103725265,-1.55879521706,22.25));
#1524 = LINE('',#1525,#1526);
#1525 = CARTESIAN_POINT('',(3.615103725265,-1.55879521706,21.6));
#1526 = VECTOR('',#1527,1.);
#1527 = DIRECTION('',(0.,0.,1.));
#1528 = ORIENTED_EDGE('',*,*,#1529,.F.);
#1529 = EDGE_CURVE('',#1506,#1522,#1530,.T.);
#1530 = LINE('',#1531,#1532);
#1531 = CARTESIAN_POINT('',(3.615103725265,-0.95879521706,22.25));
#1532 = VECTOR('',#1533,1.);
#1533 = DIRECTION('',(1.224646799147E-16,-1.,0.));
#1534 = PLANE('',#1535);
#1535 = AXIS2_PLACEMENT_3D('',#1536,#1537,#1538);
#1536 = CARTESIAN_POINT('',(3.615103725265,-0.95879521706,21.6));
#1537 = DIRECTION('',(-1.,-1.224646799147E-16,0.));
#1538 = DIRECTION('',(0.,0.,1.));
#1539 = ADVANCED_FACE('',(#1540),#1556,.F.);
#1540 = FACE_BOUND('',#1541,.F.);
#1541 = EDGE_LOOP('',(#1542,#1548,#1549,#1555));
#1542 = ORIENTED_EDGE('',*,*,#1543,.F.);
#1543 = EDGE_CURVE('',#1464,#1504,#1544,.T.);
#1544 = LINE('',#1545,#1546);
#1545 = CARTESIAN_POINT('',(5.231103725265,-0.95879521706,21.6));
#1546 = VECTOR('',#1547,1.);
#1547 = DIRECTION('',(-1.,-1.224646799147E-16,0.));
#1548 = ORIENTED_EDGE('',*,*,#1463,.T.);
#1549 = ORIENTED_EDGE('',*,*,#1550,.T.);
#1550 = EDGE_CURVE('',#1466,#1506,#1551,.T.);
#1551 = LINE('',#1552,#1553);
#1552 = CARTESIAN_POINT('',(5.231103725265,-0.95879521706,22.25));
#1553 = VECTOR('',#1554,1.);
#1554 = DIRECTION('',(-1.,-1.224646799147E-16,0.));
#1555 = ORIENTED_EDGE('',*,*,#1503,.F.);
#1556 = PLANE('',#1557);
#1557 = AXIS2_PLACEMENT_3D('',#1558,#1559,#1560);
#1558 = CARTESIAN_POINT('',(5.231103725265,-0.95879521706,21.6));
#1559 = DIRECTION('',(1.224646799147E-16,-1.,0.));
#1560 = DIRECTION('',(0.,0.,1.));
#1561 = ADVANCED_FACE('',(#1562),#1578,.T.);
#1562 = FACE_BOUND('',#1563,.T.);
#1563 = EDGE_LOOP('',(#1564,#1570,#1571,#1577));
#1564 = ORIENTED_EDGE('',*,*,#1565,.F.);
#1565 = EDGE_CURVE('',#1474,#1514,#1566,.T.);
#1566 = LINE('',#1567,#1568);
#1567 = CARTESIAN_POINT('',(5.231103725265,-1.55879521706,21.6));
#1568 = VECTOR('',#1569,1.);
#1569 = DIRECTION('',(-1.,-1.224646799147E-16,0.));
#1570 = ORIENTED_EDGE('',*,*,#1481,.T.);
#1571 = ORIENTED_EDGE('',*,*,#1572,.T.);
#1572 = EDGE_CURVE('',#1482,#1522,#1573,.T.);
#1573 = LINE('',#1574,#1575);
#1574 = CARTESIAN_POINT('',(5.231103725265,-1.55879521706,22.25));
#1575 = VECTOR('',#1576,1.);
#1576 = DIRECTION('',(-1.,-1.224646799147E-16,0.));
#1577 = ORIENTED_EDGE('',*,*,#1521,.F.);
#1578 = PLANE('',#1579);
#1579 = AXIS2_PLACEMENT_3D('',#1580,#1581,#1582);
#1580 = CARTESIAN_POINT('',(5.231103725265,-1.55879521706,21.6));
#1581 = DIRECTION('',(1.224646799147E-16,-1.,0.));
#1582 = DIRECTION('',(0.,0.,1.));
#1583 = ADVANCED_FACE('',(#1584),#1590,.F.);
#1584 = FACE_BOUND('',#1585,.F.);
#1585 = EDGE_LOOP('',(#1586,#1587,#1588,#1589));
#1586 = ORIENTED_EDGE('',*,*,#1473,.F.);
#1587 = ORIENTED_EDGE('',*,*,#1543,.T.);
#1588 = ORIENTED_EDGE('',*,*,#1513,.T.);
#1589 = ORIENTED_EDGE('',*,*,#1565,.F.);
#1590 = PLANE('',#1591);
#1591 = AXIS2_PLACEMENT_3D('',#1592,#1593,#1594);
#1592 = CARTESIAN_POINT('',(5.231103725265,-0.95879521706,21.6));
#1593 = DIRECTION('',(0.,0.,1.));
#1594 = DIRECTION('',(-1.,-1.224646799147E-16,0.));
#1595 = ADVANCED_FACE('',(#1596),#1602,.T.);
#1596 = FACE_BOUND('',#1597,.T.);
#1597 = EDGE_LOOP('',(#1598,#1599,#1600,#1601));
#1598 = ORIENTED_EDGE('',*,*,#1489,.F.);
#1599 = ORIENTED_EDGE('',*,*,#1550,.T.);
#1600 = ORIENTED_EDGE('',*,*,#1529,.T.);
#1601 = ORIENTED_EDGE('',*,*,#1572,.F.);
#1602 = PLANE('',#1603);
#1603 = AXIS2_PLACEMENT_3D('',#1604,#1605,#1606);
#1604 = CARTESIAN_POINT('',(5.231103725265,-0.95879521706,22.25));
#1605 = DIRECTION('',(0.,0.,1.));
#1606 = DIRECTION('',(-1.,-1.224646799147E-16,0.));
#1607 = MANIFOLD_SOLID_BREP('',#1608);
#1608 = CLOSED_SHELL('',(#1609,#1649,#1689,#1711,#1733,#1745));
#1609 = ADVANCED_FACE('',(#1610),#1644,.F.);
#1610 = FACE_BOUND('',#1611,.F.);
#1611 = EDGE_LOOP('',(#1612,#1622,#1630,#1638));
#1612 = ORIENTED_EDGE('',*,*,#1613,.F.);
#1613 = EDGE_CURVE('',#1614,#1616,#1618,.T.);
#1614 = VERTEX_POINT('',#1615);
#1615 = CARTESIAN_POINT('',(5.869657918532,-1.811682092404,21.6));
#1616 = VERTEX_POINT('',#1617);
#1617 = CARTESIAN_POINT('',(5.869657918532,-1.811682092404,22.25));
#1618 = LINE('',#1619,#1620);
#1619 = CARTESIAN_POINT('',(5.869657918532,-1.811682092404,21.6));
#1620 = VECTOR('',#1621,1.);
#1621 = DIRECTION('',(0.,0.,1.));
#1622 = ORIENTED_EDGE('',*,*,#1623,.T.);
#1623 = EDGE_CURVE('',#1614,#1624,#1626,.T.);
#1624 = VERTEX_POINT('',#1625);
#1625 = CARTESIAN_POINT('',(5.869657918532,-1.211682092404,21.6));
#1626 = LINE('',#1627,#1628);
#1627 = CARTESIAN_POINT('',(5.869657918532,-1.811682092404,21.6));
#1628 = VECTOR('',#1629,1.);
#1629 = DIRECTION('',(0.,1.,0.));
#1630 = ORIENTED_EDGE('',*,*,#1631,.T.);
#1631 = EDGE_CURVE('',#1624,#1632,#1634,.T.);
#1632 = VERTEX_POINT('',#1633);
#1633 = CARTESIAN_POINT('',(5.869657918532,-1.211682092404,22.25));
#1634 = LINE('',#1635,#1636);
#1635 = CARTESIAN_POINT('',(5.869657918532,-1.211682092404,21.6));
#1636 = VECTOR('',#1637,1.);
#1637 = DIRECTION('',(0.,0.,1.));
#1638 = ORIENTED_EDGE('',*,*,#1639,.F.);
#1639 = EDGE_CURVE('',#1616,#1632,#1640,.T.);
#1640 = LINE('',#1641,#1642);
#1641 = CARTESIAN_POINT('',(5.869657918532,-1.811682092404,22.25));
#1642 = VECTOR('',#1643,1.);
#1643 = DIRECTION('',(0.,1.,0.));
#1644 = PLANE('',#1645);
#1645 = AXIS2_PLACEMENT_3D('',#1646,#1647,#1648);
#1646 = CARTESIAN_POINT('',(5.869657918532,-1.811682092404,21.6));
#1647 = DIRECTION('',(1.,0.,0.));
#1648 = DIRECTION('',(0.,0.,1.));
#1649 = ADVANCED_FACE('',(#1650),#1684,.T.);
#1650 = FACE_BOUND('',#1651,.T.);
#1651 = EDGE_LOOP('',(#1652,#1662,#1670,#1678));
#1652 = ORIENTED_EDGE('',*,*,#1653,.F.);
#1653 = EDGE_CURVE('',#1654,#1656,#1658,.T.);
#1654 = VERTEX_POINT('',#1655);
#1655 = CARTESIAN_POINT('',(7.485657918532,-1.811682092404,21.6));
#1656 = VERTEX_POINT('',#1657);
#1657 = CARTESIAN_POINT('',(7.485657918532,-1.811682092404,22.25));
#1658 = LINE('',#1659,#1660);
#1659 = CARTESIAN_POINT('',(7.485657918532,-1.811682092404,21.6));
#1660 = VECTOR('',#1661,1.);
#1661 = DIRECTION('',(0.,0.,1.));
#1662 = ORIENTED_EDGE('',*,*,#1663,.T.);
#1663 = EDGE_CURVE('',#1654,#1664,#1666,.T.);
#1664 = VERTEX_POINT('',#1665);
#1665 = CARTESIAN_POINT('',(7.485657918532,-1.211682092404,21.6));
#1666 = LINE('',#1667,#1668);
#1667 = CARTESIAN_POINT('',(7.485657918532,-1.811682092404,21.6));
#1668 = VECTOR('',#1669,1.);
#1669 = DIRECTION('',(0.,1.,0.));
#1670 = ORIENTED_EDGE('',*,*,#1671,.T.);
#1671 = EDGE_CURVE('',#1664,#1672,#1674,.T.);
#1672 = VERTEX_POINT('',#1673);
#1673 = CARTESIAN_POINT('',(7.485657918532,-1.211682092404,22.25));
#1674 = LINE('',#1675,#1676);
#1675 = CARTESIAN_POINT('',(7.485657918532,-1.211682092404,21.6));
#1676 = VECTOR('',#1677,1.);
#1677 = DIRECTION('',(0.,0.,1.));
#1678 = ORIENTED_EDGE('',*,*,#1679,.F.);
#1679 = EDGE_CURVE('',#1656,#1672,#1680,.T.);
#1680 = LINE('',#1681,#1682);
#1681 = CARTESIAN_POINT('',(7.485657918532,-1.811682092404,22.25));
#1682 = VECTOR('',#1683,1.);
#1683 = DIRECTION('',(0.,1.,0.));
#1684 = PLANE('',#1685);
#1685 = AXIS2_PLACEMENT_3D('',#1686,#1687,#1688);
#1686 = CARTESIAN_POINT('',(7.485657918532,-1.811682092404,21.6));
#1687 = DIRECTION('',(1.,0.,0.));
#1688 = DIRECTION('',(0.,0.,1.));
#1689 = ADVANCED_FACE('',(#1690),#1706,.F.);
#1690 = FACE_BOUND('',#1691,.F.);
#1691 = EDGE_LOOP('',(#1692,#1698,#1699,#1705));
#1692 = ORIENTED_EDGE('',*,*,#1693,.F.);
#1693 = EDGE_CURVE('',#1614,#1654,#1694,.T.);
#1694 = LINE('',#1695,#1696);
#1695 = CARTESIAN_POINT('',(5.869657918532,-1.811682092404,21.6));
#1696 = VECTOR('',#1697,1.);
#1697 = DIRECTION('',(1.,0.,0.));
#1698 = ORIENTED_EDGE('',*,*,#1613,.T.);
#1699 = ORIENTED_EDGE('',*,*,#1700,.T.);
#1700 = EDGE_CURVE('',#1616,#1656,#1701,.T.);
#1701 = LINE('',#1702,#1703);
#1702 = CARTESIAN_POINT('',(5.869657918532,-1.811682092404,22.25));
#1703 = VECTOR('',#1704,1.);
#1704 = DIRECTION('',(1.,0.,0.));
#1705 = ORIENTED_EDGE('',*,*,#1653,.F.);
#1706 = PLANE('',#1707);
#1707 = AXIS2_PLACEMENT_3D('',#1708,#1709,#1710);
#1708 = CARTESIAN_POINT('',(5.869657918532,-1.811682092404,21.6));
#1709 = DIRECTION('',(0.,1.,0.));
#1710 = DIRECTION('',(0.,0.,1.));
#1711 = ADVANCED_FACE('',(#1712),#1728,.T.);
#1712 = FACE_BOUND('',#1713,.T.);
#1713 = EDGE_LOOP('',(#1714,#1720,#1721,#1727));
#1714 = ORIENTED_EDGE('',*,*,#1715,.F.);
#1715 = EDGE_CURVE('',#1624,#1664,#1716,.T.);
#1716 = LINE('',#1717,#1718);
#1717 = CARTESIAN_POINT('',(5.869657918532,-1.211682092404,21.6));
#1718 = VECTOR('',#1719,1.);
#1719 = DIRECTION('',(1.,0.,0.));
#1720 = ORIENTED_EDGE('',*,*,#1631,.T.);
#1721 = ORIENTED_EDGE('',*,*,#1722,.T.);
#1722 = EDGE_CURVE('',#1632,#1672,#1723,.T.);
#1723 = LINE('',#1724,#1725);
#1724 = CARTESIAN_POINT('',(5.869657918532,-1.211682092404,22.25));
#1725 = VECTOR('',#1726,1.);
#1726 = DIRECTION('',(1.,0.,0.));
#1727 = ORIENTED_EDGE('',*,*,#1671,.F.);
#1728 = PLANE('',#1729);
#1729 = AXIS2_PLACEMENT_3D('',#1730,#1731,#1732);
#1730 = CARTESIAN_POINT('',(5.869657918532,-1.211682092404,21.6));
#1731 = DIRECTION('',(0.,1.,0.));
#1732 = DIRECTION('',(0.,0.,1.));
#1733 = ADVANCED_FACE('',(#1734),#1740,.F.);
#1734 = FACE_BOUND('',#1735,.F.);
#1735 = EDGE_LOOP('',(#1736,#1737,#1738,#1739));
#1736 = ORIENTED_EDGE('',*,*,#1623,.F.);
#1737 = ORIENTED_EDGE('',*,*,#1693,.T.);
#1738 = ORIENTED_EDGE('',*,*,#1663,.T.);
#1739 = ORIENTED_EDGE('',*,*,#1715,.F.);
#1740 = PLANE('',#1741);
#1741 = AXIS2_PLACEMENT_3D('',#1742,#1743,#1744);
#1742 = CARTESIAN_POINT('',(5.869657918532,-1.811682092404,21.6));
#1743 = DIRECTION('',(0.,0.,1.));
#1744 = DIRECTION('',(1.,0.,0.));
#1745 = ADVANCED_FACE('',(#1746),#1752,.T.);
#1746 = FACE_BOUND('',#1747,.T.);
#1747 = EDGE_LOOP('',(#1748,#1749,#1750,#1751));
#1748 = ORIENTED_EDGE('',*,*,#1639,.F.);
#1749 = ORIENTED_EDGE('',*,*,#1700,.T.);
#1750 = ORIENTED_EDGE('',*,*,#1679,.T.);
#1751 = ORIENTED_EDGE('',*,*,#1722,.F.);
#1752 = PLANE('',#1753);
#1753 = AXIS2_PLACEMENT_3D('',#1754,#1755,#1756);
#1754 = CARTESIAN_POINT('',(5.869657918532,-1.811682092404,22.25));
#1755 = DIRECTION('',(0.,0.,1.));
#1756 = DIRECTION('',(1.,0.,0.));
#1757 = MANIFOLD_SOLID_BREP('',#1758);
#1758 = CLOSED_SHELL('',(#1759,#1799,#1839,#1861,#1883,#1895));
#1759 = ADVANCED_FACE('',(#1760),#1794,.F.);
#1760 = FACE_BOUND('',#1761,.F.);
#1761 = EDGE_LOOP('',(#1762,#1772,#1780,#1788));
#1762 = ORIENTED_EDGE('',*,*,#1763,.F.);
#1763 = EDGE_CURVE('',#1764,#1766,#1768,.T.);
#1764 = VERTEX_POINT('',#1765);
#1765 = CARTESIAN_POINT('',(5.081755595221,1.554380813231,21.6));
#1766 = VERTEX_POINT('',#1767);
#1767 = CARTESIAN_POINT('',(5.081755595221,1.554380813231,22.25));
#1768 = LINE('',#1769,#1770);
#1769 = CARTESIAN_POINT('',(5.081755595221,1.554380813231,21.6));
#1770 = VECTOR('',#1771,1.);
#1771 = DIRECTION('',(0.,0.,1.));
#1772 = ORIENTED_EDGE('',*,*,#1773,.T.);
#1773 = EDGE_CURVE('',#1764,#1774,#1776,.T.);
#1774 = VERTEX_POINT('',#1775);
#1775 = CARTESIAN_POINT('',(5.081755595221,0.954380813231,21.6));
#1776 = LINE('',#1777,#1778);
#1777 = CARTESIAN_POINT('',(5.081755595221,1.554380813231,21.6));
#1778 = VECTOR('',#1779,1.);
#1779 = DIRECTION('',(1.224646799147E-16,-1.,0.));
#1780 = ORIENTED_EDGE('',*,*,#1781,.T.);
#1781 = EDGE_CURVE('',#1774,#1782,#1784,.T.);
#1782 = VERTEX_POINT('',#1783);
#1783 = CARTESIAN_POINT('',(5.081755595221,0.954380813231,22.25));
#1784 = LINE('',#1785,#1786);
#1785 = CARTESIAN_POINT('',(5.081755595221,0.954380813231,21.6));
#1786 = VECTOR('',#1787,1.);
#1787 = DIRECTION('',(0.,0.,1.));
#1788 = ORIENTED_EDGE('',*,*,#1789,.F.);
#1789 = EDGE_CURVE('',#1766,#1782,#1790,.T.);
#1790 = LINE('',#1791,#1792);
#1791 = CARTESIAN_POINT('',(5.081755595221,1.554380813231,22.25));
#1792 = VECTOR('',#1793,1.);
#1793 = DIRECTION('',(1.224646799147E-16,-1.,0.));
#1794 = PLANE('',#1795);
#1795 = AXIS2_PLACEMENT_3D('',#1796,#1797,#1798);
#1796 = CARTESIAN_POINT('',(5.081755595221,1.554380813231,21.6));
#1797 = DIRECTION('',(-1.,-1.224646799147E-16,0.));
#1798 = DIRECTION('',(0.,0.,1.));
#1799 = ADVANCED_FACE('',(#1800),#1834,.T.);
#1800 = FACE_BOUND('',#1801,.T.);
#1801 = EDGE_LOOP('',(#1802,#1812,#1820,#1828));
#1802 = ORIENTED_EDGE('',*,*,#1803,.F.);
#1803 = EDGE_CURVE('',#1804,#1806,#1808,.T.);
#1804 = VERTEX_POINT('',#1805);
#1805 = CARTESIAN_POINT('',(3.465755595221,1.554380813231,21.6));
#1806 = VERTEX_POINT('',#1807);
#1807 = CARTESIAN_POINT('',(3.465755595221,1.554380813231,22.25));
#1808 = LINE('',#1809,#1810);
#1809 = CARTESIAN_POINT('',(3.465755595221,1.554380813231,21.6));
#1810 = VECTOR('',#1811,1.);
#1811 = DIRECTION('',(0.,0.,1.));
#1812 = ORIENTED_EDGE('',*,*,#1813,.T.);
#1813 = EDGE_CURVE('',#1804,#1814,#1816,.T.);
#1814 = VERTEX_POINT('',#1815);
#1815 = CARTESIAN_POINT('',(3.465755595221,0.954380813231,21.6));
#1816 = LINE('',#1817,#1818);
#1817 = CARTESIAN_POINT('',(3.465755595221,1.554380813231,21.6));
#1818 = VECTOR('',#1819,1.);
#1819 = DIRECTION('',(1.224646799147E-16,-1.,0.));
#1820 = ORIENTED_EDGE('',*,*,#1821,.T.);
#1821 = EDGE_CURVE('',#1814,#1822,#1824,.T.);
#1822 = VERTEX_POINT('',#1823);
#1823 = CARTESIAN_POINT('',(3.465755595221,0.954380813231,22.25));
#1824 = LINE('',#1825,#1826);
#1825 = CARTESIAN_POINT('',(3.465755595221,0.954380813231,21.6));
#1826 = VECTOR('',#1827,1.);
#1827 = DIRECTION('',(0.,0.,1.));
#1828 = ORIENTED_EDGE('',*,*,#1829,.F.);
#1829 = EDGE_CURVE('',#1806,#1822,#1830,.T.);
#1830 = LINE('',#1831,#1832);
#1831 = CARTESIAN_POINT('',(3.465755595221,1.554380813231,22.25));
#1832 = VECTOR('',#1833,1.);
#1833 = DIRECTION('',(1.224646799147E-16,-1.,0.));
#1834 = PLANE('',#1835);
#1835 = AXIS2_PLACEMENT_3D('',#1836,#1837,#1838);
#1836 = CARTESIAN_POINT('',(3.465755595221,1.554380813231,21.6));
#1837 = DIRECTION('',(-1.,-1.224646799147E-16,0.));
#1838 = DIRECTION('',(0.,0.,1.));
#1839 = ADVANCED_FACE('',(#1840),#1856,.F.);
#1840 = FACE_BOUND('',#1841,.F.);
#1841 = EDGE_LOOP('',(#1842,#1848,#1849,#1855));
#1842 = ORIENTED_EDGE('',*,*,#1843,.F.);
#1843 = EDGE_CURVE('',#1764,#1804,#1844,.T.);
#1844 = LINE('',#1845,#1846);
#1845 = CARTESIAN_POINT('',(5.081755595221,1.554380813231,21.6));
#1846 = VECTOR('',#1847,1.);
#1847 = DIRECTION('',(-1.,-1.224646799147E-16,0.));
#1848 = ORIENTED_EDGE('',*,*,#1763,.T.);
#1849 = ORIENTED_EDGE('',*,*,#1850,.T.);
#1850 = EDGE_CURVE('',#1766,#1806,#1851,.T.);
#1851 = LINE('',#1852,#1853);
#1852 = CARTESIAN_POINT('',(5.081755595221,1.554380813231,22.25));
#1853 = VECTOR('',#1854,1.);
#1854 = DIRECTION('',(-1.,-1.224646799147E-16,0.));
#1855 = ORIENTED_EDGE('',*,*,#1803,.F.);
#1856 = PLANE('',#1857);
#1857 = AXIS2_PLACEMENT_3D('',#1858,#1859,#1860);
#1858 = CARTESIAN_POINT('',(5.081755595221,1.554380813231,21.6));
#1859 = DIRECTION('',(1.224646799147E-16,-1.,0.));
#1860 = DIRECTION('',(0.,0.,1.));
#1861 = ADVANCED_FACE('',(#1862),#1878,.T.);
#1862 = FACE_BOUND('',#1863,.T.);
#1863 = EDGE_LOOP('',(#1864,#1870,#1871,#1877));
#1864 = ORIENTED_EDGE('',*,*,#1865,.F.);
#1865 = EDGE_CURVE('',#1774,#1814,#1866,.T.);
#1866 = LINE('',#1867,#1868);
#1867 = CARTESIAN_POINT('',(5.081755595221,0.954380813231,21.6));
#1868 = VECTOR('',#1869,1.);
#1869 = DIRECTION('',(-1.,-1.224646799147E-16,0.));
#1870 = ORIENTED_EDGE('',*,*,#1781,.T.);
#1871 = ORIENTED_EDGE('',*,*,#1872,.T.);
#1872 = EDGE_CURVE('',#1782,#1822,#1873,.T.);
#1873 = LINE('',#1874,#1875);
#1874 = CARTESIAN_POINT('',(5.081755595221,0.954380813231,22.25));
#1875 = VECTOR('',#1876,1.);
#1876 = DIRECTION('',(-1.,-1.224646799147E-16,0.));
#1877 = ORIENTED_EDGE('',*,*,#1821,.F.);
#1878 = PLANE('',#1879);
#1879 = AXIS2_PLACEMENT_3D('',#1880,#1881,#1882);
#1880 = CARTESIAN_POINT('',(5.081755595221,0.954380813231,21.6));
#1881 = DIRECTION('',(1.224646799147E-16,-1.,0.));
#1882 = DIRECTION('',(0.,0.,1.));
#1883 = ADVANCED_FACE('',(#1884),#1890,.F.);
#1884 = FACE_BOUND('',#1885,.F.);
#1885 = EDGE_LOOP('',(#1886,#1887,#1888,#1889));
#1886 = ORIENTED_EDGE('',*,*,#1773,.F.);
#1887 = ORIENTED_EDGE('',*,*,#1843,.T.);
#1888 = ORIENTED_EDGE('',*,*,#1813,.T.);
#1889 = ORIENTED_EDGE('',*,*,#1865,.F.);
#1890 = PLANE('',#1891);
#1891 = AXIS2_PLACEMENT_3D('',#1892,#1893,#1894);
#1892 = CARTESIAN_POINT('',(5.081755595221,1.554380813231,21.6));
#1893 = DIRECTION('',(0.,0.,1.));
#1894 = DIRECTION('',(-1.,-1.224646799147E-16,0.));
#1895 = ADVANCED_FACE('',(#1896),#1902,.T.);
#1896 = FACE_BOUND('',#1897,.T.);
#1897 = EDGE_LOOP('',(#1898,#1899,#1900,#1901));
#1898 = ORIENTED_EDGE('',*,*,#1789,.F.);
#1899 = ORIENTED_EDGE('',*,*,#1850,.T.);
#1900 = ORIENTED_EDGE('',*,*,#1829,.T.);
#1901 = ORIENTED_EDGE('',*,*,#1872,.F.);
#1902 = PLANE('',#1903);
#1903 = AXIS2_PLACEMENT_3D('',#1904,#1905,#1906);
#1904 = CARTESIAN_POINT('',(5.081755595221,1.554380813231,22.25));
#1905 = DIRECTION('',(0.,0.,1.));
#1906 = DIRECTION('',(-1.,-1.224646799147E-16,0.));
#1907 = MANIFOLD_SOLID_BREP('',#1908);
#1908 = CLOSED_SHELL('',(#1909,#1949,#1989,#2011,#2033,#2045));
#1909 = ADVANCED_FACE('',(#1910),#1944,.F.);
#1910 = FACE_BOUND('',#1911,.F.);
#1911 = EDGE_LOOP('',(#1912,#1922,#1930,#1938));
#1912 = ORIENTED_EDGE('',*,*,#1913,.F.);
#1913 = EDGE_CURVE('',#1914,#1916,#1918,.T.);
#1914 = VERTEX_POINT('',#1915);
#1915 = CARTESIAN_POINT('',(0.750979702699,-9.196222828563,21.6));
#1916 = VERTEX_POINT('',#1917);
#1917 = CARTESIAN_POINT('',(0.750979702699,-9.196222828563,22.25));
#1918 = LINE('',#1919,#1920);
#1919 = CARTESIAN_POINT('',(0.750979702699,-9.196222828563,21.6));
#1920 = VECTOR('',#1921,1.);
#1921 = DIRECTION('',(0.,0.,1.));
#1922 = ORIENTED_EDGE('',*,*,#1923,.T.);
#1923 = EDGE_CURVE('',#1914,#1924,#1926,.T.);
#1924 = VERTEX_POINT('',#1925);
#1925 = CARTESIAN_POINT('',(0.750979702699,-9.796222828563,21.6));
#1926 = LINE('',#1927,#1928);
#1927 = CARTESIAN_POINT('',(0.750979702699,-9.196222828563,21.6));
#1928 = VECTOR('',#1929,1.);
#1929 = DIRECTION('',(1.224646799147E-16,-1.,0.));
#1930 = ORIENTED_EDGE('',*,*,#1931,.T.);
#1931 = EDGE_CURVE('',#1924,#1932,#1934,.T.);
#1932 = VERTEX_POINT('',#1933);
#1933 = CARTESIAN_POINT('',(0.750979702699,-9.796222828563,22.25));
#1934 = LINE('',#1935,#1936);
#1935 = CARTESIAN_POINT('',(0.750979702699,-9.796222828563,21.6));
#1936 = VECTOR('',#1937,1.);
#1937 = DIRECTION('',(0.,0.,1.));
#1938 = ORIENTED_EDGE('',*,*,#1939,.F.);
#1939 = EDGE_CURVE('',#1916,#1932,#1940,.T.);
#1940 = LINE('',#1941,#1942);
#1941 = CARTESIAN_POINT('',(0.750979702699,-9.196222828563,22.25));
#1942 = VECTOR('',#1943,1.);
#1943 = DIRECTION('',(1.224646799147E-16,-1.,0.));
#1944 = PLANE('',#1945);
#1945 = AXIS2_PLACEMENT_3D('',#1946,#1947,#1948);
#1946 = CARTESIAN_POINT('',(0.750979702699,-9.196222828563,21.6));
#1947 = DIRECTION('',(-1.,-1.224646799147E-16,0.));
#1948 = DIRECTION('',(0.,0.,1.));
#1949 = ADVANCED_FACE('',(#1950),#1984,.T.);
#1950 = FACE_BOUND('',#1951,.T.);
#1951 = EDGE_LOOP('',(#1952,#1962,#1970,#1978));
#1952 = ORIENTED_EDGE('',*,*,#1953,.F.);
#1953 = EDGE_CURVE('',#1954,#1956,#1958,.T.);
#1954 = VERTEX_POINT('',#1955);
#1955 = CARTESIAN_POINT('',(-0.865020297301,-9.196222828563,21.6));
#1956 = VERTEX_POINT('',#1957);
#1957 = CARTESIAN_POINT('',(-0.865020297301,-9.196222828563,22.25));
#1958 = LINE('',#1959,#1960);
#1959 = CARTESIAN_POINT('',(-0.865020297301,-9.196222828563,21.6));
#1960 = VECTOR('',#1961,1.);
#1961 = DIRECTION('',(0.,0.,1.));
#1962 = ORIENTED_EDGE('',*,*,#1963,.T.);
#1963 = EDGE_CURVE('',#1954,#1964,#1966,.T.);
#1964 = VERTEX_POINT('',#1965);
#1965 = CARTESIAN_POINT('',(-0.865020297301,-9.796222828563,21.6));
#1966 = LINE('',#1967,#1968);
#1967 = CARTESIAN_POINT('',(-0.865020297301,-9.196222828563,21.6));
#1968 = VECTOR('',#1969,1.);
#1969 = DIRECTION('',(1.224646799147E-16,-1.,0.));
#1970 = ORIENTED_EDGE('',*,*,#1971,.T.);
#1971 = EDGE_CURVE('',#1964,#1972,#1974,.T.);
#1972 = VERTEX_POINT('',#1973);
#1973 = CARTESIAN_POINT('',(-0.865020297301,-9.796222828563,22.25));
#1974 = LINE('',#1975,#1976);
#1975 = CARTESIAN_POINT('',(-0.865020297301,-9.796222828563,21.6));
#1976 = VECTOR('',#1977,1.);
#1977 = DIRECTION('',(0.,0.,1.));
#1978 = ORIENTED_EDGE('',*,*,#1979,.F.);
#1979 = EDGE_CURVE('',#1956,#1972,#1980,.T.);
#1980 = LINE('',#1981,#1982);
#1981 = CARTESIAN_POINT('',(-0.865020297301,-9.196222828563,22.25));
#1982 = VECTOR('',#1983,1.);
#1983 = DIRECTION('',(1.224646799147E-16,-1.,0.));
#1984 = PLANE('',#1985);
#1985 = AXIS2_PLACEMENT_3D('',#1986,#1987,#1988);
#1986 = CARTESIAN_POINT('',(-0.865020297301,-9.196222828563,21.6));
#1987 = DIRECTION('',(-1.,-1.224646799147E-16,0.));
#1988 = DIRECTION('',(0.,0.,1.));
#1989 = ADVANCED_FACE('',(#1990),#2006,.F.);
#1990 = FACE_BOUND('',#1991,.F.);
#1991 = EDGE_LOOP('',(#1992,#1998,#1999,#2005));
#1992 = ORIENTED_EDGE('',*,*,#1993,.F.);
#1993 = EDGE_CURVE('',#1914,#1954,#1994,.T.);
#1994 = LINE('',#1995,#1996);
#1995 = CARTESIAN_POINT('',(0.750979702699,-9.196222828563,21.6));
#1996 = VECTOR('',#1997,1.);
#1997 = DIRECTION('',(-1.,-1.224646799147E-16,0.));
#1998 = ORIENTED_EDGE('',*,*,#1913,.T.);
#1999 = ORIENTED_EDGE('',*,*,#2000,.T.);
#2000 = EDGE_CURVE('',#1916,#1956,#2001,.T.);
#2001 = LINE('',#2002,#2003);
#2002 = CARTESIAN_POINT('',(0.750979702699,-9.196222828563,22.25));
#2003 = VECTOR('',#2004,1.);
#2004 = DIRECTION('',(-1.,-1.224646799147E-16,0.));
#2005 = ORIENTED_EDGE('',*,*,#1953,.F.);
#2006 = PLANE('',#2007);
#2007 = AXIS2_PLACEMENT_3D('',#2008,#2009,#2010);
#2008 = CARTESIAN_POINT('',(0.750979702699,-9.196222828563,21.6));
#2009 = DIRECTION('',(1.224646799147E-16,-1.,0.));
#2010 = DIRECTION('',(0.,0.,1.));
#2011 = ADVANCED_FACE('',(#2012),#2028,.T.);
#2012 = FACE_BOUND('',#2013,.T.);
#2013 = EDGE_LOOP('',(#2014,#2020,#2021,#2027));
#2014 = ORIENTED_EDGE('',*,*,#2015,.F.);
#2015 = EDGE_CURVE('',#1924,#1964,#2016,.T.);
#2016 = LINE('',#2017,#2018);
#2017 = CARTESIAN_POINT('',(0.750979702699,-9.796222828563,21.6));
#2018 = VECTOR('',#2019,1.);
#2019 = DIRECTION('',(-1.,-1.224646799147E-16,0.));
#2020 = ORIENTED_EDGE('',*,*,#1931,.T.);
#2021 = ORIENTED_EDGE('',*,*,#2022,.T.);
#2022 = EDGE_CURVE('',#1932,#1972,#2023,.T.);
#2023 = LINE('',#2024,#2025);
#2024 = CARTESIAN_POINT('',(0.750979702699,-9.796222828563,22.25));
#2025 = VECTOR('',#2026,1.);
#2026 = DIRECTION('',(-1.,-1.224646799147E-16,0.));
#2027 = ORIENTED_EDGE('',*,*,#1971,.F.);
#2028 = PLANE('',#2029);
#2029 = AXIS2_PLACEMENT_3D('',#2030,#2031,#2032);
#2030 = CARTESIAN_POINT('',(0.750979702699,-9.796222828563,21.6));
#2031 = DIRECTION('',(1.224646799147E-16,-1.,0.));
#2032 = DIRECTION('',(0.,0.,1.));
#2033 = ADVANCED_FACE('',(#2034),#2040,.F.);
#2034 = FACE_BOUND('',#2035,.F.);
#2035 = EDGE_LOOP('',(#2036,#2037,#2038,#2039));
#2036 = ORIENTED_EDGE('',*,*,#1923,.F.);
#2037 = ORIENTED_EDGE('',*,*,#1993,.T.);
#2038 = ORIENTED_EDGE('',*,*,#1963,.T.);
#2039 = ORIENTED_EDGE('',*,*,#2015,.F.);
#2040 = PLANE('',#2041);
#2041 = AXIS2_PLACEMENT_3D('',#2042,#2043,#2044);
#2042 = CARTESIAN_POINT('',(0.750979702699,-9.196222828563,21.6));
#2043 = DIRECTION('',(0.,0.,1.));
#2044 = DIRECTION('',(-1.,-1.224646799147E-16,0.));
#2045 = ADVANCED_FACE('',(#2046),#2052,.T.);
#2046 = FACE_BOUND('',#2047,.T.);
#2047 = EDGE_LOOP('',(#2048,#2049,#2050,#2051));
#2048 = ORIENTED_EDGE('',*,*,#1939,.F.);
#2049 = ORIENTED_EDGE('',*,*,#2000,.T.);
#2050 = ORIENTED_EDGE('',*,*,#1979,.T.);
#2051 = ORIENTED_EDGE('',*,*,#2022,.F.);
#2052 = PLANE('',#2053);
#2053 = AXIS2_PLACEMENT_3D('',#2054,#2055,#2056);
#2054 = CARTESIAN_POINT('',(0.750979702699,-9.196222828563,22.25));
#2055 = DIRECTION('',(0.,0.,1.));
#2056 = DIRECTION('',(-1.,-1.224646799147E-16,0.));
#2057 = MANIFOLD_SOLID_BREP('',#2058);
#2058 = CLOSED_SHELL('',(#2059,#2099,#2139,#2161,#2183,#2195));
#2059 = ADVANCED_FACE('',(#2060),#2094,.F.);
#2060 = FACE_BOUND('',#2061,.F.);
#2061 = EDGE_LOOP('',(#2062,#2072,#2080,#2088));
#2062 = ORIENTED_EDGE('',*,*,#2063,.F.);
#2063 = EDGE_CURVE('',#2064,#2066,#2068,.T.);
#2064 = VERTEX_POINT('',#2065);
#2065 = CARTESIAN_POINT('',(-11.71733523424,4.541023071856,21.6));
#2066 = VERTEX_POINT('',#2067);
#2067 = CARTESIAN_POINT('',(-11.71733523424,4.541023071856,22.25));
#2068 = LINE('',#2069,#2070);
#2069 = CARTESIAN_POINT('',(-11.71733523424,4.541023071856,21.6));
#2070 = VECTOR('',#2071,1.);
#2071 = DIRECTION('',(0.,0.,1.));
#2072 = ORIENTED_EDGE('',*,*,#2073,.T.);
#2073 = EDGE_CURVE('',#2064,#2074,#2076,.T.);
#2074 = VERTEX_POINT('',#2075);
#2075 = CARTESIAN_POINT('',(-11.11733523424,4.541023071856,21.6));
#2076 = LINE('',#2077,#2078);
#2077 = CARTESIAN_POINT('',(-11.71733523424,4.541023071856,21.6));
#2078 = VECTOR('',#2079,1.);
#2079 = DIRECTION('',(1.,1.110223024625E-16,0.));
#2080 = ORIENTED_EDGE('',*,*,#2081,.T.);
#2081 = EDGE_CURVE('',#2074,#2082,#2084,.T.);
#2082 = VERTEX_POINT('',#2083);
#2083 = CARTESIAN_POINT('',(-11.11733523424,4.541023071856,22.25));
#2084 = LINE('',#2085,#2086);
#2085 = CARTESIAN_POINT('',(-11.11733523424,4.541023071856,21.6));
#2086 = VECTOR('',#2087,1.);
#2087 = DIRECTION('',(0.,0.,1.));
#2088 = ORIENTED_EDGE('',*,*,#2089,.F.);
#2089 = EDGE_CURVE('',#2066,#2082,#2090,.T.);
#2090 = LINE('',#2091,#2092);
#2091 = CARTESIAN_POINT('',(-11.71733523424,4.541023071856,22.25));
#2092 = VECTOR('',#2093,1.);
#2093 = DIRECTION('',(1.,1.110223024625E-16,0.));
#2094 = PLANE('',#2095);
#2095 = AXIS2_PLACEMENT_3D('',#2096,#2097,#2098);
#2096 = CARTESIAN_POINT('',(-11.71733523424,4.541023071856,21.6));
#2097 = DIRECTION('',(1.110223024625E-16,-1.,0.));
#2098 = DIRECTION('',(0.,0.,1.));
#2099 = ADVANCED_FACE('',(#2100),#2134,.T.);
#2100 = FACE_BOUND('',#2101,.T.);
#2101 = EDGE_LOOP('',(#2102,#2112,#2120,#2128));
#2102 = ORIENTED_EDGE('',*,*,#2103,.F.);
#2103 = EDGE_CURVE('',#2104,#2106,#2108,.T.);
#2104 = VERTEX_POINT('',#2105);
#2105 = CARTESIAN_POINT('',(-11.71733523424,2.925023071856,21.6));
#2106 = VERTEX_POINT('',#2107);
#2107 = CARTESIAN_POINT('',(-11.71733523424,2.925023071856,22.25));
#2108 = LINE('',#2109,#2110);
#2109 = CARTESIAN_POINT('',(-11.71733523424,2.925023071856,21.6));
#2110 = VECTOR('',#2111,1.);
#2111 = DIRECTION('',(0.,0.,1.));
#2112 = ORIENTED_EDGE('',*,*,#2113,.T.);
#2113 = EDGE_CURVE('',#2104,#2114,#2116,.T.);
#2114 = VERTEX_POINT('',#2115);
#2115 = CARTESIAN_POINT('',(-11.11733523424,2.925023071856,21.6));
#2116 = LINE('',#2117,#2118);
#2117 = CARTESIAN_POINT('',(-11.71733523424,2.925023071856,21.6));
#2118 = VECTOR('',#2119,1.);
#2119 = DIRECTION('',(1.,1.110223024625E-16,0.));
#2120 = ORIENTED_EDGE('',*,*,#2121,.T.);
#2121 = EDGE_CURVE('',#2114,#2122,#2124,.T.);
#2122 = VERTEX_POINT('',#2123);
#2123 = CARTESIAN_POINT('',(-11.11733523424,2.925023071856,22.25));
#2124 = LINE('',#2125,#2126);
#2125 = CARTESIAN_POINT('',(-11.11733523424,2.925023071856,21.6));
#2126 = VECTOR('',#2127,1.);
#2127 = DIRECTION('',(0.,0.,1.));
#2128 = ORIENTED_EDGE('',*,*,#2129,.F.);
#2129 = EDGE_CURVE('',#2106,#2122,#2130,.T.);
#2130 = LINE('',#2131,#2132);
#2131 = CARTESIAN_POINT('',(-11.71733523424,2.925023071856,22.25));
#2132 = VECTOR('',#2133,1.);
#2133 = DIRECTION('',(1.,1.110223024625E-16,0.));
#2134 = PLANE('',#2135);
#2135 = AXIS2_PLACEMENT_3D('',#2136,#2137,#2138);
#2136 = CARTESIAN_POINT('',(-11.71733523424,2.925023071856,21.6));
#2137 = DIRECTION('',(1.110223024625E-16,-1.,0.));
#2138 = DIRECTION('',(0.,0.,1.));
#2139 = ADVANCED_FACE('',(#2140),#2156,.F.);
#2140 = FACE_BOUND('',#2141,.F.);
#2141 = EDGE_LOOP('',(#2142,#2148,#2149,#2155));
#2142 = ORIENTED_EDGE('',*,*,#2143,.F.);
#2143 = EDGE_CURVE('',#2064,#2104,#2144,.T.);
#2144 = LINE('',#2145,#2146);
#2145 = CARTESIAN_POINT('',(-11.71733523424,4.541023071856,21.6));
#2146 = VECTOR('',#2147,1.);
#2147 = DIRECTION('',(1.110223024625E-16,-1.,0.));
#2148 = ORIENTED_EDGE('',*,*,#2063,.T.);
#2149 = ORIENTED_EDGE('',*,*,#2150,.T.);
#2150 = EDGE_CURVE('',#2066,#2106,#2151,.T.);
#2151 = LINE('',#2152,#2153);
#2152 = CARTESIAN_POINT('',(-11.71733523424,4.541023071856,22.25));
#2153 = VECTOR('',#2154,1.);
#2154 = DIRECTION('',(1.110223024625E-16,-1.,0.));
#2155 = ORIENTED_EDGE('',*,*,#2103,.F.);
#2156 = PLANE('',#2157);
#2157 = AXIS2_PLACEMENT_3D('',#2158,#2159,#2160);
#2158 = CARTESIAN_POINT('',(-11.71733523424,4.541023071856,21.6));
#2159 = DIRECTION('',(1.,1.110223024625E-16,0.));
#2160 = DIRECTION('',(0.,0.,1.));
#2161 = ADVANCED_FACE('',(#2162),#2178,.T.);
#2162 = FACE_BOUND('',#2163,.T.);
#2163 = EDGE_LOOP('',(#2164,#2170,#2171,#2177));
#2164 = ORIENTED_EDGE('',*,*,#2165,.F.);
#2165 = EDGE_CURVE('',#2074,#2114,#2166,.T.);
#2166 = LINE('',#2167,#2168);
#2167 = CARTESIAN_POINT('',(-11.11733523424,4.541023071856,21.6));
#2168 = VECTOR('',#2169,1.);
#2169 = DIRECTION('',(1.110223024625E-16,-1.,0.));
#2170 = ORIENTED_EDGE('',*,*,#2081,.T.);
#2171 = ORIENTED_EDGE('',*,*,#2172,.T.);
#2172 = EDGE_CURVE('',#2082,#2122,#2173,.T.);
#2173 = LINE('',#2174,#2175);
#2174 = CARTESIAN_POINT('',(-11.11733523424,4.541023071856,22.25));
#2175 = VECTOR('',#2176,1.);
#2176 = DIRECTION('',(1.110223024625E-16,-1.,0.));
#2177 = ORIENTED_EDGE('',*,*,#2121,.F.);
#2178 = PLANE('',#2179);
#2179 = AXIS2_PLACEMENT_3D('',#2180,#2181,#2182);
#2180 = CARTESIAN_POINT('',(-11.11733523424,4.541023071856,21.6));
#2181 = DIRECTION('',(1.,1.110223024625E-16,0.));
#2182 = DIRECTION('',(0.,0.,1.));
#2183 = ADVANCED_FACE('',(#2184),#2190,.F.);
#2184 = FACE_BOUND('',#2185,.F.);
#2185 = EDGE_LOOP('',(#2186,#2187,#2188,#2189));
#2186 = ORIENTED_EDGE('',*,*,#2073,.F.);
#2187 = ORIENTED_EDGE('',*,*,#2143,.T.);
#2188 = ORIENTED_EDGE('',*,*,#2113,.T.);
#2189 = ORIENTED_EDGE('',*,*,#2165,.F.);
#2190 = PLANE('',#2191);
#2191 = AXIS2_PLACEMENT_3D('',#2192,#2193,#2194);
#2192 = CARTESIAN_POINT('',(-11.71733523424,4.541023071856,21.6));
#2193 = DIRECTION('',(0.,0.,1.));
#2194 = DIRECTION('',(1.110223024625E-16,-1.,0.));
#2195 = ADVANCED_FACE('',(#2196),#2202,.T.);
#2196 = FACE_BOUND('',#2197,.T.);
#2197 = EDGE_LOOP('',(#2198,#2199,#2200,#2201));
#2198 = ORIENTED_EDGE('',*,*,#2089,.F.);
#2199 = ORIENTED_EDGE('',*,*,#2150,.T.);
#2200 = ORIENTED_EDGE('',*,*,#2129,.T.);
#2201 = ORIENTED_EDGE('',*,*,#2172,.F.);
#2202 = PLANE('',#2203);
#2203 = AXIS2_PLACEMENT_3D('',#2204,#2205,#2206);
#2204 = CARTESIAN_POINT('',(-11.71733523424,4.541023071856,22.25));
#2205 = DIRECTION('',(0.,0.,1.));
#2206 = DIRECTION('',(1.110223024625E-16,-1.,0.));
#2207 = MANIFOLD_SOLID_BREP('',#2208);
#2208 = CLOSED_SHELL('',(#2209,#2249,#2289,#2311,#2333,#2345));
#2209 = ADVANCED_FACE('',(#2210),#2244,.F.);
#2210 = FACE_BOUND('',#2211,.F.);
#2211 = EDGE_LOOP('',(#2212,#2222,#2230,#2238));
#2212 = ORIENTED_EDGE('',*,*,#2213,.F.);
#2213 = EDGE_CURVE('',#2214,#2216,#2218,.T.);
#2214 = VERTEX_POINT('',#2215);
#2215 = CARTESIAN_POINT('',(-5.391772281349,-3.547683325904,21.6));
#2216 = VERTEX_POINT('',#2217);
#2217 = CARTESIAN_POINT('',(-5.391772281349,-3.547683325904,22.25));
#2218 = LINE('',#2219,#2220);
#2219 = CARTESIAN_POINT('',(-5.391772281349,-3.547683325904,21.6));
#2220 = VECTOR('',#2221,1.);
#2221 = DIRECTION('',(0.,0.,1.));
#2222 = ORIENTED_EDGE('',*,*,#2223,.T.);
#2223 = EDGE_CURVE('',#2214,#2224,#2226,.T.);
#2224 = VERTEX_POINT('',#2225);
#2225 = CARTESIAN_POINT('',(-5.391772281349,-4.147683325904,21.6));
#2226 = LINE('',#2227,#2228);
#2227 = CARTESIAN_POINT('',(-5.391772281349,-3.547683325904,21.6));
#2228 = VECTOR('',#2229,1.);
#2229 = DIRECTION('',(1.224646799147E-16,-1.,0.));
#2230 = ORIENTED_EDGE('',*,*,#2231,.T.);
#2231 = EDGE_CURVE('',#2224,#2232,#2234,.T.);
#2232 = VERTEX_POINT('',#2233);
#2233 = CARTESIAN_POINT('',(-5.391772281349,-4.147683325904,22.25));
#2234 = LINE('',#2235,#2236);
#2235 = CARTESIAN_POINT('',(-5.391772281349,-4.147683325904,21.6));
#2236 = VECTOR('',#2237,1.);
#2237 = DIRECTION('',(0.,0.,1.));
#2238 = ORIENTED_EDGE('',*,*,#2239,.F.);
#2239 = EDGE_CURVE('',#2216,#2232,#2240,.T.);
#2240 = LINE('',#2241,#2242);
#2241 = CARTESIAN_POINT('',(-5.391772281349,-3.547683325904,22.25));
#2242 = VECTOR('',#2243,1.);
#2243 = DIRECTION('',(1.224646799147E-16,-1.,0.));
#2244 = PLANE('',#2245);
#2245 = AXIS2_PLACEMENT_3D('',#2246,#2247,#2248);
#2246 = CARTESIAN_POINT('',(-5.391772281349,-3.547683325904,21.6));
#2247 = DIRECTION('',(-1.,-1.224646799147E-16,0.));
#2248 = DIRECTION('',(0.,0.,1.));
#2249 = ADVANCED_FACE('',(#2250),#2284,.T.);
#2250 = FACE_BOUND('',#2251,.T.);
#2251 = EDGE_LOOP('',(#2252,#2262,#2270,#2278));
#2252 = ORIENTED_EDGE('',*,*,#2253,.F.);
#2253 = EDGE_CURVE('',#2254,#2256,#2258,.T.);
#2254 = VERTEX_POINT('',#2255);
#2255 = CARTESIAN_POINT('',(-7.007772281349,-3.547683325904,21.6));
#2256 = VERTEX_POINT('',#2257);
#2257 = CARTESIAN_POINT('',(-7.007772281349,-3.547683325904,22.25));
#2258 = LINE('',#2259,#2260);
#2259 = CARTESIAN_POINT('',(-7.007772281349,-3.547683325904,21.6));
#2260 = VECTOR('',#2261,1.);
#2261 = DIRECTION('',(0.,0.,1.));
#2262 = ORIENTED_EDGE('',*,*,#2263,.T.);
#2263 = EDGE_CURVE('',#2254,#2264,#2266,.T.);
#2264 = VERTEX_POINT('',#2265);
#2265 = CARTESIAN_POINT('',(-7.007772281349,-4.147683325904,21.6));
#2266 = LINE('',#2267,#2268);
#2267 = CARTESIAN_POINT('',(-7.007772281349,-3.547683325904,21.6));
#2268 = VECTOR('',#2269,1.);
#2269 = DIRECTION('',(1.224646799147E-16,-1.,0.));
#2270 = ORIENTED_EDGE('',*,*,#2271,.T.);
#2271 = EDGE_CURVE('',#2264,#2272,#2274,.T.);
#2272 = VERTEX_POINT('',#2273);
#2273 = CARTESIAN_POINT('',(-7.007772281349,-4.147683325904,22.25));
#2274 = LINE('',#2275,#2276);
#2275 = CARTESIAN_POINT('',(-7.007772281349,-4.147683325904,21.6));
#2276 = VECTOR('',#2277,1.);
#2277 = DIRECTION('',(0.,0.,1.));
#2278 = ORIENTED_EDGE('',*,*,#2279,.F.);
#2279 = EDGE_CURVE('',#2256,#2272,#2280,.T.);
#2280 = LINE('',#2281,#2282);
#2281 = CARTESIAN_POINT('',(-7.007772281349,-3.547683325904,22.25));
#2282 = VECTOR('',#2283,1.);
#2283 = DIRECTION('',(1.224646799147E-16,-1.,0.));
#2284 = PLANE('',#2285);
#2285 = AXIS2_PLACEMENT_3D('',#2286,#2287,#2288);
#2286 = CARTESIAN_POINT('',(-7.007772281349,-3.547683325904,21.6));
#2287 = DIRECTION('',(-1.,-1.224646799147E-16,0.));
#2288 = DIRECTION('',(0.,0.,1.));
#2289 = ADVANCED_FACE('',(#2290),#2306,.F.);
#2290 = FACE_BOUND('',#2291,.F.);
#2291 = EDGE_LOOP('',(#2292,#2298,#2299,#2305));
#2292 = ORIENTED_EDGE('',*,*,#2293,.F.);
#2293 = EDGE_CURVE('',#2214,#2254,#2294,.T.);
#2294 = LINE('',#2295,#2296);
#2295 = CARTESIAN_POINT('',(-5.391772281349,-3.547683325904,21.6));
#2296 = VECTOR('',#2297,1.);
#2297 = DIRECTION('',(-1.,-1.224646799147E-16,0.));
#2298 = ORIENTED_EDGE('',*,*,#2213,.T.);
#2299 = ORIENTED_EDGE('',*,*,#2300,.T.);
#2300 = EDGE_CURVE('',#2216,#2256,#2301,.T.);
#2301 = LINE('',#2302,#2303);
#2302 = CARTESIAN_POINT('',(-5.391772281349,-3.547683325904,22.25));
#2303 = VECTOR('',#2304,1.);
#2304 = DIRECTION('',(-1.,-1.224646799147E-16,0.));
#2305 = ORIENTED_EDGE('',*,*,#2253,.F.);
#2306 = PLANE('',#2307);
#2307 = AXIS2_PLACEMENT_3D('',#2308,#2309,#2310);
#2308 = CARTESIAN_POINT('',(-5.391772281349,-3.547683325904,21.6));
#2309 = DIRECTION('',(1.224646799147E-16,-1.,0.));
#2310 = DIRECTION('',(0.,0.,1.));
#2311 = ADVANCED_FACE('',(#2312),#2328,.T.);
#2312 = FACE_BOUND('',#2313,.T.);
#2313 = EDGE_LOOP('',(#2314,#2320,#2321,#2327));
#2314 = ORIENTED_EDGE('',*,*,#2315,.F.);
#2315 = EDGE_CURVE('',#2224,#2264,#2316,.T.);
#2316 = LINE('',#2317,#2318);
#2317 = CARTESIAN_POINT('',(-5.391772281349,-4.147683325904,21.6));
#2318 = VECTOR('',#2319,1.);
#2319 = DIRECTION('',(-1.,-1.224646799147E-16,0.));
#2320 = ORIENTED_EDGE('',*,*,#2231,.T.);
#2321 = ORIENTED_EDGE('',*,*,#2322,.T.);
#2322 = EDGE_CURVE('',#2232,#2272,#2323,.T.);
#2323 = LINE('',#2324,#2325);
#2324 = CARTESIAN_POINT('',(-5.391772281349,-4.147683325904,22.25));
#2325 = VECTOR('',#2326,1.);
#2326 = DIRECTION('',(-1.,-1.224646799147E-16,0.));
#2327 = ORIENTED_EDGE('',*,*,#2271,.F.);
#2328 = PLANE('',#2329);
#2329 = AXIS2_PLACEMENT_3D('',#2330,#2331,#2332);
#2330 = CARTESIAN_POINT('',(-5.391772281349,-4.147683325904,21.6));
#2331 = DIRECTION('',(1.224646799147E-16,-1.,0.));
#2332 = DIRECTION('',(0.,0.,1.));
#2333 = ADVANCED_FACE('',(#2334),#2340,.F.);
#2334 = FACE_BOUND('',#2335,.F.);
#2335 = EDGE_LOOP('',(#2336,#2337,#2338,#2339));
#2336 = ORIENTED_EDGE('',*,*,#2223,.F.);
#2337 = ORIENTED_EDGE('',*,*,#2293,.T.);
#2338 = ORIENTED_EDGE('',*,*,#2263,.T.);
#2339 = ORIENTED_EDGE('',*,*,#2315,.F.);
#2340 = PLANE('',#2341);
#2341 = AXIS2_PLACEMENT_3D('',#2342,#2343,#2344);
#2342 = CARTESIAN_POINT('',(-5.391772281349,-3.547683325904,21.6));
#2343 = DIRECTION('',(0.,0.,1.));
#2344 = DIRECTION('',(-1.,-1.224646799147E-16,0.));
#2345 = ADVANCED_FACE('',(#2346),#2352,.T.);
#2346 = FACE_BOUND('',#2347,.T.);
#2347 = EDGE_LOOP('',(#2348,#2349,#2350,#2351));
#2348 = ORIENTED_EDGE('',*,*,#2239,.F.);
#2349 = ORIENTED_EDGE('',*,*,#2300,.T.);
#2350 = ORIENTED_EDGE('',*,*,#2279,.T.);
#2351 = ORIENTED_EDGE('',*,*,#2322,.F.);
#2352 = PLANE('',#2353);
#2353 = AXIS2_PLACEMENT_3D('',#2354,#2355,#2356);
#2354 = CARTESIAN_POINT('',(-5.391772281349,-3.547683325904,22.25));
#2355 = DIRECTION('',(0.,0.,1.));
#2356 = DIRECTION('',(-1.,-1.224646799147E-16,0.));
#2357 = MANIFOLD_SOLID_BREP('',#2358);
#2358 = CLOSED_SHELL('',(#2359,#2399,#2439,#2461,#2483,#2495));
#2359 = ADVANCED_FACE('',(#2360),#2394,.F.);
#2360 = FACE_BOUND('',#2361,.F.);
#2361 = EDGE_LOOP('',(#2362,#2372,#2380,#2388));
#2362 = ORIENTED_EDGE('',*,*,#2363,.F.);
#2363 = EDGE_CURVE('',#2364,#2366,#2368,.T.);
#2364 = VERTEX_POINT('',#2365);
#2365 = CARTESIAN_POINT('',(3.532107536747,-0.245704799002,21.6));
#2366 = VERTEX_POINT('',#2367);
#2367 = CARTESIAN_POINT('',(3.532107536747,-0.245704799002,22.25));
#2368 = LINE('',#2369,#2370);
#2369 = CARTESIAN_POINT('',(3.532107536747,-0.245704799002,21.6));
#2370 = VECTOR('',#2371,1.);
#2371 = DIRECTION('',(0.,0.,1.));
#2372 = ORIENTED_EDGE('',*,*,#2373,.T.);
#2373 = EDGE_CURVE('',#2364,#2374,#2376,.T.);
#2374 = VERTEX_POINT('',#2375);
#2375 = CARTESIAN_POINT('',(3.532107536747,0.354295200998,21.6));
#2376 = LINE('',#2377,#2378);
#2377 = CARTESIAN_POINT('',(3.532107536747,-0.245704799002,21.6));
#2378 = VECTOR('',#2379,1.);
#2379 = DIRECTION('',(0.,1.,0.));
#2380 = ORIENTED_EDGE('',*,*,#2381,.T.);
#2381 = EDGE_CURVE('',#2374,#2382,#2384,.T.);
#2382 = VERTEX_POINT('',#2383);
#2383 = CARTESIAN_POINT('',(3.532107536747,0.354295200998,22.25));
#2384 = LINE('',#2385,#2386);
#2385 = CARTESIAN_POINT('',(3.532107536747,0.354295200998,21.6));
#2386 = VECTOR('',#2387,1.);
#2387 = DIRECTION('',(0.,0.,1.));
#2388 = ORIENTED_EDGE('',*,*,#2389,.F.);
#2389 = EDGE_CURVE('',#2366,#2382,#2390,.T.);
#2390 = LINE('',#2391,#2392);
#2391 = CARTESIAN_POINT('',(3.532107536747,-0.245704799002,22.25));
#2392 = VECTOR('',#2393,1.);
#2393 = DIRECTION('',(0.,1.,0.));
#2394 = PLANE('',#2395);
#2395 = AXIS2_PLACEMENT_3D('',#2396,#2397,#2398);
#2396 = CARTESIAN_POINT('',(3.532107536747,-0.245704799002,21.6));
#2397 = DIRECTION('',(1.,0.,0.));
#2398 = DIRECTION('',(0.,0.,1.));
#2399 = ADVANCED_FACE('',(#2400),#2434,.T.);
#2400 = FACE_BOUND('',#2401,.T.);
#2401 = EDGE_LOOP('',(#2402,#2412,#2420,#2428));
#2402 = ORIENTED_EDGE('',*,*,#2403,.F.);
#2403 = EDGE_CURVE('',#2404,#2406,#2408,.T.);
#2404 = VERTEX_POINT('',#2405);
#2405 = CARTESIAN_POINT('',(5.148107536747,-0.245704799002,21.6));
#2406 = VERTEX_POINT('',#2407);
#2407 = CARTESIAN_POINT('',(5.148107536747,-0.245704799002,22.25));
#2408 = LINE('',#2409,#2410);
#2409 = CARTESIAN_POINT('',(5.148107536747,-0.245704799002,21.6));
#2410 = VECTOR('',#2411,1.);
#2411 = DIRECTION('',(0.,0.,1.));
#2412 = ORIENTED_EDGE('',*,*,#2413,.T.);
#2413 = EDGE_CURVE('',#2404,#2414,#2416,.T.);
#2414 = VERTEX_POINT('',#2415);
#2415 = CARTESIAN_POINT('',(5.148107536747,0.354295200998,21.6));
#2416 = LINE('',#2417,#2418);
#2417 = CARTESIAN_POINT('',(5.148107536747,-0.245704799002,21.6));
#2418 = VECTOR('',#2419,1.);
#2419 = DIRECTION('',(0.,1.,0.));
#2420 = ORIENTED_EDGE('',*,*,#2421,.T.);
#2421 = EDGE_CURVE('',#2414,#2422,#2424,.T.);
#2422 = VERTEX_POINT('',#2423);
#2423 = CARTESIAN_POINT('',(5.148107536747,0.354295200998,22.25));
#2424 = LINE('',#2425,#2426);
#2425 = CARTESIAN_POINT('',(5.148107536747,0.354295200998,21.6));
#2426 = VECTOR('',#2427,1.);
#2427 = DIRECTION('',(0.,0.,1.));
#2428 = ORIENTED_EDGE('',*,*,#2429,.F.);
#2429 = EDGE_CURVE('',#2406,#2422,#2430,.T.);
#2430 = LINE('',#2431,#2432);
#2431 = CARTESIAN_POINT('',(5.148107536747,-0.245704799002,22.25));
#2432 = VECTOR('',#2433,1.);
#2433 = DIRECTION('',(0.,1.,0.));
#2434 = PLANE('',#2435);
#2435 = AXIS2_PLACEMENT_3D('',#2436,#2437,#2438);
#2436 = CARTESIAN_POINT('',(5.148107536747,-0.245704799002,21.6));
#2437 = DIRECTION('',(1.,0.,0.));
#2438 = DIRECTION('',(0.,0.,1.));
#2439 = ADVANCED_FACE('',(#2440),#2456,.F.);
#2440 = FACE_BOUND('',#2441,.F.);
#2441 = EDGE_LOOP('',(#2442,#2448,#2449,#2455));
#2442 = ORIENTED_EDGE('',*,*,#2443,.F.);
#2443 = EDGE_CURVE('',#2364,#2404,#2444,.T.);
#2444 = LINE('',#2445,#2446);
#2445 = CARTESIAN_POINT('',(3.532107536747,-0.245704799002,21.6));
#2446 = VECTOR('',#2447,1.);
#2447 = DIRECTION('',(1.,0.,0.));
#2448 = ORIENTED_EDGE('',*,*,#2363,.T.);
#2449 = ORIENTED_EDGE('',*,*,#2450,.T.);
#2450 = EDGE_CURVE('',#2366,#2406,#2451,.T.);
#2451 = LINE('',#2452,#2453);
#2452 = CARTESIAN_POINT('',(3.532107536747,-0.245704799002,22.25));
#2453 = VECTOR('',#2454,1.);
#2454 = DIRECTION('',(1.,0.,0.));
#2455 = ORIENTED_EDGE('',*,*,#2403,.F.);
#2456 = PLANE('',#2457);
#2457 = AXIS2_PLACEMENT_3D('',#2458,#2459,#2460);
#2458 = CARTESIAN_POINT('',(3.532107536747,-0.245704799002,21.6));
#2459 = DIRECTION('',(0.,1.,0.));
#2460 = DIRECTION('',(0.,0.,1.));
#2461 = ADVANCED_FACE('',(#2462),#2478,.T.);
#2462 = FACE_BOUND('',#2463,.T.);
#2463 = EDGE_LOOP('',(#2464,#2470,#2471,#2477));
#2464 = ORIENTED_EDGE('',*,*,#2465,.F.);
#2465 = EDGE_CURVE('',#2374,#2414,#2466,.T.);
#2466 = LINE('',#2467,#2468);
#2467 = CARTESIAN_POINT('',(3.532107536747,0.354295200998,21.6));
#2468 = VECTOR('',#2469,1.);
#2469 = DIRECTION('',(1.,0.,0.));
#2470 = ORIENTED_EDGE('',*,*,#2381,.T.);
#2471 = ORIENTED_EDGE('',*,*,#2472,.T.);
#2472 = EDGE_CURVE('',#2382,#2422,#2473,.T.);
#2473 = LINE('',#2474,#2475);
#2474 = CARTESIAN_POINT('',(3.532107536747,0.354295200998,22.25));
#2475 = VECTOR('',#2476,1.);
#2476 = DIRECTION('',(1.,0.,0.));
#2477 = ORIENTED_EDGE('',*,*,#2421,.F.);
#2478 = PLANE('',#2479);
#2479 = AXIS2_PLACEMENT_3D('',#2480,#2481,#2482);
#2480 = CARTESIAN_POINT('',(3.532107536747,0.354295200998,21.6));
#2481 = DIRECTION('',(0.,1.,0.));
#2482 = DIRECTION('',(0.,0.,1.));
#2483 = ADVANCED_FACE('',(#2484),#2490,.F.);
#2484 = FACE_BOUND('',#2485,.F.);
#2485 = EDGE_LOOP('',(#2486,#2487,#2488,#2489));
#2486 = ORIENTED_EDGE('',*,*,#2373,.F.);
#2487 = ORIENTED_EDGE('',*,*,#2443,.T.);
#2488 = ORIENTED_EDGE('',*,*,#2413,.T.);
#2489 = ORIENTED_EDGE('',*,*,#2465,.F.);
#2490 = PLANE('',#2491);
#2491 = AXIS2_PLACEMENT_3D('',#2492,#2493,#2494);
#2492 = CARTESIAN_POINT('',(3.532107536747,-0.245704799002,21.6));
#2493 = DIRECTION('',(0.,0.,1.));
#2494 = DIRECTION('',(1.,0.,0.));
#2495 = ADVANCED_FACE('',(#2496),#2502,.T.);
#2496 = FACE_BOUND('',#2497,.T.);
#2497 = EDGE_LOOP('',(#2498,#2499,#2500,#2501));
#2498 = ORIENTED_EDGE('',*,*,#2389,.F.);
#2499 = ORIENTED_EDGE('',*,*,#2450,.T.);
#2500 = ORIENTED_EDGE('',*,*,#2429,.T.);
#2501 = ORIENTED_EDGE('',*,*,#2472,.F.);
#2502 = PLANE('',#2503);
#2503 = AXIS2_PLACEMENT_3D('',#2504,#2505,#2506);
#2504 = CARTESIAN_POINT('',(3.532107536747,-0.245704799002,22.25));
#2505 = DIRECTION('',(0.,0.,1.));
#2506 = DIRECTION('',(1.,0.,0.));
#2507 = MANIFOLD_SOLID_BREP('',#2508);
#2508 = CLOSED_SHELL('',(#2509,#2549,#2589,#2611,#2633,#2645));
#2509 = ADVANCED_FACE('',(#2510),#2544,.F.);
#2510 = FACE_BOUND('',#2511,.F.);
#2511 = EDGE_LOOP('',(#2512,#2522,#2530,#2538));
#2512 = ORIENTED_EDGE('',*,*,#2513,.F.);
#2513 = EDGE_CURVE('',#2514,#2516,#2518,.T.);
#2514 = VERTEX_POINT('',#2515);
#2515 = CARTESIAN_POINT('',(-6.687399870627,-4.767961272988,21.6));
#2516 = VERTEX_POINT('',#2517);
#2517 = CARTESIAN_POINT('',(-6.687399870627,-4.767961272988,22.25));
#2518 = LINE('',#2519,#2520);
#2519 = CARTESIAN_POINT('',(-6.687399870627,-4.767961272988,21.6));
#2520 = VECTOR('',#2521,1.);
#2521 = DIRECTION('',(0.,0.,1.));
#2522 = ORIENTED_EDGE('',*,*,#2523,.T.);
#2523 = EDGE_CURVE('',#2514,#2524,#2526,.T.);
#2524 = VERTEX_POINT('',#2525);
#2525 = CARTESIAN_POINT('',(-6.687399870627,-5.367961272988,21.6));
#2526 = LINE('',#2527,#2528);
#2527 = CARTESIAN_POINT('',(-6.687399870627,-4.767961272988,21.6));
#2528 = VECTOR('',#2529,1.);
#2529 = DIRECTION('',(1.224646799147E-16,-1.,0.));
#2530 = ORIENTED_EDGE('',*,*,#2531,.T.);
#2531 = EDGE_CURVE('',#2524,#2532,#2534,.T.);
#2532 = VERTEX_POINT('',#2533);
#2533 = CARTESIAN_POINT('',(-6.687399870627,-5.367961272988,22.25));
#2534 = LINE('',#2535,#2536);
#2535 = CARTESIAN_POINT('',(-6.687399870627,-5.367961272988,21.6));
#2536 = VECTOR('',#2537,1.);
#2537 = DIRECTION('',(0.,0.,1.));
#2538 = ORIENTED_EDGE('',*,*,#2539,.F.);
#2539 = EDGE_CURVE('',#2516,#2532,#2540,.T.);
#2540 = LINE('',#2541,#2542);
#2541 = CARTESIAN_POINT('',(-6.687399870627,-4.767961272988,22.25));
#2542 = VECTOR('',#2543,1.);
#2543 = DIRECTION('',(1.224646799147E-16,-1.,0.));
#2544 = PLANE('',#2545);
#2545 = AXIS2_PLACEMENT_3D('',#2546,#2547,#2548);
#2546 = CARTESIAN_POINT('',(-6.687399870627,-4.767961272988,21.6));
#2547 = DIRECTION('',(-1.,-1.224646799147E-16,0.));
#2548 = DIRECTION('',(0.,0.,1.));
#2549 = ADVANCED_FACE('',(#2550),#2584,.T.);
#2550 = FACE_BOUND('',#2551,.T.);
#2551 = EDGE_LOOP('',(#2552,#2562,#2570,#2578));
#2552 = ORIENTED_EDGE('',*,*,#2553,.F.);
#2553 = EDGE_CURVE('',#2554,#2556,#2558,.T.);
#2554 = VERTEX_POINT('',#2555);
#2555 = CARTESIAN_POINT('',(-8.303399870627,-4.767961272988,21.6));
#2556 = VERTEX_POINT('',#2557);
#2557 = CARTESIAN_POINT('',(-8.303399870627,-4.767961272988,22.25));
#2558 = LINE('',#2559,#2560);
#2559 = CARTESIAN_POINT('',(-8.303399870627,-4.767961272988,21.6));
#2560 = VECTOR('',#2561,1.);
#2561 = DIRECTION('',(0.,0.,1.));
#2562 = ORIENTED_EDGE('',*,*,#2563,.T.);
#2563 = EDGE_CURVE('',#2554,#2564,#2566,.T.);
#2564 = VERTEX_POINT('',#2565);
#2565 = CARTESIAN_POINT('',(-8.303399870627,-5.367961272988,21.6));
#2566 = LINE('',#2567,#2568);
#2567 = CARTESIAN_POINT('',(-8.303399870627,-4.767961272988,21.6));
#2568 = VECTOR('',#2569,1.);
#2569 = DIRECTION('',(1.224646799147E-16,-1.,0.));
#2570 = ORIENTED_EDGE('',*,*,#2571,.T.);
#2571 = EDGE_CURVE('',#2564,#2572,#2574,.T.);
#2572 = VERTEX_POINT('',#2573);
#2573 = CARTESIAN_POINT('',(-8.303399870627,-5.367961272988,22.25));
#2574 = LINE('',#2575,#2576);
#2575 = CARTESIAN_POINT('',(-8.303399870627,-5.367961272988,21.6));
#2576 = VECTOR('',#2577,1.);
#2577 = DIRECTION('',(0.,0.,1.));
#2578 = ORIENTED_EDGE('',*,*,#2579,.F.);
#2579 = EDGE_CURVE('',#2556,#2572,#2580,.T.);
#2580 = LINE('',#2581,#2582);
#2581 = CARTESIAN_POINT('',(-8.303399870627,-4.767961272988,22.25));
#2582 = VECTOR('',#2583,1.);
#2583 = DIRECTION('',(1.224646799147E-16,-1.,0.));
#2584 = PLANE('',#2585);
#2585 = AXIS2_PLACEMENT_3D('',#2586,#2587,#2588);
#2586 = CARTESIAN_POINT('',(-8.303399870627,-4.767961272988,21.6));
#2587 = DIRECTION('',(-1.,-1.224646799147E-16,0.));
#2588 = DIRECTION('',(0.,0.,1.));
#2589 = ADVANCED_FACE('',(#2590),#2606,.F.);
#2590 = FACE_BOUND('',#2591,.F.);
#2591 = EDGE_LOOP('',(#2592,#2598,#2599,#2605));
#2592 = ORIENTED_EDGE('',*,*,#2593,.F.);
#2593 = EDGE_CURVE('',#2514,#2554,#2594,.T.);
#2594 = LINE('',#2595,#2596);
#2595 = CARTESIAN_POINT('',(-6.687399870627,-4.767961272988,21.6));
#2596 = VECTOR('',#2597,1.);
#2597 = DIRECTION('',(-1.,-1.224646799147E-16,0.));
#2598 = ORIENTED_EDGE('',*,*,#2513,.T.);
#2599 = ORIENTED_EDGE('',*,*,#2600,.T.);
#2600 = EDGE_CURVE('',#2516,#2556,#2601,.T.);
#2601 = LINE('',#2602,#2603);
#2602 = CARTESIAN_POINT('',(-6.687399870627,-4.767961272988,22.25));
#2603 = VECTOR('',#2604,1.);
#2604 = DIRECTION('',(-1.,-1.224646799147E-16,0.));
#2605 = ORIENTED_EDGE('',*,*,#2553,.F.);
#2606 = PLANE('',#2607);
#2607 = AXIS2_PLACEMENT_3D('',#2608,#2609,#2610);
#2608 = CARTESIAN_POINT('',(-6.687399870627,-4.767961272988,21.6));
#2609 = DIRECTION('',(1.224646799147E-16,-1.,0.));
#2610 = DIRECTION('',(0.,0.,1.));
#2611 = ADVANCED_FACE('',(#2612),#2628,.T.);
#2612 = FACE_BOUND('',#2613,.T.);
#2613 = EDGE_LOOP('',(#2614,#2620,#2621,#2627));
#2614 = ORIENTED_EDGE('',*,*,#2615,.F.);
#2615 = EDGE_CURVE('',#2524,#2564,#2616,.T.);
#2616 = LINE('',#2617,#2618);
#2617 = CARTESIAN_POINT('',(-6.687399870627,-5.367961272988,21.6));
#2618 = VECTOR('',#2619,1.);
#2619 = DIRECTION('',(-1.,-1.224646799147E-16,0.));
#2620 = ORIENTED_EDGE('',*,*,#2531,.T.);
#2621 = ORIENTED_EDGE('',*,*,#2622,.T.);
#2622 = EDGE_CURVE('',#2532,#2572,#2623,.T.);
#2623 = LINE('',#2624,#2625);
#2624 = CARTESIAN_POINT('',(-6.687399870627,-5.367961272988,22.25));
#2625 = VECTOR('',#2626,1.);
#2626 = DIRECTION('',(-1.,-1.224646799147E-16,0.));
#2627 = ORIENTED_EDGE('',*,*,#2571,.F.);
#2628 = PLANE('',#2629);
#2629 = AXIS2_PLACEMENT_3D('',#2630,#2631,#2632);
#2630 = CARTESIAN_POINT('',(-6.687399870627,-5.367961272988,21.6));
#2631 = DIRECTION('',(1.224646799147E-16,-1.,0.));
#2632 = DIRECTION('',(0.,0.,1.));
#2633 = ADVANCED_FACE('',(#2634),#2640,.F.);
#2634 = FACE_BOUND('',#2635,.F.);
#2635 = EDGE_LOOP('',(#2636,#2637,#2638,#2639));
#2636 = ORIENTED_EDGE('',*,*,#2523,.F.);
#2637 = ORIENTED_EDGE('',*,*,#2593,.T.);
#2638 = ORIENTED_EDGE('',*,*,#2563,.T.);
#2639 = ORIENTED_EDGE('',*,*,#2615,.F.);
#2640 = PLANE('',#2641);
#2641 = AXIS2_PLACEMENT_3D('',#2642,#2643,#2644);
#2642 = CARTESIAN_POINT('',(-6.687399870627,-4.767961272988,21.6));
#2643 = DIRECTION('',(0.,0.,1.));
#2644 = DIRECTION('',(-1.,-1.224646799147E-16,0.));
#2645 = ADVANCED_FACE('',(#2646),#2652,.T.);
#2646 = FACE_BOUND('',#2647,.T.);
#2647 = EDGE_LOOP('',(#2648,#2649,#2650,#2651));
#2648 = ORIENTED_EDGE('',*,*,#2539,.F.);
#2649 = ORIENTED_EDGE('',*,*,#2600,.T.);
#2650 = ORIENTED_EDGE('',*,*,#2579,.T.);
#2651 = ORIENTED_EDGE('',*,*,#2622,.F.);
#2652 = PLANE('',#2653);
#2653 = AXIS2_PLACEMENT_3D('',#2654,#2655,#2656);
#2654 = CARTESIAN_POINT('',(-6.687399870627,-4.767961272988,22.25));
#2655 = DIRECTION('',(0.,0.,1.));
#2656 = DIRECTION('',(-1.,-1.224646799147E-16,0.));
#2657 = MANIFOLD_SOLID_BREP('',#2658);
#2658 = CLOSED_SHELL('',(#2659,#2699,#2739,#2761,#2783,#2795));
#2659 = ADVANCED_FACE('',(#2660),#2694,.F.);
#2660 = FACE_BOUND('',#2661,.F.);
#2661 = EDGE_LOOP('',(#2662,#2672,#2680,#2688));
#2662 = ORIENTED_EDGE('',*,*,#2663,.F.);
#2663 = EDGE_CURVE('',#2664,#2666,#2668,.T.);
#2664 = VERTEX_POINT('',#2665);
#2665 = CARTESIAN_POINT('',(-6.72966684454,-6.850293994679,21.6));
#2666 = VERTEX_POINT('',#2667);
#2667 = CARTESIAN_POINT('',(-6.72966684454,-6.850293994679,22.25));
#2668 = LINE('',#2669,#2670);
#2669 = CARTESIAN_POINT('',(-6.72966684454,-6.850293994679,21.6));
#2670 = VECTOR('',#2671,1.);
#2671 = DIRECTION('',(0.,0.,1.));
#2672 = ORIENTED_EDGE('',*,*,#2673,.T.);
#2673 = EDGE_CURVE('',#2664,#2674,#2676,.T.);
#2674 = VERTEX_POINT('',#2675);
#2675 = CARTESIAN_POINT('',(-6.12966684454,-6.850293994679,21.6));
#2676 = LINE('',#2677,#2678);
#2677 = CARTESIAN_POINT('',(-6.72966684454,-6.850293994679,21.6));
#2678 = VECTOR('',#2679,1.);
#2679 = DIRECTION('',(1.,1.110223024625E-16,0.));
#2680 = ORIENTED_EDGE('',*,*,#2681,.T.);
#2681 = EDGE_CURVE('',#2674,#2682,#2684,.T.);
#2682 = VERTEX_POINT('',#2683);
#2683 = CARTESIAN_POINT('',(-6.12966684454,-6.850293994679,22.25));
#2684 = LINE('',#2685,#2686);
#2685 = CARTESIAN_POINT('',(-6.12966684454,-6.850293994679,21.6));
#2686 = VECTOR('',#2687,1.);
#2687 = DIRECTION('',(0.,0.,1.));
#2688 = ORIENTED_EDGE('',*,*,#2689,.F.);
#2689 = EDGE_CURVE('',#2666,#2682,#2690,.T.);
#2690 = LINE('',#2691,#2692);
#2691 = CARTESIAN_POINT('',(-6.72966684454,-6.850293994679,22.25));
#2692 = VECTOR('',#2693,1.);
#2693 = DIRECTION('',(1.,1.110223024625E-16,0.));
#2694 = PLANE('',#2695);
#2695 = AXIS2_PLACEMENT_3D('',#2696,#2697,#2698);
#2696 = CARTESIAN_POINT('',(-6.72966684454,-6.850293994679,21.6));
#2697 = DIRECTION('',(1.110223024625E-16,-1.,0.));
#2698 = DIRECTION('',(0.,0.,1.));
#2699 = ADVANCED_FACE('',(#2700),#2734,.T.);
#2700 = FACE_BOUND('',#2701,.T.);
#2701 = EDGE_LOOP('',(#2702,#2712,#2720,#2728));
#2702 = ORIENTED_EDGE('',*,*,#2703,.F.);
#2703 = EDGE_CURVE('',#2704,#2706,#2708,.T.);
#2704 = VERTEX_POINT('',#2705);
#2705 = CARTESIAN_POINT('',(-6.72966684454,-8.466293994679,21.6));
#2706 = VERTEX_POINT('',#2707);
#2707 = CARTESIAN_POINT('',(-6.72966684454,-8.466293994679,22.25));
#2708 = LINE('',#2709,#2710);
#2709 = CARTESIAN_POINT('',(-6.72966684454,-8.466293994679,21.6));
#2710 = VECTOR('',#2711,1.);
#2711 = DIRECTION('',(0.,0.,1.));
#2712 = ORIENTED_EDGE('',*,*,#2713,.T.);
#2713 = EDGE_CURVE('',#2704,#2714,#2716,.T.);
#2714 = VERTEX_POINT('',#2715);
#2715 = CARTESIAN_POINT('',(-6.12966684454,-8.466293994679,21.6));
#2716 = LINE('',#2717,#2718);
#2717 = CARTESIAN_POINT('',(-6.72966684454,-8.466293994679,21.6));
#2718 = VECTOR('',#2719,1.);
#2719 = DIRECTION('',(1.,1.110223024625E-16,0.));
#2720 = ORIENTED_EDGE('',*,*,#2721,.T.);
#2721 = EDGE_CURVE('',#2714,#2722,#2724,.T.);
#2722 = VERTEX_POINT('',#2723);
#2723 = CARTESIAN_POINT('',(-6.12966684454,-8.466293994679,22.25));
#2724 = LINE('',#2725,#2726);
#2725 = CARTESIAN_POINT('',(-6.12966684454,-8.466293994679,21.6));
#2726 = VECTOR('',#2727,1.);
#2727 = DIRECTION('',(0.,0.,1.));
#2728 = ORIENTED_EDGE('',*,*,#2729,.F.);
#2729 = EDGE_CURVE('',#2706,#2722,#2730,.T.);
#2730 = LINE('',#2731,#2732);
#2731 = CARTESIAN_POINT('',(-6.72966684454,-8.466293994679,22.25));
#2732 = VECTOR('',#2733,1.);
#2733 = DIRECTION('',(1.,1.110223024625E-16,0.));
#2734 = PLANE('',#2735);
#2735 = AXIS2_PLACEMENT_3D('',#2736,#2737,#2738);
#2736 = CARTESIAN_POINT('',(-6.72966684454,-8.466293994679,21.6));
#2737 = DIRECTION('',(1.110223024625E-16,-1.,0.));
#2738 = DIRECTION('',(0.,0.,1.));
#2739 = ADVANCED_FACE('',(#2740),#2756,.F.);
#2740 = FACE_BOUND('',#2741,.F.);
#2741 = EDGE_LOOP('',(#2742,#2748,#2749,#2755));
#2742 = ORIENTED_EDGE('',*,*,#2743,.F.);
#2743 = EDGE_CURVE('',#2664,#2704,#2744,.T.);
#2744 = LINE('',#2745,#2746);
#2745 = CARTESIAN_POINT('',(-6.72966684454,-6.850293994679,21.6));
#2746 = VECTOR('',#2747,1.);
#2747 = DIRECTION('',(1.110223024625E-16,-1.,0.));
#2748 = ORIENTED_EDGE('',*,*,#2663,.T.);
#2749 = ORIENTED_EDGE('',*,*,#2750,.T.);
#2750 = EDGE_CURVE('',#2666,#2706,#2751,.T.);
#2751 = LINE('',#2752,#2753);
#2752 = CARTESIAN_POINT('',(-6.72966684454,-6.850293994679,22.25));
#2753 = VECTOR('',#2754,1.);
#2754 = DIRECTION('',(1.110223024625E-16,-1.,0.));
#2755 = ORIENTED_EDGE('',*,*,#2703,.F.);
#2756 = PLANE('',#2757);
#2757 = AXIS2_PLACEMENT_3D('',#2758,#2759,#2760);
#2758 = CARTESIAN_POINT('',(-6.72966684454,-6.850293994679,21.6));
#2759 = DIRECTION('',(1.,1.110223024625E-16,0.));
#2760 = DIRECTION('',(0.,0.,1.));
#2761 = ADVANCED_FACE('',(#2762),#2778,.T.);
#2762 = FACE_BOUND('',#2763,.T.);
#2763 = EDGE_LOOP('',(#2764,#2770,#2771,#2777));
#2764 = ORIENTED_EDGE('',*,*,#2765,.F.);
#2765 = EDGE_CURVE('',#2674,#2714,#2766,.T.);
#2766 = LINE('',#2767,#2768);
#2767 = CARTESIAN_POINT('',(-6.12966684454,-6.850293994679,21.6));
#2768 = VECTOR('',#2769,1.);
#2769 = DIRECTION('',(1.110223024625E-16,-1.,0.));
#2770 = ORIENTED_EDGE('',*,*,#2681,.T.);
#2771 = ORIENTED_EDGE('',*,*,#2772,.T.);
#2772 = EDGE_CURVE('',#2682,#2722,#2773,.T.);
#2773 = LINE('',#2774,#2775);
#2774 = CARTESIAN_POINT('',(-6.12966684454,-6.850293994679,22.25));
#2775 = VECTOR('',#2776,1.);
#2776 = DIRECTION('',(1.110223024625E-16,-1.,0.));
#2777 = ORIENTED_EDGE('',*,*,#2721,.F.);
#2778 = PLANE('',#2779);
#2779 = AXIS2_PLACEMENT_3D('',#2780,#2781,#2782);
#2780 = CARTESIAN_POINT('',(-6.12966684454,-6.850293994679,21.6));
#2781 = DIRECTION('',(1.,1.110223024625E-16,0.));
#2782 = DIRECTION('',(0.,0.,1.));
#2783 = ADVANCED_FACE('',(#2784),#2790,.F.);
#2784 = FACE_BOUND('',#2785,.F.);
#2785 = EDGE_LOOP('',(#2786,#2787,#2788,#2789));
#2786 = ORIENTED_EDGE('',*,*,#2673,.F.);
#2787 = ORIENTED_EDGE('',*,*,#2743,.T.);
#2788 = ORIENTED_EDGE('',*,*,#2713,.T.);
#2789 = ORIENTED_EDGE('',*,*,#2765,.F.);
#2790 = PLANE('',#2791);
#2791 = AXIS2_PLACEMENT_3D('',#2792,#2793,#2794);
#2792 = CARTESIAN_POINT('',(-6.72966684454,-6.850293994679,21.6));
#2793 = DIRECTION('',(0.,0.,1.));
#2794 = DIRECTION('',(1.110223024625E-16,-1.,0.));
#2795 = ADVANCED_FACE('',(#2796),#2802,.T.);
#2796 = FACE_BOUND('',#2797,.T.);
#2797 = EDGE_LOOP('',(#2798,#2799,#2800,#2801));
#2798 = ORIENTED_EDGE('',*,*,#2689,.F.);
#2799 = ORIENTED_EDGE('',*,*,#2750,.T.);
#2800 = ORIENTED_EDGE('',*,*,#2729,.T.);
#2801 = ORIENTED_EDGE('',*,*,#2772,.F.);
#2802 = PLANE('',#2803);
#2803 = AXIS2_PLACEMENT_3D('',#2804,#2805,#2806);
#2804 = CARTESIAN_POINT('',(-6.72966684454,-6.850293994679,22.25));
#2805 = DIRECTION('',(0.,0.,1.));
#2806 = DIRECTION('',(1.110223024625E-16,-1.,0.));
#2807 = MANIFOLD_SOLID_BREP('',#2808);
#2808 = CLOSED_SHELL('',(#2809,#2849,#2889,#2911,#2933,#2945));
#2809 = ADVANCED_FACE('',(#2810),#2844,.F.);
#2810 = FACE_BOUND('',#2811,.F.);
#2811 = EDGE_LOOP('',(#2812,#2822,#2830,#2838));
#2812 = ORIENTED_EDGE('',*,*,#2813,.F.);
#2813 = EDGE_CURVE('',#2814,#2816,#2818,.T.);
#2814 = VERTEX_POINT('',#2815);
#2815 = CARTESIAN_POINT('',(10.522899442357,-4.940389225484,21.6));
#2816 = VERTEX_POINT('',#2817);
#2817 = CARTESIAN_POINT('',(10.522899442357,-4.940389225484,22.25));
#2818 = LINE('',#2819,#2820);
#2819 = CARTESIAN_POINT('',(10.522899442357,-4.940389225484,21.6));
#2820 = VECTOR('',#2821,1.);
#2821 = DIRECTION('',(0.,0.,1.));
#2822 = ORIENTED_EDGE('',*,*,#2823,.T.);
#2823 = EDGE_CURVE('',#2814,#2824,#2826,.T.);
#2824 = VERTEX_POINT('',#2825);
#2825 = CARTESIAN_POINT('',(10.522899442357,-5.540389225484,21.6));
#2826 = LINE('',#2827,#2828);
#2827 = CARTESIAN_POINT('',(10.522899442357,-4.940389225484,21.6));
#2828 = VECTOR('',#2829,1.);
#2829 = DIRECTION('',(1.224646799147E-16,-1.,0.));
#2830 = ORIENTED_EDGE('',*,*,#2831,.T.);
#2831 = EDGE_CURVE('',#2824,#2832,#2834,.T.);
#2832 = VERTEX_POINT('',#2833);
#2833 = CARTESIAN_POINT('',(10.522899442357,-5.540389225484,22.25));
#2834 = LINE('',#2835,#2836);
#2835 = CARTESIAN_POINT('',(10.522899442357,-5.540389225484,21.6));
#2836 = VECTOR('',#2837,1.);
#2837 = DIRECTION('',(0.,0.,1.));
#2838 = ORIENTED_EDGE('',*,*,#2839,.F.);
#2839 = EDGE_CURVE('',#2816,#2832,#2840,.T.);
#2840 = LINE('',#2841,#2842);
#2841 = CARTESIAN_POINT('',(10.522899442357,-4.940389225484,22.25));
#2842 = VECTOR('',#2843,1.);
#2843 = DIRECTION('',(1.224646799147E-16,-1.,0.));
#2844 = PLANE('',#2845);
#2845 = AXIS2_PLACEMENT_3D('',#2846,#2847,#2848);
#2846 = CARTESIAN_POINT('',(10.522899442357,-4.940389225484,21.6));
#2847 = DIRECTION('',(-1.,-1.224646799147E-16,0.));
#2848 = DIRECTION('',(0.,0.,1.));
#2849 = ADVANCED_FACE('',(#2850),#2884,.T.);
#2850 = FACE_BOUND('',#2851,.T.);
#2851 = EDGE_LOOP('',(#2852,#2862,#2870,#2878));
#2852 = ORIENTED_EDGE('',*,*,#2853,.F.);
#2853 = EDGE_CURVE('',#2854,#2856,#2858,.T.);
#2854 = VERTEX_POINT('',#2855);
#2855 = CARTESIAN_POINT('',(8.906899442357,-4.940389225484,21.6));
#2856 = VERTEX_POINT('',#2857);
#2857 = CARTESIAN_POINT('',(8.906899442357,-4.940389225484,22.25));
#2858 = LINE('',#2859,#2860);
#2859 = CARTESIAN_POINT('',(8.906899442357,-4.940389225484,21.6));
#2860 = VECTOR('',#2861,1.);
#2861 = DIRECTION('',(0.,0.,1.));
#2862 = ORIENTED_EDGE('',*,*,#2863,.T.);
#2863 = EDGE_CURVE('',#2854,#2864,#2866,.T.);
#2864 = VERTEX_POINT('',#2865);
#2865 = CARTESIAN_POINT('',(8.906899442357,-5.540389225484,21.6));
#2866 = LINE('',#2867,#2868);
#2867 = CARTESIAN_POINT('',(8.906899442357,-4.940389225484,21.6));
#2868 = VECTOR('',#2869,1.);
#2869 = DIRECTION('',(1.224646799147E-16,-1.,0.));
#2870 = ORIENTED_EDGE('',*,*,#2871,.T.);
#2871 = EDGE_CURVE('',#2864,#2872,#2874,.T.);
#2872 = VERTEX_POINT('',#2873);
#2873 = CARTESIAN_POINT('',(8.906899442357,-5.540389225484,22.25));
#2874 = LINE('',#2875,#2876);
#2875 = CARTESIAN_POINT('',(8.906899442357,-5.540389225484,21.6));
#2876 = VECTOR('',#2877,1.);
#2877 = DIRECTION('',(0.,0.,1.));
#2878 = ORIENTED_EDGE('',*,*,#2879,.F.);
#2879 = EDGE_CURVE('',#2856,#2872,#2880,.T.);
#2880 = LINE('',#2881,#2882);
#2881 = CARTESIAN_POINT('',(8.906899442357,-4.940389225484,22.25));
#2882 = VECTOR('',#2883,1.);
#2883 = DIRECTION('',(1.224646799147E-16,-1.,0.));
#2884 = PLANE('',#2885);
#2885 = AXIS2_PLACEMENT_3D('',#2886,#2887,#2888);
#2886 = CARTESIAN_POINT('',(8.906899442357,-4.940389225484,21.6));
#2887 = DIRECTION('',(-1.,-1.224646799147E-16,0.));
#2888 = DIRECTION('',(0.,0.,1.));
#2889 = ADVANCED_FACE('',(#2890),#2906,.F.);
#2890 = FACE_BOUND('',#2891,.F.);
#2891 = EDGE_LOOP('',(#2892,#2898,#2899,#2905));
#2892 = ORIENTED_EDGE('',*,*,#2893,.F.);
#2893 = EDGE_CURVE('',#2814,#2854,#2894,.T.);
#2894 = LINE('',#2895,#2896);
#2895 = CARTESIAN_POINT('',(10.522899442357,-4.940389225484,21.6));
#2896 = VECTOR('',#2897,1.);
#2897 = DIRECTION('',(-1.,-1.224646799147E-16,0.));
#2898 = ORIENTED_EDGE('',*,*,#2813,.T.);
#2899 = ORIENTED_EDGE('',*,*,#2900,.T.);
#2900 = EDGE_CURVE('',#2816,#2856,#2901,.T.);
#2901 = LINE('',#2902,#2903);
#2902 = CARTESIAN_POINT('',(10.522899442357,-4.940389225484,22.25));
#2903 = VECTOR('',#2904,1.);
#2904 = DIRECTION('',(-1.,-1.224646799147E-16,0.));
#2905 = ORIENTED_EDGE('',*,*,#2853,.F.);
#2906 = PLANE('',#2907);
#2907 = AXIS2_PLACEMENT_3D('',#2908,#2909,#2910);
#2908 = CARTESIAN_POINT('',(10.522899442357,-4.940389225484,21.6));
#2909 = DIRECTION('',(1.224646799147E-16,-1.,0.));
#2910 = DIRECTION('',(0.,0.,1.));
#2911 = ADVANCED_FACE('',(#2912),#2928,.T.);
#2912 = FACE_BOUND('',#2913,.T.);
#2913 = EDGE_LOOP('',(#2914,#2920,#2921,#2927));
#2914 = ORIENTED_EDGE('',*,*,#2915,.F.);
#2915 = EDGE_CURVE('',#2824,#2864,#2916,.T.);
#2916 = LINE('',#2917,#2918);
#2917 = CARTESIAN_POINT('',(10.522899442357,-5.540389225484,21.6));
#2918 = VECTOR('',#2919,1.);
#2919 = DIRECTION('',(-1.,-1.224646799147E-16,0.));
#2920 = ORIENTED_EDGE('',*,*,#2831,.T.);
#2921 = ORIENTED_EDGE('',*,*,#2922,.T.);
#2922 = EDGE_CURVE('',#2832,#2872,#2923,.T.);
#2923 = LINE('',#2924,#2925);
#2924 = CARTESIAN_POINT('',(10.522899442357,-5.540389225484,22.25));
#2925 = VECTOR('',#2926,1.);
#2926 = DIRECTION('',(-1.,-1.224646799147E-16,0.));
#2927 = ORIENTED_EDGE('',*,*,#2871,.F.);
#2928 = PLANE('',#2929);
#2929 = AXIS2_PLACEMENT_3D('',#2930,#2931,#2932);
#2930 = CARTESIAN_POINT('',(10.522899442357,-5.540389225484,21.6));
#2931 = DIRECTION('',(1.224646799147E-16,-1.,0.));
#2932 = DIRECTION('',(0.,0.,1.));
#2933 = ADVANCED_FACE('',(#2934),#2940,.F.);
#2934 = FACE_BOUND('',#2935,.F.);
#2935 = EDGE_LOOP('',(#2936,#2937,#2938,#2939));
#2936 = ORIENTED_EDGE('',*,*,#2823,.F.);
#2937 = ORIENTED_EDGE('',*,*,#2893,.T.);
#2938 = ORIENTED_EDGE('',*,*,#2863,.T.);
#2939 = ORIENTED_EDGE('',*,*,#2915,.F.);
#2940 = PLANE('',#2941);
#2941 = AXIS2_PLACEMENT_3D('',#2942,#2943,#2944);
#2942 = CARTESIAN_POINT('',(10.522899442357,-4.940389225484,21.6));
#2943 = DIRECTION('',(0.,0.,1.));
#2944 = DIRECTION('',(-1.,-1.224646799147E-16,0.));
#2945 = ADVANCED_FACE('',(#2946),#2952,.T.);
#2946 = FACE_BOUND('',#2947,.T.);
#2947 = EDGE_LOOP('',(#2948,#2949,#2950,#2951));
#2948 = ORIENTED_EDGE('',*,*,#2839,.F.);
#2949 = ORIENTED_EDGE('',*,*,#2900,.T.);
#2950 = ORIENTED_EDGE('',*,*,#2879,.T.);
#2951 = ORIENTED_EDGE('',*,*,#2922,.F.);
#2952 = PLANE('',#2953);
#2953 = AXIS2_PLACEMENT_3D('',#2954,#2955,#2956);
#2954 = CARTESIAN_POINT('',(10.522899442357,-4.940389225484,22.25));
#2955 = DIRECTION('',(0.,0.,1.));
#2956 = DIRECTION('',(-1.,-1.224646799147E-16,0.));
#2957 = MANIFOLD_SOLID_BREP('',#2958);
#2958 = CLOSED_SHELL('',(#2959,#2999,#3039,#3061,#3083,#3095));
#2959 = ADVANCED_FACE('',(#2960),#2994,.F.);
#2960 = FACE_BOUND('',#2961,.F.);
#2961 = EDGE_LOOP('',(#2962,#2972,#2980,#2988));
#2962 = ORIENTED_EDGE('',*,*,#2963,.F.);
#2963 = EDGE_CURVE('',#2964,#2966,#2968,.T.);
#2964 = VERTEX_POINT('',#2965);
#2965 = CARTESIAN_POINT('',(5.778478279604,-0.580469713197,21.6));
#2966 = VERTEX_POINT('',#2967);
#2967 = CARTESIAN_POINT('',(5.778478279604,-0.580469713197,22.25));
#2968 = LINE('',#2969,#2970);
#2969 = CARTESIAN_POINT('',(5.778478279604,-0.580469713197,21.6));
#2970 = VECTOR('',#2971,1.);
#2971 = DIRECTION('',(0.,0.,1.));
#2972 = ORIENTED_EDGE('',*,*,#2973,.T.);
#2973 = EDGE_CURVE('',#2964,#2974,#2976,.T.);
#2974 = VERTEX_POINT('',#2975);
#2975 = CARTESIAN_POINT('',(5.778478279604,1.953028680267E-02,21.6));
#2976 = LINE('',#2977,#2978);
#2977 = CARTESIAN_POINT('',(5.778478279604,-0.580469713197,21.6));
#2978 = VECTOR('',#2979,1.);
#2979 = DIRECTION('',(0.,1.,0.));
#2980 = ORIENTED_EDGE('',*,*,#2981,.T.);
#2981 = EDGE_CURVE('',#2974,#2982,#2984,.T.);
#2982 = VERTEX_POINT('',#2983);
#2983 = CARTESIAN_POINT('',(5.778478279604,1.953028680267E-02,22.25));
#2984 = LINE('',#2985,#2986);
#2985 = CARTESIAN_POINT('',(5.778478279604,1.953028680267E-02,21.6));
#2986 = VECTOR('',#2987,1.);
#2987 = DIRECTION('',(0.,0.,1.));
#2988 = ORIENTED_EDGE('',*,*,#2989,.F.);
#2989 = EDGE_CURVE('',#2966,#2982,#2990,.T.);
#2990 = LINE('',#2991,#2992);
#2991 = CARTESIAN_POINT('',(5.778478279604,-0.580469713197,22.25));
#2992 = VECTOR('',#2993,1.);
#2993 = DIRECTION('',(0.,1.,0.));
#2994 = PLANE('',#2995);
#2995 = AXIS2_PLACEMENT_3D('',#2996,#2997,#2998);
#2996 = CARTESIAN_POINT('',(5.778478279604,-0.580469713197,21.6));
#2997 = DIRECTION('',(1.,0.,0.));
#2998 = DIRECTION('',(0.,0.,1.));
#2999 = ADVANCED_FACE('',(#3000),#3034,.T.);
#3000 = FACE_BOUND('',#3001,.T.);
#3001 = EDGE_LOOP('',(#3002,#3012,#3020,#3028));
#3002 = ORIENTED_EDGE('',*,*,#3003,.F.);
#3003 = EDGE_CURVE('',#3004,#3006,#3008,.T.);
#3004 = VERTEX_POINT('',#3005);
#3005 = CARTESIAN_POINT('',(7.394478279604,-0.580469713197,21.6));
#3006 = VERTEX_POINT('',#3007);
#3007 = CARTESIAN_POINT('',(7.394478279604,-0.580469713197,22.25));
#3008 = LINE('',#3009,#3010);
#3009 = CARTESIAN_POINT('',(7.394478279604,-0.580469713197,21.6));
#3010 = VECTOR('',#3011,1.);
#3011 = DIRECTION('',(0.,0.,1.));
#3012 = ORIENTED_EDGE('',*,*,#3013,.T.);
#3013 = EDGE_CURVE('',#3004,#3014,#3016,.T.);
#3014 = VERTEX_POINT('',#3015);
#3015 = CARTESIAN_POINT('',(7.394478279604,1.953028680267E-02,21.6));
#3016 = LINE('',#3017,#3018);
#3017 = CARTESIAN_POINT('',(7.394478279604,-0.580469713197,21.6));
#3018 = VECTOR('',#3019,1.);
#3019 = DIRECTION('',(0.,1.,0.));
#3020 = ORIENTED_EDGE('',*,*,#3021,.T.);
#3021 = EDGE_CURVE('',#3014,#3022,#3024,.T.);
#3022 = VERTEX_POINT('',#3023);
#3023 = CARTESIAN_POINT('',(7.394478279604,1.953028680267E-02,22.25));
#3024 = LINE('',#3025,#3026);
#3025 = CARTESIAN_POINT('',(7.394478279604,1.953028680267E-02,21.6));
#3026 = VECTOR('',#3027,1.);
#3027 = DIRECTION('',(0.,0.,1.));
#3028 = ORIENTED_EDGE('',*,*,#3029,.F.);
#3029 = EDGE_CURVE('',#3006,#3022,#3030,.T.);
#3030 = LINE('',#3031,#3032);
#3031 = CARTESIAN_POINT('',(7.394478279604,-0.580469713197,22.25));
#3032 = VECTOR('',#3033,1.);
#3033 = DIRECTION('',(0.,1.,0.));
#3034 = PLANE('',#3035);
#3035 = AXIS2_PLACEMENT_3D('',#3036,#3037,#3038);
#3036 = CARTESIAN_POINT('',(7.394478279604,-0.580469713197,21.6));
#3037 = DIRECTION('',(1.,0.,0.));
#3038 = DIRECTION('',(0.,0.,1.));
#3039 = ADVANCED_FACE('',(#3040),#3056,.F.);
#3040 = FACE_BOUND('',#3041,.F.);
#3041 = EDGE_LOOP('',(#3042,#3048,#3049,#3055));
#3042 = ORIENTED_EDGE('',*,*,#3043,.F.);
#3043 = EDGE_CURVE('',#2964,#3004,#3044,.T.);
#3044 = LINE('',#3045,#3046);
#3045 = CARTESIAN_POINT('',(5.778478279604,-0.580469713197,21.6));
#3046 = VECTOR('',#3047,1.);
#3047 = DIRECTION('',(1.,0.,0.));
#3048 = ORIENTED_EDGE('',*,*,#2963,.T.);
#3049 = ORIENTED_EDGE('',*,*,#3050,.T.);
#3050 = EDGE_CURVE('',#2966,#3006,#3051,.T.);
#3051 = LINE('',#3052,#3053);
#3052 = CARTESIAN_POINT('',(5.778478279604,-0.580469713197,22.25));
#3053 = VECTOR('',#3054,1.);
#3054 = DIRECTION('',(1.,0.,0.));
#3055 = ORIENTED_EDGE('',*,*,#3003,.F.);
#3056 = PLANE('',#3057);
#3057 = AXIS2_PLACEMENT_3D('',#3058,#3059,#3060);
#3058 = CARTESIAN_POINT('',(5.778478279604,-0.580469713197,21.6));
#3059 = DIRECTION('',(0.,1.,0.));
#3060 = DIRECTION('',(0.,0.,1.));
#3061 = ADVANCED_FACE('',(#3062),#3078,.T.);
#3062 = FACE_BOUND('',#3063,.T.);
#3063 = EDGE_LOOP('',(#3064,#3070,#3071,#3077));
#3064 = ORIENTED_EDGE('',*,*,#3065,.F.);
#3065 = EDGE_CURVE('',#2974,#3014,#3066,.T.);
#3066 = LINE('',#3067,#3068);
#3067 = CARTESIAN_POINT('',(5.778478279604,1.953028680267E-02,21.6));
#3068 = VECTOR('',#3069,1.);
#3069 = DIRECTION('',(1.,0.,0.));
#3070 = ORIENTED_EDGE('',*,*,#2981,.T.);
#3071 = ORIENTED_EDGE('',*,*,#3072,.T.);
#3072 = EDGE_CURVE('',#2982,#3022,#3073,.T.);
#3073 = LINE('',#3074,#3075);
#3074 = CARTESIAN_POINT('',(5.778478279604,1.953028680267E-02,22.25));
#3075 = VECTOR('',#3076,1.);
#3076 = DIRECTION('',(1.,0.,0.));
#3077 = ORIENTED_EDGE('',*,*,#3021,.F.);
#3078 = PLANE('',#3079);
#3079 = AXIS2_PLACEMENT_3D('',#3080,#3081,#3082);
#3080 = CARTESIAN_POINT('',(5.778478279604,1.953028680267E-02,21.6));
#3081 = DIRECTION('',(0.,1.,0.));
#3082 = DIRECTION('',(0.,0.,1.));
#3083 = ADVANCED_FACE('',(#3084),#3090,.F.);
#3084 = FACE_BOUND('',#3085,.F.);
#3085 = EDGE_LOOP('',(#3086,#3087,#3088,#3089));
#3086 = ORIENTED_EDGE('',*,*,#2973,.F.);
#3087 = ORIENTED_EDGE('',*,*,#3043,.T.);
#3088 = ORIENTED_EDGE('',*,*,#3013,.T.);
#3089 = ORIENTED_EDGE('',*,*,#3065,.F.);
#3090 = PLANE('',#3091);
#3091 = AXIS2_PLACEMENT_3D('',#3092,#3093,#3094);
#3092 = CARTESIAN_POINT('',(5.778478279604,-0.580469713197,21.6));
#3093 = DIRECTION('',(0.,0.,1.));
#3094 = DIRECTION('',(1.,0.,0.));
#3095 = ADVANCED_FACE('',(#3096),#3102,.T.);
#3096 = FACE_BOUND('',#3097,.T.);
#3097 = EDGE_LOOP('',(#3098,#3099,#3100,#3101));
#3098 = ORIENTED_EDGE('',*,*,#2989,.F.);
#3099 = ORIENTED_EDGE('',*,*,#3050,.T.);
#3100 = ORIENTED_EDGE('',*,*,#3029,.T.);
#3101 = ORIENTED_EDGE('',*,*,#3072,.F.);
#3102 = PLANE('',#3103);
#3103 = AXIS2_PLACEMENT_3D('',#3104,#3105,#3106);
#3104 = CARTESIAN_POINT('',(5.778478279604,-0.580469713197,22.25));
#3105 = DIRECTION('',(0.,0.,1.));
#3106 = DIRECTION('',(1.,0.,0.));
#3107 = MANIFOLD_SOLID_BREP('',#3108);
#3108 = CLOSED_SHELL('',(#3109,#3149,#3189,#3211,#3233,#3245));
#3109 = ADVANCED_FACE('',(#3110),#3144,.F.);
#3110 = FACE_BOUND('',#3111,.F.);
#3111 = EDGE_LOOP('',(#3112,#3122,#3130,#3138));
#3112 = ORIENTED_EDGE('',*,*,#3113,.F.);
#3113 = EDGE_CURVE('',#3114,#3116,#3118,.T.);
#3114 = VERTEX_POINT('',#3115);
#3115 = CARTESIAN_POINT('',(-6.798361234059,2.952638072497,21.6));
#3116 = VERTEX_POINT('',#3117);
#3117 = CARTESIAN_POINT('',(-6.798361234059,2.952638072497,22.25));
#3118 = LINE('',#3119,#3120);
#3119 = CARTESIAN_POINT('',(-6.798361234059,2.952638072497,21.6));
#3120 = VECTOR('',#3121,1.);
#3121 = DIRECTION('',(0.,0.,1.));
#3122 = ORIENTED_EDGE('',*,*,#3123,.T.);
#3123 = EDGE_CURVE('',#3114,#3124,#3126,.T.);
#3124 = VERTEX_POINT('',#3125);
#3125 = CARTESIAN_POINT('',(-6.798361234059,3.552638072497,21.6));
#3126 = LINE('',#3127,#3128);
#3127 = CARTESIAN_POINT('',(-6.798361234059,2.952638072497,21.6));
#3128 = VECTOR('',#3129,1.);
#3129 = DIRECTION('',(0.,1.,0.));
#3130 = ORIENTED_EDGE('',*,*,#3131,.T.);
#3131 = EDGE_CURVE('',#3124,#3132,#3134,.T.);
#3132 = VERTEX_POINT('',#3133);
#3133 = CARTESIAN_POINT('',(-6.798361234059,3.552638072497,22.25));
#3134 = LINE('',#3135,#3136);
#3135 = CARTESIAN_POINT('',(-6.798361234059,3.552638072497,21.6));
#3136 = VECTOR('',#3137,1.);
#3137 = DIRECTION('',(0.,0.,1.));
#3138 = ORIENTED_EDGE('',*,*,#3139,.F.);
#3139 = EDGE_CURVE('',#3116,#3132,#3140,.T.);
#3140 = LINE('',#3141,#3142);
#3141 = CARTESIAN_POINT('',(-6.798361234059,2.952638072497,22.25));
#3142 = VECTOR('',#3143,1.);
#3143 = DIRECTION('',(0.,1.,0.));
#3144 = PLANE('',#3145);
#3145 = AXIS2_PLACEMENT_3D('',#3146,#3147,#3148);
#3146 = CARTESIAN_POINT('',(-6.798361234059,2.952638072497,21.6));
#3147 = DIRECTION('',(1.,0.,0.));
#3148 = DIRECTION('',(0.,0.,1.));
#3149 = ADVANCED_FACE('',(#3150),#3184,.T.);
#3150 = FACE_BOUND('',#3151,.T.);
#3151 = EDGE_LOOP('',(#3152,#3162,#3170,#3178));
#3152 = ORIENTED_EDGE('',*,*,#3153,.F.);
#3153 = EDGE_CURVE('',#3154,#3156,#3158,.T.);
#3154 = VERTEX_POINT('',#3155);
#3155 = CARTESIAN_POINT('',(-5.182361234059,2.952638072497,21.6));
#3156 = VERTEX_POINT('',#3157);
#3157 = CARTESIAN_POINT('',(-5.182361234059,2.952638072497,22.25));
#3158 = LINE('',#3159,#3160);
#3159 = CARTESIAN_POINT('',(-5.182361234059,2.952638072497,21.6));
#3160 = VECTOR('',#3161,1.);
#3161 = DIRECTION('',(0.,0.,1.));
#3162 = ORIENTED_EDGE('',*,*,#3163,.T.);
#3163 = EDGE_CURVE('',#3154,#3164,#3166,.T.);
#3164 = VERTEX_POINT('',#3165);
#3165 = CARTESIAN_POINT('',(-5.182361234059,3.552638072497,21.6));
#3166 = LINE('',#3167,#3168);
#3167 = CARTESIAN_POINT('',(-5.182361234059,2.952638072497,21.6));
#3168 = VECTOR('',#3169,1.);
#3169 = DIRECTION('',(0.,1.,0.));
#3170 = ORIENTED_EDGE('',*,*,#3171,.T.);
#3171 = EDGE_CURVE('',#3164,#3172,#3174,.T.);
#3172 = VERTEX_POINT('',#3173);
#3173 = CARTESIAN_POINT('',(-5.182361234059,3.552638072497,22.25));
#3174 = LINE('',#3175,#3176);
#3175 = CARTESIAN_POINT('',(-5.182361234059,3.552638072497,21.6));
#3176 = VECTOR('',#3177,1.);
#3177 = DIRECTION('',(0.,0.,1.));
#3178 = ORIENTED_EDGE('',*,*,#3179,.F.);
#3179 = EDGE_CURVE('',#3156,#3172,#3180,.T.);
#3180 = LINE('',#3181,#3182);
#3181 = CARTESIAN_POINT('',(-5.182361234059,2.952638072497,22.25));
#3182 = VECTOR('',#3183,1.);
#3183 = DIRECTION('',(0.,1.,0.));
#3184 = PLANE('',#3185);
#3185 = AXIS2_PLACEMENT_3D('',#3186,#3187,#3188);
#3186 = CARTESIAN_POINT('',(-5.182361234059,2.952638072497,21.6));
#3187 = DIRECTION('',(1.,0.,0.));
#3188 = DIRECTION('',(0.,0.,1.));
#3189 = ADVANCED_FACE('',(#3190),#3206,.F.);
#3190 = FACE_BOUND('',#3191,.F.);
#3191 = EDGE_LOOP('',(#3192,#3198,#3199,#3205));
#3192 = ORIENTED_EDGE('',*,*,#3193,.F.);
#3193 = EDGE_CURVE('',#3114,#3154,#3194,.T.);
#3194 = LINE('',#3195,#3196);
#3195 = CARTESIAN_POINT('',(-6.798361234059,2.952638072497,21.6));
#3196 = VECTOR('',#3197,1.);
#3197 = DIRECTION('',(1.,0.,0.));
#3198 = ORIENTED_EDGE('',*,*,#3113,.T.);
#3199 = ORIENTED_EDGE('',*,*,#3200,.T.);
#3200 = EDGE_CURVE('',#3116,#3156,#3201,.T.);
#3201 = LINE('',#3202,#3203);
#3202 = CARTESIAN_POINT('',(-6.798361234059,2.952638072497,22.25));
#3203 = VECTOR('',#3204,1.);
#3204 = DIRECTION('',(1.,0.,0.));
#3205 = ORIENTED_EDGE('',*,*,#3153,.F.);
#3206 = PLANE('',#3207);
#3207 = AXIS2_PLACEMENT_3D('',#3208,#3209,#3210);
#3208 = CARTESIAN_POINT('',(-6.798361234059,2.952638072497,21.6));
#3209 = DIRECTION('',(0.,1.,0.));
#3210 = DIRECTION('',(0.,0.,1.));
#3211 = ADVANCED_FACE('',(#3212),#3228,.T.);
#3212 = FACE_BOUND('',#3213,.T.);
#3213 = EDGE_LOOP('',(#3214,#3220,#3221,#3227));
#3214 = ORIENTED_EDGE('',*,*,#3215,.F.);
#3215 = EDGE_CURVE('',#3124,#3164,#3216,.T.);
#3216 = LINE('',#3217,#3218);
#3217 = CARTESIAN_POINT('',(-6.798361234059,3.552638072497,21.6));
#3218 = VECTOR('',#3219,1.);
#3219 = DIRECTION('',(1.,0.,0.));
#3220 = ORIENTED_EDGE('',*,*,#3131,.T.);
#3221 = ORIENTED_EDGE('',*,*,#3222,.T.);
#3222 = EDGE_CURVE('',#3132,#3172,#3223,.T.);
#3223 = LINE('',#3224,#3225);
#3224 = CARTESIAN_POINT('',(-6.798361234059,3.552638072497,22.25));
#3225 = VECTOR('',#3226,1.);
#3226 = DIRECTION('',(1.,0.,0.));
#3227 = ORIENTED_EDGE('',*,*,#3171,.F.);
#3228 = PLANE('',#3229);
#3229 = AXIS2_PLACEMENT_3D('',#3230,#3231,#3232);
#3230 = CARTESIAN_POINT('',(-6.798361234059,3.552638072497,21.6));
#3231 = DIRECTION('',(0.,1.,0.));
#3232 = DIRECTION('',(0.,0.,1.));
#3233 = ADVANCED_FACE('',(#3234),#3240,.F.);
#3234 = FACE_BOUND('',#3235,.F.);
#3235 = EDGE_LOOP('',(#3236,#3237,#3238,#3239));
#3236 = ORIENTED_EDGE('',*,*,#3123,.F.);
#3237 = ORIENTED_EDGE('',*,*,#3193,.T.);
#3238 = ORIENTED_EDGE('',*,*,#3163,.T.);
#3239 = ORIENTED_EDGE('',*,*,#3215,.F.);
#3240 = PLANE('',#3241);
#3241 = AXIS2_PLACEMENT_3D('',#3242,#3243,#3244);
#3242 = CARTESIAN_POINT('',(-6.798361234059,2.952638072497,21.6));
#3243 = DIRECTION('',(0.,0.,1.));
#3244 = DIRECTION('',(1.,0.,0.));
#3245 = ADVANCED_FACE('',(#3246),#3252,.T.);
#3246 = FACE_BOUND('',#3247,.T.);
#3247 = EDGE_LOOP('',(#3248,#3249,#3250,#3251));
#3248 = ORIENTED_EDGE('',*,*,#3139,.F.);
#3249 = ORIENTED_EDGE('',*,*,#3200,.T.);
#3250 = ORIENTED_EDGE('',*,*,#3179,.T.);
#3251 = ORIENTED_EDGE('',*,*,#3222,.F.);
#3252 = PLANE('',#3253);
#3253 = AXIS2_PLACEMENT_3D('',#3254,#3255,#3256);
#3254 = CARTESIAN_POINT('',(-6.798361234059,2.952638072497,22.25));
#3255 = DIRECTION('',(0.,0.,1.));
#3256 = DIRECTION('',(1.,0.,0.));
#3257 = MANIFOLD_SOLID_BREP('',#3258);
#3258 = CLOSED_SHELL('',(#3259,#3299,#3339,#3361,#3383,#3395));
#3259 = ADVANCED_FACE('',(#3260),#3294,.F.);
#3260 = FACE_BOUND('',#3261,.F.);
#3261 = EDGE_LOOP('',(#3262,#3272,#3280,#3288));
#3262 = ORIENTED_EDGE('',*,*,#3263,.F.);
#3263 = EDGE_CURVE('',#3264,#3266,#3268,.T.);
#3264 = VERTEX_POINT('',#3265);
#3265 = CARTESIAN_POINT('',(12.108612285431,-7.840204676911,21.6));
#3266 = VERTEX_POINT('',#3267);
#3267 = CARTESIAN_POINT('',(12.108612285431,-7.840204676911,23.6));
#3268 = LINE('',#3269,#3270);
#3269 = CARTESIAN_POINT('',(12.108612285431,-7.840204676911,21.6));
#3270 = VECTOR('',#3271,1.);
#3271 = DIRECTION('',(0.,0.,1.));
#3272 = ORIENTED_EDGE('',*,*,#3273,.T.);
#3273 = EDGE_CURVE('',#3264,#3274,#3276,.T.);
#3274 = VERTEX_POINT('',#3275);
#3275 = CARTESIAN_POINT('',(12.108612285431,-9.340204676911,21.6));
#3276 = LINE('',#3277,#3278);
#3277 = CARTESIAN_POINT('',(12.108612285431,-7.840204676911,21.6));
#3278 = VECTOR('',#3279,1.);
#3279 = DIRECTION('',(1.224646799147E-16,-1.,0.));
#3280 = ORIENTED_EDGE('',*,*,#3281,.T.);
#3281 = EDGE_CURVE('',#3274,#3282,#3284,.T.);
#3282 = VERTEX_POINT('',#3283);
#3283 = CARTESIAN_POINT('',(12.108612285431,-9.340204676911,23.6));
#3284 = LINE('',#3285,#3286);
#3285 = CARTESIAN_POINT('',(12.108612285431,-9.340204676911,21.6));
#3286 = VECTOR('',#3287,1.);
#3287 = DIRECTION('',(0.,0.,1.));
#3288 = ORIENTED_EDGE('',*,*,#3289,.F.);
#3289 = EDGE_CURVE('',#3266,#3282,#3290,.T.);
#3290 = LINE('',#3291,#3292);
#3291 = CARTESIAN_POINT('',(12.108612285431,-7.840204676911,23.6));
#3292 = VECTOR('',#3293,1.);
#3293 = DIRECTION('',(1.224646799147E-16,-1.,0.));
#3294 = PLANE('',#3295);
#3295 = AXIS2_PLACEMENT_3D('',#3296,#3297,#3298);
#3296 = CARTESIAN_POINT('',(12.108612285431,-7.840204676911,21.6));
#3297 = DIRECTION('',(-1.,-1.224646799147E-16,0.));
#3298 = DIRECTION('',(0.,0.,1.));
#3299 = ADVANCED_FACE('',(#3300),#3334,.T.);
#3300 = FACE_BOUND('',#3301,.T.);
#3301 = EDGE_LOOP('',(#3302,#3312,#3320,#3328));
#3302 = ORIENTED_EDGE('',*,*,#3303,.F.);
#3303 = EDGE_CURVE('',#3304,#3306,#3308,.T.);
#3304 = VERTEX_POINT('',#3305);
#3305 = CARTESIAN_POINT('',(8.968612285431,-7.840204676911,21.6));
#3306 = VERTEX_POINT('',#3307);
#3307 = CARTESIAN_POINT('',(8.968612285431,-7.840204676911,23.6));
#3308 = LINE('',#3309,#3310);
#3309 = CARTESIAN_POINT('',(8.968612285431,-7.840204676911,21.6));
#3310 = VECTOR('',#3311,1.);
#3311 = DIRECTION('',(0.,0.,1.));
#3312 = ORIENTED_EDGE('',*,*,#3313,.T.);
#3313 = EDGE_CURVE('',#3304,#3314,#3316,.T.);
#3314 = VERTEX_POINT('',#3315);
#3315 = CARTESIAN_POINT('',(8.968612285431,-9.340204676911,21.6));
#3316 = LINE('',#3317,#3318);
#3317 = CARTESIAN_POINT('',(8.968612285431,-7.840204676911,21.6));
#3318 = VECTOR('',#3319,1.);
#3319 = DIRECTION('',(1.224646799147E-16,-1.,0.));
#3320 = ORIENTED_EDGE('',*,*,#3321,.T.);
#3321 = EDGE_CURVE('',#3314,#3322,#3324,.T.);
#3322 = VERTEX_POINT('',#3323);
#3323 = CARTESIAN_POINT('',(8.968612285431,-9.340204676911,23.6));
#3324 = LINE('',#3325,#3326);
#3325 = CARTESIAN_POINT('',(8.968612285431,-9.340204676911,21.6));
#3326 = VECTOR('',#3327,1.);
#3327 = DIRECTION('',(0.,0.,1.));
#3328 = ORIENTED_EDGE('',*,*,#3329,.F.);
#3329 = EDGE_CURVE('',#3306,#3322,#3330,.T.);
#3330 = LINE('',#3331,#3332);
#3331 = CARTESIAN_POINT('',(8.968612285431,-7.840204676911,23.6));
#3332 = VECTOR('',#3333,1.);
#3333 = DIRECTION('',(1.224646799147E-16,-1.,0.));
#3334 = PLANE('',#3335);
#3335 = AXIS2_PLACEMENT_3D('',#3336,#3337,#3338);
#3336 = CARTESIAN_POINT('',(8.968612285431,-7.840204676911,21.6));
#3337 = DIRECTION('',(-1.,-1.224646799147E-16,0.));
#3338 = DIRECTION('',(0.,0.,1.));
#3339 = ADVANCED_FACE('',(#3340),#3356,.F.);
#3340 = FACE_BOUND('',#3341,.F.);
#3341 = EDGE_LOOP('',(#3342,#3348,#3349,#3355));
#3342 = ORIENTED_EDGE('',*,*,#3343,.F.);
#3343 = EDGE_CURVE('',#3264,#3304,#3344,.T.);
#3344 = LINE('',#3345,#3346);
#3345 = CARTESIAN_POINT('',(12.108612285431,-7.840204676911,21.6));
#3346 = VECTOR('',#3347,1.);
#3347 = DIRECTION('',(-1.,-1.224646799147E-16,0.));
#3348 = ORIENTED_EDGE('',*,*,#3263,.T.);
#3349 = ORIENTED_EDGE('',*,*,#3350,.T.);
#3350 = EDGE_CURVE('',#3266,#3306,#3351,.T.);
#3351 = LINE('',#3352,#3353);
#3352 = CARTESIAN_POINT('',(12.108612285431,-7.840204676911,23.6));
#3353 = VECTOR('',#3354,1.);
#3354 = DIRECTION('',(-1.,-1.224646799147E-16,0.));
#3355 = ORIENTED_EDGE('',*,*,#3303,.F.);
#3356 = PLANE('',#3357);
#3357 = AXIS2_PLACEMENT_3D('',#3358,#3359,#3360);
#3358 = CARTESIAN_POINT('',(12.108612285431,-7.840204676911,21.6));
#3359 = DIRECTION('',(1.224646799147E-16,-1.,0.));
#3360 = DIRECTION('',(0.,0.,1.));
#3361 = ADVANCED_FACE('',(#3362),#3378,.T.);
#3362 = FACE_BOUND('',#3363,.T.);
#3363 = EDGE_LOOP('',(#3364,#3370,#3371,#3377));
#3364 = ORIENTED_EDGE('',*,*,#3365,.F.);
#3365 = EDGE_CURVE('',#3274,#3314,#3366,.T.);
#3366 = LINE('',#3367,#3368);
#3367 = CARTESIAN_POINT('',(12.108612285431,-9.340204676911,21.6));
#3368 = VECTOR('',#3369,1.);
#3369 = DIRECTION('',(-1.,-1.224646799147E-16,0.));
#3370 = ORIENTED_EDGE('',*,*,#3281,.T.);
#3371 = ORIENTED_EDGE('',*,*,#3372,.T.);
#3372 = EDGE_CURVE('',#3282,#3322,#3373,.T.);
#3373 = LINE('',#3374,#3375);
#3374 = CARTESIAN_POINT('',(12.108612285431,-9.340204676911,23.6));
#3375 = VECTOR('',#3376,1.);
#3376 = DIRECTION('',(-1.,-1.224646799147E-16,0.));
#3377 = ORIENTED_EDGE('',*,*,#3321,.F.);
#3378 = PLANE('',#3379);
#3379 = AXIS2_PLACEMENT_3D('',#3380,#3381,#3382);
#3380 = CARTESIAN_POINT('',(12.108612285431,-9.340204676911,21.6));
#3381 = DIRECTION('',(1.224646799147E-16,-1.,0.));
#3382 = DIRECTION('',(0.,0.,1.));
#3383 = ADVANCED_FACE('',(#3384),#3390,.F.);
#3384 = FACE_BOUND('',#3385,.F.);
#3385 = EDGE_LOOP('',(#3386,#3387,#3388,#3389));
#3386 = ORIENTED_EDGE('',*,*,#3273,.F.);
#3387 = ORIENTED_EDGE('',*,*,#3343,.T.);
#3388 = ORIENTED_EDGE('',*,*,#3313,.T.);
#3389 = ORIENTED_EDGE('',*,*,#3365,.F.);
#3390 = PLANE('',#3391);
#3391 = AXIS2_PLACEMENT_3D('',#3392,#3393,#3394);
#3392 = CARTESIAN_POINT('',(12.108612285431,-7.840204676911,21.6));
#3393 = DIRECTION('',(0.,0.,1.));
#3394 = DIRECTION('',(-1.,-1.224646799147E-16,0.));
#3395 = ADVANCED_FACE('',(#3396),#3402,.T.);
#3396 = FACE_BOUND('',#3397,.T.);
#3397 = EDGE_LOOP('',(#3398,#3399,#3400,#3401));
#3398 = ORIENTED_EDGE('',*,*,#3289,.F.);
#3399 = ORIENTED_EDGE('',*,*,#3350,.T.);
#3400 = ORIENTED_EDGE('',*,*,#3329,.T.);
#3401 = ORIENTED_EDGE('',*,*,#3372,.F.);
#3402 = PLANE('',#3403);
#3403 = AXIS2_PLACEMENT_3D('',#3404,#3405,#3406);
#3404 = CARTESIAN_POINT('',(12.108612285431,-7.840204676911,23.6));
#3405 = DIRECTION('',(0.,0.,1.));
#3406 = DIRECTION('',(-1.,-1.224646799147E-16,0.));
#3407 = MANIFOLD_SOLID_BREP('',#3408);
#3408 = CLOSED_SHELL('',(#3409,#3449,#3489,#3511,#3533,#3545));
#3409 = ADVANCED_FACE('',(#3410),#3444,.F.);
#3410 = FACE_BOUND('',#3411,.F.);
#3411 = EDGE_LOOP('',(#3412,#3422,#3430,#3438));
#3412 = ORIENTED_EDGE('',*,*,#3413,.F.);
#3413 = EDGE_CURVE('',#3414,#3416,#3418,.T.);
#3414 = VERTEX_POINT('',#3415);
#3415 = CARTESIAN_POINT('',(3.738378005916,8.10853456035,21.6));
#3416 = VERTEX_POINT('',#3417);
#3417 = CARTESIAN_POINT('',(3.738378005916,8.10853456035,23.6));
#3418 = LINE('',#3419,#3420);
#3419 = CARTESIAN_POINT('',(3.738378005916,8.10853456035,21.6));
#3420 = VECTOR('',#3421,1.);
#3421 = DIRECTION('',(0.,0.,1.));
#3422 = ORIENTED_EDGE('',*,*,#3423,.T.);
#3423 = EDGE_CURVE('',#3414,#3424,#3426,.T.);
#3424 = VERTEX_POINT('',#3425);
#3425 = CARTESIAN_POINT('',(5.238378005916,8.10853456035,21.6));
#3426 = LINE('',#3427,#3428);
#3427 = CARTESIAN_POINT('',(3.738378005916,8.10853456035,21.6));
#3428 = VECTOR('',#3429,1.);
#3429 = DIRECTION('',(1.,1.110223024625E-16,0.));
#3430 = ORIENTED_EDGE('',*,*,#3431,.T.);
#3431 = EDGE_CURVE('',#3424,#3432,#3434,.T.);
#3432 = VERTEX_POINT('',#3433);
#3433 = CARTESIAN_POINT('',(5.238378005916,8.10853456035,23.6));
#3434 = LINE('',#3435,#3436);
#3435 = CARTESIAN_POINT('',(5.238378005916,8.10853456035,21.6));
#3436 = VECTOR('',#3437,1.);
#3437 = DIRECTION('',(0.,0.,1.));
#3438 = ORIENTED_EDGE('',*,*,#3439,.F.);
#3439 = EDGE_CURVE('',#3416,#3432,#3440,.T.);
#3440 = LINE('',#3441,#3442);
#3441 = CARTESIAN_POINT('',(3.738378005916,8.10853456035,23.6));
#3442 = VECTOR('',#3443,1.);
#3443 = DIRECTION('',(1.,1.110223024625E-16,0.));
#3444 = PLANE('',#3445);
#3445 = AXIS2_PLACEMENT_3D('',#3446,#3447,#3448);
#3446 = CARTESIAN_POINT('',(3.738378005916,8.10853456035,21.6));
#3447 = DIRECTION('',(1.110223024625E-16,-1.,0.));
#3448 = DIRECTION('',(0.,0.,1.));
#3449 = ADVANCED_FACE('',(#3450),#3484,.T.);
#3450 = FACE_BOUND('',#3451,.T.);
#3451 = EDGE_LOOP('',(#3452,#3462,#3470,#3478));
#3452 = ORIENTED_EDGE('',*,*,#3453,.F.);
#3453 = EDGE_CURVE('',#3454,#3456,#3458,.T.);
#3454 = VERTEX_POINT('',#3455);
#3455 = CARTESIAN_POINT('',(3.738378005916,4.96853456035,21.6));
#3456 = VERTEX_POINT('',#3457);
#3457 = CARTESIAN_POINT('',(3.738378005916,4.96853456035,23.6));
#3458 = LINE('',#3459,#3460);
#3459 = CARTESIAN_POINT('',(3.738378005916,4.96853456035,21.6));
#3460 = VECTOR('',#3461,1.);
#3461 = DIRECTION('',(0.,0.,1.));
#3462 = ORIENTED_EDGE('',*,*,#3463,.T.);
#3463 = EDGE_CURVE('',#3454,#3464,#3466,.T.);
#3464 = VERTEX_POINT('',#3465);
#3465 = CARTESIAN_POINT('',(5.238378005916,4.96853456035,21.6));
#3466 = LINE('',#3467,#3468);
#3467 = CARTESIAN_POINT('',(3.738378005916,4.96853456035,21.6));
#3468 = VECTOR('',#3469,1.);
#3469 = DIRECTION('',(1.,1.110223024625E-16,0.));
#3470 = ORIENTED_EDGE('',*,*,#3471,.T.);
#3471 = EDGE_CURVE('',#3464,#3472,#3474,.T.);
#3472 = VERTEX_POINT('',#3473);
#3473 = CARTESIAN_POINT('',(5.238378005916,4.96853456035,23.6));
#3474 = LINE('',#3475,#3476);
#3475 = CARTESIAN_POINT('',(5.238378005916,4.96853456035,21.6));
#3476 = VECTOR('',#3477,1.);
#3477 = DIRECTION('',(0.,0.,1.));
#3478 = ORIENTED_EDGE('',*,*,#3479,.F.);
#3479 = EDGE_CURVE('',#3456,#3472,#3480,.T.);
#3480 = LINE('',#3481,#3482);
#3481 = CARTESIAN_POINT('',(3.738378005916,4.96853456035,23.6));
#3482 = VECTOR('',#3483,1.);
#3483 = DIRECTION('',(1.,1.110223024625E-16,0.));
#3484 = PLANE('',#3485);
#3485 = AXIS2_PLACEMENT_3D('',#3486,#3487,#3488);
#3486 = CARTESIAN_POINT('',(3.738378005916,4.96853456035,21.6));
#3487 = DIRECTION('',(1.110223024625E-16,-1.,0.));
#3488 = DIRECTION('',(0.,0.,1.));
#3489 = ADVANCED_FACE('',(#3490),#3506,.F.);
#3490 = FACE_BOUND('',#3491,.F.);
#3491 = EDGE_LOOP('',(#3492,#3498,#3499,#3505));
#3492 = ORIENTED_EDGE('',*,*,#3493,.F.);
#3493 = EDGE_CURVE('',#3414,#3454,#3494,.T.);
#3494 = LINE('',#3495,#3496);
#3495 = CARTESIAN_POINT('',(3.738378005916,8.10853456035,21.6));
#3496 = VECTOR('',#3497,1.);
#3497 = DIRECTION('',(1.110223024625E-16,-1.,0.));
#3498 = ORIENTED_EDGE('',*,*,#3413,.T.);
#3499 = ORIENTED_EDGE('',*,*,#3500,.T.);
#3500 = EDGE_CURVE('',#3416,#3456,#3501,.T.);
#3501 = LINE('',#3502,#3503);
#3502 = CARTESIAN_POINT('',(3.738378005916,8.10853456035,23.6));
#3503 = VECTOR('',#3504,1.);
#3504 = DIRECTION('',(1.110223024625E-16,-1.,0.));
#3505 = ORIENTED_EDGE('',*,*,#3453,.F.);
#3506 = PLANE('',#3507);
#3507 = AXIS2_PLACEMENT_3D('',#3508,#3509,#3510);
#3508 = CARTESIAN_POINT('',(3.738378005916,8.10853456035,21.6));
#3509 = DIRECTION('',(1.,1.110223024625E-16,0.));
#3510 = DIRECTION('',(0.,0.,1.));
#3511 = ADVANCED_FACE('',(#3512),#3528,.T.);
#3512 = FACE_BOUND('',#3513,.T.);
#3513 = EDGE_LOOP('',(#3514,#3520,#3521,#3527));
#3514 = ORIENTED_EDGE('',*,*,#3515,.F.);
#3515 = EDGE_CURVE('',#3424,#3464,#3516,.T.);
#3516 = LINE('',#3517,#3518);
#3517 = CARTESIAN_POINT('',(5.238378005916,8.10853456035,21.6));
#3518 = VECTOR('',#3519,1.);
#3519 = DIRECTION('',(1.110223024625E-16,-1.,0.));
#3520 = ORIENTED_EDGE('',*,*,#3431,.T.);
#3521 = ORIENTED_EDGE('',*,*,#3522,.T.);
#3522 = EDGE_CURVE('',#3432,#3472,#3523,.T.);
#3523 = LINE('',#3524,#3525);
#3524 = CARTESIAN_POINT('',(5.238378005916,8.10853456035,23.6));
#3525 = VECTOR('',#3526,1.);
#3526 = DIRECTION('',(1.110223024625E-16,-1.,0.));
#3527 = ORIENTED_EDGE('',*,*,#3471,.F.);
#3528 = PLANE('',#3529);
#3529 = AXIS2_PLACEMENT_3D('',#3530,#3531,#3532);
#3530 = CARTESIAN_POINT('',(5.238378005916,8.10853456035,21.6));
#3531 = DIRECTION('',(1.,1.110223024625E-16,0.));
#3532 = DIRECTION('',(0.,0.,1.));
#3533 = ADVANCED_FACE('',(#3534),#3540,.F.);
#3534 = FACE_BOUND('',#3535,.F.);
#3535 = EDGE_LOOP('',(#3536,#3537,#3538,#3539));
#3536 = ORIENTED_EDGE('',*,*,#3423,.F.);
#3537 = ORIENTED_EDGE('',*,*,#3493,.T.);
#3538 = ORIENTED_EDGE('',*,*,#3463,.T.);
#3539 = ORIENTED_EDGE('',*,*,#3515,.F.);
#3540 = PLANE('',#3541);
#3541 = AXIS2_PLACEMENT_3D('',#3542,#3543,#3544);
#3542 = CARTESIAN_POINT('',(3.738378005916,8.10853456035,21.6));
#3543 = DIRECTION('',(0.,0.,1.));
#3544 = DIRECTION('',(1.110223024625E-16,-1.,0.));
#3545 = ADVANCED_FACE('',(#3546),#3552,.T.);
#3546 = FACE_BOUND('',#3547,.T.);
#3547 = EDGE_LOOP('',(#3548,#3549,#3550,#3551));
#3548 = ORIENTED_EDGE('',*,*,#3439,.F.);
#3549 = ORIENTED_EDGE('',*,*,#3500,.T.);
#3550 = ORIENTED_EDGE('',*,*,#3479,.T.);
#3551 = ORIENTED_EDGE('',*,*,#3522,.F.);
#3552 = PLANE('',#3553);
#3553 = AXIS2_PLACEMENT_3D('',#3554,#3555,#3556);
#3554 = CARTESIAN_POINT('',(3.738378005916,8.10853456035,23.6));
#3555 = DIRECTION('',(0.,0.,1.));
#3556 = DIRECTION('',(1.110223024625E-16,-1.,0.));
#3557 = MANIFOLD_SOLID_BREP('',#3558);
#3558 = CLOSED_SHELL('',(#3559,#3599,#3639,#3661,#3683,#3695));
#3559 = ADVANCED_FACE('',(#3560),#3594,.F.);
#3560 = FACE_BOUND('',#3561,.F.);
#3561 = EDGE_LOOP('',(#3562,#3572,#3580,#3588));
#3562 = ORIENTED_EDGE('',*,*,#3563,.F.);
#3563 = EDGE_CURVE('',#3564,#3566,#3568,.T.);
#3564 = VERTEX_POINT('',#3565);
#3565 = CARTESIAN_POINT('',(19.079146499014,-1.584683132462,21.6));
#3566 = VERTEX_POINT('',#3567);
#3567 = CARTESIAN_POINT('',(19.079146499014,-1.584683132462,22.25));
#3568 = LINE('',#3569,#3570);
#3569 = CARTESIAN_POINT('',(19.079146499014,-1.584683132462,21.6));
#3570 = VECTOR('',#3571,1.);
#3571 = DIRECTION('',(0.,0.,1.));
#3572 = ORIENTED_EDGE('',*,*,#3573,.T.);
#3573 = EDGE_CURVE('',#3564,#3574,#3576,.T.);
#3574 = VERTEX_POINT('',#3575);
#3575 = CARTESIAN_POINT('',(18.479146499014,-1.584683132462,21.6));
#3576 = LINE('',#3577,#3578);
#3577 = CARTESIAN_POINT('',(19.079146499014,-1.584683132462,21.6));
#3578 = VECTOR('',#3579,1.);
#3579 = DIRECTION('',(-1.,2.22044604925E-16,0.));
#3580 = ORIENTED_EDGE('',*,*,#3581,.T.);
#3581 = EDGE_CURVE('',#3574,#3582,#3584,.T.);
#3582 = VERTEX_POINT('',#3583);
#3583 = CARTESIAN_POINT('',(18.479146499014,-1.584683132462,22.25));
#3584 = LINE('',#3585,#3586);
#3585 = CARTESIAN_POINT('',(18.479146499014,-1.584683132462,21.6));
#3586 = VECTOR('',#3587,1.);
#3587 = DIRECTION('',(0.,0.,1.));
#3588 = ORIENTED_EDGE('',*,*,#3589,.F.);
#3589 = EDGE_CURVE('',#3566,#3582,#3590,.T.);
#3590 = LINE('',#3591,#3592);
#3591 = CARTESIAN_POINT('',(19.079146499014,-1.584683132462,22.25));
#3592 = VECTOR('',#3593,1.);
#3593 = DIRECTION('',(-1.,2.22044604925E-16,0.));
#3594 = PLANE('',#3595);
#3595 = AXIS2_PLACEMENT_3D('',#3596,#3597,#3598);
#3596 = CARTESIAN_POINT('',(19.079146499014,-1.584683132462,21.6));
#3597 = DIRECTION('',(2.22044604925E-16,1.,0.));
#3598 = DIRECTION('',(0.,0.,1.));
#3599 = ADVANCED_FACE('',(#3600),#3634,.T.);
#3600 = FACE_BOUND('',#3601,.T.);
#3601 = EDGE_LOOP('',(#3602,#3612,#3620,#3628));
#3602 = ORIENTED_EDGE('',*,*,#3603,.F.);
#3603 = EDGE_CURVE('',#3604,#3606,#3608,.T.);
#3604 = VERTEX_POINT('',#3605);
#3605 = CARTESIAN_POINT('',(19.079146499014,3.131686753789E-02,21.6));
#3606 = VERTEX_POINT('',#3607);
#3607 = CARTESIAN_POINT('',(19.079146499014,3.131686753789E-02,22.25));
#3608 = LINE('',#3609,#3610);
#3609 = CARTESIAN_POINT('',(19.079146499014,3.131686753789E-02,21.6));
#3610 = VECTOR('',#3611,1.);
#3611 = DIRECTION('',(0.,0.,1.));
#3612 = ORIENTED_EDGE('',*,*,#3613,.T.);
#3613 = EDGE_CURVE('',#3604,#3614,#3616,.T.);
#3614 = VERTEX_POINT('',#3615);
#3615 = CARTESIAN_POINT('',(18.479146499014,3.131686753789E-02,21.6));
#3616 = LINE('',#3617,#3618);
#3617 = CARTESIAN_POINT('',(19.079146499014,3.131686753789E-02,21.6));
#3618 = VECTOR('',#3619,1.);
#3619 = DIRECTION('',(-1.,2.22044604925E-16,0.));
#3620 = ORIENTED_EDGE('',*,*,#3621,.T.);
#3621 = EDGE_CURVE('',#3614,#3622,#3624,.T.);
#3622 = VERTEX_POINT('',#3623);
#3623 = CARTESIAN_POINT('',(18.479146499014,3.131686753789E-02,22.25));
#3624 = LINE('',#3625,#3626);
#3625 = CARTESIAN_POINT('',(18.479146499014,3.131686753789E-02,21.6));
#3626 = VECTOR('',#3627,1.);
#3627 = DIRECTION('',(0.,0.,1.));
#3628 = ORIENTED_EDGE('',*,*,#3629,.F.);
#3629 = EDGE_CURVE('',#3606,#3622,#3630,.T.);
#3630 = LINE('',#3631,#3632);
#3631 = CARTESIAN_POINT('',(19.079146499014,3.131686753789E-02,22.25));
#3632 = VECTOR('',#3633,1.);
#3633 = DIRECTION('',(-1.,2.22044604925E-16,0.));
#3634 = PLANE('',#3635);
#3635 = AXIS2_PLACEMENT_3D('',#3636,#3637,#3638);
#3636 = CARTESIAN_POINT('',(19.079146499014,3.131686753789E-02,21.6));
#3637 = DIRECTION('',(2.22044604925E-16,1.,0.));
#3638 = DIRECTION('',(0.,0.,1.));
#3639 = ADVANCED_FACE('',(#3640),#3656,.F.);
#3640 = FACE_BOUND('',#3641,.F.);
#3641 = EDGE_LOOP('',(#3642,#3648,#3649,#3655));
#3642 = ORIENTED_EDGE('',*,*,#3643,.F.);
#3643 = EDGE_CURVE('',#3564,#3604,#3644,.T.);
#3644 = LINE('',#3645,#3646);
#3645 = CARTESIAN_POINT('',(19.079146499014,-1.584683132462,21.6));
#3646 = VECTOR('',#3647,1.);
#3647 = DIRECTION('',(2.22044604925E-16,1.,0.));
#3648 = ORIENTED_EDGE('',*,*,#3563,.T.);
#3649 = ORIENTED_EDGE('',*,*,#3650,.T.);
#3650 = EDGE_CURVE('',#3566,#3606,#3651,.T.);
#3651 = LINE('',#3652,#3653);
#3652 = CARTESIAN_POINT('',(19.079146499014,-1.584683132462,22.25));
#3653 = VECTOR('',#3654,1.);
#3654 = DIRECTION('',(2.22044604925E-16,1.,0.));
#3655 = ORIENTED_EDGE('',*,*,#3603,.F.);
#3656 = PLANE('',#3657);
#3657 = AXIS2_PLACEMENT_3D('',#3658,#3659,#3660);
#3658 = CARTESIAN_POINT('',(19.079146499014,-1.584683132462,21.6));
#3659 = DIRECTION('',(-1.,2.22044604925E-16,0.));
#3660 = DIRECTION('',(0.,0.,1.));
#3661 = ADVANCED_FACE('',(#3662),#3678,.T.);
#3662 = FACE_BOUND('',#3663,.T.);
#3663 = EDGE_LOOP('',(#3664,#3670,#3671,#3677));
#3664 = ORIENTED_EDGE('',*,*,#3665,.F.);
#3665 = EDGE_CURVE('',#3574,#3614,#3666,.T.);
#3666 = LINE('',#3667,#3668);
#3667 = CARTESIAN_POINT('',(18.479146499014,-1.584683132462,21.6));
#3668 = VECTOR('',#3669,1.);
#3669 = DIRECTION('',(2.22044604925E-16,1.,0.));
#3670 = ORIENTED_EDGE('',*,*,#3581,.T.);
#3671 = ORIENTED_EDGE('',*,*,#3672,.T.);
#3672 = EDGE_CURVE('',#3582,#3622,#3673,.T.);
#3673 = LINE('',#3674,#3675);
#3674 = CARTESIAN_POINT('',(18.479146499014,-1.584683132462,22.25));
#3675 = VECTOR('',#3676,1.);
#3676 = DIRECTION('',(2.22044604925E-16,1.,0.));
#3677 = ORIENTED_EDGE('',*,*,#3621,.F.);
#3678 = PLANE('',#3679);
#3679 = AXIS2_PLACEMENT_3D('',#3680,#3681,#3682);
#3680 = CARTESIAN_POINT('',(18.479146499014,-1.584683132462,21.6));
#3681 = DIRECTION('',(-1.,2.22044604925E-16,0.));
#3682 = DIRECTION('',(0.,0.,1.));
#3683 = ADVANCED_FACE('',(#3684),#3690,.F.);
#3684 = FACE_BOUND('',#3685,.F.);
#3685 = EDGE_LOOP('',(#3686,#3687,#3688,#3689));
#3686 = ORIENTED_EDGE('',*,*,#3573,.F.);
#3687 = ORIENTED_EDGE('',*,*,#3643,.T.);
#3688 = ORIENTED_EDGE('',*,*,#3613,.T.);
#3689 = ORIENTED_EDGE('',*,*,#3665,.F.);
#3690 = PLANE('',#3691);
#3691 = AXIS2_PLACEMENT_3D('',#3692,#3693,#3694);
#3692 = CARTESIAN_POINT('',(19.079146499014,-1.584683132462,21.6));
#3693 = DIRECTION('',(0.,0.,1.));
#3694 = DIRECTION('',(2.22044604925E-16,1.,0.));
#3695 = ADVANCED_FACE('',(#3696),#3702,.T.);
#3696 = FACE_BOUND('',#3697,.T.);
#3697 = EDGE_LOOP('',(#3698,#3699,#3700,#3701));
#3698 = ORIENTED_EDGE('',*,*,#3589,.F.);
#3699 = ORIENTED_EDGE('',*,*,#3650,.T.);
#3700 = ORIENTED_EDGE('',*,*,#3629,.T.);
#3701 = ORIENTED_EDGE('',*,*,#3672,.F.);
#3702 = PLANE('',#3703);
#3703 = AXIS2_PLACEMENT_3D('',#3704,#3705,#3706);
#3704 = CARTESIAN_POINT('',(19.079146499014,-1.584683132462,22.25));
#3705 = DIRECTION('',(0.,0.,1.));
#3706 = DIRECTION('',(2.22044604925E-16,1.,0.));
#3707 = MANIFOLD_SOLID_BREP('',#3708);
#3708 = CLOSED_SHELL('',(#3709,#3749,#3789,#3811,#3833,#3845));
#3709 = ADVANCED_FACE('',(#3710),#3744,.F.);
#3710 = FACE_BOUND('',#3711,.F.);
#3711 = EDGE_LOOP('',(#3712,#3722,#3730,#3738));
#3712 = ORIENTED_EDGE('',*,*,#3713,.F.);
#3713 = EDGE_CURVE('',#3714,#3716,#3718,.T.);
#3714 = VERTEX_POINT('',#3715);
#3715 = CARTESIAN_POINT('',(19.053433259706,0.571092055639,21.6));
#3716 = VERTEX_POINT('',#3717);
#3717 = CARTESIAN_POINT('',(19.053433259706,0.571092055639,22.25));
#3718 = LINE('',#3719,#3720);
#3719 = CARTESIAN_POINT('',(19.053433259706,0.571092055639,21.6));
#3720 = VECTOR('',#3721,1.);
#3721 = DIRECTION('',(0.,0.,1.));
#3722 = ORIENTED_EDGE('',*,*,#3723,.T.);
#3723 = EDGE_CURVE('',#3714,#3724,#3726,.T.);
#3724 = VERTEX_POINT('',#3725);
#3725 = CARTESIAN_POINT('',(18.453433259706,0.571092055639,21.6));
#3726 = LINE('',#3727,#3728);
#3727 = CARTESIAN_POINT('',(19.053433259706,0.571092055639,21.6));
#3728 = VECTOR('',#3729,1.);
#3729 = DIRECTION('',(-1.,2.22044604925E-16,0.));
#3730 = ORIENTED_EDGE('',*,*,#3731,.T.);
#3731 = EDGE_CURVE('',#3724,#3732,#3734,.T.);
#3732 = VERTEX_POINT('',#3733);
#3733 = CARTESIAN_POINT('',(18.453433259706,0.571092055639,22.25));
#3734 = LINE('',#3735,#3736);
#3735 = CARTESIAN_POINT('',(18.453433259706,0.571092055639,21.6));
#3736 = VECTOR('',#3737,1.);
#3737 = DIRECTION('',(0.,0.,1.));
#3738 = ORIENTED_EDGE('',*,*,#3739,.F.);
#3739 = EDGE_CURVE('',#3716,#3732,#3740,.T.);
#3740 = LINE('',#3741,#3742);
#3741 = CARTESIAN_POINT('',(19.053433259706,0.571092055639,22.25));
#3742 = VECTOR('',#3743,1.);
#3743 = DIRECTION('',(-1.,2.22044604925E-16,0.));
#3744 = PLANE('',#3745);
#3745 = AXIS2_PLACEMENT_3D('',#3746,#3747,#3748);
#3746 = CARTESIAN_POINT('',(19.053433259706,0.571092055639,21.6));
#3747 = DIRECTION('',(2.22044604925E-16,1.,0.));
#3748 = DIRECTION('',(0.,0.,1.));
#3749 = ADVANCED_FACE('',(#3750),#3784,.T.);
#3750 = FACE_BOUND('',#3751,.T.);
#3751 = EDGE_LOOP('',(#3752,#3762,#3770,#3778));
#3752 = ORIENTED_EDGE('',*,*,#3753,.F.);
#3753 = EDGE_CURVE('',#3754,#3756,#3758,.T.);
#3754 = VERTEX_POINT('',#3755);
#3755 = CARTESIAN_POINT('',(19.053433259706,2.187092055639,21.6));
#3756 = VERTEX_POINT('',#3757);
#3757 = CARTESIAN_POINT('',(19.053433259706,2.187092055639,22.25));
#3758 = LINE('',#3759,#3760);
#3759 = CARTESIAN_POINT('',(19.053433259706,2.187092055639,21.6));
#3760 = VECTOR('',#3761,1.);
#3761 = DIRECTION('',(0.,0.,1.));
#3762 = ORIENTED_EDGE('',*,*,#3763,.T.);
#3763 = EDGE_CURVE('',#3754,#3764,#3766,.T.);
#3764 = VERTEX_POINT('',#3765);
#3765 = CARTESIAN_POINT('',(18.453433259706,2.187092055639,21.6));
#3766 = LINE('',#3767,#3768);
#3767 = CARTESIAN_POINT('',(19.053433259706,2.187092055639,21.6));
#3768 = VECTOR('',#3769,1.);
#3769 = DIRECTION('',(-1.,2.22044604925E-16,0.));
#3770 = ORIENTED_EDGE('',*,*,#3771,.T.);
#3771 = EDGE_CURVE('',#3764,#3772,#3774,.T.);
#3772 = VERTEX_POINT('',#3773);
#3773 = CARTESIAN_POINT('',(18.453433259706,2.187092055639,22.25));
#3774 = LINE('',#3775,#3776);
#3775 = CARTESIAN_POINT('',(18.453433259706,2.187092055639,21.6));
#3776 = VECTOR('',#3777,1.);
#3777 = DIRECTION('',(0.,0.,1.));
#3778 = ORIENTED_EDGE('',*,*,#3779,.F.);
#3779 = EDGE_CURVE('',#3756,#3772,#3780,.T.);
#3780 = LINE('',#3781,#3782);
#3781 = CARTESIAN_POINT('',(19.053433259706,2.187092055639,22.25));
#3782 = VECTOR('',#3783,1.);
#3783 = DIRECTION('',(-1.,2.22044604925E-16,0.));
#3784 = PLANE('',#3785);
#3785 = AXIS2_PLACEMENT_3D('',#3786,#3787,#3788);
#3786 = CARTESIAN_POINT('',(19.053433259706,2.187092055639,21.6));
#3787 = DIRECTION('',(2.22044604925E-16,1.,0.));
#3788 = DIRECTION('',(0.,0.,1.));
#3789 = ADVANCED_FACE('',(#3790),#3806,.F.);
#3790 = FACE_BOUND('',#3791,.F.);
#3791 = EDGE_LOOP('',(#3792,#3798,#3799,#3805));
#3792 = ORIENTED_EDGE('',*,*,#3793,.F.);
#3793 = EDGE_CURVE('',#3714,#3754,#3794,.T.);
#3794 = LINE('',#3795,#3796);
#3795 = CARTESIAN_POINT('',(19.053433259706,0.571092055639,21.6));
#3796 = VECTOR('',#3797,1.);
#3797 = DIRECTION('',(2.22044604925E-16,1.,0.));
#3798 = ORIENTED_EDGE('',*,*,#3713,.T.);
#3799 = ORIENTED_EDGE('',*,*,#3800,.T.);
#3800 = EDGE_CURVE('',#3716,#3756,#3801,.T.);
#3801 = LINE('',#3802,#3803);
#3802 = CARTESIAN_POINT('',(19.053433259706,0.571092055639,22.25));
#3803 = VECTOR('',#3804,1.);
#3804 = DIRECTION('',(2.22044604925E-16,1.,0.));
#3805 = ORIENTED_EDGE('',*,*,#3753,.F.);
#3806 = PLANE('',#3807);
#3807 = AXIS2_PLACEMENT_3D('',#3808,#3809,#3810);
#3808 = CARTESIAN_POINT('',(19.053433259706,0.571092055639,21.6));
#3809 = DIRECTION('',(-1.,2.22044604925E-16,0.));
#3810 = DIRECTION('',(0.,0.,1.));
#3811 = ADVANCED_FACE('',(#3812),#3828,.T.);
#3812 = FACE_BOUND('',#3813,.T.);
#3813 = EDGE_LOOP('',(#3814,#3820,#3821,#3827));
#3814 = ORIENTED_EDGE('',*,*,#3815,.F.);
#3815 = EDGE_CURVE('',#3724,#3764,#3816,.T.);
#3816 = LINE('',#3817,#3818);
#3817 = CARTESIAN_POINT('',(18.453433259706,0.571092055639,21.6));
#3818 = VECTOR('',#3819,1.);
#3819 = DIRECTION('',(2.22044604925E-16,1.,0.));
#3820 = ORIENTED_EDGE('',*,*,#3731,.T.);
#3821 = ORIENTED_EDGE('',*,*,#3822,.T.);
#3822 = EDGE_CURVE('',#3732,#3772,#3823,.T.);
#3823 = LINE('',#3824,#3825);
#3824 = CARTESIAN_POINT('',(18.453433259706,0.571092055639,22.25));
#3825 = VECTOR('',#3826,1.);
#3826 = DIRECTION('',(2.22044604925E-16,1.,0.));
#3827 = ORIENTED_EDGE('',*,*,#3771,.F.);
#3828 = PLANE('',#3829);
#3829 = AXIS2_PLACEMENT_3D('',#3830,#3831,#3832);
#3830 = CARTESIAN_POINT('',(18.453433259706,0.571092055639,21.6));
#3831 = DIRECTION('',(-1.,2.22044604925E-16,0.));
#3832 = DIRECTION('',(0.,0.,1.));
#3833 = ADVANCED_FACE('',(#3834),#3840,.F.);
#3834 = FACE_BOUND('',#3835,.F.);
#3835 = EDGE_LOOP('',(#3836,#3837,#3838,#3839));
#3836 = ORIENTED_EDGE('',*,*,#3723,.F.);
#3837 = ORIENTED_EDGE('',*,*,#3793,.T.);
#3838 = ORIENTED_EDGE('',*,*,#3763,.T.);
#3839 = ORIENTED_EDGE('',*,*,#3815,.F.);
#3840 = PLANE('',#3841);
#3841 = AXIS2_PLACEMENT_3D('',#3842,#3843,#3844);
#3842 = CARTESIAN_POINT('',(19.053433259706,0.571092055639,21.6));
#3843 = DIRECTION('',(0.,0.,1.));
#3844 = DIRECTION('',(2.22044604925E-16,1.,0.));
#3845 = ADVANCED_FACE('',(#3846),#3852,.T.);
#3846 = FACE_BOUND('',#3847,.T.);
#3847 = EDGE_LOOP('',(#3848,#3849,#3850,#3851));
#3848 = ORIENTED_EDGE('',*,*,#3739,.F.);
#3849 = ORIENTED_EDGE('',*,*,#3800,.T.);
#3850 = ORIENTED_EDGE('',*,*,#3779,.T.);
#3851 = ORIENTED_EDGE('',*,*,#3822,.F.);
#3852 = PLANE('',#3853);
#3853 = AXIS2_PLACEMENT_3D('',#3854,#3855,#3856);
#3854 = CARTESIAN_POINT('',(19.053433259706,0.571092055639,22.25));
#3855 = DIRECTION('',(0.,0.,1.));
#3856 = DIRECTION('',(2.22044604925E-16,1.,0.));
#3857 = MANIFOLD_SOLID_BREP('',#3858);
#3858 = CLOSED_SHELL('',(#3859,#3899,#3939,#3961,#3983,#3995));
#3859 = ADVANCED_FACE('',(#3860),#3894,.F.);
#3860 = FACE_BOUND('',#3861,.F.);
#3861 = EDGE_LOOP('',(#3862,#3872,#3880,#3888));
#3862 = ORIENTED_EDGE('',*,*,#3863,.F.);
#3863 = EDGE_CURVE('',#3864,#3866,#3868,.T.);
#3864 = VERTEX_POINT('',#3865);
#3865 = CARTESIAN_POINT('',(-14.52340641923,-0.114238565504,21.6));
#3866 = VERTEX_POINT('',#3867);
#3867 = CARTESIAN_POINT('',(-14.52340641923,-0.114238565504,22.25));
#3868 = LINE('',#3869,#3870);
#3869 = CARTESIAN_POINT('',(-14.52340641923,-0.114238565504,21.6));
#3870 = VECTOR('',#3871,1.);
#3871 = DIRECTION('',(0.,0.,1.));
#3872 = ORIENTED_EDGE('',*,*,#3873,.T.);
#3873 = EDGE_CURVE('',#3864,#3874,#3876,.T.);
#3874 = VERTEX_POINT('',#3875);
#3875 = CARTESIAN_POINT('',(-15.12340641923,-0.114238565504,21.6));
#3876 = LINE('',#3877,#3878);
#3877 = CARTESIAN_POINT('',(-14.52340641923,-0.114238565504,21.6));
#3878 = VECTOR('',#3879,1.);
#3879 = DIRECTION('',(-1.,2.22044604925E-16,0.));
#3880 = ORIENTED_EDGE('',*,*,#3881,.T.);
#3881 = EDGE_CURVE('',#3874,#3882,#3884,.T.);
#3882 = VERTEX_POINT('',#3883);
#3883 = CARTESIAN_POINT('',(-15.12340641923,-0.114238565504,22.25));
#3884 = LINE('',#3885,#3886);
#3885 = CARTESIAN_POINT('',(-15.12340641923,-0.114238565504,21.6));
#3886 = VECTOR('',#3887,1.);
#3887 = DIRECTION('',(0.,0.,1.));
#3888 = ORIENTED_EDGE('',*,*,#3889,.F.);
#3889 = EDGE_CURVE('',#3866,#3882,#3890,.T.);
#3890 = LINE('',#3891,#3892);
#3891 = CARTESIAN_POINT('',(-14.52340641923,-0.114238565504,22.25));
#3892 = VECTOR('',#3893,1.);
#3893 = DIRECTION('',(-1.,2.22044604925E-16,0.));
#3894 = PLANE('',#3895);
#3895 = AXIS2_PLACEMENT_3D('',#3896,#3897,#3898);
#3896 = CARTESIAN_POINT('',(-14.52340641923,-0.114238565504,21.6));
#3897 = DIRECTION('',(2.22044604925E-16,1.,0.));
#3898 = DIRECTION('',(0.,0.,1.));
#3899 = ADVANCED_FACE('',(#3900),#3934,.T.);
#3900 = FACE_BOUND('',#3901,.T.);
#3901 = EDGE_LOOP('',(#3902,#3912,#3920,#3928));
#3902 = ORIENTED_EDGE('',*,*,#3903,.F.);
#3903 = EDGE_CURVE('',#3904,#3906,#3908,.T.);
#3904 = VERTEX_POINT('',#3905);
#3905 = CARTESIAN_POINT('',(-14.52340641923,1.501761434496,21.6));
#3906 = VERTEX_POINT('',#3907);
#3907 = CARTESIAN_POINT('',(-14.52340641923,1.501761434496,22.25));
#3908 = LINE('',#3909,#3910);
#3909 = CARTESIAN_POINT('',(-14.52340641923,1.501761434496,21.6));
#3910 = VECTOR('',#3911,1.);
#3911 = DIRECTION('',(0.,0.,1.));
#3912 = ORIENTED_EDGE('',*,*,#3913,.T.);
#3913 = EDGE_CURVE('',#3904,#3914,#3916,.T.);
#3914 = VERTEX_POINT('',#3915);
#3915 = CARTESIAN_POINT('',(-15.12340641923,1.501761434496,21.6));
#3916 = LINE('',#3917,#3918);
#3917 = CARTESIAN_POINT('',(-14.52340641923,1.501761434496,21.6));
#3918 = VECTOR('',#3919,1.);
#3919 = DIRECTION('',(-1.,2.22044604925E-16,0.));
#3920 = ORIENTED_EDGE('',*,*,#3921,.T.);
#3921 = EDGE_CURVE('',#3914,#3922,#3924,.T.);
#3922 = VERTEX_POINT('',#3923);
#3923 = CARTESIAN_POINT('',(-15.12340641923,1.501761434496,22.25));
#3924 = LINE('',#3925,#3926);
#3925 = CARTESIAN_POINT('',(-15.12340641923,1.501761434496,21.6));
#3926 = VECTOR('',#3927,1.);
#3927 = DIRECTION('',(0.,0.,1.));
#3928 = ORIENTED_EDGE('',*,*,#3929,.F.);
#3929 = EDGE_CURVE('',#3906,#3922,#3930,.T.);
#3930 = LINE('',#3931,#3932);
#3931 = CARTESIAN_POINT('',(-14.52340641923,1.501761434496,22.25));
#3932 = VECTOR('',#3933,1.);
#3933 = DIRECTION('',(-1.,2.22044604925E-16,0.));
#3934 = PLANE('',#3935);
#3935 = AXIS2_PLACEMENT_3D('',#3936,#3937,#3938);
#3936 = CARTESIAN_POINT('',(-14.52340641923,1.501761434496,21.6));
#3937 = DIRECTION('',(2.22044604925E-16,1.,0.));
#3938 = DIRECTION('',(0.,0.,1.));
#3939 = ADVANCED_FACE('',(#3940),#3956,.F.);
#3940 = FACE_BOUND('',#3941,.F.);
#3941 = EDGE_LOOP('',(#3942,#3948,#3949,#3955));
#3942 = ORIENTED_EDGE('',*,*,#3943,.F.);
#3943 = EDGE_CURVE('',#3864,#3904,#3944,.T.);
#3944 = LINE('',#3945,#3946);
#3945 = CARTESIAN_POINT('',(-14.52340641923,-0.114238565504,21.6));
#3946 = VECTOR('',#3947,1.);
#3947 = DIRECTION('',(2.22044604925E-16,1.,0.));
#3948 = ORIENTED_EDGE('',*,*,#3863,.T.);
#3949 = ORIENTED_EDGE('',*,*,#3950,.T.);
#3950 = EDGE_CURVE('',#3866,#3906,#3951,.T.);
#3951 = LINE('',#3952,#3953);
#3952 = CARTESIAN_POINT('',(-14.52340641923,-0.114238565504,22.25));
#3953 = VECTOR('',#3954,1.);
#3954 = DIRECTION('',(2.22044604925E-16,1.,0.));
#3955 = ORIENTED_EDGE('',*,*,#3903,.F.);
#3956 = PLANE('',#3957);
#3957 = AXIS2_PLACEMENT_3D('',#3958,#3959,#3960);
#3958 = CARTESIAN_POINT('',(-14.52340641923,-0.114238565504,21.6));
#3959 = DIRECTION('',(-1.,2.22044604925E-16,0.));
#3960 = DIRECTION('',(0.,0.,1.));
#3961 = ADVANCED_FACE('',(#3962),#3978,.T.);
#3962 = FACE_BOUND('',#3963,.T.);
#3963 = EDGE_LOOP('',(#3964,#3970,#3971,#3977));
#3964 = ORIENTED_EDGE('',*,*,#3965,.F.);
#3965 = EDGE_CURVE('',#3874,#3914,#3966,.T.);
#3966 = LINE('',#3967,#3968);
#3967 = CARTESIAN_POINT('',(-15.12340641923,-0.114238565504,21.6));
#3968 = VECTOR('',#3969,1.);
#3969 = DIRECTION('',(2.22044604925E-16,1.,0.));
#3970 = ORIENTED_EDGE('',*,*,#3881,.T.);
#3971 = ORIENTED_EDGE('',*,*,#3972,.T.);
#3972 = EDGE_CURVE('',#3882,#3922,#3973,.T.);
#3973 = LINE('',#3974,#3975);
#3974 = CARTESIAN_POINT('',(-15.12340641923,-0.114238565504,22.25));
#3975 = VECTOR('',#3976,1.);
#3976 = DIRECTION('',(2.22044604925E-16,1.,0.));
#3977 = ORIENTED_EDGE('',*,*,#3921,.F.);
#3978 = PLANE('',#3979);
#3979 = AXIS2_PLACEMENT_3D('',#3980,#3981,#3982);
#3980 = CARTESIAN_POINT('',(-15.12340641923,-0.114238565504,21.6));
#3981 = DIRECTION('',(-1.,2.22044604925E-16,0.));
#3982 = DIRECTION('',(0.,0.,1.));
#3983 = ADVANCED_FACE('',(#3984),#3990,.F.);
#3984 = FACE_BOUND('',#3985,.F.);
#3985 = EDGE_LOOP('',(#3986,#3987,#3988,#3989));
#3986 = ORIENTED_EDGE('',*,*,#3873,.F.);
#3987 = ORIENTED_EDGE('',*,*,#3943,.T.);
#3988 = ORIENTED_EDGE('',*,*,#3913,.T.);
#3989 = ORIENTED_EDGE('',*,*,#3965,.F.);
#3990 = PLANE('',#3991);
#3991 = AXIS2_PLACEMENT_3D('',#3992,#3993,#3994);
#3992 = CARTESIAN_POINT('',(-14.52340641923,-0.114238565504,21.6));
#3993 = DIRECTION('',(0.,0.,1.));
#3994 = DIRECTION('',(2.22044604925E-16,1.,0.));
#3995 = ADVANCED_FACE('',(#3996),#4002,.T.);
#3996 = FACE_BOUND('',#3997,.T.);
#3997 = EDGE_LOOP('',(#3998,#3999,#4000,#4001));
#3998 = ORIENTED_EDGE('',*,*,#3889,.F.);
#3999 = ORIENTED_EDGE('',*,*,#3950,.T.);
#4000 = ORIENTED_EDGE('',*,*,#3929,.T.);
#4001 = ORIENTED_EDGE('',*,*,#3972,.F.);
#4002 = PLANE('',#4003);
#4003 = AXIS2_PLACEMENT_3D('',#4004,#4005,#4006);
#4004 = CARTESIAN_POINT('',(-14.52340641923,-0.114238565504,22.25));
#4005 = DIRECTION('',(0.,0.,1.));
#4006 = DIRECTION('',(2.22044604925E-16,1.,0.));
#4007 = MANIFOLD_SOLID_BREP('',#4008);
#4008 = CLOSED_SHELL('',(#4009,#4049,#4089,#4111,#4133,#4145));
#4009 = ADVANCED_FACE('',(#4010),#4044,.F.);
#4010 = FACE_BOUND('',#4011,.F.);
#4011 = EDGE_LOOP('',(#4012,#4022,#4030,#4038));
#4012 = ORIENTED_EDGE('',*,*,#4013,.F.);
#4013 = EDGE_CURVE('',#4014,#4016,#4018,.T.);
#4014 = VERTEX_POINT('',#4015);
#4015 = CARTESIAN_POINT('',(-14.68694770144,-0.620469559917,21.6));
#4016 = VERTEX_POINT('',#4017);
#4017 = CARTESIAN_POINT('',(-14.68694770144,-0.620469559917,22.25));
#4018 = LINE('',#4019,#4020);
#4019 = CARTESIAN_POINT('',(-14.68694770144,-0.620469559917,21.6));
#4020 = VECTOR('',#4021,1.);
#4021 = DIRECTION('',(0.,0.,1.));
#4022 = ORIENTED_EDGE('',*,*,#4023,.T.);
#4023 = EDGE_CURVE('',#4014,#4024,#4026,.T.);
#4024 = VERTEX_POINT('',#4025);
#4025 = CARTESIAN_POINT('',(-14.08694770144,-0.620469559917,21.6));
#4026 = LINE('',#4027,#4028);
#4027 = CARTESIAN_POINT('',(-14.68694770144,-0.620469559917,21.6));
#4028 = VECTOR('',#4029,1.);
#4029 = DIRECTION('',(1.,1.110223024625E-16,0.));
#4030 = ORIENTED_EDGE('',*,*,#4031,.T.);
#4031 = EDGE_CURVE('',#4024,#4032,#4034,.T.);
#4032 = VERTEX_POINT('',#4033);
#4033 = CARTESIAN_POINT('',(-14.08694770144,-0.620469559917,22.25));
#4034 = LINE('',#4035,#4036);
#4035 = CARTESIAN_POINT('',(-14.08694770144,-0.620469559917,21.6));
#4036 = VECTOR('',#4037,1.);
#4037 = DIRECTION('',(0.,0.,1.));
#4038 = ORIENTED_EDGE('',*,*,#4039,.F.);
#4039 = EDGE_CURVE('',#4016,#4032,#4040,.T.);
#4040 = LINE('',#4041,#4042);
#4041 = CARTESIAN_POINT('',(-14.68694770144,-0.620469559917,22.25));
#4042 = VECTOR('',#4043,1.);
#4043 = DIRECTION('',(1.,1.110223024625E-16,0.));
#4044 = PLANE('',#4045);
#4045 = AXIS2_PLACEMENT_3D('',#4046,#4047,#4048);
#4046 = CARTESIAN_POINT('',(-14.68694770144,-0.620469559917,21.6));
#4047 = DIRECTION('',(1.110223024625E-16,-1.,0.));
#4048 = DIRECTION('',(0.,0.,1.));
#4049 = ADVANCED_FACE('',(#4050),#4084,.T.);
#4050 = FACE_BOUND('',#4051,.T.);
#4051 = EDGE_LOOP('',(#4052,#4062,#4070,#4078));
#4052 = ORIENTED_EDGE('',*,*,#4053,.F.);
#4053 = EDGE_CURVE('',#4054,#4056,#4058,.T.);
#4054 = VERTEX_POINT('',#4055);
#4055 = CARTESIAN_POINT('',(-14.68694770144,-2.236469559917,21.6));
#4056 = VERTEX_POINT('',#4057);
#4057 = CARTESIAN_POINT('',(-14.68694770144,-2.236469559917,22.25));
#4058 = LINE('',#4059,#4060);
#4059 = CARTESIAN_POINT('',(-14.68694770144,-2.236469559917,21.6));
#4060 = VECTOR('',#4061,1.);
#4061 = DIRECTION('',(0.,0.,1.));
#4062 = ORIENTED_EDGE('',*,*,#4063,.T.);
#4063 = EDGE_CURVE('',#4054,#4064,#4066,.T.);
#4064 = VERTEX_POINT('',#4065);
#4065 = CARTESIAN_POINT('',(-14.08694770144,-2.236469559917,21.6));
#4066 = LINE('',#4067,#4068);
#4067 = CARTESIAN_POINT('',(-14.68694770144,-2.236469559917,21.6));
#4068 = VECTOR('',#4069,1.);
#4069 = DIRECTION('',(1.,1.110223024625E-16,0.));
#4070 = ORIENTED_EDGE('',*,*,#4071,.T.);
#4071 = EDGE_CURVE('',#4064,#4072,#4074,.T.);
#4072 = VERTEX_POINT('',#4073);
#4073 = CARTESIAN_POINT('',(-14.08694770144,-2.236469559917,22.25));
#4074 = LINE('',#4075,#4076);
#4075 = CARTESIAN_POINT('',(-14.08694770144,-2.236469559917,21.6));
#4076 = VECTOR('',#4077,1.);
#4077 = DIRECTION('',(0.,0.,1.));
#4078 = ORIENTED_EDGE('',*,*,#4079,.F.);
#4079 = EDGE_CURVE('',#4056,#4072,#4080,.T.);
#4080 = LINE('',#4081,#4082);
#4081 = CARTESIAN_POINT('',(-14.68694770144,-2.236469559917,22.25));
#4082 = VECTOR('',#4083,1.);
#4083 = DIRECTION('',(1.,1.110223024625E-16,0.));
#4084 = PLANE('',#4085);
#4085 = AXIS2_PLACEMENT_3D('',#4086,#4087,#4088);
#4086 = CARTESIAN_POINT('',(-14.68694770144,-2.236469559917,21.6));
#4087 = DIRECTION('',(1.110223024625E-16,-1.,0.));
#4088 = DIRECTION('',(0.,0.,1.));
#4089 = ADVANCED_FACE('',(#4090),#4106,.F.);
#4090 = FACE_BOUND('',#4091,.F.);
#4091 = EDGE_LOOP('',(#4092,#4098,#4099,#4105));
#4092 = ORIENTED_EDGE('',*,*,#4093,.F.);
#4093 = EDGE_CURVE('',#4014,#4054,#4094,.T.);
#4094 = LINE('',#4095,#4096);
#4095 = CARTESIAN_POINT('',(-14.68694770144,-0.620469559917,21.6));
#4096 = VECTOR('',#4097,1.);
#4097 = DIRECTION('',(1.110223024625E-16,-1.,0.));
#4098 = ORIENTED_EDGE('',*,*,#4013,.T.);
#4099 = ORIENTED_EDGE('',*,*,#4100,.T.);
#4100 = EDGE_CURVE('',#4016,#4056,#4101,.T.);
#4101 = LINE('',#4102,#4103);
#4102 = CARTESIAN_POINT('',(-14.68694770144,-0.620469559917,22.25));
#4103 = VECTOR('',#4104,1.);
#4104 = DIRECTION('',(1.110223024625E-16,-1.,0.));
#4105 = ORIENTED_EDGE('',*,*,#4053,.F.);
#4106 = PLANE('',#4107);
#4107 = AXIS2_PLACEMENT_3D('',#4108,#4109,#4110);
#4108 = CARTESIAN_POINT('',(-14.68694770144,-0.620469559917,21.6));
#4109 = DIRECTION('',(1.,1.110223024625E-16,0.));
#4110 = DIRECTION('',(0.,0.,1.));
#4111 = ADVANCED_FACE('',(#4112),#4128,.T.);
#4112 = FACE_BOUND('',#4113,.T.);
#4113 = EDGE_LOOP('',(#4114,#4120,#4121,#4127));
#4114 = ORIENTED_EDGE('',*,*,#4115,.F.);
#4115 = EDGE_CURVE('',#4024,#4064,#4116,.T.);
#4116 = LINE('',#4117,#4118);
#4117 = CARTESIAN_POINT('',(-14.08694770144,-0.620469559917,21.6));
#4118 = VECTOR('',#4119,1.);
#4119 = DIRECTION('',(1.110223024625E-16,-1.,0.));
#4120 = ORIENTED_EDGE('',*,*,#4031,.T.);
#4121 = ORIENTED_EDGE('',*,*,#4122,.T.);
#4122 = EDGE_CURVE('',#4032,#4072,#4123,.T.);
#4123 = LINE('',#4124,#4125);
#4124 = CARTESIAN_POINT('',(-14.08694770144,-0.620469559917,22.25));
#4125 = VECTOR('',#4126,1.);
#4126 = DIRECTION('',(1.110223024625E-16,-1.,0.));
#4127 = ORIENTED_EDGE('',*,*,#4071,.F.);
#4128 = PLANE('',#4129);
#4129 = AXIS2_PLACEMENT_3D('',#4130,#4131,#4132);
#4130 = CARTESIAN_POINT('',(-14.08694770144,-0.620469559917,21.6));
#4131 = DIRECTION('',(1.,1.110223024625E-16,0.));
#4132 = DIRECTION('',(0.,0.,1.));
#4133 = ADVANCED_FACE('',(#4134),#4140,.F.);
#4134 = FACE_BOUND('',#4135,.F.);
#4135 = EDGE_LOOP('',(#4136,#4137,#4138,#4139));
#4136 = ORIENTED_EDGE('',*,*,#4023,.F.);
#4137 = ORIENTED_EDGE('',*,*,#4093,.T.);
#4138 = ORIENTED_EDGE('',*,*,#4063,.T.);
#4139 = ORIENTED_EDGE('',*,*,#4115,.F.);
#4140 = PLANE('',#4141);
#4141 = AXIS2_PLACEMENT_3D('',#4142,#4143,#4144);
#4142 = CARTESIAN_POINT('',(-14.68694770144,-0.620469559917,21.6));
#4143 = DIRECTION('',(0.,0.,1.));
#4144 = DIRECTION('',(1.110223024625E-16,-1.,0.));
#4145 = ADVANCED_FACE('',(#4146),#4152,.T.);
#4146 = FACE_BOUND('',#4147,.T.);
#4147 = EDGE_LOOP('',(#4148,#4149,#4150,#4151));
#4148 = ORIENTED_EDGE('',*,*,#4039,.F.);
#4149 = ORIENTED_EDGE('',*,*,#4100,.T.);
#4150 = ORIENTED_EDGE('',*,*,#4079,.T.);
#4151 = ORIENTED_EDGE('',*,*,#4122,.F.);
#4152 = PLANE('',#4153);
#4153 = AXIS2_PLACEMENT_3D('',#4154,#4155,#4156);
#4154 = CARTESIAN_POINT('',(-14.68694770144,-0.620469559917,22.25));
#4155 = DIRECTION('',(0.,0.,1.));
#4156 = DIRECTION('',(1.110223024625E-16,-1.,0.));
#4157 = MANIFOLD_SOLID_BREP('',#4158);
#4158 = CLOSED_SHELL('',(#4159,#4199,#4239,#4261,#4283,#4295));
#4159 = ADVANCED_FACE('',(#4160),#4194,.F.);
#4160 = FACE_BOUND('',#4161,.F.);
#4161 = EDGE_LOOP('',(#4162,#4172,#4180,#4188));
#4162 = ORIENTED_EDGE('',*,*,#4163,.F.);
#4163 = EDGE_CURVE('',#4164,#4166,#4168,.T.);
#4164 = VERTEX_POINT('',#4165);
#4165 = CARTESIAN_POINT('',(4.924484265668,9.249265202899,21.6));
#4166 = VERTEX_POINT('',#4167);
#4167 = CARTESIAN_POINT('',(4.924484265668,9.249265202899,22.25));
#4168 = LINE('',#4169,#4170);
#4169 = CARTESIAN_POINT('',(4.924484265668,9.249265202899,21.6));
#4170 = VECTOR('',#4171,1.);
#4171 = DIRECTION('',(0.,0.,1.));
#4172 = ORIENTED_EDGE('',*,*,#4173,.T.);
#4173 = EDGE_CURVE('',#4164,#4174,#4176,.T.);
#4174 = VERTEX_POINT('',#4175);
#4175 = CARTESIAN_POINT('',(4.924484265668,9.849265202899,21.6));
#4176 = LINE('',#4177,#4178);
#4177 = CARTESIAN_POINT('',(4.924484265668,9.249265202899,21.6));
#4178 = VECTOR('',#4179,1.);
#4179 = DIRECTION('',(0.,1.,0.));
#4180 = ORIENTED_EDGE('',*,*,#4181,.T.);
#4181 = EDGE_CURVE('',#4174,#4182,#4184,.T.);
#4182 = VERTEX_POINT('',#4183);
#4183 = CARTESIAN_POINT('',(4.924484265668,9.849265202899,22.25));
#4184 = LINE('',#4185,#4186);
#4185 = CARTESIAN_POINT('',(4.924484265668,9.849265202899,21.6));
#4186 = VECTOR('',#4187,1.);
#4187 = DIRECTION('',(0.,0.,1.));
#4188 = ORIENTED_EDGE('',*,*,#4189,.F.);
#4189 = EDGE_CURVE('',#4166,#4182,#4190,.T.);
#4190 = LINE('',#4191,#4192);
#4191 = CARTESIAN_POINT('',(4.924484265668,9.249265202899,22.25));
#4192 = VECTOR('',#4193,1.);
#4193 = DIRECTION('',(0.,1.,0.));
#4194 = PLANE('',#4195);
#4195 = AXIS2_PLACEMENT_3D('',#4196,#4197,#4198);
#4196 = CARTESIAN_POINT('',(4.924484265668,9.249265202899,21.6));
#4197 = DIRECTION('',(1.,0.,0.));
#4198 = DIRECTION('',(0.,0.,1.));
#4199 = ADVANCED_FACE('',(#4200),#4234,.T.);
#4200 = FACE_BOUND('',#4201,.T.);
#4201 = EDGE_LOOP('',(#4202,#4212,#4220,#4228));
#4202 = ORIENTED_EDGE('',*,*,#4203,.F.);
#4203 = EDGE_CURVE('',#4204,#4206,#4208,.T.);
#4204 = VERTEX_POINT('',#4205);
#4205 = CARTESIAN_POINT('',(6.540484265668,9.249265202899,21.6));
#4206 = VERTEX_POINT('',#4207);
#4207 = CARTESIAN_POINT('',(6.540484265668,9.249265202899,22.25));
#4208 = LINE('',#4209,#4210);
#4209 = CARTESIAN_POINT('',(6.540484265668,9.249265202899,21.6));
#4210 = VECTOR('',#4211,1.);
#4211 = DIRECTION('',(0.,0.,1.));
#4212 = ORIENTED_EDGE('',*,*,#4213,.T.);
#4213 = EDGE_CURVE('',#4204,#4214,#4216,.T.);
#4214 = VERTEX_POINT('',#4215);
#4215 = CARTESIAN_POINT('',(6.540484265668,9.849265202899,21.6));
#4216 = LINE('',#4217,#4218);
#4217 = CARTESIAN_POINT('',(6.540484265668,9.249265202899,21.6));
#4218 = VECTOR('',#4219,1.);
#4219 = DIRECTION('',(0.,1.,0.));
#4220 = ORIENTED_EDGE('',*,*,#4221,.T.);
#4221 = EDGE_CURVE('',#4214,#4222,#4224,.T.);
#4222 = VERTEX_POINT('',#4223);
#4223 = CARTESIAN_POINT('',(6.540484265668,9.849265202899,22.25));
#4224 = LINE('',#4225,#4226);
#4225 = CARTESIAN_POINT('',(6.540484265668,9.849265202899,21.6));
#4226 = VECTOR('',#4227,1.);
#4227 = DIRECTION('',(0.,0.,1.));
#4228 = ORIENTED_EDGE('',*,*,#4229,.F.);
#4229 = EDGE_CURVE('',#4206,#4222,#4230,.T.);
#4230 = LINE('',#4231,#4232);
#4231 = CARTESIAN_POINT('',(6.540484265668,9.249265202899,22.25));
#4232 = VECTOR('',#4233,1.);
#4233 = DIRECTION('',(0.,1.,0.));
#4234 = PLANE('',#4235);
#4235 = AXIS2_PLACEMENT_3D('',#4236,#4237,#4238);
#4236 = CARTESIAN_POINT('',(6.540484265668,9.249265202899,21.6));
#4237 = DIRECTION('',(1.,0.,0.));
#4238 = DIRECTION('',(0.,0.,1.));
#4239 = ADVANCED_FACE('',(#4240),#4256,.F.);
#4240 = FACE_BOUND('',#4241,.F.);
#4241 = EDGE_LOOP('',(#4242,#4248,#4249,#4255));
#4242 = ORIENTED_EDGE('',*,*,#4243,.F.);
#4243 = EDGE_CURVE('',#4164,#4204,#4244,.T.);
#4244 = LINE('',#4245,#4246);
#4245 = CARTESIAN_POINT('',(4.924484265668,9.249265202899,21.6));
#4246 = VECTOR('',#4247,1.);
#4247 = DIRECTION('',(1.,0.,0.));
#4248 = ORIENTED_EDGE('',*,*,#4163,.T.);
#4249 = ORIENTED_EDGE('',*,*,#4250,.T.);
#4250 = EDGE_CURVE('',#4166,#4206,#4251,.T.);
#4251 = LINE('',#4252,#4253);
#4252 = CARTESIAN_POINT('',(4.924484265668,9.249265202899,22.25));
#4253 = VECTOR('',#4254,1.);
#4254 = DIRECTION('',(1.,0.,0.));
#4255 = ORIENTED_EDGE('',*,*,#4203,.F.);
#4256 = PLANE('',#4257);
#4257 = AXIS2_PLACEMENT_3D('',#4258,#4259,#4260);
#4258 = CARTESIAN_POINT('',(4.924484265668,9.249265202899,21.6));
#4259 = DIRECTION('',(0.,1.,0.));
#4260 = DIRECTION('',(0.,0.,1.));
#4261 = ADVANCED_FACE('',(#4262),#4278,.T.);
#4262 = FACE_BOUND('',#4263,.T.);
#4263 = EDGE_LOOP('',(#4264,#4270,#4271,#4277));
#4264 = ORIENTED_EDGE('',*,*,#4265,.F.);
#4265 = EDGE_CURVE('',#4174,#4214,#4266,.T.);
#4266 = LINE('',#4267,#4268);
#4267 = CARTESIAN_POINT('',(4.924484265668,9.849265202899,21.6));
#4268 = VECTOR('',#4269,1.);
#4269 = DIRECTION('',(1.,0.,0.));
#4270 = ORIENTED_EDGE('',*,*,#4181,.T.);
#4271 = ORIENTED_EDGE('',*,*,#4272,.T.);
#4272 = EDGE_CURVE('',#4182,#4222,#4273,.T.);
#4273 = LINE('',#4274,#4275);
#4274 = CARTESIAN_POINT('',(4.924484265668,9.849265202899,22.25));
#4275 = VECTOR('',#4276,1.);
#4276 = DIRECTION('',(1.,0.,0.));
#4277 = ORIENTED_EDGE('',*,*,#4221,.F.);
#4278 = PLANE('',#4279);
#4279 = AXIS2_PLACEMENT_3D('',#4280,#4281,#4282);
#4280 = CARTESIAN_POINT('',(4.924484265668,9.849265202899,21.6));
#4281 = DIRECTION('',(0.,1.,0.));
#4282 = DIRECTION('',(0.,0.,1.));
#4283 = ADVANCED_FACE('',(#4284),#4290,.F.);
#4284 = FACE_BOUND('',#4285,.F.);
#4285 = EDGE_LOOP('',(#4286,#4287,#4288,#4289));
#4286 = ORIENTED_EDGE('',*,*,#4173,.F.);
#4287 = ORIENTED_EDGE('',*,*,#4243,.T.);
#4288 = ORIENTED_EDGE('',*,*,#4213,.T.);
#4289 = ORIENTED_EDGE('',*,*,#4265,.F.);
#4290 = PLANE('',#4291);
#4291 = AXIS2_PLACEMENT_3D('',#4292,#4293,#4294);
#4292 = CARTESIAN_POINT('',(4.924484265668,9.249265202899,21.6));
#4293 = DIRECTION('',(0.,0.,1.));
#4294 = DIRECTION('',(1.,0.,0.));
#4295 = ADVANCED_FACE('',(#4296),#4302,.T.);
#4296 = FACE_BOUND('',#4297,.T.);
#4297 = EDGE_LOOP('',(#4298,#4299,#4300,#4301));
#4298 = ORIENTED_EDGE('',*,*,#4189,.F.);
#4299 = ORIENTED_EDGE('',*,*,#4250,.T.);
#4300 = ORIENTED_EDGE('',*,*,#4229,.T.);
#4301 = ORIENTED_EDGE('',*,*,#4272,.F.);
#4302 = PLANE('',#4303);
#4303 = AXIS2_PLACEMENT_3D('',#4304,#4305,#4306);
#4304 = CARTESIAN_POINT('',(4.924484265668,9.249265202899,22.25));
#4305 = DIRECTION('',(0.,0.,1.));
#4306 = DIRECTION('',(1.,0.,0.));
#4307 = MANIFOLD_SOLID_BREP('',#4308);
#4308 = CLOSED_SHELL('',(#4309,#4349,#4389,#4411,#4433,#4445));
#4309 = ADVANCED_FACE('',(#4310),#4344,.F.);
#4310 = FACE_BOUND('',#4311,.F.);
#4311 = EDGE_LOOP('',(#4312,#4322,#4330,#4338));
#4312 = ORIENTED_EDGE('',*,*,#4313,.F.);
#4313 = EDGE_CURVE('',#4314,#4316,#4318,.T.);
#4314 = VERTEX_POINT('',#4315);
#4315 = CARTESIAN_POINT('',(-10.61741467962,16.157726340467,21.6));
#4316 = VERTEX_POINT('',#4317);
#4317 = CARTESIAN_POINT('',(-10.61741467962,16.157726340467,23.6));
#4318 = LINE('',#4319,#4320);
#4319 = CARTESIAN_POINT('',(-10.61741467962,16.157726340467,21.6));
#4320 = VECTOR('',#4321,1.);
#4321 = DIRECTION('',(0.,0.,1.));
#4322 = ORIENTED_EDGE('',*,*,#4323,.T.);
#4323 = EDGE_CURVE('',#4314,#4324,#4326,.T.);
#4324 = VERTEX_POINT('',#4325);
#4325 = CARTESIAN_POINT('',(-10.61741467962,17.657726340467,21.6));
#4326 = LINE('',#4327,#4328);
#4327 = CARTESIAN_POINT('',(-10.61741467962,16.157726340467,21.6));
#4328 = VECTOR('',#4329,1.);
#4329 = DIRECTION('',(0.,1.,0.));
#4330 = ORIENTED_EDGE('',*,*,#4331,.T.);
#4331 = EDGE_CURVE('',#4324,#4332,#4334,.T.);
#4332 = VERTEX_POINT('',#4333);
#4333 = CARTESIAN_POINT('',(-10.61741467962,17.657726340467,23.6));
#4334 = LINE('',#4335,#4336);
#4335 = CARTESIAN_POINT('',(-10.61741467962,17.657726340467,21.6));
#4336 = VECTOR('',#4337,1.);
#4337 = DIRECTION('',(0.,0.,1.));
#4338 = ORIENTED_EDGE('',*,*,#4339,.F.);
#4339 = EDGE_CURVE('',#4316,#4332,#4340,.T.);
#4340 = LINE('',#4341,#4342);
#4341 = CARTESIAN_POINT('',(-10.61741467962,16.157726340467,23.6));
#4342 = VECTOR('',#4343,1.);
#4343 = DIRECTION('',(0.,1.,0.));
#4344 = PLANE('',#4345);
#4345 = AXIS2_PLACEMENT_3D('',#4346,#4347,#4348);
#4346 = CARTESIAN_POINT('',(-10.61741467962,16.157726340467,21.6));
#4347 = DIRECTION('',(1.,0.,0.));
#4348 = DIRECTION('',(0.,0.,1.));
#4349 = ADVANCED_FACE('',(#4350),#4384,.T.);
#4350 = FACE_BOUND('',#4351,.T.);
#4351 = EDGE_LOOP('',(#4352,#4362,#4370,#4378));
#4352 = ORIENTED_EDGE('',*,*,#4353,.F.);
#4353 = EDGE_CURVE('',#4354,#4356,#4358,.T.);
#4354 = VERTEX_POINT('',#4355);
#4355 = CARTESIAN_POINT('',(-7.477414679626,16.157726340467,21.6));
#4356 = VERTEX_POINT('',#4357);
#4357 = CARTESIAN_POINT('',(-7.477414679626,16.157726340467,23.6));
#4358 = LINE('',#4359,#4360);
#4359 = CARTESIAN_POINT('',(-7.477414679626,16.157726340467,21.6));
#4360 = VECTOR('',#4361,1.);
#4361 = DIRECTION('',(0.,0.,1.));
#4362 = ORIENTED_EDGE('',*,*,#4363,.T.);
#4363 = EDGE_CURVE('',#4354,#4364,#4366,.T.);
#4364 = VERTEX_POINT('',#4365);
#4365 = CARTESIAN_POINT('',(-7.477414679626,17.657726340467,21.6));
#4366 = LINE('',#4367,#4368);
#4367 = CARTESIAN_POINT('',(-7.477414679626,16.157726340467,21.6));
#4368 = VECTOR('',#4369,1.);
#4369 = DIRECTION('',(0.,1.,0.));
#4370 = ORIENTED_EDGE('',*,*,#4371,.T.);
#4371 = EDGE_CURVE('',#4364,#4372,#4374,.T.);
#4372 = VERTEX_POINT('',#4373);
#4373 = CARTESIAN_POINT('',(-7.477414679626,17.657726340467,23.6));
#4374 = LINE('',#4375,#4376);
#4375 = CARTESIAN_POINT('',(-7.477414679626,17.657726340467,21.6));
#4376 = VECTOR('',#4377,1.);
#4377 = DIRECTION('',(0.,0.,1.));
#4378 = ORIENTED_EDGE('',*,*,#4379,.F.);
#4379 = EDGE_CURVE('',#4356,#4372,#4380,.T.);
#4380 = LINE('',#4381,#4382);
#4381 = CARTESIAN_POINT('',(-7.477414679626,16.157726340467,23.6));
#4382 = VECTOR('',#4383,1.);
#4383 = DIRECTION('',(0.,1.,0.));
#4384 = PLANE('',#4385);
#4385 = AXIS2_PLACEMENT_3D('',#4386,#4387,#4388);
#4386 = CARTESIAN_POINT('',(-7.477414679626,16.157726340467,21.6));
#4387 = DIRECTION('',(1.,0.,0.));
#4388 = DIRECTION('',(0.,0.,1.));
#4389 = ADVANCED_FACE('',(#4390),#4406,.F.);
#4390 = FACE_BOUND('',#4391,.F.);
#4391 = EDGE_LOOP('',(#4392,#4398,#4399,#4405));
#4392 = ORIENTED_EDGE('',*,*,#4393,.F.);
#4393 = EDGE_CURVE('',#4314,#4354,#4394,.T.);
#4394 = LINE('',#4395,#4396);
#4395 = CARTESIAN_POINT('',(-10.61741467962,16.157726340467,21.6));
#4396 = VECTOR('',#4397,1.);
#4397 = DIRECTION('',(1.,0.,0.));
#4398 = ORIENTED_EDGE('',*,*,#4313,.T.);
#4399 = ORIENTED_EDGE('',*,*,#4400,.T.);
#4400 = EDGE_CURVE('',#4316,#4356,#4401,.T.);
#4401 = LINE('',#4402,#4403);
#4402 = CARTESIAN_POINT('',(-10.61741467962,16.157726340467,23.6));
#4403 = VECTOR('',#4404,1.);
#4404 = DIRECTION('',(1.,0.,0.));
#4405 = ORIENTED_EDGE('',*,*,#4353,.F.);
#4406 = PLANE('',#4407);
#4407 = AXIS2_PLACEMENT_3D('',#4408,#4409,#4410);
#4408 = CARTESIAN_POINT('',(-10.61741467962,16.157726340467,21.6));
#4409 = DIRECTION('',(0.,1.,0.));
#4410 = DIRECTION('',(0.,0.,1.));
#4411 = ADVANCED_FACE('',(#4412),#4428,.T.);
#4412 = FACE_BOUND('',#4413,.T.);
#4413 = EDGE_LOOP('',(#4414,#4420,#4421,#4427));
#4414 = ORIENTED_EDGE('',*,*,#4415,.F.);
#4415 = EDGE_CURVE('',#4324,#4364,#4416,.T.);
#4416 = LINE('',#4417,#4418);
#4417 = CARTESIAN_POINT('',(-10.61741467962,17.657726340467,21.6));
#4418 = VECTOR('',#4419,1.);
#4419 = DIRECTION('',(1.,0.,0.));
#4420 = ORIENTED_EDGE('',*,*,#4331,.T.);
#4421 = ORIENTED_EDGE('',*,*,#4422,.T.);
#4422 = EDGE_CURVE('',#4332,#4372,#4423,.T.);
#4423 = LINE('',#4424,#4425);
#4424 = CARTESIAN_POINT('',(-10.61741467962,17.657726340467,23.6));
#4425 = VECTOR('',#4426,1.);
#4426 = DIRECTION('',(1.,0.,0.));
#4427 = ORIENTED_EDGE('',*,*,#4371,.F.);
#4428 = PLANE('',#4429);
#4429 = AXIS2_PLACEMENT_3D('',#4430,#4431,#4432);
#4430 = CARTESIAN_POINT('',(-10.61741467962,17.657726340467,21.6));
#4431 = DIRECTION('',(0.,1.,0.));
#4432 = DIRECTION('',(0.,0.,1.));
#4433 = ADVANCED_FACE('',(#4434),#4440,.F.);
#4434 = FACE_BOUND('',#4435,.F.);
#4435 = EDGE_LOOP('',(#4436,#4437,#4438,#4439));
#4436 = ORIENTED_EDGE('',*,*,#4323,.F.);
#4437 = ORIENTED_EDGE('',*,*,#4393,.T.);
#4438 = ORIENTED_EDGE('',*,*,#4363,.T.);
#4439 = ORIENTED_EDGE('',*,*,#4415,.F.);
#4440 = PLANE('',#4441);
#4441 = AXIS2_PLACEMENT_3D('',#4442,#4443,#4444);
#4442 = CARTESIAN_POINT('',(-10.61741467962,16.157726340467,21.6));
#4443 = DIRECTION('',(0.,0.,1.));
#4444 = DIRECTION('',(1.,0.,0.));
#4445 = ADVANCED_FACE('',(#4446),#4452,.T.);
#4446 = FACE_BOUND('',#4447,.T.);
#4447 = EDGE_LOOP('',(#4448,#4449,#4450,#4451));
#4448 = ORIENTED_EDGE('',*,*,#4339,.F.);
#4449 = ORIENTED_EDGE('',*,*,#4400,.T.);
#4450 = ORIENTED_EDGE('',*,*,#4379,.T.);
#4451 = ORIENTED_EDGE('',*,*,#4422,.F.);
#4452 = PLANE('',#4453);
#4453 = AXIS2_PLACEMENT_3D('',#4454,#4455,#4456);
#4454 = CARTESIAN_POINT('',(-10.61741467962,16.157726340467,23.6));
#4455 = DIRECTION('',(0.,0.,1.));
#4456 = DIRECTION('',(1.,0.,0.));
#4457 = MANIFOLD_SOLID_BREP('',#4458);
#4458 = CLOSED_SHELL('',(#4459,#4499,#4539,#4561,#4583,#4595));
#4459 = ADVANCED_FACE('',(#4460),#4494,.F.);
#4460 = FACE_BOUND('',#4461,.F.);
#4461 = EDGE_LOOP('',(#4462,#4472,#4480,#4488));
#4462 = ORIENTED_EDGE('',*,*,#4463,.F.);
#4463 = EDGE_CURVE('',#4464,#4466,#4468,.T.);
#4464 = VERTEX_POINT('',#4465);
#4465 = CARTESIAN_POINT('',(-5.727988672176,13.499426694891,21.6));
#4466 = VERTEX_POINT('',#4467);
#4467 = CARTESIAN_POINT('',(-5.727988672176,13.499426694891,23.6));
#4468 = LINE('',#4469,#4470);
#4469 = CARTESIAN_POINT('',(-5.727988672176,13.499426694891,21.6));
#4470 = VECTOR('',#4471,1.);
#4471 = DIRECTION('',(0.,0.,1.));
#4472 = ORIENTED_EDGE('',*,*,#4473,.T.);
#4473 = EDGE_CURVE('',#4464,#4474,#4476,.T.);
#4474 = VERTEX_POINT('',#4475);
#4475 = CARTESIAN_POINT('',(-5.727988672176,11.999426694891,21.6));
#4476 = LINE('',#4477,#4478);
#4477 = CARTESIAN_POINT('',(-5.727988672176,13.499426694891,21.6));
#4478 = VECTOR('',#4479,1.);
#4479 = DIRECTION('',(1.224646799147E-16,-1.,0.));
#4480 = ORIENTED_EDGE('',*,*,#4481,.T.);
#4481 = EDGE_CURVE('',#4474,#4482,#4484,.T.);
#4482 = VERTEX_POINT('',#4483);
#4483 = CARTESIAN_POINT('',(-5.727988672176,11.999426694891,23.6));
#4484 = LINE('',#4485,#4486);
#4485 = CARTESIAN_POINT('',(-5.727988672176,11.999426694891,21.6));
#4486 = VECTOR('',#4487,1.);
#4487 = DIRECTION('',(0.,0.,1.));
#4488 = ORIENTED_EDGE('',*,*,#4489,.F.);
#4489 = EDGE_CURVE('',#4466,#4482,#4490,.T.);
#4490 = LINE('',#4491,#4492);
#4491 = CARTESIAN_POINT('',(-5.727988672176,13.499426694891,23.6));
#4492 = VECTOR('',#4493,1.);
#4493 = DIRECTION('',(1.224646799147E-16,-1.,0.));
#4494 = PLANE('',#4495);
#4495 = AXIS2_PLACEMENT_3D('',#4496,#4497,#4498);
#4496 = CARTESIAN_POINT('',(-5.727988672176,13.499426694891,21.6));
#4497 = DIRECTION('',(-1.,-1.224646799147E-16,0.));
#4498 = DIRECTION('',(0.,0.,1.));
#4499 = ADVANCED_FACE('',(#4500),#4534,.T.);
#4500 = FACE_BOUND('',#4501,.T.);
#4501 = EDGE_LOOP('',(#4502,#4512,#4520,#4528));
#4502 = ORIENTED_EDGE('',*,*,#4503,.F.);
#4503 = EDGE_CURVE('',#4504,#4506,#4508,.T.);
#4504 = VERTEX_POINT('',#4505);
#4505 = CARTESIAN_POINT('',(-8.867988672176,13.499426694891,21.6));
#4506 = VERTEX_POINT('',#4507);
#4507 = CARTESIAN_POINT('',(-8.867988672176,13.499426694891,23.6));
#4508 = LINE('',#4509,#4510);
#4509 = CARTESIAN_POINT('',(-8.867988672176,13.499426694891,21.6));
#4510 = VECTOR('',#4511,1.);
#4511 = DIRECTION('',(0.,0.,1.));
#4512 = ORIENTED_EDGE('',*,*,#4513,.T.);
#4513 = EDGE_CURVE('',#4504,#4514,#4516,.T.);
#4514 = VERTEX_POINT('',#4515);
#4515 = CARTESIAN_POINT('',(-8.867988672176,11.999426694891,21.6));
#4516 = LINE('',#4517,#4518);
#4517 = CARTESIAN_POINT('',(-8.867988672176,13.499426694891,21.6));
#4518 = VECTOR('',#4519,1.);
#4519 = DIRECTION('',(1.224646799147E-16,-1.,0.));
#4520 = ORIENTED_EDGE('',*,*,#4521,.T.);
#4521 = EDGE_CURVE('',#4514,#4522,#4524,.T.);
#4522 = VERTEX_POINT('',#4523);
#4523 = CARTESIAN_POINT('',(-8.867988672176,11.999426694891,23.6));
#4524 = LINE('',#4525,#4526);
#4525 = CARTESIAN_POINT('',(-8.867988672176,11.999426694891,21.6));
#4526 = VECTOR('',#4527,1.);
#4527 = DIRECTION('',(0.,0.,1.));
#4528 = ORIENTED_EDGE('',*,*,#4529,.F.);
#4529 = EDGE_CURVE('',#4506,#4522,#4530,.T.);
#4530 = LINE('',#4531,#4532);
#4531 = CARTESIAN_POINT('',(-8.867988672176,13.499426694891,23.6));
#4532 = VECTOR('',#4533,1.);
#4533 = DIRECTION('',(1.224646799147E-16,-1.,0.));
#4534 = PLANE('',#4535);
#4535 = AXIS2_PLACEMENT_3D('',#4536,#4537,#4538);
#4536 = CARTESIAN_POINT('',(-8.867988672176,13.499426694891,21.6));
#4537 = DIRECTION('',(-1.,-1.224646799147E-16,0.));
#4538 = DIRECTION('',(0.,0.,1.));
#4539 = ADVANCED_FACE('',(#4540),#4556,.F.);
#4540 = FACE_BOUND('',#4541,.F.);
#4541 = EDGE_LOOP('',(#4542,#4548,#4549,#4555));
#4542 = ORIENTED_EDGE('',*,*,#4543,.F.);
#4543 = EDGE_CURVE('',#4464,#4504,#4544,.T.);
#4544 = LINE('',#4545,#4546);
#4545 = CARTESIAN_POINT('',(-5.727988672176,13.499426694891,21.6));
#4546 = VECTOR('',#4547,1.);
#4547 = DIRECTION('',(-1.,-1.224646799147E-16,0.));
#4548 = ORIENTED_EDGE('',*,*,#4463,.T.);
#4549 = ORIENTED_EDGE('',*,*,#4550,.T.);
#4550 = EDGE_CURVE('',#4466,#4506,#4551,.T.);
#4551 = LINE('',#4552,#4553);
#4552 = CARTESIAN_POINT('',(-5.727988672176,13.499426694891,23.6));
#4553 = VECTOR('',#4554,1.);
#4554 = DIRECTION('',(-1.,-1.224646799147E-16,0.));
#4555 = ORIENTED_EDGE('',*,*,#4503,.F.);
#4556 = PLANE('',#4557);
#4557 = AXIS2_PLACEMENT_3D('',#4558,#4559,#4560);
#4558 = CARTESIAN_POINT('',(-5.727988672176,13.499426694891,21.6));
#4559 = DIRECTION('',(1.224646799147E-16,-1.,0.));
#4560 = DIRECTION('',(0.,0.,1.));
#4561 = ADVANCED_FACE('',(#4562),#4578,.T.);
#4562 = FACE_BOUND('',#4563,.T.);
#4563 = EDGE_LOOP('',(#4564,#4570,#4571,#4577));
#4564 = ORIENTED_EDGE('',*,*,#4565,.F.);
#4565 = EDGE_CURVE('',#4474,#4514,#4566,.T.);
#4566 = LINE('',#4567,#4568);
#4567 = CARTESIAN_POINT('',(-5.727988672176,11.999426694891,21.6));
#4568 = VECTOR('',#4569,1.);
#4569 = DIRECTION('',(-1.,-1.224646799147E-16,0.));
#4570 = ORIENTED_EDGE('',*,*,#4481,.T.);
#4571 = ORIENTED_EDGE('',*,*,#4572,.T.);
#4572 = EDGE_CURVE('',#4482,#4522,#4573,.T.);
#4573 = LINE('',#4574,#4575);
#4574 = CARTESIAN_POINT('',(-5.727988672176,11.999426694891,23.6));
#4575 = VECTOR('',#4576,1.);
#4576 = DIRECTION('',(-1.,-1.224646799147E-16,0.));
#4577 = ORIENTED_EDGE('',*,*,#4521,.F.);
#4578 = PLANE('',#4579);
#4579 = AXIS2_PLACEMENT_3D('',#4580,#4581,#4582);
#4580 = CARTESIAN_POINT('',(-5.727988672176,11.999426694891,21.6));
#4581 = DIRECTION('',(1.224646799147E-16,-1.,0.));
#4582 = DIRECTION('',(0.,0.,1.));
#4583 = ADVANCED_FACE('',(#4584),#4590,.F.);
#4584 = FACE_BOUND('',#4585,.F.);
#4585 = EDGE_LOOP('',(#4586,#4587,#4588,#4589));
#4586 = ORIENTED_EDGE('',*,*,#4473,.F.);
#4587 = ORIENTED_EDGE('',*,*,#4543,.T.);
#4588 = ORIENTED_EDGE('',*,*,#4513,.T.);
#4589 = ORIENTED_EDGE('',*,*,#4565,.F.);
#4590 = PLANE('',#4591);
#4591 = AXIS2_PLACEMENT_3D('',#4592,#4593,#4594);
#4592 = CARTESIAN_POINT('',(-5.727988672176,13.499426694891,21.6));
#4593 = DIRECTION('',(0.,0.,1.));
#4594 = DIRECTION('',(-1.,-1.224646799147E-16,0.));
#4595 = ADVANCED_FACE('',(#4596),#4602,.T.);
#4596 = FACE_BOUND('',#4597,.T.);
#4597 = EDGE_LOOP('',(#4598,#4599,#4600,#4601));
#4598 = ORIENTED_EDGE('',*,*,#4489,.F.);
#4599 = ORIENTED_EDGE('',*,*,#4550,.T.);
#4600 = ORIENTED_EDGE('',*,*,#4529,.T.);
#4601 = ORIENTED_EDGE('',*,*,#4572,.F.);
#4602 = PLANE('',#4603);
#4603 = AXIS2_PLACEMENT_3D('',#4604,#4605,#4606);
#4604 = CARTESIAN_POINT('',(-5.727988672176,13.499426694891,23.6));
#4605 = DIRECTION('',(0.,0.,1.));
#4606 = DIRECTION('',(-1.,-1.224646799147E-16,0.));
#4607 = MANIFOLD_SOLID_BREP('',#4608);
#4608 = CLOSED_SHELL('',(#4609,#4649,#4689,#4711,#4733,#4745));
#4609 = ADVANCED_FACE('',(#4610),#4644,.F.);
#4610 = FACE_BOUND('',#4611,.F.);
#4611 = EDGE_LOOP('',(#4612,#4622,#4630,#4638));
#4612 = ORIENTED_EDGE('',*,*,#4613,.F.);
#4613 = EDGE_CURVE('',#4614,#4616,#4618,.T.);
#4614 = VERTEX_POINT('',#4615);
#4615 = CARTESIAN_POINT('',(-3.146044942525,15.547162699358,21.6));
#4616 = VERTEX_POINT('',#4617);
#4617 = CARTESIAN_POINT('',(-3.146044942525,15.547162699358,23.6));
#4618 = LINE('',#4619,#4620);
#4619 = CARTESIAN_POINT('',(-3.146044942525,15.547162699358,21.6));
#4620 = VECTOR('',#4621,1.);
#4621 = DIRECTION('',(0.,0.,1.));
#4622 = ORIENTED_EDGE('',*,*,#4623,.T.);
#4623 = EDGE_CURVE('',#4614,#4624,#4626,.T.);
#4624 = VERTEX_POINT('',#4625);
#4625 = CARTESIAN_POINT('',(-3.146044942525,14.047162699358,21.6));
#4626 = LINE('',#4627,#4628);
#4627 = CARTESIAN_POINT('',(-3.146044942525,15.547162699358,21.6));
#4628 = VECTOR('',#4629,1.);
#4629 = DIRECTION('',(1.224646799147E-16,-1.,0.));
#4630 = ORIENTED_EDGE('',*,*,#4631,.T.);
#4631 = EDGE_CURVE('',#4624,#4632,#4634,.T.);
#4632 = VERTEX_POINT('',#4633);
#4633 = CARTESIAN_POINT('',(-3.146044942525,14.047162699358,23.6));
#4634 = LINE('',#4635,#4636);
#4635 = CARTESIAN_POINT('',(-3.146044942525,14.047162699358,21.6));
#4636 = VECTOR('',#4637,1.);
#4637 = DIRECTION('',(0.,0.,1.));
#4638 = ORIENTED_EDGE('',*,*,#4639,.F.);
#4639 = EDGE_CURVE('',#4616,#4632,#4640,.T.);
#4640 = LINE('',#4641,#4642);
#4641 = CARTESIAN_POINT('',(-3.146044942525,15.547162699358,23.6));
#4642 = VECTOR('',#4643,1.);
#4643 = DIRECTION('',(1.224646799147E-16,-1.,0.));
#4644 = PLANE('',#4645);
#4645 = AXIS2_PLACEMENT_3D('',#4646,#4647,#4648);
#4646 = CARTESIAN_POINT('',(-3.146044942525,15.547162699358,21.6));
#4647 = DIRECTION('',(-1.,-1.224646799147E-16,0.));
#4648 = DIRECTION('',(0.,0.,1.));
#4649 = ADVANCED_FACE('',(#4650),#4684,.T.);
#4650 = FACE_BOUND('',#4651,.T.);
#4651 = EDGE_LOOP('',(#4652,#4662,#4670,#4678));
#4652 = ORIENTED_EDGE('',*,*,#4653,.F.);
#4653 = EDGE_CURVE('',#4654,#4656,#4658,.T.);
#4654 = VERTEX_POINT('',#4655);
#4655 = CARTESIAN_POINT('',(-6.286044942525,15.547162699358,21.6));
#4656 = VERTEX_POINT('',#4657);
#4657 = CARTESIAN_POINT('',(-6.286044942525,15.547162699358,23.6));
#4658 = LINE('',#4659,#4660);
#4659 = CARTESIAN_POINT('',(-6.286044942525,15.547162699358,21.6));
#4660 = VECTOR('',#4661,1.);
#4661 = DIRECTION('',(0.,0.,1.));
#4662 = ORIENTED_EDGE('',*,*,#4663,.T.);
#4663 = EDGE_CURVE('',#4654,#4664,#4666,.T.);
#4664 = VERTEX_POINT('',#4665);
#4665 = CARTESIAN_POINT('',(-6.286044942525,14.047162699358,21.6));
#4666 = LINE('',#4667,#4668);
#4667 = CARTESIAN_POINT('',(-6.286044942525,15.547162699358,21.6));
#4668 = VECTOR('',#4669,1.);
#4669 = DIRECTION('',(1.224646799147E-16,-1.,0.));
#4670 = ORIENTED_EDGE('',*,*,#4671,.T.);
#4671 = EDGE_CURVE('',#4664,#4672,#4674,.T.);
#4672 = VERTEX_POINT('',#4673);
#4673 = CARTESIAN_POINT('',(-6.286044942525,14.047162699358,23.6));
#4674 = LINE('',#4675,#4676);
#4675 = CARTESIAN_POINT('',(-6.286044942525,14.047162699358,21.6));
#4676 = VECTOR('',#4677,1.);
#4677 = DIRECTION('',(0.,0.,1.));
#4678 = ORIENTED_EDGE('',*,*,#4679,.F.);
#4679 = EDGE_CURVE('',#4656,#4672,#4680,.T.);
#4680 = LINE('',#4681,#4682);
#4681 = CARTESIAN_POINT('',(-6.286044942525,15.547162699358,23.6));
#4682 = VECTOR('',#4683,1.);
#4683 = DIRECTION('',(1.224646799147E-16,-1.,0.));
#4684 = PLANE('',#4685);
#4685 = AXIS2_PLACEMENT_3D('',#4686,#4687,#4688);
#4686 = CARTESIAN_POINT('',(-6.286044942525,15.547162699358,21.6));
#4687 = DIRECTION('',(-1.,-1.224646799147E-16,0.));
#4688 = DIRECTION('',(0.,0.,1.));
#4689 = ADVANCED_FACE('',(#4690),#4706,.F.);
#4690 = FACE_BOUND('',#4691,.F.);
#4691 = EDGE_LOOP('',(#4692,#4698,#4699,#4705));
#4692 = ORIENTED_EDGE('',*,*,#4693,.F.);
#4693 = EDGE_CURVE('',#4614,#4654,#4694,.T.);
#4694 = LINE('',#4695,#4696);
#4695 = CARTESIAN_POINT('',(-3.146044942525,15.547162699358,21.6));
#4696 = VECTOR('',#4697,1.);
#4697 = DIRECTION('',(-1.,-1.224646799147E-16,0.));
#4698 = ORIENTED_EDGE('',*,*,#4613,.T.);
#4699 = ORIENTED_EDGE('',*,*,#4700,.T.);
#4700 = EDGE_CURVE('',#4616,#4656,#4701,.T.);
#4701 = LINE('',#4702,#4703);
#4702 = CARTESIAN_POINT('',(-3.146044942525,15.547162699358,23.6));
#4703 = VECTOR('',#4704,1.);
#4704 = DIRECTION('',(-1.,-1.224646799147E-16,0.));
#4705 = ORIENTED_EDGE('',*,*,#4653,.F.);
#4706 = PLANE('',#4707);
#4707 = AXIS2_PLACEMENT_3D('',#4708,#4709,#4710);
#4708 = CARTESIAN_POINT('',(-3.146044942525,15.547162699358,21.6));
#4709 = DIRECTION('',(1.224646799147E-16,-1.,0.));
#4710 = DIRECTION('',(0.,0.,1.));
#4711 = ADVANCED_FACE('',(#4712),#4728,.T.);
#4712 = FACE_BOUND('',#4713,.T.);
#4713 = EDGE_LOOP('',(#4714,#4720,#4721,#4727));
#4714 = ORIENTED_EDGE('',*,*,#4715,.F.);
#4715 = EDGE_CURVE('',#4624,#4664,#4716,.T.);
#4716 = LINE('',#4717,#4718);
#4717 = CARTESIAN_POINT('',(-3.146044942525,14.047162699358,21.6));
#4718 = VECTOR('',#4719,1.);
#4719 = DIRECTION('',(-1.,-1.224646799147E-16,0.));
#4720 = ORIENTED_EDGE('',*,*,#4631,.T.);
#4721 = ORIENTED_EDGE('',*,*,#4722,.T.);
#4722 = EDGE_CURVE('',#4632,#4672,#4723,.T.);
#4723 = LINE('',#4724,#4725);
#4724 = CARTESIAN_POINT('',(-3.146044942525,14.047162699358,23.6));
#4725 = VECTOR('',#4726,1.);
#4726 = DIRECTION('',(-1.,-1.224646799147E-16,0.));
#4727 = ORIENTED_EDGE('',*,*,#4671,.F.);
#4728 = PLANE('',#4729);
#4729 = AXIS2_PLACEMENT_3D('',#4730,#4731,#4732);
#4730 = CARTESIAN_POINT('',(-3.146044942525,14.047162699358,21.6));
#4731 = DIRECTION('',(1.224646799147E-16,-1.,0.));
#4732 = DIRECTION('',(0.,0.,1.));
#4733 = ADVANCED_FACE('',(#4734),#4740,.F.);
#4734 = FACE_BOUND('',#4735,.F.);
#4735 = EDGE_LOOP('',(#4736,#4737,#4738,#4739));
#4736 = ORIENTED_EDGE('',*,*,#4623,.F.);
#4737 = ORIENTED_EDGE('',*,*,#4693,.T.);
#4738 = ORIENTED_EDGE('',*,*,#4663,.T.);
#4739 = ORIENTED_EDGE('',*,*,#4715,.F.);
#4740 = PLANE('',#4741);
#4741 = AXIS2_PLACEMENT_3D('',#4742,#4743,#4744);
#4742 = CARTESIAN_POINT('',(-3.146044942525,15.547162699358,21.6));
#4743 = DIRECTION('',(0.,0.,1.));
#4744 = DIRECTION('',(-1.,-1.224646799147E-16,0.));
#4745 = ADVANCED_FACE('',(#4746),#4752,.T.);
#4746 = FACE_BOUND('',#4747,.T.);
#4747 = EDGE_LOOP('',(#4748,#4749,#4750,#4751));
#4748 = ORIENTED_EDGE('',*,*,#4639,.F.);
#4749 = ORIENTED_EDGE('',*,*,#4700,.T.);
#4750 = ORIENTED_EDGE('',*,*,#4679,.T.);
#4751 = ORIENTED_EDGE('',*,*,#4722,.F.);
#4752 = PLANE('',#4753);
#4753 = AXIS2_PLACEMENT_3D('',#4754,#4755,#4756);
#4754 = CARTESIAN_POINT('',(-3.146044942525,15.547162699358,23.6));
#4755 = DIRECTION('',(0.,0.,1.));
#4756 = DIRECTION('',(-1.,-1.224646799147E-16,0.));
#4757 = MANIFOLD_SOLID_BREP('',#4758);
#4758 = CLOSED_SHELL('',(#4759,#4799,#4839,#4861,#4883,#4895));
#4759 = ADVANCED_FACE('',(#4760),#4794,.F.);
#4760 = FACE_BOUND('',#4761,.F.);
#4761 = EDGE_LOOP('',(#4762,#4772,#4780,#4788));
#4762 = ORIENTED_EDGE('',*,*,#4763,.F.);
#4763 = EDGE_CURVE('',#4764,#4766,#4768,.T.);
#4764 = VERTEX_POINT('',#4765);
#4765 = CARTESIAN_POINT('',(9.317383776585,13.44797960011,21.6));
#4766 = VERTEX_POINT('',#4767);
#4767 = CARTESIAN_POINT('',(9.317383776585,13.44797960011,22.6));
#4768 = LINE('',#4769,#4770);
#4769 = CARTESIAN_POINT('',(9.317383776585,13.44797960011,21.6));
#4770 = VECTOR('',#4771,1.);
#4771 = DIRECTION('',(0.,0.,1.));
#4772 = ORIENTED_EDGE('',*,*,#4773,.T.);
#4773 = EDGE_CURVE('',#4764,#4774,#4776,.T.);
#4774 = VERTEX_POINT('',#4775);
#4775 = CARTESIAN_POINT('',(9.317383776585,15.74797960011,21.6));
#4776 = LINE('',#4777,#4778);
#4777 = CARTESIAN_POINT('',(9.317383776585,13.44797960011,21.6));
#4778 = VECTOR('',#4779,1.);
#4779 = DIRECTION('',(0.,1.,0.));
#4780 = ORIENTED_EDGE('',*,*,#4781,.T.);
#4781 = EDGE_CURVE('',#4774,#4782,#4784,.T.);
#4782 = VERTEX_POINT('',#4783);
#4783 = CARTESIAN_POINT('',(9.317383776585,15.74797960011,22.6));
#4784 = LINE('',#4785,#4786);
#4785 = CARTESIAN_POINT('',(9.317383776585,15.74797960011,21.6));
#4786 = VECTOR('',#4787,1.);
#4787 = DIRECTION('',(0.,0.,1.));
#4788 = ORIENTED_EDGE('',*,*,#4789,.F.);
#4789 = EDGE_CURVE('',#4766,#4782,#4790,.T.);
#4790 = LINE('',#4791,#4792);
#4791 = CARTESIAN_POINT('',(9.317383776585,13.44797960011,22.6));
#4792 = VECTOR('',#4793,1.);
#4793 = DIRECTION('',(0.,1.,0.));
#4794 = PLANE('',#4795);
#4795 = AXIS2_PLACEMENT_3D('',#4796,#4797,#4798);
#4796 = CARTESIAN_POINT('',(9.317383776585,13.44797960011,21.6));
#4797 = DIRECTION('',(1.,0.,0.));
#4798 = DIRECTION('',(0.,0.,1.));
#4799 = ADVANCED_FACE('',(#4800),#4834,.T.);
#4800 = FACE_BOUND('',#4801,.T.);
#4801 = EDGE_LOOP('',(#4802,#4812,#4820,#4828));
#4802 = ORIENTED_EDGE('',*,*,#4803,.F.);
#4803 = EDGE_CURVE('',#4804,#4806,#4808,.T.);
#4804 = VERTEX_POINT('',#4805);
#4805 = CARTESIAN_POINT('',(10.217383776585,13.44797960011,21.6));
#4806 = VERTEX_POINT('',#4807);
#4807 = CARTESIAN_POINT('',(10.217383776585,13.44797960011,22.6));
#4808 = LINE('',#4809,#4810);
#4809 = CARTESIAN_POINT('',(10.217383776585,13.44797960011,21.6));
#4810 = VECTOR('',#4811,1.);
#4811 = DIRECTION('',(0.,0.,1.));
#4812 = ORIENTED_EDGE('',*,*,#4813,.T.);
#4813 = EDGE_CURVE('',#4804,#4814,#4816,.T.);
#4814 = VERTEX_POINT('',#4815);
#4815 = CARTESIAN_POINT('',(10.217383776585,15.74797960011,21.6));
#4816 = LINE('',#4817,#4818);
#4817 = CARTESIAN_POINT('',(10.217383776585,13.44797960011,21.6));
#4818 = VECTOR('',#4819,1.);
#4819 = DIRECTION('',(0.,1.,0.));
#4820 = ORIENTED_EDGE('',*,*,#4821,.T.);
#4821 = EDGE_CURVE('',#4814,#4822,#4824,.T.);
#4822 = VERTEX_POINT('',#4823);
#4823 = CARTESIAN_POINT('',(10.217383776585,15.74797960011,22.6));
#4824 = LINE('',#4825,#4826);
#4825 = CARTESIAN_POINT('',(10.217383776585,15.74797960011,21.6));
#4826 = VECTOR('',#4827,1.);
#4827 = DIRECTION('',(0.,0.,1.));
#4828 = ORIENTED_EDGE('',*,*,#4829,.F.);
#4829 = EDGE_CURVE('',#4806,#4822,#4830,.T.);
#4830 = LINE('',#4831,#4832);
#4831 = CARTESIAN_POINT('',(10.217383776585,13.44797960011,22.6));
#4832 = VECTOR('',#4833,1.);
#4833 = DIRECTION('',(0.,1.,0.));
#4834 = PLANE('',#4835);
#4835 = AXIS2_PLACEMENT_3D('',#4836,#4837,#4838);
#4836 = CARTESIAN_POINT('',(10.217383776585,13.44797960011,21.6));
#4837 = DIRECTION('',(1.,0.,0.));
#4838 = DIRECTION('',(0.,0.,1.));
#4839 = ADVANCED_FACE('',(#4840),#4856,.F.);
#4840 = FACE_BOUND('',#4841,.F.);
#4841 = EDGE_LOOP('',(#4842,#4848,#4849,#4855));
#4842 = ORIENTED_EDGE('',*,*,#4843,.F.);
#4843 = EDGE_CURVE('',#4764,#4804,#4844,.T.);
#4844 = LINE('',#4845,#4846);
#4845 = CARTESIAN_POINT('',(9.317383776585,13.44797960011,21.6));
#4846 = VECTOR('',#4847,1.);
#4847 = DIRECTION('',(1.,0.,0.));
#4848 = ORIENTED_EDGE('',*,*,#4763,.T.);
#4849 = ORIENTED_EDGE('',*,*,#4850,.T.);
#4850 = EDGE_CURVE('',#4766,#4806,#4851,.T.);
#4851 = LINE('',#4852,#4853);
#4852 = CARTESIAN_POINT('',(9.317383776585,13.44797960011,22.6));
#4853 = VECTOR('',#4854,1.);
#4854 = DIRECTION('',(1.,0.,0.));
#4855 = ORIENTED_EDGE('',*,*,#4803,.F.);
#4856 = PLANE('',#4857);
#4857 = AXIS2_PLACEMENT_3D('',#4858,#4859,#4860);
#4858 = CARTESIAN_POINT('',(9.317383776585,13.44797960011,21.6));
#4859 = DIRECTION('',(0.,1.,0.));
#4860 = DIRECTION('',(0.,0.,1.));
#4861 = ADVANCED_FACE('',(#4862),#4878,.T.);
#4862 = FACE_BOUND('',#4863,.T.);
#4863 = EDGE_LOOP('',(#4864,#4870,#4871,#4877));
#4864 = ORIENTED_EDGE('',*,*,#4865,.F.);
#4865 = EDGE_CURVE('',#4774,#4814,#4866,.T.);
#4866 = LINE('',#4867,#4868);
#4867 = CARTESIAN_POINT('',(9.317383776585,15.74797960011,21.6));
#4868 = VECTOR('',#4869,1.);
#4869 = DIRECTION('',(1.,0.,0.));
#4870 = ORIENTED_EDGE('',*,*,#4781,.T.);
#4871 = ORIENTED_EDGE('',*,*,#4872,.T.);
#4872 = EDGE_CURVE('',#4782,#4822,#4873,.T.);
#4873 = LINE('',#4874,#4875);
#4874 = CARTESIAN_POINT('',(9.317383776585,15.74797960011,22.6));
#4875 = VECTOR('',#4876,1.);
#4876 = DIRECTION('',(1.,0.,0.));
#4877 = ORIENTED_EDGE('',*,*,#4821,.F.);
#4878 = PLANE('',#4879);
#4879 = AXIS2_PLACEMENT_3D('',#4880,#4881,#4882);
#4880 = CARTESIAN_POINT('',(9.317383776585,15.74797960011,21.6));
#4881 = DIRECTION('',(0.,1.,0.));
#4882 = DIRECTION('',(0.,0.,1.));
#4883 = ADVANCED_FACE('',(#4884),#4890,.F.);
#4884 = FACE_BOUND('',#4885,.F.);
#4885 = EDGE_LOOP('',(#4886,#4887,#4888,#4889));
#4886 = ORIENTED_EDGE('',*,*,#4773,.F.);
#4887 = ORIENTED_EDGE('',*,*,#4843,.T.);
#4888 = ORIENTED_EDGE('',*,*,#4813,.T.);
#4889 = ORIENTED_EDGE('',*,*,#4865,.F.);
#4890 = PLANE('',#4891);
#4891 = AXIS2_PLACEMENT_3D('',#4892,#4893,#4894);
#4892 = CARTESIAN_POINT('',(9.317383776585,13.44797960011,21.6));
#4893 = DIRECTION('',(0.,0.,1.));
#4894 = DIRECTION('',(1.,0.,0.));
#4895 = ADVANCED_FACE('',(#4896),#4902,.T.);
#4896 = FACE_BOUND('',#4897,.T.);
#4897 = EDGE_LOOP('',(#4898,#4899,#4900,#4901));
#4898 = ORIENTED_EDGE('',*,*,#4789,.F.);
#4899 = ORIENTED_EDGE('',*,*,#4850,.T.);
#4900 = ORIENTED_EDGE('',*,*,#4829,.T.);
#4901 = ORIENTED_EDGE('',*,*,#4872,.F.);
#4902 = PLANE('',#4903);
#4903 = AXIS2_PLACEMENT_3D('',#4904,#4905,#4906);
#4904 = CARTESIAN_POINT('',(9.317383776585,13.44797960011,22.6));
#4905 = DIRECTION('',(0.,0.,1.));
#4906 = DIRECTION('',(1.,0.,0.));
#4907 = MANIFOLD_SOLID_BREP('',#4908);
#4908 = CLOSED_SHELL('',(#4909,#4949,#4989,#5011,#5033,#5045));
#4909 = ADVANCED_FACE('',(#4910),#4944,.F.);
#4910 = FACE_BOUND('',#4911,.F.);
#4911 = EDGE_LOOP('',(#4912,#4922,#4930,#4938));
#4912 = ORIENTED_EDGE('',*,*,#4913,.F.);
#4913 = EDGE_CURVE('',#4914,#4916,#4918,.T.);
#4914 = VERTEX_POINT('',#4915);
#4915 = CARTESIAN_POINT('',(-6.787100959114,7.256040748405,21.6));
#4916 = VERTEX_POINT('',#4917);
#4917 = CARTESIAN_POINT('',(-6.787100959114,7.256040748405,22.7));
#4918 = LINE('',#4919,#4920);
#4919 = CARTESIAN_POINT('',(-6.787100959114,7.256040748405,21.6));
#4920 = VECTOR('',#4921,1.);
#4921 = DIRECTION('',(0.,0.,1.));
#4922 = ORIENTED_EDGE('',*,*,#4923,.T.);
#4923 = EDGE_CURVE('',#4914,#4924,#4926,.T.);
#4924 = VERTEX_POINT('',#4925);
#4925 = CARTESIAN_POINT('',(-5.387100959114,7.256040748405,21.6));
#4926 = LINE('',#4927,#4928);
#4927 = CARTESIAN_POINT('',(-6.787100959114,7.256040748405,21.6));
#4928 = VECTOR('',#4929,1.);
#4929 = DIRECTION('',(1.,1.110223024625E-16,0.));
#4930 = ORIENTED_EDGE('',*,*,#4931,.T.);
#4931 = EDGE_CURVE('',#4924,#4932,#4934,.T.);
#4932 = VERTEX_POINT('',#4933);
#4933 = CARTESIAN_POINT('',(-5.387100959114,7.256040748405,22.7));
#4934 = LINE('',#4935,#4936);
#4935 = CARTESIAN_POINT('',(-5.387100959114,7.256040748405,21.6));
#4936 = VECTOR('',#4937,1.);
#4937 = DIRECTION('',(0.,0.,1.));
#4938 = ORIENTED_EDGE('',*,*,#4939,.F.);
#4939 = EDGE_CURVE('',#4916,#4932,#4940,.T.);
#4940 = LINE('',#4941,#4942);
#4941 = CARTESIAN_POINT('',(-6.787100959114,7.256040748405,22.7));
#4942 = VECTOR('',#4943,1.);
#4943 = DIRECTION('',(1.,1.110223024625E-16,0.));
#4944 = PLANE('',#4945);
#4945 = AXIS2_PLACEMENT_3D('',#4946,#4947,#4948);
#4946 = CARTESIAN_POINT('',(-6.787100959114,7.256040748405,21.6));
#4947 = DIRECTION('',(1.110223024625E-16,-1.,0.));
#4948 = DIRECTION('',(0.,0.,1.));
#4949 = ADVANCED_FACE('',(#4950),#4984,.T.);
#4950 = FACE_BOUND('',#4951,.T.);
#4951 = EDGE_LOOP('',(#4952,#4962,#4970,#4978));
#4952 = ORIENTED_EDGE('',*,*,#4953,.F.);
#4953 = EDGE_CURVE('',#4954,#4956,#4958,.T.);
#4954 = VERTEX_POINT('',#4955);
#4955 = CARTESIAN_POINT('',(-6.787100959114,4.216040748405,21.6));
#4956 = VERTEX_POINT('',#4957);
#4957 = CARTESIAN_POINT('',(-6.787100959114,4.216040748405,22.7));
#4958 = LINE('',#4959,#4960);
#4959 = CARTESIAN_POINT('',(-6.787100959114,4.216040748405,21.6));
#4960 = VECTOR('',#4961,1.);
#4961 = DIRECTION('',(0.,0.,1.));
#4962 = ORIENTED_EDGE('',*,*,#4963,.T.);
#4963 = EDGE_CURVE('',#4954,#4964,#4966,.T.);
#4964 = VERTEX_POINT('',#4965);
#4965 = CARTESIAN_POINT('',(-5.387100959114,4.216040748405,21.6));
#4966 = LINE('',#4967,#4968);
#4967 = CARTESIAN_POINT('',(-6.787100959114,4.216040748405,21.6));
#4968 = VECTOR('',#4969,1.);
#4969 = DIRECTION('',(1.,1.110223024625E-16,0.));
#4970 = ORIENTED_EDGE('',*,*,#4971,.T.);
#4971 = EDGE_CURVE('',#4964,#4972,#4974,.T.);
#4972 = VERTEX_POINT('',#4973);
#4973 = CARTESIAN_POINT('',(-5.387100959114,4.216040748405,22.7));
#4974 = LINE('',#4975,#4976);
#4975 = CARTESIAN_POINT('',(-5.387100959114,4.216040748405,21.6));
#4976 = VECTOR('',#4977,1.);
#4977 = DIRECTION('',(0.,0.,1.));
#4978 = ORIENTED_EDGE('',*,*,#4979,.F.);
#4979 = EDGE_CURVE('',#4956,#4972,#4980,.T.);
#4980 = LINE('',#4981,#4982);
#4981 = CARTESIAN_POINT('',(-6.787100959114,4.216040748405,22.7));
#4982 = VECTOR('',#4983,1.);
#4983 = DIRECTION('',(1.,1.110223024625E-16,0.));
#4984 = PLANE('',#4985);
#4985 = AXIS2_PLACEMENT_3D('',#4986,#4987,#4988);
#4986 = CARTESIAN_POINT('',(-6.787100959114,4.216040748405,21.6));
#4987 = DIRECTION('',(1.110223024625E-16,-1.,0.));
#4988 = DIRECTION('',(0.,0.,1.));
#4989 = ADVANCED_FACE('',(#4990),#5006,.F.);
#4990 = FACE_BOUND('',#4991,.F.);
#4991 = EDGE_LOOP('',(#4992,#4998,#4999,#5005));
#4992 = ORIENTED_EDGE('',*,*,#4993,.F.);
#4993 = EDGE_CURVE('',#4914,#4954,#4994,.T.);
#4994 = LINE('',#4995,#4996);
#4995 = CARTESIAN_POINT('',(-6.787100959114,7.256040748405,21.6));
#4996 = VECTOR('',#4997,1.);
#4997 = DIRECTION('',(1.110223024625E-16,-1.,0.));
#4998 = ORIENTED_EDGE('',*,*,#4913,.T.);
#4999 = ORIENTED_EDGE('',*,*,#5000,.T.);
#5000 = EDGE_CURVE('',#4916,#4956,#5001,.T.);
#5001 = LINE('',#5002,#5003);
#5002 = CARTESIAN_POINT('',(-6.787100959114,7.256040748405,22.7));
#5003 = VECTOR('',#5004,1.);
#5004 = DIRECTION('',(1.110223024625E-16,-1.,0.));
#5005 = ORIENTED_EDGE('',*,*,#4953,.F.);
#5006 = PLANE('',#5007);
#5007 = AXIS2_PLACEMENT_3D('',#5008,#5009,#5010);
#5008 = CARTESIAN_POINT('',(-6.787100959114,7.256040748405,21.6));
#5009 = DIRECTION('',(1.,1.110223024625E-16,0.));
#5010 = DIRECTION('',(0.,0.,1.));
#5011 = ADVANCED_FACE('',(#5012),#5028,.T.);
#5012 = FACE_BOUND('',#5013,.T.);
#5013 = EDGE_LOOP('',(#5014,#5020,#5021,#5027));
#5014 = ORIENTED_EDGE('',*,*,#5015,.F.);
#5015 = EDGE_CURVE('',#4924,#4964,#5016,.T.);
#5016 = LINE('',#5017,#5018);
#5017 = CARTESIAN_POINT('',(-5.387100959114,7.256040748405,21.6));
#5018 = VECTOR('',#5019,1.);
#5019 = DIRECTION('',(1.110223024625E-16,-1.,0.));
#5020 = ORIENTED_EDGE('',*,*,#4931,.T.);
#5021 = ORIENTED_EDGE('',*,*,#5022,.T.);
#5022 = EDGE_CURVE('',#4932,#4972,#5023,.T.);
#5023 = LINE('',#5024,#5025);
#5024 = CARTESIAN_POINT('',(-5.387100959114,7.256040748405,22.7));
#5025 = VECTOR('',#5026,1.);
#5026 = DIRECTION('',(1.110223024625E-16,-1.,0.));
#5027 = ORIENTED_EDGE('',*,*,#4971,.F.);
#5028 = PLANE('',#5029);
#5029 = AXIS2_PLACEMENT_3D('',#5030,#5031,#5032);
#5030 = CARTESIAN_POINT('',(-5.387100959114,7.256040748405,21.6));
#5031 = DIRECTION('',(1.,1.110223024625E-16,0.));
#5032 = DIRECTION('',(0.,0.,1.));
#5033 = ADVANCED_FACE('',(#5034),#5040,.F.);
#5034 = FACE_BOUND('',#5035,.F.);
#5035 = EDGE_LOOP('',(#5036,#5037,#5038,#5039));
#5036 = ORIENTED_EDGE('',*,*,#4923,.F.);
#5037 = ORIENTED_EDGE('',*,*,#4993,.T.);
#5038 = ORIENTED_EDGE('',*,*,#4963,.T.);
#5039 = ORIENTED_EDGE('',*,*,#5015,.F.);
#5040 = PLANE('',#5041);
#5041 = AXIS2_PLACEMENT_3D('',#5042,#5043,#5044);
#5042 = CARTESIAN_POINT('',(-6.787100959114,7.256040748405,21.6));
#5043 = DIRECTION('',(0.,0.,1.));
#5044 = DIRECTION('',(1.110223024625E-16,-1.,0.));
#5045 = ADVANCED_FACE('',(#5046),#5052,.T.);
#5046 = FACE_BOUND('',#5047,.T.);
#5047 = EDGE_LOOP('',(#5048,#5049,#5050,#5051));
#5048 = ORIENTED_EDGE('',*,*,#4939,.F.);
#5049 = ORIENTED_EDGE('',*,*,#5000,.T.);
#5050 = ORIENTED_EDGE('',*,*,#4979,.T.);
#5051 = ORIENTED_EDGE('',*,*,#5022,.F.);
#5052 = PLANE('',#5053);
#5053 = AXIS2_PLACEMENT_3D('',#5054,#5055,#5056);
#5054 = CARTESIAN_POINT('',(-6.787100959114,7.256040748405,22.7));
#5055 = DIRECTION('',(0.,0.,1.));
#5056 = DIRECTION('',(1.110223024625E-16,-1.,0.));
#5057 = MANIFOLD_SOLID_BREP('',#5058);
#5058 = CLOSED_SHELL('',(#5059,#5099,#5139,#5161,#5183,#5195));
#5059 = ADVANCED_FACE('',(#5060),#5094,.F.);
#5060 = FACE_BOUND('',#5061,.F.);
#5061 = EDGE_LOOP('',(#5062,#5072,#5080,#5088));
#5062 = ORIENTED_EDGE('',*,*,#5063,.F.);
#5063 = EDGE_CURVE('',#5064,#5066,#5068,.T.);
#5064 = VERTEX_POINT('',#5065);
#5065 = CARTESIAN_POINT('',(-7.998536908919,-12.23591326822,21.6));
#5066 = VERTEX_POINT('',#5067);
#5067 = CARTESIAN_POINT('',(-7.998536908919,-12.23591326822,22.6));
#5068 = LINE('',#5069,#5070);
#5069 = CARTESIAN_POINT('',(-7.998536908919,-12.23591326822,21.6));
#5070 = VECTOR('',#5071,1.);
#5071 = DIRECTION('',(0.,0.,1.));
#5072 = ORIENTED_EDGE('',*,*,#5073,.T.);
#5073 = EDGE_CURVE('',#5064,#5074,#5076,.T.);
#5074 = VERTEX_POINT('',#5075);
#5075 = CARTESIAN_POINT('',(-7.998536908919,-13.53591326822,21.6));
#5076 = LINE('',#5077,#5078);
#5077 = CARTESIAN_POINT('',(-7.998536908919,-12.23591326822,21.6));
#5078 = VECTOR('',#5079,1.);
#5079 = DIRECTION('',(1.224646799147E-16,-1.,0.));
#5080 = ORIENTED_EDGE('',*,*,#5081,.T.);
#5081 = EDGE_CURVE('',#5074,#5082,#5084,.T.);
#5082 = VERTEX_POINT('',#5083);
#5083 = CARTESIAN_POINT('',(-7.998536908919,-13.53591326822,22.6));
#5084 = LINE('',#5085,#5086);
#5085 = CARTESIAN_POINT('',(-7.998536908919,-13.53591326822,21.6));
#5086 = VECTOR('',#5087,1.);
#5087 = DIRECTION('',(0.,0.,1.));
#5088 = ORIENTED_EDGE('',*,*,#5089,.F.);
#5089 = EDGE_CURVE('',#5066,#5082,#5090,.T.);
#5090 = LINE('',#5091,#5092);
#5091 = CARTESIAN_POINT('',(-7.998536908919,-12.23591326822,22.6));
#5092 = VECTOR('',#5093,1.);
#5093 = DIRECTION('',(1.224646799147E-16,-1.,0.));
#5094 = PLANE('',#5095);
#5095 = AXIS2_PLACEMENT_3D('',#5096,#5097,#5098);
#5096 = CARTESIAN_POINT('',(-7.998536908919,-12.23591326822,21.6));
#5097 = DIRECTION('',(-1.,-1.224646799147E-16,0.));
#5098 = DIRECTION('',(0.,0.,1.));
#5099 = ADVANCED_FACE('',(#5100),#5134,.T.);
#5100 = FACE_BOUND('',#5101,.T.);
#5101 = EDGE_LOOP('',(#5102,#5112,#5120,#5128));
#5102 = ORIENTED_EDGE('',*,*,#5103,.F.);
#5103 = EDGE_CURVE('',#5104,#5106,#5108,.T.);
#5104 = VERTEX_POINT('',#5105);
#5105 = CARTESIAN_POINT('',(-10.99853690891,-12.23591326822,21.6));
#5106 = VERTEX_POINT('',#5107);
#5107 = CARTESIAN_POINT('',(-10.99853690891,-12.23591326822,22.6));
#5108 = LINE('',#5109,#5110);
#5109 = CARTESIAN_POINT('',(-10.99853690891,-12.23591326822,21.6));
#5110 = VECTOR('',#5111,1.);
#5111 = DIRECTION('',(0.,0.,1.));
#5112 = ORIENTED_EDGE('',*,*,#5113,.T.);
#5113 = EDGE_CURVE('',#5104,#5114,#5116,.T.);
#5114 = VERTEX_POINT('',#5115);
#5115 = CARTESIAN_POINT('',(-10.99853690891,-13.53591326822,21.6));
#5116 = LINE('',#5117,#5118);
#5117 = CARTESIAN_POINT('',(-10.99853690891,-12.23591326822,21.6));
#5118 = VECTOR('',#5119,1.);
#5119 = DIRECTION('',(1.224646799147E-16,-1.,0.));
#5120 = ORIENTED_EDGE('',*,*,#5121,.T.);
#5121 = EDGE_CURVE('',#5114,#5122,#5124,.T.);
#5122 = VERTEX_POINT('',#5123);
#5123 = CARTESIAN_POINT('',(-10.99853690891,-13.53591326822,22.6));
#5124 = LINE('',#5125,#5126);
#5125 = CARTESIAN_POINT('',(-10.99853690891,-13.53591326822,21.6));
#5126 = VECTOR('',#5127,1.);
#5127 = DIRECTION('',(0.,0.,1.));
#5128 = ORIENTED_EDGE('',*,*,#5129,.F.);
#5129 = EDGE_CURVE('',#5106,#5122,#5130,.T.);
#5130 = LINE('',#5131,#5132);
#5131 = CARTESIAN_POINT('',(-10.99853690891,-12.23591326822,22.6));
#5132 = VECTOR('',#5133,1.);
#5133 = DIRECTION('',(1.224646799147E-16,-1.,0.));
#5134 = PLANE('',#5135);
#5135 = AXIS2_PLACEMENT_3D('',#5136,#5137,#5138);
#5136 = CARTESIAN_POINT('',(-10.99853690891,-12.23591326822,21.6));
#5137 = DIRECTION('',(-1.,-1.224646799147E-16,0.));
#5138 = DIRECTION('',(0.,0.,1.));
#5139 = ADVANCED_FACE('',(#5140),#5156,.F.);
#5140 = FACE_BOUND('',#5141,.F.);
#5141 = EDGE_LOOP('',(#5142,#5148,#5149,#5155));
#5142 = ORIENTED_EDGE('',*,*,#5143,.F.);
#5143 = EDGE_CURVE('',#5064,#5104,#5144,.T.);
#5144 = LINE('',#5145,#5146);
#5145 = CARTESIAN_POINT('',(-7.998536908919,-12.23591326822,21.6));
#5146 = VECTOR('',#5147,1.);
#5147 = DIRECTION('',(-1.,-1.224646799147E-16,0.));
#5148 = ORIENTED_EDGE('',*,*,#5063,.T.);
#5149 = ORIENTED_EDGE('',*,*,#5150,.T.);
#5150 = EDGE_CURVE('',#5066,#5106,#5151,.T.);
#5151 = LINE('',#5152,#5153);
#5152 = CARTESIAN_POINT('',(-7.998536908919,-12.23591326822,22.6));
#5153 = VECTOR('',#5154,1.);
#5154 = DIRECTION('',(-1.,-1.224646799147E-16,0.));
#5155 = ORIENTED_EDGE('',*,*,#5103,.F.);
#5156 = PLANE('',#5157);
#5157 = AXIS2_PLACEMENT_3D('',#5158,#5159,#5160);
#5158 = CARTESIAN_POINT('',(-7.998536908919,-12.23591326822,21.6));
#5159 = DIRECTION('',(1.224646799147E-16,-1.,0.));
#5160 = DIRECTION('',(0.,0.,1.));
#5161 = ADVANCED_FACE('',(#5162),#5178,.T.);
#5162 = FACE_BOUND('',#5163,.T.);
#5163 = EDGE_LOOP('',(#5164,#5170,#5171,#5177));
#5164 = ORIENTED_EDGE('',*,*,#5165,.F.);
#5165 = EDGE_CURVE('',#5074,#5114,#5166,.T.);
#5166 = LINE('',#5167,#5168);
#5167 = CARTESIAN_POINT('',(-7.998536908919,-13.53591326822,21.6));
#5168 = VECTOR('',#5169,1.);
#5169 = DIRECTION('',(-1.,-1.224646799147E-16,0.));
#5170 = ORIENTED_EDGE('',*,*,#5081,.T.);
#5171 = ORIENTED_EDGE('',*,*,#5172,.T.);
#5172 = EDGE_CURVE('',#5082,#5122,#5173,.T.);
#5173 = LINE('',#5174,#5175);
#5174 = CARTESIAN_POINT('',(-7.998536908919,-13.53591326822,22.6));
#5175 = VECTOR('',#5176,1.);
#5176 = DIRECTION('',(-1.,-1.224646799147E-16,0.));
#5177 = ORIENTED_EDGE('',*,*,#5121,.F.);
#5178 = PLANE('',#5179);
#5179 = AXIS2_PLACEMENT_3D('',#5180,#5181,#5182);
#5180 = CARTESIAN_POINT('',(-7.998536908919,-13.53591326822,21.6));
#5181 = DIRECTION('',(1.224646799147E-16,-1.,0.));
#5182 = DIRECTION('',(0.,0.,1.));
#5183 = ADVANCED_FACE('',(#5184),#5190,.F.);
#5184 = FACE_BOUND('',#5185,.F.);
#5185 = EDGE_LOOP('',(#5186,#5187,#5188,#5189));
#5186 = ORIENTED_EDGE('',*,*,#5073,.F.);
#5187 = ORIENTED_EDGE('',*,*,#5143,.T.);
#5188 = ORIENTED_EDGE('',*,*,#5113,.T.);
#5189 = ORIENTED_EDGE('',*,*,#5165,.F.);
#5190 = PLANE('',#5191);
#5191 = AXIS2_PLACEMENT_3D('',#5192,#5193,#5194);
#5192 = CARTESIAN_POINT('',(-7.998536908919,-12.23591326822,21.6));
#5193 = DIRECTION('',(0.,0.,1.));
#5194 = DIRECTION('',(-1.,-1.224646799147E-16,0.));
#5195 = ADVANCED_FACE('',(#5196),#5202,.T.);
#5196 = FACE_BOUND('',#5197,.T.);
#5197 = EDGE_LOOP('',(#5198,#5199,#5200,#5201));
#5198 = ORIENTED_EDGE('',*,*,#5089,.F.);
#5199 = ORIENTED_EDGE('',*,*,#5150,.T.);
#5200 = ORIENTED_EDGE('',*,*,#5129,.T.);
#5201 = ORIENTED_EDGE('',*,*,#5172,.F.);
#5202 = PLANE('',#5203);
#5203 = AXIS2_PLACEMENT_3D('',#5204,#5205,#5206);
#5204 = CARTESIAN_POINT('',(-7.998536908919,-12.23591326822,22.6));
#5205 = DIRECTION('',(0.,0.,1.));
#5206 = DIRECTION('',(-1.,-1.224646799147E-16,0.));
#5207 = MANIFOLD_SOLID_BREP('',#5208);
#5208 = CLOSED_SHELL('',(#5209,#5249,#5289,#5311,#5333,#5345));
#5209 = ADVANCED_FACE('',(#5210),#5244,.F.);
#5210 = FACE_BOUND('',#5211,.F.);
#5211 = EDGE_LOOP('',(#5212,#5222,#5230,#5238));
#5212 = ORIENTED_EDGE('',*,*,#5213,.F.);
#5213 = EDGE_CURVE('',#5214,#5216,#5218,.T.);
#5214 = VERTEX_POINT('',#5215);
#5215 = CARTESIAN_POINT('',(12.793566056676,-3.363646421841,21.6));
#5216 = VERTEX_POINT('',#5217);
#5217 = CARTESIAN_POINT('',(12.793566056676,-3.363646421841,22.6));
#5218 = LINE('',#5219,#5220);
#5219 = CARTESIAN_POINT('',(12.793566056676,-3.363646421841,21.6));
#5220 = VECTOR('',#5221,1.);
#5221 = DIRECTION('',(0.,0.,1.));
#5222 = ORIENTED_EDGE('',*,*,#5223,.T.);
#5223 = EDGE_CURVE('',#5214,#5224,#5226,.T.);
#5224 = VERTEX_POINT('',#5225);
#5225 = CARTESIAN_POINT('',(13.793566056676,-3.363646421841,21.6));
#5226 = LINE('',#5227,#5228);
#5227 = CARTESIAN_POINT('',(12.793566056676,-3.363646421841,21.6));
#5228 = VECTOR('',#5229,1.);
#5229 = DIRECTION('',(1.,1.110223024625E-16,0.));
#5230 = ORIENTED_EDGE('',*,*,#5231,.T.);
#5231 = EDGE_CURVE('',#5224,#5232,#5234,.T.);
#5232 = VERTEX_POINT('',#5233);
#5233 = CARTESIAN_POINT('',(13.793566056676,-3.363646421841,22.6));
#5234 = LINE('',#5235,#5236);
#5235 = CARTESIAN_POINT('',(13.793566056676,-3.363646421841,21.6));
#5236 = VECTOR('',#5237,1.);
#5237 = DIRECTION('',(0.,0.,1.));
#5238 = ORIENTED_EDGE('',*,*,#5239,.F.);
#5239 = EDGE_CURVE('',#5216,#5232,#5240,.T.);
#5240 = LINE('',#5241,#5242);
#5241 = CARTESIAN_POINT('',(12.793566056676,-3.363646421841,22.6));
#5242 = VECTOR('',#5243,1.);
#5243 = DIRECTION('',(1.,1.110223024625E-16,0.));
#5244 = PLANE('',#5245);
#5245 = AXIS2_PLACEMENT_3D('',#5246,#5247,#5248);
#5246 = CARTESIAN_POINT('',(12.793566056676,-3.363646421841,21.6));
#5247 = DIRECTION('',(1.110223024625E-16,-1.,0.));
#5248 = DIRECTION('',(0.,0.,1.));
#5249 = ADVANCED_FACE('',(#5250),#5284,.T.);
#5250 = FACE_BOUND('',#5251,.T.);
#5251 = EDGE_LOOP('',(#5252,#5262,#5270,#5278));
#5252 = ORIENTED_EDGE('',*,*,#5253,.F.);
#5253 = EDGE_CURVE('',#5254,#5256,#5258,.T.);
#5254 = VERTEX_POINT('',#5255);
#5255 = CARTESIAN_POINT('',(12.793566056676,-6.138646421841,21.6));
#5256 = VERTEX_POINT('',#5257);
#5257 = CARTESIAN_POINT('',(12.793566056676,-6.138646421841,22.6));
#5258 = LINE('',#5259,#5260);
#5259 = CARTESIAN_POINT('',(12.793566056676,-6.138646421841,21.6));
#5260 = VECTOR('',#5261,1.);
#5261 = DIRECTION('',(0.,0.,1.));
#5262 = ORIENTED_EDGE('',*,*,#5263,.T.);
#5263 = EDGE_CURVE('',#5254,#5264,#5266,.T.);
#5264 = VERTEX_POINT('',#5265);
#5265 = CARTESIAN_POINT('',(13.793566056676,-6.138646421841,21.6));
#5266 = LINE('',#5267,#5268);
#5267 = CARTESIAN_POINT('',(12.793566056676,-6.138646421841,21.6));
#5268 = VECTOR('',#5269,1.);
#5269 = DIRECTION('',(1.,1.110223024625E-16,0.));
#5270 = ORIENTED_EDGE('',*,*,#5271,.T.);
#5271 = EDGE_CURVE('',#5264,#5272,#5274,.T.);
#5272 = VERTEX_POINT('',#5273);
#5273 = CARTESIAN_POINT('',(13.793566056676,-6.138646421841,22.6));
#5274 = LINE('',#5275,#5276);
#5275 = CARTESIAN_POINT('',(13.793566056676,-6.138646421841,21.6));
#5276 = VECTOR('',#5277,1.);
#5277 = DIRECTION('',(0.,0.,1.));
#5278 = ORIENTED_EDGE('',*,*,#5279,.F.);
#5279 = EDGE_CURVE('',#5256,#5272,#5280,.T.);
#5280 = LINE('',#5281,#5282);
#5281 = CARTESIAN_POINT('',(12.793566056676,-6.138646421841,22.6));
#5282 = VECTOR('',#5283,1.);
#5283 = DIRECTION('',(1.,1.110223024625E-16,0.));
#5284 = PLANE('',#5285);
#5285 = AXIS2_PLACEMENT_3D('',#5286,#5287,#5288);
#5286 = CARTESIAN_POINT('',(12.793566056676,-6.138646421841,21.6));
#5287 = DIRECTION('',(1.110223024625E-16,-1.,0.));
#5288 = DIRECTION('',(0.,0.,1.));
#5289 = ADVANCED_FACE('',(#5290),#5306,.F.);
#5290 = FACE_BOUND('',#5291,.F.);
#5291 = EDGE_LOOP('',(#5292,#5298,#5299,#5305));
#5292 = ORIENTED_EDGE('',*,*,#5293,.F.);
#5293 = EDGE_CURVE('',#5214,#5254,#5294,.T.);
#5294 = LINE('',#5295,#5296);
#5295 = CARTESIAN_POINT('',(12.793566056676,-3.363646421841,21.6));
#5296 = VECTOR('',#5297,1.);
#5297 = DIRECTION('',(1.110223024625E-16,-1.,0.));
#5298 = ORIENTED_EDGE('',*,*,#5213,.T.);
#5299 = ORIENTED_EDGE('',*,*,#5300,.T.);
#5300 = EDGE_CURVE('',#5216,#5256,#5301,.T.);
#5301 = LINE('',#5302,#5303);
#5302 = CARTESIAN_POINT('',(12.793566056676,-3.363646421841,22.6));
#5303 = VECTOR('',#5304,1.);
#5304 = DIRECTION('',(1.110223024625E-16,-1.,0.));
#5305 = ORIENTED_EDGE('',*,*,#5253,.F.);
#5306 = PLANE('',#5307);
#5307 = AXIS2_PLACEMENT_3D('',#5308,#5309,#5310);
#5308 = CARTESIAN_POINT('',(12.793566056676,-3.363646421841,21.6));
#5309 = DIRECTION('',(1.,1.110223024625E-16,0.));
#5310 = DIRECTION('',(0.,0.,1.));
#5311 = ADVANCED_FACE('',(#5312),#5328,.T.);
#5312 = FACE_BOUND('',#5313,.T.);
#5313 = EDGE_LOOP('',(#5314,#5320,#5321,#5327));
#5314 = ORIENTED_EDGE('',*,*,#5315,.F.);
#5315 = EDGE_CURVE('',#5224,#5264,#5316,.T.);
#5316 = LINE('',#5317,#5318);
#5317 = CARTESIAN_POINT('',(13.793566056676,-3.363646421841,21.6));
#5318 = VECTOR('',#5319,1.);
#5319 = DIRECTION('',(1.110223024625E-16,-1.,0.));
#5320 = ORIENTED_EDGE('',*,*,#5231,.T.);
#5321 = ORIENTED_EDGE('',*,*,#5322,.T.);
#5322 = EDGE_CURVE('',#5232,#5272,#5323,.T.);
#5323 = LINE('',#5324,#5325);
#5324 = CARTESIAN_POINT('',(13.793566056676,-3.363646421841,22.6));
#5325 = VECTOR('',#5326,1.);
#5326 = DIRECTION('',(1.110223024625E-16,-1.,0.));
#5327 = ORIENTED_EDGE('',*,*,#5271,.F.);
#5328 = PLANE('',#5329);
#5329 = AXIS2_PLACEMENT_3D('',#5330,#5331,#5332);
#5330 = CARTESIAN_POINT('',(13.793566056676,-3.363646421841,21.6));
#5331 = DIRECTION('',(1.,1.110223024625E-16,0.));
#5332 = DIRECTION('',(0.,0.,1.));
#5333 = ADVANCED_FACE('',(#5334),#5340,.F.);
#5334 = FACE_BOUND('',#5335,.F.);
#5335 = EDGE_LOOP('',(#5336,#5337,#5338,#5339));
#5336 = ORIENTED_EDGE('',*,*,#5223,.F.);
#5337 = ORIENTED_EDGE('',*,*,#5293,.T.);
#5338 = ORIENTED_EDGE('',*,*,#5263,.T.);
#5339 = ORIENTED_EDGE('',*,*,#5315,.F.);
#5340 = PLANE('',#5341);
#5341 = AXIS2_PLACEMENT_3D('',#5342,#5343,#5344);
#5342 = CARTESIAN_POINT('',(12.793566056676,-3.363646421841,21.6));
#5343 = DIRECTION('',(0.,0.,1.));
#5344 = DIRECTION('',(1.110223024625E-16,-1.,0.));
#5345 = ADVANCED_FACE('',(#5346),#5352,.T.);
#5346 = FACE_BOUND('',#5347,.T.);
#5347 = EDGE_LOOP('',(#5348,#5349,#5350,#5351));
#5348 = ORIENTED_EDGE('',*,*,#5239,.F.);
#5349 = ORIENTED_EDGE('',*,*,#5300,.T.);
#5350 = ORIENTED_EDGE('',*,*,#5279,.T.);
#5351 = ORIENTED_EDGE('',*,*,#5322,.F.);
#5352 = PLANE('',#5353);
#5353 = AXIS2_PLACEMENT_3D('',#5354,#5355,#5356);
#5354 = CARTESIAN_POINT('',(12.793566056676,-3.363646421841,22.6));
#5355 = DIRECTION('',(0.,0.,1.));
#5356 = DIRECTION('',(1.110223024625E-16,-1.,0.));
#5357 = MANIFOLD_SOLID_BREP('',#5358);
#5358 = CLOSED_SHELL('',(#5359,#5399,#5439,#5461,#5483,#5495));
#5359 = ADVANCED_FACE('',(#5360),#5394,.F.);
#5360 = FACE_BOUND('',#5361,.F.);
#5361 = EDGE_LOOP('',(#5362,#5372,#5380,#5388));
#5362 = ORIENTED_EDGE('',*,*,#5363,.F.);
#5363 = EDGE_CURVE('',#5364,#5366,#5368,.T.);
#5364 = VERTEX_POINT('',#5365);
#5365 = CARTESIAN_POINT('',(15.102889021663,-2.175417923859,21.6));
#5366 = VERTEX_POINT('',#5367);
#5367 = CARTESIAN_POINT('',(15.102889021663,-2.175417923859,22.6));
#5368 = LINE('',#5369,#5370);
#5369 = CARTESIAN_POINT('',(15.102889021663,-2.175417923859,21.6));
#5370 = VECTOR('',#5371,1.);
#5371 = DIRECTION('',(0.,0.,1.));
#5372 = ORIENTED_EDGE('',*,*,#5373,.T.);
#5373 = EDGE_CURVE('',#5364,#5374,#5376,.T.);
#5374 = VERTEX_POINT('',#5375);
#5375 = CARTESIAN_POINT('',(15.102889021663,-1.175417923859,21.6));
#5376 = LINE('',#5377,#5378);
#5377 = CARTESIAN_POINT('',(15.102889021663,-2.175417923859,21.6));
#5378 = VECTOR('',#5379,1.);
#5379 = DIRECTION('',(0.,1.,0.));
#5380 = ORIENTED_EDGE('',*,*,#5381,.T.);
#5381 = EDGE_CURVE('',#5374,#5382,#5384,.T.);
#5382 = VERTEX_POINT('',#5383);
#5383 = CARTESIAN_POINT('',(15.102889021663,-1.175417923859,22.6));
#5384 = LINE('',#5385,#5386);
#5385 = CARTESIAN_POINT('',(15.102889021663,-1.175417923859,21.6));
#5386 = VECTOR('',#5387,1.);
#5387 = DIRECTION('',(0.,0.,1.));
#5388 = ORIENTED_EDGE('',*,*,#5389,.F.);
#5389 = EDGE_CURVE('',#5366,#5382,#5390,.T.);
#5390 = LINE('',#5391,#5392);
#5391 = CARTESIAN_POINT('',(15.102889021663,-2.175417923859,22.6));
#5392 = VECTOR('',#5393,1.);
#5393 = DIRECTION('',(0.,1.,0.));
#5394 = PLANE('',#5395);
#5395 = AXIS2_PLACEMENT_3D('',#5396,#5397,#5398);
#5396 = CARTESIAN_POINT('',(15.102889021663,-2.175417923859,21.6));
#5397 = DIRECTION('',(1.,0.,0.));
#5398 = DIRECTION('',(0.,0.,1.));
#5399 = ADVANCED_FACE('',(#5400),#5434,.T.);
#5400 = FACE_BOUND('',#5401,.T.);
#5401 = EDGE_LOOP('',(#5402,#5412,#5420,#5428));
#5402 = ORIENTED_EDGE('',*,*,#5403,.F.);
#5403 = EDGE_CURVE('',#5404,#5406,#5408,.T.);
#5404 = VERTEX_POINT('',#5405);
#5405 = CARTESIAN_POINT('',(17.877889021663,-2.175417923859,21.6));
#5406 = VERTEX_POINT('',#5407);
#5407 = CARTESIAN_POINT('',(17.877889021663,-2.175417923859,22.6));
#5408 = LINE('',#5409,#5410);
#5409 = CARTESIAN_POINT('',(17.877889021663,-2.175417923859,21.6));
#5410 = VECTOR('',#5411,1.);
#5411 = DIRECTION('',(0.,0.,1.));
#5412 = ORIENTED_EDGE('',*,*,#5413,.T.);
#5413 = EDGE_CURVE('',#5404,#5414,#5416,.T.);
#5414 = VERTEX_POINT('',#5415);
#5415 = CARTESIAN_POINT('',(17.877889021663,-1.175417923859,21.6));
#5416 = LINE('',#5417,#5418);
#5417 = CARTESIAN_POINT('',(17.877889021663,-2.175417923859,21.6));
#5418 = VECTOR('',#5419,1.);
#5419 = DIRECTION('',(0.,1.,0.));
#5420 = ORIENTED_EDGE('',*,*,#5421,.T.);
#5421 = EDGE_CURVE('',#5414,#5422,#5424,.T.);
#5422 = VERTEX_POINT('',#5423);
#5423 = CARTESIAN_POINT('',(17.877889021663,-1.175417923859,22.6));
#5424 = LINE('',#5425,#5426);
#5425 = CARTESIAN_POINT('',(17.877889021663,-1.175417923859,21.6));
#5426 = VECTOR('',#5427,1.);
#5427 = DIRECTION('',(0.,0.,1.));
#5428 = ORIENTED_EDGE('',*,*,#5429,.F.);
#5429 = EDGE_CURVE('',#5406,#5422,#5430,.T.);
#5430 = LINE('',#5431,#5432);
#5431 = CARTESIAN_POINT('',(17.877889021663,-2.175417923859,22.6));
#5432 = VECTOR('',#5433,1.);
#5433 = DIRECTION('',(0.,1.,0.));
#5434 = PLANE('',#5435);
#5435 = AXIS2_PLACEMENT_3D('',#5436,#5437,#5438);
#5436 = CARTESIAN_POINT('',(17.877889021663,-2.175417923859,21.6));
#5437 = DIRECTION('',(1.,0.,0.));
#5438 = DIRECTION('',(0.,0.,1.));
#5439 = ADVANCED_FACE('',(#5440),#5456,.F.);
#5440 = FACE_BOUND('',#5441,.F.);
#5441 = EDGE_LOOP('',(#5442,#5448,#5449,#5455));
#5442 = ORIENTED_EDGE('',*,*,#5443,.F.);
#5443 = EDGE_CURVE('',#5364,#5404,#5444,.T.);
#5444 = LINE('',#5445,#5446);
#5445 = CARTESIAN_POINT('',(15.102889021663,-2.175417923859,21.6));
#5446 = VECTOR('',#5447,1.);
#5447 = DIRECTION('',(1.,0.,0.));
#5448 = ORIENTED_EDGE('',*,*,#5363,.T.);
#5449 = ORIENTED_EDGE('',*,*,#5450,.T.);
#5450 = EDGE_CURVE('',#5366,#5406,#5451,.T.);
#5451 = LINE('',#5452,#5453);
#5452 = CARTESIAN_POINT('',(15.102889021663,-2.175417923859,22.6));
#5453 = VECTOR('',#5454,1.);
#5454 = DIRECTION('',(1.,0.,0.));
#5455 = ORIENTED_EDGE('',*,*,#5403,.F.);
#5456 = PLANE('',#5457);
#5457 = AXIS2_PLACEMENT_3D('',#5458,#5459,#5460);
#5458 = CARTESIAN_POINT('',(15.102889021663,-2.175417923859,21.6));
#5459 = DIRECTION('',(0.,1.,0.));
#5460 = DIRECTION('',(0.,0.,1.));
#5461 = ADVANCED_FACE('',(#5462),#5478,.T.);
#5462 = FACE_BOUND('',#5463,.T.);
#5463 = EDGE_LOOP('',(#5464,#5470,#5471,#5477));
#5464 = ORIENTED_EDGE('',*,*,#5465,.F.);
#5465 = EDGE_CURVE('',#5374,#5414,#5466,.T.);
#5466 = LINE('',#5467,#5468);
#5467 = CARTESIAN_POINT('',(15.102889021663,-1.175417923859,21.6));
#5468 = VECTOR('',#5469,1.);
#5469 = DIRECTION('',(1.,0.,0.));
#5470 = ORIENTED_EDGE('',*,*,#5381,.T.);
#5471 = ORIENTED_EDGE('',*,*,#5472,.T.);
#5472 = EDGE_CURVE('',#5382,#5422,#5473,.T.);
#5473 = LINE('',#5474,#5475);
#5474 = CARTESIAN_POINT('',(15.102889021663,-1.175417923859,22.6));
#5475 = VECTOR('',#5476,1.);
#5476 = DIRECTION('',(1.,0.,0.));
#5477 = ORIENTED_EDGE('',*,*,#5421,.F.);
#5478 = PLANE('',#5479);
#5479 = AXIS2_PLACEMENT_3D('',#5480,#5481,#5482);
#5480 = CARTESIAN_POINT('',(15.102889021663,-1.175417923859,21.6));
#5481 = DIRECTION('',(0.,1.,0.));
#5482 = DIRECTION('',(0.,0.,1.));
#5483 = ADVANCED_FACE('',(#5484),#5490,.F.);
#5484 = FACE_BOUND('',#5485,.F.);
#5485 = EDGE_LOOP('',(#5486,#5487,#5488,#5489));
#5486 = ORIENTED_EDGE('',*,*,#5373,.F.);
#5487 = ORIENTED_EDGE('',*,*,#5443,.T.);
#5488 = ORIENTED_EDGE('',*,*,#5413,.T.);
#5489 = ORIENTED_EDGE('',*,*,#5465,.F.);
#5490 = PLANE('',#5491);
#5491 = AXIS2_PLACEMENT_3D('',#5492,#5493,#5494);
#5492 = CARTESIAN_POINT('',(15.102889021663,-2.175417923859,21.6));
#5493 = DIRECTION('',(0.,0.,1.));
#5494 = DIRECTION('',(1.,0.,0.));
#5495 = ADVANCED_FACE('',(#5496),#5502,.T.);
#5496 = FACE_BOUND('',#5497,.T.);
#5497 = EDGE_LOOP('',(#5498,#5499,#5500,#5501));
#5498 = ORIENTED_EDGE('',*,*,#5389,.F.);
#5499 = ORIENTED_EDGE('',*,*,#5450,.T.);
#5500 = ORIENTED_EDGE('',*,*,#5429,.T.);
#5501 = ORIENTED_EDGE('',*,*,#5472,.F.);
#5502 = PLANE('',#5503);
#5503 = AXIS2_PLACEMENT_3D('',#5504,#5505,#5506);
#5504 = CARTESIAN_POINT('',(15.102889021663,-2.175417923859,22.6));
#5505 = DIRECTION('',(0.,0.,1.));
#5506 = DIRECTION('',(1.,0.,0.));
#5507 = MANIFOLD_SOLID_BREP('',#5508);
#5508 = CLOSED_SHELL('',(#5509,#5549,#5589,#5611,#5633,#5645));
#5509 = ADVANCED_FACE('',(#5510),#5544,.F.);
#5510 = FACE_BOUND('',#5511,.F.);
#5511 = EDGE_LOOP('',(#5512,#5522,#5530,#5538));
#5512 = ORIENTED_EDGE('',*,*,#5513,.F.);
#5513 = EDGE_CURVE('',#5514,#5516,#5518,.T.);
#5514 = VERTEX_POINT('',#5515);
#5515 = CARTESIAN_POINT('',(2.960975,-5.460975,21.6));
#5516 = VERTEX_POINT('',#5517);
#5517 = CARTESIAN_POINT('',(2.960975,-5.460975,22.6));
#5518 = LINE('',#5519,#5520);
#5519 = CARTESIAN_POINT('',(2.960975,-5.460975,21.6));
#5520 = VECTOR('',#5521,1.);
#5521 = DIRECTION('',(0.,0.,1.));
#5522 = ORIENTED_EDGE('',*,*,#5523,.T.);
#5523 = EDGE_CURVE('',#5514,#5524,#5526,.T.);
#5524 = VERTEX_POINT('',#5525);
#5525 = CARTESIAN_POINT('',(-4.8875,-5.460975,21.6));
#5526 = LINE('',#5527,#5528);
#5527 = CARTESIAN_POINT('',(2.960975,-5.460975,21.6));
#5528 = VECTOR('',#5529,1.);
#5529 = DIRECTION('',(-1.,2.22044604925E-16,0.));
#5530 = ORIENTED_EDGE('',*,*,#5531,.T.);
#5531 = EDGE_CURVE('',#5524,#5532,#5534,.T.);
#5532 = VERTEX_POINT('',#5533);
#5533 = CARTESIAN_POINT('',(-4.8875,-5.460975,22.6));
#5534 = LINE('',#5535,#5536);
#5535 = CARTESIAN_POINT('',(-4.8875,-5.460975,21.6));
#5536 = VECTOR('',#5537,1.);
#5537 = DIRECTION('',(0.,0.,1.));
#5538 = ORIENTED_EDGE('',*,*,#5539,.F.);
#5539 = EDGE_CURVE('',#5516,#5532,#5540,.T.);
#5540 = LINE('',#5541,#5542);
#5541 = CARTESIAN_POINT('',(2.960975,-5.460975,22.6));
#5542 = VECTOR('',#5543,1.);
#5543 = DIRECTION('',(-1.,2.22044604925E-16,0.));
#5544 = PLANE('',#5545);
#5545 = AXIS2_PLACEMENT_3D('',#5546,#5547,#5548);
#5546 = CARTESIAN_POINT('',(2.960975,-5.460975,21.6));
#5547 = DIRECTION('',(2.22044604925E-16,1.,0.));
#5548 = DIRECTION('',(0.,0.,1.));
#5549 = ADVANCED_FACE('',(#5550),#5584,.T.);
#5550 = FACE_BOUND('',#5551,.T.);
#5551 = EDGE_LOOP('',(#5552,#5562,#5570,#5578));
#5552 = ORIENTED_EDGE('',*,*,#5553,.F.);
#5553 = EDGE_CURVE('',#5554,#5556,#5558,.T.);
#5554 = VERTEX_POINT('',#5555);
#5555 = CARTESIAN_POINT('',(2.960975,2.3875,21.6));
#5556 = VERTEX_POINT('',#5557);
#5557 = CARTESIAN_POINT('',(2.960975,2.3875,22.6));
#5558 = LINE('',#5559,#5560);
#5559 = CARTESIAN_POINT('',(2.960975,2.3875,21.6));
#5560 = VECTOR('',#5561,1.);
#5561 = DIRECTION('',(0.,0.,1.));
#5562 = ORIENTED_EDGE('',*,*,#5563,.T.);
#5563 = EDGE_CURVE('',#5554,#5564,#5566,.T.);
#5564 = VERTEX_POINT('',#5565);
#5565 = CARTESIAN_POINT('',(-4.8875,2.3875,21.6));
#5566 = LINE('',#5567,#5568);
#5567 = CARTESIAN_POINT('',(2.960975,2.3875,21.6));
#5568 = VECTOR('',#5569,1.);
#5569 = DIRECTION('',(-1.,2.22044604925E-16,0.));
#5570 = ORIENTED_EDGE('',*,*,#5571,.T.);
#5571 = EDGE_CURVE('',#5564,#5572,#5574,.T.);
#5572 = VERTEX_POINT('',#5573);
#5573 = CARTESIAN_POINT('',(-4.8875,2.3875,22.6));
#5574 = LINE('',#5575,#5576);
#5575 = CARTESIAN_POINT('',(-4.8875,2.3875,21.6));
#5576 = VECTOR('',#5577,1.);
#5577 = DIRECTION('',(0.,0.,1.));
#5578 = ORIENTED_EDGE('',*,*,#5579,.F.);
#5579 = EDGE_CURVE('',#5556,#5572,#5580,.T.);
#5580 = LINE('',#5581,#5582);
#5581 = CARTESIAN_POINT('',(2.960975,2.3875,22.6));
#5582 = VECTOR('',#5583,1.);
#5583 = DIRECTION('',(-1.,2.22044604925E-16,0.));
#5584 = PLANE('',#5585);
#5585 = AXIS2_PLACEMENT_3D('',#5586,#5587,#5588);
#5586 = CARTESIAN_POINT('',(2.960975,2.3875,21.6));
#5587 = DIRECTION('',(2.22044604925E-16,1.,0.));
#5588 = DIRECTION('',(0.,0.,1.));
#5589 = ADVANCED_FACE('',(#5590),#5606,.F.);
#5590 = FACE_BOUND('',#5591,.F.);
#5591 = EDGE_LOOP('',(#5592,#5598,#5599,#5605));
#5592 = ORIENTED_EDGE('',*,*,#5593,.F.);
#5593 = EDGE_CURVE('',#5514,#5554,#5594,.T.);
#5594 = LINE('',#5595,#5596);
#5595 = CARTESIAN_POINT('',(2.960975,-5.460975,21.6));
#5596 = VECTOR('',#5597,1.);
#5597 = DIRECTION('',(2.22044604925E-16,1.,0.));
#5598 = ORIENTED_EDGE('',*,*,#5513,.T.);
#5599 = ORIENTED_EDGE('',*,*,#5600,.T.);
#5600 = EDGE_CURVE('',#5516,#5556,#5601,.T.);
#5601 = LINE('',#5602,#5603);
#5602 = CARTESIAN_POINT('',(2.960975,-5.460975,22.6));
#5603 = VECTOR('',#5604,1.);
#5604 = DIRECTION('',(2.22044604925E-16,1.,0.));
#5605 = ORIENTED_EDGE('',*,*,#5553,.F.);
#5606 = PLANE('',#5607);
#5607 = AXIS2_PLACEMENT_3D('',#5608,#5609,#5610);
#5608 = CARTESIAN_POINT('',(2.960975,-5.460975,21.6));
#5609 = DIRECTION('',(-1.,2.22044604925E-16,0.));
#5610 = DIRECTION('',(0.,0.,1.));
#5611 = ADVANCED_FACE('',(#5612),#5628,.T.);
#5612 = FACE_BOUND('',#5613,.T.);
#5613 = EDGE_LOOP('',(#5614,#5620,#5621,#5627));
#5614 = ORIENTED_EDGE('',*,*,#5615,.F.);
#5615 = EDGE_CURVE('',#5524,#5564,#5616,.T.);
#5616 = LINE('',#5617,#5618);
#5617 = CARTESIAN_POINT('',(-4.8875,-5.460975,21.6));
#5618 = VECTOR('',#5619,1.);
#5619 = DIRECTION('',(2.22044604925E-16,1.,0.));
#5620 = ORIENTED_EDGE('',*,*,#5531,.T.);
#5621 = ORIENTED_EDGE('',*,*,#5622,.T.);
#5622 = EDGE_CURVE('',#5532,#5572,#5623,.T.);
#5623 = LINE('',#5624,#5625);
#5624 = CARTESIAN_POINT('',(-4.8875,-5.460975,22.6));
#5625 = VECTOR('',#5626,1.);
#5626 = DIRECTION('',(2.22044604925E-16,1.,0.));
#5627 = ORIENTED_EDGE('',*,*,#5571,.F.);
#5628 = PLANE('',#5629);
#5629 = AXIS2_PLACEMENT_3D('',#5630,#5631,#5632);
#5630 = CARTESIAN_POINT('',(-4.8875,-5.460975,21.6));
#5631 = DIRECTION('',(-1.,2.22044604925E-16,0.));
#5632 = DIRECTION('',(0.,0.,1.));
#5633 = ADVANCED_FACE('',(#5634),#5640,.F.);
#5634 = FACE_BOUND('',#5635,.F.);
#5635 = EDGE_LOOP('',(#5636,#5637,#5638,#5639));
#5636 = ORIENTED_EDGE('',*,*,#5523,.F.);
#5637 = ORIENTED_EDGE('',*,*,#5593,.T.);
#5638 = ORIENTED_EDGE('',*,*,#5563,.T.);
#5639 = ORIENTED_EDGE('',*,*,#5615,.F.);
#5640 = PLANE('',#5641);
#5641 = AXIS2_PLACEMENT_3D('',#5642,#5643,#5644);
#5642 = CARTESIAN_POINT('',(2.960975,-5.460975,21.6));
#5643 = DIRECTION('',(0.,0.,1.));
#5644 = DIRECTION('',(2.22044604925E-16,1.,0.));
#5645 = ADVANCED_FACE('',(#5646),#5652,.T.);
#5646 = FACE_BOUND('',#5647,.T.);
#5647 = EDGE_LOOP('',(#5648,#5649,#5650,#5651));
#5648 = ORIENTED_EDGE('',*,*,#5539,.F.);
#5649 = ORIENTED_EDGE('',*,*,#5600,.T.);
#5650 = ORIENTED_EDGE('',*,*,#5579,.T.);
#5651 = ORIENTED_EDGE('',*,*,#5622,.F.);
#5652 = PLANE('',#5653);
#5653 = AXIS2_PLACEMENT_3D('',#5654,#5655,#5656);
#5654 = CARTESIAN_POINT('',(2.960975,-5.460975,22.6));
#5655 = DIRECTION('',(0.,0.,1.));
#5656 = DIRECTION('',(2.22044604925E-16,1.,0.));
#5657 = MANIFOLD_SOLID_BREP('',#5658);
#5658 = CLOSED_SHELL('',(#5659,#5699,#5739,#5761,#5783,#5795));
#5659 = ADVANCED_FACE('',(#5660),#5694,.F.);
#5660 = FACE_BOUND('',#5661,.F.);
#5661 = EDGE_LOOP('',(#5662,#5672,#5680,#5688));
#5662 = ORIENTED_EDGE('',*,*,#5663,.F.);
#5663 = EDGE_CURVE('',#5664,#5666,#5668,.T.);
#5664 = VERTEX_POINT('',#5665);
#5665 = CARTESIAN_POINT('',(-10.21198059348,-7.994480630702,21.6));
#5666 = VERTEX_POINT('',#5667);
#5667 = CARTESIAN_POINT('',(-10.21198059348,-7.994480630702,22.6));
#5668 = LINE('',#5669,#5670);
#5669 = CARTESIAN_POINT('',(-10.21198059348,-7.994480630702,21.6));
#5670 = VECTOR('',#5671,1.);
#5671 = DIRECTION('',(0.,0.,1.));
#5672 = ORIENTED_EDGE('',*,*,#5673,.T.);
#5673 = EDGE_CURVE('',#5664,#5674,#5676,.T.);
#5674 = VERTEX_POINT('',#5675);
#5675 = CARTESIAN_POINT('',(-13.00598059348,-7.994480630702,21.6));
#5676 = LINE('',#5677,#5678);
#5677 = CARTESIAN_POINT('',(-10.21198059348,-7.994480630702,21.6));
#5678 = VECTOR('',#5679,1.);
#5679 = DIRECTION('',(-1.,2.22044604925E-16,0.));
#5680 = ORIENTED_EDGE('',*,*,#5681,.T.);
#5681 = EDGE_CURVE('',#5674,#5682,#5684,.T.);
#5682 = VERTEX_POINT('',#5683);
#5683 = CARTESIAN_POINT('',(-13.00598059348,-7.994480630702,22.6));
#5684 = LINE('',#5685,#5686);
#5685 = CARTESIAN_POINT('',(-13.00598059348,-7.994480630702,21.6));
#5686 = VECTOR('',#5687,1.);
#5687 = DIRECTION('',(0.,0.,1.));
#5688 = ORIENTED_EDGE('',*,*,#5689,.F.);
#5689 = EDGE_CURVE('',#5666,#5682,#5690,.T.);
#5690 = LINE('',#5691,#5692);
#5691 = CARTESIAN_POINT('',(-10.21198059348,-7.994480630702,22.6));
#5692 = VECTOR('',#5693,1.);
#5693 = DIRECTION('',(-1.,2.22044604925E-16,0.));
#5694 = PLANE('',#5695);
#5695 = AXIS2_PLACEMENT_3D('',#5696,#5697,#5698);
#5696 = CARTESIAN_POINT('',(-10.21198059348,-7.994480630702,21.6));
#5697 = DIRECTION('',(2.22044604925E-16,1.,0.));
#5698 = DIRECTION('',(0.,0.,1.));
#5699 = ADVANCED_FACE('',(#5700),#5734,.T.);
#5700 = FACE_BOUND('',#5701,.T.);
#5701 = EDGE_LOOP('',(#5702,#5712,#5720,#5728));
#5702 = ORIENTED_EDGE('',*,*,#5703,.F.);
#5703 = EDGE_CURVE('',#5704,#5706,#5708,.T.);
#5704 = VERTEX_POINT('',#5705);
#5705 = CARTESIAN_POINT('',(-10.21198059348,-4.692480630702,21.6));
#5706 = VERTEX_POINT('',#5707);
#5707 = CARTESIAN_POINT('',(-10.21198059348,-4.692480630702,22.6));
#5708 = LINE('',#5709,#5710);
#5709 = CARTESIAN_POINT('',(-10.21198059348,-4.692480630702,21.6));
#5710 = VECTOR('',#5711,1.);
#5711 = DIRECTION('',(0.,0.,1.));
#5712 = ORIENTED_EDGE('',*,*,#5713,.T.);
#5713 = EDGE_CURVE('',#5704,#5714,#5716,.T.);
#5714 = VERTEX_POINT('',#5715);
#5715 = CARTESIAN_POINT('',(-13.00598059348,-4.692480630702,21.6));
#5716 = LINE('',#5717,#5718);
#5717 = CARTESIAN_POINT('',(-10.21198059348,-4.692480630702,21.6));
#5718 = VECTOR('',#5719,1.);
#5719 = DIRECTION('',(-1.,2.22044604925E-16,0.));
#5720 = ORIENTED_EDGE('',*,*,#5721,.T.);
#5721 = EDGE_CURVE('',#5714,#5722,#5724,.T.);
#5722 = VERTEX_POINT('',#5723);
#5723 = CARTESIAN_POINT('',(-13.00598059348,-4.692480630702,22.6));
#5724 = LINE('',#5725,#5726);
#5725 = CARTESIAN_POINT('',(-13.00598059348,-4.692480630702,21.6));
#5726 = VECTOR('',#5727,1.);
#5727 = DIRECTION('',(0.,0.,1.));
#5728 = ORIENTED_EDGE('',*,*,#5729,.F.);
#5729 = EDGE_CURVE('',#5706,#5722,#5730,.T.);
#5730 = LINE('',#5731,#5732);
#5731 = CARTESIAN_POINT('',(-10.21198059348,-4.692480630702,22.6));
#5732 = VECTOR('',#5733,1.);
#5733 = DIRECTION('',(-1.,2.22044604925E-16,0.));
#5734 = PLANE('',#5735);
#5735 = AXIS2_PLACEMENT_3D('',#5736,#5737,#5738);
#5736 = CARTESIAN_POINT('',(-10.21198059348,-4.692480630702,21.6));
#5737 = DIRECTION('',(2.22044604925E-16,1.,0.));
#5738 = DIRECTION('',(0.,0.,1.));
#5739 = ADVANCED_FACE('',(#5740),#5756,.F.);
#5740 = FACE_BOUND('',#5741,.F.);
#5741 = EDGE_LOOP('',(#5742,#5748,#5749,#5755));
#5742 = ORIENTED_EDGE('',*,*,#5743,.F.);
#5743 = EDGE_CURVE('',#5664,#5704,#5744,.T.);
#5744 = LINE('',#5745,#5746);
#5745 = CARTESIAN_POINT('',(-10.21198059348,-7.994480630702,21.6));
#5746 = VECTOR('',#5747,1.);
#5747 = DIRECTION('',(2.22044604925E-16,1.,0.));
#5748 = ORIENTED_EDGE('',*,*,#5663,.T.);
#5749 = ORIENTED_EDGE('',*,*,#5750,.T.);
#5750 = EDGE_CURVE('',#5666,#5706,#5751,.T.);
#5751 = LINE('',#5752,#5753);
#5752 = CARTESIAN_POINT('',(-10.21198059348,-7.994480630702,22.6));
#5753 = VECTOR('',#5754,1.);
#5754 = DIRECTION('',(2.22044604925E-16,1.,0.));
#5755 = ORIENTED_EDGE('',*,*,#5703,.F.);
#5756 = PLANE('',#5757);
#5757 = AXIS2_PLACEMENT_3D('',#5758,#5759,#5760);
#5758 = CARTESIAN_POINT('',(-10.21198059348,-7.994480630702,21.6));
#5759 = DIRECTION('',(-1.,2.22044604925E-16,0.));
#5760 = DIRECTION('',(0.,0.,1.));
#5761 = ADVANCED_FACE('',(#5762),#5778,.T.);
#5762 = FACE_BOUND('',#5763,.T.);
#5763 = EDGE_LOOP('',(#5764,#5770,#5771,#5777));
#5764 = ORIENTED_EDGE('',*,*,#5765,.F.);
#5765 = EDGE_CURVE('',#5674,#5714,#5766,.T.);
#5766 = LINE('',#5767,#5768);
#5767 = CARTESIAN_POINT('',(-13.00598059348,-7.994480630702,21.6));
#5768 = VECTOR('',#5769,1.);
#5769 = DIRECTION('',(2.22044604925E-16,1.,0.));
#5770 = ORIENTED_EDGE('',*,*,#5681,.T.);
#5771 = ORIENTED_EDGE('',*,*,#5772,.T.);
#5772 = EDGE_CURVE('',#5682,#5722,#5773,.T.);
#5773 = LINE('',#5774,#5775);
#5774 = CARTESIAN_POINT('',(-13.00598059348,-7.994480630702,22.6));
#5775 = VECTOR('',#5776,1.);
#5776 = DIRECTION('',(2.22044604925E-16,1.,0.));
#5777 = ORIENTED_EDGE('',*,*,#5721,.F.);
#5778 = PLANE('',#5779);
#5779 = AXIS2_PLACEMENT_3D('',#5780,#5781,#5782);
#5780 = CARTESIAN_POINT('',(-13.00598059348,-7.994480630702,21.6));
#5781 = DIRECTION('',(-1.,2.22044604925E-16,0.));
#5782 = DIRECTION('',(0.,0.,1.));
#5783 = ADVANCED_FACE('',(#5784),#5790,.F.);
#5784 = FACE_BOUND('',#5785,.F.);
#5785 = EDGE_LOOP('',(#5786,#5787,#5788,#5789));
#5786 = ORIENTED_EDGE('',*,*,#5673,.F.);
#5787 = ORIENTED_EDGE('',*,*,#5743,.T.);
#5788 = ORIENTED_EDGE('',*,*,#5713,.T.);
#5789 = ORIENTED_EDGE('',*,*,#5765,.F.);
#5790 = PLANE('',#5791);
#5791 = AXIS2_PLACEMENT_3D('',#5792,#5793,#5794);
#5792 = CARTESIAN_POINT('',(-10.21198059348,-7.994480630702,21.6));
#5793 = DIRECTION('',(0.,0.,1.));
#5794 = DIRECTION('',(2.22044604925E-16,1.,0.));
#5795 = ADVANCED_FACE('',(#5796),#5802,.T.);
#5796 = FACE_BOUND('',#5797,.T.);
#5797 = EDGE_LOOP('',(#5798,#5799,#5800,#5801));
#5798 = ORIENTED_EDGE('',*,*,#5689,.F.);
#5799 = ORIENTED_EDGE('',*,*,#5750,.T.);
#5800 = ORIENTED_EDGE('',*,*,#5729,.T.);
#5801 = ORIENTED_EDGE('',*,*,#5772,.F.);
#5802 = PLANE('',#5803);
#5803 = AXIS2_PLACEMENT_3D('',#5804,#5805,#5806);
#5804 = CARTESIAN_POINT('',(-10.21198059348,-7.994480630702,22.6));
#5805 = DIRECTION('',(0.,0.,1.));
#5806 = DIRECTION('',(2.22044604925E-16,1.,0.));
#5807 = MANIFOLD_SOLID_BREP('',#5808);
#5808 = CLOSED_SHELL('',(#5809,#5849,#5889,#5911,#5933,#5945));
#5809 = ADVANCED_FACE('',(#5810),#5844,.F.);
#5810 = FACE_BOUND('',#5811,.F.);
#5811 = EDGE_LOOP('',(#5812,#5822,#5830,#5838));
#5812 = ORIENTED_EDGE('',*,*,#5813,.F.);
#5813 = EDGE_CURVE('',#5814,#5816,#5818,.T.);
#5814 = VERTEX_POINT('',#5815);
#5815 = CARTESIAN_POINT('',(9.683096285655,-0.392471635894,21.6));
#5816 = VERTEX_POINT('',#5817);
#5817 = CARTESIAN_POINT('',(9.683096285655,-0.392471635894,24.7));
#5818 = LINE('',#5819,#5820);
#5819 = CARTESIAN_POINT('',(9.683096285655,-0.392471635894,21.6));
#5820 = VECTOR('',#5821,1.);
#5821 = DIRECTION('',(0.,0.,1.));
#5822 = ORIENTED_EDGE('',*,*,#5823,.T.);
#5823 = EDGE_CURVE('',#5814,#5824,#5826,.T.);
#5824 = VERTEX_POINT('',#5825);
#5825 = CARTESIAN_POINT('',(9.683096285655,6.327528364106,21.6));
#5826 = LINE('',#5827,#5828);
#5827 = CARTESIAN_POINT('',(9.683096285655,-0.392471635894,21.6));
#5828 = VECTOR('',#5829,1.);
#5829 = DIRECTION('',(0.,1.,0.));
#5830 = ORIENTED_EDGE('',*,*,#5831,.T.);
#5831 = EDGE_CURVE('',#5824,#5832,#5834,.T.);
#5832 = VERTEX_POINT('',#5833);
#5833 = CARTESIAN_POINT('',(9.683096285655,6.327528364106,24.7));
#5834 = LINE('',#5835,#5836);
#5835 = CARTESIAN_POINT('',(9.683096285655,6.327528364106,21.6));
#5836 = VECTOR('',#5837,1.);
#5837 = DIRECTION('',(0.,0.,1.));
#5838 = ORIENTED_EDGE('',*,*,#5839,.F.);
#5839 = EDGE_CURVE('',#5816,#5832,#5840,.T.);
#5840 = LINE('',#5841,#5842);
#5841 = CARTESIAN_POINT('',(9.683096285655,-0.392471635894,24.7));
#5842 = VECTOR('',#5843,1.);
#5843 = DIRECTION('',(0.,1.,0.));
#5844 = PLANE('',#5845);
#5845 = AXIS2_PLACEMENT_3D('',#5846,#5847,#5848);
#5846 = CARTESIAN_POINT('',(9.683096285655,-0.392471635894,21.6));
#5847 = DIRECTION('',(1.,0.,0.));
#5848 = DIRECTION('',(0.,0.,1.));
#5849 = ADVANCED_FACE('',(#5850),#5884,.T.);
#5850 = FACE_BOUND('',#5851,.T.);
#5851 = EDGE_LOOP('',(#5852,#5862,#5870,#5878));
#5852 = ORIENTED_EDGE('',*,*,#5853,.F.);
#5853 = EDGE_CURVE('',#5854,#5856,#5858,.T.);
#5854 = VERTEX_POINT('',#5855);
#5855 = CARTESIAN_POINT('',(17.643096285655,-0.392471635894,21.6));
#5856 = VERTEX_POINT('',#5857);
#5857 = CARTESIAN_POINT('',(17.643096285655,-0.392471635894,24.7));
#5858 = LINE('',#5859,#5860);
#5859 = CARTESIAN_POINT('',(17.643096285655,-0.392471635894,21.6));
#5860 = VECTOR('',#5861,1.);
#5861 = DIRECTION('',(0.,0.,1.));
#5862 = ORIENTED_EDGE('',*,*,#5863,.T.);
#5863 = EDGE_CURVE('',#5854,#5864,#5866,.T.);
#5864 = VERTEX_POINT('',#5865);
#5865 = CARTESIAN_POINT('',(17.643096285655,6.327528364106,21.6));
#5866 = LINE('',#5867,#5868);
#5867 = CARTESIAN_POINT('',(17.643096285655,-0.392471635894,21.6));
#5868 = VECTOR('',#5869,1.);
#5869 = DIRECTION('',(0.,1.,0.));
#5870 = ORIENTED_EDGE('',*,*,#5871,.T.);
#5871 = EDGE_CURVE('',#5864,#5872,#5874,.T.);
#5872 = VERTEX_POINT('',#5873);
#5873 = CARTESIAN_POINT('',(17.643096285655,6.327528364106,24.7));
#5874 = LINE('',#5875,#5876);
#5875 = CARTESIAN_POINT('',(17.643096285655,6.327528364106,21.6));
#5876 = VECTOR('',#5877,1.);
#5877 = DIRECTION('',(0.,0.,1.));
#5878 = ORIENTED_EDGE('',*,*,#5879,.F.);
#5879 = EDGE_CURVE('',#5856,#5872,#5880,.T.);
#5880 = LINE('',#5881,#5882);
#5881 = CARTESIAN_POINT('',(17.643096285655,-0.392471635894,24.7));
#5882 = VECTOR('',#5883,1.);
#5883 = DIRECTION('',(0.,1.,0.));
#5884 = PLANE('',#5885);
#5885 = AXIS2_PLACEMENT_3D('',#5886,#5887,#5888);
#5886 = CARTESIAN_POINT('',(17.643096285655,-0.392471635894,21.6));
#5887 = DIRECTION('',(1.,0.,0.));
#5888 = DIRECTION('',(0.,0.,1.));
#5889 = ADVANCED_FACE('',(#5890),#5906,.F.);
#5890 = FACE_BOUND('',#5891,.F.);
#5891 = EDGE_LOOP('',(#5892,#5898,#5899,#5905));
#5892 = ORIENTED_EDGE('',*,*,#5893,.F.);
#5893 = EDGE_CURVE('',#5814,#5854,#5894,.T.);
#5894 = LINE('',#5895,#5896);
#5895 = CARTESIAN_POINT('',(9.683096285655,-0.392471635894,21.6));
#5896 = VECTOR('',#5897,1.);
#5897 = DIRECTION('',(1.,0.,0.));
#5898 = ORIENTED_EDGE('',*,*,#5813,.T.);
#5899 = ORIENTED_EDGE('',*,*,#5900,.T.);
#5900 = EDGE_CURVE('',#5816,#5856,#5901,.T.);
#5901 = LINE('',#5902,#5903);
#5902 = CARTESIAN_POINT('',(9.683096285655,-0.392471635894,24.7));
#5903 = VECTOR('',#5904,1.);
#5904 = DIRECTION('',(1.,0.,0.));
#5905 = ORIENTED_EDGE('',*,*,#5853,.F.);
#5906 = PLANE('',#5907);
#5907 = AXIS2_PLACEMENT_3D('',#5908,#5909,#5910);
#5908 = CARTESIAN_POINT('',(9.683096285655,-0.392471635894,21.6));
#5909 = DIRECTION('',(0.,1.,0.));
#5910 = DIRECTION('',(0.,0.,1.));
#5911 = ADVANCED_FACE('',(#5912),#5928,.T.);
#5912 = FACE_BOUND('',#5913,.T.);
#5913 = EDGE_LOOP('',(#5914,#5920,#5921,#5927));
#5914 = ORIENTED_EDGE('',*,*,#5915,.F.);
#5915 = EDGE_CURVE('',#5824,#5864,#5916,.T.);
#5916 = LINE('',#5917,#5918);
#5917 = CARTESIAN_POINT('',(9.683096285655,6.327528364106,21.6));
#5918 = VECTOR('',#5919,1.);
#5919 = DIRECTION('',(1.,0.,0.));
#5920 = ORIENTED_EDGE('',*,*,#5831,.T.);
#5921 = ORIENTED_EDGE('',*,*,#5922,.T.);
#5922 = EDGE_CURVE('',#5832,#5872,#5923,.T.);
#5923 = LINE('',#5924,#5925);
#5924 = CARTESIAN_POINT('',(9.683096285655,6.327528364106,24.7));
#5925 = VECTOR('',#5926,1.);
#5926 = DIRECTION('',(1.,0.,0.));
#5927 = ORIENTED_EDGE('',*,*,#5871,.F.);
#5928 = PLANE('',#5929);
#5929 = AXIS2_PLACEMENT_3D('',#5930,#5931,#5932);
#5930 = CARTESIAN_POINT('',(9.683096285655,6.327528364106,21.6));
#5931 = DIRECTION('',(0.,1.,0.));
#5932 = DIRECTION('',(0.,0.,1.));
#5933 = ADVANCED_FACE('',(#5934),#5940,.F.);
#5934 = FACE_BOUND('',#5935,.F.);
#5935 = EDGE_LOOP('',(#5936,#5937,#5938,#5939));
#5936 = ORIENTED_EDGE('',*,*,#5823,.F.);
#5937 = ORIENTED_EDGE('',*,*,#5893,.T.);
#5938 = ORIENTED_EDGE('',*,*,#5863,.T.);
#5939 = ORIENTED_EDGE('',*,*,#5915,.F.);
#5940 = PLANE('',#5941);
#5941 = AXIS2_PLACEMENT_3D('',#5942,#5943,#5944);
#5942 = CARTESIAN_POINT('',(9.683096285655,-0.392471635894,21.6));
#5943 = DIRECTION('',(0.,0.,1.));
#5944 = DIRECTION('',(1.,0.,0.));
#5945 = ADVANCED_FACE('',(#5946),#5952,.T.);
#5946 = FACE_BOUND('',#5947,.T.);
#5947 = EDGE_LOOP('',(#5948,#5949,#5950,#5951));
#5948 = ORIENTED_EDGE('',*,*,#5839,.F.);
#5949 = ORIENTED_EDGE('',*,*,#5900,.T.);
#5950 = ORIENTED_EDGE('',*,*,#5879,.T.);
#5951 = ORIENTED_EDGE('',*,*,#5922,.F.);
#5952 = PLANE('',#5953);
#5953 = AXIS2_PLACEMENT_3D('',#5954,#5955,#5956);
#5954 = CARTESIAN_POINT('',(9.683096285655,-0.392471635894,24.7));
#5955 = DIRECTION('',(0.,0.,1.));
#5956 = DIRECTION('',(1.,0.,0.));
#5957 = MANIFOLD_SOLID_BREP('',#5958);
#5958 = CLOSED_SHELL('',(#5959,#5999,#6039,#6061,#6083,#6095));
#5959 = ADVANCED_FACE('',(#5960),#5994,.F.);
#5960 = FACE_BOUND('',#5961,.F.);
#5961 = EDGE_LOOP('',(#5962,#5972,#5980,#5988));
#5962 = ORIENTED_EDGE('',*,*,#5963,.F.);
#5963 = EDGE_CURVE('',#5964,#5966,#5968,.T.);
#5964 = VERTEX_POINT('',#5965);
#5965 = CARTESIAN_POINT('',(14.984126585479,7.35993022093,21.6));
#5966 = VERTEX_POINT('',#5967);
#5967 = CARTESIAN_POINT('',(14.984126585479,7.35993022093,24.7));
#5968 = LINE('',#5969,#5970);
#5969 = CARTESIAN_POINT('',(14.984126585479,7.35993022093,21.6));
#5970 = VECTOR('',#5971,1.);
#5971 = DIRECTION('',(0.,0.,1.));
#5972 = ORIENTED_EDGE('',*,*,#5973,.T.);
#5973 = EDGE_CURVE('',#5964,#5974,#5976,.T.);
#5974 = VERTEX_POINT('',#5975);
#5975 = CARTESIAN_POINT('',(8.734126585479,7.35993022093,21.6));
#5976 = LINE('',#5977,#5978);
#5977 = CARTESIAN_POINT('',(14.984126585479,7.35993022093,21.6));
#5978 = VECTOR('',#5979,1.);
#5979 = DIRECTION('',(-1.,2.22044604925E-16,0.));
#5980 = ORIENTED_EDGE('',*,*,#5981,.T.);
#5981 = EDGE_CURVE('',#5974,#5982,#5984,.T.);
#5982 = VERTEX_POINT('',#5983);
#5983 = CARTESIAN_POINT('',(8.734126585479,7.35993022093,24.7));
#5984 = LINE('',#5985,#5986);
#5985 = CARTESIAN_POINT('',(8.734126585479,7.35993022093,21.6));
#5986 = VECTOR('',#5987,1.);
#5987 = DIRECTION('',(0.,0.,1.));
#5988 = ORIENTED_EDGE('',*,*,#5989,.F.);
#5989 = EDGE_CURVE('',#5966,#5982,#5990,.T.);
#5990 = LINE('',#5991,#5992);
#5991 = CARTESIAN_POINT('',(14.984126585479,7.35993022093,24.7));
#5992 = VECTOR('',#5993,1.);
#5993 = DIRECTION('',(-1.,2.22044604925E-16,0.));
#5994 = PLANE('',#5995);
#5995 = AXIS2_PLACEMENT_3D('',#5996,#5997,#5998);
#5996 = CARTESIAN_POINT('',(14.984126585479,7.35993022093,21.6));
#5997 = DIRECTION('',(2.22044604925E-16,1.,0.));
#5998 = DIRECTION('',(0.,0.,1.));
#5999 = ADVANCED_FACE('',(#6000),#6034,.T.);
#6000 = FACE_BOUND('',#6001,.T.);
#6001 = EDGE_LOOP('',(#6002,#6012,#6020,#6028));
#6002 = ORIENTED_EDGE('',*,*,#6003,.F.);
#6003 = EDGE_CURVE('',#6004,#6006,#6008,.T.);
#6004 = VERTEX_POINT('',#6005);
#6005 = CARTESIAN_POINT('',(14.984126585479,12.15993022093,21.6));
#6006 = VERTEX_POINT('',#6007);
#6007 = CARTESIAN_POINT('',(14.984126585479,12.15993022093,24.7));
#6008 = LINE('',#6009,#6010);
#6009 = CARTESIAN_POINT('',(14.984126585479,12.15993022093,21.6));
#6010 = VECTOR('',#6011,1.);
#6011 = DIRECTION('',(0.,0.,1.));
#6012 = ORIENTED_EDGE('',*,*,#6013,.T.);
#6013 = EDGE_CURVE('',#6004,#6014,#6016,.T.);
#6014 = VERTEX_POINT('',#6015);
#6015 = CARTESIAN_POINT('',(8.734126585479,12.15993022093,21.6));
#6016 = LINE('',#6017,#6018);
#6017 = CARTESIAN_POINT('',(14.984126585479,12.15993022093,21.6));
#6018 = VECTOR('',#6019,1.);
#6019 = DIRECTION('',(-1.,2.22044604925E-16,0.));
#6020 = ORIENTED_EDGE('',*,*,#6021,.T.);
#6021 = EDGE_CURVE('',#6014,#6022,#6024,.T.);
#6022 = VERTEX_POINT('',#6023);
#6023 = CARTESIAN_POINT('',(8.734126585479,12.15993022093,24.7));
#6024 = LINE('',#6025,#6026);
#6025 = CARTESIAN_POINT('',(8.734126585479,12.15993022093,21.6));
#6026 = VECTOR('',#6027,1.);
#6027 = DIRECTION('',(0.,0.,1.));
#6028 = ORIENTED_EDGE('',*,*,#6029,.F.);
#6029 = EDGE_CURVE('',#6006,#6022,#6030,.T.);
#6030 = LINE('',#6031,#6032);
#6031 = CARTESIAN_POINT('',(14.984126585479,12.15993022093,24.7));
#6032 = VECTOR('',#6033,1.);
#6033 = DIRECTION('',(-1.,2.22044604925E-16,0.));
#6034 = PLANE('',#6035);
#6035 = AXIS2_PLACEMENT_3D('',#6036,#6037,#6038);
#6036 = CARTESIAN_POINT('',(14.984126585479,12.15993022093,21.6));
#6037 = DIRECTION('',(2.22044604925E-16,1.,0.));
#6038 = DIRECTION('',(0.,0.,1.));
#6039 = ADVANCED_FACE('',(#6040),#6056,.F.);
#6040 = FACE_BOUND('',#6041,.F.);
#6041 = EDGE_LOOP('',(#6042,#6048,#6049,#6055));
#6042 = ORIENTED_EDGE('',*,*,#6043,.F.);
#6043 = EDGE_CURVE('',#5964,#6004,#6044,.T.);
#6044 = LINE('',#6045,#6046);
#6045 = CARTESIAN_POINT('',(14.984126585479,7.35993022093,21.6));
#6046 = VECTOR('',#6047,1.);
#6047 = DIRECTION('',(2.22044604925E-16,1.,0.));
#6048 = ORIENTED_EDGE('',*,*,#5963,.T.);
#6049 = ORIENTED_EDGE('',*,*,#6050,.T.);
#6050 = EDGE_CURVE('',#5966,#6006,#6051,.T.);
#6051 = LINE('',#6052,#6053);
#6052 = CARTESIAN_POINT('',(14.984126585479,7.35993022093,24.7));
#6053 = VECTOR('',#6054,1.);
#6054 = DIRECTION('',(2.22044604925E-16,1.,0.));
#6055 = ORIENTED_EDGE('',*,*,#6003,.F.);
#6056 = PLANE('',#6057);
#6057 = AXIS2_PLACEMENT_3D('',#6058,#6059,#6060);
#6058 = CARTESIAN_POINT('',(14.984126585479,7.35993022093,21.6));
#6059 = DIRECTION('',(-1.,2.22044604925E-16,0.));
#6060 = DIRECTION('',(0.,0.,1.));
#6061 = ADVANCED_FACE('',(#6062),#6078,.T.);
#6062 = FACE_BOUND('',#6063,.T.);
#6063 = EDGE_LOOP('',(#6064,#6070,#6071,#6077));
#6064 = ORIENTED_EDGE('',*,*,#6065,.F.);
#6065 = EDGE_CURVE('',#5974,#6014,#6066,.T.);
#6066 = LINE('',#6067,#6068);
#6067 = CARTESIAN_POINT('',(8.734126585479,7.35993022093,21.6));
#6068 = VECTOR('',#6069,1.);
#6069 = DIRECTION('',(2.22044604925E-16,1.,0.));
#6070 = ORIENTED_EDGE('',*,*,#5981,.T.);
#6071 = ORIENTED_EDGE('',*,*,#6072,.T.);
#6072 = EDGE_CURVE('',#5982,#6022,#6073,.T.);
#6073 = LINE('',#6074,#6075);
#6074 = CARTESIAN_POINT('',(8.734126585479,7.35993022093,24.7));
#6075 = VECTOR('',#6076,1.);
#6076 = DIRECTION('',(2.22044604925E-16,1.,0.));
#6077 = ORIENTED_EDGE('',*,*,#6021,.F.);
#6078 = PLANE('',#6079);
#6079 = AXIS2_PLACEMENT_3D('',#6080,#6081,#6082);
#6080 = CARTESIAN_POINT('',(8.734126585479,7.35993022093,21.6));
#6081 = DIRECTION('',(-1.,2.22044604925E-16,0.));
#6082 = DIRECTION('',(0.,0.,1.));
#6083 = ADVANCED_FACE('',(#6084),#6090,.F.);
#6084 = FACE_BOUND('',#6085,.F.);
#6085 = EDGE_LOOP('',(#6086,#6087,#6088,#6089));
#6086 = ORIENTED_EDGE('',*,*,#5973,.F.);
#6087 = ORIENTED_EDGE('',*,*,#6043,.T.);
#6088 = ORIENTED_EDGE('',*,*,#6013,.T.);
#6089 = ORIENTED_EDGE('',*,*,#6065,.F.);
#6090 = PLANE('',#6091);
#6091 = AXIS2_PLACEMENT_3D('',#6092,#6093,#6094);
#6092 = CARTESIAN_POINT('',(14.984126585479,7.35993022093,21.6));
#6093 = DIRECTION('',(0.,0.,1.));
#6094 = DIRECTION('',(2.22044604925E-16,1.,0.));
#6095 = ADVANCED_FACE('',(#6096),#6102,.T.);
#6096 = FACE_BOUND('',#6097,.T.);
#6097 = EDGE_LOOP('',(#6098,#6099,#6100,#6101));
#6098 = ORIENTED_EDGE('',*,*,#5989,.F.);
#6099 = ORIENTED_EDGE('',*,*,#6050,.T.);
#6100 = ORIENTED_EDGE('',*,*,#6029,.T.);
#6101 = ORIENTED_EDGE('',*,*,#6072,.F.);
#6102 = PLANE('',#6103);
#6103 = AXIS2_PLACEMENT_3D('',#6104,#6105,#6106);
#6104 = CARTESIAN_POINT('',(14.984126585479,7.35993022093,24.7));
#6105 = DIRECTION('',(0.,0.,1.));
#6106 = DIRECTION('',(2.22044604925E-16,1.,0.));
#6107 = MANIFOLD_SOLID_BREP('',#6108);
#6108 = CLOSED_SHELL('',(#6109,#6149,#6189,#6211,#6233,#6245));
#6109 = ADVANCED_FACE('',(#6110),#6144,.F.);
#6110 = FACE_BOUND('',#6111,.F.);
#6111 = EDGE_LOOP('',(#6112,#6122,#6130,#6138));
#6112 = ORIENTED_EDGE('',*,*,#6113,.F.);
#6113 = EDGE_CURVE('',#6114,#6116,#6118,.T.);
#6114 = VERTEX_POINT('',#6115);
#6115 = CARTESIAN_POINT('',(-12.99610289114,-14.06425278704,21.6));
#6116 = VERTEX_POINT('',#6117);
#6117 = CARTESIAN_POINT('',(-12.99610289114,-14.06425278704,22.6));
#6118 = LINE('',#6119,#6120);
#6119 = CARTESIAN_POINT('',(-12.99610289114,-14.06425278704,21.6));
#6120 = VECTOR('',#6121,1.);
#6121 = DIRECTION('',(0.,0.,1.));
#6122 = ORIENTED_EDGE('',*,*,#6123,.T.);
#6123 = EDGE_CURVE('',#6114,#6124,#6126,.T.);
#6124 = VERTEX_POINT('',#6125);
#6125 = CARTESIAN_POINT('',(-10.69610289114,-14.06425278704,21.6));
#6126 = LINE('',#6127,#6128);
#6127 = CARTESIAN_POINT('',(-12.99610289114,-14.06425278704,21.6));
#6128 = VECTOR('',#6129,1.);
#6129 = DIRECTION('',(1.,1.110223024625E-16,0.));
#6130 = ORIENTED_EDGE('',*,*,#6131,.T.);
#6131 = EDGE_CURVE('',#6124,#6132,#6134,.T.);
#6132 = VERTEX_POINT('',#6133);
#6133 = CARTESIAN_POINT('',(-10.69610289114,-14.06425278704,22.6));
#6134 = LINE('',#6135,#6136);
#6135 = CARTESIAN_POINT('',(-10.69610289114,-14.06425278704,21.6));
#6136 = VECTOR('',#6137,1.);
#6137 = DIRECTION('',(0.,0.,1.));
#6138 = ORIENTED_EDGE('',*,*,#6139,.F.);
#6139 = EDGE_CURVE('',#6116,#6132,#6140,.T.);
#6140 = LINE('',#6141,#6142);
#6141 = CARTESIAN_POINT('',(-12.99610289114,-14.06425278704,22.6));
#6142 = VECTOR('',#6143,1.);
#6143 = DIRECTION('',(1.,1.110223024625E-16,0.));
#6144 = PLANE('',#6145);
#6145 = AXIS2_PLACEMENT_3D('',#6146,#6147,#6148);
#6146 = CARTESIAN_POINT('',(-12.99610289114,-14.06425278704,21.6));
#6147 = DIRECTION('',(1.110223024625E-16,-1.,0.));
#6148 = DIRECTION('',(0.,0.,1.));
#6149 = ADVANCED_FACE('',(#6150),#6184,.T.);
#6150 = FACE_BOUND('',#6151,.T.);
#6151 = EDGE_LOOP('',(#6152,#6162,#6170,#6178));
#6152 = ORIENTED_EDGE('',*,*,#6153,.F.);
#6153 = EDGE_CURVE('',#6154,#6156,#6158,.T.);
#6154 = VERTEX_POINT('',#6155);
#6155 = CARTESIAN_POINT('',(-12.99610289114,-14.96425278704,21.6));
#6156 = VERTEX_POINT('',#6157);
#6157 = CARTESIAN_POINT('',(-12.99610289114,-14.96425278704,22.6));
#6158 = LINE('',#6159,#6160);
#6159 = CARTESIAN_POINT('',(-12.99610289114,-14.96425278704,21.6));
#6160 = VECTOR('',#6161,1.);
#6161 = DIRECTION('',(0.,0.,1.));
#6162 = ORIENTED_EDGE('',*,*,#6163,.T.);
#6163 = EDGE_CURVE('',#6154,#6164,#6166,.T.);
#6164 = VERTEX_POINT('',#6165);
#6165 = CARTESIAN_POINT('',(-10.69610289114,-14.96425278704,21.6));
#6166 = LINE('',#6167,#6168);
#6167 = CARTESIAN_POINT('',(-12.99610289114,-14.96425278704,21.6));
#6168 = VECTOR('',#6169,1.);
#6169 = DIRECTION('',(1.,1.110223024625E-16,0.));
#6170 = ORIENTED_EDGE('',*,*,#6171,.T.);
#6171 = EDGE_CURVE('',#6164,#6172,#6174,.T.);
#6172 = VERTEX_POINT('',#6173);
#6173 = CARTESIAN_POINT('',(-10.69610289114,-14.96425278704,22.6));
#6174 = LINE('',#6175,#6176);
#6175 = CARTESIAN_POINT('',(-10.69610289114,-14.96425278704,21.6));
#6176 = VECTOR('',#6177,1.);
#6177 = DIRECTION('',(0.,0.,1.));
#6178 = ORIENTED_EDGE('',*,*,#6179,.F.);
#6179 = EDGE_CURVE('',#6156,#6172,#6180,.T.);
#6180 = LINE('',#6181,#6182);
#6181 = CARTESIAN_POINT('',(-12.99610289114,-14.96425278704,22.6));
#6182 = VECTOR('',#6183,1.);
#6183 = DIRECTION('',(1.,1.110223024625E-16,0.));
#6184 = PLANE('',#6185);
#6185 = AXIS2_PLACEMENT_3D('',#6186,#6187,#6188);
#6186 = CARTESIAN_POINT('',(-12.99610289114,-14.96425278704,21.6));
#6187 = DIRECTION('',(1.110223024625E-16,-1.,0.));
#6188 = DIRECTION('',(0.,0.,1.));
#6189 = ADVANCED_FACE('',(#6190),#6206,.F.);
#6190 = FACE_BOUND('',#6191,.F.);
#6191 = EDGE_LOOP('',(#6192,#6198,#6199,#6205));
#6192 = ORIENTED_EDGE('',*,*,#6193,.F.);
#6193 = EDGE_CURVE('',#6114,#6154,#6194,.T.);
#6194 = LINE('',#6195,#6196);
#6195 = CARTESIAN_POINT('',(-12.99610289114,-14.06425278704,21.6));
#6196 = VECTOR('',#6197,1.);
#6197 = DIRECTION('',(1.110223024625E-16,-1.,0.));
#6198 = ORIENTED_EDGE('',*,*,#6113,.T.);
#6199 = ORIENTED_EDGE('',*,*,#6200,.T.);
#6200 = EDGE_CURVE('',#6116,#6156,#6201,.T.);
#6201 = LINE('',#6202,#6203);
#6202 = CARTESIAN_POINT('',(-12.99610289114,-14.06425278704,22.6));
#6203 = VECTOR('',#6204,1.);
#6204 = DIRECTION('',(1.110223024625E-16,-1.,0.));
#6205 = ORIENTED_EDGE('',*,*,#6153,.F.);
#6206 = PLANE('',#6207);
#6207 = AXIS2_PLACEMENT_3D('',#6208,#6209,#6210);
#6208 = CARTESIAN_POINT('',(-12.99610289114,-14.06425278704,21.6));
#6209 = DIRECTION('',(1.,1.110223024625E-16,0.));
#6210 = DIRECTION('',(0.,0.,1.));
#6211 = ADVANCED_FACE('',(#6212),#6228,.T.);
#6212 = FACE_BOUND('',#6213,.T.);
#6213 = EDGE_LOOP('',(#6214,#6220,#6221,#6227));
#6214 = ORIENTED_EDGE('',*,*,#6215,.F.);
#6215 = EDGE_CURVE('',#6124,#6164,#6216,.T.);
#6216 = LINE('',#6217,#6218);
#6217 = CARTESIAN_POINT('',(-10.69610289114,-14.06425278704,21.6));
#6218 = VECTOR('',#6219,1.);
#6219 = DIRECTION('',(1.110223024625E-16,-1.,0.));
#6220 = ORIENTED_EDGE('',*,*,#6131,.T.);
#6221 = ORIENTED_EDGE('',*,*,#6222,.T.);
#6222 = EDGE_CURVE('',#6132,#6172,#6223,.T.);
#6223 = LINE('',#6224,#6225);
#6224 = CARTESIAN_POINT('',(-10.69610289114,-14.06425278704,22.6));
#6225 = VECTOR('',#6226,1.);
#6226 = DIRECTION('',(1.110223024625E-16,-1.,0.));
#6227 = ORIENTED_EDGE('',*,*,#6171,.F.);
#6228 = PLANE('',#6229);
#6229 = AXIS2_PLACEMENT_3D('',#6230,#6231,#6232);
#6230 = CARTESIAN_POINT('',(-10.69610289114,-14.06425278704,21.6));
#6231 = DIRECTION('',(1.,1.110223024625E-16,0.));
#6232 = DIRECTION('',(0.,0.,1.));
#6233 = ADVANCED_FACE('',(#6234),#6240,.F.);
#6234 = FACE_BOUND('',#6235,.F.);
#6235 = EDGE_LOOP('',(#6236,#6237,#6238,#6239));
#6236 = ORIENTED_EDGE('',*,*,#6123,.F.);
#6237 = ORIENTED_EDGE('',*,*,#6193,.T.);
#6238 = ORIENTED_EDGE('',*,*,#6163,.T.);
#6239 = ORIENTED_EDGE('',*,*,#6215,.F.);
#6240 = PLANE('',#6241);
#6241 = AXIS2_PLACEMENT_3D('',#6242,#6243,#6244);
#6242 = CARTESIAN_POINT('',(-12.99610289114,-14.06425278704,21.6));
#6243 = DIRECTION('',(0.,0.,1.));
#6244 = DIRECTION('',(1.110223024625E-16,-1.,0.));
#6245 = ADVANCED_FACE('',(#6246),#6252,.T.);
#6246 = FACE_BOUND('',#6247,.T.);
#6247 = EDGE_LOOP('',(#6248,#6249,#6250,#6251));
#6248 = ORIENTED_EDGE('',*,*,#6139,.F.);
#6249 = ORIENTED_EDGE('',*,*,#6200,.T.);
#6250 = ORIENTED_EDGE('',*,*,#6179,.T.);
#6251 = ORIENTED_EDGE('',*,*,#6222,.F.);
#6252 = PLANE('',#6253);
#6253 = AXIS2_PLACEMENT_3D('',#6254,#6255,#6256);
#6254 = CARTESIAN_POINT('',(-12.99610289114,-14.06425278704,22.6));
#6255 = DIRECTION('',(0.,0.,1.));
#6256 = DIRECTION('',(1.110223024625E-16,-1.,0.));
#6257 = MANIFOLD_SOLID_BREP('',#6258);
#6258 = CLOSED_SHELL('',(#6259,#6299,#6339,#6361,#6383,#6395));
#6259 = ADVANCED_FACE('',(#6260),#6294,.F.);
#6260 = FACE_BOUND('',#6261,.F.);
#6261 = EDGE_LOOP('',(#6262,#6272,#6280,#6288));
#6262 = ORIENTED_EDGE('',*,*,#6263,.F.);
#6263 = EDGE_CURVE('',#6264,#6266,#6268,.T.);
#6264 = VERTEX_POINT('',#6265);
#6265 = CARTESIAN_POINT('',(-7.835615277018,5.788337695811,21.6));
#6266 = VERTEX_POINT('',#6267);
#6267 = CARTESIAN_POINT('',(-7.835615277018,5.788337695811,26.6));
#6268 = LINE('',#6269,#6270);
#6269 = CARTESIAN_POINT('',(-7.835615277018,5.788337695811,21.6));
#6270 = VECTOR('',#6271,1.);
#6271 = DIRECTION('',(0.,0.,1.));
#6272 = ORIENTED_EDGE('',*,*,#6273,.T.);
#6273 = EDGE_CURVE('',#6264,#6274,#6276,.T.);
#6274 = VERTEX_POINT('',#6275);
#6275 = CARTESIAN_POINT('',(-13.33561527701,5.788337695811,21.6));
#6276 = LINE('',#6277,#6278);
#6277 = CARTESIAN_POINT('',(-7.835615277018,5.788337695811,21.6));
#6278 = VECTOR('',#6279,1.);
#6279 = DIRECTION('',(-1.,2.22044604925E-16,0.));
#6280 = ORIENTED_EDGE('',*,*,#6281,.T.);
#6281 = EDGE_CURVE('',#6274,#6282,#6284,.T.);
#6282 = VERTEX_POINT('',#6283);
#6283 = CARTESIAN_POINT('',(-13.33561527701,5.788337695811,26.6));
#6284 = LINE('',#6285,#6286);
#6285 = CARTESIAN_POINT('',(-13.33561527701,5.788337695811,21.6));
#6286 = VECTOR('',#6287,1.);
#6287 = DIRECTION('',(0.,0.,1.));
#6288 = ORIENTED_EDGE('',*,*,#6289,.F.);
#6289 = EDGE_CURVE('',#6266,#6282,#6290,.T.);
#6290 = LINE('',#6291,#6292);
#6291 = CARTESIAN_POINT('',(-7.835615277018,5.788337695811,26.6));
#6292 = VECTOR('',#6293,1.);
#6293 = DIRECTION('',(-1.,2.22044604925E-16,0.));
#6294 = PLANE('',#6295);
#6295 = AXIS2_PLACEMENT_3D('',#6296,#6297,#6298);
#6296 = CARTESIAN_POINT('',(-7.835615277018,5.788337695811,21.6));
#6297 = DIRECTION('',(2.22044604925E-16,1.,0.));
#6298 = DIRECTION('',(0.,0.,1.));
#6299 = ADVANCED_FACE('',(#6300),#6334,.T.);
#6300 = FACE_BOUND('',#6301,.T.);
#6301 = EDGE_LOOP('',(#6302,#6312,#6320,#6328));
#6302 = ORIENTED_EDGE('',*,*,#6303,.F.);
#6303 = EDGE_CURVE('',#6304,#6306,#6308,.T.);
#6304 = VERTEX_POINT('',#6305);
#6305 = CARTESIAN_POINT('',(-7.835615277018,11.488337695811,21.6));
#6306 = VERTEX_POINT('',#6307);
#6307 = CARTESIAN_POINT('',(-7.835615277018,11.488337695811,26.6));
#6308 = LINE('',#6309,#6310);
#6309 = CARTESIAN_POINT('',(-7.835615277018,11.488337695811,21.6));
#6310 = VECTOR('',#6311,1.);
#6311 = DIRECTION('',(0.,0.,1.));
#6312 = ORIENTED_EDGE('',*,*,#6313,.T.);
#6313 = EDGE_CURVE('',#6304,#6314,#6316,.T.);
#6314 = VERTEX_POINT('',#6315);
#6315 = CARTESIAN_POINT('',(-13.33561527701,11.488337695811,21.6));
#6316 = LINE('',#6317,#6318);
#6317 = CARTESIAN_POINT('',(-7.835615277018,11.488337695811,21.6));
#6318 = VECTOR('',#6319,1.);
#6319 = DIRECTION('',(-1.,2.22044604925E-16,0.));
#6320 = ORIENTED_EDGE('',*,*,#6321,.T.);
#6321 = EDGE_CURVE('',#6314,#6322,#6324,.T.);
#6322 = VERTEX_POINT('',#6323);
#6323 = CARTESIAN_POINT('',(-13.33561527701,11.488337695811,26.6));
#6324 = LINE('',#6325,#6326);
#6325 = CARTESIAN_POINT('',(-13.33561527701,11.488337695811,21.6));
#6326 = VECTOR('',#6327,1.);
#6327 = DIRECTION('',(0.,0.,1.));
#6328 = ORIENTED_EDGE('',*,*,#6329,.F.);
#6329 = EDGE_CURVE('',#6306,#6322,#6330,.T.);
#6330 = LINE('',#6331,#6332);
#6331 = CARTESIAN_POINT('',(-7.835615277018,11.488337695811,26.6));
#6332 = VECTOR('',#6333,1.);
#6333 = DIRECTION('',(-1.,2.22044604925E-16,0.));
#6334 = PLANE('',#6335);
#6335 = AXIS2_PLACEMENT_3D('',#6336,#6337,#6338);
#6336 = CARTESIAN_POINT('',(-7.835615277018,11.488337695811,21.6));
#6337 = DIRECTION('',(2.22044604925E-16,1.,0.));
#6338 = DIRECTION('',(0.,0.,1.));
#6339 = ADVANCED_FACE('',(#6340),#6356,.F.);
#6340 = FACE_BOUND('',#6341,.F.);
#6341 = EDGE_LOOP('',(#6342,#6348,#6349,#6355));
#6342 = ORIENTED_EDGE('',*,*,#6343,.F.);
#6343 = EDGE_CURVE('',#6264,#6304,#6344,.T.);
#6344 = LINE('',#6345,#6346);
#6345 = CARTESIAN_POINT('',(-7.835615277018,5.788337695811,21.6));
#6346 = VECTOR('',#6347,1.);
#6347 = DIRECTION('',(2.22044604925E-16,1.,0.));
#6348 = ORIENTED_EDGE('',*,*,#6263,.T.);
#6349 = ORIENTED_EDGE('',*,*,#6350,.T.);
#6350 = EDGE_CURVE('',#6266,#6306,#6351,.T.);
#6351 = LINE('',#6352,#6353);
#6352 = CARTESIAN_POINT('',(-7.835615277018,5.788337695811,26.6));
#6353 = VECTOR('',#6354,1.);
#6354 = DIRECTION('',(2.22044604925E-16,1.,0.));
#6355 = ORIENTED_EDGE('',*,*,#6303,.F.);
#6356 = PLANE('',#6357);
#6357 = AXIS2_PLACEMENT_3D('',#6358,#6359,#6360);
#6358 = CARTESIAN_POINT('',(-7.835615277018,5.788337695811,21.6));
#6359 = DIRECTION('',(-1.,2.22044604925E-16,0.));
#6360 = DIRECTION('',(0.,0.,1.));
#6361 = ADVANCED_FACE('',(#6362),#6378,.T.);
#6362 = FACE_BOUND('',#6363,.T.);
#6363 = EDGE_LOOP('',(#6364,#6370,#6371,#6377));
#6364 = ORIENTED_EDGE('',*,*,#6365,.F.);
#6365 = EDGE_CURVE('',#6274,#6314,#6366,.T.);
#6366 = LINE('',#6367,#6368);
#6367 = CARTESIAN_POINT('',(-13.33561527701,5.788337695811,21.6));
#6368 = VECTOR('',#6369,1.);
#6369 = DIRECTION('',(2.22044604925E-16,1.,0.));
#6370 = ORIENTED_EDGE('',*,*,#6281,.T.);
#6371 = ORIENTED_EDGE('',*,*,#6372,.T.);
#6372 = EDGE_CURVE('',#6282,#6322,#6373,.T.);
#6373 = LINE('',#6374,#6375);
#6374 = CARTESIAN_POINT('',(-13.33561527701,5.788337695811,26.6));
#6375 = VECTOR('',#6376,1.);
#6376 = DIRECTION('',(2.22044604925E-16,1.,0.));
#6377 = ORIENTED_EDGE('',*,*,#6321,.F.);
#6378 = PLANE('',#6379);
#6379 = AXIS2_PLACEMENT_3D('',#6380,#6381,#6382);
#6380 = CARTESIAN_POINT('',(-13.33561527701,5.788337695811,21.6));
#6381 = DIRECTION('',(-1.,2.22044604925E-16,0.));
#6382 = DIRECTION('',(0.,0.,1.));
#6383 = ADVANCED_FACE('',(#6384),#6390,.F.);
#6384 = FACE_BOUND('',#6385,.F.);
#6385 = EDGE_LOOP('',(#6386,#6387,#6388,#6389));
#6386 = ORIENTED_EDGE('',*,*,#6273,.F.);
#6387 = ORIENTED_EDGE('',*,*,#6343,.T.);
#6388 = ORIENTED_EDGE('',*,*,#6313,.T.);
#6389 = ORIENTED_EDGE('',*,*,#6365,.F.);
#6390 = PLANE('',#6391);
#6391 = AXIS2_PLACEMENT_3D('',#6392,#6393,#6394);
#6392 = CARTESIAN_POINT('',(-7.835615277018,5.788337695811,21.6));
#6393 = DIRECTION('',(0.,0.,1.));
#6394 = DIRECTION('',(2.22044604925E-16,1.,0.));
#6395 = ADVANCED_FACE('',(#6396),#6402,.T.);
#6396 = FACE_BOUND('',#6397,.T.);
#6397 = EDGE_LOOP('',(#6398,#6399,#6400,#6401));
#6398 = ORIENTED_EDGE('',*,*,#6289,.F.);
#6399 = ORIENTED_EDGE('',*,*,#6350,.T.);
#6400 = ORIENTED_EDGE('',*,*,#6329,.T.);
#6401 = ORIENTED_EDGE('',*,*,#6372,.F.);
#6402 = PLANE('',#6403);
#6403 = AXIS2_PLACEMENT_3D('',#6404,#6405,#6406);
#6404 = CARTESIAN_POINT('',(-7.835615277018,5.788337695811,26.6));
#6405 = DIRECTION('',(0.,0.,1.));
#6406 = DIRECTION('',(2.22044604925E-16,1.,0.));
#6407 = MANIFOLD_SOLID_BREP('',#6408);
#6408 = CLOSED_SHELL('',(#6409,#6449,#6489,#6511,#6533,#6545));
#6409 = ADVANCED_FACE('',(#6410),#6444,.F.);
#6410 = FACE_BOUND('',#6411,.F.);
#6411 = EDGE_LOOP('',(#6412,#6422,#6430,#6438));
#6412 = ORIENTED_EDGE('',*,*,#6413,.F.);
#6413 = EDGE_CURVE('',#6414,#6416,#6418,.T.);
#6414 = VERTEX_POINT('',#6415);
#6415 = CARTESIAN_POINT('',(-10.53316230343,3.540508091739,21.6));
#6416 = VERTEX_POINT('',#6417);
#6417 = CARTESIAN_POINT('',(-10.53316230343,3.540508091739,23.1));
#6418 = LINE('',#6419,#6420);
#6419 = CARTESIAN_POINT('',(-10.53316230343,3.540508091739,21.6));
#6420 = VECTOR('',#6421,1.);
#6421 = DIRECTION('',(0.,0.,1.));
#6422 = ORIENTED_EDGE('',*,*,#6423,.T.);
#6423 = EDGE_CURVE('',#6414,#6424,#6426,.T.);
#6424 = VERTEX_POINT('',#6425);
#6425 = CARTESIAN_POINT('',(-7.333162303433,3.540508091739,21.6));
#6426 = LINE('',#6427,#6428);
#6427 = CARTESIAN_POINT('',(-10.53316230343,3.540508091739,21.6));
#6428 = VECTOR('',#6429,1.);
#6429 = DIRECTION('',(1.,1.110223024625E-16,0.));
#6430 = ORIENTED_EDGE('',*,*,#6431,.T.);
#6431 = EDGE_CURVE('',#6424,#6432,#6434,.T.);
#6432 = VERTEX_POINT('',#6433);
#6433 = CARTESIAN_POINT('',(-7.333162303433,3.540508091739,23.1));
#6434 = LINE('',#6435,#6436);
#6435 = CARTESIAN_POINT('',(-7.333162303433,3.540508091739,21.6));
#6436 = VECTOR('',#6437,1.);
#6437 = DIRECTION('',(0.,0.,1.));
#6438 = ORIENTED_EDGE('',*,*,#6439,.F.);
#6439 = EDGE_CURVE('',#6416,#6432,#6440,.T.);
#6440 = LINE('',#6441,#6442);
#6441 = CARTESIAN_POINT('',(-10.53316230343,3.540508091739,23.1));
#6442 = VECTOR('',#6443,1.);
#6443 = DIRECTION('',(1.,1.110223024625E-16,0.));
#6444 = PLANE('',#6445);
#6445 = AXIS2_PLACEMENT_3D('',#6446,#6447,#6448);
#6446 = CARTESIAN_POINT('',(-10.53316230343,3.540508091739,21.6));
#6447 = DIRECTION('',(1.110223024625E-16,-1.,0.));
#6448 = DIRECTION('',(0.,0.,1.));
#6449 = ADVANCED_FACE('',(#6450),#6484,.T.);
#6450 = FACE_BOUND('',#6451,.T.);
#6451 = EDGE_LOOP('',(#6452,#6462,#6470,#6478));
#6452 = ORIENTED_EDGE('',*,*,#6453,.F.);
#6453 = EDGE_CURVE('',#6454,#6456,#6458,.T.);
#6454 = VERTEX_POINT('',#6455);
#6455 = CARTESIAN_POINT('',(-10.53316230343,0.195708091739,21.6));
#6456 = VERTEX_POINT('',#6457);
#6457 = CARTESIAN_POINT('',(-10.53316230343,0.195708091739,23.1));
#6458 = LINE('',#6459,#6460);
#6459 = CARTESIAN_POINT('',(-10.53316230343,0.195708091739,21.6));
#6460 = VECTOR('',#6461,1.);
#6461 = DIRECTION('',(0.,0.,1.));
#6462 = ORIENTED_EDGE('',*,*,#6463,.T.);
#6463 = EDGE_CURVE('',#6454,#6464,#6466,.T.);
#6464 = VERTEX_POINT('',#6465);
#6465 = CARTESIAN_POINT('',(-7.333162303433,0.195708091739,21.6));
#6466 = LINE('',#6467,#6468);
#6467 = CARTESIAN_POINT('',(-10.53316230343,0.195708091739,21.6));
#6468 = VECTOR('',#6469,1.);
#6469 = DIRECTION('',(1.,1.110223024625E-16,0.));
#6470 = ORIENTED_EDGE('',*,*,#6471,.T.);
#6471 = EDGE_CURVE('',#6464,#6472,#6474,.T.);
#6472 = VERTEX_POINT('',#6473);
#6473 = CARTESIAN_POINT('',(-7.333162303433,0.195708091739,23.1));
#6474 = LINE('',#6475,#6476);
#6475 = CARTESIAN_POINT('',(-7.333162303433,0.195708091739,21.6));
#6476 = VECTOR('',#6477,1.);
#6477 = DIRECTION('',(0.,0.,1.));
#6478 = ORIENTED_EDGE('',*,*,#6479,.F.);
#6479 = EDGE_CURVE('',#6456,#6472,#6480,.T.);
#6480 = LINE('',#6481,#6482);
#6481 = CARTESIAN_POINT('',(-10.53316230343,0.195708091739,23.1));
#6482 = VECTOR('',#6483,1.);
#6483 = DIRECTION('',(1.,1.110223024625E-16,0.));
#6484 = PLANE('',#6485);
#6485 = AXIS2_PLACEMENT_3D('',#6486,#6487,#6488);
#6486 = CARTESIAN_POINT('',(-10.53316230343,0.195708091739,21.6));
#6487 = DIRECTION('',(1.110223024625E-16,-1.,0.));
#6488 = DIRECTION('',(0.,0.,1.));
#6489 = ADVANCED_FACE('',(#6490),#6506,.F.);
#6490 = FACE_BOUND('',#6491,.F.);
#6491 = EDGE_LOOP('',(#6492,#6498,#6499,#6505));
#6492 = ORIENTED_EDGE('',*,*,#6493,.F.);
#6493 = EDGE_CURVE('',#6414,#6454,#6494,.T.);
#6494 = LINE('',#6495,#6496);
#6495 = CARTESIAN_POINT('',(-10.53316230343,3.540508091739,21.6));
#6496 = VECTOR('',#6497,1.);
#6497 = DIRECTION('',(1.110223024625E-16,-1.,0.));
#6498 = ORIENTED_EDGE('',*,*,#6413,.T.);
#6499 = ORIENTED_EDGE('',*,*,#6500,.T.);
#6500 = EDGE_CURVE('',#6416,#6456,#6501,.T.);
#6501 = LINE('',#6502,#6503);
#6502 = CARTESIAN_POINT('',(-10.53316230343,3.540508091739,23.1));
#6503 = VECTOR('',#6504,1.);
#6504 = DIRECTION('',(1.110223024625E-16,-1.,0.));
#6505 = ORIENTED_EDGE('',*,*,#6453,.F.);
#6506 = PLANE('',#6507);
#6507 = AXIS2_PLACEMENT_3D('',#6508,#6509,#6510);
#6508 = CARTESIAN_POINT('',(-10.53316230343,3.540508091739,21.6));
#6509 = DIRECTION('',(1.,1.110223024625E-16,0.));
#6510 = DIRECTION('',(0.,0.,1.));
#6511 = ADVANCED_FACE('',(#6512),#6528,.T.);
#6512 = FACE_BOUND('',#6513,.T.);
#6513 = EDGE_LOOP('',(#6514,#6520,#6521,#6527));
#6514 = ORIENTED_EDGE('',*,*,#6515,.F.);
#6515 = EDGE_CURVE('',#6424,#6464,#6516,.T.);
#6516 = LINE('',#6517,#6518);
#6517 = CARTESIAN_POINT('',(-7.333162303433,3.540508091739,21.6));
#6518 = VECTOR('',#6519,1.);
#6519 = DIRECTION('',(1.110223024625E-16,-1.,0.));
#6520 = ORIENTED_EDGE('',*,*,#6431,.T.);
#6521 = ORIENTED_EDGE('',*,*,#6522,.T.);
#6522 = EDGE_CURVE('',#6432,#6472,#6523,.T.);
#6523 = LINE('',#6524,#6525);
#6524 = CARTESIAN_POINT('',(-7.333162303433,3.540508091739,23.1));
#6525 = VECTOR('',#6526,1.);
#6526 = DIRECTION('',(1.110223024625E-16,-1.,0.));
#6527 = ORIENTED_EDGE('',*,*,#6471,.F.);
#6528 = PLANE('',#6529);
#6529 = AXIS2_PLACEMENT_3D('',#6530,#6531,#6532);
#6530 = CARTESIAN_POINT('',(-7.333162303433,3.540508091739,21.6));
#6531 = DIRECTION('',(1.,1.110223024625E-16,0.));
#6532 = DIRECTION('',(0.,0.,1.));
#6533 = ADVANCED_FACE('',(#6534),#6540,.F.);
#6534 = FACE_BOUND('',#6535,.F.);
#6535 = EDGE_LOOP('',(#6536,#6537,#6538,#6539));
#6536 = ORIENTED_EDGE('',*,*,#6423,.F.);
#6537 = ORIENTED_EDGE('',*,*,#6493,.T.);
#6538 = ORIENTED_EDGE('',*,*,#6463,.T.);
#6539 = ORIENTED_EDGE('',*,*,#6515,.F.);
#6540 = PLANE('',#6541);
#6541 = AXIS2_PLACEMENT_3D('',#6542,#6543,#6544);
#6542 = CARTESIAN_POINT('',(-10.53316230343,3.540508091739,21.6));
#6543 = DIRECTION('',(0.,0.,1.));
#6544 = DIRECTION('',(1.110223024625E-16,-1.,0.));
#6545 = ADVANCED_FACE('',(#6546),#6552,.T.);
#6546 = FACE_BOUND('',#6547,.T.);
#6547 = EDGE_LOOP('',(#6548,#6549,#6550,#6551));
#6548 = ORIENTED_EDGE('',*,*,#6439,.F.);
#6549 = ORIENTED_EDGE('',*,*,#6500,.T.);
#6550 = ORIENTED_EDGE('',*,*,#6479,.T.);
#6551 = ORIENTED_EDGE('',*,*,#6522,.F.);
#6552 = PLANE('',#6553);
#6553 = AXIS2_PLACEMENT_3D('',#6554,#6555,#6556);
#6554 = CARTESIAN_POINT('',(-10.53316230343,3.540508091739,23.1));
#6555 = DIRECTION('',(0.,0.,1.));
#6556 = DIRECTION('',(1.110223024625E-16,-1.,0.));
#6557 = MANIFOLD_SOLID_BREP('',#6558);
#6558 = CLOSED_SHELL('',(#6559,#6599,#6639,#6661,#6683,#6695));
#6559 = ADVANCED_FACE('',(#6560),#6594,.F.);
#6560 = FACE_BOUND('',#6561,.F.);
#6561 = EDGE_LOOP('',(#6562,#6572,#6580,#6588));
#6562 = ORIENTED_EDGE('',*,*,#6563,.F.);
#6563 = EDGE_CURVE('',#6564,#6566,#6568,.T.);
#6564 = VERTEX_POINT('',#6565);
#6565 = CARTESIAN_POINT('',(-16.89437868251,0.37472704793,21.6));
#6566 = VERTEX_POINT('',#6567);
#6567 = CARTESIAN_POINT('',(-16.89437868251,0.37472704793,23.1));
#6568 = LINE('',#6569,#6570);
#6569 = CARTESIAN_POINT('',(-16.89437868251,0.37472704793,21.6));
#6570 = VECTOR('',#6571,1.);
#6571 = DIRECTION('',(0.,0.,1.));
#6572 = ORIENTED_EDGE('',*,*,#6573,.T.);
#6573 = EDGE_CURVE('',#6564,#6574,#6576,.T.);
#6574 = VERTEX_POINT('',#6575);
#6575 = CARTESIAN_POINT('',(-20.09437868251,0.37472704793,21.6));
#6576 = LINE('',#6577,#6578);
#6577 = CARTESIAN_POINT('',(-16.89437868251,0.37472704793,21.6));
#6578 = VECTOR('',#6579,1.);
#6579 = DIRECTION('',(-1.,2.22044604925E-16,0.));
#6580 = ORIENTED_EDGE('',*,*,#6581,.T.);
#6581 = EDGE_CURVE('',#6574,#6582,#6584,.T.);
#6582 = VERTEX_POINT('',#6583);
#6583 = CARTESIAN_POINT('',(-20.09437868251,0.37472704793,23.1));
#6584 = LINE('',#6585,#6586);
#6585 = CARTESIAN_POINT('',(-20.09437868251,0.37472704793,21.6));
#6586 = VECTOR('',#6587,1.);
#6587 = DIRECTION('',(0.,0.,1.));
#6588 = ORIENTED_EDGE('',*,*,#6589,.F.);
#6589 = EDGE_CURVE('',#6566,#6582,#6590,.T.);
#6590 = LINE('',#6591,#6592);
#6591 = CARTESIAN_POINT('',(-16.89437868251,0.37472704793,23.1));
#6592 = VECTOR('',#6593,1.);
#6593 = DIRECTION('',(-1.,2.22044604925E-16,0.));
#6594 = PLANE('',#6595);
#6595 = AXIS2_PLACEMENT_3D('',#6596,#6597,#6598);
#6596 = CARTESIAN_POINT('',(-16.89437868251,0.37472704793,21.6));
#6597 = DIRECTION('',(2.22044604925E-16,1.,0.));
#6598 = DIRECTION('',(0.,0.,1.));
#6599 = ADVANCED_FACE('',(#6600),#6634,.T.);
#6600 = FACE_BOUND('',#6601,.T.);
#6601 = EDGE_LOOP('',(#6602,#6612,#6620,#6628));
#6602 = ORIENTED_EDGE('',*,*,#6603,.F.);
#6603 = EDGE_CURVE('',#6604,#6606,#6608,.T.);
#6604 = VERTEX_POINT('',#6605);
#6605 = CARTESIAN_POINT('',(-16.89437868251,3.71952704793,21.6));
#6606 = VERTEX_POINT('',#6607);
#6607 = CARTESIAN_POINT('',(-16.89437868251,3.71952704793,23.1));
#6608 = LINE('',#6609,#6610);
#6609 = CARTESIAN_POINT('',(-16.89437868251,3.71952704793,21.6));
#6610 = VECTOR('',#6611,1.);
#6611 = DIRECTION('',(0.,0.,1.));
#6612 = ORIENTED_EDGE('',*,*,#6613,.T.);
#6613 = EDGE_CURVE('',#6604,#6614,#6616,.T.);
#6614 = VERTEX_POINT('',#6615);
#6615 = CARTESIAN_POINT('',(-20.09437868251,3.71952704793,21.6));
#6616 = LINE('',#6617,#6618);
#6617 = CARTESIAN_POINT('',(-16.89437868251,3.71952704793,21.6));
#6618 = VECTOR('',#6619,1.);
#6619 = DIRECTION('',(-1.,2.22044604925E-16,0.));
#6620 = ORIENTED_EDGE('',*,*,#6621,.T.);
#6621 = EDGE_CURVE('',#6614,#6622,#6624,.T.);
#6622 = VERTEX_POINT('',#6623);
#6623 = CARTESIAN_POINT('',(-20.09437868251,3.71952704793,23.1));
#6624 = LINE('',#6625,#6626);
#6625 = CARTESIAN_POINT('',(-20.09437868251,3.71952704793,21.6));
#6626 = VECTOR('',#6627,1.);
#6627 = DIRECTION('',(0.,0.,1.));
#6628 = ORIENTED_EDGE('',*,*,#6629,.F.);
#6629 = EDGE_CURVE('',#6606,#6622,#6630,.T.);
#6630 = LINE('',#6631,#6632);
#6631 = CARTESIAN_POINT('',(-16.89437868251,3.71952704793,23.1));
#6632 = VECTOR('',#6633,1.);
#6633 = DIRECTION('',(-1.,2.22044604925E-16,0.));
#6634 = PLANE('',#6635);
#6635 = AXIS2_PLACEMENT_3D('',#6636,#6637,#6638);
#6636 = CARTESIAN_POINT('',(-16.89437868251,3.71952704793,21.6));
#6637 = DIRECTION('',(2.22044604925E-16,1.,0.));
#6638 = DIRECTION('',(0.,0.,1.));
#6639 = ADVANCED_FACE('',(#6640),#6656,.F.);
#6640 = FACE_BOUND('',#6641,.F.);
#6641 = EDGE_LOOP('',(#6642,#6648,#6649,#6655));
#6642 = ORIENTED_EDGE('',*,*,#6643,.F.);
#6643 = EDGE_CURVE('',#6564,#6604,#6644,.T.);
#6644 = LINE('',#6645,#6646);
#6645 = CARTESIAN_POINT('',(-16.89437868251,0.37472704793,21.6));
#6646 = VECTOR('',#6647,1.);
#6647 = DIRECTION('',(2.22044604925E-16,1.,0.));
#6648 = ORIENTED_EDGE('',*,*,#6563,.T.);
#6649 = ORIENTED_EDGE('',*,*,#6650,.T.);
#6650 = EDGE_CURVE('',#6566,#6606,#6651,.T.);
#6651 = LINE('',#6652,#6653);
#6652 = CARTESIAN_POINT('',(-16.89437868251,0.37472704793,23.1));
#6653 = VECTOR('',#6654,1.);
#6654 = DIRECTION('',(2.22044604925E-16,1.,0.));
#6655 = ORIENTED_EDGE('',*,*,#6603,.F.);
#6656 = PLANE('',#6657);
#6657 = AXIS2_PLACEMENT_3D('',#6658,#6659,#6660);
#6658 = CARTESIAN_POINT('',(-16.89437868251,0.37472704793,21.6));
#6659 = DIRECTION('',(-1.,2.22044604925E-16,0.));
#6660 = DIRECTION('',(0.,0.,1.));
#6661 = ADVANCED_FACE('',(#6662),#6678,.T.);
#6662 = FACE_BOUND('',#6663,.T.);
#6663 = EDGE_LOOP('',(#6664,#6670,#6671,#6677));
#6664 = ORIENTED_EDGE('',*,*,#6665,.F.);
#6665 = EDGE_CURVE('',#6574,#6614,#6666,.T.);
#6666 = LINE('',#6667,#6668);
#6667 = CARTESIAN_POINT('',(-20.09437868251,0.37472704793,21.6));
#6668 = VECTOR('',#6669,1.);
#6669 = DIRECTION('',(2.22044604925E-16,1.,0.));
#6670 = ORIENTED_EDGE('',*,*,#6581,.T.);
#6671 = ORIENTED_EDGE('',*,*,#6672,.T.);
#6672 = EDGE_CURVE('',#6582,#6622,#6673,.T.);
#6673 = LINE('',#6674,#6675);
#6674 = CARTESIAN_POINT('',(-20.09437868251,0.37472704793,23.1));
#6675 = VECTOR('',#6676,1.);
#6676 = DIRECTION('',(2.22044604925E-16,1.,0.));
#6677 = ORIENTED_EDGE('',*,*,#6621,.F.);
#6678 = PLANE('',#6679);
#6679 = AXIS2_PLACEMENT_3D('',#6680,#6681,#6682);
#6680 = CARTESIAN_POINT('',(-20.09437868251,0.37472704793,21.6));
#6681 = DIRECTION('',(-1.,2.22044604925E-16,0.));
#6682 = DIRECTION('',(0.,0.,1.));
#6683 = ADVANCED_FACE('',(#6684),#6690,.F.);
#6684 = FACE_BOUND('',#6685,.F.);
#6685 = EDGE_LOOP('',(#6686,#6687,#6688,#6689));
#6686 = ORIENTED_EDGE('',*,*,#6573,.F.);
#6687 = ORIENTED_EDGE('',*,*,#6643,.T.);
#6688 = ORIENTED_EDGE('',*,*,#6613,.T.);
#6689 = ORIENTED_EDGE('',*,*,#6665,.F.);
#6690 = PLANE('',#6691);
#6691 = AXIS2_PLACEMENT_3D('',#6692,#6693,#6694);
#6692 = CARTESIAN_POINT('',(-16.89437868251,0.37472704793,21.6));
#6693 = DIRECTION('',(0.,0.,1.));
#6694 = DIRECTION('',(2.22044604925E-16,1.,0.));
#6695 = ADVANCED_FACE('',(#6696),#6702,.T.);
#6696 = FACE_BOUND('',#6697,.T.);
#6697 = EDGE_LOOP('',(#6698,#6699,#6700,#6701));
#6698 = ORIENTED_EDGE('',*,*,#6589,.F.);
#6699 = ORIENTED_EDGE('',*,*,#6650,.T.);
#6700 = ORIENTED_EDGE('',*,*,#6629,.T.);
#6701 = ORIENTED_EDGE('',*,*,#6672,.F.);
#6702 = PLANE('',#6703);
#6703 = AXIS2_PLACEMENT_3D('',#6704,#6705,#6706);
#6704 = CARTESIAN_POINT('',(-16.89437868251,0.37472704793,23.1));
#6705 = DIRECTION('',(0.,0.,1.));
#6706 = DIRECTION('',(2.22044604925E-16,1.,0.));
#6707 = MANIFOLD_SOLID_BREP('',#6708);
#6708 = CLOSED_SHELL('',(#6709,#6749,#6789,#6811,#6833,#6845));
#6709 = ADVANCED_FACE('',(#6710),#6744,.F.);
#6710 = FACE_BOUND('',#6711,.F.);
#6711 = EDGE_LOOP('',(#6712,#6722,#6730,#6738));
#6712 = ORIENTED_EDGE('',*,*,#6713,.F.);
#6713 = EDGE_CURVE('',#6714,#6716,#6718,.T.);
#6714 = VERTEX_POINT('',#6715);
#6715 = CARTESIAN_POINT('',(-6.920555488907,-13.33264205228,21.6));
#6716 = VERTEX_POINT('',#6717);
#6717 = CARTESIAN_POINT('',(-6.920555488907,-13.33264205228,22.6));
#6718 = LINE('',#6719,#6720);
#6719 = CARTESIAN_POINT('',(-6.920555488907,-13.33264205228,21.6));
#6720 = VECTOR('',#6721,1.);
#6721 = DIRECTION('',(0.,0.,1.));
#6722 = ORIENTED_EDGE('',*,*,#6723,.T.);
#6723 = EDGE_CURVE('',#6714,#6724,#6726,.T.);
#6724 = VERTEX_POINT('',#6725);
#6725 = CARTESIAN_POINT('',(-5.345555488907,-13.33264205228,21.6));
#6726 = LINE('',#6727,#6728);
#6727 = CARTESIAN_POINT('',(-6.920555488907,-13.33264205228,21.6));
#6728 = VECTOR('',#6729,1.);
#6729 = DIRECTION('',(1.,1.110223024625E-16,0.));
#6730 = ORIENTED_EDGE('',*,*,#6731,.T.);
#6731 = EDGE_CURVE('',#6724,#6732,#6734,.T.);
#6732 = VERTEX_POINT('',#6733);
#6733 = CARTESIAN_POINT('',(-5.345555488907,-13.33264205228,22.6));
#6734 = LINE('',#6735,#6736);
#6735 = CARTESIAN_POINT('',(-5.345555488907,-13.33264205228,21.6));
#6736 = VECTOR('',#6737,1.);
#6737 = DIRECTION('',(0.,0.,1.));
#6738 = ORIENTED_EDGE('',*,*,#6739,.F.);
#6739 = EDGE_CURVE('',#6716,#6732,#6740,.T.);
#6740 = LINE('',#6741,#6742);
#6741 = CARTESIAN_POINT('',(-6.920555488907,-13.33264205228,22.6));
#6742 = VECTOR('',#6743,1.);
#6743 = DIRECTION('',(1.,1.110223024625E-16,0.));
#6744 = PLANE('',#6745);
#6745 = AXIS2_PLACEMENT_3D('',#6746,#6747,#6748);
#6746 = CARTESIAN_POINT('',(-6.920555488907,-13.33264205228,21.6));
#6747 = DIRECTION('',(1.110223024625E-16,-1.,0.));
#6748 = DIRECTION('',(0.,0.,1.));
#6749 = ADVANCED_FACE('',(#6750),#6784,.T.);
#6750 = FACE_BOUND('',#6751,.T.);
#6751 = EDGE_LOOP('',(#6752,#6762,#6770,#6778));
#6752 = ORIENTED_EDGE('',*,*,#6753,.F.);
#6753 = EDGE_CURVE('',#6754,#6756,#6758,.T.);
#6754 = VERTEX_POINT('',#6755);
#6755 = CARTESIAN_POINT('',(-6.920555488907,-16.18764205228,21.6));
#6756 = VERTEX_POINT('',#6757);
#6757 = CARTESIAN_POINT('',(-6.920555488907,-16.18764205228,22.6));
#6758 = LINE('',#6759,#6760);
#6759 = CARTESIAN_POINT('',(-6.920555488907,-16.18764205228,21.6));
#6760 = VECTOR('',#6761,1.);
#6761 = DIRECTION('',(0.,0.,1.));
#6762 = ORIENTED_EDGE('',*,*,#6763,.T.);
#6763 = EDGE_CURVE('',#6754,#6764,#6766,.T.);
#6764 = VERTEX_POINT('',#6765);
#6765 = CARTESIAN_POINT('',(-5.345555488907,-16.18764205228,21.6));
#6766 = LINE('',#6767,#6768);
#6767 = CARTESIAN_POINT('',(-6.920555488907,-16.18764205228,21.6));
#6768 = VECTOR('',#6769,1.);
#6769 = DIRECTION('',(1.,1.110223024625E-16,0.));
#6770 = ORIENTED_EDGE('',*,*,#6771,.T.);
#6771 = EDGE_CURVE('',#6764,#6772,#6774,.T.);
#6772 = VERTEX_POINT('',#6773);
#6773 = CARTESIAN_POINT('',(-5.345555488907,-16.18764205228,22.6));
#6774 = LINE('',#6775,#6776);
#6775 = CARTESIAN_POINT('',(-5.345555488907,-16.18764205228,21.6));
#6776 = VECTOR('',#6777,1.);
#6777 = DIRECTION('',(0.,0.,1.));
#6778 = ORIENTED_EDGE('',*,*,#6779,.F.);
#6779 = EDGE_CURVE('',#6756,#6772,#6780,.T.);
#6780 = LINE('',#6781,#6782);
#6781 = CARTESIAN_POINT('',(-6.920555488907,-16.18764205228,22.6));
#6782 = VECTOR('',#6783,1.);
#6783 = DIRECTION('',(1.,1.110223024625E-16,0.));
#6784 = PLANE('',#6785);
#6785 = AXIS2_PLACEMENT_3D('',#6786,#6787,#6788);
#6786 = CARTESIAN_POINT('',(-6.920555488907,-16.18764205228,21.6));
#6787 = DIRECTION('',(1.110223024625E-16,-1.,0.));
#6788 = DIRECTION('',(0.,0.,1.));
#6789 = ADVANCED_FACE('',(#6790),#6806,.F.);
#6790 = FACE_BOUND('',#6791,.F.);
#6791 = EDGE_LOOP('',(#6792,#6798,#6799,#6805));
#6792 = ORIENTED_EDGE('',*,*,#6793,.F.);
#6793 = EDGE_CURVE('',#6714,#6754,#6794,.T.);
#6794 = LINE('',#6795,#6796);
#6795 = CARTESIAN_POINT('',(-6.920555488907,-13.33264205228,21.6));
#6796 = VECTOR('',#6797,1.);
#6797 = DIRECTION('',(1.110223024625E-16,-1.,0.));
#6798 = ORIENTED_EDGE('',*,*,#6713,.T.);
#6799 = ORIENTED_EDGE('',*,*,#6800,.T.);
#6800 = EDGE_CURVE('',#6716,#6756,#6801,.T.);
#6801 = LINE('',#6802,#6803);
#6802 = CARTESIAN_POINT('',(-6.920555488907,-13.33264205228,22.6));
#6803 = VECTOR('',#6804,1.);
#6804 = DIRECTION('',(1.110223024625E-16,-1.,0.));
#6805 = ORIENTED_EDGE('',*,*,#6753,.F.);
#6806 = PLANE('',#6807);
#6807 = AXIS2_PLACEMENT_3D('',#6808,#6809,#6810);
#6808 = CARTESIAN_POINT('',(-6.920555488907,-13.33264205228,21.6));
#6809 = DIRECTION('',(1.,1.110223024625E-16,0.));
#6810 = DIRECTION('',(0.,0.,1.));
#6811 = ADVANCED_FACE('',(#6812),#6828,.T.);
#6812 = FACE_BOUND('',#6813,.T.);
#6813 = EDGE_LOOP('',(#6814,#6820,#6821,#6827));
#6814 = ORIENTED_EDGE('',*,*,#6815,.F.);
#6815 = EDGE_CURVE('',#6724,#6764,#6816,.T.);
#6816 = LINE('',#6817,#6818);
#6817 = CARTESIAN_POINT('',(-5.345555488907,-13.33264205228,21.6));
#6818 = VECTOR('',#6819,1.);
#6819 = DIRECTION('',(1.110223024625E-16,-1.,0.));
#6820 = ORIENTED_EDGE('',*,*,#6731,.T.);
#6821 = ORIENTED_EDGE('',*,*,#6822,.T.);
#6822 = EDGE_CURVE('',#6732,#6772,#6823,.T.);
#6823 = LINE('',#6824,#6825);
#6824 = CARTESIAN_POINT('',(-5.345555488907,-13.33264205228,22.6));
#6825 = VECTOR('',#6826,1.);
#6826 = DIRECTION('',(1.110223024625E-16,-1.,0.));
#6827 = ORIENTED_EDGE('',*,*,#6771,.F.);
#6828 = PLANE('',#6829);
#6829 = AXIS2_PLACEMENT_3D('',#6830,#6831,#6832);
#6830 = CARTESIAN_POINT('',(-5.345555488907,-13.33264205228,21.6));
#6831 = DIRECTION('',(1.,1.110223024625E-16,0.));
#6832 = DIRECTION('',(0.,0.,1.));
#6833 = ADVANCED_FACE('',(#6834),#6840,.F.);
#6834 = FACE_BOUND('',#6835,.F.);
#6835 = EDGE_LOOP('',(#6836,#6837,#6838,#6839));
#6836 = ORIENTED_EDGE('',*,*,#6723,.F.);
#6837 = ORIENTED_EDGE('',*,*,#6793,.T.);
#6838 = ORIENTED_EDGE('',*,*,#6763,.T.);
#6839 = ORIENTED_EDGE('',*,*,#6815,.F.);
#6840 = PLANE('',#6841);
#6841 = AXIS2_PLACEMENT_3D('',#6842,#6843,#6844);
#6842 = CARTESIAN_POINT('',(-6.920555488907,-13.33264205228,21.6));
#6843 = DIRECTION('',(0.,0.,1.));
#6844 = DIRECTION('',(1.110223024625E-16,-1.,0.));
#6845 = ADVANCED_FACE('',(#6846),#6852,.T.);
#6846 = FACE_BOUND('',#6847,.T.);
#6847 = EDGE_LOOP('',(#6848,#6849,#6850,#6851));
#6848 = ORIENTED_EDGE('',*,*,#6739,.F.);
#6849 = ORIENTED_EDGE('',*,*,#6800,.T.);
#6850 = ORIENTED_EDGE('',*,*,#6779,.T.);
#6851 = ORIENTED_EDGE('',*,*,#6822,.F.);
#6852 = PLANE('',#6853);
#6853 = AXIS2_PLACEMENT_3D('',#6854,#6855,#6856);
#6854 = CARTESIAN_POINT('',(-6.920555488907,-13.33264205228,22.6));
#6855 = DIRECTION('',(0.,0.,1.));
#6856 = DIRECTION('',(1.110223024625E-16,-1.,0.));
#6857 = MANIFOLD_SOLID_BREP('',#6858);
#6858 = CLOSED_SHELL('',(#6859,#6899,#6939,#6961,#6983,#6995));
#6859 = ADVANCED_FACE('',(#6860),#6894,.F.);
#6860 = FACE_BOUND('',#6861,.F.);
#6861 = EDGE_LOOP('',(#6862,#6872,#6880,#6888));
#6862 = ORIENTED_EDGE('',*,*,#6863,.F.);
#6863 = EDGE_CURVE('',#6864,#6866,#6868,.T.);
#6864 = VERTEX_POINT('',#6865);
#6865 = CARTESIAN_POINT('',(5.812002473426,4.531836505557,21.6));
#6866 = VERTEX_POINT('',#6867);
#6867 = CARTESIAN_POINT('',(5.812002473426,4.531836505557,23.1));
#6868 = LINE('',#6869,#6870);
#6869 = CARTESIAN_POINT('',(5.812002473426,4.531836505557,21.6));
#6870 = VECTOR('',#6871,1.);
#6871 = DIRECTION('',(0.,0.,1.));
#6872 = ORIENTED_EDGE('',*,*,#6873,.T.);
#6873 = EDGE_CURVE('',#6864,#6874,#6876,.T.);
#6874 = VERTEX_POINT('',#6875);
#6875 = CARTESIAN_POINT('',(8.932002473426,4.531836505557,21.6));
#6876 = LINE('',#6877,#6878);
#6877 = CARTESIAN_POINT('',(5.812002473426,4.531836505557,21.6));
#6878 = VECTOR('',#6879,1.);
#6879 = DIRECTION('',(1.,1.110223024625E-16,0.));
#6880 = ORIENTED_EDGE('',*,*,#6881,.T.);
#6881 = EDGE_CURVE('',#6874,#6882,#6884,.T.);
#6882 = VERTEX_POINT('',#6883);
#6883 = CARTESIAN_POINT('',(8.932002473426,4.531836505557,23.1));
#6884 = LINE('',#6885,#6886);
#6885 = CARTESIAN_POINT('',(8.932002473426,4.531836505557,21.6));
#6886 = VECTOR('',#6887,1.);
#6887 = DIRECTION('',(0.,0.,1.));
#6888 = ORIENTED_EDGE('',*,*,#6889,.F.);
#6889 = EDGE_CURVE('',#6866,#6882,#6890,.T.);
#6890 = LINE('',#6891,#6892);
#6891 = CARTESIAN_POINT('',(5.812002473426,4.531836505557,23.1));
#6892 = VECTOR('',#6893,1.);
#6893 = DIRECTION('',(1.,1.110223024625E-16,0.));
#6894 = PLANE('',#6895);
#6895 = AXIS2_PLACEMENT_3D('',#6896,#6897,#6898);
#6896 = CARTESIAN_POINT('',(5.812002473426,4.531836505557,21.6));
#6897 = DIRECTION('',(1.110223024625E-16,-1.,0.));
#6898 = DIRECTION('',(0.,0.,1.));
#6899 = ADVANCED_FACE('',(#6900),#6934,.T.);
#6900 = FACE_BOUND('',#6901,.T.);
#6901 = EDGE_LOOP('',(#6902,#6912,#6920,#6928));
#6902 = ORIENTED_EDGE('',*,*,#6903,.F.);
#6903 = EDGE_CURVE('',#6904,#6906,#6908,.T.);
#6904 = VERTEX_POINT('',#6905);
#6905 = CARTESIAN_POINT('',(5.812002473426,1.181836505557,21.6));
#6906 = VERTEX_POINT('',#6907);
#6907 = CARTESIAN_POINT('',(5.812002473426,1.181836505557,23.1));
#6908 = LINE('',#6909,#6910);
#6909 = CARTESIAN_POINT('',(5.812002473426,1.181836505557,21.6));
#6910 = VECTOR('',#6911,1.);
#6911 = DIRECTION('',(0.,0.,1.));
#6912 = ORIENTED_EDGE('',*,*,#6913,.T.);
#6913 = EDGE_CURVE('',#6904,#6914,#6916,.T.);
#6914 = VERTEX_POINT('',#6915);
#6915 = CARTESIAN_POINT('',(8.932002473426,1.181836505557,21.6));
#6916 = LINE('',#6917,#6918);
#6917 = CARTESIAN_POINT('',(5.812002473426,1.181836505557,21.6));
#6918 = VECTOR('',#6919,1.);
#6919 = DIRECTION('',(1.,1.110223024625E-16,0.));
#6920 = ORIENTED_EDGE('',*,*,#6921,.T.);
#6921 = EDGE_CURVE('',#6914,#6922,#6924,.T.);
#6922 = VERTEX_POINT('',#6923);
#6923 = CARTESIAN_POINT('',(8.932002473426,1.181836505557,23.1));
#6924 = LINE('',#6925,#6926);
#6925 = CARTESIAN_POINT('',(8.932002473426,1.181836505557,21.6));
#6926 = VECTOR('',#6927,1.);
#6927 = DIRECTION('',(0.,0.,1.));
#6928 = ORIENTED_EDGE('',*,*,#6929,.F.);
#6929 = EDGE_CURVE('',#6906,#6922,#6930,.T.);
#6930 = LINE('',#6931,#6932);
#6931 = CARTESIAN_POINT('',(5.812002473426,1.181836505557,23.1));
#6932 = VECTOR('',#6933,1.);
#6933 = DIRECTION('',(1.,1.110223024625E-16,0.));
#6934 = PLANE('',#6935);
#6935 = AXIS2_PLACEMENT_3D('',#6936,#6937,#6938);
#6936 = CARTESIAN_POINT('',(5.812002473426,1.181836505557,21.6));
#6937 = DIRECTION('',(1.110223024625E-16,-1.,0.));
#6938 = DIRECTION('',(0.,0.,1.));
#6939 = ADVANCED_FACE('',(#6940),#6956,.F.);
#6940 = FACE_BOUND('',#6941,.F.);
#6941 = EDGE_LOOP('',(#6942,#6948,#6949,#6955));
#6942 = ORIENTED_EDGE('',*,*,#6943,.F.);
#6943 = EDGE_CURVE('',#6864,#6904,#6944,.T.);
#6944 = LINE('',#6945,#6946);
#6945 = CARTESIAN_POINT('',(5.812002473426,4.531836505557,21.6));
#6946 = VECTOR('',#6947,1.);
#6947 = DIRECTION('',(1.110223024625E-16,-1.,0.));
#6948 = ORIENTED_EDGE('',*,*,#6863,.T.);
#6949 = ORIENTED_EDGE('',*,*,#6950,.T.);
#6950 = EDGE_CURVE('',#6866,#6906,#6951,.T.);
#6951 = LINE('',#6952,#6953);
#6952 = CARTESIAN_POINT('',(5.812002473426,4.531836505557,23.1));
#6953 = VECTOR('',#6954,1.);
#6954 = DIRECTION('',(1.110223024625E-16,-1.,0.));
#6955 = ORIENTED_EDGE('',*,*,#6903,.F.);
#6956 = PLANE('',#6957);
#6957 = AXIS2_PLACEMENT_3D('',#6958,#6959,#6960);
#6958 = CARTESIAN_POINT('',(5.812002473426,4.531836505557,21.6));
#6959 = DIRECTION('',(1.,1.110223024625E-16,0.));
#6960 = DIRECTION('',(0.,0.,1.));
#6961 = ADVANCED_FACE('',(#6962),#6978,.T.);
#6962 = FACE_BOUND('',#6963,.T.);
#6963 = EDGE_LOOP('',(#6964,#6970,#6971,#6977));
#6964 = ORIENTED_EDGE('',*,*,#6965,.F.);
#6965 = EDGE_CURVE('',#6874,#6914,#6966,.T.);
#6966 = LINE('',#6967,#6968);
#6967 = CARTESIAN_POINT('',(8.932002473426,4.531836505557,21.6));
#6968 = VECTOR('',#6969,1.);
#6969 = DIRECTION('',(1.110223024625E-16,-1.,0.));
#6970 = ORIENTED_EDGE('',*,*,#6881,.T.);
#6971 = ORIENTED_EDGE('',*,*,#6972,.T.);
#6972 = EDGE_CURVE('',#6882,#6922,#6973,.T.);
#6973 = LINE('',#6974,#6975);
#6974 = CARTESIAN_POINT('',(8.932002473426,4.531836505557,23.1));
#6975 = VECTOR('',#6976,1.);
#6976 = DIRECTION('',(1.110223024625E-16,-1.,0.));
#6977 = ORIENTED_EDGE('',*,*,#6921,.F.);
#6978 = PLANE('',#6979);
#6979 = AXIS2_PLACEMENT_3D('',#6980,#6981,#6982);
#6980 = CARTESIAN_POINT('',(8.932002473426,4.531836505557,21.6));
#6981 = DIRECTION('',(1.,1.110223024625E-16,0.));
#6982 = DIRECTION('',(0.,0.,1.));
#6983 = ADVANCED_FACE('',(#6984),#6990,.F.);
#6984 = FACE_BOUND('',#6985,.F.);
#6985 = EDGE_LOOP('',(#6986,#6987,#6988,#6989));
#6986 = ORIENTED_EDGE('',*,*,#6873,.F.);
#6987 = ORIENTED_EDGE('',*,*,#6943,.T.);
#6988 = ORIENTED_EDGE('',*,*,#6913,.T.);
#6989 = ORIENTED_EDGE('',*,*,#6965,.F.);
#6990 = PLANE('',#6991);
#6991 = AXIS2_PLACEMENT_3D('',#6992,#6993,#6994);
#6992 = CARTESIAN_POINT('',(5.812002473426,4.531836505557,21.6));
#6993 = DIRECTION('',(0.,0.,1.));
#6994 = DIRECTION('',(1.110223024625E-16,-1.,0.));
#6995 = ADVANCED_FACE('',(#6996),#7002,.T.);
#6996 = FACE_BOUND('',#6997,.T.);
#6997 = EDGE_LOOP('',(#6998,#6999,#7000,#7001));
#6998 = ORIENTED_EDGE('',*,*,#6889,.F.);
#6999 = ORIENTED_EDGE('',*,*,#6950,.T.);
#7000 = ORIENTED_EDGE('',*,*,#6929,.T.);
#7001 = ORIENTED_EDGE('',*,*,#6972,.F.);
#7002 = PLANE('',#7003);
#7003 = AXIS2_PLACEMENT_3D('',#7004,#7005,#7006);
#7004 = CARTESIAN_POINT('',(5.812002473426,4.531836505557,23.1));
#7005 = DIRECTION('',(0.,0.,1.));
#7006 = DIRECTION('',(1.110223024625E-16,-1.,0.));
#7007 = MANIFOLD_SOLID_BREP('',#7008);
#7008 = CLOSED_SHELL('',(#7009,#7049,#7089,#7111,#7133,#7145));
#7009 = ADVANCED_FACE('',(#7010),#7044,.F.);
#7010 = FACE_BOUND('',#7011,.F.);
#7011 = EDGE_LOOP('',(#7012,#7022,#7030,#7038));
#7012 = ORIENTED_EDGE('',*,*,#7013,.F.);
#7013 = EDGE_CURVE('',#7014,#7016,#7018,.T.);
#7014 = VERTEX_POINT('',#7015);
#7015 = CARTESIAN_POINT('',(-4.217199056346,7.724380560208,21.6));
#7016 = VERTEX_POINT('',#7017);
#7017 = CARTESIAN_POINT('',(-4.217199056346,7.724380560208,22.25));
#7018 = LINE('',#7019,#7020);
#7019 = CARTESIAN_POINT('',(-4.217199056346,7.724380560208,21.6));
#7020 = VECTOR('',#7021,1.);
#7021 = DIRECTION('',(0.,0.,1.));
#7022 = ORIENTED_EDGE('',*,*,#7023,.T.);
#7023 = EDGE_CURVE('',#7014,#7024,#7026,.T.);
#7024 = VERTEX_POINT('',#7025);
#7025 = CARTESIAN_POINT('',(-4.817199056346,7.724380560208,21.6));
#7026 = LINE('',#7027,#7028);
#7027 = CARTESIAN_POINT('',(-4.217199056346,7.724380560208,21.6));
#7028 = VECTOR('',#7029,1.);
#7029 = DIRECTION('',(-1.,2.22044604925E-16,0.));
#7030 = ORIENTED_EDGE('',*,*,#7031,.T.);
#7031 = EDGE_CURVE('',#7024,#7032,#7034,.T.);
#7032 = VERTEX_POINT('',#7033);
#7033 = CARTESIAN_POINT('',(-4.817199056346,7.724380560208,22.25));
#7034 = LINE('',#7035,#7036);
#7035 = CARTESIAN_POINT('',(-4.817199056346,7.724380560208,21.6));
#7036 = VECTOR('',#7037,1.);
#7037 = DIRECTION('',(0.,0.,1.));
#7038 = ORIENTED_EDGE('',*,*,#7039,.F.);
#7039 = EDGE_CURVE('',#7016,#7032,#7040,.T.);
#7040 = LINE('',#7041,#7042);
#7041 = CARTESIAN_POINT('',(-4.217199056346,7.724380560208,22.25));
#7042 = VECTOR('',#7043,1.);
#7043 = DIRECTION('',(-1.,2.22044604925E-16,0.));
#7044 = PLANE('',#7045);
#7045 = AXIS2_PLACEMENT_3D('',#7046,#7047,#7048);
#7046 = CARTESIAN_POINT('',(-4.217199056346,7.724380560208,21.6));
#7047 = DIRECTION('',(2.22044604925E-16,1.,0.));
#7048 = DIRECTION('',(0.,0.,1.));
#7049 = ADVANCED_FACE('',(#7050),#7084,.T.);
#7050 = FACE_BOUND('',#7051,.T.);
#7051 = EDGE_LOOP('',(#7052,#7062,#7070,#7078));
#7052 = ORIENTED_EDGE('',*,*,#7053,.F.);
#7053 = EDGE_CURVE('',#7054,#7056,#7058,.T.);
#7054 = VERTEX_POINT('',#7055);
#7055 = CARTESIAN_POINT('',(-4.217199056346,9.340380560208,21.6));
#7056 = VERTEX_POINT('',#7057);
#7057 = CARTESIAN_POINT('',(-4.217199056346,9.340380560208,22.25));
#7058 = LINE('',#7059,#7060);
#7059 = CARTESIAN_POINT('',(-4.217199056346,9.340380560208,21.6));
#7060 = VECTOR('',#7061,1.);
#7061 = DIRECTION('',(0.,0.,1.));
#7062 = ORIENTED_EDGE('',*,*,#7063,.T.);
#7063 = EDGE_CURVE('',#7054,#7064,#7066,.T.);
#7064 = VERTEX_POINT('',#7065);
#7065 = CARTESIAN_POINT('',(-4.817199056346,9.340380560208,21.6));
#7066 = LINE('',#7067,#7068);
#7067 = CARTESIAN_POINT('',(-4.217199056346,9.340380560208,21.6));
#7068 = VECTOR('',#7069,1.);
#7069 = DIRECTION('',(-1.,2.22044604925E-16,0.));
#7070 = ORIENTED_EDGE('',*,*,#7071,.T.);
#7071 = EDGE_CURVE('',#7064,#7072,#7074,.T.);
#7072 = VERTEX_POINT('',#7073);
#7073 = CARTESIAN_POINT('',(-4.817199056346,9.340380560208,22.25));
#7074 = LINE('',#7075,#7076);
#7075 = CARTESIAN_POINT('',(-4.817199056346,9.340380560208,21.6));
#7076 = VECTOR('',#7077,1.);
#7077 = DIRECTION('',(0.,0.,1.));
#7078 = ORIENTED_EDGE('',*,*,#7079,.F.);
#7079 = EDGE_CURVE('',#7056,#7072,#7080,.T.);
#7080 = LINE('',#7081,#7082);
#7081 = CARTESIAN_POINT('',(-4.217199056346,9.340380560208,22.25));
#7082 = VECTOR('',#7083,1.);
#7083 = DIRECTION('',(-1.,2.22044604925E-16,0.));
#7084 = PLANE('',#7085);
#7085 = AXIS2_PLACEMENT_3D('',#7086,#7087,#7088);
#7086 = CARTESIAN_POINT('',(-4.217199056346,9.340380560208,21.6));
#7087 = DIRECTION('',(2.22044604925E-16,1.,0.));
#7088 = DIRECTION('',(0.,0.,1.));
#7089 = ADVANCED_FACE('',(#7090),#7106,.F.);
#7090 = FACE_BOUND('',#7091,.F.);
#7091 = EDGE_LOOP('',(#7092,#7098,#7099,#7105));
#7092 = ORIENTED_EDGE('',*,*,#7093,.F.);
#7093 = EDGE_CURVE('',#7014,#7054,#7094,.T.);
#7094 = LINE('',#7095,#7096);
#7095 = CARTESIAN_POINT('',(-4.217199056346,7.724380560208,21.6));
#7096 = VECTOR('',#7097,1.);
#7097 = DIRECTION('',(2.22044604925E-16,1.,0.));
#7098 = ORIENTED_EDGE('',*,*,#7013,.T.);
#7099 = ORIENTED_EDGE('',*,*,#7100,.T.);
#7100 = EDGE_CURVE('',#7016,#7056,#7101,.T.);
#7101 = LINE('',#7102,#7103);
#7102 = CARTESIAN_POINT('',(-4.217199056346,7.724380560208,22.25));
#7103 = VECTOR('',#7104,1.);
#7104 = DIRECTION('',(2.22044604925E-16,1.,0.));
#7105 = ORIENTED_EDGE('',*,*,#7053,.F.);
#7106 = PLANE('',#7107);
#7107 = AXIS2_PLACEMENT_3D('',#7108,#7109,#7110);
#7108 = CARTESIAN_POINT('',(-4.217199056346,7.724380560208,21.6));
#7109 = DIRECTION('',(-1.,2.22044604925E-16,0.));
#7110 = DIRECTION('',(0.,0.,1.));
#7111 = ADVANCED_FACE('',(#7112),#7128,.T.);
#7112 = FACE_BOUND('',#7113,.T.);
#7113 = EDGE_LOOP('',(#7114,#7120,#7121,#7127));
#7114 = ORIENTED_EDGE('',*,*,#7115,.F.);
#7115 = EDGE_CURVE('',#7024,#7064,#7116,.T.);
#7116 = LINE('',#7117,#7118);
#7117 = CARTESIAN_POINT('',(-4.817199056346,7.724380560208,21.6));
#7118 = VECTOR('',#7119,1.);
#7119 = DIRECTION('',(2.22044604925E-16,1.,0.));
#7120 = ORIENTED_EDGE('',*,*,#7031,.T.);
#7121 = ORIENTED_EDGE('',*,*,#7122,.T.);
#7122 = EDGE_CURVE('',#7032,#7072,#7123,.T.);
#7123 = LINE('',#7124,#7125);
#7124 = CARTESIAN_POINT('',(-4.817199056346,7.724380560208,22.25));
#7125 = VECTOR('',#7126,1.);
#7126 = DIRECTION('',(2.22044604925E-16,1.,0.));
#7127 = ORIENTED_EDGE('',*,*,#7071,.F.);
#7128 = PLANE('',#7129);
#7129 = AXIS2_PLACEMENT_3D('',#7130,#7131,#7132);
#7130 = CARTESIAN_POINT('',(-4.817199056346,7.724380560208,21.6));
#7131 = DIRECTION('',(-1.,2.22044604925E-16,0.));
#7132 = DIRECTION('',(0.,0.,1.));
#7133 = ADVANCED_FACE('',(#7134),#7140,.F.);
#7134 = FACE_BOUND('',#7135,.F.);
#7135 = EDGE_LOOP('',(#7136,#7137,#7138,#7139));
#7136 = ORIENTED_EDGE('',*,*,#7023,.F.);
#7137 = ORIENTED_EDGE('',*,*,#7093,.T.);
#7138 = ORIENTED_EDGE('',*,*,#7063,.T.);
#7139 = ORIENTED_EDGE('',*,*,#7115,.F.);
#7140 = PLANE('',#7141);
#7141 = AXIS2_PLACEMENT_3D('',#7142,#7143,#7144);
#7142 = CARTESIAN_POINT('',(-4.217199056346,7.724380560208,21.6));
#7143 = DIRECTION('',(0.,0.,1.));
#7144 = DIRECTION('',(2.22044604925E-16,1.,0.));
#7145 = ADVANCED_FACE('',(#7146),#7152,.T.);
#7146 = FACE_BOUND('',#7147,.T.);
#7147 = EDGE_LOOP('',(#7148,#7149,#7150,#7151));
#7148 = ORIENTED_EDGE('',*,*,#7039,.F.);
#7149 = ORIENTED_EDGE('',*,*,#7100,.T.);
#7150 = ORIENTED_EDGE('',*,*,#7079,.T.);
#7151 = ORIENTED_EDGE('',*,*,#7122,.F.);
#7152 = PLANE('',#7153);
#7153 = AXIS2_PLACEMENT_3D('',#7154,#7155,#7156);
#7154 = CARTESIAN_POINT('',(-4.217199056346,7.724380560208,22.25));
#7155 = DIRECTION('',(0.,0.,1.));
#7156 = DIRECTION('',(2.22044604925E-16,1.,0.));
#7157 = MANIFOLD_SOLID_BREP('',#7158);
#7158 = CLOSED_SHELL('',(#7159,#7199,#7239,#7261,#7283,#7295));
#7159 = ADVANCED_FACE('',(#7160),#7194,.F.);
#7160 = FACE_BOUND('',#7161,.F.);
#7161 = EDGE_LOOP('',(#7162,#7172,#7180,#7188));
#7162 = ORIENTED_EDGE('',*,*,#7163,.F.);
#7163 = EDGE_CURVE('',#7164,#7166,#7168,.T.);
#7164 = VERTEX_POINT('',#7165);
#7165 = CARTESIAN_POINT('',(11.820819773957,13.02014525951,21.6));
#7166 = VERTEX_POINT('',#7167);
#7167 = CARTESIAN_POINT('',(11.820819773957,13.02014525951,22.25));
#7168 = LINE('',#7169,#7170);
#7169 = CARTESIAN_POINT('',(11.820819773957,13.02014525951,21.6));
#7170 = VECTOR('',#7171,1.);
#7171 = DIRECTION('',(0.,0.,1.));
#7172 = ORIENTED_EDGE('',*,*,#7173,.T.);
#7173 = EDGE_CURVE('',#7164,#7174,#7176,.T.);
#7174 = VERTEX_POINT('',#7175);
#7175 = CARTESIAN_POINT('',(11.820819773957,13.62014525951,21.6));
#7176 = LINE('',#7177,#7178);
#7177 = CARTESIAN_POINT('',(11.820819773957,13.02014525951,21.6));
#7178 = VECTOR('',#7179,1.);
#7179 = DIRECTION('',(0.,1.,0.));
#7180 = ORIENTED_EDGE('',*,*,#7181,.T.);
#7181 = EDGE_CURVE('',#7174,#7182,#7184,.T.);
#7182 = VERTEX_POINT('',#7183);
#7183 = CARTESIAN_POINT('',(11.820819773957,13.62014525951,22.25));
#7184 = LINE('',#7185,#7186);
#7185 = CARTESIAN_POINT('',(11.820819773957,13.62014525951,21.6));
#7186 = VECTOR('',#7187,1.);
#7187 = DIRECTION('',(0.,0.,1.));
#7188 = ORIENTED_EDGE('',*,*,#7189,.F.);
#7189 = EDGE_CURVE('',#7166,#7182,#7190,.T.);
#7190 = LINE('',#7191,#7192);
#7191 = CARTESIAN_POINT('',(11.820819773957,13.02014525951,22.25));
#7192 = VECTOR('',#7193,1.);
#7193 = DIRECTION('',(0.,1.,0.));
#7194 = PLANE('',#7195);
#7195 = AXIS2_PLACEMENT_3D('',#7196,#7197,#7198);
#7196 = CARTESIAN_POINT('',(11.820819773957,13.02014525951,21.6));
#7197 = DIRECTION('',(1.,0.,0.));
#7198 = DIRECTION('',(0.,0.,1.));
#7199 = ADVANCED_FACE('',(#7200),#7234,.T.);
#7200 = FACE_BOUND('',#7201,.T.);
#7201 = EDGE_LOOP('',(#7202,#7212,#7220,#7228));
#7202 = ORIENTED_EDGE('',*,*,#7203,.F.);
#7203 = EDGE_CURVE('',#7204,#7206,#7208,.T.);
#7204 = VERTEX_POINT('',#7205);
#7205 = CARTESIAN_POINT('',(13.436819773957,13.02014525951,21.6));
#7206 = VERTEX_POINT('',#7207);
#7207 = CARTESIAN_POINT('',(13.436819773957,13.02014525951,22.25));
#7208 = LINE('',#7209,#7210);
#7209 = CARTESIAN_POINT('',(13.436819773957,13.02014525951,21.6));
#7210 = VECTOR('',#7211,1.);
#7211 = DIRECTION('',(0.,0.,1.));
#7212 = ORIENTED_EDGE('',*,*,#7213,.T.);
#7213 = EDGE_CURVE('',#7204,#7214,#7216,.T.);
#7214 = VERTEX_POINT('',#7215);
#7215 = CARTESIAN_POINT('',(13.436819773957,13.62014525951,21.6));
#7216 = LINE('',#7217,#7218);
#7217 = CARTESIAN_POINT('',(13.436819773957,13.02014525951,21.6));
#7218 = VECTOR('',#7219,1.);
#7219 = DIRECTION('',(0.,1.,0.));
#7220 = ORIENTED_EDGE('',*,*,#7221,.T.);
#7221 = EDGE_CURVE('',#7214,#7222,#7224,.T.);
#7222 = VERTEX_POINT('',#7223);
#7223 = CARTESIAN_POINT('',(13.436819773957,13.62014525951,22.25));
#7224 = LINE('',#7225,#7226);
#7225 = CARTESIAN_POINT('',(13.436819773957,13.62014525951,21.6));
#7226 = VECTOR('',#7227,1.);
#7227 = DIRECTION('',(0.,0.,1.));
#7228 = ORIENTED_EDGE('',*,*,#7229,.F.);
#7229 = EDGE_CURVE('',#7206,#7222,#7230,.T.);
#7230 = LINE('',#7231,#7232);
#7231 = CARTESIAN_POINT('',(13.436819773957,13.02014525951,22.25));
#7232 = VECTOR('',#7233,1.);
#7233 = DIRECTION('',(0.,1.,0.));
#7234 = PLANE('',#7235);
#7235 = AXIS2_PLACEMENT_3D('',#7236,#7237,#7238);
#7236 = CARTESIAN_POINT('',(13.436819773957,13.02014525951,21.6));
#7237 = DIRECTION('',(1.,0.,0.));
#7238 = DIRECTION('',(0.,0.,1.));
#7239 = ADVANCED_FACE('',(#7240),#7256,.F.);
#7240 = FACE_BOUND('',#7241,.F.);
#7241 = EDGE_LOOP('',(#7242,#7248,#7249,#7255));
#7242 = ORIENTED_EDGE('',*,*,#7243,.F.);
#7243 = EDGE_CURVE('',#7164,#7204,#7244,.T.);
#7244 = LINE('',#7245,#7246);
#7245 = CARTESIAN_POINT('',(11.820819773957,13.02014525951,21.6));
#7246 = VECTOR('',#7247,1.);
#7247 = DIRECTION('',(1.,0.,0.));
#7248 = ORIENTED_EDGE('',*,*,#7163,.T.);
#7249 = ORIENTED_EDGE('',*,*,#7250,.T.);
#7250 = EDGE_CURVE('',#7166,#7206,#7251,.T.);
#7251 = LINE('',#7252,#7253);
#7252 = CARTESIAN_POINT('',(11.820819773957,13.02014525951,22.25));
#7253 = VECTOR('',#7254,1.);
#7254 = DIRECTION('',(1.,0.,0.));
#7255 = ORIENTED_EDGE('',*,*,#7203,.F.);
#7256 = PLANE('',#7257);
#7257 = AXIS2_PLACEMENT_3D('',#7258,#7259,#7260);
#7258 = CARTESIAN_POINT('',(11.820819773957,13.02014525951,21.6));
#7259 = DIRECTION('',(0.,1.,0.));
#7260 = DIRECTION('',(0.,0.,1.));
#7261 = ADVANCED_FACE('',(#7262),#7278,.T.);
#7262 = FACE_BOUND('',#7263,.T.);
#7263 = EDGE_LOOP('',(#7264,#7270,#7271,#7277));
#7264 = ORIENTED_EDGE('',*,*,#7265,.F.);
#7265 = EDGE_CURVE('',#7174,#7214,#7266,.T.);
#7266 = LINE('',#7267,#7268);
#7267 = CARTESIAN_POINT('',(11.820819773957,13.62014525951,21.6));
#7268 = VECTOR('',#7269,1.);
#7269 = DIRECTION('',(1.,0.,0.));
#7270 = ORIENTED_EDGE('',*,*,#7181,.T.);
#7271 = ORIENTED_EDGE('',*,*,#7272,.T.);
#7272 = EDGE_CURVE('',#7182,#7222,#7273,.T.);
#7273 = LINE('',#7274,#7275);
#7274 = CARTESIAN_POINT('',(11.820819773957,13.62014525951,22.25));
#7275 = VECTOR('',#7276,1.);
#7276 = DIRECTION('',(1.,0.,0.));
#7277 = ORIENTED_EDGE('',*,*,#7221,.F.);
#7278 = PLANE('',#7279);
#7279 = AXIS2_PLACEMENT_3D('',#7280,#7281,#7282);
#7280 = CARTESIAN_POINT('',(11.820819773957,13.62014525951,21.6));
#7281 = DIRECTION('',(0.,1.,0.));
#7282 = DIRECTION('',(0.,0.,1.));
#7283 = ADVANCED_FACE('',(#7284),#7290,.F.);
#7284 = FACE_BOUND('',#7285,.F.);
#7285 = EDGE_LOOP('',(#7286,#7287,#7288,#7289));
#7286 = ORIENTED_EDGE('',*,*,#7173,.F.);
#7287 = ORIENTED_EDGE('',*,*,#7243,.T.);
#7288 = ORIENTED_EDGE('',*,*,#7213,.T.);
#7289 = ORIENTED_EDGE('',*,*,#7265,.F.);
#7290 = PLANE('',#7291);
#7291 = AXIS2_PLACEMENT_3D('',#7292,#7293,#7294);
#7292 = CARTESIAN_POINT('',(11.820819773957,13.02014525951,21.6));
#7293 = DIRECTION('',(0.,0.,1.));
#7294 = DIRECTION('',(1.,0.,0.));
#7295 = ADVANCED_FACE('',(#7296),#7302,.T.);
#7296 = FACE_BOUND('',#7297,.T.);
#7297 = EDGE_LOOP('',(#7298,#7299,#7300,#7301));
#7298 = ORIENTED_EDGE('',*,*,#7189,.F.);
#7299 = ORIENTED_EDGE('',*,*,#7250,.T.);
#7300 = ORIENTED_EDGE('',*,*,#7229,.T.);
#7301 = ORIENTED_EDGE('',*,*,#7272,.F.);
#7302 = PLANE('',#7303);
#7303 = AXIS2_PLACEMENT_3D('',#7304,#7305,#7306);
#7304 = CARTESIAN_POINT('',(11.820819773957,13.02014525951,22.25));
#7305 = DIRECTION('',(0.,0.,1.));
#7306 = DIRECTION('',(1.,0.,0.));
#7307 = MANIFOLD_SOLID_BREP('',#7308);
#7308 = CLOSED_SHELL('',(#7309,#7349,#7389,#7411,#7433,#7445));
#7309 = ADVANCED_FACE('',(#7310),#7344,.F.);
#7310 = FACE_BOUND('',#7311,.F.);
#7311 = EDGE_LOOP('',(#7312,#7322,#7330,#7338));
#7312 = ORIENTED_EDGE('',*,*,#7313,.F.);
#7313 = EDGE_CURVE('',#7314,#7316,#7318,.T.);
#7314 = VERTEX_POINT('',#7315);
#7315 = CARTESIAN_POINT('',(-14.90924395774,-9.292075162562,21.6));
#7316 = VERTEX_POINT('',#7317);
#7317 = CARTESIAN_POINT('',(-14.90924395774,-9.292075162562,22.25));
#7318 = LINE('',#7319,#7320);
#7319 = CARTESIAN_POINT('',(-14.90924395774,-9.292075162562,21.6));
#7320 = VECTOR('',#7321,1.);
#7321 = DIRECTION('',(0.,0.,1.));
#7322 = ORIENTED_EDGE('',*,*,#7323,.T.);
#7323 = EDGE_CURVE('',#7314,#7324,#7326,.T.);
#7324 = VERTEX_POINT('',#7325);
#7325 = CARTESIAN_POINT('',(-14.90924395774,-8.692075162561,21.6));
#7326 = LINE('',#7327,#7328);
#7327 = CARTESIAN_POINT('',(-14.90924395774,-9.292075162562,21.6));
#7328 = VECTOR('',#7329,1.);
#7329 = DIRECTION('',(0.,1.,0.));
#7330 = ORIENTED_EDGE('',*,*,#7331,.T.);
#7331 = EDGE_CURVE('',#7324,#7332,#7334,.T.);
#7332 = VERTEX_POINT('',#7333);
#7333 = CARTESIAN_POINT('',(-14.90924395774,-8.692075162561,22.25));
#7334 = LINE('',#7335,#7336);
#7335 = CARTESIAN_POINT('',(-14.90924395774,-8.692075162561,21.6));
#7336 = VECTOR('',#7337,1.);
#7337 = DIRECTION('',(0.,0.,1.));
#7338 = ORIENTED_EDGE('',*,*,#7339,.F.);
#7339 = EDGE_CURVE('',#7316,#7332,#7340,.T.);
#7340 = LINE('',#7341,#7342);
#7341 = CARTESIAN_POINT('',(-14.90924395774,-9.292075162562,22.25));
#7342 = VECTOR('',#7343,1.);
#7343 = DIRECTION('',(0.,1.,0.));
#7344 = PLANE('',#7345);
#7345 = AXIS2_PLACEMENT_3D('',#7346,#7347,#7348);
#7346 = CARTESIAN_POINT('',(-14.90924395774,-9.292075162562,21.6));
#7347 = DIRECTION('',(1.,0.,0.));
#7348 = DIRECTION('',(0.,0.,1.));
#7349 = ADVANCED_FACE('',(#7350),#7384,.T.);
#7350 = FACE_BOUND('',#7351,.T.);
#7351 = EDGE_LOOP('',(#7352,#7362,#7370,#7378));
#7352 = ORIENTED_EDGE('',*,*,#7353,.F.);
#7353 = EDGE_CURVE('',#7354,#7356,#7358,.T.);
#7354 = VERTEX_POINT('',#7355);
#7355 = CARTESIAN_POINT('',(-13.29324395774,-9.292075162562,21.6));
#7356 = VERTEX_POINT('',#7357);
#7357 = CARTESIAN_POINT('',(-13.29324395774,-9.292075162562,22.25));
#7358 = LINE('',#7359,#7360);
#7359 = CARTESIAN_POINT('',(-13.29324395774,-9.292075162562,21.6));
#7360 = VECTOR('',#7361,1.);
#7361 = DIRECTION('',(0.,0.,1.));
#7362 = ORIENTED_EDGE('',*,*,#7363,.T.);
#7363 = EDGE_CURVE('',#7354,#7364,#7366,.T.);
#7364 = VERTEX_POINT('',#7365);
#7365 = CARTESIAN_POINT('',(-13.29324395774,-8.692075162561,21.6));
#7366 = LINE('',#7367,#7368);
#7367 = CARTESIAN_POINT('',(-13.29324395774,-9.292075162562,21.6));
#7368 = VECTOR('',#7369,1.);
#7369 = DIRECTION('',(0.,1.,0.));
#7370 = ORIENTED_EDGE('',*,*,#7371,.T.);
#7371 = EDGE_CURVE('',#7364,#7372,#7374,.T.);
#7372 = VERTEX_POINT('',#7373);
#7373 = CARTESIAN_POINT('',(-13.29324395774,-8.692075162561,22.25));
#7374 = LINE('',#7375,#7376);
#7375 = CARTESIAN_POINT('',(-13.29324395774,-8.692075162561,21.6));
#7376 = VECTOR('',#7377,1.);
#7377 = DIRECTION('',(0.,0.,1.));
#7378 = ORIENTED_EDGE('',*,*,#7379,.F.);
#7379 = EDGE_CURVE('',#7356,#7372,#7380,.T.);
#7380 = LINE('',#7381,#7382);
#7381 = CARTESIAN_POINT('',(-13.29324395774,-9.292075162562,22.25));
#7382 = VECTOR('',#7383,1.);
#7383 = DIRECTION('',(0.,1.,0.));
#7384 = PLANE('',#7385);
#7385 = AXIS2_PLACEMENT_3D('',#7386,#7387,#7388);
#7386 = CARTESIAN_POINT('',(-13.29324395774,-9.292075162562,21.6));
#7387 = DIRECTION('',(1.,0.,0.));
#7388 = DIRECTION('',(0.,0.,1.));
#7389 = ADVANCED_FACE('',(#7390),#7406,.F.);
#7390 = FACE_BOUND('',#7391,.F.);
#7391 = EDGE_LOOP('',(#7392,#7398,#7399,#7405));
#7392 = ORIENTED_EDGE('',*,*,#7393,.F.);
#7393 = EDGE_CURVE('',#7314,#7354,#7394,.T.);
#7394 = LINE('',#7395,#7396);
#7395 = CARTESIAN_POINT('',(-14.90924395774,-9.292075162562,21.6));
#7396 = VECTOR('',#7397,1.);
#7397 = DIRECTION('',(1.,0.,0.));
#7398 = ORIENTED_EDGE('',*,*,#7313,.T.);
#7399 = ORIENTED_EDGE('',*,*,#7400,.T.);
#7400 = EDGE_CURVE('',#7316,#7356,#7401,.T.);
#7401 = LINE('',#7402,#7403);
#7402 = CARTESIAN_POINT('',(-14.90924395774,-9.292075162562,22.25));
#7403 = VECTOR('',#7404,1.);
#7404 = DIRECTION('',(1.,0.,0.));
#7405 = ORIENTED_EDGE('',*,*,#7353,.F.);
#7406 = PLANE('',#7407);
#7407 = AXIS2_PLACEMENT_3D('',#7408,#7409,#7410);
#7408 = CARTESIAN_POINT('',(-14.90924395774,-9.292075162562,21.6));
#7409 = DIRECTION('',(0.,1.,0.));
#7410 = DIRECTION('',(0.,0.,1.));
#7411 = ADVANCED_FACE('',(#7412),#7428,.T.);
#7412 = FACE_BOUND('',#7413,.T.);
#7413 = EDGE_LOOP('',(#7414,#7420,#7421,#7427));
#7414 = ORIENTED_EDGE('',*,*,#7415,.F.);
#7415 = EDGE_CURVE('',#7324,#7364,#7416,.T.);
#7416 = LINE('',#7417,#7418);
#7417 = CARTESIAN_POINT('',(-14.90924395774,-8.692075162561,21.6));
#7418 = VECTOR('',#7419,1.);
#7419 = DIRECTION('',(1.,0.,0.));
#7420 = ORIENTED_EDGE('',*,*,#7331,.T.);
#7421 = ORIENTED_EDGE('',*,*,#7422,.T.);
#7422 = EDGE_CURVE('',#7332,#7372,#7423,.T.);
#7423 = LINE('',#7424,#7425);
#7424 = CARTESIAN_POINT('',(-14.90924395774,-8.692075162561,22.25));
#7425 = VECTOR('',#7426,1.);
#7426 = DIRECTION('',(1.,0.,0.));
#7427 = ORIENTED_EDGE('',*,*,#7371,.F.);
#7428 = PLANE('',#7429);
#7429 = AXIS2_PLACEMENT_3D('',#7430,#7431,#7432);
#7430 = CARTESIAN_POINT('',(-14.90924395774,-8.692075162561,21.6));
#7431 = DIRECTION('',(0.,1.,0.));
#7432 = DIRECTION('',(0.,0.,1.));
#7433 = ADVANCED_FACE('',(#7434),#7440,.F.);
#7434 = FACE_BOUND('',#7435,.F.);
#7435 = EDGE_LOOP('',(#7436,#7437,#7438,#7439));
#7436 = ORIENTED_EDGE('',*,*,#7323,.F.);
#7437 = ORIENTED_EDGE('',*,*,#7393,.T.);
#7438 = ORIENTED_EDGE('',*,*,#7363,.T.);
#7439 = ORIENTED_EDGE('',*,*,#7415,.F.);
#7440 = PLANE('',#7441);
#7441 = AXIS2_PLACEMENT_3D('',#7442,#7443,#7444);
#7442 = CARTESIAN_POINT('',(-14.90924395774,-9.292075162562,21.6));
#7443 = DIRECTION('',(0.,0.,1.));
#7444 = DIRECTION('',(1.,0.,0.));
#7445 = ADVANCED_FACE('',(#7446),#7452,.T.);
#7446 = FACE_BOUND('',#7447,.T.);
#7447 = EDGE_LOOP('',(#7448,#7449,#7450,#7451));
#7448 = ORIENTED_EDGE('',*,*,#7339,.F.);
#7449 = ORIENTED_EDGE('',*,*,#7400,.T.);
#7450 = ORIENTED_EDGE('',*,*,#7379,.T.);
#7451 = ORIENTED_EDGE('',*,*,#7422,.F.);
#7452 = PLANE('',#7453);
#7453 = AXIS2_PLACEMENT_3D('',#7454,#7455,#7456);
#7454 = CARTESIAN_POINT('',(-14.90924395774,-9.292075162562,22.25));
#7455 = DIRECTION('',(0.,0.,1.));
#7456 = DIRECTION('',(1.,0.,0.));
#7457 = MANIFOLD_SOLID_BREP('',#7458);
#7458 = CLOSED_SHELL('',(#7459,#7499,#7539,#7561,#7583,#7595));
#7459 = ADVANCED_FACE('',(#7460),#7494,.F.);
#7460 = FACE_BOUND('',#7461,.F.);
#7461 = EDGE_LOOP('',(#7462,#7472,#7480,#7488));
#7462 = ORIENTED_EDGE('',*,*,#7463,.F.);
#7463 = EDGE_CURVE('',#7464,#7466,#7468,.T.);
#7464 = VERTEX_POINT('',#7465);
#7465 = CARTESIAN_POINT('',(-1.241761282704,-10.96160986011,21.6));
#7466 = VERTEX_POINT('',#7467);
#7467 = CARTESIAN_POINT('',(-1.241761282704,-10.96160986011,22.25));
#7468 = LINE('',#7469,#7470);
#7469 = CARTESIAN_POINT('',(-1.241761282704,-10.96160986011,21.6));
#7470 = VECTOR('',#7471,1.);
#7471 = DIRECTION('',(0.,0.,1.));
#7472 = ORIENTED_EDGE('',*,*,#7473,.T.);
#7473 = EDGE_CURVE('',#7464,#7474,#7476,.T.);
#7474 = VERTEX_POINT('',#7475);
#7475 = CARTESIAN_POINT('',(-0.641761282704,-10.96160986011,21.6));
#7476 = LINE('',#7477,#7478);
#7477 = CARTESIAN_POINT('',(-1.241761282704,-10.96160986011,21.6));
#7478 = VECTOR('',#7479,1.);
#7479 = DIRECTION('',(1.,1.110223024625E-16,0.));
#7480 = ORIENTED_EDGE('',*,*,#7481,.T.);
#7481 = EDGE_CURVE('',#7474,#7482,#7484,.T.);
#7482 = VERTEX_POINT('',#7483);
#7483 = CARTESIAN_POINT('',(-0.641761282704,-10.96160986011,22.25));
#7484 = LINE('',#7485,#7486);
#7485 = CARTESIAN_POINT('',(-0.641761282704,-10.96160986011,21.6));
#7486 = VECTOR('',#7487,1.);
#7487 = DIRECTION('',(0.,0.,1.));
#7488 = ORIENTED_EDGE('',*,*,#7489,.F.);
#7489 = EDGE_CURVE('',#7466,#7482,#7490,.T.);
#7490 = LINE('',#7491,#7492);
#7491 = CARTESIAN_POINT('',(-1.241761282704,-10.96160986011,22.25));
#7492 = VECTOR('',#7493,1.);
#7493 = DIRECTION('',(1.,1.110223024625E-16,0.));
#7494 = PLANE('',#7495);
#7495 = AXIS2_PLACEMENT_3D('',#7496,#7497,#7498);
#7496 = CARTESIAN_POINT('',(-1.241761282704,-10.96160986011,21.6));
#7497 = DIRECTION('',(1.110223024625E-16,-1.,0.));
#7498 = DIRECTION('',(0.,0.,1.));
#7499 = ADVANCED_FACE('',(#7500),#7534,.T.);
#7500 = FACE_BOUND('',#7501,.T.);
#7501 = EDGE_LOOP('',(#7502,#7512,#7520,#7528));
#7502 = ORIENTED_EDGE('',*,*,#7503,.F.);
#7503 = EDGE_CURVE('',#7504,#7506,#7508,.T.);
#7504 = VERTEX_POINT('',#7505);
#7505 = CARTESIAN_POINT('',(-1.241761282704,-12.57760986011,21.6));
#7506 = VERTEX_POINT('',#7507);
#7507 = CARTESIAN_POINT('',(-1.241761282704,-12.57760986011,22.25));
#7508 = LINE('',#7509,#7510);
#7509 = CARTESIAN_POINT('',(-1.241761282704,-12.57760986011,21.6));
#7510 = VECTOR('',#7511,1.);
#7511 = DIRECTION('',(0.,0.,1.));
#7512 = ORIENTED_EDGE('',*,*,#7513,.T.);
#7513 = EDGE_CURVE('',#7504,#7514,#7516,.T.);
#7514 = VERTEX_POINT('',#7515);
#7515 = CARTESIAN_POINT('',(-0.641761282704,-12.57760986011,21.6));
#7516 = LINE('',#7517,#7518);
#7517 = CARTESIAN_POINT('',(-1.241761282704,-12.57760986011,21.6));
#7518 = VECTOR('',#7519,1.);
#7519 = DIRECTION('',(1.,1.110223024625E-16,0.));
#7520 = ORIENTED_EDGE('',*,*,#7521,.T.);
#7521 = EDGE_CURVE('',#7514,#7522,#7524,.T.);
#7522 = VERTEX_POINT('',#7523);
#7523 = CARTESIAN_POINT('',(-0.641761282704,-12.57760986011,22.25));
#7524 = LINE('',#7525,#7526);
#7525 = CARTESIAN_POINT('',(-0.641761282704,-12.57760986011,21.6));
#7526 = VECTOR('',#7527,1.);
#7527 = DIRECTION('',(0.,0.,1.));
#7528 = ORIENTED_EDGE('',*,*,#7529,.F.);
#7529 = EDGE_CURVE('',#7506,#7522,#7530,.T.);
#7530 = LINE('',#7531,#7532);
#7531 = CARTESIAN_POINT('',(-1.241761282704,-12.57760986011,22.25));
#7532 = VECTOR('',#7533,1.);
#7533 = DIRECTION('',(1.,1.110223024625E-16,0.));
#7534 = PLANE('',#7535);
#7535 = AXIS2_PLACEMENT_3D('',#7536,#7537,#7538);
#7536 = CARTESIAN_POINT('',(-1.241761282704,-12.57760986011,21.6));
#7537 = DIRECTION('',(1.110223024625E-16,-1.,0.));
#7538 = DIRECTION('',(0.,0.,1.));
#7539 = ADVANCED_FACE('',(#7540),#7556,.F.);
#7540 = FACE_BOUND('',#7541,.F.);
#7541 = EDGE_LOOP('',(#7542,#7548,#7549,#7555));
#7542 = ORIENTED_EDGE('',*,*,#7543,.F.);
#7543 = EDGE_CURVE('',#7464,#7504,#7544,.T.);
#7544 = LINE('',#7545,#7546);
#7545 = CARTESIAN_POINT('',(-1.241761282704,-10.96160986011,21.6));
#7546 = VECTOR('',#7547,1.);
#7547 = DIRECTION('',(1.110223024625E-16,-1.,0.));
#7548 = ORIENTED_EDGE('',*,*,#7463,.T.);
#7549 = ORIENTED_EDGE('',*,*,#7550,.T.);
#7550 = EDGE_CURVE('',#7466,#7506,#7551,.T.);
#7551 = LINE('',#7552,#7553);
#7552 = CARTESIAN_POINT('',(-1.241761282704,-10.96160986011,22.25));
#7553 = VECTOR('',#7554,1.);
#7554 = DIRECTION('',(1.110223024625E-16,-1.,0.));
#7555 = ORIENTED_EDGE('',*,*,#7503,.F.);
#7556 = PLANE('',#7557);
#7557 = AXIS2_PLACEMENT_3D('',#7558,#7559,#7560);
#7558 = CARTESIAN_POINT('',(-1.241761282704,-10.96160986011,21.6));
#7559 = DIRECTION('',(1.,1.110223024625E-16,0.));
#7560 = DIRECTION('',(0.,0.,1.));
#7561 = ADVANCED_FACE('',(#7562),#7578,.T.);
#7562 = FACE_BOUND('',#7563,.T.);
#7563 = EDGE_LOOP('',(#7564,#7570,#7571,#7577));
#7564 = ORIENTED_EDGE('',*,*,#7565,.F.);
#7565 = EDGE_CURVE('',#7474,#7514,#7566,.T.);
#7566 = LINE('',#7567,#7568);
#7567 = CARTESIAN_POINT('',(-0.641761282704,-10.96160986011,21.6));
#7568 = VECTOR('',#7569,1.);
#7569 = DIRECTION('',(1.110223024625E-16,-1.,0.));
#7570 = ORIENTED_EDGE('',*,*,#7481,.T.);
#7571 = ORIENTED_EDGE('',*,*,#7572,.T.);
#7572 = EDGE_CURVE('',#7482,#7522,#7573,.T.);
#7573 = LINE('',#7574,#7575);
#7574 = CARTESIAN_POINT('',(-0.641761282704,-10.96160986011,22.25));
#7575 = VECTOR('',#7576,1.);
#7576 = DIRECTION('',(1.110223024625E-16,-1.,0.));
#7577 = ORIENTED_EDGE('',*,*,#7521,.F.);
#7578 = PLANE('',#7579);
#7579 = AXIS2_PLACEMENT_3D('',#7580,#7581,#7582);
#7580 = CARTESIAN_POINT('',(-0.641761282704,-10.96160986011,21.6));
#7581 = DIRECTION('',(1.,1.110223024625E-16,0.));
#7582 = DIRECTION('',(0.,0.,1.));
#7583 = ADVANCED_FACE('',(#7584),#7590,.F.);
#7584 = FACE_BOUND('',#7585,.F.);
#7585 = EDGE_LOOP('',(#7586,#7587,#7588,#7589));
#7586 = ORIENTED_EDGE('',*,*,#7473,.F.);
#7587 = ORIENTED_EDGE('',*,*,#7543,.T.);
#7588 = ORIENTED_EDGE('',*,*,#7513,.T.);
#7589 = ORIENTED_EDGE('',*,*,#7565,.F.);
#7590 = PLANE('',#7591);
#7591 = AXIS2_PLACEMENT_3D('',#7592,#7593,#7594);
#7592 = CARTESIAN_POINT('',(-1.241761282704,-10.96160986011,21.6));
#7593 = DIRECTION('',(0.,0.,1.));
#7594 = DIRECTION('',(1.110223024625E-16,-1.,0.));
#7595 = ADVANCED_FACE('',(#7596),#7602,.T.);
#7596 = FACE_BOUND('',#7597,.T.);
#7597 = EDGE_LOOP('',(#7598,#7599,#7600,#7601));
#7598 = ORIENTED_EDGE('',*,*,#7489,.F.);
#7599 = ORIENTED_EDGE('',*,*,#7550,.T.);
#7600 = ORIENTED_EDGE('',*,*,#7529,.T.);
#7601 = ORIENTED_EDGE('',*,*,#7572,.F.);
#7602 = PLANE('',#7603);
#7603 = AXIS2_PLACEMENT_3D('',#7604,#7605,#7606);
#7604 = CARTESIAN_POINT('',(-1.241761282704,-10.96160986011,22.25));
#7605 = DIRECTION('',(0.,0.,1.));
#7606 = DIRECTION('',(1.110223024625E-16,-1.,0.));
#7607 = MANIFOLD_SOLID_BREP('',#7608);
#7608 = CLOSED_SHELL('',(#7609,#7649,#7689,#7711,#7733,#7745));
#7609 = ADVANCED_FACE('',(#7610),#7644,.F.);
#7610 = FACE_BOUND('',#7611,.F.);
#7611 = EDGE_LOOP('',(#7612,#7622,#7630,#7638));
#7612 = ORIENTED_EDGE('',*,*,#7613,.F.);
#7613 = EDGE_CURVE('',#7614,#7616,#7618,.T.);
#7614 = VERTEX_POINT('',#7615);
#7615 = CARTESIAN_POINT('',(-6.045049457234,-4.71814483507,21.6));
#7616 = VERTEX_POINT('',#7617);
#7617 = CARTESIAN_POINT('',(-6.045049457234,-4.71814483507,22.25));
#7618 = LINE('',#7619,#7620);
#7619 = CARTESIAN_POINT('',(-6.045049457234,-4.71814483507,21.6));
#7620 = VECTOR('',#7621,1.);
#7621 = DIRECTION('',(0.,0.,1.));
#7622 = ORIENTED_EDGE('',*,*,#7623,.T.);
#7623 = EDGE_CURVE('',#7614,#7624,#7626,.T.);
#7624 = VERTEX_POINT('',#7625);
#7625 = CARTESIAN_POINT('',(-5.445049457234,-4.71814483507,21.6));
#7626 = LINE('',#7627,#7628);
#7627 = CARTESIAN_POINT('',(-6.045049457234,-4.71814483507,21.6));
#7628 = VECTOR('',#7629,1.);
#7629 = DIRECTION('',(1.,1.110223024625E-16,0.));
#7630 = ORIENTED_EDGE('',*,*,#7631,.T.);
#7631 = EDGE_CURVE('',#7624,#7632,#7634,.T.);
#7632 = VERTEX_POINT('',#7633);
#7633 = CARTESIAN_POINT('',(-5.445049457234,-4.71814483507,22.25));
#7634 = LINE('',#7635,#7636);
#7635 = CARTESIAN_POINT('',(-5.445049457234,-4.71814483507,21.6));
#7636 = VECTOR('',#7637,1.);
#7637 = DIRECTION('',(0.,0.,1.));
#7638 = ORIENTED_EDGE('',*,*,#7639,.F.);
#7639 = EDGE_CURVE('',#7616,#7632,#7640,.T.);
#7640 = LINE('',#7641,#7642);
#7641 = CARTESIAN_POINT('',(-6.045049457234,-4.71814483507,22.25));
#7642 = VECTOR('',#7643,1.);
#7643 = DIRECTION('',(1.,1.110223024625E-16,0.));
#7644 = PLANE('',#7645);
#7645 = AXIS2_PLACEMENT_3D('',#7646,#7647,#7648);
#7646 = CARTESIAN_POINT('',(-6.045049457234,-4.71814483507,21.6));
#7647 = DIRECTION('',(1.110223024625E-16,-1.,0.));
#7648 = DIRECTION('',(0.,0.,1.));
#7649 = ADVANCED_FACE('',(#7650),#7684,.T.);
#7650 = FACE_BOUND('',#7651,.T.);
#7651 = EDGE_LOOP('',(#7652,#7662,#7670,#7678));
#7652 = ORIENTED_EDGE('',*,*,#7653,.F.);
#7653 = EDGE_CURVE('',#7654,#7656,#7658,.T.);
#7654 = VERTEX_POINT('',#7655);
#7655 = CARTESIAN_POINT('',(-6.045049457234,-6.33414483507,21.6));
#7656 = VERTEX_POINT('',#7657);
#7657 = CARTESIAN_POINT('',(-6.045049457234,-6.33414483507,22.25));
#7658 = LINE('',#7659,#7660);
#7659 = CARTESIAN_POINT('',(-6.045049457234,-6.33414483507,21.6));
#7660 = VECTOR('',#7661,1.);
#7661 = DIRECTION('',(0.,0.,1.));
#7662 = ORIENTED_EDGE('',*,*,#7663,.T.);
#7663 = EDGE_CURVE('',#7654,#7664,#7666,.T.);
#7664 = VERTEX_POINT('',#7665);
#7665 = CARTESIAN_POINT('',(-5.445049457234,-6.33414483507,21.6));
#7666 = LINE('',#7667,#7668);
#7667 = CARTESIAN_POINT('',(-6.045049457234,-6.33414483507,21.6));
#7668 = VECTOR('',#7669,1.);
#7669 = DIRECTION('',(1.,1.110223024625E-16,0.));
#7670 = ORIENTED_EDGE('',*,*,#7671,.T.);
#7671 = EDGE_CURVE('',#7664,#7672,#7674,.T.);
#7672 = VERTEX_POINT('',#7673);
#7673 = CARTESIAN_POINT('',(-5.445049457234,-6.33414483507,22.25));
#7674 = LINE('',#7675,#7676);
#7675 = CARTESIAN_POINT('',(-5.445049457234,-6.33414483507,21.6));
#7676 = VECTOR('',#7677,1.);
#7677 = DIRECTION('',(0.,0.,1.));
#7678 = ORIENTED_EDGE('',*,*,#7679,.F.);
#7679 = EDGE_CURVE('',#7656,#7672,#7680,.T.);
#7680 = LINE('',#7681,#7682);
#7681 = CARTESIAN_POINT('',(-6.045049457234,-6.33414483507,22.25));
#7682 = VECTOR('',#7683,1.);
#7683 = DIRECTION('',(1.,1.110223024625E-16,0.));
#7684 = PLANE('',#7685);
#7685 = AXIS2_PLACEMENT_3D('',#7686,#7687,#7688);
#7686 = CARTESIAN_POINT('',(-6.045049457234,-6.33414483507,21.6));
#7687 = DIRECTION('',(1.110223024625E-16,-1.,0.));
#7688 = DIRECTION('',(0.,0.,1.));
#7689 = ADVANCED_FACE('',(#7690),#7706,.F.);
#7690 = FACE_BOUND('',#7691,.F.);
#7691 = EDGE_LOOP('',(#7692,#7698,#7699,#7705));
#7692 = ORIENTED_EDGE('',*,*,#7693,.F.);
#7693 = EDGE_CURVE('',#7614,#7654,#7694,.T.);
#7694 = LINE('',#7695,#7696);
#7695 = CARTESIAN_POINT('',(-6.045049457234,-4.71814483507,21.6));
#7696 = VECTOR('',#7697,1.);
#7697 = DIRECTION('',(1.110223024625E-16,-1.,0.));
#7698 = ORIENTED_EDGE('',*,*,#7613,.T.);
#7699 = ORIENTED_EDGE('',*,*,#7700,.T.);
#7700 = EDGE_CURVE('',#7616,#7656,#7701,.T.);
#7701 = LINE('',#7702,#7703);
#7702 = CARTESIAN_POINT('',(-6.045049457234,-4.71814483507,22.25));
#7703 = VECTOR('',#7704,1.);
#7704 = DIRECTION('',(1.110223024625E-16,-1.,0.));
#7705 = ORIENTED_EDGE('',*,*,#7653,.F.);
#7706 = PLANE('',#7707);
#7707 = AXIS2_PLACEMENT_3D('',#7708,#7709,#7710);
#7708 = CARTESIAN_POINT('',(-6.045049457234,-4.71814483507,21.6));
#7709 = DIRECTION('',(1.,1.110223024625E-16,0.));
#7710 = DIRECTION('',(0.,0.,1.));
#7711 = ADVANCED_FACE('',(#7712),#7728,.T.);
#7712 = FACE_BOUND('',#7713,.T.);
#7713 = EDGE_LOOP('',(#7714,#7720,#7721,#7727));
#7714 = ORIENTED_EDGE('',*,*,#7715,.F.);
#7715 = EDGE_CURVE('',#7624,#7664,#7716,.T.);
#7716 = LINE('',#7717,#7718);
#7717 = CARTESIAN_POINT('',(-5.445049457234,-4.71814483507,21.6));
#7718 = VECTOR('',#7719,1.);
#7719 = DIRECTION('',(1.110223024625E-16,-1.,0.));
#7720 = ORIENTED_EDGE('',*,*,#7631,.T.);
#7721 = ORIENTED_EDGE('',*,*,#7722,.T.);
#7722 = EDGE_CURVE('',#7632,#7672,#7723,.T.);
#7723 = LINE('',#7724,#7725);
#7724 = CARTESIAN_POINT('',(-5.445049457234,-4.71814483507,22.25));
#7725 = VECTOR('',#7726,1.);
#7726 = DIRECTION('',(1.110223024625E-16,-1.,0.));
#7727 = ORIENTED_EDGE('',*,*,#7671,.F.);
#7728 = PLANE('',#7729);
#7729 = AXIS2_PLACEMENT_3D('',#7730,#7731,#7732);
#7730 = CARTESIAN_POINT('',(-5.445049457234,-4.71814483507,21.6));
#7731 = DIRECTION('',(1.,1.110223024625E-16,0.));
#7732 = DIRECTION('',(0.,0.,1.));
#7733 = ADVANCED_FACE('',(#7734),#7740,.F.);
#7734 = FACE_BOUND('',#7735,.F.);
#7735 = EDGE_LOOP('',(#7736,#7737,#7738,#7739));
#7736 = ORIENTED_EDGE('',*,*,#7623,.F.);
#7737 = ORIENTED_EDGE('',*,*,#7693,.T.);
#7738 = ORIENTED_EDGE('',*,*,#7663,.T.);
#7739 = ORIENTED_EDGE('',*,*,#7715,.F.);
#7740 = PLANE('',#7741);
#7741 = AXIS2_PLACEMENT_3D('',#7742,#7743,#7744);
#7742 = CARTESIAN_POINT('',(-6.045049457234,-4.71814483507,21.6));
#7743 = DIRECTION('',(0.,0.,1.));
#7744 = DIRECTION('',(1.110223024625E-16,-1.,0.));
#7745 = ADVANCED_FACE('',(#7746),#7752,.T.);
#7746 = FACE_BOUND('',#7747,.T.);
#7747 = EDGE_LOOP('',(#7748,#7749,#7750,#7751));
#7748 = ORIENTED_EDGE('',*,*,#7639,.F.);
#7749 = ORIENTED_EDGE('',*,*,#7700,.T.);
#7750 = ORIENTED_EDGE('',*,*,#7679,.T.);
#7751 = ORIENTED_EDGE('',*,*,#7722,.F.);
#7752 = PLANE('',#7753);
#7753 = AXIS2_PLACEMENT_3D('',#7754,#7755,#7756);
#7754 = CARTESIAN_POINT('',(-6.045049457234,-4.71814483507,22.25));
#7755 = DIRECTION('',(0.,0.,1.));
#7756 = DIRECTION('',(1.110223024625E-16,-1.,0.));
#7757 = MANIFOLD_SOLID_BREP('',#7758);
#7758 = CLOSED_SHELL('',(#7759,#7799,#7839,#7861,#7883,#7895));
#7759 = ADVANCED_FACE('',(#7760),#7794,.F.);
#7760 = FACE_BOUND('',#7761,.F.);
#7761 = EDGE_LOOP('',(#7762,#7772,#7780,#7788));
#7762 = ORIENTED_EDGE('',*,*,#7763,.F.);
#7763 = EDGE_CURVE('',#7764,#7766,#7768,.T.);
#7764 = VERTEX_POINT('',#7765);
#7765 = CARTESIAN_POINT('',(-11.59506631348,-4.102631920846,21.6));
#7766 = VERTEX_POINT('',#7767);
#7767 = CARTESIAN_POINT('',(-11.59506631348,-4.102631920846,22.25));
#7768 = LINE('',#7769,#7770);
#7769 = CARTESIAN_POINT('',(-11.59506631348,-4.102631920846,21.6));
#7770 = VECTOR('',#7771,1.);
#7771 = DIRECTION('',(0.,0.,1.));
#7772 = ORIENTED_EDGE('',*,*,#7773,.T.);
#7773 = EDGE_CURVE('',#7764,#7774,#7776,.T.);
#7774 = VERTEX_POINT('',#7775);
#7775 = CARTESIAN_POINT('',(-11.59506631348,-3.502631920846,21.6));
#7776 = LINE('',#7777,#7778);
#7777 = CARTESIAN_POINT('',(-11.59506631348,-4.102631920846,21.6));
#7778 = VECTOR('',#7779,1.);
#7779 = DIRECTION('',(0.,1.,0.));
#7780 = ORIENTED_EDGE('',*,*,#7781,.T.);
#7781 = EDGE_CURVE('',#7774,#7782,#7784,.T.);
#7782 = VERTEX_POINT('',#7783);
#7783 = CARTESIAN_POINT('',(-11.59506631348,-3.502631920846,22.25));
#7784 = LINE('',#7785,#7786);
#7785 = CARTESIAN_POINT('',(-11.59506631348,-3.502631920846,21.6));
#7786 = VECTOR('',#7787,1.);
#7787 = DIRECTION('',(0.,0.,1.));
#7788 = ORIENTED_EDGE('',*,*,#7789,.F.);
#7789 = EDGE_CURVE('',#7766,#7782,#7790,.T.);
#7790 = LINE('',#7791,#7792);
#7791 = CARTESIAN_POINT('',(-11.59506631348,-4.102631920846,22.25));
#7792 = VECTOR('',#7793,1.);
#7793 = DIRECTION('',(0.,1.,0.));
#7794 = PLANE('',#7795);
#7795 = AXIS2_PLACEMENT_3D('',#7796,#7797,#7798);
#7796 = CARTESIAN_POINT('',(-11.59506631348,-4.102631920846,21.6));
#7797 = DIRECTION('',(1.,0.,0.));
#7798 = DIRECTION('',(0.,0.,1.));
#7799 = ADVANCED_FACE('',(#7800),#7834,.T.);
#7800 = FACE_BOUND('',#7801,.T.);
#7801 = EDGE_LOOP('',(#7802,#7812,#7820,#7828));
#7802 = ORIENTED_EDGE('',*,*,#7803,.F.);
#7803 = EDGE_CURVE('',#7804,#7806,#7808,.T.);
#7804 = VERTEX_POINT('',#7805);
#7805 = CARTESIAN_POINT('',(-9.979066313481,-4.102631920846,21.6));
#7806 = VERTEX_POINT('',#7807);
#7807 = CARTESIAN_POINT('',(-9.979066313481,-4.102631920846,22.25));
#7808 = LINE('',#7809,#7810);
#7809 = CARTESIAN_POINT('',(-9.979066313481,-4.102631920846,21.6));
#7810 = VECTOR('',#7811,1.);
#7811 = DIRECTION('',(0.,0.,1.));
#7812 = ORIENTED_EDGE('',*,*,#7813,.T.);
#7813 = EDGE_CURVE('',#7804,#7814,#7816,.T.);
#7814 = VERTEX_POINT('',#7815);
#7815 = CARTESIAN_POINT('',(-9.979066313481,-3.502631920846,21.6));
#7816 = LINE('',#7817,#7818);
#7817 = CARTESIAN_POINT('',(-9.979066313481,-4.102631920846,21.6));
#7818 = VECTOR('',#7819,1.);
#7819 = DIRECTION('',(0.,1.,0.));
#7820 = ORIENTED_EDGE('',*,*,#7821,.T.);
#7821 = EDGE_CURVE('',#7814,#7822,#7824,.T.);
#7822 = VERTEX_POINT('',#7823);
#7823 = CARTESIAN_POINT('',(-9.979066313481,-3.502631920846,22.25));
#7824 = LINE('',#7825,#7826);
#7825 = CARTESIAN_POINT('',(-9.979066313481,-3.502631920846,21.6));
#7826 = VECTOR('',#7827,1.);
#7827 = DIRECTION('',(0.,0.,1.));
#7828 = ORIENTED_EDGE('',*,*,#7829,.F.);
#7829 = EDGE_CURVE('',#7806,#7822,#7830,.T.);
#7830 = LINE('',#7831,#7832);
#7831 = CARTESIAN_POINT('',(-9.979066313481,-4.102631920846,22.25));
#7832 = VECTOR('',#7833,1.);
#7833 = DIRECTION('',(0.,1.,0.));
#7834 = PLANE('',#7835);
#7835 = AXIS2_PLACEMENT_3D('',#7836,#7837,#7838);
#7836 = CARTESIAN_POINT('',(-9.979066313481,-4.102631920846,21.6));
#7837 = DIRECTION('',(1.,0.,0.));
#7838 = DIRECTION('',(0.,0.,1.));
#7839 = ADVANCED_FACE('',(#7840),#7856,.F.);
#7840 = FACE_BOUND('',#7841,.F.);
#7841 = EDGE_LOOP('',(#7842,#7848,#7849,#7855));
#7842 = ORIENTED_EDGE('',*,*,#7843,.F.);
#7843 = EDGE_CURVE('',#7764,#7804,#7844,.T.);
#7844 = LINE('',#7845,#7846);
#7845 = CARTESIAN_POINT('',(-11.59506631348,-4.102631920846,21.6));
#7846 = VECTOR('',#7847,1.);
#7847 = DIRECTION('',(1.,0.,0.));
#7848 = ORIENTED_EDGE('',*,*,#7763,.T.);
#7849 = ORIENTED_EDGE('',*,*,#7850,.T.);
#7850 = EDGE_CURVE('',#7766,#7806,#7851,.T.);
#7851 = LINE('',#7852,#7853);
#7852 = CARTESIAN_POINT('',(-11.59506631348,-4.102631920846,22.25));
#7853 = VECTOR('',#7854,1.);
#7854 = DIRECTION('',(1.,0.,0.));
#7855 = ORIENTED_EDGE('',*,*,#7803,.F.);
#7856 = PLANE('',#7857);
#7857 = AXIS2_PLACEMENT_3D('',#7858,#7859,#7860);
#7858 = CARTESIAN_POINT('',(-11.59506631348,-4.102631920846,21.6));
#7859 = DIRECTION('',(0.,1.,0.));
#7860 = DIRECTION('',(0.,0.,1.));
#7861 = ADVANCED_FACE('',(#7862),#7878,.T.);
#7862 = FACE_BOUND('',#7863,.T.);
#7863 = EDGE_LOOP('',(#7864,#7870,#7871,#7877));
#7864 = ORIENTED_EDGE('',*,*,#7865,.F.);
#7865 = EDGE_CURVE('',#7774,#7814,#7866,.T.);
#7866 = LINE('',#7867,#7868);
#7867 = CARTESIAN_POINT('',(-11.59506631348,-3.502631920846,21.6));
#7868 = VECTOR('',#7869,1.);
#7869 = DIRECTION('',(1.,0.,0.));
#7870 = ORIENTED_EDGE('',*,*,#7781,.T.);
#7871 = ORIENTED_EDGE('',*,*,#7872,.T.);
#7872 = EDGE_CURVE('',#7782,#7822,#7873,.T.);
#7873 = LINE('',#7874,#7875);
#7874 = CARTESIAN_POINT('',(-11.59506631348,-3.502631920846,22.25));
#7875 = VECTOR('',#7876,1.);
#7876 = DIRECTION('',(1.,0.,0.));
#7877 = ORIENTED_EDGE('',*,*,#7821,.F.);
#7878 = PLANE('',#7879);
#7879 = AXIS2_PLACEMENT_3D('',#7880,#7881,#7882);
#7880 = CARTESIAN_POINT('',(-11.59506631348,-3.502631920846,21.6));
#7881 = DIRECTION('',(0.,1.,0.));
#7882 = DIRECTION('',(0.,0.,1.));
#7883 = ADVANCED_FACE('',(#7884),#7890,.F.);
#7884 = FACE_BOUND('',#7885,.F.);
#7885 = EDGE_LOOP('',(#7886,#7887,#7888,#7889));
#7886 = ORIENTED_EDGE('',*,*,#7773,.F.);
#7887 = ORIENTED_EDGE('',*,*,#7843,.T.);
#7888 = ORIENTED_EDGE('',*,*,#7813,.T.);
#7889 = ORIENTED_EDGE('',*,*,#7865,.F.);
#7890 = PLANE('',#7891);
#7891 = AXIS2_PLACEMENT_3D('',#7892,#7893,#7894);
#7892 = CARTESIAN_POINT('',(-11.59506631348,-4.102631920846,21.6));
#7893 = DIRECTION('',(0.,0.,1.));
#7894 = DIRECTION('',(1.,0.,0.));
#7895 = ADVANCED_FACE('',(#7896),#7902,.T.);
#7896 = FACE_BOUND('',#7897,.T.);
#7897 = EDGE_LOOP('',(#7898,#7899,#7900,#7901));
#7898 = ORIENTED_EDGE('',*,*,#7789,.F.);
#7899 = ORIENTED_EDGE('',*,*,#7850,.T.);
#7900 = ORIENTED_EDGE('',*,*,#7829,.T.);
#7901 = ORIENTED_EDGE('',*,*,#7872,.F.);
#7902 = PLANE('',#7903);
#7903 = AXIS2_PLACEMENT_3D('',#7904,#7905,#7906);
#7904 = CARTESIAN_POINT('',(-11.59506631348,-4.102631920846,22.25));
#7905 = DIRECTION('',(0.,0.,1.));
#7906 = DIRECTION('',(1.,0.,0.));
#7907 = MANIFOLD_SOLID_BREP('',#7908);
#7908 = CLOSED_SHELL('',(#7909,#7949,#7989,#8011,#8033,#8045));
#7909 = ADVANCED_FACE('',(#7910),#7944,.F.);
#7910 = FACE_BOUND('',#7911,.F.);
#7911 = EDGE_LOOP('',(#7912,#7922,#7930,#7938));
#7912 = ORIENTED_EDGE('',*,*,#7913,.F.);
#7913 = EDGE_CURVE('',#7914,#7916,#7918,.T.);
#7914 = VERTEX_POINT('',#7915);
#7915 = CARTESIAN_POINT('',(-16.01207075825,-7.770883048673,21.6));
#7916 = VERTEX_POINT('',#7917);
#7917 = CARTESIAN_POINT('',(-16.01207075825,-7.770883048673,22.25));
#7918 = LINE('',#7919,#7920);
#7919 = CARTESIAN_POINT('',(-16.01207075825,-7.770883048673,21.6));
#7920 = VECTOR('',#7921,1.);
#7921 = DIRECTION('',(0.,0.,1.));
#7922 = ORIENTED_EDGE('',*,*,#7923,.T.);
#7923 = EDGE_CURVE('',#7914,#7924,#7926,.T.);
#7924 = VERTEX_POINT('',#7925);
#7925 = CARTESIAN_POINT('',(-16.61207075825,-7.770883048673,21.6));
#7926 = LINE('',#7927,#7928);
#7927 = CARTESIAN_POINT('',(-16.01207075825,-7.770883048673,21.6));
#7928 = VECTOR('',#7929,1.);
#7929 = DIRECTION('',(-1.,2.22044604925E-16,0.));
#7930 = ORIENTED_EDGE('',*,*,#7931,.T.);
#7931 = EDGE_CURVE('',#7924,#7932,#7934,.T.);
#7932 = VERTEX_POINT('',#7933);
#7933 = CARTESIAN_POINT('',(-16.61207075825,-7.770883048673,22.25));
#7934 = LINE('',#7935,#7936);
#7935 = CARTESIAN_POINT('',(-16.61207075825,-7.770883048673,21.6));
#7936 = VECTOR('',#7937,1.);
#7937 = DIRECTION('',(0.,0.,1.));
#7938 = ORIENTED_EDGE('',*,*,#7939,.F.);
#7939 = EDGE_CURVE('',#7916,#7932,#7940,.T.);
#7940 = LINE('',#7941,#7942);
#7941 = CARTESIAN_POINT('',(-16.01207075825,-7.770883048673,22.25));
#7942 = VECTOR('',#7943,1.);
#7943 = DIRECTION('',(-1.,2.22044604925E-16,0.));
#7944 = PLANE('',#7945);
#7945 = AXIS2_PLACEMENT_3D('',#7946,#7947,#7948);
#7946 = CARTESIAN_POINT('',(-16.01207075825,-7.770883048673,21.6));
#7947 = DIRECTION('',(2.22044604925E-16,1.,0.));
#7948 = DIRECTION('',(0.,0.,1.));
#7949 = ADVANCED_FACE('',(#7950),#7984,.T.);
#7950 = FACE_BOUND('',#7951,.T.);
#7951 = EDGE_LOOP('',(#7952,#7962,#7970,#7978));
#7952 = ORIENTED_EDGE('',*,*,#7953,.F.);
#7953 = EDGE_CURVE('',#7954,#7956,#7958,.T.);
#7954 = VERTEX_POINT('',#7955);
#7955 = CARTESIAN_POINT('',(-16.01207075825,-6.154883048673,21.6));
#7956 = VERTEX_POINT('',#7957);
#7957 = CARTESIAN_POINT('',(-16.01207075825,-6.154883048673,22.25));
#7958 = LINE('',#7959,#7960);
#7959 = CARTESIAN_POINT('',(-16.01207075825,-6.154883048673,21.6));
#7960 = VECTOR('',#7961,1.);
#7961 = DIRECTION('',(0.,0.,1.));
#7962 = ORIENTED_EDGE('',*,*,#7963,.T.);
#7963 = EDGE_CURVE('',#7954,#7964,#7966,.T.);
#7964 = VERTEX_POINT('',#7965);
#7965 = CARTESIAN_POINT('',(-16.61207075825,-6.154883048673,21.6));
#7966 = LINE('',#7967,#7968);
#7967 = CARTESIAN_POINT('',(-16.01207075825,-6.154883048673,21.6));
#7968 = VECTOR('',#7969,1.);
#7969 = DIRECTION('',(-1.,2.22044604925E-16,0.));
#7970 = ORIENTED_EDGE('',*,*,#7971,.T.);
#7971 = EDGE_CURVE('',#7964,#7972,#7974,.T.);
#7972 = VERTEX_POINT('',#7973);
#7973 = CARTESIAN_POINT('',(-16.61207075825,-6.154883048673,22.25));
#7974 = LINE('',#7975,#7976);
#7975 = CARTESIAN_POINT('',(-16.61207075825,-6.154883048673,21.6));
#7976 = VECTOR('',#7977,1.);
#7977 = DIRECTION('',(0.,0.,1.));
#7978 = ORIENTED_EDGE('',*,*,#7979,.F.);
#7979 = EDGE_CURVE('',#7956,#7972,#7980,.T.);
#7980 = LINE('',#7981,#7982);
#7981 = CARTESIAN_POINT('',(-16.01207075825,-6.154883048673,22.25));
#7982 = VECTOR('',#7983,1.);
#7983 = DIRECTION('',(-1.,2.22044604925E-16,0.));
#7984 = PLANE('',#7985);
#7985 = AXIS2_PLACEMENT_3D('',#7986,#7987,#7988);
#7986 = CARTESIAN_POINT('',(-16.01207075825,-6.154883048673,21.6));
#7987 = DIRECTION('',(2.22044604925E-16,1.,0.));
#7988 = DIRECTION('',(0.,0.,1.));
#7989 = ADVANCED_FACE('',(#7990),#8006,.F.);
#7990 = FACE_BOUND('',#7991,.F.);
#7991 = EDGE_LOOP('',(#7992,#7998,#7999,#8005));
#7992 = ORIENTED_EDGE('',*,*,#7993,.F.);
#7993 = EDGE_CURVE('',#7914,#7954,#7994,.T.);
#7994 = LINE('',#7995,#7996);
#7995 = CARTESIAN_POINT('',(-16.01207075825,-7.770883048673,21.6));
#7996 = VECTOR('',#7997,1.);
#7997 = DIRECTION('',(2.22044604925E-16,1.,0.));
#7998 = ORIENTED_EDGE('',*,*,#7913,.T.);
#7999 = ORIENTED_EDGE('',*,*,#8000,.T.);
#8000 = EDGE_CURVE('',#7916,#7956,#8001,.T.);
#8001 = LINE('',#8002,#8003);
#8002 = CARTESIAN_POINT('',(-16.01207075825,-7.770883048673,22.25));
#8003 = VECTOR('',#8004,1.);
#8004 = DIRECTION('',(2.22044604925E-16,1.,0.));
#8005 = ORIENTED_EDGE('',*,*,#7953,.F.);
#8006 = PLANE('',#8007);
#8007 = AXIS2_PLACEMENT_3D('',#8008,#8009,#8010);
#8008 = CARTESIAN_POINT('',(-16.01207075825,-7.770883048673,21.6));
#8009 = DIRECTION('',(-1.,2.22044604925E-16,0.));
#8010 = DIRECTION('',(0.,0.,1.));
#8011 = ADVANCED_FACE('',(#8012),#8028,.T.);
#8012 = FACE_BOUND('',#8013,.T.);
#8013 = EDGE_LOOP('',(#8014,#8020,#8021,#8027));
#8014 = ORIENTED_EDGE('',*,*,#8015,.F.);
#8015 = EDGE_CURVE('',#7924,#7964,#8016,.T.);
#8016 = LINE('',#8017,#8018);
#8017 = CARTESIAN_POINT('',(-16.61207075825,-7.770883048673,21.6));
#8018 = VECTOR('',#8019,1.);
#8019 = DIRECTION('',(2.22044604925E-16,1.,0.));
#8020 = ORIENTED_EDGE('',*,*,#7931,.T.);
#8021 = ORIENTED_EDGE('',*,*,#8022,.T.);
#8022 = EDGE_CURVE('',#7932,#7972,#8023,.T.);
#8023 = LINE('',#8024,#8025);
#8024 = CARTESIAN_POINT('',(-16.61207075825,-7.770883048673,22.25));
#8025 = VECTOR('',#8026,1.);
#8026 = DIRECTION('',(2.22044604925E-16,1.,0.));
#8027 = ORIENTED_EDGE('',*,*,#7971,.F.);
#8028 = PLANE('',#8029);
#8029 = AXIS2_PLACEMENT_3D('',#8030,#8031,#8032);
#8030 = CARTESIAN_POINT('',(-16.61207075825,-7.770883048673,21.6));
#8031 = DIRECTION('',(-1.,2.22044604925E-16,0.));
#8032 = DIRECTION('',(0.,0.,1.));
#8033 = ADVANCED_FACE('',(#8034),#8040,.F.);
#8034 = FACE_BOUND('',#8035,.F.);
#8035 = EDGE_LOOP('',(#8036,#8037,#8038,#8039));
#8036 = ORIENTED_EDGE('',*,*,#7923,.F.);
#8037 = ORIENTED_EDGE('',*,*,#7993,.T.);
#8038 = ORIENTED_EDGE('',*,*,#7963,.T.);
#8039 = ORIENTED_EDGE('',*,*,#8015,.F.);
#8040 = PLANE('',#8041);
#8041 = AXIS2_PLACEMENT_3D('',#8042,#8043,#8044);
#8042 = CARTESIAN_POINT('',(-16.01207075825,-7.770883048673,21.6));
#8043 = DIRECTION('',(0.,0.,1.));
#8044 = DIRECTION('',(2.22044604925E-16,1.,0.));
#8045 = ADVANCED_FACE('',(#8046),#8052,.T.);
#8046 = FACE_BOUND('',#8047,.T.);
#8047 = EDGE_LOOP('',(#8048,#8049,#8050,#8051));
#8048 = ORIENTED_EDGE('',*,*,#7939,.F.);
#8049 = ORIENTED_EDGE('',*,*,#8000,.T.);
#8050 = ORIENTED_EDGE('',*,*,#7979,.T.);
#8051 = ORIENTED_EDGE('',*,*,#8022,.F.);
#8052 = PLANE('',#8053);
#8053 = AXIS2_PLACEMENT_3D('',#8054,#8055,#8056);
#8054 = CARTESIAN_POINT('',(-16.01207075825,-7.770883048673,22.25));
#8055 = DIRECTION('',(0.,0.,1.));
#8056 = DIRECTION('',(2.22044604925E-16,1.,0.));
#8057 = MANIFOLD_SOLID_BREP('',#8058);
#8058 = CLOSED_SHELL('',(#8059,#8099,#8139,#8161,#8183,#8195));
#8059 = ADVANCED_FACE('',(#8060),#8094,.F.);
#8060 = FACE_BOUND('',#8061,.F.);
#8061 = EDGE_LOOP('',(#8062,#8072,#8080,#8088));
#8062 = ORIENTED_EDGE('',*,*,#8063,.F.);
#8063 = EDGE_CURVE('',#8064,#8066,#8068,.T.);
#8064 = VERTEX_POINT('',#8065);
#8065 = CARTESIAN_POINT('',(-2.640837414621,6.621050831924,21.6));
#8066 = VERTEX_POINT('',#8067);
#8067 = CARTESIAN_POINT('',(-2.640837414621,6.621050831924,22.25));
#8068 = LINE('',#8069,#8070);
#8069 = CARTESIAN_POINT('',(-2.640837414621,6.621050831924,21.6));
#8070 = VECTOR('',#8071,1.);
#8071 = DIRECTION('',(0.,0.,1.));
#8072 = ORIENTED_EDGE('',*,*,#8073,.T.);
#8073 = EDGE_CURVE('',#8064,#8074,#8076,.T.);
#8074 = VERTEX_POINT('',#8075);
#8075 = CARTESIAN_POINT('',(-3.240837414621,6.621050831924,21.6));
#8076 = LINE('',#8077,#8078);
#8077 = CARTESIAN_POINT('',(-2.640837414621,6.621050831924,21.6));
#8078 = VECTOR('',#8079,1.);
#8079 = DIRECTION('',(-1.,2.22044604925E-16,0.));
#8080 = ORIENTED_EDGE('',*,*,#8081,.T.);
#8081 = EDGE_CURVE('',#8074,#8082,#8084,.T.);
#8082 = VERTEX_POINT('',#8083);
#8083 = CARTESIAN_POINT('',(-3.240837414621,6.621050831924,22.25));
#8084 = LINE('',#8085,#8086);
#8085 = CARTESIAN_POINT('',(-3.240837414621,6.621050831924,21.6));
#8086 = VECTOR('',#8087,1.);
#8087 = DIRECTION('',(0.,0.,1.));
#8088 = ORIENTED_EDGE('',*,*,#8089,.F.);
#8089 = EDGE_CURVE('',#8066,#8082,#8090,.T.);
#8090 = LINE('',#8091,#8092);
#8091 = CARTESIAN_POINT('',(-2.640837414621,6.621050831924,22.25));
#8092 = VECTOR('',#8093,1.);
#8093 = DIRECTION('',(-1.,2.22044604925E-16,0.));
#8094 = PLANE('',#8095);
#8095 = AXIS2_PLACEMENT_3D('',#8096,#8097,#8098);
#8096 = CARTESIAN_POINT('',(-2.640837414621,6.621050831924,21.6));
#8097 = DIRECTION('',(2.22044604925E-16,1.,0.));
#8098 = DIRECTION('',(0.,0.,1.));
#8099 = ADVANCED_FACE('',(#8100),#8134,.T.);
#8100 = FACE_BOUND('',#8101,.T.);
#8101 = EDGE_LOOP('',(#8102,#8112,#8120,#8128));
#8102 = ORIENTED_EDGE('',*,*,#8103,.F.);
#8103 = EDGE_CURVE('',#8104,#8106,#8108,.T.);
#8104 = VERTEX_POINT('',#8105);
#8105 = CARTESIAN_POINT('',(-2.640837414621,8.237050831924,21.6));
#8106 = VERTEX_POINT('',#8107);
#8107 = CARTESIAN_POINT('',(-2.640837414621,8.237050831924,22.25));
#8108 = LINE('',#8109,#8110);
#8109 = CARTESIAN_POINT('',(-2.640837414621,8.237050831924,21.6));
#8110 = VECTOR('',#8111,1.);
#8111 = DIRECTION('',(0.,0.,1.));
#8112 = ORIENTED_EDGE('',*,*,#8113,.T.);
#8113 = EDGE_CURVE('',#8104,#8114,#8116,.T.);
#8114 = VERTEX_POINT('',#8115);
#8115 = CARTESIAN_POINT('',(-3.240837414621,8.237050831924,21.6));
#8116 = LINE('',#8117,#8118);
#8117 = CARTESIAN_POINT('',(-2.640837414621,8.237050831924,21.6));
#8118 = VECTOR('',#8119,1.);
#8119 = DIRECTION('',(-1.,2.22044604925E-16,0.));
#8120 = ORIENTED_EDGE('',*,*,#8121,.T.);
#8121 = EDGE_CURVE('',#8114,#8122,#8124,.T.);
#8122 = VERTEX_POINT('',#8123);
#8123 = CARTESIAN_POINT('',(-3.240837414621,8.237050831924,22.25));
#8124 = LINE('',#8125,#8126);
#8125 = CARTESIAN_POINT('',(-3.240837414621,8.237050831924,21.6));
#8126 = VECTOR('',#8127,1.);
#8127 = DIRECTION('',(0.,0.,1.));
#8128 = ORIENTED_EDGE('',*,*,#8129,.F.);
#8129 = EDGE_CURVE('',#8106,#8122,#8130,.T.);
#8130 = LINE('',#8131,#8132);
#8131 = CARTESIAN_POINT('',(-2.640837414621,8.237050831924,22.25));
#8132 = VECTOR('',#8133,1.);
#8133 = DIRECTION('',(-1.,2.22044604925E-16,0.));
#8134 = PLANE('',#8135);
#8135 = AXIS2_PLACEMENT_3D('',#8136,#8137,#8138);
#8136 = CARTESIAN_POINT('',(-2.640837414621,8.237050831924,21.6));
#8137 = DIRECTION('',(2.22044604925E-16,1.,0.));
#8138 = DIRECTION('',(0.,0.,1.));
#8139 = ADVANCED_FACE('',(#8140),#8156,.F.);
#8140 = FACE_BOUND('',#8141,.F.);
#8141 = EDGE_LOOP('',(#8142,#8148,#8149,#8155));
#8142 = ORIENTED_EDGE('',*,*,#8143,.F.);
#8143 = EDGE_CURVE('',#8064,#8104,#8144,.T.);
#8144 = LINE('',#8145,#8146);
#8145 = CARTESIAN_POINT('',(-2.640837414621,6.621050831924,21.6));
#8146 = VECTOR('',#8147,1.);
#8147 = DIRECTION('',(2.22044604925E-16,1.,0.));
#8148 = ORIENTED_EDGE('',*,*,#8063,.T.);
#8149 = ORIENTED_EDGE('',*,*,#8150,.T.);
#8150 = EDGE_CURVE('',#8066,#8106,#8151,.T.);
#8151 = LINE('',#8152,#8153);
#8152 = CARTESIAN_POINT('',(-2.640837414621,6.621050831924,22.25));
#8153 = VECTOR('',#8154,1.);
#8154 = DIRECTION('',(2.22044604925E-16,1.,0.));
#8155 = ORIENTED_EDGE('',*,*,#8103,.F.);
#8156 = PLANE('',#8157);
#8157 = AXIS2_PLACEMENT_3D('',#8158,#8159,#8160);
#8158 = CARTESIAN_POINT('',(-2.640837414621,6.621050831924,21.6));
#8159 = DIRECTION('',(-1.,2.22044604925E-16,0.));
#8160 = DIRECTION('',(0.,0.,1.));
#8161 = ADVANCED_FACE('',(#8162),#8178,.T.);
#8162 = FACE_BOUND('',#8163,.T.);
#8163 = EDGE_LOOP('',(#8164,#8170,#8171,#8177));
#8164 = ORIENTED_EDGE('',*,*,#8165,.F.);
#8165 = EDGE_CURVE('',#8074,#8114,#8166,.T.);
#8166 = LINE('',#8167,#8168);
#8167 = CARTESIAN_POINT('',(-3.240837414621,6.621050831924,21.6));
#8168 = VECTOR('',#8169,1.);
#8169 = DIRECTION('',(2.22044604925E-16,1.,0.));
#8170 = ORIENTED_EDGE('',*,*,#8081,.T.);
#8171 = ORIENTED_EDGE('',*,*,#8172,.T.);
#8172 = EDGE_CURVE('',#8082,#8122,#8173,.T.);
#8173 = LINE('',#8174,#8175);
#8174 = CARTESIAN_POINT('',(-3.240837414621,6.621050831924,22.25));
#8175 = VECTOR('',#8176,1.);
#8176 = DIRECTION('',(2.22044604925E-16,1.,0.));
#8177 = ORIENTED_EDGE('',*,*,#8121,.F.);
#8178 = PLANE('',#8179);
#8179 = AXIS2_PLACEMENT_3D('',#8180,#8181,#8182);
#8180 = CARTESIAN_POINT('',(-3.240837414621,6.621050831924,21.6));
#8181 = DIRECTION('',(-1.,2.22044604925E-16,0.));
#8182 = DIRECTION('',(0.,0.,1.));
#8183 = ADVANCED_FACE('',(#8184),#8190,.F.);
#8184 = FACE_BOUND('',#8185,.F.);
#8185 = EDGE_LOOP('',(#8186,#8187,#8188,#8189));
#8186 = ORIENTED_EDGE('',*,*,#8073,.F.);
#8187 = ORIENTED_EDGE('',*,*,#8143,.T.);
#8188 = ORIENTED_EDGE('',*,*,#8113,.T.);
#8189 = ORIENTED_EDGE('',*,*,#8165,.F.);
#8190 = PLANE('',#8191);
#8191 = AXIS2_PLACEMENT_3D('',#8192,#8193,#8194);
#8192 = CARTESIAN_POINT('',(-2.640837414621,6.621050831924,21.6));
#8193 = DIRECTION('',(0.,0.,1.));
#8194 = DIRECTION('',(2.22044604925E-16,1.,0.));
#8195 = ADVANCED_FACE('',(#8196),#8202,.T.);
#8196 = FACE_BOUND('',#8197,.T.);
#8197 = EDGE_LOOP('',(#8198,#8199,#8200,#8201));
#8198 = ORIENTED_EDGE('',*,*,#8089,.F.);
#8199 = ORIENTED_EDGE('',*,*,#8150,.T.);
#8200 = ORIENTED_EDGE('',*,*,#8129,.T.);
#8201 = ORIENTED_EDGE('',*,*,#8172,.F.);
#8202 = PLANE('',#8203);
#8203 = AXIS2_PLACEMENT_3D('',#8204,#8205,#8206);
#8204 = CARTESIAN_POINT('',(-2.640837414621,6.621050831924,22.25));
#8205 = DIRECTION('',(0.,0.,1.));
#8206 = DIRECTION('',(2.22044604925E-16,1.,0.));
#8207 = MANIFOLD_SOLID_BREP('',#8208);
#8208 = CLOSED_SHELL('',(#8209,#8249,#8289,#8311,#8333,#8345));
#8209 = ADVANCED_FACE('',(#8210),#8244,.F.);
#8210 = FACE_BOUND('',#8211,.F.);
#8211 = EDGE_LOOP('',(#8212,#8222,#8230,#8238));
#8212 = ORIENTED_EDGE('',*,*,#8213,.F.);
#8213 = EDGE_CURVE('',#8214,#8216,#8218,.T.);
#8214 = VERTEX_POINT('',#8215);
#8215 = CARTESIAN_POINT('',(5.520457407563,-15.8928208862,21.6));
#8216 = VERTEX_POINT('',#8217);
#8217 = CARTESIAN_POINT('',(5.520457407563,-15.8928208862,22.25));
#8218 = LINE('',#8219,#8220);
#8219 = CARTESIAN_POINT('',(5.520457407563,-15.8928208862,21.6));
#8220 = VECTOR('',#8221,1.);
#8221 = DIRECTION('',(0.,0.,1.));
#8222 = ORIENTED_EDGE('',*,*,#8223,.T.);
#8223 = EDGE_CURVE('',#8214,#8224,#8226,.T.);
#8224 = VERTEX_POINT('',#8225);
#8225 = CARTESIAN_POINT('',(5.520457407563,-15.2928208862,21.6));
#8226 = LINE('',#8227,#8228);
#8227 = CARTESIAN_POINT('',(5.520457407563,-15.8928208862,21.6));
#8228 = VECTOR('',#8229,1.);
#8229 = DIRECTION('',(0.,1.,0.));
#8230 = ORIENTED_EDGE('',*,*,#8231,.T.);
#8231 = EDGE_CURVE('',#8224,#8232,#8234,.T.);
#8232 = VERTEX_POINT('',#8233);
#8233 = CARTESIAN_POINT('',(5.520457407563,-15.2928208862,22.25));
#8234 = LINE('',#8235,#8236);
#8235 = CARTESIAN_POINT('',(5.520457407563,-15.2928208862,21.6));
#8236 = VECTOR('',#8237,1.);
#8237 = DIRECTION('',(0.,0.,1.));
#8238 = ORIENTED_EDGE('',*,*,#8239,.F.);
#8239 = EDGE_CURVE('',#8216,#8232,#8240,.T.);
#8240 = LINE('',#8241,#8242);
#8241 = CARTESIAN_POINT('',(5.520457407563,-15.8928208862,22.25));
#8242 = VECTOR('',#8243,1.);
#8243 = DIRECTION('',(0.,1.,0.));
#8244 = PLANE('',#8245);
#8245 = AXIS2_PLACEMENT_3D('',#8246,#8247,#8248);
#8246 = CARTESIAN_POINT('',(5.520457407563,-15.8928208862,21.6));
#8247 = DIRECTION('',(1.,0.,0.));
#8248 = DIRECTION('',(0.,0.,1.));
#8249 = ADVANCED_FACE('',(#8250),#8284,.T.);
#8250 = FACE_BOUND('',#8251,.T.);
#8251 = EDGE_LOOP('',(#8252,#8262,#8270,#8278));
#8252 = ORIENTED_EDGE('',*,*,#8253,.F.);
#8253 = EDGE_CURVE('',#8254,#8256,#8258,.T.);
#8254 = VERTEX_POINT('',#8255);
#8255 = CARTESIAN_POINT('',(7.136457407563,-15.8928208862,21.6));
#8256 = VERTEX_POINT('',#8257);
#8257 = CARTESIAN_POINT('',(7.136457407563,-15.8928208862,22.25));
#8258 = LINE('',#8259,#8260);
#8259 = CARTESIAN_POINT('',(7.136457407563,-15.8928208862,21.6));
#8260 = VECTOR('',#8261,1.);
#8261 = DIRECTION('',(0.,0.,1.));
#8262 = ORIENTED_EDGE('',*,*,#8263,.T.);
#8263 = EDGE_CURVE('',#8254,#8264,#8266,.T.);
#8264 = VERTEX_POINT('',#8265);
#8265 = CARTESIAN_POINT('',(7.136457407563,-15.2928208862,21.6));
#8266 = LINE('',#8267,#8268);
#8267 = CARTESIAN_POINT('',(7.136457407563,-15.8928208862,21.6));
#8268 = VECTOR('',#8269,1.);
#8269 = DIRECTION('',(0.,1.,0.));
#8270 = ORIENTED_EDGE('',*,*,#8271,.T.);
#8271 = EDGE_CURVE('',#8264,#8272,#8274,.T.);
#8272 = VERTEX_POINT('',#8273);
#8273 = CARTESIAN_POINT('',(7.136457407563,-15.2928208862,22.25));
#8274 = LINE('',#8275,#8276);
#8275 = CARTESIAN_POINT('',(7.136457407563,-15.2928208862,21.6));
#8276 = VECTOR('',#8277,1.);
#8277 = DIRECTION('',(0.,0.,1.));
#8278 = ORIENTED_EDGE('',*,*,#8279,.F.);
#8279 = EDGE_CURVE('',#8256,#8272,#8280,.T.);
#8280 = LINE('',#8281,#8282);
#8281 = CARTESIAN_POINT('',(7.136457407563,-15.8928208862,22.25));
#8282 = VECTOR('',#8283,1.);
#8283 = DIRECTION('',(0.,1.,0.));
#8284 = PLANE('',#8285);
#8285 = AXIS2_PLACEMENT_3D('',#8286,#8287,#8288);
#8286 = CARTESIAN_POINT('',(7.136457407563,-15.8928208862,21.6));
#8287 = DIRECTION('',(1.,0.,0.));
#8288 = DIRECTION('',(0.,0.,1.));
#8289 = ADVANCED_FACE('',(#8290),#8306,.F.);
#8290 = FACE_BOUND('',#8291,.F.);
#8291 = EDGE_LOOP('',(#8292,#8298,#8299,#8305));
#8292 = ORIENTED_EDGE('',*,*,#8293,.F.);
#8293 = EDGE_CURVE('',#8214,#8254,#8294,.T.);
#8294 = LINE('',#8295,#8296);
#8295 = CARTESIAN_POINT('',(5.520457407563,-15.8928208862,21.6));
#8296 = VECTOR('',#8297,1.);
#8297 = DIRECTION('',(1.,0.,0.));
#8298 = ORIENTED_EDGE('',*,*,#8213,.T.);
#8299 = ORIENTED_EDGE('',*,*,#8300,.T.);
#8300 = EDGE_CURVE('',#8216,#8256,#8301,.T.);
#8301 = LINE('',#8302,#8303);
#8302 = CARTESIAN_POINT('',(5.520457407563,-15.8928208862,22.25));
#8303 = VECTOR('',#8304,1.);
#8304 = DIRECTION('',(1.,0.,0.));
#8305 = ORIENTED_EDGE('',*,*,#8253,.F.);
#8306 = PLANE('',#8307);
#8307 = AXIS2_PLACEMENT_3D('',#8308,#8309,#8310);
#8308 = CARTESIAN_POINT('',(5.520457407563,-15.8928208862,21.6));
#8309 = DIRECTION('',(0.,1.,0.));
#8310 = DIRECTION('',(0.,0.,1.));
#8311 = ADVANCED_FACE('',(#8312),#8328,.T.);
#8312 = FACE_BOUND('',#8313,.T.);
#8313 = EDGE_LOOP('',(#8314,#8320,#8321,#8327));
#8314 = ORIENTED_EDGE('',*,*,#8315,.F.);
#8315 = EDGE_CURVE('',#8224,#8264,#8316,.T.);
#8316 = LINE('',#8317,#8318);
#8317 = CARTESIAN_POINT('',(5.520457407563,-15.2928208862,21.6));
#8318 = VECTOR('',#8319,1.);
#8319 = DIRECTION('',(1.,0.,0.));
#8320 = ORIENTED_EDGE('',*,*,#8231,.T.);
#8321 = ORIENTED_EDGE('',*,*,#8322,.T.);
#8322 = EDGE_CURVE('',#8232,#8272,#8323,.T.);
#8323 = LINE('',#8324,#8325);
#8324 = CARTESIAN_POINT('',(5.520457407563,-15.2928208862,22.25));
#8325 = VECTOR('',#8326,1.);
#8326 = DIRECTION('',(1.,0.,0.));
#8327 = ORIENTED_EDGE('',*,*,#8271,.F.);
#8328 = PLANE('',#8329);
#8329 = AXIS2_PLACEMENT_3D('',#8330,#8331,#8332);
#8330 = CARTESIAN_POINT('',(5.520457407563,-15.2928208862,21.6));
#8331 = DIRECTION('',(0.,1.,0.));
#8332 = DIRECTION('',(0.,0.,1.));
#8333 = ADVANCED_FACE('',(#8334),#8340,.F.);
#8334 = FACE_BOUND('',#8335,.F.);
#8335 = EDGE_LOOP('',(#8336,#8337,#8338,#8339));
#8336 = ORIENTED_EDGE('',*,*,#8223,.F.);
#8337 = ORIENTED_EDGE('',*,*,#8293,.T.);
#8338 = ORIENTED_EDGE('',*,*,#8263,.T.);
#8339 = ORIENTED_EDGE('',*,*,#8315,.F.);
#8340 = PLANE('',#8341);
#8341 = AXIS2_PLACEMENT_3D('',#8342,#8343,#8344);
#8342 = CARTESIAN_POINT('',(5.520457407563,-15.8928208862,21.6));
#8343 = DIRECTION('',(0.,0.,1.));
#8344 = DIRECTION('',(1.,0.,0.));
#8345 = ADVANCED_FACE('',(#8346),#8352,.T.);
#8346 = FACE_BOUND('',#8347,.T.);
#8347 = EDGE_LOOP('',(#8348,#8349,#8350,#8351));
#8348 = ORIENTED_EDGE('',*,*,#8239,.F.);
#8349 = ORIENTED_EDGE('',*,*,#8300,.T.);
#8350 = ORIENTED_EDGE('',*,*,#8279,.T.);
#8351 = ORIENTED_EDGE('',*,*,#8322,.F.);
#8352 = PLANE('',#8353);
#8353 = AXIS2_PLACEMENT_3D('',#8354,#8355,#8356);
#8354 = CARTESIAN_POINT('',(5.520457407563,-15.8928208862,22.25));
#8355 = DIRECTION('',(0.,0.,1.));
#8356 = DIRECTION('',(1.,0.,0.));
#8357 = MANIFOLD_SOLID_BREP('',#8358);
#8358 = CLOSED_SHELL('',(#8359,#8399,#8439,#8461,#8483,#8495));
#8359 = ADVANCED_FACE('',(#8360),#8394,.F.);
#8360 = FACE_BOUND('',#8361,.F.);
#8361 = EDGE_LOOP('',(#8362,#8372,#8380,#8388));
#8362 = ORIENTED_EDGE('',*,*,#8363,.F.);
#8363 = EDGE_CURVE('',#8364,#8366,#8368,.T.);
#8364 = VERTEX_POINT('',#8365);
#8365 = CARTESIAN_POINT('',(5.963608315555,-13.12149229656,21.6));
#8366 = VERTEX_POINT('',#8367);
#8367 = CARTESIAN_POINT('',(5.963608315555,-13.12149229656,22.25));
#8368 = LINE('',#8369,#8370);
#8369 = CARTESIAN_POINT('',(5.963608315555,-13.12149229656,21.6));
#8370 = VECTOR('',#8371,1.);
#8371 = DIRECTION('',(0.,0.,1.));
#8372 = ORIENTED_EDGE('',*,*,#8373,.T.);
#8373 = EDGE_CURVE('',#8364,#8374,#8376,.T.);
#8374 = VERTEX_POINT('',#8375);
#8375 = CARTESIAN_POINT('',(6.563608315555,-13.12149229656,21.6));
#8376 = LINE('',#8377,#8378);
#8377 = CARTESIAN_POINT('',(5.963608315555,-13.12149229656,21.6));
#8378 = VECTOR('',#8379,1.);
#8379 = DIRECTION('',(1.,1.110223024625E-16,0.));
#8380 = ORIENTED_EDGE('',*,*,#8381,.T.);
#8381 = EDGE_CURVE('',#8374,#8382,#8384,.T.);
#8382 = VERTEX_POINT('',#8383);
#8383 = CARTESIAN_POINT('',(6.563608315555,-13.12149229656,22.25));
#8384 = LINE('',#8385,#8386);
#8385 = CARTESIAN_POINT('',(6.563608315555,-13.12149229656,21.6));
#8386 = VECTOR('',#8387,1.);
#8387 = DIRECTION('',(0.,0.,1.));
#8388 = ORIENTED_EDGE('',*,*,#8389,.F.);
#8389 = EDGE_CURVE('',#8366,#8382,#8390,.T.);
#8390 = LINE('',#8391,#8392);
#8391 = CARTESIAN_POINT('',(5.963608315555,-13.12149229656,22.25));
#8392 = VECTOR('',#8393,1.);
#8393 = DIRECTION('',(1.,1.110223024625E-16,0.));
#8394 = PLANE('',#8395);
#8395 = AXIS2_PLACEMENT_3D('',#8396,#8397,#8398);
#8396 = CARTESIAN_POINT('',(5.963608315555,-13.12149229656,21.6));
#8397 = DIRECTION('',(1.110223024625E-16,-1.,0.));
#8398 = DIRECTION('',(0.,0.,1.));
#8399 = ADVANCED_FACE('',(#8400),#8434,.T.);
#8400 = FACE_BOUND('',#8401,.T.);
#8401 = EDGE_LOOP('',(#8402,#8412,#8420,#8428));
#8402 = ORIENTED_EDGE('',*,*,#8403,.F.);
#8403 = EDGE_CURVE('',#8404,#8406,#8408,.T.);
#8404 = VERTEX_POINT('',#8405);
#8405 = CARTESIAN_POINT('',(5.963608315555,-14.73749229656,21.6));
#8406 = VERTEX_POINT('',#8407);
#8407 = CARTESIAN_POINT('',(5.963608315555,-14.73749229656,22.25));
#8408 = LINE('',#8409,#8410);
#8409 = CARTESIAN_POINT('',(5.963608315555,-14.73749229656,21.6));
#8410 = VECTOR('',#8411,1.);
#8411 = DIRECTION('',(0.,0.,1.));
#8412 = ORIENTED_EDGE('',*,*,#8413,.T.);
#8413 = EDGE_CURVE('',#8404,#8414,#8416,.T.);
#8414 = VERTEX_POINT('',#8415);
#8415 = CARTESIAN_POINT('',(6.563608315555,-14.73749229656,21.6));
#8416 = LINE('',#8417,#8418);
#8417 = CARTESIAN_POINT('',(5.963608315555,-14.73749229656,21.6));
#8418 = VECTOR('',#8419,1.);
#8419 = DIRECTION('',(1.,1.110223024625E-16,0.));
#8420 = ORIENTED_EDGE('',*,*,#8421,.T.);
#8421 = EDGE_CURVE('',#8414,#8422,#8424,.T.);
#8422 = VERTEX_POINT('',#8423);
#8423 = CARTESIAN_POINT('',(6.563608315555,-14.73749229656,22.25));
#8424 = LINE('',#8425,#8426);
#8425 = CARTESIAN_POINT('',(6.563608315555,-14.73749229656,21.6));
#8426 = VECTOR('',#8427,1.);
#8427 = DIRECTION('',(0.,0.,1.));
#8428 = ORIENTED_EDGE('',*,*,#8429,.F.);
#8429 = EDGE_CURVE('',#8406,#8422,#8430,.T.);
#8430 = LINE('',#8431,#8432);
#8431 = CARTESIAN_POINT('',(5.963608315555,-14.73749229656,22.25));
#8432 = VECTOR('',#8433,1.);
#8433 = DIRECTION('',(1.,1.110223024625E-16,0.));
#8434 = PLANE('',#8435);
#8435 = AXIS2_PLACEMENT_3D('',#8436,#8437,#8438);
#8436 = CARTESIAN_POINT('',(5.963608315555,-14.73749229656,21.6));
#8437 = DIRECTION('',(1.110223024625E-16,-1.,0.));
#8438 = DIRECTION('',(0.,0.,1.));
#8439 = ADVANCED_FACE('',(#8440),#8456,.F.);
#8440 = FACE_BOUND('',#8441,.F.);
#8441 = EDGE_LOOP('',(#8442,#8448,#8449,#8455));
#8442 = ORIENTED_EDGE('',*,*,#8443,.F.);
#8443 = EDGE_CURVE('',#8364,#8404,#8444,.T.);
#8444 = LINE('',#8445,#8446);
#8445 = CARTESIAN_POINT('',(5.963608315555,-13.12149229656,21.6));
#8446 = VECTOR('',#8447,1.);
#8447 = DIRECTION('',(1.110223024625E-16,-1.,0.));
#8448 = ORIENTED_EDGE('',*,*,#8363,.T.);
#8449 = ORIENTED_EDGE('',*,*,#8450,.T.);
#8450 = EDGE_CURVE('',#8366,#8406,#8451,.T.);
#8451 = LINE('',#8452,#8453);
#8452 = CARTESIAN_POINT('',(5.963608315555,-13.12149229656,22.25));
#8453 = VECTOR('',#8454,1.);
#8454 = DIRECTION('',(1.110223024625E-16,-1.,0.));
#8455 = ORIENTED_EDGE('',*,*,#8403,.F.);
#8456 = PLANE('',#8457);
#8457 = AXIS2_PLACEMENT_3D('',#8458,#8459,#8460);
#8458 = CARTESIAN_POINT('',(5.963608315555,-13.12149229656,21.6));
#8459 = DIRECTION('',(1.,1.110223024625E-16,0.));
#8460 = DIRECTION('',(0.,0.,1.));
#8461 = ADVANCED_FACE('',(#8462),#8478,.T.);
#8462 = FACE_BOUND('',#8463,.T.);
#8463 = EDGE_LOOP('',(#8464,#8470,#8471,#8477));
#8464 = ORIENTED_EDGE('',*,*,#8465,.F.);
#8465 = EDGE_CURVE('',#8374,#8414,#8466,.T.);
#8466 = LINE('',#8467,#8468);
#8467 = CARTESIAN_POINT('',(6.563608315555,-13.12149229656,21.6));
#8468 = VECTOR('',#8469,1.);
#8469 = DIRECTION('',(1.110223024625E-16,-1.,0.));
#8470 = ORIENTED_EDGE('',*,*,#8381,.T.);
#8471 = ORIENTED_EDGE('',*,*,#8472,.T.);
#8472 = EDGE_CURVE('',#8382,#8422,#8473,.T.);
#8473 = LINE('',#8474,#8475);
#8474 = CARTESIAN_POINT('',(6.563608315555,-13.12149229656,22.25));
#8475 = VECTOR('',#8476,1.);
#8476 = DIRECTION('',(1.110223024625E-16,-1.,0.));
#8477 = ORIENTED_EDGE('',*,*,#8421,.F.);
#8478 = PLANE('',#8479);
#8479 = AXIS2_PLACEMENT_3D('',#8480,#8481,#8482);
#8480 = CARTESIAN_POINT('',(6.563608315555,-13.12149229656,21.6));
#8481 = DIRECTION('',(1.,1.110223024625E-16,0.));
#8482 = DIRECTION('',(0.,0.,1.));
#8483 = ADVANCED_FACE('',(#8484),#8490,.F.);
#8484 = FACE_BOUND('',#8485,.F.);
#8485 = EDGE_LOOP('',(#8486,#8487,#8488,#8489));
#8486 = ORIENTED_EDGE('',*,*,#8373,.F.);
#8487 = ORIENTED_EDGE('',*,*,#8443,.T.);
#8488 = ORIENTED_EDGE('',*,*,#8413,.T.);
#8489 = ORIENTED_EDGE('',*,*,#8465,.F.);
#8490 = PLANE('',#8491);
#8491 = AXIS2_PLACEMENT_3D('',#8492,#8493,#8494);
#8492 = CARTESIAN_POINT('',(5.963608315555,-13.12149229656,21.6));
#8493 = DIRECTION('',(0.,0.,1.));
#8494 = DIRECTION('',(1.110223024625E-16,-1.,0.));
#8495 = ADVANCED_FACE('',(#8496),#8502,.T.);
#8496 = FACE_BOUND('',#8497,.T.);
#8497 = EDGE_LOOP('',(#8498,#8499,#8500,#8501));
#8498 = ORIENTED_EDGE('',*,*,#8389,.F.);
#8499 = ORIENTED_EDGE('',*,*,#8450,.T.);
#8500 = ORIENTED_EDGE('',*,*,#8429,.T.);
#8501 = ORIENTED_EDGE('',*,*,#8472,.F.);
#8502 = PLANE('',#8503);
#8503 = AXIS2_PLACEMENT_3D('',#8504,#8505,#8506);
#8504 = CARTESIAN_POINT('',(5.963608315555,-13.12149229656,22.25));
#8505 = DIRECTION('',(0.,0.,1.));
#8506 = DIRECTION('',(1.110223024625E-16,-1.,0.));
#8507 = MANIFOLD_SOLID_BREP('',#8508);
#8508 = CLOSED_SHELL('',(#8509,#8549,#8589,#8611,#8633,#8645));
#8509 = ADVANCED_FACE('',(#8510),#8544,.F.);
#8510 = FACE_BOUND('',#8511,.F.);
#8511 = EDGE_LOOP('',(#8512,#8522,#8530,#8538));
#8512 = ORIENTED_EDGE('',*,*,#8513,.F.);
#8513 = EDGE_CURVE('',#8514,#8516,#8518,.T.);
#8514 = VERTEX_POINT('',#8515);
#8515 = CARTESIAN_POINT('',(-3.375370273804,5.519731253577,21.6));
#8516 = VERTEX_POINT('',#8517);
#8517 = CARTESIAN_POINT('',(-3.375370273804,5.519731253577,22.25));
#8518 = LINE('',#8519,#8520);
#8519 = CARTESIAN_POINT('',(-3.375370273804,5.519731253577,21.6));
#8520 = VECTOR('',#8521,1.);
#8521 = DIRECTION('',(0.,0.,1.));
#8522 = ORIENTED_EDGE('',*,*,#8523,.T.);
#8523 = EDGE_CURVE('',#8514,#8524,#8526,.T.);
#8524 = VERTEX_POINT('',#8525);
#8525 = CARTESIAN_POINT('',(-2.775370273804,5.519731253577,21.6));
#8526 = LINE('',#8527,#8528);
#8527 = CARTESIAN_POINT('',(-3.375370273804,5.519731253577,21.6));
#8528 = VECTOR('',#8529,1.);
#8529 = DIRECTION('',(1.,1.110223024625E-16,0.));
#8530 = ORIENTED_EDGE('',*,*,#8531,.T.);
#8531 = EDGE_CURVE('',#8524,#8532,#8534,.T.);
#8532 = VERTEX_POINT('',#8533);
#8533 = CARTESIAN_POINT('',(-2.775370273804,5.519731253577,22.25));
#8534 = LINE('',#8535,#8536);
#8535 = CARTESIAN_POINT('',(-2.775370273804,5.519731253577,21.6));
#8536 = VECTOR('',#8537,1.);
#8537 = DIRECTION('',(0.,0.,1.));
#8538 = ORIENTED_EDGE('',*,*,#8539,.F.);
#8539 = EDGE_CURVE('',#8516,#8532,#8540,.T.);
#8540 = LINE('',#8541,#8542);
#8541 = CARTESIAN_POINT('',(-3.375370273804,5.519731253577,22.25));
#8542 = VECTOR('',#8543,1.);
#8543 = DIRECTION('',(1.,1.110223024625E-16,0.));
#8544 = PLANE('',#8545);
#8545 = AXIS2_PLACEMENT_3D('',#8546,#8547,#8548);
#8546 = CARTESIAN_POINT('',(-3.375370273804,5.519731253577,21.6));
#8547 = DIRECTION('',(1.110223024625E-16,-1.,0.));
#8548 = DIRECTION('',(0.,0.,1.));
#8549 = ADVANCED_FACE('',(#8550),#8584,.T.);
#8550 = FACE_BOUND('',#8551,.T.);
#8551 = EDGE_LOOP('',(#8552,#8562,#8570,#8578));
#8552 = ORIENTED_EDGE('',*,*,#8553,.F.);
#8553 = EDGE_CURVE('',#8554,#8556,#8558,.T.);
#8554 = VERTEX_POINT('',#8555);
#8555 = CARTESIAN_POINT('',(-3.375370273804,3.903731253577,21.6));
#8556 = VERTEX_POINT('',#8557);
#8557 = CARTESIAN_POINT('',(-3.375370273804,3.903731253577,22.25));
#8558 = LINE('',#8559,#8560);
#8559 = CARTESIAN_POINT('',(-3.375370273804,3.903731253577,21.6));
#8560 = VECTOR('',#8561,1.);
#8561 = DIRECTION('',(0.,0.,1.));
#8562 = ORIENTED_EDGE('',*,*,#8563,.T.);
#8563 = EDGE_CURVE('',#8554,#8564,#8566,.T.);
#8564 = VERTEX_POINT('',#8565);
#8565 = CARTESIAN_POINT('',(-2.775370273804,3.903731253577,21.6));
#8566 = LINE('',#8567,#8568);
#8567 = CARTESIAN_POINT('',(-3.375370273804,3.903731253577,21.6));
#8568 = VECTOR('',#8569,1.);
#8569 = DIRECTION('',(1.,1.110223024625E-16,0.));
#8570 = ORIENTED_EDGE('',*,*,#8571,.T.);
#8571 = EDGE_CURVE('',#8564,#8572,#8574,.T.);
#8572 = VERTEX_POINT('',#8573);
#8573 = CARTESIAN_POINT('',(-2.775370273804,3.903731253577,22.25));
#8574 = LINE('',#8575,#8576);
#8575 = CARTESIAN_POINT('',(-2.775370273804,3.903731253577,21.6));
#8576 = VECTOR('',#8577,1.);
#8577 = DIRECTION('',(0.,0.,1.));
#8578 = ORIENTED_EDGE('',*,*,#8579,.F.);
#8579 = EDGE_CURVE('',#8556,#8572,#8580,.T.);
#8580 = LINE('',#8581,#8582);
#8581 = CARTESIAN_POINT('',(-3.375370273804,3.903731253577,22.25));
#8582 = VECTOR('',#8583,1.);
#8583 = DIRECTION('',(1.,1.110223024625E-16,0.));
#8584 = PLANE('',#8585);
#8585 = AXIS2_PLACEMENT_3D('',#8586,#8587,#8588);
#8586 = CARTESIAN_POINT('',(-3.375370273804,3.903731253577,21.6));
#8587 = DIRECTION('',(1.110223024625E-16,-1.,0.));
#8588 = DIRECTION('',(0.,0.,1.));
#8589 = ADVANCED_FACE('',(#8590),#8606,.F.);
#8590 = FACE_BOUND('',#8591,.F.);
#8591 = EDGE_LOOP('',(#8592,#8598,#8599,#8605));
#8592 = ORIENTED_EDGE('',*,*,#8593,.F.);
#8593 = EDGE_CURVE('',#8514,#8554,#8594,.T.);
#8594 = LINE('',#8595,#8596);
#8595 = CARTESIAN_POINT('',(-3.375370273804,5.519731253577,21.6));
#8596 = VECTOR('',#8597,1.);
#8597 = DIRECTION('',(1.110223024625E-16,-1.,0.));
#8598 = ORIENTED_EDGE('',*,*,#8513,.T.);
#8599 = ORIENTED_EDGE('',*,*,#8600,.T.);
#8600 = EDGE_CURVE('',#8516,#8556,#8601,.T.);
#8601 = LINE('',#8602,#8603);
#8602 = CARTESIAN_POINT('',(-3.375370273804,5.519731253577,22.25));
#8603 = VECTOR('',#8604,1.);
#8604 = DIRECTION('',(1.110223024625E-16,-1.,0.));
#8605 = ORIENTED_EDGE('',*,*,#8553,.F.);
#8606 = PLANE('',#8607);
#8607 = AXIS2_PLACEMENT_3D('',#8608,#8609,#8610);
#8608 = CARTESIAN_POINT('',(-3.375370273804,5.519731253577,21.6));
#8609 = DIRECTION('',(1.,1.110223024625E-16,0.));
#8610 = DIRECTION('',(0.,0.,1.));
#8611 = ADVANCED_FACE('',(#8612),#8628,.T.);
#8612 = FACE_BOUND('',#8613,.T.);
#8613 = EDGE_LOOP('',(#8614,#8620,#8621,#8627));
#8614 = ORIENTED_EDGE('',*,*,#8615,.F.);
#8615 = EDGE_CURVE('',#8524,#8564,#8616,.T.);
#8616 = LINE('',#8617,#8618);
#8617 = CARTESIAN_POINT('',(-2.775370273804,5.519731253577,21.6));
#8618 = VECTOR('',#8619,1.);
#8619 = DIRECTION('',(1.110223024625E-16,-1.,0.));
#8620 = ORIENTED_EDGE('',*,*,#8531,.T.);
#8621 = ORIENTED_EDGE('',*,*,#8622,.T.);
#8622 = EDGE_CURVE('',#8532,#8572,#8623,.T.);
#8623 = LINE('',#8624,#8625);
#8624 = CARTESIAN_POINT('',(-2.775370273804,5.519731253577,22.25));
#8625 = VECTOR('',#8626,1.);
#8626 = DIRECTION('',(1.110223024625E-16,-1.,0.));
#8627 = ORIENTED_EDGE('',*,*,#8571,.F.);
#8628 = PLANE('',#8629);
#8629 = AXIS2_PLACEMENT_3D('',#8630,#8631,#8632);
#8630 = CARTESIAN_POINT('',(-2.775370273804,5.519731253577,21.6));
#8631 = DIRECTION('',(1.,1.110223024625E-16,0.));
#8632 = DIRECTION('',(0.,0.,1.));
#8633 = ADVANCED_FACE('',(#8634),#8640,.F.);
#8634 = FACE_BOUND('',#8635,.F.);
#8635 = EDGE_LOOP('',(#8636,#8637,#8638,#8639));
#8636 = ORIENTED_EDGE('',*,*,#8523,.F.);
#8637 = ORIENTED_EDGE('',*,*,#8593,.T.);
#8638 = ORIENTED_EDGE('',*,*,#8563,.T.);
#8639 = ORIENTED_EDGE('',*,*,#8615,.F.);
#8640 = PLANE('',#8641);
#8641 = AXIS2_PLACEMENT_3D('',#8642,#8643,#8644);
#8642 = CARTESIAN_POINT('',(-3.375370273804,5.519731253577,21.6));
#8643 = DIRECTION('',(0.,0.,1.));
#8644 = DIRECTION('',(1.110223024625E-16,-1.,0.));
#8645 = ADVANCED_FACE('',(#8646),#8652,.T.);
#8646 = FACE_BOUND('',#8647,.T.);
#8647 = EDGE_LOOP('',(#8648,#8649,#8650,#8651));
#8648 = ORIENTED_EDGE('',*,*,#8539,.F.);
#8649 = ORIENTED_EDGE('',*,*,#8600,.T.);
#8650 = ORIENTED_EDGE('',*,*,#8579,.T.);
#8651 = ORIENTED_EDGE('',*,*,#8622,.F.);
#8652 = PLANE('',#8653);
#8653 = AXIS2_PLACEMENT_3D('',#8654,#8655,#8656);
#8654 = CARTESIAN_POINT('',(-3.375370273804,5.519731253577,22.25));
#8655 = DIRECTION('',(0.,0.,1.));
#8656 = DIRECTION('',(1.110223024625E-16,-1.,0.));
#8657 = MANIFOLD_SOLID_BREP('',#8658);
#8658 = CLOSED_SHELL('',(#8659,#8699,#8739,#8761,#8783,#8795));
#8659 = ADVANCED_FACE('',(#8660),#8694,.F.);
#8660 = FACE_BOUND('',#8661,.F.);
#8661 = EDGE_LOOP('',(#8662,#8672,#8680,#8688));
#8662 = ORIENTED_EDGE('',*,*,#8663,.F.);
#8663 = EDGE_CURVE('',#8664,#8666,#8668,.T.);
#8664 = VERTEX_POINT('',#8665);
#8665 = CARTESIAN_POINT('',(7.483973406991,-12.15722212722,21.6));
#8666 = VERTEX_POINT('',#8667);
#8667 = CARTESIAN_POINT('',(7.483973406991,-12.15722212722,22.25));
#8668 = LINE('',#8669,#8670);
#8669 = CARTESIAN_POINT('',(7.483973406991,-12.15722212722,21.6));
#8670 = VECTOR('',#8671,1.);
#8671 = DIRECTION('',(0.,0.,1.));
#8672 = ORIENTED_EDGE('',*,*,#8673,.T.);
#8673 = EDGE_CURVE('',#8664,#8674,#8676,.T.);
#8674 = VERTEX_POINT('',#8675);
#8675 = CARTESIAN_POINT('',(8.083973406991,-12.15722212722,21.6));
#8676 = LINE('',#8677,#8678);
#8677 = CARTESIAN_POINT('',(7.483973406991,-12.15722212722,21.6));
#8678 = VECTOR('',#8679,1.);
#8679 = DIRECTION('',(1.,1.110223024625E-16,0.));
#8680 = ORIENTED_EDGE('',*,*,#8681,.T.);
#8681 = EDGE_CURVE('',#8674,#8682,#8684,.T.);
#8682 = VERTEX_POINT('',#8683);
#8683 = CARTESIAN_POINT('',(8.083973406991,-12.15722212722,22.25));
#8684 = LINE('',#8685,#8686);
#8685 = CARTESIAN_POINT('',(8.083973406991,-12.15722212722,21.6));
#8686 = VECTOR('',#8687,1.);
#8687 = DIRECTION('',(0.,0.,1.));
#8688 = ORIENTED_EDGE('',*,*,#8689,.F.);
#8689 = EDGE_CURVE('',#8666,#8682,#8690,.T.);
#8690 = LINE('',#8691,#8692);
#8691 = CARTESIAN_POINT('',(7.483973406991,-12.15722212722,22.25));
#8692 = VECTOR('',#8693,1.);
#8693 = DIRECTION('',(1.,1.110223024625E-16,0.));
#8694 = PLANE('',#8695);
#8695 = AXIS2_PLACEMENT_3D('',#8696,#8697,#8698);
#8696 = CARTESIAN_POINT('',(7.483973406991,-12.15722212722,21.6));
#8697 = DIRECTION('',(1.110223024625E-16,-1.,0.));
#8698 = DIRECTION('',(0.,0.,1.));
#8699 = ADVANCED_FACE('',(#8700),#8734,.T.);
#8700 = FACE_BOUND('',#8701,.T.);
#8701 = EDGE_LOOP('',(#8702,#8712,#8720,#8728));
#8702 = ORIENTED_EDGE('',*,*,#8703,.F.);
#8703 = EDGE_CURVE('',#8704,#8706,#8708,.T.);
#8704 = VERTEX_POINT('',#8705);
#8705 = CARTESIAN_POINT('',(7.483973406991,-13.77322212722,21.6));
#8706 = VERTEX_POINT('',#8707);
#8707 = CARTESIAN_POINT('',(7.483973406991,-13.77322212722,22.25));
#8708 = LINE('',#8709,#8710);
#8709 = CARTESIAN_POINT('',(7.483973406991,-13.77322212722,21.6));
#8710 = VECTOR('',#8711,1.);
#8711 = DIRECTION('',(0.,0.,1.));
#8712 = ORIENTED_EDGE('',*,*,#8713,.T.);
#8713 = EDGE_CURVE('',#8704,#8714,#8716,.T.);
#8714 = VERTEX_POINT('',#8715);
#8715 = CARTESIAN_POINT('',(8.083973406991,-13.77322212722,21.6));
#8716 = LINE('',#8717,#8718);
#8717 = CARTESIAN_POINT('',(7.483973406991,-13.77322212722,21.6));
#8718 = VECTOR('',#8719,1.);
#8719 = DIRECTION('',(1.,1.110223024625E-16,0.));
#8720 = ORIENTED_EDGE('',*,*,#8721,.T.);
#8721 = EDGE_CURVE('',#8714,#8722,#8724,.T.);
#8722 = VERTEX_POINT('',#8723);
#8723 = CARTESIAN_POINT('',(8.083973406991,-13.77322212722,22.25));
#8724 = LINE('',#8725,#8726);
#8725 = CARTESIAN_POINT('',(8.083973406991,-13.77322212722,21.6));
#8726 = VECTOR('',#8727,1.);
#8727 = DIRECTION('',(0.,0.,1.));
#8728 = ORIENTED_EDGE('',*,*,#8729,.F.);
#8729 = EDGE_CURVE('',#8706,#8722,#8730,.T.);
#8730 = LINE('',#8731,#8732);
#8731 = CARTESIAN_POINT('',(7.483973406991,-13.77322212722,22.25));
#8732 = VECTOR('',#8733,1.);
#8733 = DIRECTION('',(1.,1.110223024625E-16,0.));
#8734 = PLANE('',#8735);
#8735 = AXIS2_PLACEMENT_3D('',#8736,#8737,#8738);
#8736 = CARTESIAN_POINT('',(7.483973406991,-13.77322212722,21.6));
#8737 = DIRECTION('',(1.110223024625E-16,-1.,0.));
#8738 = DIRECTION('',(0.,0.,1.));
#8739 = ADVANCED_FACE('',(#8740),#8756,.F.);
#8740 = FACE_BOUND('',#8741,.F.);
#8741 = EDGE_LOOP('',(#8742,#8748,#8749,#8755));
#8742 = ORIENTED_EDGE('',*,*,#8743,.F.);
#8743 = EDGE_CURVE('',#8664,#8704,#8744,.T.);
#8744 = LINE('',#8745,#8746);
#8745 = CARTESIAN_POINT('',(7.483973406991,-12.15722212722,21.6));
#8746 = VECTOR('',#8747,1.);
#8747 = DIRECTION('',(1.110223024625E-16,-1.,0.));
#8748 = ORIENTED_EDGE('',*,*,#8663,.T.);
#8749 = ORIENTED_EDGE('',*,*,#8750,.T.);
#8750 = EDGE_CURVE('',#8666,#8706,#8751,.T.);
#8751 = LINE('',#8752,#8753);
#8752 = CARTESIAN_POINT('',(7.483973406991,-12.15722212722,22.25));
#8753 = VECTOR('',#8754,1.);
#8754 = DIRECTION('',(1.110223024625E-16,-1.,0.));
#8755 = ORIENTED_EDGE('',*,*,#8703,.F.);
#8756 = PLANE('',#8757);
#8757 = AXIS2_PLACEMENT_3D('',#8758,#8759,#8760);
#8758 = CARTESIAN_POINT('',(7.483973406991,-12.15722212722,21.6));
#8759 = DIRECTION('',(1.,1.110223024625E-16,0.));
#8760 = DIRECTION('',(0.,0.,1.));
#8761 = ADVANCED_FACE('',(#8762),#8778,.T.);
#8762 = FACE_BOUND('',#8763,.T.);
#8763 = EDGE_LOOP('',(#8764,#8770,#8771,#8777));
#8764 = ORIENTED_EDGE('',*,*,#8765,.F.);
#8765 = EDGE_CURVE('',#8674,#8714,#8766,.T.);
#8766 = LINE('',#8767,#8768);
#8767 = CARTESIAN_POINT('',(8.083973406991,-12.15722212722,21.6));
#8768 = VECTOR('',#8769,1.);
#8769 = DIRECTION('',(1.110223024625E-16,-1.,0.));
#8770 = ORIENTED_EDGE('',*,*,#8681,.T.);
#8771 = ORIENTED_EDGE('',*,*,#8772,.T.);
#8772 = EDGE_CURVE('',#8682,#8722,#8773,.T.);
#8773 = LINE('',#8774,#8775);
#8774 = CARTESIAN_POINT('',(8.083973406991,-12.15722212722,22.25));
#8775 = VECTOR('',#8776,1.);
#8776 = DIRECTION('',(1.110223024625E-16,-1.,0.));
#8777 = ORIENTED_EDGE('',*,*,#8721,.F.);
#8778 = PLANE('',#8779);
#8779 = AXIS2_PLACEMENT_3D('',#8780,#8781,#8782);
#8780 = CARTESIAN_POINT('',(8.083973406991,-12.15722212722,21.6));
#8781 = DIRECTION('',(1.,1.110223024625E-16,0.));
#8782 = DIRECTION('',(0.,0.,1.));
#8783 = ADVANCED_FACE('',(#8784),#8790,.F.);
#8784 = FACE_BOUND('',#8785,.F.);
#8785 = EDGE_LOOP('',(#8786,#8787,#8788,#8789));
#8786 = ORIENTED_EDGE('',*,*,#8673,.F.);
#8787 = ORIENTED_EDGE('',*,*,#8743,.T.);
#8788 = ORIENTED_EDGE('',*,*,#8713,.T.);
#8789 = ORIENTED_EDGE('',*,*,#8765,.F.);
#8790 = PLANE('',#8791);
#8791 = AXIS2_PLACEMENT_3D('',#8792,#8793,#8794);
#8792 = CARTESIAN_POINT('',(7.483973406991,-12.15722212722,21.6));
#8793 = DIRECTION('',(0.,0.,1.));
#8794 = DIRECTION('',(1.110223024625E-16,-1.,0.));
#8795 = ADVANCED_FACE('',(#8796),#8802,.T.);
#8796 = FACE_BOUND('',#8797,.T.);
#8797 = EDGE_LOOP('',(#8798,#8799,#8800,#8801));
#8798 = ORIENTED_EDGE('',*,*,#8689,.F.);
#8799 = ORIENTED_EDGE('',*,*,#8750,.T.);
#8800 = ORIENTED_EDGE('',*,*,#8729,.T.);
#8801 = ORIENTED_EDGE('',*,*,#8772,.F.);
#8802 = PLANE('',#8803);
#8803 = AXIS2_PLACEMENT_3D('',#8804,#8805,#8806);
#8804 = CARTESIAN_POINT('',(7.483973406991,-12.15722212722,22.25));
#8805 = DIRECTION('',(0.,0.,1.));
#8806 = DIRECTION('',(1.110223024625E-16,-1.,0.));
#8807 = MANIFOLD_SOLID_BREP('',#8808);
#8808 = CLOSED_SHELL('',(#8809,#8849,#8889,#8911,#8933,#8945));
#8809 = ADVANCED_FACE('',(#8810),#8844,.F.);
#8810 = FACE_BOUND('',#8811,.F.);
#8811 = EDGE_LOOP('',(#8812,#8822,#8830,#8838));
#8812 = ORIENTED_EDGE('',*,*,#8813,.F.);
#8813 = EDGE_CURVE('',#8814,#8816,#8818,.T.);
#8814 = VERTEX_POINT('',#8815);
#8815 = CARTESIAN_POINT('',(8.62095923889,-16.26021306339,21.6));
#8816 = VERTEX_POINT('',#8817);
#8817 = CARTESIAN_POINT('',(8.62095923889,-16.26021306339,22.25));
#8818 = LINE('',#8819,#8820);
#8819 = CARTESIAN_POINT('',(8.62095923889,-16.26021306339,21.6));
#8820 = VECTOR('',#8821,1.);
#8821 = DIRECTION('',(0.,0.,1.));
#8822 = ORIENTED_EDGE('',*,*,#8823,.T.);
#8823 = EDGE_CURVE('',#8814,#8824,#8826,.T.);
#8824 = VERTEX_POINT('',#8825);
#8825 = CARTESIAN_POINT('',(8.02095923889,-16.26021306339,21.6));
#8826 = LINE('',#8827,#8828);
#8827 = CARTESIAN_POINT('',(8.62095923889,-16.26021306339,21.6));
#8828 = VECTOR('',#8829,1.);
#8829 = DIRECTION('',(-1.,2.22044604925E-16,0.));
#8830 = ORIENTED_EDGE('',*,*,#8831,.T.);
#8831 = EDGE_CURVE('',#8824,#8832,#8834,.T.);
#8832 = VERTEX_POINT('',#8833);
#8833 = CARTESIAN_POINT('',(8.02095923889,-16.26021306339,22.25));
#8834 = LINE('',#8835,#8836);
#8835 = CARTESIAN_POINT('',(8.02095923889,-16.26021306339,21.6));
#8836 = VECTOR('',#8837,1.);
#8837 = DIRECTION('',(0.,0.,1.));
#8838 = ORIENTED_EDGE('',*,*,#8839,.F.);
#8839 = EDGE_CURVE('',#8816,#8832,#8840,.T.);
#8840 = LINE('',#8841,#8842);
#8841 = CARTESIAN_POINT('',(8.62095923889,-16.26021306339,22.25));
#8842 = VECTOR('',#8843,1.);
#8843 = DIRECTION('',(-1.,2.22044604925E-16,0.));
#8844 = PLANE('',#8845);
#8845 = AXIS2_PLACEMENT_3D('',#8846,#8847,#8848);
#8846 = CARTESIAN_POINT('',(8.62095923889,-16.26021306339,21.6));
#8847 = DIRECTION('',(2.22044604925E-16,1.,0.));
#8848 = DIRECTION('',(0.,0.,1.));
#8849 = ADVANCED_FACE('',(#8850),#8884,.T.);
#8850 = FACE_BOUND('',#8851,.T.);
#8851 = EDGE_LOOP('',(#8852,#8862,#8870,#8878));
#8852 = ORIENTED_EDGE('',*,*,#8853,.F.);
#8853 = EDGE_CURVE('',#8854,#8856,#8858,.T.);
#8854 = VERTEX_POINT('',#8855);
#8855 = CARTESIAN_POINT('',(8.62095923889,-14.64421306339,21.6));
#8856 = VERTEX_POINT('',#8857);
#8857 = CARTESIAN_POINT('',(8.62095923889,-14.64421306339,22.25));
#8858 = LINE('',#8859,#8860);
#8859 = CARTESIAN_POINT('',(8.62095923889,-14.64421306339,21.6));
#8860 = VECTOR('',#8861,1.);
#8861 = DIRECTION('',(0.,0.,1.));
#8862 = ORIENTED_EDGE('',*,*,#8863,.T.);
#8863 = EDGE_CURVE('',#8854,#8864,#8866,.T.);
#8864 = VERTEX_POINT('',#8865);
#8865 = CARTESIAN_POINT('',(8.02095923889,-14.64421306339,21.6));
#8866 = LINE('',#8867,#8868);
#8867 = CARTESIAN_POINT('',(8.62095923889,-14.64421306339,21.6));
#8868 = VECTOR('',#8869,1.);
#8869 = DIRECTION('',(-1.,2.22044604925E-16,0.));
#8870 = ORIENTED_EDGE('',*,*,#8871,.T.);
#8871 = EDGE_CURVE('',#8864,#8872,#8874,.T.);
#8872 = VERTEX_POINT('',#8873);
#8873 = CARTESIAN_POINT('',(8.02095923889,-14.64421306339,22.25));
#8874 = LINE('',#8875,#8876);
#8875 = CARTESIAN_POINT('',(8.02095923889,-14.64421306339,21.6));
#8876 = VECTOR('',#8877,1.);
#8877 = DIRECTION('',(0.,0.,1.));
#8878 = ORIENTED_EDGE('',*,*,#8879,.F.);
#8879 = EDGE_CURVE('',#8856,#8872,#8880,.T.);
#8880 = LINE('',#8881,#8882);
#8881 = CARTESIAN_POINT('',(8.62095923889,-14.64421306339,22.25));
#8882 = VECTOR('',#8883,1.);
#8883 = DIRECTION('',(-1.,2.22044604925E-16,0.));
#8884 = PLANE('',#8885);
#8885 = AXIS2_PLACEMENT_3D('',#8886,#8887,#8888);
#8886 = CARTESIAN_POINT('',(8.62095923889,-14.64421306339,21.6));
#8887 = DIRECTION('',(2.22044604925E-16,1.,0.));
#8888 = DIRECTION('',(0.,0.,1.));
#8889 = ADVANCED_FACE('',(#8890),#8906,.F.);
#8890 = FACE_BOUND('',#8891,.F.);
#8891 = EDGE_LOOP('',(#8892,#8898,#8899,#8905));
#8892 = ORIENTED_EDGE('',*,*,#8893,.F.);
#8893 = EDGE_CURVE('',#8814,#8854,#8894,.T.);
#8894 = LINE('',#8895,#8896);
#8895 = CARTESIAN_POINT('',(8.62095923889,-16.26021306339,21.6));
#8896 = VECTOR('',#8897,1.);
#8897 = DIRECTION('',(2.22044604925E-16,1.,0.));
#8898 = ORIENTED_EDGE('',*,*,#8813,.T.);
#8899 = ORIENTED_EDGE('',*,*,#8900,.T.);
#8900 = EDGE_CURVE('',#8816,#8856,#8901,.T.);
#8901 = LINE('',#8902,#8903);
#8902 = CARTESIAN_POINT('',(8.62095923889,-16.26021306339,22.25));
#8903 = VECTOR('',#8904,1.);
#8904 = DIRECTION('',(2.22044604925E-16,1.,0.));
#8905 = ORIENTED_EDGE('',*,*,#8853,.F.);
#8906 = PLANE('',#8907);
#8907 = AXIS2_PLACEMENT_3D('',#8908,#8909,#8910);
#8908 = CARTESIAN_POINT('',(8.62095923889,-16.26021306339,21.6));
#8909 = DIRECTION('',(-1.,2.22044604925E-16,0.));
#8910 = DIRECTION('',(0.,0.,1.));
#8911 = ADVANCED_FACE('',(#8912),#8928,.T.);
#8912 = FACE_BOUND('',#8913,.T.);
#8913 = EDGE_LOOP('',(#8914,#8920,#8921,#8927));
#8914 = ORIENTED_EDGE('',*,*,#8915,.F.);
#8915 = EDGE_CURVE('',#8824,#8864,#8916,.T.);
#8916 = LINE('',#8917,#8918);
#8917 = CARTESIAN_POINT('',(8.02095923889,-16.26021306339,21.6));
#8918 = VECTOR('',#8919,1.);
#8919 = DIRECTION('',(2.22044604925E-16,1.,0.));
#8920 = ORIENTED_EDGE('',*,*,#8831,.T.);
#8921 = ORIENTED_EDGE('',*,*,#8922,.T.);
#8922 = EDGE_CURVE('',#8832,#8872,#8923,.T.);
#8923 = LINE('',#8924,#8925);
#8924 = CARTESIAN_POINT('',(8.02095923889,-16.26021306339,22.25));
#8925 = VECTOR('',#8926,1.);
#8926 = DIRECTION('',(2.22044604925E-16,1.,0.));
#8927 = ORIENTED_EDGE('',*,*,#8871,.F.);
#8928 = PLANE('',#8929);
#8929 = AXIS2_PLACEMENT_3D('',#8930,#8931,#8932);
#8930 = CARTESIAN_POINT('',(8.02095923889,-16.26021306339,21.6));
#8931 = DIRECTION('',(-1.,2.22044604925E-16,0.));
#8932 = DIRECTION('',(0.,0.,1.));
#8933 = ADVANCED_FACE('',(#8934),#8940,.F.);
#8934 = FACE_BOUND('',#8935,.F.);
#8935 = EDGE_LOOP('',(#8936,#8937,#8938,#8939));
#8936 = ORIENTED_EDGE('',*,*,#8823,.F.);
#8937 = ORIENTED_EDGE('',*,*,#8893,.T.);
#8938 = ORIENTED_EDGE('',*,*,#8863,.T.);
#8939 = ORIENTED_EDGE('',*,*,#8915,.F.);
#8940 = PLANE('',#8941);
#8941 = AXIS2_PLACEMENT_3D('',#8942,#8943,#8944);
#8942 = CARTESIAN_POINT('',(8.62095923889,-16.26021306339,21.6));
#8943 = DIRECTION('',(0.,0.,1.));
#8944 = DIRECTION('',(2.22044604925E-16,1.,0.));
#8945 = ADVANCED_FACE('',(#8946),#8952,.T.);
#8946 = FACE_BOUND('',#8947,.T.);
#8947 = EDGE_LOOP('',(#8948,#8949,#8950,#8951));
#8948 = ORIENTED_EDGE('',*,*,#8839,.F.);
#8949 = ORIENTED_EDGE('',*,*,#8900,.T.);
#8950 = ORIENTED_EDGE('',*,*,#8879,.T.);
#8951 = ORIENTED_EDGE('',*,*,#8922,.F.);
#8952 = PLANE('',#8953);
#8953 = AXIS2_PLACEMENT_3D('',#8954,#8955,#8956);
#8954 = CARTESIAN_POINT('',(8.62095923889,-16.26021306339,22.25));
#8955 = DIRECTION('',(0.,0.,1.));
#8956 = DIRECTION('',(2.22044604925E-16,1.,0.));
#8957 = MANIFOLD_SOLID_BREP('',#8958);
#8958 = CLOSED_SHELL('',(#8959,#8999,#9039,#9061,#9083,#9095));
#8959 = ADVANCED_FACE('',(#8960),#8994,.F.);
#8960 = FACE_BOUND('',#8961,.F.);
#8961 = EDGE_LOOP('',(#8962,#8972,#8980,#8988));
#8962 = ORIENTED_EDGE('',*,*,#8963,.F.);
#8963 = EDGE_CURVE('',#8964,#8966,#8968,.T.);
#8964 = VERTEX_POINT('',#8965);
#8965 = CARTESIAN_POINT('',(-17.69000875509,-3.255468992356,21.6));
#8966 = VERTEX_POINT('',#8967);
#8967 = CARTESIAN_POINT('',(-17.69000875509,-3.255468992356,22.25));
#8968 = LINE('',#8969,#8970);
#8969 = CARTESIAN_POINT('',(-17.69000875509,-3.255468992356,21.6));
#8970 = VECTOR('',#8971,1.);
#8971 = DIRECTION('',(0.,0.,1.));
#8972 = ORIENTED_EDGE('',*,*,#8973,.T.);
#8973 = EDGE_CURVE('',#8964,#8974,#8976,.T.);
#8974 = VERTEX_POINT('',#8975);
#8975 = CARTESIAN_POINT('',(-17.09000875509,-3.255468992356,21.6));
#8976 = LINE('',#8977,#8978);
#8977 = CARTESIAN_POINT('',(-17.69000875509,-3.255468992356,21.6));
#8978 = VECTOR('',#8979,1.);
#8979 = DIRECTION('',(1.,1.110223024625E-16,0.));
#8980 = ORIENTED_EDGE('',*,*,#8981,.T.);
#8981 = EDGE_CURVE('',#8974,#8982,#8984,.T.);
#8982 = VERTEX_POINT('',#8983);
#8983 = CARTESIAN_POINT('',(-17.09000875509,-3.255468992356,22.25));
#8984 = LINE('',#8985,#8986);
#8985 = CARTESIAN_POINT('',(-17.09000875509,-3.255468992356,21.6));
#8986 = VECTOR('',#8987,1.);
#8987 = DIRECTION('',(0.,0.,1.));
#8988 = ORIENTED_EDGE('',*,*,#8989,.F.);
#8989 = EDGE_CURVE('',#8966,#8982,#8990,.T.);
#8990 = LINE('',#8991,#8992);
#8991 = CARTESIAN_POINT('',(-17.69000875509,-3.255468992356,22.25));
#8992 = VECTOR('',#8993,1.);
#8993 = DIRECTION('',(1.,1.110223024625E-16,0.));
#8994 = PLANE('',#8995);
#8995 = AXIS2_PLACEMENT_3D('',#8996,#8997,#8998);
#8996 = CARTESIAN_POINT('',(-17.69000875509,-3.255468992356,21.6));
#8997 = DIRECTION('',(1.110223024625E-16,-1.,0.));
#8998 = DIRECTION('',(0.,0.,1.));
#8999 = ADVANCED_FACE('',(#9000),#9034,.T.);
#9000 = FACE_BOUND('',#9001,.T.);
#9001 = EDGE_LOOP('',(#9002,#9012,#9020,#9028));
#9002 = ORIENTED_EDGE('',*,*,#9003,.F.);
#9003 = EDGE_CURVE('',#9004,#9006,#9008,.T.);
#9004 = VERTEX_POINT('',#9005);
#9005 = CARTESIAN_POINT('',(-17.69000875509,-4.871468992356,21.6));
#9006 = VERTEX_POINT('',#9007);
#9007 = CARTESIAN_POINT('',(-17.69000875509,-4.871468992356,22.25));
#9008 = LINE('',#9009,#9010);
#9009 = CARTESIAN_POINT('',(-17.69000875509,-4.871468992356,21.6));
#9010 = VECTOR('',#9011,1.);
#9011 = DIRECTION('',(0.,0.,1.));
#9012 = ORIENTED_EDGE('',*,*,#9013,.T.);
#9013 = EDGE_CURVE('',#9004,#9014,#9016,.T.);
#9014 = VERTEX_POINT('',#9015);
#9015 = CARTESIAN_POINT('',(-17.09000875509,-4.871468992356,21.6));
#9016 = LINE('',#9017,#9018);
#9017 = CARTESIAN_POINT('',(-17.69000875509,-4.871468992356,21.6));
#9018 = VECTOR('',#9019,1.);
#9019 = DIRECTION('',(1.,1.110223024625E-16,0.));
#9020 = ORIENTED_EDGE('',*,*,#9021,.T.);
#9021 = EDGE_CURVE('',#9014,#9022,#9024,.T.);
#9022 = VERTEX_POINT('',#9023);
#9023 = CARTESIAN_POINT('',(-17.09000875509,-4.871468992356,22.25));
#9024 = LINE('',#9025,#9026);
#9025 = CARTESIAN_POINT('',(-17.09000875509,-4.871468992356,21.6));
#9026 = VECTOR('',#9027,1.);
#9027 = DIRECTION('',(0.,0.,1.));
#9028 = ORIENTED_EDGE('',*,*,#9029,.F.);
#9029 = EDGE_CURVE('',#9006,#9022,#9030,.T.);
#9030 = LINE('',#9031,#9032);
#9031 = CARTESIAN_POINT('',(-17.69000875509,-4.871468992356,22.25));
#9032 = VECTOR('',#9033,1.);
#9033 = DIRECTION('',(1.,1.110223024625E-16,0.));
#9034 = PLANE('',#9035);
#9035 = AXIS2_PLACEMENT_3D('',#9036,#9037,#9038);
#9036 = CARTESIAN_POINT('',(-17.69000875509,-4.871468992356,21.6));
#9037 = DIRECTION('',(1.110223024625E-16,-1.,0.));
#9038 = DIRECTION('',(0.,0.,1.));
#9039 = ADVANCED_FACE('',(#9040),#9056,.F.);
#9040 = FACE_BOUND('',#9041,.F.);
#9041 = EDGE_LOOP('',(#9042,#9048,#9049,#9055));
#9042 = ORIENTED_EDGE('',*,*,#9043,.F.);
#9043 = EDGE_CURVE('',#8964,#9004,#9044,.T.);
#9044 = LINE('',#9045,#9046);
#9045 = CARTESIAN_POINT('',(-17.69000875509,-3.255468992356,21.6));
#9046 = VECTOR('',#9047,1.);
#9047 = DIRECTION('',(1.110223024625E-16,-1.,0.));
#9048 = ORIENTED_EDGE('',*,*,#8963,.T.);
#9049 = ORIENTED_EDGE('',*,*,#9050,.T.);
#9050 = EDGE_CURVE('',#8966,#9006,#9051,.T.);
#9051 = LINE('',#9052,#9053);
#9052 = CARTESIAN_POINT('',(-17.69000875509,-3.255468992356,22.25));
#9053 = VECTOR('',#9054,1.);
#9054 = DIRECTION('',(1.110223024625E-16,-1.,0.));
#9055 = ORIENTED_EDGE('',*,*,#9003,.F.);
#9056 = PLANE('',#9057);
#9057 = AXIS2_PLACEMENT_3D('',#9058,#9059,#9060);
#9058 = CARTESIAN_POINT('',(-17.69000875509,-3.255468992356,21.6));
#9059 = DIRECTION('',(1.,1.110223024625E-16,0.));
#9060 = DIRECTION('',(0.,0.,1.));
#9061 = ADVANCED_FACE('',(#9062),#9078,.T.);
#9062 = FACE_BOUND('',#9063,.T.);
#9063 = EDGE_LOOP('',(#9064,#9070,#9071,#9077));
#9064 = ORIENTED_EDGE('',*,*,#9065,.F.);
#9065 = EDGE_CURVE('',#8974,#9014,#9066,.T.);
#9066 = LINE('',#9067,#9068);
#9067 = CARTESIAN_POINT('',(-17.09000875509,-3.255468992356,21.6));
#9068 = VECTOR('',#9069,1.);
#9069 = DIRECTION('',(1.110223024625E-16,-1.,0.));
#9070 = ORIENTED_EDGE('',*,*,#8981,.T.);
#9071 = ORIENTED_EDGE('',*,*,#9072,.T.);
#9072 = EDGE_CURVE('',#8982,#9022,#9073,.T.);
#9073 = LINE('',#9074,#9075);
#9074 = CARTESIAN_POINT('',(-17.09000875509,-3.255468992356,22.25));
#9075 = VECTOR('',#9076,1.);
#9076 = DIRECTION('',(1.110223024625E-16,-1.,0.));
#9077 = ORIENTED_EDGE('',*,*,#9021,.F.);
#9078 = PLANE('',#9079);
#9079 = AXIS2_PLACEMENT_3D('',#9080,#9081,#9082);
#9080 = CARTESIAN_POINT('',(-17.09000875509,-3.255468992356,21.6));
#9081 = DIRECTION('',(1.,1.110223024625E-16,0.));
#9082 = DIRECTION('',(0.,0.,1.));
#9083 = ADVANCED_FACE('',(#9084),#9090,.F.);
#9084 = FACE_BOUND('',#9085,.F.);
#9085 = EDGE_LOOP('',(#9086,#9087,#9088,#9089));
#9086 = ORIENTED_EDGE('',*,*,#8973,.F.);
#9087 = ORIENTED_EDGE('',*,*,#9043,.T.);
#9088 = ORIENTED_EDGE('',*,*,#9013,.T.);
#9089 = ORIENTED_EDGE('',*,*,#9065,.F.);
#9090 = PLANE('',#9091);
#9091 = AXIS2_PLACEMENT_3D('',#9092,#9093,#9094);
#9092 = CARTESIAN_POINT('',(-17.69000875509,-3.255468992356,21.6));
#9093 = DIRECTION('',(0.,0.,1.));
#9094 = DIRECTION('',(1.110223024625E-16,-1.,0.));
#9095 = ADVANCED_FACE('',(#9096),#9102,.T.);
#9096 = FACE_BOUND('',#9097,.T.);
#9097 = EDGE_LOOP('',(#9098,#9099,#9100,#9101));
#9098 = ORIENTED_EDGE('',*,*,#8989,.F.);
#9099 = ORIENTED_EDGE('',*,*,#9050,.T.);
#9100 = ORIENTED_EDGE('',*,*,#9029,.T.);
#9101 = ORIENTED_EDGE('',*,*,#9072,.F.);
#9102 = PLANE('',#9103);
#9103 = AXIS2_PLACEMENT_3D('',#9104,#9105,#9106);
#9104 = CARTESIAN_POINT('',(-17.69000875509,-3.255468992356,22.25));
#9105 = DIRECTION('',(0.,0.,1.));
#9106 = DIRECTION('',(1.110223024625E-16,-1.,0.));
#9107 = MANIFOLD_SOLID_BREP('',#9108);
#9108 = CLOSED_SHELL('',(#9109,#9149,#9189,#9211,#9233,#9245));
#9109 = ADVANCED_FACE('',(#9110),#9144,.F.);
#9110 = FACE_BOUND('',#9111,.F.);
#9111 = EDGE_LOOP('',(#9112,#9122,#9130,#9138));
#9112 = ORIENTED_EDGE('',*,*,#9113,.F.);
#9113 = EDGE_CURVE('',#9114,#9116,#9118,.T.);
#9114 = VERTEX_POINT('',#9115);
#9115 = CARTESIAN_POINT('',(-15.39880409841,-5.844575493369,21.6));
#9116 = VERTEX_POINT('',#9117);
#9117 = CARTESIAN_POINT('',(-15.39880409841,-5.844575493369,22.25));
#9118 = LINE('',#9119,#9120);
#9119 = CARTESIAN_POINT('',(-15.39880409841,-5.844575493369,21.6));
#9120 = VECTOR('',#9121,1.);
#9121 = DIRECTION('',(0.,0.,1.));
#9122 = ORIENTED_EDGE('',*,*,#9123,.T.);
#9123 = EDGE_CURVE('',#9114,#9124,#9126,.T.);
#9124 = VERTEX_POINT('',#9125);
#9125 = CARTESIAN_POINT('',(-14.79880409841,-5.844575493369,21.6));
#9126 = LINE('',#9127,#9128);
#9127 = CARTESIAN_POINT('',(-15.39880409841,-5.844575493369,21.6));
#9128 = VECTOR('',#9129,1.);
#9129 = DIRECTION('',(1.,1.110223024625E-16,0.));
#9130 = ORIENTED_EDGE('',*,*,#9131,.T.);
#9131 = EDGE_CURVE('',#9124,#9132,#9134,.T.);
#9132 = VERTEX_POINT('',#9133);
#9133 = CARTESIAN_POINT('',(-14.79880409841,-5.844575493369,22.25));
#9134 = LINE('',#9135,#9136);
#9135 = CARTESIAN_POINT('',(-14.79880409841,-5.844575493369,21.6));
#9136 = VECTOR('',#9137,1.);
#9137 = DIRECTION('',(0.,0.,1.));
#9138 = ORIENTED_EDGE('',*,*,#9139,.F.);
#9139 = EDGE_CURVE('',#9116,#9132,#9140,.T.);
#9140 = LINE('',#9141,#9142);
#9141 = CARTESIAN_POINT('',(-15.39880409841,-5.844575493369,22.25));
#9142 = VECTOR('',#9143,1.);
#9143 = DIRECTION('',(1.,1.110223024625E-16,0.));
#9144 = PLANE('',#9145);
#9145 = AXIS2_PLACEMENT_3D('',#9146,#9147,#9148);
#9146 = CARTESIAN_POINT('',(-15.39880409841,-5.844575493369,21.6));
#9147 = DIRECTION('',(1.110223024625E-16,-1.,0.));
#9148 = DIRECTION('',(0.,0.,1.));
#9149 = ADVANCED_FACE('',(#9150),#9184,.T.);
#9150 = FACE_BOUND('',#9151,.T.);
#9151 = EDGE_LOOP('',(#9152,#9162,#9170,#9178));
#9152 = ORIENTED_EDGE('',*,*,#9153,.F.);
#9153 = EDGE_CURVE('',#9154,#9156,#9158,.T.);
#9154 = VERTEX_POINT('',#9155);
#9155 = CARTESIAN_POINT('',(-15.39880409841,-7.460575493369,21.6));
#9156 = VERTEX_POINT('',#9157);
#9157 = CARTESIAN_POINT('',(-15.39880409841,-7.460575493369,22.25));
#9158 = LINE('',#9159,#9160);
#9159 = CARTESIAN_POINT('',(-15.39880409841,-7.460575493369,21.6));
#9160 = VECTOR('',#9161,1.);
#9161 = DIRECTION('',(0.,0.,1.));
#9162 = ORIENTED_EDGE('',*,*,#9163,.T.);
#9163 = EDGE_CURVE('',#9154,#9164,#9166,.T.);
#9164 = VERTEX_POINT('',#9165);
#9165 = CARTESIAN_POINT('',(-14.79880409841,-7.460575493369,21.6));
#9166 = LINE('',#9167,#9168);
#9167 = CARTESIAN_POINT('',(-15.39880409841,-7.460575493369,21.6));
#9168 = VECTOR('',#9169,1.);
#9169 = DIRECTION('',(1.,1.110223024625E-16,0.));
#9170 = ORIENTED_EDGE('',*,*,#9171,.T.);
#9171 = EDGE_CURVE('',#9164,#9172,#9174,.T.);
#9172 = VERTEX_POINT('',#9173);
#9173 = CARTESIAN_POINT('',(-14.79880409841,-7.460575493369,22.25));
#9174 = LINE('',#9175,#9176);
#9175 = CARTESIAN_POINT('',(-14.79880409841,-7.460575493369,21.6));
#9176 = VECTOR('',#9177,1.);
#9177 = DIRECTION('',(0.,0.,1.));
#9178 = ORIENTED_EDGE('',*,*,#9179,.F.);
#9179 = EDGE_CURVE('',#9156,#9172,#9180,.T.);
#9180 = LINE('',#9181,#9182);
#9181 = CARTESIAN_POINT('',(-15.39880409841,-7.460575493369,22.25));
#9182 = VECTOR('',#9183,1.);
#9183 = DIRECTION('',(1.,1.110223024625E-16,0.));
#9184 = PLANE('',#9185);
#9185 = AXIS2_PLACEMENT_3D('',#9186,#9187,#9188);
#9186 = CARTESIAN_POINT('',(-15.39880409841,-7.460575493369,21.6));
#9187 = DIRECTION('',(1.110223024625E-16,-1.,0.));
#9188 = DIRECTION('',(0.,0.,1.));
#9189 = ADVANCED_FACE('',(#9190),#9206,.F.);
#9190 = FACE_BOUND('',#9191,.F.);
#9191 = EDGE_LOOP('',(#9192,#9198,#9199,#9205));
#9192 = ORIENTED_EDGE('',*,*,#9193,.F.);
#9193 = EDGE_CURVE('',#9114,#9154,#9194,.T.);
#9194 = LINE('',#9195,#9196);
#9195 = CARTESIAN_POINT('',(-15.39880409841,-5.844575493369,21.6));
#9196 = VECTOR('',#9197,1.);
#9197 = DIRECTION('',(1.110223024625E-16,-1.,0.));
#9198 = ORIENTED_EDGE('',*,*,#9113,.T.);
#9199 = ORIENTED_EDGE('',*,*,#9200,.T.);
#9200 = EDGE_CURVE('',#9116,#9156,#9201,.T.);
#9201 = LINE('',#9202,#9203);
#9202 = CARTESIAN_POINT('',(-15.39880409841,-5.844575493369,22.25));
#9203 = VECTOR('',#9204,1.);
#9204 = DIRECTION('',(1.110223024625E-16,-1.,0.));
#9205 = ORIENTED_EDGE('',*,*,#9153,.F.);
#9206 = PLANE('',#9207);
#9207 = AXIS2_PLACEMENT_3D('',#9208,#9209,#9210);
#9208 = CARTESIAN_POINT('',(-15.39880409841,-5.844575493369,21.6));
#9209 = DIRECTION('',(1.,1.110223024625E-16,0.));
#9210 = DIRECTION('',(0.,0.,1.));
#9211 = ADVANCED_FACE('',(#9212),#9228,.T.);
#9212 = FACE_BOUND('',#9213,.T.);
#9213 = EDGE_LOOP('',(#9214,#9220,#9221,#9227));
#9214 = ORIENTED_EDGE('',*,*,#9215,.F.);
#9215 = EDGE_CURVE('',#9124,#9164,#9216,.T.);
#9216 = LINE('',#9217,#9218);
#9217 = CARTESIAN_POINT('',(-14.79880409841,-5.844575493369,21.6));
#9218 = VECTOR('',#9219,1.);
#9219 = DIRECTION('',(1.110223024625E-16,-1.,0.));
#9220 = ORIENTED_EDGE('',*,*,#9131,.T.);
#9221 = ORIENTED_EDGE('',*,*,#9222,.T.);
#9222 = EDGE_CURVE('',#9132,#9172,#9223,.T.);
#9223 = LINE('',#9224,#9225);
#9224 = CARTESIAN_POINT('',(-14.79880409841,-5.844575493369,22.25));
#9225 = VECTOR('',#9226,1.);
#9226 = DIRECTION('',(1.110223024625E-16,-1.,0.));
#9227 = ORIENTED_EDGE('',*,*,#9171,.F.);
#9228 = PLANE('',#9229);
#9229 = AXIS2_PLACEMENT_3D('',#9230,#9231,#9232);
#9230 = CARTESIAN_POINT('',(-14.79880409841,-5.844575493369,21.6));
#9231 = DIRECTION('',(1.,1.110223024625E-16,0.));
#9232 = DIRECTION('',(0.,0.,1.));
#9233 = ADVANCED_FACE('',(#9234),#9240,.F.);
#9234 = FACE_BOUND('',#9235,.F.);
#9235 = EDGE_LOOP('',(#9236,#9237,#9238,#9239));
#9236 = ORIENTED_EDGE('',*,*,#9123,.F.);
#9237 = ORIENTED_EDGE('',*,*,#9193,.T.);
#9238 = ORIENTED_EDGE('',*,*,#9163,.T.);
#9239 = ORIENTED_EDGE('',*,*,#9215,.F.);
#9240 = PLANE('',#9241);
#9241 = AXIS2_PLACEMENT_3D('',#9242,#9243,#9244);
#9242 = CARTESIAN_POINT('',(-15.39880409841,-5.844575493369,21.6));
#9243 = DIRECTION('',(0.,0.,1.));
#9244 = DIRECTION('',(1.110223024625E-16,-1.,0.));
#9245 = ADVANCED_FACE('',(#9246),#9252,.T.);
#9246 = FACE_BOUND('',#9247,.T.);
#9247 = EDGE_LOOP('',(#9248,#9249,#9250,#9251));
#9248 = ORIENTED_EDGE('',*,*,#9139,.F.);
#9249 = ORIENTED_EDGE('',*,*,#9200,.T.);
#9250 = ORIENTED_EDGE('',*,*,#9179,.T.);
#9251 = ORIENTED_EDGE('',*,*,#9222,.F.);
#9252 = PLANE('',#9253);
#9253 = AXIS2_PLACEMENT_3D('',#9254,#9255,#9256);
#9254 = CARTESIAN_POINT('',(-15.39880409841,-5.844575493369,22.25));
#9255 = DIRECTION('',(0.,0.,1.));
#9256 = DIRECTION('',(1.110223024625E-16,-1.,0.));
#9257 = MANIFOLD_SOLID_BREP('',#9258);
#9258 = CLOSED_SHELL('',(#9259,#9299,#9339,#9361,#9383,#9395));
#9259 = ADVANCED_FACE('',(#9260),#9294,.F.);
#9260 = FACE_BOUND('',#9261,.F.);
#9261 = EDGE_LOOP('',(#9262,#9272,#9280,#9288));
#9262 = ORIENTED_EDGE('',*,*,#9263,.F.);
#9263 = EDGE_CURVE('',#9264,#9266,#9268,.T.);
#9264 = VERTEX_POINT('',#9265);
#9265 = CARTESIAN_POINT('',(-16.33977836868,3.764839878749,21.6));
#9266 = VERTEX_POINT('',#9267);
#9267 = CARTESIAN_POINT('',(-16.33977836868,3.764839878749,22.25));
#9268 = LINE('',#9269,#9270);
#9269 = CARTESIAN_POINT('',(-16.33977836868,3.764839878749,21.6));
#9270 = VECTOR('',#9271,1.);
#9271 = DIRECTION('',(0.,0.,1.));
#9272 = ORIENTED_EDGE('',*,*,#9273,.T.);
#9273 = EDGE_CURVE('',#9264,#9274,#9276,.T.);
#9274 = VERTEX_POINT('',#9275);
#9275 = CARTESIAN_POINT('',(-15.73977836868,3.764839878749,21.6));
#9276 = LINE('',#9277,#9278);
#9277 = CARTESIAN_POINT('',(-16.33977836868,3.764839878749,21.6));
#9278 = VECTOR('',#9279,1.);
#9279 = DIRECTION('',(1.,1.110223024625E-16,0.));
#9280 = ORIENTED_EDGE('',*,*,#9281,.T.);
#9281 = EDGE_CURVE('',#9274,#9282,#9284,.T.);
#9282 = VERTEX_POINT('',#9283);
#9283 = CARTESIAN_POINT('',(-15.73977836868,3.764839878749,22.25));
#9284 = LINE('',#9285,#9286);
#9285 = CARTESIAN_POINT('',(-15.73977836868,3.764839878749,21.6));
#9286 = VECTOR('',#9287,1.);
#9287 = DIRECTION('',(0.,0.,1.));
#9288 = ORIENTED_EDGE('',*,*,#9289,.F.);
#9289 = EDGE_CURVE('',#9266,#9282,#9290,.T.);
#9290 = LINE('',#9291,#9292);
#9291 = CARTESIAN_POINT('',(-16.33977836868,3.764839878749,22.25));
#9292 = VECTOR('',#9293,1.);
#9293 = DIRECTION('',(1.,1.110223024625E-16,0.));
#9294 = PLANE('',#9295);
#9295 = AXIS2_PLACEMENT_3D('',#9296,#9297,#9298);
#9296 = CARTESIAN_POINT('',(-16.33977836868,3.764839878749,21.6));
#9297 = DIRECTION('',(1.110223024625E-16,-1.,0.));
#9298 = DIRECTION('',(0.,0.,1.));
#9299 = ADVANCED_FACE('',(#9300),#9334,.T.);
#9300 = FACE_BOUND('',#9301,.T.);
#9301 = EDGE_LOOP('',(#9302,#9312,#9320,#9328));
#9302 = ORIENTED_EDGE('',*,*,#9303,.F.);
#9303 = EDGE_CURVE('',#9304,#9306,#9308,.T.);
#9304 = VERTEX_POINT('',#9305);
#9305 = CARTESIAN_POINT('',(-16.33977836868,2.148839878749,21.6));
#9306 = VERTEX_POINT('',#9307);
#9307 = CARTESIAN_POINT('',(-16.33977836868,2.148839878749,22.25));
#9308 = LINE('',#9309,#9310);
#9309 = CARTESIAN_POINT('',(-16.33977836868,2.148839878749,21.6));
#9310 = VECTOR('',#9311,1.);
#9311 = DIRECTION('',(0.,0.,1.));
#9312 = ORIENTED_EDGE('',*,*,#9313,.T.);
#9313 = EDGE_CURVE('',#9304,#9314,#9316,.T.);
#9314 = VERTEX_POINT('',#9315);
#9315 = CARTESIAN_POINT('',(-15.73977836868,2.148839878749,21.6));
#9316 = LINE('',#9317,#9318);
#9317 = CARTESIAN_POINT('',(-16.33977836868,2.148839878749,21.6));
#9318 = VECTOR('',#9319,1.);
#9319 = DIRECTION('',(1.,1.110223024625E-16,0.));
#9320 = ORIENTED_EDGE('',*,*,#9321,.T.);
#9321 = EDGE_CURVE('',#9314,#9322,#9324,.T.);
#9322 = VERTEX_POINT('',#9323);
#9323 = CARTESIAN_POINT('',(-15.73977836868,2.148839878749,22.25));
#9324 = LINE('',#9325,#9326);
#9325 = CARTESIAN_POINT('',(-15.73977836868,2.148839878749,21.6));
#9326 = VECTOR('',#9327,1.);
#9327 = DIRECTION('',(0.,0.,1.));
#9328 = ORIENTED_EDGE('',*,*,#9329,.F.);
#9329 = EDGE_CURVE('',#9306,#9322,#9330,.T.);
#9330 = LINE('',#9331,#9332);
#9331 = CARTESIAN_POINT('',(-16.33977836868,2.148839878749,22.25));
#9332 = VECTOR('',#9333,1.);
#9333 = DIRECTION('',(1.,1.110223024625E-16,0.));
#9334 = PLANE('',#9335);
#9335 = AXIS2_PLACEMENT_3D('',#9336,#9337,#9338);
#9336 = CARTESIAN_POINT('',(-16.33977836868,2.148839878749,21.6));
#9337 = DIRECTION('',(1.110223024625E-16,-1.,0.));
#9338 = DIRECTION('',(0.,0.,1.));
#9339 = ADVANCED_FACE('',(#9340),#9356,.F.);
#9340 = FACE_BOUND('',#9341,.F.);
#9341 = EDGE_LOOP('',(#9342,#9348,#9349,#9355));
#9342 = ORIENTED_EDGE('',*,*,#9343,.F.);
#9343 = EDGE_CURVE('',#9264,#9304,#9344,.T.);
#9344 = LINE('',#9345,#9346);
#9345 = CARTESIAN_POINT('',(-16.33977836868,3.764839878749,21.6));
#9346 = VECTOR('',#9347,1.);
#9347 = DIRECTION('',(1.110223024625E-16,-1.,0.));
#9348 = ORIENTED_EDGE('',*,*,#9263,.T.);
#9349 = ORIENTED_EDGE('',*,*,#9350,.T.);
#9350 = EDGE_CURVE('',#9266,#9306,#9351,.T.);
#9351 = LINE('',#9352,#9353);
#9352 = CARTESIAN_POINT('',(-16.33977836868,3.764839878749,22.25));
#9353 = VECTOR('',#9354,1.);
#9354 = DIRECTION('',(1.110223024625E-16,-1.,0.));
#9355 = ORIENTED_EDGE('',*,*,#9303,.F.);
#9356 = PLANE('',#9357);
#9357 = AXIS2_PLACEMENT_3D('',#9358,#9359,#9360);
#9358 = CARTESIAN_POINT('',(-16.33977836868,3.764839878749,21.6));
#9359 = DIRECTION('',(1.,1.110223024625E-16,0.));
#9360 = DIRECTION('',(0.,0.,1.));
#9361 = ADVANCED_FACE('',(#9362),#9378,.T.);
#9362 = FACE_BOUND('',#9363,.T.);
#9363 = EDGE_LOOP('',(#9364,#9370,#9371,#9377));
#9364 = ORIENTED_EDGE('',*,*,#9365,.F.);
#9365 = EDGE_CURVE('',#9274,#9314,#9366,.T.);
#9366 = LINE('',#9367,#9368);
#9367 = CARTESIAN_POINT('',(-15.73977836868,3.764839878749,21.6));
#9368 = VECTOR('',#9369,1.);
#9369 = DIRECTION('',(1.110223024625E-16,-1.,0.));
#9370 = ORIENTED_EDGE('',*,*,#9281,.T.);
#9371 = ORIENTED_EDGE('',*,*,#9372,.T.);
#9372 = EDGE_CURVE('',#9282,#9322,#9373,.T.);
#9373 = LINE('',#9374,#9375);
#9374 = CARTESIAN_POINT('',(-15.73977836868,3.764839878749,22.25));
#9375 = VECTOR('',#9376,1.);
#9376 = DIRECTION('',(1.110223024625E-16,-1.,0.));
#9377 = ORIENTED_EDGE('',*,*,#9321,.F.);
#9378 = PLANE('',#9379);
#9379 = AXIS2_PLACEMENT_3D('',#9380,#9381,#9382);
#9380 = CARTESIAN_POINT('',(-15.73977836868,3.764839878749,21.6));
#9381 = DIRECTION('',(1.,1.110223024625E-16,0.));
#9382 = DIRECTION('',(0.,0.,1.));
#9383 = ADVANCED_FACE('',(#9384),#9390,.F.);
#9384 = FACE_BOUND('',#9385,.F.);
#9385 = EDGE_LOOP('',(#9386,#9387,#9388,#9389));
#9386 = ORIENTED_EDGE('',*,*,#9273,.F.);
#9387 = ORIENTED_EDGE('',*,*,#9343,.T.);
#9388 = ORIENTED_EDGE('',*,*,#9313,.T.);
#9389 = ORIENTED_EDGE('',*,*,#9365,.F.);
#9390 = PLANE('',#9391);
#9391 = AXIS2_PLACEMENT_3D('',#9392,#9393,#9394);
#9392 = CARTESIAN_POINT('',(-16.33977836868,3.764839878749,21.6));
#9393 = DIRECTION('',(0.,0.,1.));
#9394 = DIRECTION('',(1.110223024625E-16,-1.,0.));
#9395 = ADVANCED_FACE('',(#9396),#9402,.T.);
#9396 = FACE_BOUND('',#9397,.T.);
#9397 = EDGE_LOOP('',(#9398,#9399,#9400,#9401));
#9398 = ORIENTED_EDGE('',*,*,#9289,.F.);
#9399 = ORIENTED_EDGE('',*,*,#9350,.T.);
#9400 = ORIENTED_EDGE('',*,*,#9329,.T.);
#9401 = ORIENTED_EDGE('',*,*,#9372,.F.);
#9402 = PLANE('',#9403);
#9403 = AXIS2_PLACEMENT_3D('',#9404,#9405,#9406);
#9404 = CARTESIAN_POINT('',(-16.33977836868,3.764839878749,22.25));
#9405 = DIRECTION('',(0.,0.,1.));
#9406 = DIRECTION('',(1.110223024625E-16,-1.,0.));
#9407 = MANIFOLD_SOLID_BREP('',#9408);
#9408 = CLOSED_SHELL('',(#9409,#9449,#9489,#9511,#9533,#9545));
#9409 = ADVANCED_FACE('',(#9410),#9444,.F.);
#9410 = FACE_BOUND('',#9411,.F.);
#9411 = EDGE_LOOP('',(#9412,#9422,#9430,#9438));
#9412 = ORIENTED_EDGE('',*,*,#9413,.F.);
#9413 = EDGE_CURVE('',#9414,#9416,#9418,.T.);
#9414 = VERTEX_POINT('',#9415);
#9415 = CARTESIAN_POINT('',(-15.22855345354,9.498095156909,21.6));
#9416 = VERTEX_POINT('',#9417);
#9417 = CARTESIAN_POINT('',(-15.22855345354,9.498095156909,22.25));
#9418 = LINE('',#9419,#9420);
#9419 = CARTESIAN_POINT('',(-15.22855345354,9.498095156909,21.6));
#9420 = VECTOR('',#9421,1.);
#9421 = DIRECTION('',(0.,0.,1.));
#9422 = ORIENTED_EDGE('',*,*,#9423,.T.);
#9423 = EDGE_CURVE('',#9414,#9424,#9426,.T.);
#9424 = VERTEX_POINT('',#9425);
#9425 = CARTESIAN_POINT('',(-14.62855345354,9.498095156909,21.6));
#9426 = LINE('',#9427,#9428);
#9427 = CARTESIAN_POINT('',(-15.22855345354,9.498095156909,21.6));
#9428 = VECTOR('',#9429,1.);
#9429 = DIRECTION('',(1.,1.110223024625E-16,0.));
#9430 = ORIENTED_EDGE('',*,*,#9431,.T.);
#9431 = EDGE_CURVE('',#9424,#9432,#9434,.T.);
#9432 = VERTEX_POINT('',#9433);
#9433 = CARTESIAN_POINT('',(-14.62855345354,9.498095156909,22.25));
#9434 = LINE('',#9435,#9436);
#9435 = CARTESIAN_POINT('',(-14.62855345354,9.498095156909,21.6));
#9436 = VECTOR('',#9437,1.);
#9437 = DIRECTION('',(0.,0.,1.));
#9438 = ORIENTED_EDGE('',*,*,#9439,.F.);
#9439 = EDGE_CURVE('',#9416,#9432,#9440,.T.);
#9440 = LINE('',#9441,#9442);
#9441 = CARTESIAN_POINT('',(-15.22855345354,9.498095156909,22.25));
#9442 = VECTOR('',#9443,1.);
#9443 = DIRECTION('',(1.,1.110223024625E-16,0.));
#9444 = PLANE('',#9445);
#9445 = AXIS2_PLACEMENT_3D('',#9446,#9447,#9448);
#9446 = CARTESIAN_POINT('',(-15.22855345354,9.498095156909,21.6));
#9447 = DIRECTION('',(1.110223024625E-16,-1.,0.));
#9448 = DIRECTION('',(0.,0.,1.));
#9449 = ADVANCED_FACE('',(#9450),#9484,.T.);
#9450 = FACE_BOUND('',#9451,.T.);
#9451 = EDGE_LOOP('',(#9452,#9462,#9470,#9478));
#9452 = ORIENTED_EDGE('',*,*,#9453,.F.);
#9453 = EDGE_CURVE('',#9454,#9456,#9458,.T.);
#9454 = VERTEX_POINT('',#9455);
#9455 = CARTESIAN_POINT('',(-15.22855345354,7.882095156909,21.6));
#9456 = VERTEX_POINT('',#9457);
#9457 = CARTESIAN_POINT('',(-15.22855345354,7.882095156909,22.25));
#9458 = LINE('',#9459,#9460);
#9459 = CARTESIAN_POINT('',(-15.22855345354,7.882095156909,21.6));
#9460 = VECTOR('',#9461,1.);
#9461 = DIRECTION('',(0.,0.,1.));
#9462 = ORIENTED_EDGE('',*,*,#9463,.T.);
#9463 = EDGE_CURVE('',#9454,#9464,#9466,.T.);
#9464 = VERTEX_POINT('',#9465);
#9465 = CARTESIAN_POINT('',(-14.62855345354,7.882095156909,21.6));
#9466 = LINE('',#9467,#9468);
#9467 = CARTESIAN_POINT('',(-15.22855345354,7.882095156909,21.6));
#9468 = VECTOR('',#9469,1.);
#9469 = DIRECTION('',(1.,1.110223024625E-16,0.));
#9470 = ORIENTED_EDGE('',*,*,#9471,.T.);
#9471 = EDGE_CURVE('',#9464,#9472,#9474,.T.);
#9472 = VERTEX_POINT('',#9473);
#9473 = CARTESIAN_POINT('',(-14.62855345354,7.882095156909,22.25));
#9474 = LINE('',#9475,#9476);
#9475 = CARTESIAN_POINT('',(-14.62855345354,7.882095156909,21.6));
#9476 = VECTOR('',#9477,1.);
#9477 = DIRECTION('',(0.,0.,1.));
#9478 = ORIENTED_EDGE('',*,*,#9479,.F.);
#9479 = EDGE_CURVE('',#9456,#9472,#9480,.T.);
#9480 = LINE('',#9481,#9482);
#9481 = CARTESIAN_POINT('',(-15.22855345354,7.882095156909,22.25));
#9482 = VECTOR('',#9483,1.);
#9483 = DIRECTION('',(1.,1.110223024625E-16,0.));
#9484 = PLANE('',#9485);
#9485 = AXIS2_PLACEMENT_3D('',#9486,#9487,#9488);
#9486 = CARTESIAN_POINT('',(-15.22855345354,7.882095156909,21.6));
#9487 = DIRECTION('',(1.110223024625E-16,-1.,0.));
#9488 = DIRECTION('',(0.,0.,1.));
#9489 = ADVANCED_FACE('',(#9490),#9506,.F.);
#9490 = FACE_BOUND('',#9491,.F.);
#9491 = EDGE_LOOP('',(#9492,#9498,#9499,#9505));
#9492 = ORIENTED_EDGE('',*,*,#9493,.F.);
#9493 = EDGE_CURVE('',#9414,#9454,#9494,.T.);
#9494 = LINE('',#9495,#9496);
#9495 = CARTESIAN_POINT('',(-15.22855345354,9.498095156909,21.6));
#9496 = VECTOR('',#9497,1.);
#9497 = DIRECTION('',(1.110223024625E-16,-1.,0.));
#9498 = ORIENTED_EDGE('',*,*,#9413,.T.);
#9499 = ORIENTED_EDGE('',*,*,#9500,.T.);
#9500 = EDGE_CURVE('',#9416,#9456,#9501,.T.);
#9501 = LINE('',#9502,#9503);
#9502 = CARTESIAN_POINT('',(-15.22855345354,9.498095156909,22.25));
#9503 = VECTOR('',#9504,1.);
#9504 = DIRECTION('',(1.110223024625E-16,-1.,0.));
#9505 = ORIENTED_EDGE('',*,*,#9453,.F.);
#9506 = PLANE('',#9507);
#9507 = AXIS2_PLACEMENT_3D('',#9508,#9509,#9510);
#9508 = CARTESIAN_POINT('',(-15.22855345354,9.498095156909,21.6));
#9509 = DIRECTION('',(1.,1.110223024625E-16,0.));
#9510 = DIRECTION('',(0.,0.,1.));
#9511 = ADVANCED_FACE('',(#9512),#9528,.T.);
#9512 = FACE_BOUND('',#9513,.T.);
#9513 = EDGE_LOOP('',(#9514,#9520,#9521,#9527));
#9514 = ORIENTED_EDGE('',*,*,#9515,.F.);
#9515 = EDGE_CURVE('',#9424,#9464,#9516,.T.);
#9516 = LINE('',#9517,#9518);
#9517 = CARTESIAN_POINT('',(-14.62855345354,9.498095156909,21.6));
#9518 = VECTOR('',#9519,1.);
#9519 = DIRECTION('',(1.110223024625E-16,-1.,0.));
#9520 = ORIENTED_EDGE('',*,*,#9431,.T.);
#9521 = ORIENTED_EDGE('',*,*,#9522,.T.);
#9522 = EDGE_CURVE('',#9432,#9472,#9523,.T.);
#9523 = LINE('',#9524,#9525);
#9524 = CARTESIAN_POINT('',(-14.62855345354,9.498095156909,22.25));
#9525 = VECTOR('',#9526,1.);
#9526 = DIRECTION('',(1.110223024625E-16,-1.,0.));
#9527 = ORIENTED_EDGE('',*,*,#9471,.F.);
#9528 = PLANE('',#9529);
#9529 = AXIS2_PLACEMENT_3D('',#9530,#9531,#9532);
#9530 = CARTESIAN_POINT('',(-14.62855345354,9.498095156909,21.6));
#9531 = DIRECTION('',(1.,1.110223024625E-16,0.));
#9532 = DIRECTION('',(0.,0.,1.));
#9533 = ADVANCED_FACE('',(#9534),#9540,.F.);
#9534 = FACE_BOUND('',#9535,.F.);
#9535 = EDGE_LOOP('',(#9536,#9537,#9538,#9539));
#9536 = ORIENTED_EDGE('',*,*,#9423,.F.);
#9537 = ORIENTED_EDGE('',*,*,#9493,.T.);
#9538 = ORIENTED_EDGE('',*,*,#9463,.T.);
#9539 = ORIENTED_EDGE('',*,*,#9515,.F.);
#9540 = PLANE('',#9541);
#9541 = AXIS2_PLACEMENT_3D('',#9542,#9543,#9544);
#9542 = CARTESIAN_POINT('',(-15.22855345354,9.498095156909,21.6));
#9543 = DIRECTION('',(0.,0.,1.));
#9544 = DIRECTION('',(1.110223024625E-16,-1.,0.));
#9545 = ADVANCED_FACE('',(#9546),#9552,.T.);
#9546 = FACE_BOUND('',#9547,.T.);
#9547 = EDGE_LOOP('',(#9548,#9549,#9550,#9551));
#9548 = ORIENTED_EDGE('',*,*,#9439,.F.);
#9549 = ORIENTED_EDGE('',*,*,#9500,.T.);
#9550 = ORIENTED_EDGE('',*,*,#9479,.T.);
#9551 = ORIENTED_EDGE('',*,*,#9522,.F.);
#9552 = PLANE('',#9553);
#9553 = AXIS2_PLACEMENT_3D('',#9554,#9555,#9556);
#9554 = CARTESIAN_POINT('',(-15.22855345354,9.498095156909,22.25));
#9555 = DIRECTION('',(0.,0.,1.));
#9556 = DIRECTION('',(1.110223024625E-16,-1.,0.));
#9557 = MANIFOLD_SOLID_BREP('',#9558);
#9558 = CLOSED_SHELL('',(#9559,#9599,#9639,#9661,#9683,#9695));
#9559 = ADVANCED_FACE('',(#9560),#9594,.F.);
#9560 = FACE_BOUND('',#9561,.F.);
#9561 = EDGE_LOOP('',(#9562,#9572,#9580,#9588));
#9562 = ORIENTED_EDGE('',*,*,#9563,.F.);
#9563 = EDGE_CURVE('',#9564,#9566,#9568,.T.);
#9564 = VERTEX_POINT('',#9565);
#9565 = CARTESIAN_POINT('',(14.804121011002,-10.37694284736,21.6));
#9566 = VERTEX_POINT('',#9567);
#9567 = CARTESIAN_POINT('',(14.804121011002,-10.37694284736,22.25));
#9568 = LINE('',#9569,#9570);
#9569 = CARTESIAN_POINT('',(14.804121011002,-10.37694284736,21.6));
#9570 = VECTOR('',#9571,1.);
#9571 = DIRECTION('',(0.,0.,1.));
#9572 = ORIENTED_EDGE('',*,*,#9573,.T.);
#9573 = EDGE_CURVE('',#9564,#9574,#9576,.T.);
#9574 = VERTEX_POINT('',#9575);
#9575 = CARTESIAN_POINT('',(14.204121011002,-10.37694284736,21.6));
#9576 = LINE('',#9577,#9578);
#9577 = CARTESIAN_POINT('',(14.804121011002,-10.37694284736,21.6));
#9578 = VECTOR('',#9579,1.);
#9579 = DIRECTION('',(-1.,2.22044604925E-16,0.));
#9580 = ORIENTED_EDGE('',*,*,#9581,.T.);
#9581 = EDGE_CURVE('',#9574,#9582,#9584,.T.);
#9582 = VERTEX_POINT('',#9583);
#9583 = CARTESIAN_POINT('',(14.204121011002,-10.37694284736,22.25));
#9584 = LINE('',#9585,#9586);
#9585 = CARTESIAN_POINT('',(14.204121011002,-10.37694284736,21.6));
#9586 = VECTOR('',#9587,1.);
#9587 = DIRECTION('',(0.,0.,1.));
#9588 = ORIENTED_EDGE('',*,*,#9589,.F.);
#9589 = EDGE_CURVE('',#9566,#9582,#9590,.T.);
#9590 = LINE('',#9591,#9592);
#9591 = CARTESIAN_POINT('',(14.804121011002,-10.37694284736,22.25));
#9592 = VECTOR('',#9593,1.);
#9593 = DIRECTION('',(-1.,2.22044604925E-16,0.));
#9594 = PLANE('',#9595);
#9595 = AXIS2_PLACEMENT_3D('',#9596,#9597,#9598);
#9596 = CARTESIAN_POINT('',(14.804121011002,-10.37694284736,21.6));
#9597 = DIRECTION('',(2.22044604925E-16,1.,0.));
#9598 = DIRECTION('',(0.,0.,1.));
#9599 = ADVANCED_FACE('',(#9600),#9634,.T.);
#9600 = FACE_BOUND('',#9601,.T.);
#9601 = EDGE_LOOP('',(#9602,#9612,#9620,#9628));
#9602 = ORIENTED_EDGE('',*,*,#9603,.F.);
#9603 = EDGE_CURVE('',#9604,#9606,#9608,.T.);
#9604 = VERTEX_POINT('',#9605);
#9605 = CARTESIAN_POINT('',(14.804121011002,-8.760942847368,21.6));
#9606 = VERTEX_POINT('',#9607);
#9607 = CARTESIAN_POINT('',(14.804121011002,-8.760942847368,22.25));
#9608 = LINE('',#9609,#9610);
#9609 = CARTESIAN_POINT('',(14.804121011002,-8.760942847368,21.6));
#9610 = VECTOR('',#9611,1.);
#9611 = DIRECTION('',(0.,0.,1.));
#9612 = ORIENTED_EDGE('',*,*,#9613,.T.);
#9613 = EDGE_CURVE('',#9604,#9614,#9616,.T.);
#9614 = VERTEX_POINT('',#9615);
#9615 = CARTESIAN_POINT('',(14.204121011002,-8.760942847368,21.6));
#9616 = LINE('',#9617,#9618);
#9617 = CARTESIAN_POINT('',(14.804121011002,-8.760942847368,21.6));
#9618 = VECTOR('',#9619,1.);
#9619 = DIRECTION('',(-1.,2.22044604925E-16,0.));
#9620 = ORIENTED_EDGE('',*,*,#9621,.T.);
#9621 = EDGE_CURVE('',#9614,#9622,#9624,.T.);
#9622 = VERTEX_POINT('',#9623);
#9623 = CARTESIAN_POINT('',(14.204121011002,-8.760942847368,22.25));
#9624 = LINE('',#9625,#9626);
#9625 = CARTESIAN_POINT('',(14.204121011002,-8.760942847368,21.6));
#9626 = VECTOR('',#9627,1.);
#9627 = DIRECTION('',(0.,0.,1.));
#9628 = ORIENTED_EDGE('',*,*,#9629,.F.);
#9629 = EDGE_CURVE('',#9606,#9622,#9630,.T.);
#9630 = LINE('',#9631,#9632);
#9631 = CARTESIAN_POINT('',(14.804121011002,-8.760942847368,22.25));
#9632 = VECTOR('',#9633,1.);
#9633 = DIRECTION('',(-1.,2.22044604925E-16,0.));
#9634 = PLANE('',#9635);
#9635 = AXIS2_PLACEMENT_3D('',#9636,#9637,#9638);
#9636 = CARTESIAN_POINT('',(14.804121011002,-8.760942847368,21.6));
#9637 = DIRECTION('',(2.22044604925E-16,1.,0.));
#9638 = DIRECTION('',(0.,0.,1.));
#9639 = ADVANCED_FACE('',(#9640),#9656,.F.);
#9640 = FACE_BOUND('',#9641,.F.);
#9641 = EDGE_LOOP('',(#9642,#9648,#9649,#9655));
#9642 = ORIENTED_EDGE('',*,*,#9643,.F.);
#9643 = EDGE_CURVE('',#9564,#9604,#9644,.T.);
#9644 = LINE('',#9645,#9646);
#9645 = CARTESIAN_POINT('',(14.804121011002,-10.37694284736,21.6));
#9646 = VECTOR('',#9647,1.);
#9647 = DIRECTION('',(2.22044604925E-16,1.,0.));
#9648 = ORIENTED_EDGE('',*,*,#9563,.T.);
#9649 = ORIENTED_EDGE('',*,*,#9650,.T.);
#9650 = EDGE_CURVE('',#9566,#9606,#9651,.T.);
#9651 = LINE('',#9652,#9653);
#9652 = CARTESIAN_POINT('',(14.804121011002,-10.37694284736,22.25));
#9653 = VECTOR('',#9654,1.);
#9654 = DIRECTION('',(2.22044604925E-16,1.,0.));
#9655 = ORIENTED_EDGE('',*,*,#9603,.F.);
#9656 = PLANE('',#9657);
#9657 = AXIS2_PLACEMENT_3D('',#9658,#9659,#9660);
#9658 = CARTESIAN_POINT('',(14.804121011002,-10.37694284736,21.6));
#9659 = DIRECTION('',(-1.,2.22044604925E-16,0.));
#9660 = DIRECTION('',(0.,0.,1.));
#9661 = ADVANCED_FACE('',(#9662),#9678,.T.);
#9662 = FACE_BOUND('',#9663,.T.);
#9663 = EDGE_LOOP('',(#9664,#9670,#9671,#9677));
#9664 = ORIENTED_EDGE('',*,*,#9665,.F.);
#9665 = EDGE_CURVE('',#9574,#9614,#9666,.T.);
#9666 = LINE('',#9667,#9668);
#9667 = CARTESIAN_POINT('',(14.204121011002,-10.37694284736,21.6));
#9668 = VECTOR('',#9669,1.);
#9669 = DIRECTION('',(2.22044604925E-16,1.,0.));
#9670 = ORIENTED_EDGE('',*,*,#9581,.T.);
#9671 = ORIENTED_EDGE('',*,*,#9672,.T.);
#9672 = EDGE_CURVE('',#9582,#9622,#9673,.T.);
#9673 = LINE('',#9674,#9675);
#9674 = CARTESIAN_POINT('',(14.204121011002,-10.37694284736,22.25));
#9675 = VECTOR('',#9676,1.);
#9676 = DIRECTION('',(2.22044604925E-16,1.,0.));
#9677 = ORIENTED_EDGE('',*,*,#9621,.F.);
#9678 = PLANE('',#9679);
#9679 = AXIS2_PLACEMENT_3D('',#9680,#9681,#9682);
#9680 = CARTESIAN_POINT('',(14.204121011002,-10.37694284736,21.6));
#9681 = DIRECTION('',(-1.,2.22044604925E-16,0.));
#9682 = DIRECTION('',(0.,0.,1.));
#9683 = ADVANCED_FACE('',(#9684),#9690,.F.);
#9684 = FACE_BOUND('',#9685,.F.);
#9685 = EDGE_LOOP('',(#9686,#9687,#9688,#9689));
#9686 = ORIENTED_EDGE('',*,*,#9573,.F.);
#9687 = ORIENTED_EDGE('',*,*,#9643,.T.);
#9688 = ORIENTED_EDGE('',*,*,#9613,.T.);
#9689 = ORIENTED_EDGE('',*,*,#9665,.F.);
#9690 = PLANE('',#9691);
#9691 = AXIS2_PLACEMENT_3D('',#9692,#9693,#9694);
#9692 = CARTESIAN_POINT('',(14.804121011002,-10.37694284736,21.6));
#9693 = DIRECTION('',(0.,0.,1.));
#9694 = DIRECTION('',(2.22044604925E-16,1.,0.));
#9695 = ADVANCED_FACE('',(#9696),#9702,.T.);
#9696 = FACE_BOUND('',#9697,.T.);
#9697 = EDGE_LOOP('',(#9698,#9699,#9700,#9701));
#9698 = ORIENTED_EDGE('',*,*,#9589,.F.);
#9699 = ORIENTED_EDGE('',*,*,#9650,.T.);
#9700 = ORIENTED_EDGE('',*,*,#9629,.T.);
#9701 = ORIENTED_EDGE('',*,*,#9672,.F.);
#9702 = PLANE('',#9703);
#9703 = AXIS2_PLACEMENT_3D('',#9704,#9705,#9706);
#9704 = CARTESIAN_POINT('',(14.804121011002,-10.37694284736,22.25));
#9705 = DIRECTION('',(0.,0.,1.));
#9706 = DIRECTION('',(2.22044604925E-16,1.,0.));
#9707 = MANIFOLD_SOLID_BREP('',#9708);
#9708 = CLOSED_SHELL('',(#9709,#9749,#9789,#9811,#9833,#9845));
#9709 = ADVANCED_FACE('',(#9710),#9744,.F.);
#9710 = FACE_BOUND('',#9711,.F.);
#9711 = EDGE_LOOP('',(#9712,#9722,#9730,#9738));
#9712 = ORIENTED_EDGE('',*,*,#9713,.F.);
#9713 = EDGE_CURVE('',#9714,#9716,#9718,.T.);
#9714 = VERTEX_POINT('',#9715);
#9715 = CARTESIAN_POINT('',(9.405894907515,-1.816097139721,21.6));
#9716 = VERTEX_POINT('',#9717);
#9717 = CARTESIAN_POINT('',(9.405894907515,-1.816097139721,22.25));
#9718 = LINE('',#9719,#9720);
#9719 = CARTESIAN_POINT('',(9.405894907515,-1.816097139721,21.6));
#9720 = VECTOR('',#9721,1.);
#9721 = DIRECTION('',(0.,0.,1.));
#9722 = ORIENTED_EDGE('',*,*,#9723,.T.);
#9723 = EDGE_CURVE('',#9714,#9724,#9726,.T.);
#9724 = VERTEX_POINT('',#9725);
#9725 = CARTESIAN_POINT('',(9.405894907515,-1.216097139721,21.6));
#9726 = LINE('',#9727,#9728);
#9727 = CARTESIAN_POINT('',(9.405894907515,-1.816097139721,21.6));
#9728 = VECTOR('',#9729,1.);
#9729 = DIRECTION('',(0.,1.,0.));
#9730 = ORIENTED_EDGE('',*,*,#9731,.T.);
#9731 = EDGE_CURVE('',#9724,#9732,#9734,.T.);
#9732 = VERTEX_POINT('',#9733);
#9733 = CARTESIAN_POINT('',(9.405894907515,-1.216097139721,22.25));
#9734 = LINE('',#9735,#9736);
#9735 = CARTESIAN_POINT('',(9.405894907515,-1.216097139721,21.6));
#9736 = VECTOR('',#9737,1.);
#9737 = DIRECTION('',(0.,0.,1.));
#9738 = ORIENTED_EDGE('',*,*,#9739,.F.);
#9739 = EDGE_CURVE('',#9716,#9732,#9740,.T.);
#9740 = LINE('',#9741,#9742);
#9741 = CARTESIAN_POINT('',(9.405894907515,-1.816097139721,22.25));
#9742 = VECTOR('',#9743,1.);
#9743 = DIRECTION('',(0.,1.,0.));
#9744 = PLANE('',#9745);
#9745 = AXIS2_PLACEMENT_3D('',#9746,#9747,#9748);
#9746 = CARTESIAN_POINT('',(9.405894907515,-1.816097139721,21.6));
#9747 = DIRECTION('',(1.,0.,0.));
#9748 = DIRECTION('',(0.,0.,1.));
#9749 = ADVANCED_FACE('',(#9750),#9784,.T.);
#9750 = FACE_BOUND('',#9751,.T.);
#9751 = EDGE_LOOP('',(#9752,#9762,#9770,#9778));
#9752 = ORIENTED_EDGE('',*,*,#9753,.F.);
#9753 = EDGE_CURVE('',#9754,#9756,#9758,.T.);
#9754 = VERTEX_POINT('',#9755);
#9755 = CARTESIAN_POINT('',(11.021894907515,-1.816097139721,21.6));
#9756 = VERTEX_POINT('',#9757);
#9757 = CARTESIAN_POINT('',(11.021894907515,-1.816097139721,22.25));
#9758 = LINE('',#9759,#9760);
#9759 = CARTESIAN_POINT('',(11.021894907515,-1.816097139721,21.6));
#9760 = VECTOR('',#9761,1.);
#9761 = DIRECTION('',(0.,0.,1.));
#9762 = ORIENTED_EDGE('',*,*,#9763,.T.);
#9763 = EDGE_CURVE('',#9754,#9764,#9766,.T.);
#9764 = VERTEX_POINT('',#9765);
#9765 = CARTESIAN_POINT('',(11.021894907515,-1.216097139721,21.6));
#9766 = LINE('',#9767,#9768);
#9767 = CARTESIAN_POINT('',(11.021894907515,-1.816097139721,21.6));
#9768 = VECTOR('',#9769,1.);
#9769 = DIRECTION('',(0.,1.,0.));
#9770 = ORIENTED_EDGE('',*,*,#9771,.T.);
#9771 = EDGE_CURVE('',#9764,#9772,#9774,.T.);
#9772 = VERTEX_POINT('',#9773);
#9773 = CARTESIAN_POINT('',(11.021894907515,-1.216097139721,22.25));
#9774 = LINE('',#9775,#9776);
#9775 = CARTESIAN_POINT('',(11.021894907515,-1.216097139721,21.6));
#9776 = VECTOR('',#9777,1.);
#9777 = DIRECTION('',(0.,0.,1.));
#9778 = ORIENTED_EDGE('',*,*,#9779,.F.);
#9779 = EDGE_CURVE('',#9756,#9772,#9780,.T.);
#9780 = LINE('',#9781,#9782);
#9781 = CARTESIAN_POINT('',(11.021894907515,-1.816097139721,22.25));
#9782 = VECTOR('',#9783,1.);
#9783 = DIRECTION('',(0.,1.,0.));
#9784 = PLANE('',#9785);
#9785 = AXIS2_PLACEMENT_3D('',#9786,#9787,#9788);
#9786 = CARTESIAN_POINT('',(11.021894907515,-1.816097139721,21.6));
#9787 = DIRECTION('',(1.,0.,0.));
#9788 = DIRECTION('',(0.,0.,1.));
#9789 = ADVANCED_FACE('',(#9790),#9806,.F.);
#9790 = FACE_BOUND('',#9791,.F.);
#9791 = EDGE_LOOP('',(#9792,#9798,#9799,#9805));
#9792 = ORIENTED_EDGE('',*,*,#9793,.F.);
#9793 = EDGE_CURVE('',#9714,#9754,#9794,.T.);
#9794 = LINE('',#9795,#9796);
#9795 = CARTESIAN_POINT('',(9.405894907515,-1.816097139721,21.6));
#9796 = VECTOR('',#9797,1.);
#9797 = DIRECTION('',(1.,0.,0.));
#9798 = ORIENTED_EDGE('',*,*,#9713,.T.);
#9799 = ORIENTED_EDGE('',*,*,#9800,.T.);
#9800 = EDGE_CURVE('',#9716,#9756,#9801,.T.);
#9801 = LINE('',#9802,#9803);
#9802 = CARTESIAN_POINT('',(9.405894907515,-1.816097139721,22.25));
#9803 = VECTOR('',#9804,1.);
#9804 = DIRECTION('',(1.,0.,0.));
#9805 = ORIENTED_EDGE('',*,*,#9753,.F.);
#9806 = PLANE('',#9807);
#9807 = AXIS2_PLACEMENT_3D('',#9808,#9809,#9810);
#9808 = CARTESIAN_POINT('',(9.405894907515,-1.816097139721,21.6));
#9809 = DIRECTION('',(0.,1.,0.));
#9810 = DIRECTION('',(0.,0.,1.));
#9811 = ADVANCED_FACE('',(#9812),#9828,.T.);
#9812 = FACE_BOUND('',#9813,.T.);
#9813 = EDGE_LOOP('',(#9814,#9820,#9821,#9827));
#9814 = ORIENTED_EDGE('',*,*,#9815,.F.);
#9815 = EDGE_CURVE('',#9724,#9764,#9816,.T.);
#9816 = LINE('',#9817,#9818);
#9817 = CARTESIAN_POINT('',(9.405894907515,-1.216097139721,21.6));
#9818 = VECTOR('',#9819,1.);
#9819 = DIRECTION('',(1.,0.,0.));
#9820 = ORIENTED_EDGE('',*,*,#9731,.T.);
#9821 = ORIENTED_EDGE('',*,*,#9822,.T.);
#9822 = EDGE_CURVE('',#9732,#9772,#9823,.T.);
#9823 = LINE('',#9824,#9825);
#9824 = CARTESIAN_POINT('',(9.405894907515,-1.216097139721,22.25));
#9825 = VECTOR('',#9826,1.);
#9826 = DIRECTION('',(1.,0.,0.));
#9827 = ORIENTED_EDGE('',*,*,#9771,.F.);
#9828 = PLANE('',#9829);
#9829 = AXIS2_PLACEMENT_3D('',#9830,#9831,#9832);
#9830 = CARTESIAN_POINT('',(9.405894907515,-1.216097139721,21.6));
#9831 = DIRECTION('',(0.,1.,0.));
#9832 = DIRECTION('',(0.,0.,1.));
#9833 = ADVANCED_FACE('',(#9834),#9840,.F.);
#9834 = FACE_BOUND('',#9835,.F.);
#9835 = EDGE_LOOP('',(#9836,#9837,#9838,#9839));
#9836 = ORIENTED_EDGE('',*,*,#9723,.F.);
#9837 = ORIENTED_EDGE('',*,*,#9793,.T.);
#9838 = ORIENTED_EDGE('',*,*,#9763,.T.);
#9839 = ORIENTED_EDGE('',*,*,#9815,.F.);
#9840 = PLANE('',#9841);
#9841 = AXIS2_PLACEMENT_3D('',#9842,#9843,#9844);
#9842 = CARTESIAN_POINT('',(9.405894907515,-1.816097139721,21.6));
#9843 = DIRECTION('',(0.,0.,1.));
#9844 = DIRECTION('',(1.,0.,0.));
#9845 = ADVANCED_FACE('',(#9846),#9852,.T.);
#9846 = FACE_BOUND('',#9847,.T.);
#9847 = EDGE_LOOP('',(#9848,#9849,#9850,#9851));
#9848 = ORIENTED_EDGE('',*,*,#9739,.F.);
#9849 = ORIENTED_EDGE('',*,*,#9800,.T.);
#9850 = ORIENTED_EDGE('',*,*,#9779,.T.);
#9851 = ORIENTED_EDGE('',*,*,#9822,.F.);
#9852 = PLANE('',#9853);
#9853 = AXIS2_PLACEMENT_3D('',#9854,#9855,#9856);
#9854 = CARTESIAN_POINT('',(9.405894907515,-1.816097139721,22.25));
#9855 = DIRECTION('',(0.,0.,1.));
#9856 = DIRECTION('',(1.,0.,0.));
#9857 = MANIFOLD_SOLID_BREP('',#9858);
#9858 = CLOSED_SHELL('',(#9859,#9899,#9939,#9961,#9983,#9995));
#9859 = ADVANCED_FACE('',(#9860),#9894,.F.);
#9860 = FACE_BOUND('',#9861,.F.);
#9861 = EDGE_LOOP('',(#9862,#9872,#9880,#9888));
#9862 = ORIENTED_EDGE('',*,*,#9863,.F.);
#9863 = EDGE_CURVE('',#9864,#9866,#9868,.T.);
#9864 = VERTEX_POINT('',#9865);
#9865 = CARTESIAN_POINT('',(3.164743943513,6.08703061853,21.6));
#9866 = VERTEX_POINT('',#9867);
#9867 = CARTESIAN_POINT('',(3.164743943513,6.08703061853,22.25));
#9868 = LINE('',#9869,#9870);
#9869 = CARTESIAN_POINT('',(3.164743943513,6.08703061853,21.6));
#9870 = VECTOR('',#9871,1.);
#9871 = DIRECTION('',(0.,0.,1.));
#9872 = ORIENTED_EDGE('',*,*,#9873,.T.);
#9873 = EDGE_CURVE('',#9864,#9874,#9876,.T.);
#9874 = VERTEX_POINT('',#9875);
#9875 = CARTESIAN_POINT('',(2.564743943513,6.08703061853,21.6));
#9876 = LINE('',#9877,#9878);
#9877 = CARTESIAN_POINT('',(3.164743943513,6.08703061853,21.6));
#9878 = VECTOR('',#9879,1.);
#9879 = DIRECTION('',(-1.,2.22044604925E-16,0.));
#9880 = ORIENTED_EDGE('',*,*,#9881,.T.);
#9881 = EDGE_CURVE('',#9874,#9882,#9884,.T.);
#9882 = VERTEX_POINT('',#9883);
#9883 = CARTESIAN_POINT('',(2.564743943513,6.08703061853,22.25));
#9884 = LINE('',#9885,#9886);
#9885 = CARTESIAN_POINT('',(2.564743943513,6.08703061853,21.6));
#9886 = VECTOR('',#9887,1.);
#9887 = DIRECTION('',(0.,0.,1.));
#9888 = ORIENTED_EDGE('',*,*,#9889,.F.);
#9889 = EDGE_CURVE('',#9866,#9882,#9890,.T.);
#9890 = LINE('',#9891,#9892);
#9891 = CARTESIAN_POINT('',(3.164743943513,6.08703061853,22.25));
#9892 = VECTOR('',#9893,1.);
#9893 = DIRECTION('',(-1.,2.22044604925E-16,0.));
#9894 = PLANE('',#9895);
#9895 = AXIS2_PLACEMENT_3D('',#9896,#9897,#9898);
#9896 = CARTESIAN_POINT('',(3.164743943513,6.08703061853,21.6));
#9897 = DIRECTION('',(2.22044604925E-16,1.,0.));
#9898 = DIRECTION('',(0.,0.,1.));
#9899 = ADVANCED_FACE('',(#9900),#9934,.T.);
#9900 = FACE_BOUND('',#9901,.T.);
#9901 = EDGE_LOOP('',(#9902,#9912,#9920,#9928));
#9902 = ORIENTED_EDGE('',*,*,#9903,.F.);
#9903 = EDGE_CURVE('',#9904,#9906,#9908,.T.);
#9904 = VERTEX_POINT('',#9905);
#9905 = CARTESIAN_POINT('',(3.164743943513,7.70303061853,21.6));
#9906 = VERTEX_POINT('',#9907);
#9907 = CARTESIAN_POINT('',(3.164743943513,7.70303061853,22.25));
#9908 = LINE('',#9909,#9910);
#9909 = CARTESIAN_POINT('',(3.164743943513,7.70303061853,21.6));
#9910 = VECTOR('',#9911,1.);
#9911 = DIRECTION('',(0.,0.,1.));
#9912 = ORIENTED_EDGE('',*,*,#9913,.T.);
#9913 = EDGE_CURVE('',#9904,#9914,#9916,.T.);
#9914 = VERTEX_POINT('',#9915);
#9915 = CARTESIAN_POINT('',(2.564743943513,7.70303061853,21.6));
#9916 = LINE('',#9917,#9918);
#9917 = CARTESIAN_POINT('',(3.164743943513,7.70303061853,21.6));
#9918 = VECTOR('',#9919,1.);
#9919 = DIRECTION('',(-1.,2.22044604925E-16,0.));
#9920 = ORIENTED_EDGE('',*,*,#9921,.T.);
#9921 = EDGE_CURVE('',#9914,#9922,#9924,.T.);
#9922 = VERTEX_POINT('',#9923);
#9923 = CARTESIAN_POINT('',(2.564743943513,7.70303061853,22.25));
#9924 = LINE('',#9925,#9926);
#9925 = CARTESIAN_POINT('',(2.564743943513,7.70303061853,21.6));
#9926 = VECTOR('',#9927,1.);
#9927 = DIRECTION('',(0.,0.,1.));
#9928 = ORIENTED_EDGE('',*,*,#9929,.F.);
#9929 = EDGE_CURVE('',#9906,#9922,#9930,.T.);
#9930 = LINE('',#9931,#9932);
#9931 = CARTESIAN_POINT('',(3.164743943513,7.70303061853,22.25));
#9932 = VECTOR('',#9933,1.);
#9933 = DIRECTION('',(-1.,2.22044604925E-16,0.));
#9934 = PLANE('',#9935);
#9935 = AXIS2_PLACEMENT_3D('',#9936,#9937,#9938);
#9936 = CARTESIAN_POINT('',(3.164743943513,7.70303061853,21.6));
#9937 = DIRECTION('',(2.22044604925E-16,1.,0.));
#9938 = DIRECTION('',(0.,0.,1.));
#9939 = ADVANCED_FACE('',(#9940),#9956,.F.);
#9940 = FACE_BOUND('',#9941,.F.);
#9941 = EDGE_LOOP('',(#9942,#9948,#9949,#9955));
#9942 = ORIENTED_EDGE('',*,*,#9943,.F.);
#9943 = EDGE_CURVE('',#9864,#9904,#9944,.T.);
#9944 = LINE('',#9945,#9946);
#9945 = CARTESIAN_POINT('',(3.164743943513,6.08703061853,21.6));
#9946 = VECTOR('',#9947,1.);
#9947 = DIRECTION('',(2.22044604925E-16,1.,0.));
#9948 = ORIENTED_EDGE('',*,*,#9863,.T.);
#9949 = ORIENTED_EDGE('',*,*,#9950,.T.);
#9950 = EDGE_CURVE('',#9866,#9906,#9951,.T.);
#9951 = LINE('',#9952,#9953);
#9952 = CARTESIAN_POINT('',(3.164743943513,6.08703061853,22.25));
#9953 = VECTOR('',#9954,1.);
#9954 = DIRECTION('',(2.22044604925E-16,1.,0.));
#9955 = ORIENTED_EDGE('',*,*,#9903,.F.);
#9956 = PLANE('',#9957);
#9957 = AXIS2_PLACEMENT_3D('',#9958,#9959,#9960);
#9958 = CARTESIAN_POINT('',(3.164743943513,6.08703061853,21.6));
#9959 = DIRECTION('',(-1.,2.22044604925E-16,0.));
#9960 = DIRECTION('',(0.,0.,1.));
#9961 = ADVANCED_FACE('',(#9962),#9978,.T.);
#9962 = FACE_BOUND('',#9963,.T.);
#9963 = EDGE_LOOP('',(#9964,#9970,#9971,#9977));
#9964 = ORIENTED_EDGE('',*,*,#9965,.F.);
#9965 = EDGE_CURVE('',#9874,#9914,#9966,.T.);
#9966 = LINE('',#9967,#9968);
#9967 = CARTESIAN_POINT('',(2.564743943513,6.08703061853,21.6));
#9968 = VECTOR('',#9969,1.);
#9969 = DIRECTION('',(2.22044604925E-16,1.,0.));
#9970 = ORIENTED_EDGE('',*,*,#9881,.T.);
#9971 = ORIENTED_EDGE('',*,*,#9972,.T.);
#9972 = EDGE_CURVE('',#9882,#9922,#9973,.T.);
#9973 = LINE('',#9974,#9975);
#9974 = CARTESIAN_POINT('',(2.564743943513,6.08703061853,22.25));
#9975 = VECTOR('',#9976,1.);
#9976 = DIRECTION('',(2.22044604925E-16,1.,0.));
#9977 = ORIENTED_EDGE('',*,*,#9921,.F.);
#9978 = PLANE('',#9979);
#9979 = AXIS2_PLACEMENT_3D('',#9980,#9981,#9982);
#9980 = CARTESIAN_POINT('',(2.564743943513,6.08703061853,21.6));
#9981 = DIRECTION('',(-1.,2.22044604925E-16,0.));
#9982 = DIRECTION('',(0.,0.,1.));
#9983 = ADVANCED_FACE('',(#9984),#9990,.F.);
#9984 = FACE_BOUND('',#9985,.F.);
#9985 = EDGE_LOOP('',(#9986,#9987,#9988,#9989));
#9986 = ORIENTED_EDGE('',*,*,#9873,.F.);
#9987 = ORIENTED_EDGE('',*,*,#9943,.T.);
#9988 = ORIENTED_EDGE('',*,*,#9913,.T.);
#9989 = ORIENTED_EDGE('',*,*,#9965,.F.);
#9990 = PLANE('',#9991);
#9991 = AXIS2_PLACEMENT_3D('',#9992,#9993,#9994);
#9992 = CARTESIAN_POINT('',(3.164743943513,6.08703061853,21.6));
#9993 = DIRECTION('',(0.,0.,1.));
#9994 = DIRECTION('',(2.22044604925E-16,1.,0.));
#9995 = ADVANCED_FACE('',(#9996),#10002,.T.);
#9996 = FACE_BOUND('',#9997,.T.);
#9997 = EDGE_LOOP('',(#9998,#9999,#10000,#10001));
#9998 = ORIENTED_EDGE('',*,*,#9889,.F.);
#9999 = ORIENTED_EDGE('',*,*,#9950,.T.);
#10000 = ORIENTED_EDGE('',*,*,#9929,.T.);
#10001 = ORIENTED_EDGE('',*,*,#9972,.F.);
#10002 = PLANE('',#10003);
#10003 = AXIS2_PLACEMENT_3D('',#10004,#10005,#10006);
#10004 = CARTESIAN_POINT('',(3.164743943513,6.08703061853,22.25));
#10005 = DIRECTION('',(0.,0.,1.));
#10006 = DIRECTION('',(2.22044604925E-16,1.,0.));
#10007 = MANIFOLD_SOLID_BREP('',#10008);
#10008 = CLOSED_SHELL('',(#10009,#10049,#10089,#10111,#10133,#10145));
#10009 = ADVANCED_FACE('',(#10010),#10044,.F.);
#10010 = FACE_BOUND('',#10011,.F.);
#10011 = EDGE_LOOP('',(#10012,#10022,#10030,#10038));
#10012 = ORIENTED_EDGE('',*,*,#10013,.F.);
#10013 = EDGE_CURVE('',#10014,#10016,#10018,.T.);
#10014 = VERTEX_POINT('',#10015);
#10015 = CARTESIAN_POINT('',(7.325734630639,10.916255131605,21.6));
#10016 = VERTEX_POINT('',#10017);
#10017 = CARTESIAN_POINT('',(7.325734630639,10.916255131605,22.25));
#10018 = LINE('',#10019,#10020);
#10019 = CARTESIAN_POINT('',(7.325734630639,10.916255131605,21.6));
#10020 = VECTOR('',#10021,1.);
#10021 = DIRECTION('',(0.,0.,1.));
#10022 = ORIENTED_EDGE('',*,*,#10023,.T.);
#10023 = EDGE_CURVE('',#10014,#10024,#10026,.T.);
#10024 = VERTEX_POINT('',#10025);
#10025 = CARTESIAN_POINT('',(7.925734630639,10.916255131605,21.6));
#10026 = LINE('',#10027,#10028);
#10027 = CARTESIAN_POINT('',(7.325734630639,10.916255131605,21.6));
#10028 = VECTOR('',#10029,1.);
#10029 = DIRECTION('',(1.,1.110223024625E-16,0.));
#10030 = ORIENTED_EDGE('',*,*,#10031,.T.);
#10031 = EDGE_CURVE('',#10024,#10032,#10034,.T.);
#10032 = VERTEX_POINT('',#10033);
#10033 = CARTESIAN_POINT('',(7.925734630639,10.916255131605,22.25));
#10034 = LINE('',#10035,#10036);
#10035 = CARTESIAN_POINT('',(7.925734630639,10.916255131605,21.6));
#10036 = VECTOR('',#10037,1.);
#10037 = DIRECTION('',(0.,0.,1.));
#10038 = ORIENTED_EDGE('',*,*,#10039,.F.);
#10039 = EDGE_CURVE('',#10016,#10032,#10040,.T.);
#10040 = LINE('',#10041,#10042);
#10041 = CARTESIAN_POINT('',(7.325734630639,10.916255131605,22.25));
#10042 = VECTOR('',#10043,1.);
#10043 = DIRECTION('',(1.,1.110223024625E-16,0.));
#10044 = PLANE('',#10045);
#10045 = AXIS2_PLACEMENT_3D('',#10046,#10047,#10048);
#10046 = CARTESIAN_POINT('',(7.325734630639,10.916255131605,21.6));
#10047 = DIRECTION('',(1.110223024625E-16,-1.,0.));
#10048 = DIRECTION('',(0.,0.,1.));
#10049 = ADVANCED_FACE('',(#10050),#10084,.T.);
#10050 = FACE_BOUND('',#10051,.T.);
#10051 = EDGE_LOOP('',(#10052,#10062,#10070,#10078));
#10052 = ORIENTED_EDGE('',*,*,#10053,.F.);
#10053 = EDGE_CURVE('',#10054,#10056,#10058,.T.);
#10054 = VERTEX_POINT('',#10055);
#10055 = CARTESIAN_POINT('',(7.325734630639,9.300255131605,21.6));
#10056 = VERTEX_POINT('',#10057);
#10057 = CARTESIAN_POINT('',(7.325734630639,9.300255131605,22.25));
#10058 = LINE('',#10059,#10060);
#10059 = CARTESIAN_POINT('',(7.325734630639,9.300255131605,21.6));
#10060 = VECTOR('',#10061,1.);
#10061 = DIRECTION('',(0.,0.,1.));
#10062 = ORIENTED_EDGE('',*,*,#10063,.T.);
#10063 = EDGE_CURVE('',#10054,#10064,#10066,.T.);
#10064 = VERTEX_POINT('',#10065);
#10065 = CARTESIAN_POINT('',(7.925734630639,9.300255131605,21.6));
#10066 = LINE('',#10067,#10068);
#10067 = CARTESIAN_POINT('',(7.325734630639,9.300255131605,21.6));
#10068 = VECTOR('',#10069,1.);
#10069 = DIRECTION('',(1.,1.110223024625E-16,0.));
#10070 = ORIENTED_EDGE('',*,*,#10071,.T.);
#10071 = EDGE_CURVE('',#10064,#10072,#10074,.T.);
#10072 = VERTEX_POINT('',#10073);
#10073 = CARTESIAN_POINT('',(7.925734630639,9.300255131605,22.25));
#10074 = LINE('',#10075,#10076);
#10075 = CARTESIAN_POINT('',(7.925734630639,9.300255131605,21.6));
#10076 = VECTOR('',#10077,1.);
#10077 = DIRECTION('',(0.,0.,1.));
#10078 = ORIENTED_EDGE('',*,*,#10079,.F.);
#10079 = EDGE_CURVE('',#10056,#10072,#10080,.T.);
#10080 = LINE('',#10081,#10082);
#10081 = CARTESIAN_POINT('',(7.325734630639,9.300255131605,22.25));
#10082 = VECTOR('',#10083,1.);
#10083 = DIRECTION('',(1.,1.110223024625E-16,0.));
#10084 = PLANE('',#10085);
#10085 = AXIS2_PLACEMENT_3D('',#10086,#10087,#10088);
#10086 = CARTESIAN_POINT('',(7.325734630639,9.300255131605,21.6));
#10087 = DIRECTION('',(1.110223024625E-16,-1.,0.));
#10088 = DIRECTION('',(0.,0.,1.));
#10089 = ADVANCED_FACE('',(#10090),#10106,.F.);
#10090 = FACE_BOUND('',#10091,.F.);
#10091 = EDGE_LOOP('',(#10092,#10098,#10099,#10105));
#10092 = ORIENTED_EDGE('',*,*,#10093,.F.);
#10093 = EDGE_CURVE('',#10014,#10054,#10094,.T.);
#10094 = LINE('',#10095,#10096);
#10095 = CARTESIAN_POINT('',(7.325734630639,10.916255131605,21.6));
#10096 = VECTOR('',#10097,1.);
#10097 = DIRECTION('',(1.110223024625E-16,-1.,0.));
#10098 = ORIENTED_EDGE('',*,*,#10013,.T.);
#10099 = ORIENTED_EDGE('',*,*,#10100,.T.);
#10100 = EDGE_CURVE('',#10016,#10056,#10101,.T.);
#10101 = LINE('',#10102,#10103);
#10102 = CARTESIAN_POINT('',(7.325734630639,10.916255131605,22.25));
#10103 = VECTOR('',#10104,1.);
#10104 = DIRECTION('',(1.110223024625E-16,-1.,0.));
#10105 = ORIENTED_EDGE('',*,*,#10053,.F.);
#10106 = PLANE('',#10107);
#10107 = AXIS2_PLACEMENT_3D('',#10108,#10109,#10110);
#10108 = CARTESIAN_POINT('',(7.325734630639,10.916255131605,21.6));
#10109 = DIRECTION('',(1.,1.110223024625E-16,0.));
#10110 = DIRECTION('',(0.,0.,1.));
#10111 = ADVANCED_FACE('',(#10112),#10128,.T.);
#10112 = FACE_BOUND('',#10113,.T.);
#10113 = EDGE_LOOP('',(#10114,#10120,#10121,#10127));
#10114 = ORIENTED_EDGE('',*,*,#10115,.F.);
#10115 = EDGE_CURVE('',#10024,#10064,#10116,.T.);
#10116 = LINE('',#10117,#10118);
#10117 = CARTESIAN_POINT('',(7.925734630639,10.916255131605,21.6));
#10118 = VECTOR('',#10119,1.);
#10119 = DIRECTION('',(1.110223024625E-16,-1.,0.));
#10120 = ORIENTED_EDGE('',*,*,#10031,.T.);
#10121 = ORIENTED_EDGE('',*,*,#10122,.T.);
#10122 = EDGE_CURVE('',#10032,#10072,#10123,.T.);
#10123 = LINE('',#10124,#10125);
#10124 = CARTESIAN_POINT('',(7.925734630639,10.916255131605,22.25));
#10125 = VECTOR('',#10126,1.);
#10126 = DIRECTION('',(1.110223024625E-16,-1.,0.));
#10127 = ORIENTED_EDGE('',*,*,#10071,.F.);
#10128 = PLANE('',#10129);
#10129 = AXIS2_PLACEMENT_3D('',#10130,#10131,#10132);
#10130 = CARTESIAN_POINT('',(7.925734630639,10.916255131605,21.6));
#10131 = DIRECTION('',(1.,1.110223024625E-16,0.));
#10132 = DIRECTION('',(0.,0.,1.));
#10133 = ADVANCED_FACE('',(#10134),#10140,.F.);
#10134 = FACE_BOUND('',#10135,.F.);
#10135 = EDGE_LOOP('',(#10136,#10137,#10138,#10139));
#10136 = ORIENTED_EDGE('',*,*,#10023,.F.);
#10137 = ORIENTED_EDGE('',*,*,#10093,.T.);
#10138 = ORIENTED_EDGE('',*,*,#10063,.T.);
#10139 = ORIENTED_EDGE('',*,*,#10115,.F.);
#10140 = PLANE('',#10141);
#10141 = AXIS2_PLACEMENT_3D('',#10142,#10143,#10144);
#10142 = CARTESIAN_POINT('',(7.325734630639,10.916255131605,21.6));
#10143 = DIRECTION('',(0.,0.,1.));
#10144 = DIRECTION('',(1.110223024625E-16,-1.,0.));
#10145 = ADVANCED_FACE('',(#10146),#10152,.T.);
#10146 = FACE_BOUND('',#10147,.T.);
#10147 = EDGE_LOOP('',(#10148,#10149,#10150,#10151));
#10148 = ORIENTED_EDGE('',*,*,#10039,.F.);
#10149 = ORIENTED_EDGE('',*,*,#10100,.T.);
#10150 = ORIENTED_EDGE('',*,*,#10079,.T.);
#10151 = ORIENTED_EDGE('',*,*,#10122,.F.);
#10152 = PLANE('',#10153);
#10153 = AXIS2_PLACEMENT_3D('',#10154,#10155,#10156);
#10154 = CARTESIAN_POINT('',(7.325734630639,10.916255131605,22.25));
#10155 = DIRECTION('',(0.,0.,1.));
#10156 = DIRECTION('',(1.110223024625E-16,-1.,0.));
#10157 = MANIFOLD_SOLID_BREP('',#10158);
#10158 = CLOSED_SHELL('',(#10159,#10199,#10239,#10261,#10283,#10295));
#10159 = ADVANCED_FACE('',(#10160),#10194,.F.);
#10160 = FACE_BOUND('',#10161,.F.);
#10161 = EDGE_LOOP('',(#10162,#10172,#10180,#10188));
#10162 = ORIENTED_EDGE('',*,*,#10163,.F.);
#10163 = EDGE_CURVE('',#10164,#10166,#10168,.T.);
#10164 = VERTEX_POINT('',#10165);
#10165 = CARTESIAN_POINT('',(-7.454751563321,15.62452586595,21.6));
#10166 = VERTEX_POINT('',#10167);
#10167 = CARTESIAN_POINT('',(-7.454751563321,15.62452586595,22.25));
#10168 = LINE('',#10169,#10170);
#10169 = CARTESIAN_POINT('',(-7.454751563321,15.62452586595,21.6));
#10170 = VECTOR('',#10171,1.);
#10171 = DIRECTION('',(0.,0.,1.));
#10172 = ORIENTED_EDGE('',*,*,#10173,.T.);
#10173 = EDGE_CURVE('',#10164,#10174,#10176,.T.);
#10174 = VERTEX_POINT('',#10175);
#10175 = CARTESIAN_POINT('',(-6.854751563321,15.62452586595,21.6));
#10176 = LINE('',#10177,#10178);
#10177 = CARTESIAN_POINT('',(-7.454751563321,15.62452586595,21.6));
#10178 = VECTOR('',#10179,1.);
#10179 = DIRECTION('',(1.,1.110223024625E-16,0.));
#10180 = ORIENTED_EDGE('',*,*,#10181,.T.);
#10181 = EDGE_CURVE('',#10174,#10182,#10184,.T.);
#10182 = VERTEX_POINT('',#10183);
#10183 = CARTESIAN_POINT('',(-6.854751563321,15.62452586595,22.25));
#10184 = LINE('',#10185,#10186);
#10185 = CARTESIAN_POINT('',(-6.854751563321,15.62452586595,21.6));
#10186 = VECTOR('',#10187,1.);
#10187 = DIRECTION('',(0.,0.,1.));
#10188 = ORIENTED_EDGE('',*,*,#10189,.F.);
#10189 = EDGE_CURVE('',#10166,#10182,#10190,.T.);
#10190 = LINE('',#10191,#10192);
#10191 = CARTESIAN_POINT('',(-7.454751563321,15.62452586595,22.25));
#10192 = VECTOR('',#10193,1.);
#10193 = DIRECTION('',(1.,1.110223024625E-16,0.));
#10194 = PLANE('',#10195);
#10195 = AXIS2_PLACEMENT_3D('',#10196,#10197,#10198);
#10196 = CARTESIAN_POINT('',(-7.454751563321,15.62452586595,21.6));
#10197 = DIRECTION('',(1.110223024625E-16,-1.,0.));
#10198 = DIRECTION('',(0.,0.,1.));
#10199 = ADVANCED_FACE('',(#10200),#10234,.T.);
#10200 = FACE_BOUND('',#10201,.T.);
#10201 = EDGE_LOOP('',(#10202,#10212,#10220,#10228));
#10202 = ORIENTED_EDGE('',*,*,#10203,.F.);
#10203 = EDGE_CURVE('',#10204,#10206,#10208,.T.);
#10204 = VERTEX_POINT('',#10205);
#10205 = CARTESIAN_POINT('',(-7.454751563321,14.00852586595,21.6));
#10206 = VERTEX_POINT('',#10207);
#10207 = CARTESIAN_POINT('',(-7.454751563321,14.00852586595,22.25));
#10208 = LINE('',#10209,#10210);
#10209 = CARTESIAN_POINT('',(-7.454751563321,14.00852586595,21.6));
#10210 = VECTOR('',#10211,1.);
#10211 = DIRECTION('',(0.,0.,1.));
#10212 = ORIENTED_EDGE('',*,*,#10213,.T.);
#10213 = EDGE_CURVE('',#10204,#10214,#10216,.T.);
#10214 = VERTEX_POINT('',#10215);
#10215 = CARTESIAN_POINT('',(-6.854751563321,14.00852586595,21.6));
#10216 = LINE('',#10217,#10218);
#10217 = CARTESIAN_POINT('',(-7.454751563321,14.00852586595,21.6));
#10218 = VECTOR('',#10219,1.);
#10219 = DIRECTION('',(1.,1.110223024625E-16,0.));
#10220 = ORIENTED_EDGE('',*,*,#10221,.T.);
#10221 = EDGE_CURVE('',#10214,#10222,#10224,.T.);
#10222 = VERTEX_POINT('',#10223);
#10223 = CARTESIAN_POINT('',(-6.854751563321,14.00852586595,22.25));
#10224 = LINE('',#10225,#10226);
#10225 = CARTESIAN_POINT('',(-6.854751563321,14.00852586595,21.6));
#10226 = VECTOR('',#10227,1.);
#10227 = DIRECTION('',(0.,0.,1.));
#10228 = ORIENTED_EDGE('',*,*,#10229,.F.);
#10229 = EDGE_CURVE('',#10206,#10222,#10230,.T.);
#10230 = LINE('',#10231,#10232);
#10231 = CARTESIAN_POINT('',(-7.454751563321,14.00852586595,22.25));
#10232 = VECTOR('',#10233,1.);
#10233 = DIRECTION('',(1.,1.110223024625E-16,0.));
#10234 = PLANE('',#10235);
#10235 = AXIS2_PLACEMENT_3D('',#10236,#10237,#10238);
#10236 = CARTESIAN_POINT('',(-7.454751563321,14.00852586595,21.6));
#10237 = DIRECTION('',(1.110223024625E-16,-1.,0.));
#10238 = DIRECTION('',(0.,0.,1.));
#10239 = ADVANCED_FACE('',(#10240),#10256,.F.);
#10240 = FACE_BOUND('',#10241,.F.);
#10241 = EDGE_LOOP('',(#10242,#10248,#10249,#10255));
#10242 = ORIENTED_EDGE('',*,*,#10243,.F.);
#10243 = EDGE_CURVE('',#10164,#10204,#10244,.T.);
#10244 = LINE('',#10245,#10246);
#10245 = CARTESIAN_POINT('',(-7.454751563321,15.62452586595,21.6));
#10246 = VECTOR('',#10247,1.);
#10247 = DIRECTION('',(1.110223024625E-16,-1.,0.));
#10248 = ORIENTED_EDGE('',*,*,#10163,.T.);
#10249 = ORIENTED_EDGE('',*,*,#10250,.T.);
#10250 = EDGE_CURVE('',#10166,#10206,#10251,.T.);
#10251 = LINE('',#10252,#10253);
#10252 = CARTESIAN_POINT('',(-7.454751563321,15.62452586595,22.25));
#10253 = VECTOR('',#10254,1.);
#10254 = DIRECTION('',(1.110223024625E-16,-1.,0.));
#10255 = ORIENTED_EDGE('',*,*,#10203,.F.);
#10256 = PLANE('',#10257);
#10257 = AXIS2_PLACEMENT_3D('',#10258,#10259,#10260);
#10258 = CARTESIAN_POINT('',(-7.454751563321,15.62452586595,21.6));
#10259 = DIRECTION('',(1.,1.110223024625E-16,0.));
#10260 = DIRECTION('',(0.,0.,1.));
#10261 = ADVANCED_FACE('',(#10262),#10278,.T.);
#10262 = FACE_BOUND('',#10263,.T.);
#10263 = EDGE_LOOP('',(#10264,#10270,#10271,#10277));
#10264 = ORIENTED_EDGE('',*,*,#10265,.F.);
#10265 = EDGE_CURVE('',#10174,#10214,#10266,.T.);
#10266 = LINE('',#10267,#10268);
#10267 = CARTESIAN_POINT('',(-6.854751563321,15.62452586595,21.6));
#10268 = VECTOR('',#10269,1.);
#10269 = DIRECTION('',(1.110223024625E-16,-1.,0.));
#10270 = ORIENTED_EDGE('',*,*,#10181,.T.);
#10271 = ORIENTED_EDGE('',*,*,#10272,.T.);
#10272 = EDGE_CURVE('',#10182,#10222,#10273,.T.);
#10273 = LINE('',#10274,#10275);
#10274 = CARTESIAN_POINT('',(-6.854751563321,15.62452586595,22.25));
#10275 = VECTOR('',#10276,1.);
#10276 = DIRECTION('',(1.110223024625E-16,-1.,0.));
#10277 = ORIENTED_EDGE('',*,*,#10221,.F.);
#10278 = PLANE('',#10279);
#10279 = AXIS2_PLACEMENT_3D('',#10280,#10281,#10282);
#10280 = CARTESIAN_POINT('',(-6.854751563321,15.62452586595,21.6));
#10281 = DIRECTION('',(1.,1.110223024625E-16,0.));
#10282 = DIRECTION('',(0.,0.,1.));
#10283 = ADVANCED_FACE('',(#10284),#10290,.F.);
#10284 = FACE_BOUND('',#10285,.F.);
#10285 = EDGE_LOOP('',(#10286,#10287,#10288,#10289));
#10286 = ORIENTED_EDGE('',*,*,#10173,.F.);
#10287 = ORIENTED_EDGE('',*,*,#10243,.T.);
#10288 = ORIENTED_EDGE('',*,*,#10213,.T.);
#10289 = ORIENTED_EDGE('',*,*,#10265,.F.);
#10290 = PLANE('',#10291);
#10291 = AXIS2_PLACEMENT_3D('',#10292,#10293,#10294);
#10292 = CARTESIAN_POINT('',(-7.454751563321,15.62452586595,21.6));
#10293 = DIRECTION('',(0.,0.,1.));
#10294 = DIRECTION('',(1.110223024625E-16,-1.,0.));
#10295 = ADVANCED_FACE('',(#10296),#10302,.T.);
#10296 = FACE_BOUND('',#10297,.T.);
#10297 = EDGE_LOOP('',(#10298,#10299,#10300,#10301));
#10298 = ORIENTED_EDGE('',*,*,#10189,.F.);
#10299 = ORIENTED_EDGE('',*,*,#10250,.T.);
#10300 = ORIENTED_EDGE('',*,*,#10229,.T.);
#10301 = ORIENTED_EDGE('',*,*,#10272,.F.);
#10302 = PLANE('',#10303);
#10303 = AXIS2_PLACEMENT_3D('',#10304,#10305,#10306);
#10304 = CARTESIAN_POINT('',(-7.454751563321,15.62452586595,22.25));
#10305 = DIRECTION('',(0.,0.,1.));
#10306 = DIRECTION('',(1.110223024625E-16,-1.,0.));
#10307 = MANIFOLD_SOLID_BREP('',#10308);
#10308 = CLOSED_SHELL('',(#10309,#10349,#10389,#10411,#10433,#10445));
#10309 = ADVANCED_FACE('',(#10310),#10344,.F.);
#10310 = FACE_BOUND('',#10311,.F.);
#10311 = EDGE_LOOP('',(#10312,#10322,#10330,#10338));
#10312 = ORIENTED_EDGE('',*,*,#10313,.F.);
#10313 = EDGE_CURVE('',#10314,#10316,#10318,.T.);
#10314 = VERTEX_POINT('',#10315);
#10315 = CARTESIAN_POINT('',(-4.610431182185,7.215917003485,21.6));
#10316 = VERTEX_POINT('',#10317);
#10317 = CARTESIAN_POINT('',(-4.610431182185,7.215917003485,22.25));
#10318 = LINE('',#10319,#10320);
#10319 = CARTESIAN_POINT('',(-4.610431182185,7.215917003485,21.6));
#10320 = VECTOR('',#10321,1.);
#10321 = DIRECTION('',(0.,0.,1.));
#10322 = ORIENTED_EDGE('',*,*,#10323,.T.);
#10323 = EDGE_CURVE('',#10314,#10324,#10326,.T.);
#10324 = VERTEX_POINT('',#10325);
#10325 = CARTESIAN_POINT('',(-4.010431182185,7.215917003485,21.6));
#10326 = LINE('',#10327,#10328);
#10327 = CARTESIAN_POINT('',(-4.610431182185,7.215917003485,21.6));
#10328 = VECTOR('',#10329,1.);
#10329 = DIRECTION('',(1.,1.110223024625E-16,0.));
#10330 = ORIENTED_EDGE('',*,*,#10331,.T.);
#10331 = EDGE_CURVE('',#10324,#10332,#10334,.T.);
#10332 = VERTEX_POINT('',#10333);
#10333 = CARTESIAN_POINT('',(-4.010431182185,7.215917003485,22.25));
#10334 = LINE('',#10335,#10336);
#10335 = CARTESIAN_POINT('',(-4.010431182185,7.215917003485,21.6));
#10336 = VECTOR('',#10337,1.);
#10337 = DIRECTION('',(0.,0.,1.));
#10338 = ORIENTED_EDGE('',*,*,#10339,.F.);
#10339 = EDGE_CURVE('',#10316,#10332,#10340,.T.);
#10340 = LINE('',#10341,#10342);
#10341 = CARTESIAN_POINT('',(-4.610431182185,7.215917003485,22.25));
#10342 = VECTOR('',#10343,1.);
#10343 = DIRECTION('',(1.,1.110223024625E-16,0.));
#10344 = PLANE('',#10345);
#10345 = AXIS2_PLACEMENT_3D('',#10346,#10347,#10348);
#10346 = CARTESIAN_POINT('',(-4.610431182185,7.215917003485,21.6));
#10347 = DIRECTION('',(1.110223024625E-16,-1.,0.));
#10348 = DIRECTION('',(0.,0.,1.));
#10349 = ADVANCED_FACE('',(#10350),#10384,.T.);
#10350 = FACE_BOUND('',#10351,.T.);
#10351 = EDGE_LOOP('',(#10352,#10362,#10370,#10378));
#10352 = ORIENTED_EDGE('',*,*,#10353,.F.);
#10353 = EDGE_CURVE('',#10354,#10356,#10358,.T.);
#10354 = VERTEX_POINT('',#10355);
#10355 = CARTESIAN_POINT('',(-4.610431182185,5.599917003485,21.6));
#10356 = VERTEX_POINT('',#10357);
#10357 = CARTESIAN_POINT('',(-4.610431182185,5.599917003485,22.25));
#10358 = LINE('',#10359,#10360);
#10359 = CARTESIAN_POINT('',(-4.610431182185,5.599917003485,21.6));
#10360 = VECTOR('',#10361,1.);
#10361 = DIRECTION('',(0.,0.,1.));
#10362 = ORIENTED_EDGE('',*,*,#10363,.T.);
#10363 = EDGE_CURVE('',#10354,#10364,#10366,.T.);
#10364 = VERTEX_POINT('',#10365);
#10365 = CARTESIAN_POINT('',(-4.010431182185,5.599917003485,21.6));
#10366 = LINE('',#10367,#10368);
#10367 = CARTESIAN_POINT('',(-4.610431182185,5.599917003485,21.6));
#10368 = VECTOR('',#10369,1.);
#10369 = DIRECTION('',(1.,1.110223024625E-16,0.));
#10370 = ORIENTED_EDGE('',*,*,#10371,.T.);
#10371 = EDGE_CURVE('',#10364,#10372,#10374,.T.);
#10372 = VERTEX_POINT('',#10373);
#10373 = CARTESIAN_POINT('',(-4.010431182185,5.599917003485,22.25));
#10374 = LINE('',#10375,#10376);
#10375 = CARTESIAN_POINT('',(-4.010431182185,5.599917003485,21.6));
#10376 = VECTOR('',#10377,1.);
#10377 = DIRECTION('',(0.,0.,1.));
#10378 = ORIENTED_EDGE('',*,*,#10379,.F.);
#10379 = EDGE_CURVE('',#10356,#10372,#10380,.T.);
#10380 = LINE('',#10381,#10382);
#10381 = CARTESIAN_POINT('',(-4.610431182185,5.599917003485,22.25));
#10382 = VECTOR('',#10383,1.);
#10383 = DIRECTION('',(1.,1.110223024625E-16,0.));
#10384 = PLANE('',#10385);
#10385 = AXIS2_PLACEMENT_3D('',#10386,#10387,#10388);
#10386 = CARTESIAN_POINT('',(-4.610431182185,5.599917003485,21.6));
#10387 = DIRECTION('',(1.110223024625E-16,-1.,0.));
#10388 = DIRECTION('',(0.,0.,1.));
#10389 = ADVANCED_FACE('',(#10390),#10406,.F.);
#10390 = FACE_BOUND('',#10391,.F.);
#10391 = EDGE_LOOP('',(#10392,#10398,#10399,#10405));
#10392 = ORIENTED_EDGE('',*,*,#10393,.F.);
#10393 = EDGE_CURVE('',#10314,#10354,#10394,.T.);
#10394 = LINE('',#10395,#10396);
#10395 = CARTESIAN_POINT('',(-4.610431182185,7.215917003485,21.6));
#10396 = VECTOR('',#10397,1.);
#10397 = DIRECTION('',(1.110223024625E-16,-1.,0.));
#10398 = ORIENTED_EDGE('',*,*,#10313,.T.);
#10399 = ORIENTED_EDGE('',*,*,#10400,.T.);
#10400 = EDGE_CURVE('',#10316,#10356,#10401,.T.);
#10401 = LINE('',#10402,#10403);
#10402 = CARTESIAN_POINT('',(-4.610431182185,7.215917003485,22.25));
#10403 = VECTOR('',#10404,1.);
#10404 = DIRECTION('',(1.110223024625E-16,-1.,0.));
#10405 = ORIENTED_EDGE('',*,*,#10353,.F.);
#10406 = PLANE('',#10407);
#10407 = AXIS2_PLACEMENT_3D('',#10408,#10409,#10410);
#10408 = CARTESIAN_POINT('',(-4.610431182185,7.215917003485,21.6));
#10409 = DIRECTION('',(1.,1.110223024625E-16,0.));
#10410 = DIRECTION('',(0.,0.,1.));
#10411 = ADVANCED_FACE('',(#10412),#10428,.T.);
#10412 = FACE_BOUND('',#10413,.T.);
#10413 = EDGE_LOOP('',(#10414,#10420,#10421,#10427));
#10414 = ORIENTED_EDGE('',*,*,#10415,.F.);
#10415 = EDGE_CURVE('',#10324,#10364,#10416,.T.);
#10416 = LINE('',#10417,#10418);
#10417 = CARTESIAN_POINT('',(-4.010431182185,7.215917003485,21.6));
#10418 = VECTOR('',#10419,1.);
#10419 = DIRECTION('',(1.110223024625E-16,-1.,0.));
#10420 = ORIENTED_EDGE('',*,*,#10331,.T.);
#10421 = ORIENTED_EDGE('',*,*,#10422,.T.);
#10422 = EDGE_CURVE('',#10332,#10372,#10423,.T.);
#10423 = LINE('',#10424,#10425);
#10424 = CARTESIAN_POINT('',(-4.010431182185,7.215917003485,22.25));
#10425 = VECTOR('',#10426,1.);
#10426 = DIRECTION('',(1.110223024625E-16,-1.,0.));
#10427 = ORIENTED_EDGE('',*,*,#10371,.F.);
#10428 = PLANE('',#10429);
#10429 = AXIS2_PLACEMENT_3D('',#10430,#10431,#10432);
#10430 = CARTESIAN_POINT('',(-4.010431182185,7.215917003485,21.6));
#10431 = DIRECTION('',(1.,1.110223024625E-16,0.));
#10432 = DIRECTION('',(0.,0.,1.));
#10433 = ADVANCED_FACE('',(#10434),#10440,.F.);
#10434 = FACE_BOUND('',#10435,.F.);
#10435 = EDGE_LOOP('',(#10436,#10437,#10438,#10439));
#10436 = ORIENTED_EDGE('',*,*,#10323,.F.);
#10437 = ORIENTED_EDGE('',*,*,#10393,.T.);
#10438 = ORIENTED_EDGE('',*,*,#10363,.T.);
#10439 = ORIENTED_EDGE('',*,*,#10415,.F.);
#10440 = PLANE('',#10441);
#10441 = AXIS2_PLACEMENT_3D('',#10442,#10443,#10444);
#10442 = CARTESIAN_POINT('',(-4.610431182185,7.215917003485,21.6));
#10443 = DIRECTION('',(0.,0.,1.));
#10444 = DIRECTION('',(1.110223024625E-16,-1.,0.));
#10445 = ADVANCED_FACE('',(#10446),#10452,.T.);
#10446 = FACE_BOUND('',#10447,.T.);
#10447 = EDGE_LOOP('',(#10448,#10449,#10450,#10451));
#10448 = ORIENTED_EDGE('',*,*,#10339,.F.);
#10449 = ORIENTED_EDGE('',*,*,#10400,.T.);
#10450 = ORIENTED_EDGE('',*,*,#10379,.T.);
#10451 = ORIENTED_EDGE('',*,*,#10422,.F.);
#10452 = PLANE('',#10453);
#10453 = AXIS2_PLACEMENT_3D('',#10454,#10455,#10456);
#10454 = CARTESIAN_POINT('',(-4.610431182185,7.215917003485,22.25));
#10455 = DIRECTION('',(0.,0.,1.));
#10456 = DIRECTION('',(1.110223024625E-16,-1.,0.));
#10457 = MANIFOLD_SOLID_BREP('',#10458);
#10458 = CLOSED_SHELL('',(#10459,#10499,#10539,#10561,#10583,#10595));
#10459 = ADVANCED_FACE('',(#10460),#10494,.F.);
#10460 = FACE_BOUND('',#10461,.F.);
#10461 = EDGE_LOOP('',(#10462,#10472,#10480,#10488));
#10462 = ORIENTED_EDGE('',*,*,#10463,.F.);
#10463 = EDGE_CURVE('',#10464,#10466,#10468,.T.);
#10464 = VERTEX_POINT('',#10465);
#10465 = CARTESIAN_POINT('',(2.177730350519,-11.19658572286,21.6));
#10466 = VERTEX_POINT('',#10467);
#10467 = CARTESIAN_POINT('',(2.177730350519,-11.19658572286,22.6));
#10468 = LINE('',#10469,#10470);
#10469 = CARTESIAN_POINT('',(2.177730350519,-11.19658572286,21.6));
#10470 = VECTOR('',#10471,1.);
#10471 = DIRECTION('',(0.,0.,1.));
#10472 = ORIENTED_EDGE('',*,*,#10473,.T.);
#10473 = EDGE_CURVE('',#10464,#10474,#10476,.T.);
#10474 = VERTEX_POINT('',#10475);
#10475 = CARTESIAN_POINT('',(2.177730350519,-6.996585722862,21.6));
#10476 = LINE('',#10477,#10478);
#10477 = CARTESIAN_POINT('',(2.177730350519,-11.19658572286,21.6));
#10478 = VECTOR('',#10479,1.);
#10479 = DIRECTION('',(0.,1.,0.));
#10480 = ORIENTED_EDGE('',*,*,#10481,.T.);
#10481 = EDGE_CURVE('',#10474,#10482,#10484,.T.);
#10482 = VERTEX_POINT('',#10483);
#10483 = CARTESIAN_POINT('',(2.177730350519,-6.996585722862,22.6));
#10484 = LINE('',#10485,#10486);
#10485 = CARTESIAN_POINT('',(2.177730350519,-6.996585722862,21.6));
#10486 = VECTOR('',#10487,1.);
#10487 = DIRECTION('',(0.,0.,1.));
#10488 = ORIENTED_EDGE('',*,*,#10489,.F.);
#10489 = EDGE_CURVE('',#10466,#10482,#10490,.T.);
#10490 = LINE('',#10491,#10492);
#10491 = CARTESIAN_POINT('',(2.177730350519,-11.19658572286,22.6));
#10492 = VECTOR('',#10493,1.);
#10493 = DIRECTION('',(0.,1.,0.));
#10494 = PLANE('',#10495);
#10495 = AXIS2_PLACEMENT_3D('',#10496,#10497,#10498);
#10496 = CARTESIAN_POINT('',(2.177730350519,-11.19658572286,21.6));
#10497 = DIRECTION('',(1.,0.,0.));
#10498 = DIRECTION('',(0.,0.,1.));
#10499 = ADVANCED_FACE('',(#10500),#10534,.T.);
#10500 = FACE_BOUND('',#10501,.T.);
#10501 = EDGE_LOOP('',(#10502,#10512,#10520,#10528));
#10502 = ORIENTED_EDGE('',*,*,#10503,.F.);
#10503 = EDGE_CURVE('',#10504,#10506,#10508,.T.);
#10504 = VERTEX_POINT('',#10505);
#10505 = CARTESIAN_POINT('',(6.527730350519,-11.19658572286,21.6));
#10506 = VERTEX_POINT('',#10507);
#10507 = CARTESIAN_POINT('',(6.527730350519,-11.19658572286,22.6));
#10508 = LINE('',#10509,#10510);
#10509 = CARTESIAN_POINT('',(6.527730350519,-11.19658572286,21.6));
#10510 = VECTOR('',#10511,1.);
#10511 = DIRECTION('',(0.,0.,1.));
#10512 = ORIENTED_EDGE('',*,*,#10513,.T.);
#10513 = EDGE_CURVE('',#10504,#10514,#10516,.T.);
#10514 = VERTEX_POINT('',#10515);
#10515 = CARTESIAN_POINT('',(6.527730350519,-6.996585722862,21.6));
#10516 = LINE('',#10517,#10518);
#10517 = CARTESIAN_POINT('',(6.527730350519,-11.19658572286,21.6));
#10518 = VECTOR('',#10519,1.);
#10519 = DIRECTION('',(0.,1.,0.));
#10520 = ORIENTED_EDGE('',*,*,#10521,.T.);
#10521 = EDGE_CURVE('',#10514,#10522,#10524,.T.);
#10522 = VERTEX_POINT('',#10523);
#10523 = CARTESIAN_POINT('',(6.527730350519,-6.996585722862,22.6));
#10524 = LINE('',#10525,#10526);
#10525 = CARTESIAN_POINT('',(6.527730350519,-6.996585722862,21.6));
#10526 = VECTOR('',#10527,1.);
#10527 = DIRECTION('',(0.,0.,1.));
#10528 = ORIENTED_EDGE('',*,*,#10529,.F.);
#10529 = EDGE_CURVE('',#10506,#10522,#10530,.T.);
#10530 = LINE('',#10531,#10532);
#10531 = CARTESIAN_POINT('',(6.527730350519,-11.19658572286,22.6));
#10532 = VECTOR('',#10533,1.);
#10533 = DIRECTION('',(0.,1.,0.));
#10534 = PLANE('',#10535);
#10535 = AXIS2_PLACEMENT_3D('',#10536,#10537,#10538);
#10536 = CARTESIAN_POINT('',(6.527730350519,-11.19658572286,21.6));
#10537 = DIRECTION('',(1.,0.,0.));
#10538 = DIRECTION('',(0.,0.,1.));
#10539 = ADVANCED_FACE('',(#10540),#10556,.F.);
#10540 = FACE_BOUND('',#10541,.F.);
#10541 = EDGE_LOOP('',(#10542,#10548,#10549,#10555));
#10542 = ORIENTED_EDGE('',*,*,#10543,.F.);
#10543 = EDGE_CURVE('',#10464,#10504,#10544,.T.);
#10544 = LINE('',#10545,#10546);
#10545 = CARTESIAN_POINT('',(2.177730350519,-11.19658572286,21.6));
#10546 = VECTOR('',#10547,1.);
#10547 = DIRECTION('',(1.,0.,0.));
#10548 = ORIENTED_EDGE('',*,*,#10463,.T.);
#10549 = ORIENTED_EDGE('',*,*,#10550,.T.);
#10550 = EDGE_CURVE('',#10466,#10506,#10551,.T.);
#10551 = LINE('',#10552,#10553);
#10552 = CARTESIAN_POINT('',(2.177730350519,-11.19658572286,22.6));
#10553 = VECTOR('',#10554,1.);
#10554 = DIRECTION('',(1.,0.,0.));
#10555 = ORIENTED_EDGE('',*,*,#10503,.F.);
#10556 = PLANE('',#10557);
#10557 = AXIS2_PLACEMENT_3D('',#10558,#10559,#10560);
#10558 = CARTESIAN_POINT('',(2.177730350519,-11.19658572286,21.6));
#10559 = DIRECTION('',(0.,1.,0.));
#10560 = DIRECTION('',(0.,0.,1.));
#10561 = ADVANCED_FACE('',(#10562),#10578,.T.);
#10562 = FACE_BOUND('',#10563,.T.);
#10563 = EDGE_LOOP('',(#10564,#10570,#10571,#10577));
#10564 = ORIENTED_EDGE('',*,*,#10565,.F.);
#10565 = EDGE_CURVE('',#10474,#10514,#10566,.T.);
#10566 = LINE('',#10567,#10568);
#10567 = CARTESIAN_POINT('',(2.177730350519,-6.996585722862,21.6));
#10568 = VECTOR('',#10569,1.);
#10569 = DIRECTION('',(1.,0.,0.));
#10570 = ORIENTED_EDGE('',*,*,#10481,.T.);
#10571 = ORIENTED_EDGE('',*,*,#10572,.T.);
#10572 = EDGE_CURVE('',#10482,#10522,#10573,.T.);
#10573 = LINE('',#10574,#10575);
#10574 = CARTESIAN_POINT('',(2.177730350519,-6.996585722862,22.6));
#10575 = VECTOR('',#10576,1.);
#10576 = DIRECTION('',(1.,0.,0.));
#10577 = ORIENTED_EDGE('',*,*,#10521,.F.);
#10578 = PLANE('',#10579);
#10579 = AXIS2_PLACEMENT_3D('',#10580,#10581,#10582);
#10580 = CARTESIAN_POINT('',(2.177730350519,-6.996585722862,21.6));
#10581 = DIRECTION('',(0.,1.,0.));
#10582 = DIRECTION('',(0.,0.,1.));
#10583 = ADVANCED_FACE('',(#10584),#10590,.F.);
#10584 = FACE_BOUND('',#10585,.F.);
#10585 = EDGE_LOOP('',(#10586,#10587,#10588,#10589));
#10586 = ORIENTED_EDGE('',*,*,#10473,.F.);
#10587 = ORIENTED_EDGE('',*,*,#10543,.T.);
#10588 = ORIENTED_EDGE('',*,*,#10513,.T.);
#10589 = ORIENTED_EDGE('',*,*,#10565,.F.);
#10590 = PLANE('',#10591);
#10591 = AXIS2_PLACEMENT_3D('',#10592,#10593,#10594);
#10592 = CARTESIAN_POINT('',(2.177730350519,-11.19658572286,21.6));
#10593 = DIRECTION('',(0.,0.,1.));
#10594 = DIRECTION('',(1.,0.,0.));
#10595 = ADVANCED_FACE('',(#10596),#10602,.T.);
#10596 = FACE_BOUND('',#10597,.T.);
#10597 = EDGE_LOOP('',(#10598,#10599,#10600,#10601));
#10598 = ORIENTED_EDGE('',*,*,#10489,.F.);
#10599 = ORIENTED_EDGE('',*,*,#10550,.T.);
#10600 = ORIENTED_EDGE('',*,*,#10529,.T.);
#10601 = ORIENTED_EDGE('',*,*,#10572,.F.);
#10602 = PLANE('',#10603);
#10603 = AXIS2_PLACEMENT_3D('',#10604,#10605,#10606);
#10604 = CARTESIAN_POINT('',(2.177730350519,-11.19658572286,22.6));
#10605 = DIRECTION('',(0.,0.,1.));
#10606 = DIRECTION('',(1.,0.,0.));
#10607 = MANIFOLD_SOLID_BREP('',#10608);
#10608 = CLOSED_SHELL('',(#10609,#10649,#10689,#10711,#10733,#10745));
#10609 = ADVANCED_FACE('',(#10610),#10644,.F.);
#10610 = FACE_BOUND('',#10611,.F.);
#10611 = EDGE_LOOP('',(#10612,#10622,#10630,#10638));
#10612 = ORIENTED_EDGE('',*,*,#10613,.F.);
#10613 = EDGE_CURVE('',#10614,#10616,#10618,.T.);
#10614 = VERTEX_POINT('',#10615);
#10615 = CARTESIAN_POINT('',(-4.185468773312,-8.998977481732,21.6));
#10616 = VERTEX_POINT('',#10617);
#10617 = CARTESIAN_POINT('',(-4.185468773312,-8.998977481732,23.1));
#10618 = LINE('',#10619,#10620);
#10619 = CARTESIAN_POINT('',(-4.185468773312,-8.998977481732,21.6));
#10620 = VECTOR('',#10621,1.);
#10621 = DIRECTION('',(0.,0.,1.));
#10622 = ORIENTED_EDGE('',*,*,#10623,.T.);
#10623 = EDGE_CURVE('',#10614,#10624,#10626,.T.);
#10624 = VERTEX_POINT('',#10625);
#10625 = CARTESIAN_POINT('',(-4.185468773312,-12.79917748173,21.6));
#10626 = LINE('',#10627,#10628);
#10627 = CARTESIAN_POINT('',(-4.185468773312,-8.998977481732,21.6));
#10628 = VECTOR('',#10629,1.);
#10629 = DIRECTION('',(1.224646799147E-16,-1.,0.));
#10630 = ORIENTED_EDGE('',*,*,#10631,.T.);
#10631 = EDGE_CURVE('',#10624,#10632,#10634,.T.);
#10632 = VERTEX_POINT('',#10633);
#10633 = CARTESIAN_POINT('',(-4.185468773312,-12.79917748173,23.1));
#10634 = LINE('',#10635,#10636);
#10635 = CARTESIAN_POINT('',(-4.185468773312,-12.79917748173,21.6));
#10636 = VECTOR('',#10637,1.);
#10637 = DIRECTION('',(0.,0.,1.));
#10638 = ORIENTED_EDGE('',*,*,#10639,.F.);
#10639 = EDGE_CURVE('',#10616,#10632,#10640,.T.);
#10640 = LINE('',#10641,#10642);
#10641 = CARTESIAN_POINT('',(-4.185468773312,-8.998977481732,23.1));
#10642 = VECTOR('',#10643,1.);
#10643 = DIRECTION('',(1.224646799147E-16,-1.,0.));
#10644 = PLANE('',#10645);
#10645 = AXIS2_PLACEMENT_3D('',#10646,#10647,#10648);
#10646 = CARTESIAN_POINT('',(-4.185468773312,-8.998977481732,21.6));
#10647 = DIRECTION('',(-1.,-1.224646799147E-16,0.));
#10648 = DIRECTION('',(0.,0.,1.));
#10649 = ADVANCED_FACE('',(#10650),#10684,.T.);
#10650 = FACE_BOUND('',#10651,.T.);
#10651 = EDGE_LOOP('',(#10652,#10662,#10670,#10678));
#10652 = ORIENTED_EDGE('',*,*,#10653,.F.);
#10653 = EDGE_CURVE('',#10654,#10656,#10658,.T.);
#10654 = VERTEX_POINT('',#10655);
#10655 = CARTESIAN_POINT('',(-7.485468773312,-8.998977481732,21.6));
#10656 = VERTEX_POINT('',#10657);
#10657 = CARTESIAN_POINT('',(-7.485468773312,-8.998977481732,23.1));
#10658 = LINE('',#10659,#10660);
#10659 = CARTESIAN_POINT('',(-7.485468773312,-8.998977481732,21.6));
#10660 = VECTOR('',#10661,1.);
#10661 = DIRECTION('',(0.,0.,1.));
#10662 = ORIENTED_EDGE('',*,*,#10663,.T.);
#10663 = EDGE_CURVE('',#10654,#10664,#10666,.T.);
#10664 = VERTEX_POINT('',#10665);
#10665 = CARTESIAN_POINT('',(-7.485468773312,-12.79917748173,21.6));
#10666 = LINE('',#10667,#10668);
#10667 = CARTESIAN_POINT('',(-7.485468773312,-8.998977481732,21.6));
#10668 = VECTOR('',#10669,1.);
#10669 = DIRECTION('',(1.224646799147E-16,-1.,0.));
#10670 = ORIENTED_EDGE('',*,*,#10671,.T.);
#10671 = EDGE_CURVE('',#10664,#10672,#10674,.T.);
#10672 = VERTEX_POINT('',#10673);
#10673 = CARTESIAN_POINT('',(-7.485468773312,-12.79917748173,23.1));
#10674 = LINE('',#10675,#10676);
#10675 = CARTESIAN_POINT('',(-7.485468773312,-12.79917748173,21.6));
#10676 = VECTOR('',#10677,1.);
#10677 = DIRECTION('',(0.,0.,1.));
#10678 = ORIENTED_EDGE('',*,*,#10679,.F.);
#10679 = EDGE_CURVE('',#10656,#10672,#10680,.T.);
#10680 = LINE('',#10681,#10682);
#10681 = CARTESIAN_POINT('',(-7.485468773312,-8.998977481732,23.1));
#10682 = VECTOR('',#10683,1.);
#10683 = DIRECTION('',(1.224646799147E-16,-1.,0.));
#10684 = PLANE('',#10685);
#10685 = AXIS2_PLACEMENT_3D('',#10686,#10687,#10688);
#10686 = CARTESIAN_POINT('',(-7.485468773312,-8.998977481732,21.6));
#10687 = DIRECTION('',(-1.,-1.224646799147E-16,0.));
#10688 = DIRECTION('',(0.,0.,1.));
#10689 = ADVANCED_FACE('',(#10690),#10706,.F.);
#10690 = FACE_BOUND('',#10691,.F.);
#10691 = EDGE_LOOP('',(#10692,#10698,#10699,#10705));
#10692 = ORIENTED_EDGE('',*,*,#10693,.F.);
#10693 = EDGE_CURVE('',#10614,#10654,#10694,.T.);
#10694 = LINE('',#10695,#10696);
#10695 = CARTESIAN_POINT('',(-4.185468773312,-8.998977481732,21.6));
#10696 = VECTOR('',#10697,1.);
#10697 = DIRECTION('',(-1.,-1.224646799147E-16,0.));
#10698 = ORIENTED_EDGE('',*,*,#10613,.T.);
#10699 = ORIENTED_EDGE('',*,*,#10700,.T.);
#10700 = EDGE_CURVE('',#10616,#10656,#10701,.T.);
#10701 = LINE('',#10702,#10703);
#10702 = CARTESIAN_POINT('',(-4.185468773312,-8.998977481732,23.1));
#10703 = VECTOR('',#10704,1.);
#10704 = DIRECTION('',(-1.,-1.224646799147E-16,0.));
#10705 = ORIENTED_EDGE('',*,*,#10653,.F.);
#10706 = PLANE('',#10707);
#10707 = AXIS2_PLACEMENT_3D('',#10708,#10709,#10710);
#10708 = CARTESIAN_POINT('',(-4.185468773312,-8.998977481732,21.6));
#10709 = DIRECTION('',(1.224646799147E-16,-1.,0.));
#10710 = DIRECTION('',(0.,0.,1.));
#10711 = ADVANCED_FACE('',(#10712),#10728,.T.);
#10712 = FACE_BOUND('',#10713,.T.);
#10713 = EDGE_LOOP('',(#10714,#10720,#10721,#10727));
#10714 = ORIENTED_EDGE('',*,*,#10715,.F.);
#10715 = EDGE_CURVE('',#10624,#10664,#10716,.T.);
#10716 = LINE('',#10717,#10718);
#10717 = CARTESIAN_POINT('',(-4.185468773312,-12.79917748173,21.6));
#10718 = VECTOR('',#10719,1.);
#10719 = DIRECTION('',(-1.,-1.224646799147E-16,0.));
#10720 = ORIENTED_EDGE('',*,*,#10631,.T.);
#10721 = ORIENTED_EDGE('',*,*,#10722,.T.);
#10722 = EDGE_CURVE('',#10632,#10672,#10723,.T.);
#10723 = LINE('',#10724,#10725);
#10724 = CARTESIAN_POINT('',(-4.185468773312,-12.79917748173,23.1));
#10725 = VECTOR('',#10726,1.);
#10726 = DIRECTION('',(-1.,-1.224646799147E-16,0.));
#10727 = ORIENTED_EDGE('',*,*,#10671,.F.);
#10728 = PLANE('',#10729);
#10729 = AXIS2_PLACEMENT_3D('',#10730,#10731,#10732);
#10730 = CARTESIAN_POINT('',(-4.185468773312,-12.79917748173,21.6));
#10731 = DIRECTION('',(1.224646799147E-16,-1.,0.));
#10732 = DIRECTION('',(0.,0.,1.));
#10733 = ADVANCED_FACE('',(#10734),#10740,.F.);
#10734 = FACE_BOUND('',#10735,.F.);
#10735 = EDGE_LOOP('',(#10736,#10737,#10738,#10739));
#10736 = ORIENTED_EDGE('',*,*,#10623,.F.);
#10737 = ORIENTED_EDGE('',*,*,#10693,.T.);
#10738 = ORIENTED_EDGE('',*,*,#10663,.T.);
#10739 = ORIENTED_EDGE('',*,*,#10715,.F.);
#10740 = PLANE('',#10741);
#10741 = AXIS2_PLACEMENT_3D('',#10742,#10743,#10744);
#10742 = CARTESIAN_POINT('',(-4.185468773312,-8.998977481732,21.6));
#10743 = DIRECTION('',(0.,0.,1.));
#10744 = DIRECTION('',(-1.,-1.224646799147E-16,0.));
#10745 = ADVANCED_FACE('',(#10746),#10752,.T.);
#10746 = FACE_BOUND('',#10747,.T.);
#10747 = EDGE_LOOP('',(#10748,#10749,#10750,#10751));
#10748 = ORIENTED_EDGE('',*,*,#10639,.F.);
#10749 = ORIENTED_EDGE('',*,*,#10700,.T.);
#10750 = ORIENTED_EDGE('',*,*,#10679,.T.);
#10751 = ORIENTED_EDGE('',*,*,#10722,.F.);
#10752 = PLANE('',#10753);
#10753 = AXIS2_PLACEMENT_3D('',#10754,#10755,#10756);
#10754 = CARTESIAN_POINT('',(-4.185468773312,-8.998977481732,23.1));
#10755 = DIRECTION('',(0.,0.,1.));
#10756 = DIRECTION('',(-1.,-1.224646799147E-16,0.));
#10757 = MANIFOLD_SOLID_BREP('',#10758);
#10758 = CLOSED_SHELL('',(#10759,#10799,#10839,#10861,#10883,#10895));
#10759 = ADVANCED_FACE('',(#10760),#10794,.F.);
#10760 = FACE_BOUND('',#10761,.F.);
#10761 = EDGE_LOOP('',(#10762,#10772,#10780,#10788));
#10762 = ORIENTED_EDGE('',*,*,#10763,.F.);
#10763 = EDGE_CURVE('',#10764,#10766,#10768,.T.);
#10764 = VERTEX_POINT('',#10765);
#10765 = CARTESIAN_POINT('',(1.216502920896,9.938659203418,21.6));
#10766 = VERTEX_POINT('',#10767);
#10767 = CARTESIAN_POINT('',(1.216502920896,9.938659203418,23.1));
#10768 = LINE('',#10769,#10770);
#10769 = CARTESIAN_POINT('',(1.216502920896,9.938659203418,21.6));
#10770 = VECTOR('',#10771,1.);
#10771 = DIRECTION('',(0.,0.,1.));
#10772 = ORIENTED_EDGE('',*,*,#10773,.T.);
#10773 = EDGE_CURVE('',#10764,#10774,#10776,.T.);
#10774 = VERTEX_POINT('',#10775);
#10775 = CARTESIAN_POINT('',(1.216502920896,6.138459203418,21.6));
#10776 = LINE('',#10777,#10778);
#10777 = CARTESIAN_POINT('',(1.216502920896,9.938659203418,21.6));
#10778 = VECTOR('',#10779,1.);
#10779 = DIRECTION('',(1.224646799147E-16,-1.,0.));
#10780 = ORIENTED_EDGE('',*,*,#10781,.T.);
#10781 = EDGE_CURVE('',#10774,#10782,#10784,.T.);
#10782 = VERTEX_POINT('',#10783);
#10783 = CARTESIAN_POINT('',(1.216502920896,6.138459203418,23.1));
#10784 = LINE('',#10785,#10786);
#10785 = CARTESIAN_POINT('',(1.216502920896,6.138459203418,21.6));
#10786 = VECTOR('',#10787,1.);
#10787 = DIRECTION('',(0.,0.,1.));
#10788 = ORIENTED_EDGE('',*,*,#10789,.F.);
#10789 = EDGE_CURVE('',#10766,#10782,#10790,.T.);
#10790 = LINE('',#10791,#10792);
#10791 = CARTESIAN_POINT('',(1.216502920896,9.938659203418,23.1));
#10792 = VECTOR('',#10793,1.);
#10793 = DIRECTION('',(1.224646799147E-16,-1.,0.));
#10794 = PLANE('',#10795);
#10795 = AXIS2_PLACEMENT_3D('',#10796,#10797,#10798);
#10796 = CARTESIAN_POINT('',(1.216502920896,9.938659203418,21.6));
#10797 = DIRECTION('',(-1.,-1.224646799147E-16,0.));
#10798 = DIRECTION('',(0.,0.,1.));
#10799 = ADVANCED_FACE('',(#10800),#10834,.T.);
#10800 = FACE_BOUND('',#10801,.T.);
#10801 = EDGE_LOOP('',(#10802,#10812,#10820,#10828));
#10802 = ORIENTED_EDGE('',*,*,#10803,.F.);
#10803 = EDGE_CURVE('',#10804,#10806,#10808,.T.);
#10804 = VERTEX_POINT('',#10805);
#10805 = CARTESIAN_POINT('',(-2.083497079104,9.938659203418,21.6));
#10806 = VERTEX_POINT('',#10807);
#10807 = CARTESIAN_POINT('',(-2.083497079104,9.938659203418,23.1));
#10808 = LINE('',#10809,#10810);
#10809 = CARTESIAN_POINT('',(-2.083497079104,9.938659203418,21.6));
#10810 = VECTOR('',#10811,1.);
#10811 = DIRECTION('',(0.,0.,1.));
#10812 = ORIENTED_EDGE('',*,*,#10813,.T.);
#10813 = EDGE_CURVE('',#10804,#10814,#10816,.T.);
#10814 = VERTEX_POINT('',#10815);
#10815 = CARTESIAN_POINT('',(-2.083497079104,6.138459203418,21.6));
#10816 = LINE('',#10817,#10818);
#10817 = CARTESIAN_POINT('',(-2.083497079104,9.938659203418,21.6));
#10818 = VECTOR('',#10819,1.);
#10819 = DIRECTION('',(1.224646799147E-16,-1.,0.));
#10820 = ORIENTED_EDGE('',*,*,#10821,.T.);
#10821 = EDGE_CURVE('',#10814,#10822,#10824,.T.);
#10822 = VERTEX_POINT('',#10823);
#10823 = CARTESIAN_POINT('',(-2.083497079104,6.138459203418,23.1));
#10824 = LINE('',#10825,#10826);
#10825 = CARTESIAN_POINT('',(-2.083497079104,6.138459203418,21.6));
#10826 = VECTOR('',#10827,1.);
#10827 = DIRECTION('',(0.,0.,1.));
#10828 = ORIENTED_EDGE('',*,*,#10829,.F.);
#10829 = EDGE_CURVE('',#10806,#10822,#10830,.T.);
#10830 = LINE('',#10831,#10832);
#10831 = CARTESIAN_POINT('',(-2.083497079104,9.938659203418,23.1));
#10832 = VECTOR('',#10833,1.);
#10833 = DIRECTION('',(1.224646799147E-16,-1.,0.));
#10834 = PLANE('',#10835);
#10835 = AXIS2_PLACEMENT_3D('',#10836,#10837,#10838);
#10836 = CARTESIAN_POINT('',(-2.083497079104,9.938659203418,21.6));
#10837 = DIRECTION('',(-1.,-1.224646799147E-16,0.));
#10838 = DIRECTION('',(0.,0.,1.));
#10839 = ADVANCED_FACE('',(#10840),#10856,.F.);
#10840 = FACE_BOUND('',#10841,.F.);
#10841 = EDGE_LOOP('',(#10842,#10848,#10849,#10855));
#10842 = ORIENTED_EDGE('',*,*,#10843,.F.);
#10843 = EDGE_CURVE('',#10764,#10804,#10844,.T.);
#10844 = LINE('',#10845,#10846);
#10845 = CARTESIAN_POINT('',(1.216502920896,9.938659203418,21.6));
#10846 = VECTOR('',#10847,1.);
#10847 = DIRECTION('',(-1.,-1.224646799147E-16,0.));
#10848 = ORIENTED_EDGE('',*,*,#10763,.T.);
#10849 = ORIENTED_EDGE('',*,*,#10850,.T.);
#10850 = EDGE_CURVE('',#10766,#10806,#10851,.T.);
#10851 = LINE('',#10852,#10853);
#10852 = CARTESIAN_POINT('',(1.216502920896,9.938659203418,23.1));
#10853 = VECTOR('',#10854,1.);
#10854 = DIRECTION('',(-1.,-1.224646799147E-16,0.));
#10855 = ORIENTED_EDGE('',*,*,#10803,.F.);
#10856 = PLANE('',#10857);
#10857 = AXIS2_PLACEMENT_3D('',#10858,#10859,#10860);
#10858 = CARTESIAN_POINT('',(1.216502920896,9.938659203418,21.6));
#10859 = DIRECTION('',(1.224646799147E-16,-1.,0.));
#10860 = DIRECTION('',(0.,0.,1.));
#10861 = ADVANCED_FACE('',(#10862),#10878,.T.);
#10862 = FACE_BOUND('',#10863,.T.);
#10863 = EDGE_LOOP('',(#10864,#10870,#10871,#10877));
#10864 = ORIENTED_EDGE('',*,*,#10865,.F.);
#10865 = EDGE_CURVE('',#10774,#10814,#10866,.T.);
#10866 = LINE('',#10867,#10868);
#10867 = CARTESIAN_POINT('',(1.216502920896,6.138459203418,21.6));
#10868 = VECTOR('',#10869,1.);
#10869 = DIRECTION('',(-1.,-1.224646799147E-16,0.));
#10870 = ORIENTED_EDGE('',*,*,#10781,.T.);
#10871 = ORIENTED_EDGE('',*,*,#10872,.T.);
#10872 = EDGE_CURVE('',#10782,#10822,#10873,.T.);
#10873 = LINE('',#10874,#10875);
#10874 = CARTESIAN_POINT('',(1.216502920896,6.138459203418,23.1));
#10875 = VECTOR('',#10876,1.);
#10876 = DIRECTION('',(-1.,-1.224646799147E-16,0.));
#10877 = ORIENTED_EDGE('',*,*,#10821,.F.);
#10878 = PLANE('',#10879);
#10879 = AXIS2_PLACEMENT_3D('',#10880,#10881,#10882);
#10880 = CARTESIAN_POINT('',(1.216502920896,6.138459203418,21.6));
#10881 = DIRECTION('',(1.224646799147E-16,-1.,0.));
#10882 = DIRECTION('',(0.,0.,1.));
#10883 = ADVANCED_FACE('',(#10884),#10890,.F.);
#10884 = FACE_BOUND('',#10885,.F.);
#10885 = EDGE_LOOP('',(#10886,#10887,#10888,#10889));
#10886 = ORIENTED_EDGE('',*,*,#10773,.F.);
#10887 = ORIENTED_EDGE('',*,*,#10843,.T.);
#10888 = ORIENTED_EDGE('',*,*,#10813,.T.);
#10889 = ORIENTED_EDGE('',*,*,#10865,.F.);
#10890 = PLANE('',#10891);
#10891 = AXIS2_PLACEMENT_3D('',#10892,#10893,#10894);
#10892 = CARTESIAN_POINT('',(1.216502920896,9.938659203418,21.6));
#10893 = DIRECTION('',(0.,0.,1.));
#10894 = DIRECTION('',(-1.,-1.224646799147E-16,0.));
#10895 = ADVANCED_FACE('',(#10896),#10902,.T.);
#10896 = FACE_BOUND('',#10897,.T.);
#10897 = EDGE_LOOP('',(#10898,#10899,#10900,#10901));
#10898 = ORIENTED_EDGE('',*,*,#10789,.F.);
#10899 = ORIENTED_EDGE('',*,*,#10850,.T.);
#10900 = ORIENTED_EDGE('',*,*,#10829,.T.);
#10901 = ORIENTED_EDGE('',*,*,#10872,.F.);
#10902 = PLANE('',#10903);
#10903 = AXIS2_PLACEMENT_3D('',#10904,#10905,#10906);
#10904 = CARTESIAN_POINT('',(1.216502920896,9.938659203418,23.1));
#10905 = DIRECTION('',(0.,0.,1.));
#10906 = DIRECTION('',(-1.,-1.224646799147E-16,0.));
#10907 = MANIFOLD_SOLID_BREP('',#10908);
#10908 = CLOSED_SHELL('',(#10909,#10949,#10989,#11011,#11033,#11045));
#10909 = ADVANCED_FACE('',(#10910),#10944,.F.);
#10910 = FACE_BOUND('',#10911,.F.);
#10911 = EDGE_LOOP('',(#10912,#10922,#10930,#10938));
#10912 = ORIENTED_EDGE('',*,*,#10913,.F.);
#10913 = EDGE_CURVE('',#10914,#10916,#10918,.T.);
#10914 = VERTEX_POINT('',#10915);
#10915 = CARTESIAN_POINT('',(14.294038294458,-3.666084242296,21.6));
#10916 = VERTEX_POINT('',#10917);
#10917 = CARTESIAN_POINT('',(14.294038294458,-3.666084242296,22.6));
#10918 = LINE('',#10919,#10920);
#10919 = CARTESIAN_POINT('',(14.294038294458,-3.666084242296,21.6));
#10920 = VECTOR('',#10921,1.);
#10921 = DIRECTION('',(0.,0.,1.));
#10922 = ORIENTED_EDGE('',*,*,#10923,.T.);
#10923 = EDGE_CURVE('',#10914,#10924,#10926,.T.);
#10924 = VERTEX_POINT('',#10925);
#10925 = CARTESIAN_POINT('',(18.094038294458,-3.666084242296,21.6));
#10926 = LINE('',#10927,#10928);
#10927 = CARTESIAN_POINT('',(14.294038294458,-3.666084242296,21.6));
#10928 = VECTOR('',#10929,1.);
#10929 = DIRECTION('',(1.,1.110223024625E-16,0.));
#10930 = ORIENTED_EDGE('',*,*,#10931,.T.);
#10931 = EDGE_CURVE('',#10924,#10932,#10934,.T.);
#10932 = VERTEX_POINT('',#10933);
#10933 = CARTESIAN_POINT('',(18.094038294458,-3.666084242296,22.6));
#10934 = LINE('',#10935,#10936);
#10935 = CARTESIAN_POINT('',(18.094038294458,-3.666084242296,21.6));
#10936 = VECTOR('',#10937,1.);
#10937 = DIRECTION('',(0.,0.,1.));
#10938 = ORIENTED_EDGE('',*,*,#10939,.F.);
#10939 = EDGE_CURVE('',#10916,#10932,#10940,.T.);
#10940 = LINE('',#10941,#10942);
#10941 = CARTESIAN_POINT('',(14.294038294458,-3.666084242296,22.6));
#10942 = VECTOR('',#10943,1.);
#10943 = DIRECTION('',(1.,1.110223024625E-16,0.));
#10944 = PLANE('',#10945);
#10945 = AXIS2_PLACEMENT_3D('',#10946,#10947,#10948);
#10946 = CARTESIAN_POINT('',(14.294038294458,-3.666084242296,21.6));
#10947 = DIRECTION('',(1.110223024625E-16,-1.,0.));
#10948 = DIRECTION('',(0.,0.,1.));
#10949 = ADVANCED_FACE('',(#10950),#10984,.T.);
#10950 = FACE_BOUND('',#10951,.T.);
#10951 = EDGE_LOOP('',(#10952,#10962,#10970,#10978));
#10952 = ORIENTED_EDGE('',*,*,#10953,.F.);
#10953 = EDGE_CURVE('',#10954,#10956,#10958,.T.);
#10954 = VERTEX_POINT('',#10955);
#10955 = CARTESIAN_POINT('',(14.294038294458,-7.807502242296,21.6));
#10956 = VERTEX_POINT('',#10957);
#10957 = CARTESIAN_POINT('',(14.294038294458,-7.807502242296,22.6));
#10958 = LINE('',#10959,#10960);
#10959 = CARTESIAN_POINT('',(14.294038294458,-7.807502242296,21.6));
#10960 = VECTOR('',#10961,1.);
#10961 = DIRECTION('',(0.,0.,1.));
#10962 = ORIENTED_EDGE('',*,*,#10963,.T.);
#10963 = EDGE_CURVE('',#10954,#10964,#10966,.T.);
#10964 = VERTEX_POINT('',#10965);
#10965 = CARTESIAN_POINT('',(18.094038294458,-7.807502242296,21.6));
#10966 = LINE('',#10967,#10968);
#10967 = CARTESIAN_POINT('',(14.294038294458,-7.807502242296,21.6));
#10968 = VECTOR('',#10969,1.);
#10969 = DIRECTION('',(1.,1.110223024625E-16,0.));
#10970 = ORIENTED_EDGE('',*,*,#10971,.T.);
#10971 = EDGE_CURVE('',#10964,#10972,#10974,.T.);
#10972 = VERTEX_POINT('',#10973);
#10973 = CARTESIAN_POINT('',(18.094038294458,-7.807502242296,22.6));
#10974 = LINE('',#10975,#10976);
#10975 = CARTESIAN_POINT('',(18.094038294458,-7.807502242296,21.6));
#10976 = VECTOR('',#10977,1.);
#10977 = DIRECTION('',(0.,0.,1.));
#10978 = ORIENTED_EDGE('',*,*,#10979,.F.);
#10979 = EDGE_CURVE('',#10956,#10972,#10980,.T.);
#10980 = LINE('',#10981,#10982);
#10981 = CARTESIAN_POINT('',(14.294038294458,-7.807502242296,22.6));
#10982 = VECTOR('',#10983,1.);
#10983 = DIRECTION('',(1.,1.110223024625E-16,0.));
#10984 = PLANE('',#10985);
#10985 = AXIS2_PLACEMENT_3D('',#10986,#10987,#10988);
#10986 = CARTESIAN_POINT('',(14.294038294458,-7.807502242296,21.6));
#10987 = DIRECTION('',(1.110223024625E-16,-1.,0.));
#10988 = DIRECTION('',(0.,0.,1.));
#10989 = ADVANCED_FACE('',(#10990),#11006,.F.);
#10990 = FACE_BOUND('',#10991,.F.);
#10991 = EDGE_LOOP('',(#10992,#10998,#10999,#11005));
#10992 = ORIENTED_EDGE('',*,*,#10993,.F.);
#10993 = EDGE_CURVE('',#10914,#10954,#10994,.T.);
#10994 = LINE('',#10995,#10996);
#10995 = CARTESIAN_POINT('',(14.294038294458,-3.666084242296,21.6));
#10996 = VECTOR('',#10997,1.);
#10997 = DIRECTION('',(1.110223024625E-16,-1.,0.));
#10998 = ORIENTED_EDGE('',*,*,#10913,.T.);
#10999 = ORIENTED_EDGE('',*,*,#11000,.T.);
#11000 = EDGE_CURVE('',#10916,#10956,#11001,.T.);
#11001 = LINE('',#11002,#11003);
#11002 = CARTESIAN_POINT('',(14.294038294458,-3.666084242296,22.6));
#11003 = VECTOR('',#11004,1.);
#11004 = DIRECTION('',(1.110223024625E-16,-1.,0.));
#11005 = ORIENTED_EDGE('',*,*,#10953,.F.);
#11006 = PLANE('',#11007);
#11007 = AXIS2_PLACEMENT_3D('',#11008,#11009,#11010);
#11008 = CARTESIAN_POINT('',(14.294038294458,-3.666084242296,21.6));
#11009 = DIRECTION('',(1.,1.110223024625E-16,0.));
#11010 = DIRECTION('',(0.,0.,1.));
#11011 = ADVANCED_FACE('',(#11012),#11028,.T.);
#11012 = FACE_BOUND('',#11013,.T.);
#11013 = EDGE_LOOP('',(#11014,#11020,#11021,#11027));
#11014 = ORIENTED_EDGE('',*,*,#11015,.F.);
#11015 = EDGE_CURVE('',#10924,#10964,#11016,.T.);
#11016 = LINE('',#11017,#11018);
#11017 = CARTESIAN_POINT('',(18.094038294458,-3.666084242296,21.6));
#11018 = VECTOR('',#11019,1.);
#11019 = DIRECTION('',(1.110223024625E-16,-1.,0.));
#11020 = ORIENTED_EDGE('',*,*,#10931,.T.);
#11021 = ORIENTED_EDGE('',*,*,#11022,.T.);
#11022 = EDGE_CURVE('',#10932,#10972,#11023,.T.);
#11023 = LINE('',#11024,#11025);
#11024 = CARTESIAN_POINT('',(18.094038294458,-3.666084242296,22.6));
#11025 = VECTOR('',#11026,1.);
#11026 = DIRECTION('',(1.110223024625E-16,-1.,0.));
#11027 = ORIENTED_EDGE('',*,*,#10971,.F.);
#11028 = PLANE('',#11029);
#11029 = AXIS2_PLACEMENT_3D('',#11030,#11031,#11032);
#11030 = CARTESIAN_POINT('',(18.094038294458,-3.666084242296,21.6));
#11031 = DIRECTION('',(1.,1.110223024625E-16,0.));
#11032 = DIRECTION('',(0.,0.,1.));
#11033 = ADVANCED_FACE('',(#11034),#11040,.F.);
#11034 = FACE_BOUND('',#11035,.F.);
#11035 = EDGE_LOOP('',(#11036,#11037,#11038,#11039));
#11036 = ORIENTED_EDGE('',*,*,#10923,.F.);
#11037 = ORIENTED_EDGE('',*,*,#10993,.T.);
#11038 = ORIENTED_EDGE('',*,*,#10963,.T.);
#11039 = ORIENTED_EDGE('',*,*,#11015,.F.);
#11040 = PLANE('',#11041);
#11041 = AXIS2_PLACEMENT_3D('',#11042,#11043,#11044);
#11042 = CARTESIAN_POINT('',(14.294038294458,-3.666084242296,21.6));
#11043 = DIRECTION('',(0.,0.,1.));
#11044 = DIRECTION('',(1.110223024625E-16,-1.,0.));
#11045 = ADVANCED_FACE('',(#11046),#11052,.T.);
#11046 = FACE_BOUND('',#11047,.T.);
#11047 = EDGE_LOOP('',(#11048,#11049,#11050,#11051));
#11048 = ORIENTED_EDGE('',*,*,#10939,.F.);
#11049 = ORIENTED_EDGE('',*,*,#11000,.T.);
#11050 = ORIENTED_EDGE('',*,*,#10979,.T.);
#11051 = ORIENTED_EDGE('',*,*,#11022,.F.);
#11052 = PLANE('',#11053);
#11053 = AXIS2_PLACEMENT_3D('',#11054,#11055,#11056);
#11054 = CARTESIAN_POINT('',(14.294038294458,-3.666084242296,22.6));
#11055 = DIRECTION('',(0.,0.,1.));
#11056 = DIRECTION('',(1.110223024625E-16,-1.,0.));
#11057 = MANIFOLD_SOLID_BREP('',#11058);
#11058 = CLOSED_SHELL('',(#11059,#11099,#11139,#11161,#11183,#11195));
#11059 = ADVANCED_FACE('',(#11060),#11094,.F.);
#11060 = FACE_BOUND('',#11061,.F.);
#11061 = EDGE_LOOP('',(#11062,#11072,#11080,#11088));
#11062 = ORIENTED_EDGE('',*,*,#11063,.F.);
#11063 = EDGE_CURVE('',#11064,#11066,#11068,.T.);
#11064 = VERTEX_POINT('',#11065);
#11065 = CARTESIAN_POINT('',(-5.38760055374,9.556496347941,21.6));
#11066 = VERTEX_POINT('',#11067);
#11067 = CARTESIAN_POINT('',(-5.38760055374,9.556496347941,22.25));
#11068 = LINE('',#11069,#11070);
#11069 = CARTESIAN_POINT('',(-5.38760055374,9.556496347941,21.6));
#11070 = VECTOR('',#11071,1.);
#11071 = DIRECTION('',(0.,0.,1.));
#11072 = ORIENTED_EDGE('',*,*,#11073,.T.);
#11073 = EDGE_CURVE('',#11064,#11074,#11076,.T.);
#11074 = VERTEX_POINT('',#11075);
#11075 = CARTESIAN_POINT('',(-6.98760055374,9.556496347941,21.6));
#11076 = LINE('',#11077,#11078);
#11077 = CARTESIAN_POINT('',(-5.38760055374,9.556496347941,21.6));
#11078 = VECTOR('',#11079,1.);
#11079 = DIRECTION('',(-1.,2.22044604925E-16,0.));
#11080 = ORIENTED_EDGE('',*,*,#11081,.T.);
#11081 = EDGE_CURVE('',#11074,#11082,#11084,.T.);
#11082 = VERTEX_POINT('',#11083);
#11083 = CARTESIAN_POINT('',(-6.98760055374,9.556496347941,22.25));
#11084 = LINE('',#11085,#11086);
#11085 = CARTESIAN_POINT('',(-6.98760055374,9.556496347941,21.6));
#11086 = VECTOR('',#11087,1.);
#11087 = DIRECTION('',(0.,0.,1.));
#11088 = ORIENTED_EDGE('',*,*,#11089,.F.);
#11089 = EDGE_CURVE('',#11066,#11082,#11090,.T.);
#11090 = LINE('',#11091,#11092);
#11091 = CARTESIAN_POINT('',(-5.38760055374,9.556496347941,22.25));
#11092 = VECTOR('',#11093,1.);
#11093 = DIRECTION('',(-1.,2.22044604925E-16,0.));
#11094 = PLANE('',#11095);
#11095 = AXIS2_PLACEMENT_3D('',#11096,#11097,#11098);
#11096 = CARTESIAN_POINT('',(-5.38760055374,9.556496347941,21.6));
#11097 = DIRECTION('',(2.22044604925E-16,1.,0.));
#11098 = DIRECTION('',(0.,0.,1.));
#11099 = ADVANCED_FACE('',(#11100),#11134,.T.);
#11100 = FACE_BOUND('',#11101,.T.);
#11101 = EDGE_LOOP('',(#11102,#11112,#11120,#11128));
#11102 = ORIENTED_EDGE('',*,*,#11103,.F.);
#11103 = EDGE_CURVE('',#11104,#11106,#11108,.T.);
#11104 = VERTEX_POINT('',#11105);
#11105 = CARTESIAN_POINT('',(-5.38760055374,11.476496347941,21.6));
#11106 = VERTEX_POINT('',#11107);
#11107 = CARTESIAN_POINT('',(-5.38760055374,11.476496347941,22.25));
#11108 = LINE('',#11109,#11110);
#11109 = CARTESIAN_POINT('',(-5.38760055374,11.476496347941,21.6));
#11110 = VECTOR('',#11111,1.);
#11111 = DIRECTION('',(0.,0.,1.));
#11112 = ORIENTED_EDGE('',*,*,#11113,.T.);
#11113 = EDGE_CURVE('',#11104,#11114,#11116,.T.);
#11114 = VERTEX_POINT('',#11115);
#11115 = CARTESIAN_POINT('',(-6.98760055374,11.476496347941,21.6));
#11116 = LINE('',#11117,#11118);
#11117 = CARTESIAN_POINT('',(-5.38760055374,11.476496347941,21.6));
#11118 = VECTOR('',#11119,1.);
#11119 = DIRECTION('',(-1.,2.22044604925E-16,0.));
#11120 = ORIENTED_EDGE('',*,*,#11121,.T.);
#11121 = EDGE_CURVE('',#11114,#11122,#11124,.T.);
#11122 = VERTEX_POINT('',#11123);
#11123 = CARTESIAN_POINT('',(-6.98760055374,11.476496347941,22.25));
#11124 = LINE('',#11125,#11126);
#11125 = CARTESIAN_POINT('',(-6.98760055374,11.476496347941,21.6));
#11126 = VECTOR('',#11127,1.);
#11127 = DIRECTION('',(0.,0.,1.));
#11128 = ORIENTED_EDGE('',*,*,#11129,.F.);
#11129 = EDGE_CURVE('',#11106,#11122,#11130,.T.);
#11130 = LINE('',#11131,#11132);
#11131 = CARTESIAN_POINT('',(-5.38760055374,11.476496347941,22.25));
#11132 = VECTOR('',#11133,1.);
#11133 = DIRECTION('',(-1.,2.22044604925E-16,0.));
#11134 = PLANE('',#11135);
#11135 = AXIS2_PLACEMENT_3D('',#11136,#11137,#11138);
#11136 = CARTESIAN_POINT('',(-5.38760055374,11.476496347941,21.6));
#11137 = DIRECTION('',(2.22044604925E-16,1.,0.));
#11138 = DIRECTION('',(0.,0.,1.));
#11139 = ADVANCED_FACE('',(#11140),#11156,.F.);
#11140 = FACE_BOUND('',#11141,.F.);
#11141 = EDGE_LOOP('',(#11142,#11148,#11149,#11155));
#11142 = ORIENTED_EDGE('',*,*,#11143,.F.);
#11143 = EDGE_CURVE('',#11064,#11104,#11144,.T.);
#11144 = LINE('',#11145,#11146);
#11145 = CARTESIAN_POINT('',(-5.38760055374,9.556496347941,21.6));
#11146 = VECTOR('',#11147,1.);
#11147 = DIRECTION('',(2.22044604925E-16,1.,0.));
#11148 = ORIENTED_EDGE('',*,*,#11063,.T.);
#11149 = ORIENTED_EDGE('',*,*,#11150,.T.);
#11150 = EDGE_CURVE('',#11066,#11106,#11151,.T.);
#11151 = LINE('',#11152,#11153);
#11152 = CARTESIAN_POINT('',(-5.38760055374,9.556496347941,22.25));
#11153 = VECTOR('',#11154,1.);
#11154 = DIRECTION('',(2.22044604925E-16,1.,0.));
#11155 = ORIENTED_EDGE('',*,*,#11103,.F.);
#11156 = PLANE('',#11157);
#11157 = AXIS2_PLACEMENT_3D('',#11158,#11159,#11160);
#11158 = CARTESIAN_POINT('',(-5.38760055374,9.556496347941,21.6));
#11159 = DIRECTION('',(-1.,2.22044604925E-16,0.));
#11160 = DIRECTION('',(0.,0.,1.));
#11161 = ADVANCED_FACE('',(#11162),#11178,.T.);
#11162 = FACE_BOUND('',#11163,.T.);
#11163 = EDGE_LOOP('',(#11164,#11170,#11171,#11177));
#11164 = ORIENTED_EDGE('',*,*,#11165,.F.);
#11165 = EDGE_CURVE('',#11074,#11114,#11166,.T.);
#11166 = LINE('',#11167,#11168);
#11167 = CARTESIAN_POINT('',(-6.98760055374,9.556496347941,21.6));
#11168 = VECTOR('',#11169,1.);
#11169 = DIRECTION('',(2.22044604925E-16,1.,0.));
#11170 = ORIENTED_EDGE('',*,*,#11081,.T.);
#11171 = ORIENTED_EDGE('',*,*,#11172,.T.);
#11172 = EDGE_CURVE('',#11082,#11122,#11173,.T.);
#11173 = LINE('',#11174,#11175);
#11174 = CARTESIAN_POINT('',(-6.98760055374,9.556496347941,22.25));
#11175 = VECTOR('',#11176,1.);
#11176 = DIRECTION('',(2.22044604925E-16,1.,0.));
#11177 = ORIENTED_EDGE('',*,*,#11121,.F.);
#11178 = PLANE('',#11179);
#11179 = AXIS2_PLACEMENT_3D('',#11180,#11181,#11182);
#11180 = CARTESIAN_POINT('',(-6.98760055374,9.556496347941,21.6));
#11181 = DIRECTION('',(-1.,2.22044604925E-16,0.));
#11182 = DIRECTION('',(0.,0.,1.));
#11183 = ADVANCED_FACE('',(#11184),#11190,.F.);
#11184 = FACE_BOUND('',#11185,.F.);
#11185 = EDGE_LOOP('',(#11186,#11187,#11188,#11189));
#11186 = ORIENTED_EDGE('',*,*,#11073,.F.);
#11187 = ORIENTED_EDGE('',*,*,#11143,.T.);
#11188 = ORIENTED_EDGE('',*,*,#11113,.T.);
#11189 = ORIENTED_EDGE('',*,*,#11165,.F.);
#11190 = PLANE('',#11191);
#11191 = AXIS2_PLACEMENT_3D('',#11192,#11193,#11194);
#11192 = CARTESIAN_POINT('',(-5.38760055374,9.556496347941,21.6));
#11193 = DIRECTION('',(0.,0.,1.));
#11194 = DIRECTION('',(2.22044604925E-16,1.,0.));
#11195 = ADVANCED_FACE('',(#11196),#11202,.T.);
#11196 = FACE_BOUND('',#11197,.T.);
#11197 = EDGE_LOOP('',(#11198,#11199,#11200,#11201));
#11198 = ORIENTED_EDGE('',*,*,#11089,.F.);
#11199 = ORIENTED_EDGE('',*,*,#11150,.T.);
#11200 = ORIENTED_EDGE('',*,*,#11129,.T.);
#11201 = ORIENTED_EDGE('',*,*,#11172,.F.);
#11202 = PLANE('',#11203);
#11203 = AXIS2_PLACEMENT_3D('',#11204,#11205,#11206);
#11204 = CARTESIAN_POINT('',(-5.38760055374,9.556496347941,22.25));
#11205 = DIRECTION('',(0.,0.,1.));
#11206 = DIRECTION('',(2.22044604925E-16,1.,0.));
#11207 = MANIFOLD_SOLID_BREP('',#11208);
#11208 = CLOSED_SHELL('',(#11209,#11249,#11289,#11311,#11333,#11345));
#11209 = ADVANCED_FACE('',(#11210),#11244,.F.);
#11210 = FACE_BOUND('',#11211,.F.);
#11211 = EDGE_LOOP('',(#11212,#11222,#11230,#11238));
#11212 = ORIENTED_EDGE('',*,*,#11213,.F.);
#11213 = EDGE_CURVE('',#11214,#11216,#11218,.T.);
#11214 = VERTEX_POINT('',#11215);
#11215 = CARTESIAN_POINT('',(6.76958582322,10.483379907296,21.6));
#11216 = VERTEX_POINT('',#11217);
#11217 = CARTESIAN_POINT('',(6.76958582322,10.483379907296,26.6));
#11218 = LINE('',#11219,#11220);
#11219 = CARTESIAN_POINT('',(6.76958582322,10.483379907296,21.6));
#11220 = VECTOR('',#11221,1.);
#11221 = DIRECTION('',(0.,0.,1.));
#11222 = ORIENTED_EDGE('',*,*,#11223,.T.);
#11223 = EDGE_CURVE('',#11214,#11224,#11226,.T.);
#11224 = VERTEX_POINT('',#11225);
#11225 = CARTESIAN_POINT('',(-2.43041417678,10.483379907296,21.6));
#11226 = LINE('',#11227,#11228);
#11227 = CARTESIAN_POINT('',(6.76958582322,10.483379907296,21.6));
#11228 = VECTOR('',#11229,1.);
#11229 = DIRECTION('',(-1.,2.22044604925E-16,0.));
#11230 = ORIENTED_EDGE('',*,*,#11231,.T.);
#11231 = EDGE_CURVE('',#11224,#11232,#11234,.T.);
#11232 = VERTEX_POINT('',#11233);
#11233 = CARTESIAN_POINT('',(-2.43041417678,10.483379907296,26.6));
#11234 = LINE('',#11235,#11236);
#11235 = CARTESIAN_POINT('',(-2.43041417678,10.483379907296,21.6));
#11236 = VECTOR('',#11237,1.);
#11237 = DIRECTION('',(0.,0.,1.));
#11238 = ORIENTED_EDGE('',*,*,#11239,.F.);
#11239 = EDGE_CURVE('',#11216,#11232,#11240,.T.);
#11240 = LINE('',#11241,#11242);
#11241 = CARTESIAN_POINT('',(6.76958582322,10.483379907296,26.6));
#11242 = VECTOR('',#11243,1.);
#11243 = DIRECTION('',(-1.,2.22044604925E-16,0.));
#11244 = PLANE('',#11245);
#11245 = AXIS2_PLACEMENT_3D('',#11246,#11247,#11248);
#11246 = CARTESIAN_POINT('',(6.76958582322,10.483379907296,21.6));
#11247 = DIRECTION('',(2.22044604925E-16,1.,0.));
#11248 = DIRECTION('',(0.,0.,1.));
#11249 = ADVANCED_FACE('',(#11250),#11284,.T.);
#11250 = FACE_BOUND('',#11251,.T.);
#11251 = EDGE_LOOP('',(#11252,#11262,#11270,#11278));
#11252 = ORIENTED_EDGE('',*,*,#11253,.F.);
#11253 = EDGE_CURVE('',#11254,#11256,#11258,.T.);
#11254 = VERTEX_POINT('',#11255);
#11255 = CARTESIAN_POINT('',(6.76958582322,18.883379907296,21.6));
#11256 = VERTEX_POINT('',#11257);
#11257 = CARTESIAN_POINT('',(6.76958582322,18.883379907296,26.6));
#11258 = LINE('',#11259,#11260);
#11259 = CARTESIAN_POINT('',(6.76958582322,18.883379907296,21.6));
#11260 = VECTOR('',#11261,1.);
#11261 = DIRECTION('',(0.,0.,1.));
#11262 = ORIENTED_EDGE('',*,*,#11263,.T.);
#11263 = EDGE_CURVE('',#11254,#11264,#11266,.T.);
#11264 = VERTEX_POINT('',#11265);
#11265 = CARTESIAN_POINT('',(-2.43041417678,18.883379907296,21.6));
#11266 = LINE('',#11267,#11268);
#11267 = CARTESIAN_POINT('',(6.76958582322,18.883379907296,21.6));
#11268 = VECTOR('',#11269,1.);
#11269 = DIRECTION('',(-1.,2.22044604925E-16,0.));
#11270 = ORIENTED_EDGE('',*,*,#11271,.T.);
#11271 = EDGE_CURVE('',#11264,#11272,#11274,.T.);
#11272 = VERTEX_POINT('',#11273);
#11273 = CARTESIAN_POINT('',(-2.43041417678,18.883379907296,26.6));
#11274 = LINE('',#11275,#11276);
#11275 = CARTESIAN_POINT('',(-2.43041417678,18.883379907296,21.6));
#11276 = VECTOR('',#11277,1.);
#11277 = DIRECTION('',(0.,0.,1.));
#11278 = ORIENTED_EDGE('',*,*,#11279,.F.);
#11279 = EDGE_CURVE('',#11256,#11272,#11280,.T.);
#11280 = LINE('',#11281,#11282);
#11281 = CARTESIAN_POINT('',(6.76958582322,18.883379907296,26.6));
#11282 = VECTOR('',#11283,1.);
#11283 = DIRECTION('',(-1.,2.22044604925E-16,0.));
#11284 = PLANE('',#11285);
#11285 = AXIS2_PLACEMENT_3D('',#11286,#11287,#11288);
#11286 = CARTESIAN_POINT('',(6.76958582322,18.883379907296,21.6));
#11287 = DIRECTION('',(2.22044604925E-16,1.,0.));
#11288 = DIRECTION('',(0.,0.,1.));
#11289 = ADVANCED_FACE('',(#11290),#11306,.F.);
#11290 = FACE_BOUND('',#11291,.F.);
#11291 = EDGE_LOOP('',(#11292,#11298,#11299,#11305));
#11292 = ORIENTED_EDGE('',*,*,#11293,.F.);
#11293 = EDGE_CURVE('',#11214,#11254,#11294,.T.);
#11294 = LINE('',#11295,#11296);
#11295 = CARTESIAN_POINT('',(6.76958582322,10.483379907296,21.6));
#11296 = VECTOR('',#11297,1.);
#11297 = DIRECTION('',(2.22044604925E-16,1.,0.));
#11298 = ORIENTED_EDGE('',*,*,#11213,.T.);
#11299 = ORIENTED_EDGE('',*,*,#11300,.T.);
#11300 = EDGE_CURVE('',#11216,#11256,#11301,.T.);
#11301 = LINE('',#11302,#11303);
#11302 = CARTESIAN_POINT('',(6.76958582322,10.483379907296,26.6));
#11303 = VECTOR('',#11304,1.);
#11304 = DIRECTION('',(2.22044604925E-16,1.,0.));
#11305 = ORIENTED_EDGE('',*,*,#11253,.F.);
#11306 = PLANE('',#11307);
#11307 = AXIS2_PLACEMENT_3D('',#11308,#11309,#11310);
#11308 = CARTESIAN_POINT('',(6.76958582322,10.483379907296,21.6));
#11309 = DIRECTION('',(-1.,2.22044604925E-16,0.));
#11310 = DIRECTION('',(0.,0.,1.));
#11311 = ADVANCED_FACE('',(#11312),#11328,.T.);
#11312 = FACE_BOUND('',#11313,.T.);
#11313 = EDGE_LOOP('',(#11314,#11320,#11321,#11327));
#11314 = ORIENTED_EDGE('',*,*,#11315,.F.);
#11315 = EDGE_CURVE('',#11224,#11264,#11316,.T.);
#11316 = LINE('',#11317,#11318);
#11317 = CARTESIAN_POINT('',(-2.43041417678,10.483379907296,21.6));
#11318 = VECTOR('',#11319,1.);
#11319 = DIRECTION('',(2.22044604925E-16,1.,0.));
#11320 = ORIENTED_EDGE('',*,*,#11231,.T.);
#11321 = ORIENTED_EDGE('',*,*,#11322,.T.);
#11322 = EDGE_CURVE('',#11232,#11272,#11323,.T.);
#11323 = LINE('',#11324,#11325);
#11324 = CARTESIAN_POINT('',(-2.43041417678,10.483379907296,26.6));
#11325 = VECTOR('',#11326,1.);
#11326 = DIRECTION('',(2.22044604925E-16,1.,0.));
#11327 = ORIENTED_EDGE('',*,*,#11271,.F.);
#11328 = PLANE('',#11329);
#11329 = AXIS2_PLACEMENT_3D('',#11330,#11331,#11332);
#11330 = CARTESIAN_POINT('',(-2.43041417678,10.483379907296,21.6));
#11331 = DIRECTION('',(-1.,2.22044604925E-16,0.));
#11332 = DIRECTION('',(0.,0.,1.));
#11333 = ADVANCED_FACE('',(#11334),#11340,.F.);
#11334 = FACE_BOUND('',#11335,.F.);
#11335 = EDGE_LOOP('',(#11336,#11337,#11338,#11339));
#11336 = ORIENTED_EDGE('',*,*,#11223,.F.);
#11337 = ORIENTED_EDGE('',*,*,#11293,.T.);
#11338 = ORIENTED_EDGE('',*,*,#11263,.T.);
#11339 = ORIENTED_EDGE('',*,*,#11315,.F.);
#11340 = PLANE('',#11341);
#11341 = AXIS2_PLACEMENT_3D('',#11342,#11343,#11344);
#11342 = CARTESIAN_POINT('',(6.76958582322,10.483379907296,21.6));
#11343 = DIRECTION('',(0.,0.,1.));
#11344 = DIRECTION('',(2.22044604925E-16,1.,0.));
#11345 = ADVANCED_FACE('',(#11346),#11352,.T.);
#11346 = FACE_BOUND('',#11347,.T.);
#11347 = EDGE_LOOP('',(#11348,#11349,#11350,#11351));
#11348 = ORIENTED_EDGE('',*,*,#11239,.F.);
#11349 = ORIENTED_EDGE('',*,*,#11300,.T.);
#11350 = ORIENTED_EDGE('',*,*,#11279,.T.);
#11351 = ORIENTED_EDGE('',*,*,#11322,.F.);
#11352 = PLANE('',#11353);
#11353 = AXIS2_PLACEMENT_3D('',#11354,#11355,#11356);
#11354 = CARTESIAN_POINT('',(6.76958582322,10.483379907296,26.6));
#11355 = DIRECTION('',(0.,0.,1.));
#11356 = DIRECTION('',(2.22044604925E-16,1.,0.));
#11357 = MANIFOLD_SOLID_BREP('',#11358);
#11358 = CLOSED_SHELL('',(#11359,#11399,#11439,#11461,#11483,#11495));
#11359 = ADVANCED_FACE('',(#11360),#11394,.F.);
#11360 = FACE_BOUND('',#11361,.F.);
#11361 = EDGE_LOOP('',(#11362,#11372,#11380,#11388));
#11362 = ORIENTED_EDGE('',*,*,#11363,.F.);
#11363 = EDGE_CURVE('',#11364,#11366,#11368,.T.);
#11364 = VERTEX_POINT('',#11365);
#11365 = CARTESIAN_POINT('',(4.82,-14.035,21.6));
#11366 = VERTEX_POINT('',#11367);
#11367 = CARTESIAN_POINT('',(4.82,-14.035,25.1));
#11368 = LINE('',#11369,#11370);
#11369 = CARTESIAN_POINT('',(4.82,-14.035,21.6));
#11370 = VECTOR('',#11371,1.);
#11371 = DIRECTION('',(0.,0.,1.));
#11372 = ORIENTED_EDGE('',*,*,#11373,.T.);
#11373 = EDGE_CURVE('',#11364,#11374,#11376,.T.);
#11374 = VERTEX_POINT('',#11375);
#11375 = CARTESIAN_POINT('',(4.82,-21.965,21.6));
#11376 = LINE('',#11377,#11378);
#11377 = CARTESIAN_POINT('',(4.82,-14.035,21.6));
#11378 = VECTOR('',#11379,1.);
#11379 = DIRECTION('',(1.224646799147E-16,-1.,0.));
#11380 = ORIENTED_EDGE('',*,*,#11381,.T.);
#11381 = EDGE_CURVE('',#11374,#11382,#11384,.T.);
#11382 = VERTEX_POINT('',#11383);
#11383 = CARTESIAN_POINT('',(4.82,-21.965,25.1));
#11384 = LINE('',#11385,#11386);
#11385 = CARTESIAN_POINT('',(4.82,-21.965,21.6));
#11386 = VECTOR('',#11387,1.);
#11387 = DIRECTION('',(0.,0.,1.));
#11388 = ORIENTED_EDGE('',*,*,#11389,.F.);
#11389 = EDGE_CURVE('',#11366,#11382,#11390,.T.);
#11390 = LINE('',#11391,#11392);
#11391 = CARTESIAN_POINT('',(4.82,-14.035,25.1));
#11392 = VECTOR('',#11393,1.);
#11393 = DIRECTION('',(1.224646799147E-16,-1.,0.));
#11394 = PLANE('',#11395);
#11395 = AXIS2_PLACEMENT_3D('',#11396,#11397,#11398);
#11396 = CARTESIAN_POINT('',(4.82,-14.035,21.6));
#11397 = DIRECTION('',(-1.,-1.224646799147E-16,0.));
#11398 = DIRECTION('',(0.,0.,1.));
#11399 = ADVANCED_FACE('',(#11400),#11434,.T.);
#11400 = FACE_BOUND('',#11401,.T.);
#11401 = EDGE_LOOP('',(#11402,#11412,#11420,#11428));
#11402 = ORIENTED_EDGE('',*,*,#11403,.F.);
#11403 = EDGE_CURVE('',#11404,#11406,#11408,.T.);
#11404 = VERTEX_POINT('',#11405);
#11405 = CARTESIAN_POINT('',(-4.82,-14.035,21.6));
#11406 = VERTEX_POINT('',#11407);
#11407 = CARTESIAN_POINT('',(-4.82,-14.035,25.1));
#11408 = LINE('',#11409,#11410);
#11409 = CARTESIAN_POINT('',(-4.82,-14.035,21.6));
#11410 = VECTOR('',#11411,1.);
#11411 = DIRECTION('',(0.,0.,1.));
#11412 = ORIENTED_EDGE('',*,*,#11413,.T.);
#11413 = EDGE_CURVE('',#11404,#11414,#11416,.T.);
#11414 = VERTEX_POINT('',#11415);
#11415 = CARTESIAN_POINT('',(-4.82,-21.965,21.6));
#11416 = LINE('',#11417,#11418);
#11417 = CARTESIAN_POINT('',(-4.82,-14.035,21.6));
#11418 = VECTOR('',#11419,1.);
#11419 = DIRECTION('',(1.224646799147E-16,-1.,0.));
#11420 = ORIENTED_EDGE('',*,*,#11421,.T.);
#11421 = EDGE_CURVE('',#11414,#11422,#11424,.T.);
#11422 = VERTEX_POINT('',#11423);
#11423 = CARTESIAN_POINT('',(-4.82,-21.965,25.1));
#11424 = LINE('',#11425,#11426);
#11425 = CARTESIAN_POINT('',(-4.82,-21.965,21.6));
#11426 = VECTOR('',#11427,1.);
#11427 = DIRECTION('',(0.,0.,1.));
#11428 = ORIENTED_EDGE('',*,*,#11429,.F.);
#11429 = EDGE_CURVE('',#11406,#11422,#11430,.T.);
#11430 = LINE('',#11431,#11432);
#11431 = CARTESIAN_POINT('',(-4.82,-14.035,25.1));
#11432 = VECTOR('',#11433,1.);
#11433 = DIRECTION('',(1.224646799147E-16,-1.,0.));
#11434 = PLANE('',#11435);
#11435 = AXIS2_PLACEMENT_3D('',#11436,#11437,#11438);
#11436 = CARTESIAN_POINT('',(-4.82,-14.035,21.6));
#11437 = DIRECTION('',(-1.,-1.224646799147E-16,0.));
#11438 = DIRECTION('',(0.,0.,1.));
#11439 = ADVANCED_FACE('',(#11440),#11456,.F.);
#11440 = FACE_BOUND('',#11441,.F.);
#11441 = EDGE_LOOP('',(#11442,#11448,#11449,#11455));
#11442 = ORIENTED_EDGE('',*,*,#11443,.F.);
#11443 = EDGE_CURVE('',#11364,#11404,#11444,.T.);
#11444 = LINE('',#11445,#11446);
#11445 = CARTESIAN_POINT('',(4.82,-14.035,21.6));
#11446 = VECTOR('',#11447,1.);
#11447 = DIRECTION('',(-1.,-1.224646799147E-16,0.));
#11448 = ORIENTED_EDGE('',*,*,#11363,.T.);
#11449 = ORIENTED_EDGE('',*,*,#11450,.T.);
#11450 = EDGE_CURVE('',#11366,#11406,#11451,.T.);
#11451 = LINE('',#11452,#11453);
#11452 = CARTESIAN_POINT('',(4.82,-14.035,25.1));
#11453 = VECTOR('',#11454,1.);
#11454 = DIRECTION('',(-1.,-1.224646799147E-16,0.));
#11455 = ORIENTED_EDGE('',*,*,#11403,.F.);
#11456 = PLANE('',#11457);
#11457 = AXIS2_PLACEMENT_3D('',#11458,#11459,#11460);
#11458 = CARTESIAN_POINT('',(4.82,-14.035,21.6));
#11459 = DIRECTION('',(1.224646799147E-16,-1.,0.));
#11460 = DIRECTION('',(0.,0.,1.));
#11461 = ADVANCED_FACE('',(#11462),#11478,.T.);
#11462 = FACE_BOUND('',#11463,.T.);
#11463 = EDGE_LOOP('',(#11464,#11470,#11471,#11477));
#11464 = ORIENTED_EDGE('',*,*,#11465,.F.);
#11465 = EDGE_CURVE('',#11374,#11414,#11466,.T.);
#11466 = LINE('',#11467,#11468);
#11467 = CARTESIAN_POINT('',(4.82,-21.965,21.6));
#11468 = VECTOR('',#11469,1.);
#11469 = DIRECTION('',(-1.,-1.224646799147E-16,0.));
#11470 = ORIENTED_EDGE('',*,*,#11381,.T.);
#11471 = ORIENTED_EDGE('',*,*,#11472,.T.);
#11472 = EDGE_CURVE('',#11382,#11422,#11473,.T.);
#11473 = LINE('',#11474,#11475);
#11474 = CARTESIAN_POINT('',(4.82,-21.965,25.1));
#11475 = VECTOR('',#11476,1.);
#11476 = DIRECTION('',(-1.,-1.224646799147E-16,0.));
#11477 = ORIENTED_EDGE('',*,*,#11421,.F.);
#11478 = PLANE('',#11479);
#11479 = AXIS2_PLACEMENT_3D('',#11480,#11481,#11482);
#11480 = CARTESIAN_POINT('',(4.82,-21.965,21.6));
#11481 = DIRECTION('',(1.224646799147E-16,-1.,0.));
#11482 = DIRECTION('',(0.,0.,1.));
#11483 = ADVANCED_FACE('',(#11484),#11490,.F.);
#11484 = FACE_BOUND('',#11485,.F.);
#11485 = EDGE_LOOP('',(#11486,#11487,#11488,#11489));
#11486 = ORIENTED_EDGE('',*,*,#11373,.F.);
#11487 = ORIENTED_EDGE('',*,*,#11443,.T.);
#11488 = ORIENTED_EDGE('',*,*,#11413,.T.);
#11489 = ORIENTED_EDGE('',*,*,#11465,.F.);
#11490 = PLANE('',#11491);
#11491 = AXIS2_PLACEMENT_3D('',#11492,#11493,#11494);
#11492 = CARTESIAN_POINT('',(4.82,-14.035,21.6));
#11493 = DIRECTION('',(0.,0.,1.));
#11494 = DIRECTION('',(-1.,-1.224646799147E-16,0.));
#11495 = ADVANCED_FACE('',(#11496),#11502,.T.);
#11496 = FACE_BOUND('',#11497,.T.);
#11497 = EDGE_LOOP('',(#11498,#11499,#11500,#11501));
#11498 = ORIENTED_EDGE('',*,*,#11389,.F.);
#11499 = ORIENTED_EDGE('',*,*,#11450,.T.);
#11500 = ORIENTED_EDGE('',*,*,#11429,.T.);
#11501 = ORIENTED_EDGE('',*,*,#11472,.F.);
#11502 = PLANE('',#11503);
#11503 = AXIS2_PLACEMENT_3D('',#11504,#11505,#11506);
#11504 = CARTESIAN_POINT('',(4.82,-14.035,25.1));
#11505 = DIRECTION('',(0.,0.,1.));
#11506 = DIRECTION('',(-1.,-1.224646799147E-16,0.));
#11507 = MANIFOLD_SOLID_BREP('',#11508);
#11508 = CLOSED_SHELL('',(#11509,#11549,#11589,#11611,#11633,#11645));
#11509 = ADVANCED_FACE('',(#11510),#11544,.F.);
#11510 = FACE_BOUND('',#11511,.F.);
#11511 = EDGE_LOOP('',(#11512,#11522,#11530,#11538));
#11512 = ORIENTED_EDGE('',*,*,#11513,.F.);
#11513 = EDGE_CURVE('',#11514,#11516,#11518,.T.);
#11514 = VERTEX_POINT('',#11515);
#11515 = CARTESIAN_POINT('',(-13.53604769881,7.394076733076E-02,21.6));
#11516 = VERTEX_POINT('',#11517);
#11517 = CARTESIAN_POINT('',(-13.53604769881,7.394076733076E-02,22.6));
#11518 = LINE('',#11519,#11520);
#11519 = CARTESIAN_POINT('',(-13.53604769881,7.394076733076E-02,21.6));
#11520 = VECTOR('',#11521,1.);
#11521 = DIRECTION('',(0.,0.,1.));
#11522 = ORIENTED_EDGE('',*,*,#11523,.T.);
#11523 = EDGE_CURVE('',#11514,#11524,#11526,.T.);
#11524 = VERTEX_POINT('',#11525);
#11525 = CARTESIAN_POINT('',(-11.03604769881,7.394076733076E-02,21.6));
#11526 = LINE('',#11527,#11528);
#11527 = CARTESIAN_POINT('',(-13.53604769881,7.394076733076E-02,21.6));
#11528 = VECTOR('',#11529,1.);
#11529 = DIRECTION('',(1.,1.110223024625E-16,0.));
#11530 = ORIENTED_EDGE('',*,*,#11531,.T.);
#11531 = EDGE_CURVE('',#11524,#11532,#11534,.T.);
#11532 = VERTEX_POINT('',#11533);
#11533 = CARTESIAN_POINT('',(-11.03604769881,7.394076733076E-02,22.6));
#11534 = LINE('',#11535,#11536);
#11535 = CARTESIAN_POINT('',(-11.03604769881,7.394076733076E-02,21.6));
#11536 = VECTOR('',#11537,1.);
#11537 = DIRECTION('',(0.,0.,1.));
#11538 = ORIENTED_EDGE('',*,*,#11539,.F.);
#11539 = EDGE_CURVE('',#11516,#11532,#11540,.T.);
#11540 = LINE('',#11541,#11542);
#11541 = CARTESIAN_POINT('',(-13.53604769881,7.394076733076E-02,22.6));
#11542 = VECTOR('',#11543,1.);
#11543 = DIRECTION('',(1.,1.110223024625E-16,0.));
#11544 = PLANE('',#11545);
#11545 = AXIS2_PLACEMENT_3D('',#11546,#11547,#11548);
#11546 = CARTESIAN_POINT('',(-13.53604769881,7.394076733076E-02,21.6));
#11547 = DIRECTION('',(1.110223024625E-16,-1.,0.));
#11548 = DIRECTION('',(0.,0.,1.));
#11549 = ADVANCED_FACE('',(#11550),#11584,.T.);
#11550 = FACE_BOUND('',#11551,.T.);
#11551 = EDGE_LOOP('',(#11552,#11562,#11570,#11578));
#11552 = ORIENTED_EDGE('',*,*,#11553,.F.);
#11553 = EDGE_CURVE('',#11554,#11556,#11558,.T.);
#11554 = VERTEX_POINT('',#11555);
#11555 = CARTESIAN_POINT('',(-13.53604769881,-2.926059232669,21.6));
#11556 = VERTEX_POINT('',#11557);
#11557 = CARTESIAN_POINT('',(-13.53604769881,-2.926059232669,22.6));
#11558 = LINE('',#11559,#11560);
#11559 = CARTESIAN_POINT('',(-13.53604769881,-2.926059232669,21.6));
#11560 = VECTOR('',#11561,1.);
#11561 = DIRECTION('',(0.,0.,1.));
#11562 = ORIENTED_EDGE('',*,*,#11563,.T.);
#11563 = EDGE_CURVE('',#11554,#11564,#11566,.T.);
#11564 = VERTEX_POINT('',#11565);
#11565 = CARTESIAN_POINT('',(-11.03604769881,-2.926059232669,21.6));
#11566 = LINE('',#11567,#11568);
#11567 = CARTESIAN_POINT('',(-13.53604769881,-2.926059232669,21.6));
#11568 = VECTOR('',#11569,1.);
#11569 = DIRECTION('',(1.,1.110223024625E-16,0.));
#11570 = ORIENTED_EDGE('',*,*,#11571,.T.);
#11571 = EDGE_CURVE('',#11564,#11572,#11574,.T.);
#11572 = VERTEX_POINT('',#11573);
#11573 = CARTESIAN_POINT('',(-11.03604769881,-2.926059232669,22.6));
#11574 = LINE('',#11575,#11576);
#11575 = CARTESIAN_POINT('',(-11.03604769881,-2.926059232669,21.6));
#11576 = VECTOR('',#11577,1.);
#11577 = DIRECTION('',(0.,0.,1.));
#11578 = ORIENTED_EDGE('',*,*,#11579,.F.);
#11579 = EDGE_CURVE('',#11556,#11572,#11580,.T.);
#11580 = LINE('',#11581,#11582);
#11581 = CARTESIAN_POINT('',(-13.53604769881,-2.926059232669,22.6));
#11582 = VECTOR('',#11583,1.);
#11583 = DIRECTION('',(1.,1.110223024625E-16,0.));
#11584 = PLANE('',#11585);
#11585 = AXIS2_PLACEMENT_3D('',#11586,#11587,#11588);
#11586 = CARTESIAN_POINT('',(-13.53604769881,-2.926059232669,21.6));
#11587 = DIRECTION('',(1.110223024625E-16,-1.,0.));
#11588 = DIRECTION('',(0.,0.,1.));
#11589 = ADVANCED_FACE('',(#11590),#11606,.F.);
#11590 = FACE_BOUND('',#11591,.F.);
#11591 = EDGE_LOOP('',(#11592,#11598,#11599,#11605));
#11592 = ORIENTED_EDGE('',*,*,#11593,.F.);
#11593 = EDGE_CURVE('',#11514,#11554,#11594,.T.);
#11594 = LINE('',#11595,#11596);
#11595 = CARTESIAN_POINT('',(-13.53604769881,7.394076733076E-02,21.6));
#11596 = VECTOR('',#11597,1.);
#11597 = DIRECTION('',(1.110223024625E-16,-1.,0.));
#11598 = ORIENTED_EDGE('',*,*,#11513,.T.);
#11599 = ORIENTED_EDGE('',*,*,#11600,.T.);
#11600 = EDGE_CURVE('',#11516,#11556,#11601,.T.);
#11601 = LINE('',#11602,#11603);
#11602 = CARTESIAN_POINT('',(-13.53604769881,7.394076733076E-02,22.6));
#11603 = VECTOR('',#11604,1.);
#11604 = DIRECTION('',(1.110223024625E-16,-1.,0.));
#11605 = ORIENTED_EDGE('',*,*,#11553,.F.);
#11606 = PLANE('',#11607);
#11607 = AXIS2_PLACEMENT_3D('',#11608,#11609,#11610);
#11608 = CARTESIAN_POINT('',(-13.53604769881,7.394076733076E-02,21.6));
#11609 = DIRECTION('',(1.,1.110223024625E-16,0.));
#11610 = DIRECTION('',(0.,0.,1.));
#11611 = ADVANCED_FACE('',(#11612),#11628,.T.);
#11612 = FACE_BOUND('',#11613,.T.);
#11613 = EDGE_LOOP('',(#11614,#11620,#11621,#11627));
#11614 = ORIENTED_EDGE('',*,*,#11615,.F.);
#11615 = EDGE_CURVE('',#11524,#11564,#11616,.T.);
#11616 = LINE('',#11617,#11618);
#11617 = CARTESIAN_POINT('',(-11.03604769881,7.394076733076E-02,21.6));
#11618 = VECTOR('',#11619,1.);
#11619 = DIRECTION('',(1.110223024625E-16,-1.,0.));
#11620 = ORIENTED_EDGE('',*,*,#11531,.T.);
#11621 = ORIENTED_EDGE('',*,*,#11622,.T.);
#11622 = EDGE_CURVE('',#11532,#11572,#11623,.T.);
#11623 = LINE('',#11624,#11625);
#11624 = CARTESIAN_POINT('',(-11.03604769881,7.394076733076E-02,22.6));
#11625 = VECTOR('',#11626,1.);
#11626 = DIRECTION('',(1.110223024625E-16,-1.,0.));
#11627 = ORIENTED_EDGE('',*,*,#11571,.F.);
#11628 = PLANE('',#11629);
#11629 = AXIS2_PLACEMENT_3D('',#11630,#11631,#11632);
#11630 = CARTESIAN_POINT('',(-11.03604769881,7.394076733076E-02,21.6));
#11631 = DIRECTION('',(1.,1.110223024625E-16,0.));
#11632 = DIRECTION('',(0.,0.,1.));
#11633 = ADVANCED_FACE('',(#11634),#11640,.F.);
#11634 = FACE_BOUND('',#11635,.F.);
#11635 = EDGE_LOOP('',(#11636,#11637,#11638,#11639));
#11636 = ORIENTED_EDGE('',*,*,#11523,.F.);
#11637 = ORIENTED_EDGE('',*,*,#11593,.T.);
#11638 = ORIENTED_EDGE('',*,*,#11563,.T.);
#11639 = ORIENTED_EDGE('',*,*,#11615,.F.);
#11640 = PLANE('',#11641);
#11641 = AXIS2_PLACEMENT_3D('',#11642,#11643,#11644);
#11642 = CARTESIAN_POINT('',(-13.53604769881,7.394076733076E-02,21.6));
#11643 = DIRECTION('',(0.,0.,1.));
#11644 = DIRECTION('',(1.110223024625E-16,-1.,0.));
#11645 = ADVANCED_FACE('',(#11646),#11652,.T.);
#11646 = FACE_BOUND('',#11647,.T.);
#11647 = EDGE_LOOP('',(#11648,#11649,#11650,#11651));
#11648 = ORIENTED_EDGE('',*,*,#11539,.F.);
#11649 = ORIENTED_EDGE('',*,*,#11600,.T.);
#11650 = ORIENTED_EDGE('',*,*,#11579,.T.);
#11651 = ORIENTED_EDGE('',*,*,#11622,.F.);
#11652 = PLANE('',#11653);
#11653 = AXIS2_PLACEMENT_3D('',#11654,#11655,#11656);
#11654 = CARTESIAN_POINT('',(-13.53604769881,7.394076733076E-02,22.6));
#11655 = DIRECTION('',(0.,0.,1.));
#11656 = DIRECTION('',(1.110223024625E-16,-1.,0.));
#11657 = MANIFOLD_SOLID_BREP('',#11658);
#11658 = CLOSED_SHELL('',(#11659,#11692,#11745,#11798,#11815,#11832,
    #11849));
#11659 = ADVANCED_FACE('',(#11660),#11687,.T.);
#11660 = FACE_BOUND('',#11661,.T.);
#11661 = EDGE_LOOP('',(#11662,#11671,#11679,#11686));
#11662 = ORIENTED_EDGE('',*,*,#11663,.F.);
#11663 = EDGE_CURVE('',#11664,#11664,#11666,.T.);
#11664 = VERTEX_POINT('',#11665);
#11665 = CARTESIAN_POINT('',(34.5,-8.450062914117E-15,3.));
#11666 = CIRCLE('',#11667,34.5);
#11667 = AXIS2_PLACEMENT_3D('',#11668,#11669,#11670);
#11668 = CARTESIAN_POINT('',(0.,0.,3.));
#11669 = DIRECTION('',(0.,0.,1.));
#11670 = DIRECTION('',(1.,0.,-0.));
#11671 = ORIENTED_EDGE('',*,*,#11672,.F.);
#11672 = EDGE_CURVE('',#11673,#11664,#11675,.T.);
#11673 = VERTEX_POINT('',#11674);
#11674 = CARTESIAN_POINT('',(34.5,-8.450062914117E-15,0.));
#11675 = LINE('',#11676,#11677);
#11676 = CARTESIAN_POINT('',(34.5,-8.450062914117E-15,0.));
#11677 = VECTOR('',#11678,1.);
#11678 = DIRECTION('',(0.,0.,1.));
#11679 = ORIENTED_EDGE('',*,*,#11680,.T.);
#11680 = EDGE_CURVE('',#11673,#11673,#11681,.T.);
#11681 = CIRCLE('',#11682,34.5);
#11682 = AXIS2_PLACEMENT_3D('',#11683,#11684,#11685);
#11683 = CARTESIAN_POINT('',(0.,0.,0.));
#11684 = DIRECTION('',(0.,0.,1.));
#11685 = DIRECTION('',(1.,0.,-0.));
#11686 = ORIENTED_EDGE('',*,*,#11672,.T.);
#11687 = CYLINDRICAL_SURFACE('',#11688,34.5);
#11688 = AXIS2_PLACEMENT_3D('',#11689,#11690,#11691);
#11689 = CARTESIAN_POINT('',(0.,0.,0.));
#11690 = DIRECTION('',(0.,0.,1.));
#11691 = DIRECTION('',(1.,0.,-0.));
#11692 = ADVANCED_FACE('',(#11693,#11696,#11707,#11718,#11729),#11740,
  .T.);
#11693 = FACE_BOUND('',#11694,.T.);
#11694 = EDGE_LOOP('',(#11695));
#11695 = ORIENTED_EDGE('',*,*,#11663,.T.);
#11696 = FACE_BOUND('',#11697,.T.);
#11697 = EDGE_LOOP('',(#11698));
#11698 = ORIENTED_EDGE('',*,*,#11699,.F.);
#11699 = EDGE_CURVE('',#11700,#11700,#11702,.T.);
#11700 = VERTEX_POINT('',#11701);
#11701 = CARTESIAN_POINT('',(-14.05,-26.41377481542,3.));
#11702 = CIRCLE('',#11703,1.2);
#11703 = AXIS2_PLACEMENT_3D('',#11704,#11705,#11706);
#11704 = CARTESIAN_POINT('',(-15.25,-26.41377481542,3.));
#11705 = DIRECTION('',(0.,0.,1.));
#11706 = DIRECTION('',(1.,0.,-0.));
#11707 = FACE_BOUND('',#11708,.T.);
#11708 = EDGE_LOOP('',(#11709));
#11709 = ORIENTED_EDGE('',*,*,#11710,.F.);
#11710 = EDGE_CURVE('',#11711,#11711,#11713,.T.);
#11711 = VERTEX_POINT('',#11712);
#11712 = CARTESIAN_POINT('',(28.,-6.858022075225E-15,3.));
#11713 = CIRCLE('',#11714,28.);
#11714 = AXIS2_PLACEMENT_3D('',#11715,#11716,#11717);
#11715 = CARTESIAN_POINT('',(0.,0.,3.));
#11716 = DIRECTION('',(0.,0.,1.));
#11717 = DIRECTION('',(1.,0.,-0.));
#11718 = FACE_BOUND('',#11719,.T.);
#11719 = EDGE_LOOP('',(#11720));
#11720 = ORIENTED_EDGE('',*,*,#11721,.F.);
#11721 = EDGE_CURVE('',#11722,#11722,#11724,.T.);
#11722 = VERTEX_POINT('',#11723);
#11723 = CARTESIAN_POINT('',(-14.05,26.413774815425,3.));
#11724 = CIRCLE('',#11725,1.2);
#11725 = AXIS2_PLACEMENT_3D('',#11726,#11727,#11728);
#11726 = CARTESIAN_POINT('',(-15.25,26.413774815425,3.));
#11727 = DIRECTION('',(0.,0.,1.));
#11728 = DIRECTION('',(1.,0.,-0.));
#11729 = FACE_BOUND('',#11730,.T.);
#11730 = EDGE_LOOP('',(#11731));
#11731 = ORIENTED_EDGE('',*,*,#11732,.F.);
#11732 = EDGE_CURVE('',#11733,#11733,#11735,.T.);
#11733 = VERTEX_POINT('',#11734);
#11734 = CARTESIAN_POINT('',(31.7,-2.939152317954E-16,3.));
#11735 = CIRCLE('',#11736,1.2);
#11736 = AXIS2_PLACEMENT_3D('',#11737,#11738,#11739);
#11737 = CARTESIAN_POINT('',(30.5,0.,3.));
#11738 = DIRECTION('',(0.,0.,1.));
#11739 = DIRECTION('',(1.,0.,-0.));
#11740 = PLANE('',#11741);
#11741 = AXIS2_PLACEMENT_3D('',#11742,#11743,#11744);
#11742 = CARTESIAN_POINT('',(0.,0.,3.));
#11743 = DIRECTION('',(0.,0.,1.));
#11744 = DIRECTION('',(1.,0.,-0.));
#11745 = ADVANCED_FACE('',(#11746,#11749,#11760,#11771,#11782),#11793,
  .F.);
#11746 = FACE_BOUND('',#11747,.F.);
#11747 = EDGE_LOOP('',(#11748));
#11748 = ORIENTED_EDGE('',*,*,#11680,.T.);
#11749 = FACE_BOUND('',#11750,.F.);
#11750 = EDGE_LOOP('',(#11751));
#11751 = ORIENTED_EDGE('',*,*,#11752,.F.);
#11752 = EDGE_CURVE('',#11753,#11753,#11755,.T.);
#11753 = VERTEX_POINT('',#11754);
#11754 = CARTESIAN_POINT('',(-14.05,-26.41377481542,0.));
#11755 = CIRCLE('',#11756,1.2);
#11756 = AXIS2_PLACEMENT_3D('',#11757,#11758,#11759);
#11757 = CARTESIAN_POINT('',(-15.25,-26.41377481542,0.));
#11758 = DIRECTION('',(0.,0.,1.));
#11759 = DIRECTION('',(1.,0.,-0.));
#11760 = FACE_BOUND('',#11761,.F.);
#11761 = EDGE_LOOP('',(#11762));
#11762 = ORIENTED_EDGE('',*,*,#11763,.F.);
#11763 = EDGE_CURVE('',#11764,#11764,#11766,.T.);
#11764 = VERTEX_POINT('',#11765);
#11765 = CARTESIAN_POINT('',(28.,-6.858022075225E-15,0.));
#11766 = CIRCLE('',#11767,28.);
#11767 = AXIS2_PLACEMENT_3D('',#11768,#11769,#11770);
#11768 = CARTESIAN_POINT('',(0.,0.,0.));
#11769 = DIRECTION('',(0.,0.,1.));
#11770 = DIRECTION('',(1.,0.,-0.));
#11771 = FACE_BOUND('',#11772,.F.);
#11772 = EDGE_LOOP('',(#11773));
#11773 = ORIENTED_EDGE('',*,*,#11774,.F.);
#11774 = EDGE_CURVE('',#11775,#11775,#11777,.T.);
#11775 = VERTEX_POINT('',#11776);
#11776 = CARTESIAN_POINT('',(-14.05,26.413774815425,0.));
#11777 = CIRCLE('',#11778,1.2);
#11778 = AXIS2_PLACEMENT_3D('',#11779,#11780,#11781);
#11779 = CARTESIAN_POINT('',(-15.25,26.413774815425,0.));
#11780 = DIRECTION('',(0.,0.,1.));
#11781 = DIRECTION('',(1.,0.,-0.));
#11782 = FACE_BOUND('',#11783,.F.);
#11783 = EDGE_LOOP('',(#11784));
#11784 = ORIENTED_EDGE('',*,*,#11785,.F.);
#11785 = EDGE_CURVE('',#11786,#11786,#11788,.T.);
#11786 = VERTEX_POINT('',#11787);
#11787 = CARTESIAN_POINT('',(31.7,-2.939152317954E-16,0.));
#11788 = CIRCLE('',#11789,1.2);
#11789 = AXIS2_PLACEMENT_3D('',#11790,#11791,#11792);
#11790 = CARTESIAN_POINT('',(30.5,0.,0.));
#11791 = DIRECTION('',(0.,0.,1.));
#11792 = DIRECTION('',(1.,0.,-0.));
#11793 = PLANE('',#11794);
#11794 = AXIS2_PLACEMENT_3D('',#11795,#11796,#11797);
#11795 = CARTESIAN_POINT('',(0.,0.,0.));
#11796 = DIRECTION('',(0.,0.,1.));
#11797 = DIRECTION('',(1.,0.,-0.));
#11798 = ADVANCED_FACE('',(#11799),#11810,.F.);
#11799 = FACE_BOUND('',#11800,.F.);
#11800 = EDGE_LOOP('',(#11801,#11802,#11808,#11809));
#11801 = ORIENTED_EDGE('',*,*,#11699,.F.);
#11802 = ORIENTED_EDGE('',*,*,#11803,.F.);
#11803 = EDGE_CURVE('',#11753,#11700,#11804,.T.);
#11804 = LINE('',#11805,#11806);
#11805 = CARTESIAN_POINT('',(-14.05,-26.41377481542,-6.8));
#11806 = VECTOR('',#11807,1.);
#11807 = DIRECTION('',(0.,0.,1.));
#11808 = ORIENTED_EDGE('',*,*,#11752,.T.);
#11809 = ORIENTED_EDGE('',*,*,#11803,.T.);
#11810 = CYLINDRICAL_SURFACE('',#11811,1.2);
#11811 = AXIS2_PLACEMENT_3D('',#11812,#11813,#11814);
#11812 = CARTESIAN_POINT('',(-15.25,-26.41377481542,-6.8));
#11813 = DIRECTION('',(0.,0.,1.));
#11814 = DIRECTION('',(1.,0.,-0.));
#11815 = ADVANCED_FACE('',(#11816),#11827,.F.);
#11816 = FACE_BOUND('',#11817,.F.);
#11817 = EDGE_LOOP('',(#11818,#11819,#11825,#11826));
#11818 = ORIENTED_EDGE('',*,*,#11710,.F.);
#11819 = ORIENTED_EDGE('',*,*,#11820,.F.);
#11820 = EDGE_CURVE('',#11764,#11711,#11821,.T.);
#11821 = LINE('',#11822,#11823);
#11822 = CARTESIAN_POINT('',(28.,-6.858022075225E-15,0.));
#11823 = VECTOR('',#11824,1.);
#11824 = DIRECTION('',(0.,0.,1.));
#11825 = ORIENTED_EDGE('',*,*,#11763,.T.);
#11826 = ORIENTED_EDGE('',*,*,#11820,.T.);
#11827 = CYLINDRICAL_SURFACE('',#11828,28.);
#11828 = AXIS2_PLACEMENT_3D('',#11829,#11830,#11831);
#11829 = CARTESIAN_POINT('',(0.,0.,0.));
#11830 = DIRECTION('',(0.,0.,1.));
#11831 = DIRECTION('',(1.,0.,-0.));
#11832 = ADVANCED_FACE('',(#11833),#11844,.F.);
#11833 = FACE_BOUND('',#11834,.F.);
#11834 = EDGE_LOOP('',(#11835,#11836,#11842,#11843));
#11835 = ORIENTED_EDGE('',*,*,#11721,.F.);
#11836 = ORIENTED_EDGE('',*,*,#11837,.F.);
#11837 = EDGE_CURVE('',#11775,#11722,#11838,.T.);
#11838 = LINE('',#11839,#11840);
#11839 = CARTESIAN_POINT('',(-14.05,26.413774815425,-6.8));
#11840 = VECTOR('',#11841,1.);
#11841 = DIRECTION('',(0.,0.,1.));
#11842 = ORIENTED_EDGE('',*,*,#11774,.T.);
#11843 = ORIENTED_EDGE('',*,*,#11837,.T.);
#11844 = CYLINDRICAL_SURFACE('',#11845,1.2);
#11845 = AXIS2_PLACEMENT_3D('',#11846,#11847,#11848);
#11846 = CARTESIAN_POINT('',(-15.25,26.413774815425,-6.8));
#11847 = DIRECTION('',(0.,0.,1.));
#11848 = DIRECTION('',(1.,0.,-0.));
#11849 = ADVANCED_FACE('',(#11850),#11861,.F.);
#11850 = FACE_BOUND('',#11851,.F.);
#11851 = EDGE_LOOP('',(#11852,#11853,#11859,#11860));
#11852 = ORIENTED_EDGE('',*,*,#11732,.F.);
#11853 = ORIENTED_EDGE('',*,*,#11854,.F.);
#11854 = EDGE_CURVE('',#11786,#11733,#11855,.T.);
#11855 = LINE('',#11856,#11857);
#11856 = CARTESIAN_POINT('',(31.7,-2.939152317954E-16,-6.8));
#11857 = VECTOR('',#11858,1.);
#11858 = DIRECTION('',(0.,0.,1.));
#11859 = ORIENTED_EDGE('',*,*,#11785,.T.);
#11860 = ORIENTED_EDGE('',*,*,#11854,.T.);
#11861 = CYLINDRICAL_SURFACE('',#11862,1.2);
#11862 = AXIS2_PLACEMENT_3D('',#11863,#11864,#11865);
#11863 = CARTESIAN_POINT('',(30.5,0.,-6.8));
#11864 = DIRECTION('',(0.,0.,1.));
#11865 = DIRECTION('',(1.,0.,-0.));
#11866 = MANIFOLD_SOLID_BREP('',#11867);
#11867 = CLOSED_SHELL('',(#11868,#12003,#12029,#12064,#12119,#12154,
    #12164,#12199,#12209,#12358,#12378,#12403,#12423,#12443,#12460,
    #12489,#12519,#12549,#12566,#12591,#12620,#12650,#12680,#12697,
    #12714,#12743,#12773,#12803,#12820,#12837,#12857,#12890,#12914,
    #12938,#12955,#12975,#13008,#13032,#13056,#13073,#13106,#13130,
    #13154,#13171,#13188,#13200,#13212));
#11868 = ADVANCED_FACE('',(#11869),#11998,.T.);
#11869 = FACE_BOUND('',#11870,.T.);
#11870 = EDGE_LOOP('',(#11871,#11881,#11888,#11889,#11898,#11906,#11915,
    #11923,#11932,#11940,#11949,#11957,#11966,#11974,#11983,#11991));
#11871 = ORIENTED_EDGE('',*,*,#11872,.T.);
#11872 = EDGE_CURVE('',#11873,#11875,#11877,.T.);
#11873 = VERTEX_POINT('',#11874);
#11874 = CARTESIAN_POINT('',(32.5,-7.960204194458E-15,-1.8));
#11875 = VERTEX_POINT('',#11876);
#11876 = CARTESIAN_POINT('',(32.5,-7.960204194458E-15,0.));
#11877 = LINE('',#11878,#11879);
#11878 = CARTESIAN_POINT('',(32.5,-7.960204194458E-15,-2.));
#11879 = VECTOR('',#11880,1.);
#11880 = DIRECTION('',(0.,0.,1.));
#11881 = ORIENTED_EDGE('',*,*,#11882,.F.);
#11882 = EDGE_CURVE('',#11875,#11875,#11883,.T.);
#11883 = CIRCLE('',#11884,32.5);
#11884 = AXIS2_PLACEMENT_3D('',#11885,#11886,#11887);
#11885 = CARTESIAN_POINT('',(0.,0.,0.));
#11886 = DIRECTION('',(0.,0.,1.));
#11887 = DIRECTION('',(1.,0.,-0.));
#11888 = ORIENTED_EDGE('',*,*,#11872,.F.);
#11889 = ORIENTED_EDGE('',*,*,#11890,.T.);
#11890 = EDGE_CURVE('',#11873,#11891,#11893,.T.);
#11891 = VERTEX_POINT('',#11892);
#11892 = CARTESIAN_POINT('',(32.454754098361,1.714332644192,-1.8));
#11893 = CIRCLE('',#11894,32.5);
#11894 = AXIS2_PLACEMENT_3D('',#11895,#11896,#11897);
#11895 = CARTESIAN_POINT('',(0.,0.,-1.8));
#11896 = DIRECTION('',(0.,0.,1.));
#11897 = DIRECTION('',(1.,0.,-0.));
#11898 = ORIENTED_EDGE('',*,*,#11899,.F.);
#11899 = EDGE_CURVE('',#11900,#11891,#11902,.T.);
#11900 = VERTEX_POINT('',#11901);
#11901 = CARTESIAN_POINT('',(32.454754098361,1.714332644192,-2.));
#11902 = LINE('',#11903,#11904);
#11903 = CARTESIAN_POINT('',(32.454754098361,1.714332644192,-2.));
#11904 = VECTOR('',#11905,1.);
#11905 = DIRECTION('',(0.,0.,1.));
#11906 = ORIENTED_EDGE('',*,*,#11907,.T.);
#11907 = EDGE_CURVE('',#11900,#11908,#11910,.T.);
#11908 = VERTEX_POINT('',#11909);
#11909 = CARTESIAN_POINT('',(-14.74272142877,28.963807844853,-2.));
#11910 = CIRCLE('',#11911,32.5);
#11911 = AXIS2_PLACEMENT_3D('',#11912,#11913,#11914);
#11912 = CARTESIAN_POINT('',(0.,0.,-2.));
#11913 = DIRECTION('',(0.,0.,1.));
#11914 = DIRECTION('',(1.,0.,-0.));
#11915 = ORIENTED_EDGE('',*,*,#11916,.T.);
#11916 = EDGE_CURVE('',#11908,#11917,#11919,.T.);
#11917 = VERTEX_POINT('',#11918);
#11918 = CARTESIAN_POINT('',(-14.74272142877,28.963807844853,-1.8));
#11919 = LINE('',#11920,#11921);
#11920 = CARTESIAN_POINT('',(-14.74272142877,28.963807844853,-2.));
#11921 = VECTOR('',#11922,1.);
#11922 = DIRECTION('',(0.,0.,1.));
#11923 = ORIENTED_EDGE('',*,*,#11924,.T.);
#11924 = EDGE_CURVE('',#11917,#11925,#11927,.T.);
#11925 = VERTEX_POINT('',#11926);
#11926 = CARTESIAN_POINT('',(-17.71203266958,27.249475200661,-1.8));
#11927 = CIRCLE('',#11928,32.5);
#11928 = AXIS2_PLACEMENT_3D('',#11929,#11930,#11931);
#11929 = CARTESIAN_POINT('',(0.,0.,-1.8));
#11930 = DIRECTION('',(0.,0.,1.));
#11931 = DIRECTION('',(1.,0.,-0.));
#11932 = ORIENTED_EDGE('',*,*,#11933,.F.);
#11933 = EDGE_CURVE('',#11934,#11925,#11936,.T.);
#11934 = VERTEX_POINT('',#11935);
#11935 = CARTESIAN_POINT('',(-17.71203266958,27.249475200661,-2.));
#11936 = LINE('',#11937,#11938);
#11937 = CARTESIAN_POINT('',(-17.71203266958,27.249475200661,-2.));
#11938 = VECTOR('',#11939,1.);
#11939 = DIRECTION('',(0.,0.,1.));
#11940 = ORIENTED_EDGE('',*,*,#11941,.T.);
#11941 = EDGE_CURVE('',#11934,#11942,#11944,.T.);
#11942 = VERTEX_POINT('',#11943);
#11943 = CARTESIAN_POINT('',(-17.71203266958,-27.24947520066,-2.));
#11944 = CIRCLE('',#11945,32.5);
#11945 = AXIS2_PLACEMENT_3D('',#11946,#11947,#11948);
#11946 = CARTESIAN_POINT('',(0.,0.,-2.));
#11947 = DIRECTION('',(0.,0.,1.));
#11948 = DIRECTION('',(1.,0.,-0.));
#11949 = ORIENTED_EDGE('',*,*,#11950,.T.);
#11950 = EDGE_CURVE('',#11942,#11951,#11953,.T.);
#11951 = VERTEX_POINT('',#11952);
#11952 = CARTESIAN_POINT('',(-17.71203266958,-27.24947520066,-1.8));
#11953 = LINE('',#11954,#11955);
#11954 = CARTESIAN_POINT('',(-17.71203266958,-27.24947520066,-2.));
#11955 = VECTOR('',#11956,1.);
#11956 = DIRECTION('',(0.,0.,1.));
#11957 = ORIENTED_EDGE('',*,*,#11958,.T.);
#11958 = EDGE_CURVE('',#11951,#11959,#11961,.T.);
#11959 = VERTEX_POINT('',#11960);
#11960 = CARTESIAN_POINT('',(-14.74272142877,-28.96380784485,-1.8));
#11961 = CIRCLE('',#11962,32.5);
#11962 = AXIS2_PLACEMENT_3D('',#11963,#11964,#11965);
#11963 = CARTESIAN_POINT('',(0.,0.,-1.8));
#11964 = DIRECTION('',(0.,0.,1.));
#11965 = DIRECTION('',(1.,0.,-0.));
#11966 = ORIENTED_EDGE('',*,*,#11967,.F.);
#11967 = EDGE_CURVE('',#11968,#11959,#11970,.T.);
#11968 = VERTEX_POINT('',#11969);
#11969 = CARTESIAN_POINT('',(-14.74272142877,-28.96380784485,-2.));
#11970 = LINE('',#11971,#11972);
#11971 = CARTESIAN_POINT('',(-14.74272142877,-28.96380784485,-2.));
#11972 = VECTOR('',#11973,1.);
#11973 = DIRECTION('',(0.,0.,1.));
#11974 = ORIENTED_EDGE('',*,*,#11975,.T.);
#11975 = EDGE_CURVE('',#11968,#11976,#11978,.T.);
#11976 = VERTEX_POINT('',#11977);
#11977 = CARTESIAN_POINT('',(32.454754098361,-1.714332644192,-2.));
#11978 = CIRCLE('',#11979,32.5);
#11979 = AXIS2_PLACEMENT_3D('',#11980,#11981,#11982);
#11980 = CARTESIAN_POINT('',(0.,0.,-2.));
#11981 = DIRECTION('',(0.,0.,1.));
#11982 = DIRECTION('',(1.,0.,-0.));
#11983 = ORIENTED_EDGE('',*,*,#11984,.T.);
#11984 = EDGE_CURVE('',#11976,#11985,#11987,.T.);
#11985 = VERTEX_POINT('',#11986);
#11986 = CARTESIAN_POINT('',(32.454754098361,-1.714332644192,-1.8));
#11987 = LINE('',#11988,#11989);
#11988 = CARTESIAN_POINT('',(32.454754098361,-1.714332644192,-2.));
#11989 = VECTOR('',#11990,1.);
#11990 = DIRECTION('',(0.,0.,1.));
#11991 = ORIENTED_EDGE('',*,*,#11992,.T.);
#11992 = EDGE_CURVE('',#11985,#11873,#11993,.T.);
#11993 = CIRCLE('',#11994,32.5);
#11994 = AXIS2_PLACEMENT_3D('',#11995,#11996,#11997);
#11995 = CARTESIAN_POINT('',(0.,0.,-1.8));
#11996 = DIRECTION('',(0.,0.,1.));
#11997 = DIRECTION('',(1.,0.,-0.));
#11998 = CYLINDRICAL_SURFACE('',#11999,32.5);
#11999 = AXIS2_PLACEMENT_3D('',#12000,#12001,#12002);
#12000 = CARTESIAN_POINT('',(0.,0.,-2.));
#12001 = DIRECTION('',(0.,0.,1.));
#12002 = DIRECTION('',(1.,0.,-0.));
#12003 = ADVANCED_FACE('',(#12004),#12024,.T.);
#12004 = FACE_BOUND('',#12005,.T.);
#12005 = EDGE_LOOP('',(#12006,#12015,#12022,#12023));
#12006 = ORIENTED_EDGE('',*,*,#12007,.T.);
#12007 = EDGE_CURVE('',#11985,#12008,#12010,.T.);
#12008 = VERTEX_POINT('',#12009);
#12009 = CARTESIAN_POINT('',(33.1,-6.368163355566E-16,-1.8));
#12010 = CIRCLE('',#12011,2.6);
#12011 = AXIS2_PLACEMENT_3D('',#12012,#12013,#12014);
#12012 = CARTESIAN_POINT('',(30.5,0.,-1.8));
#12013 = DIRECTION('',(0.,0.,1.));
#12014 = DIRECTION('',(1.,0.,-0.));
#12015 = ORIENTED_EDGE('',*,*,#12016,.T.);
#12016 = EDGE_CURVE('',#12008,#11891,#12017,.T.);
#12017 = CIRCLE('',#12018,2.6);
#12018 = AXIS2_PLACEMENT_3D('',#12019,#12020,#12021);
#12019 = CARTESIAN_POINT('',(30.5,0.,-1.8));
#12020 = DIRECTION('',(0.,0.,1.));
#12021 = DIRECTION('',(1.,0.,-0.));
#12022 = ORIENTED_EDGE('',*,*,#11890,.F.);
#12023 = ORIENTED_EDGE('',*,*,#11992,.F.);
#12024 = PLANE('',#12025);
#12025 = AXIS2_PLACEMENT_3D('',#12026,#12027,#12028);
#12026 = CARTESIAN_POINT('',(30.5,0.,-1.8));
#12027 = DIRECTION('',(0.,0.,1.));
#12028 = DIRECTION('',(1.,0.,-0.));
#12029 = ADVANCED_FACE('',(#12030),#12059,.T.);
#12030 = FACE_BOUND('',#12031,.T.);
#12031 = EDGE_LOOP('',(#12032,#12040,#12041,#12042,#12049,#12050,#12051,
    #12052));
#12032 = ORIENTED_EDGE('',*,*,#12033,.T.);
#12033 = EDGE_CURVE('',#12034,#12008,#12036,.T.);
#12034 = VERTEX_POINT('',#12035);
#12035 = CARTESIAN_POINT('',(33.1,-6.368163355566E-16,-4.));
#12036 = LINE('',#12037,#12038);
#12037 = CARTESIAN_POINT('',(33.1,-6.368163355566E-16,-4.));
#12038 = VECTOR('',#12039,1.);
#12039 = DIRECTION('',(0.,0.,1.));
#12040 = ORIENTED_EDGE('',*,*,#12007,.F.);
#12041 = ORIENTED_EDGE('',*,*,#11984,.F.);
#12042 = ORIENTED_EDGE('',*,*,#12043,.F.);
#12043 = EDGE_CURVE('',#11900,#11976,#12044,.T.);
#12044 = CIRCLE('',#12045,2.6);
#12045 = AXIS2_PLACEMENT_3D('',#12046,#12047,#12048);
#12046 = CARTESIAN_POINT('',(30.5,0.,-2.));
#12047 = DIRECTION('',(0.,0.,1.));
#12048 = DIRECTION('',(1.,0.,-0.));
#12049 = ORIENTED_EDGE('',*,*,#11899,.T.);
#12050 = ORIENTED_EDGE('',*,*,#12016,.F.);
#12051 = ORIENTED_EDGE('',*,*,#12033,.F.);
#12052 = ORIENTED_EDGE('',*,*,#12053,.T.);
#12053 = EDGE_CURVE('',#12034,#12034,#12054,.T.);
#12054 = CIRCLE('',#12055,2.6);
#12055 = AXIS2_PLACEMENT_3D('',#12056,#12057,#12058);
#12056 = CARTESIAN_POINT('',(30.5,0.,-4.));
#12057 = DIRECTION('',(0.,0.,1.));
#12058 = DIRECTION('',(1.,0.,-0.));
#12059 = CYLINDRICAL_SURFACE('',#12060,2.6);
#12060 = AXIS2_PLACEMENT_3D('',#12061,#12062,#12063);
#12061 = CARTESIAN_POINT('',(30.5,0.,-4.));
#12062 = DIRECTION('',(0.,0.,1.));
#12063 = DIRECTION('',(1.,0.,-0.));
#12064 = ADVANCED_FACE('',(#12065,#12103),#12114,.F.);
#12065 = FACE_BOUND('',#12066,.F.);
#12066 = EDGE_LOOP('',(#12067,#12068,#12069,#12078,#12085,#12086,#12095,
    #12102));
#12067 = ORIENTED_EDGE('',*,*,#12043,.F.);
#12068 = ORIENTED_EDGE('',*,*,#11907,.T.);
#12069 = ORIENTED_EDGE('',*,*,#12070,.F.);
#12070 = EDGE_CURVE('',#12071,#11908,#12073,.T.);
#12071 = VERTEX_POINT('',#12072);
#12072 = CARTESIAN_POINT('',(-12.65,26.413774815425,-2.));
#12073 = CIRCLE('',#12074,2.6);
#12074 = AXIS2_PLACEMENT_3D('',#12075,#12076,#12077);
#12075 = CARTESIAN_POINT('',(-15.25,26.413774815425,-2.));
#12076 = DIRECTION('',(0.,0.,1.));
#12077 = DIRECTION('',(1.,0.,-0.));
#12078 = ORIENTED_EDGE('',*,*,#12079,.F.);
#12079 = EDGE_CURVE('',#11934,#12071,#12080,.T.);
#12080 = CIRCLE('',#12081,2.6);
#12081 = AXIS2_PLACEMENT_3D('',#12082,#12083,#12084);
#12082 = CARTESIAN_POINT('',(-15.25,26.413774815425,-2.));
#12083 = DIRECTION('',(0.,0.,1.));
#12084 = DIRECTION('',(1.,0.,-0.));
#12085 = ORIENTED_EDGE('',*,*,#11941,.T.);
#12086 = ORIENTED_EDGE('',*,*,#12087,.F.);
#12087 = EDGE_CURVE('',#12088,#11942,#12090,.T.);
#12088 = VERTEX_POINT('',#12089);
#12089 = CARTESIAN_POINT('',(-12.65,-26.41377481542,-2.));
#12090 = CIRCLE('',#12091,2.6);
#12091 = AXIS2_PLACEMENT_3D('',#12092,#12093,#12094);
#12092 = CARTESIAN_POINT('',(-15.25,-26.41377481542,-2.));
#12093 = DIRECTION('',(0.,0.,1.));
#12094 = DIRECTION('',(1.,0.,-0.));
#12095 = ORIENTED_EDGE('',*,*,#12096,.F.);
#12096 = EDGE_CURVE('',#11968,#12088,#12097,.T.);
#12097 = CIRCLE('',#12098,2.6);
#12098 = AXIS2_PLACEMENT_3D('',#12099,#12100,#12101);
#12099 = CARTESIAN_POINT('',(-15.25,-26.41377481542,-2.));
#12100 = DIRECTION('',(0.,0.,1.));
#12101 = DIRECTION('',(1.,0.,-0.));
#12102 = ORIENTED_EDGE('',*,*,#11975,.T.);
#12103 = FACE_BOUND('',#12104,.F.);
#12104 = EDGE_LOOP('',(#12105));
#12105 = ORIENTED_EDGE('',*,*,#12106,.F.);
#12106 = EDGE_CURVE('',#12107,#12107,#12109,.T.);
#12107 = VERTEX_POINT('',#12108);
#12108 = CARTESIAN_POINT('',(19.,-4.65365783676E-15,-2.));
#12109 = CIRCLE('',#12110,19.);
#12110 = AXIS2_PLACEMENT_3D('',#12111,#12112,#12113);
#12111 = CARTESIAN_POINT('',(0.,0.,-2.));
#12112 = DIRECTION('',(0.,0.,1.));
#12113 = DIRECTION('',(1.,0.,-0.));
#12114 = PLANE('',#12115);
#12115 = AXIS2_PLACEMENT_3D('',#12116,#12117,#12118);
#12116 = CARTESIAN_POINT('',(0.,0.,-2.));
#12117 = DIRECTION('',(0.,0.,1.));
#12118 = DIRECTION('',(1.,0.,-0.));
#12119 = ADVANCED_FACE('',(#12120),#12149,.T.);
#12120 = FACE_BOUND('',#12121,.T.);
#12121 = EDGE_LOOP('',(#12122,#12129,#12130,#12131,#12139,#12146,#12147,
    #12148));
#12122 = ORIENTED_EDGE('',*,*,#12123,.F.);
#12123 = EDGE_CURVE('',#11951,#11959,#12124,.T.);
#12124 = CIRCLE('',#12125,2.6);
#12125 = AXIS2_PLACEMENT_3D('',#12126,#12127,#12128);
#12126 = CARTESIAN_POINT('',(-15.25,-26.41377481542,-1.8));
#12127 = DIRECTION('',(0.,0.,1.));
#12128 = DIRECTION('',(1.,0.,-0.));
#12129 = ORIENTED_EDGE('',*,*,#11950,.F.);
#12130 = ORIENTED_EDGE('',*,*,#12087,.F.);
#12131 = ORIENTED_EDGE('',*,*,#12132,.F.);
#12132 = EDGE_CURVE('',#12133,#12088,#12135,.T.);
#12133 = VERTEX_POINT('',#12134);
#12134 = CARTESIAN_POINT('',(-12.65,-26.41377481542,-4.));
#12135 = LINE('',#12136,#12137);
#12136 = CARTESIAN_POINT('',(-12.65,-26.41377481542,-4.));
#12137 = VECTOR('',#12138,1.);
#12138 = DIRECTION('',(0.,0.,1.));
#12139 = ORIENTED_EDGE('',*,*,#12140,.T.);
#12140 = EDGE_CURVE('',#12133,#12133,#12141,.T.);
#12141 = CIRCLE('',#12142,2.6);
#12142 = AXIS2_PLACEMENT_3D('',#12143,#12144,#12145);
#12143 = CARTESIAN_POINT('',(-15.25,-26.41377481542,-4.));
#12144 = DIRECTION('',(0.,0.,1.));
#12145 = DIRECTION('',(1.,0.,-0.));
#12146 = ORIENTED_EDGE('',*,*,#12132,.T.);
#12147 = ORIENTED_EDGE('',*,*,#12096,.F.);
#12148 = ORIENTED_EDGE('',*,*,#11967,.T.);
#12149 = CYLINDRICAL_SURFACE('',#12150,2.6);
#12150 = AXIS2_PLACEMENT_3D('',#12151,#12152,#12153);
#12151 = CARTESIAN_POINT('',(-15.25,-26.41377481542,-4.));
#12152 = DIRECTION('',(0.,0.,1.));
#12153 = DIRECTION('',(1.,0.,-0.));
#12154 = ADVANCED_FACE('',(#12155),#12159,.T.);
#12155 = FACE_BOUND('',#12156,.T.);
#12156 = EDGE_LOOP('',(#12157,#12158));
#12157 = ORIENTED_EDGE('',*,*,#11958,.F.);
#12158 = ORIENTED_EDGE('',*,*,#12123,.T.);
#12159 = PLANE('',#12160);
#12160 = AXIS2_PLACEMENT_3D('',#12161,#12162,#12163);
#12161 = CARTESIAN_POINT('',(-15.25,-26.41377481542,-1.8));
#12162 = DIRECTION('',(0.,0.,1.));
#12163 = DIRECTION('',(1.,0.,-0.));
#12164 = ADVANCED_FACE('',(#12165),#12194,.T.);
#12165 = FACE_BOUND('',#12166,.T.);
#12166 = EDGE_LOOP('',(#12167,#12174,#12175,#12176,#12184,#12191,#12192,
    #12193));
#12167 = ORIENTED_EDGE('',*,*,#12168,.F.);
#12168 = EDGE_CURVE('',#11917,#11925,#12169,.T.);
#12169 = CIRCLE('',#12170,2.6);
#12170 = AXIS2_PLACEMENT_3D('',#12171,#12172,#12173);
#12171 = CARTESIAN_POINT('',(-15.25,26.413774815425,-1.8));
#12172 = DIRECTION('',(0.,0.,1.));
#12173 = DIRECTION('',(1.,0.,-0.));
#12174 = ORIENTED_EDGE('',*,*,#11916,.F.);
#12175 = ORIENTED_EDGE('',*,*,#12070,.F.);
#12176 = ORIENTED_EDGE('',*,*,#12177,.F.);
#12177 = EDGE_CURVE('',#12178,#12071,#12180,.T.);
#12178 = VERTEX_POINT('',#12179);
#12179 = CARTESIAN_POINT('',(-12.65,26.413774815425,-4.));
#12180 = LINE('',#12181,#12182);
#12181 = CARTESIAN_POINT('',(-12.65,26.413774815425,-4.));
#12182 = VECTOR('',#12183,1.);
#12183 = DIRECTION('',(0.,0.,1.));
#12184 = ORIENTED_EDGE('',*,*,#12185,.T.);
#12185 = EDGE_CURVE('',#12178,#12178,#12186,.T.);
#12186 = CIRCLE('',#12187,2.6);
#12187 = AXIS2_PLACEMENT_3D('',#12188,#12189,#12190);
#12188 = CARTESIAN_POINT('',(-15.25,26.413774815425,-4.));
#12189 = DIRECTION('',(0.,0.,1.));
#12190 = DIRECTION('',(1.,0.,-0.));
#12191 = ORIENTED_EDGE('',*,*,#12177,.T.);
#12192 = ORIENTED_EDGE('',*,*,#12079,.F.);
#12193 = ORIENTED_EDGE('',*,*,#11933,.T.);
#12194 = CYLINDRICAL_SURFACE('',#12195,2.6);
#12195 = AXIS2_PLACEMENT_3D('',#12196,#12197,#12198);
#12196 = CARTESIAN_POINT('',(-15.25,26.413774815425,-4.));
#12197 = DIRECTION('',(0.,0.,1.));
#12198 = DIRECTION('',(1.,0.,-0.));
#12199 = ADVANCED_FACE('',(#12200),#12204,.T.);
#12200 = FACE_BOUND('',#12201,.T.);
#12201 = EDGE_LOOP('',(#12202,#12203));
#12202 = ORIENTED_EDGE('',*,*,#11924,.F.);
#12203 = ORIENTED_EDGE('',*,*,#12168,.T.);
#12204 = PLANE('',#12205);
#12205 = AXIS2_PLACEMENT_3D('',#12206,#12207,#12208);
#12206 = CARTESIAN_POINT('',(-15.25,26.413774815425,-1.8));
#12207 = DIRECTION('',(0.,0.,1.));
#12208 = DIRECTION('',(1.,0.,-0.));
#12209 = ADVANCED_FACE('',(#12210,#12213,#12224,#12256,#12267,#12299,
    #12310,#12342),#12353,.T.);
#12210 = FACE_BOUND('',#12211,.T.);
#12211 = EDGE_LOOP('',(#12212));
#12212 = ORIENTED_EDGE('',*,*,#11882,.T.);
#12213 = FACE_BOUND('',#12214,.T.);
#12214 = EDGE_LOOP('',(#12215));
#12215 = ORIENTED_EDGE('',*,*,#12216,.F.);
#12216 = EDGE_CURVE('',#12217,#12217,#12219,.T.);
#12217 = VERTEX_POINT('',#12218);
#12218 = CARTESIAN_POINT('',(-14.05,-26.41377481542,0.));
#12219 = CIRCLE('',#12220,1.2);
#12220 = AXIS2_PLACEMENT_3D('',#12221,#12222,#12223);
#12221 = CARTESIAN_POINT('',(-15.25,-26.41377481542,0.));
#12222 = DIRECTION('',(0.,0.,1.));
#12223 = DIRECTION('',(1.,0.,-0.));
#12224 = FACE_BOUND('',#12225,.T.);
#12225 = EDGE_LOOP('',(#12226,#12236,#12243,#12251));
#12226 = ORIENTED_EDGE('',*,*,#12227,.F.);
#12227 = EDGE_CURVE('',#12228,#12230,#12232,.T.);
#12228 = VERTEX_POINT('',#12229);
#12229 = CARTESIAN_POINT('',(-13.86916541809,-21.52209916272,
    1.665334536938E-16));
#12230 = VERTEX_POINT('',#12231);
#12231 = CARTESIAN_POINT('',(-11.70410190863,-22.77209916272,
    1.665334536938E-16));
#12232 = LINE('',#12233,#12234);
#12233 = CARTESIAN_POINT('',(-13.32789954073,-21.83459916272,
    -3.552713678801E-15));
#12234 = VECTOR('',#12235,1.);
#12235 = DIRECTION('',(0.866025403784,-0.5,0.));
#12236 = ORIENTED_EDGE('',*,*,#12237,.T.);
#12237 = EDGE_CURVE('',#12228,#12238,#12240,.T.);
#12238 = VERTEX_POINT('',#12239);
#12239 = CARTESIAN_POINT('',(-13.26916541809,-20.48286867818,
    1.665334536938E-16));
#12240 = B_SPLINE_CURVE_WITH_KNOTS('',1,(#12241,#12242),.UNSPECIFIED.,
  .F.,.F.,(2,2),(0.,1.),.PIECEWISE_BEZIER_KNOTS.);
#12241 = CARTESIAN_POINT('',(-13.86916541809,-21.52209916272,0.));
#12242 = CARTESIAN_POINT('',(-13.26916541809,-20.48286867818,0.));
#12243 = ORIENTED_EDGE('',*,*,#12244,.F.);
#12244 = EDGE_CURVE('',#12245,#12238,#12247,.T.);
#12245 = VERTEX_POINT('',#12246);
#12246 = CARTESIAN_POINT('',(-11.10410190863,-21.73286867818,
    1.665334536938E-16));
#12247 = LINE('',#12248,#12249);
#12248 = CARTESIAN_POINT('',(-11.645367786,-21.42036867818,
    -3.552713678801E-15));
#12249 = VECTOR('',#12250,1.);
#12250 = DIRECTION('',(-0.866025403784,0.5,0.));
#12251 = ORIENTED_EDGE('',*,*,#12252,.T.);
#12252 = EDGE_CURVE('',#12245,#12230,#12253,.T.);
#12253 = B_SPLINE_CURVE_WITH_KNOTS('',1,(#12254,#12255),.UNSPECIFIED.,
  .F.,.F.,(2,2),(0.,1.),.PIECEWISE_BEZIER_KNOTS.);
#12254 = CARTESIAN_POINT('',(-11.10410190863,-21.73286867818,0.));
#12255 = CARTESIAN_POINT('',(-11.70410190863,-22.77209916272,0.));
#12256 = FACE_BOUND('',#12257,.T.);
#12257 = EDGE_LOOP('',(#12258));
#12258 = ORIENTED_EDGE('',*,*,#12259,.F.);
#12259 = EDGE_CURVE('',#12260,#12260,#12262,.T.);
#12260 = VERTEX_POINT('',#12261);
#12261 = CARTESIAN_POINT('',(22.25,-5.449678256206E-15,0.));
#12262 = CIRCLE('',#12263,22.25);
#12263 = AXIS2_PLACEMENT_3D('',#12264,#12265,#12266);
#12264 = CARTESIAN_POINT('',(0.,0.,0.));
#12265 = DIRECTION('',(0.,0.,1.));
#12266 = DIRECTION('',(1.,0.,-0.));
#12267 = FACE_BOUND('',#12268,.T.);
#12268 = EDGE_LOOP('',(#12269,#12279,#12286,#12294));
#12269 = ORIENTED_EDGE('',*,*,#12270,.F.);
#12270 = EDGE_CURVE('',#12271,#12273,#12275,.T.);
#12271 = VERTEX_POINT('',#12272);
#12272 = CARTESIAN_POINT('',(25.573267326733,-1.25,1.665334536938E-16));
#12273 = VERTEX_POINT('',#12274);
#12274 = CARTESIAN_POINT('',(25.573267326733,1.25,1.665334536938E-16));
#12275 = LINE('',#12276,#12277);
#12276 = CARTESIAN_POINT('',(25.573267326733,-0.625,-1.7763568394E-15));
#12277 = VECTOR('',#12278,1.);
#12278 = DIRECTION('',(0.,1.,0.));
#12279 = ORIENTED_EDGE('',*,*,#12280,.T.);
#12280 = EDGE_CURVE('',#12271,#12281,#12283,.T.);
#12281 = VERTEX_POINT('',#12282);
#12282 = CARTESIAN_POINT('',(24.373267326733,-1.25,1.665334536938E-16));
#12283 = B_SPLINE_CURVE_WITH_KNOTS('',1,(#12284,#12285),.UNSPECIFIED.,
  .F.,.F.,(2,2),(0.,1.),.PIECEWISE_BEZIER_KNOTS.);
#12284 = CARTESIAN_POINT('',(25.573267326733,-1.25,0.));
#12285 = CARTESIAN_POINT('',(24.373267326733,-1.25,0.));
#12286 = ORIENTED_EDGE('',*,*,#12287,.F.);
#12287 = EDGE_CURVE('',#12288,#12281,#12290,.T.);
#12288 = VERTEX_POINT('',#12289);
#12289 = CARTESIAN_POINT('',(24.373267326733,1.25,1.665334536938E-16));
#12290 = LINE('',#12291,#12292);
#12291 = CARTESIAN_POINT('',(24.373267326733,0.625,-1.7763568394E-15));
#12292 = VECTOR('',#12293,1.);
#12293 = DIRECTION('',(0.,-1.,0.));
#12294 = ORIENTED_EDGE('',*,*,#12295,.T.);
#12295 = EDGE_CURVE('',#12288,#12273,#12296,.T.);
#12296 = B_SPLINE_CURVE_WITH_KNOTS('',1,(#12297,#12298),.UNSPECIFIED.,
  .F.,.F.,(2,2),(0.,1.),.PIECEWISE_BEZIER_KNOTS.);
#12297 = CARTESIAN_POINT('',(24.373267326733,1.25,0.));
#12298 = CARTESIAN_POINT('',(25.573267326733,1.25,0.));
#12299 = FACE_BOUND('',#12300,.T.);
#12300 = EDGE_LOOP('',(#12301));
#12301 = ORIENTED_EDGE('',*,*,#12302,.F.);
#12302 = EDGE_CURVE('',#12303,#12303,#12305,.T.);
#12303 = VERTEX_POINT('',#12304);
#12304 = CARTESIAN_POINT('',(31.7,-2.939152317954E-16,0.));
#12305 = CIRCLE('',#12306,1.2);
#12306 = AXIS2_PLACEMENT_3D('',#12307,#12308,#12309);
#12307 = CARTESIAN_POINT('',(30.5,0.,0.));
#12308 = DIRECTION('',(0.,0.,1.));
#12309 = DIRECTION('',(1.,0.,-0.));
#12310 = FACE_BOUND('',#12311,.T.);
#12311 = EDGE_LOOP('',(#12312,#12322,#12329,#12337));
#12312 = ORIENTED_EDGE('',*,*,#12313,.F.);
#12313 = EDGE_CURVE('',#12314,#12316,#12318,.T.);
#12314 = VERTEX_POINT('',#12315);
#12315 = CARTESIAN_POINT('',(-11.70410190863,22.772099162721,
    1.665334536938E-16));
#12316 = VERTEX_POINT('',#12317);
#12317 = CARTESIAN_POINT('',(-13.86916541809,21.522099162721,
    1.665334536938E-16));
#12318 = LINE('',#12319,#12320);
#12319 = CARTESIAN_POINT('',(-12.245367786,22.459599162721,0.));
#12320 = VECTOR('',#12321,1.);
#12321 = DIRECTION('',(-0.866025403784,-0.5,0.));
#12322 = ORIENTED_EDGE('',*,*,#12323,.T.);
#12323 = EDGE_CURVE('',#12314,#12324,#12326,.T.);
#12324 = VERTEX_POINT('',#12325);
#12325 = CARTESIAN_POINT('',(-11.10410190863,21.73286867818,
    1.665334536938E-16));
#12326 = B_SPLINE_CURVE_WITH_KNOTS('',1,(#12327,#12328),.UNSPECIFIED.,
  .F.,.F.,(2,2),(0.,1.),.PIECEWISE_BEZIER_KNOTS.);
#12327 = CARTESIAN_POINT('',(-11.70410190863,22.772099162721,0.));
#12328 = CARTESIAN_POINT('',(-11.10410190863,21.73286867818,0.));
#12329 = ORIENTED_EDGE('',*,*,#12330,.F.);
#12330 = EDGE_CURVE('',#12331,#12324,#12333,.T.);
#12331 = VERTEX_POINT('',#12332);
#12332 = CARTESIAN_POINT('',(-13.26916541809,20.48286867818,
    1.665334536938E-16));
#12333 = LINE('',#12334,#12335);
#12334 = CARTESIAN_POINT('',(-12.72789954073,20.79536867818,0.));
#12335 = VECTOR('',#12336,1.);
#12336 = DIRECTION('',(0.866025403784,0.5,-0.));
#12337 = ORIENTED_EDGE('',*,*,#12338,.T.);
#12338 = EDGE_CURVE('',#12331,#12316,#12339,.T.);
#12339 = B_SPLINE_CURVE_WITH_KNOTS('',1,(#12340,#12341),.UNSPECIFIED.,
  .F.,.F.,(2,2),(0.,1.),.PIECEWISE_BEZIER_KNOTS.);
#12340 = CARTESIAN_POINT('',(-13.26916541809,20.48286867818,0.));
#12341 = CARTESIAN_POINT('',(-13.86916541809,21.522099162721,0.));
#12342 = FACE_BOUND('',#12343,.T.);
#12343 = EDGE_LOOP('',(#12344));
#12344 = ORIENTED_EDGE('',*,*,#12345,.F.);
#12345 = EDGE_CURVE('',#12346,#12346,#12348,.T.);
#12346 = VERTEX_POINT('',#12347);
#12347 = CARTESIAN_POINT('',(-14.05,26.413774815425,0.));
#12348 = CIRCLE('',#12349,1.2);
#12349 = AXIS2_PLACEMENT_3D('',#12350,#12351,#12352);
#12350 = CARTESIAN_POINT('',(-15.25,26.413774815425,0.));
#12351 = DIRECTION('',(0.,0.,1.));
#12352 = DIRECTION('',(1.,0.,-0.));
#12353 = PLANE('',#12354);
#12354 = AXIS2_PLACEMENT_3D('',#12355,#12356,#12357);
#12355 = CARTESIAN_POINT('',(0.,0.,0.));
#12356 = DIRECTION('',(0.,0.,1.));
#12357 = DIRECTION('',(1.,0.,-0.));
#12358 = ADVANCED_FACE('',(#12359,#12362),#12373,.F.);
#12359 = FACE_BOUND('',#12360,.F.);
#12360 = EDGE_LOOP('',(#12361));
#12361 = ORIENTED_EDGE('',*,*,#12053,.T.);
#12362 = FACE_BOUND('',#12363,.F.);
#12363 = EDGE_LOOP('',(#12364));
#12364 = ORIENTED_EDGE('',*,*,#12365,.F.);
#12365 = EDGE_CURVE('',#12366,#12366,#12368,.T.);
#12366 = VERTEX_POINT('',#12367);
#12367 = CARTESIAN_POINT('',(31.7,-2.939152317954E-16,-4.));
#12368 = CIRCLE('',#12369,1.2);
#12369 = AXIS2_PLACEMENT_3D('',#12370,#12371,#12372);
#12370 = CARTESIAN_POINT('',(30.5,0.,-4.));
#12371 = DIRECTION('',(0.,0.,1.));
#12372 = DIRECTION('',(1.,0.,-0.));
#12373 = PLANE('',#12374);
#12374 = AXIS2_PLACEMENT_3D('',#12375,#12376,#12377);
#12375 = CARTESIAN_POINT('',(30.5,0.,-4.));
#12376 = DIRECTION('',(0.,0.,1.));
#12377 = DIRECTION('',(1.,0.,-0.));
#12378 = ADVANCED_FACE('',(#12379),#12398,.F.);
#12379 = FACE_BOUND('',#12380,.F.);
#12380 = EDGE_LOOP('',(#12381,#12390,#12396,#12397));
#12381 = ORIENTED_EDGE('',*,*,#12382,.F.);
#12382 = EDGE_CURVE('',#12383,#12383,#12385,.T.);
#12383 = VERTEX_POINT('',#12384);
#12384 = CARTESIAN_POINT('',(19.,-4.65365783676E-15,0.));
#12385 = CIRCLE('',#12386,19.);
#12386 = AXIS2_PLACEMENT_3D('',#12387,#12388,#12389);
#12387 = CARTESIAN_POINT('',(0.,0.,0.));
#12388 = DIRECTION('',(0.,0.,1.));
#12389 = DIRECTION('',(1.,0.,-0.));
#12390 = ORIENTED_EDGE('',*,*,#12391,.F.);
#12391 = EDGE_CURVE('',#12107,#12383,#12392,.T.);
#12392 = LINE('',#12393,#12394);
#12393 = CARTESIAN_POINT('',(19.,-4.65365783676E-15,-2.));
#12394 = VECTOR('',#12395,1.);
#12395 = DIRECTION('',(0.,0.,1.));
#12396 = ORIENTED_EDGE('',*,*,#12106,.T.);
#12397 = ORIENTED_EDGE('',*,*,#12391,.T.);
#12398 = CYLINDRICAL_SURFACE('',#12399,19.);
#12399 = AXIS2_PLACEMENT_3D('',#12400,#12401,#12402);
#12400 = CARTESIAN_POINT('',(0.,0.,-2.));
#12401 = DIRECTION('',(0.,0.,1.));
#12402 = DIRECTION('',(1.,0.,-0.));
#12403 = ADVANCED_FACE('',(#12404,#12407),#12418,.F.);
#12404 = FACE_BOUND('',#12405,.F.);
#12405 = EDGE_LOOP('',(#12406));
#12406 = ORIENTED_EDGE('',*,*,#12140,.T.);
#12407 = FACE_BOUND('',#12408,.F.);
#12408 = EDGE_LOOP('',(#12409));
#12409 = ORIENTED_EDGE('',*,*,#12410,.F.);
#12410 = EDGE_CURVE('',#12411,#12411,#12413,.T.);
#12411 = VERTEX_POINT('',#12412);
#12412 = CARTESIAN_POINT('',(-14.05,-26.41377481542,-4.));
#12413 = CIRCLE('',#12414,1.2);
#12414 = AXIS2_PLACEMENT_3D('',#12415,#12416,#12417);
#12415 = CARTESIAN_POINT('',(-15.25,-26.41377481542,-4.));
#12416 = DIRECTION('',(0.,0.,1.));
#12417 = DIRECTION('',(1.,0.,-0.));
#12418 = PLANE('',#12419);
#12419 = AXIS2_PLACEMENT_3D('',#12420,#12421,#12422);
#12420 = CARTESIAN_POINT('',(-15.25,-26.41377481542,-4.));
#12421 = DIRECTION('',(0.,0.,1.));
#12422 = DIRECTION('',(1.,0.,-0.));
#12423 = ADVANCED_FACE('',(#12424,#12427),#12438,.F.);
#12424 = FACE_BOUND('',#12425,.F.);
#12425 = EDGE_LOOP('',(#12426));
#12426 = ORIENTED_EDGE('',*,*,#12185,.T.);
#12427 = FACE_BOUND('',#12428,.F.);
#12428 = EDGE_LOOP('',(#12429));
#12429 = ORIENTED_EDGE('',*,*,#12430,.F.);
#12430 = EDGE_CURVE('',#12431,#12431,#12433,.T.);
#12431 = VERTEX_POINT('',#12432);
#12432 = CARTESIAN_POINT('',(-14.05,26.413774815425,-4.));
#12433 = CIRCLE('',#12434,1.2);
#12434 = AXIS2_PLACEMENT_3D('',#12435,#12436,#12437);
#12435 = CARTESIAN_POINT('',(-15.25,26.413774815425,-4.));
#12436 = DIRECTION('',(0.,0.,1.));
#12437 = DIRECTION('',(1.,0.,-0.));
#12438 = PLANE('',#12439);
#12439 = AXIS2_PLACEMENT_3D('',#12440,#12441,#12442);
#12440 = CARTESIAN_POINT('',(-15.25,26.413774815425,-4.));
#12441 = DIRECTION('',(0.,0.,1.));
#12442 = DIRECTION('',(1.,0.,-0.));
#12443 = ADVANCED_FACE('',(#12444),#12455,.F.);
#12444 = FACE_BOUND('',#12445,.F.);
#12445 = EDGE_LOOP('',(#12446,#12447,#12453,#12454));
#12446 = ORIENTED_EDGE('',*,*,#12216,.F.);
#12447 = ORIENTED_EDGE('',*,*,#12448,.F.);
#12448 = EDGE_CURVE('',#12411,#12217,#12449,.T.);
#12449 = LINE('',#12450,#12451);
#12450 = CARTESIAN_POINT('',(-14.05,-26.41377481542,-6.8));
#12451 = VECTOR('',#12452,1.);
#12452 = DIRECTION('',(0.,0.,1.));
#12453 = ORIENTED_EDGE('',*,*,#12410,.T.);
#12454 = ORIENTED_EDGE('',*,*,#12448,.T.);
#12455 = CYLINDRICAL_SURFACE('',#12456,1.2);
#12456 = AXIS2_PLACEMENT_3D('',#12457,#12458,#12459);
#12457 = CARTESIAN_POINT('',(-15.25,-26.41377481542,-6.8));
#12458 = DIRECTION('',(0.,0.,1.));
#12459 = DIRECTION('',(1.,0.,-0.));
#12460 = ADVANCED_FACE('',(#12461),#12484,.T.);
#12461 = FACE_BOUND('',#12462,.T.);
#12462 = EDGE_LOOP('',(#12463,#12470,#12471,#12478));
#12463 = ORIENTED_EDGE('',*,*,#12464,.F.);
#12464 = EDGE_CURVE('',#12228,#12465,#12467,.T.);
#12465 = VERTEX_POINT('',#12466);
#12466 = CARTESIAN_POINT('',(-12.53253175473,-19.20698174666,20.));
#12467 = B_SPLINE_CURVE_WITH_KNOTS('',1,(#12468,#12469),.UNSPECIFIED.,
  .F.,.F.,(2,2),(0.,1.),.PIECEWISE_BEZIER_KNOTS.);
#12468 = CARTESIAN_POINT('',(-13.88253175473,-21.54525033688,-0.2));
#12469 = CARTESIAN_POINT('',(-12.53253175473,-19.20698174666,20.));
#12470 = ORIENTED_EDGE('',*,*,#12227,.T.);
#12471 = ORIENTED_EDGE('',*,*,#12472,.T.);
#12472 = EDGE_CURVE('',#12230,#12473,#12475,.T.);
#12473 = VERTEX_POINT('',#12474);
#12474 = CARTESIAN_POINT('',(-10.36746824526,-20.45698174666,20.));
#12475 = B_SPLINE_CURVE_WITH_KNOTS('',1,(#12476,#12477),.UNSPECIFIED.,
  .F.,.F.,(2,2),(0.,1.),.PIECEWISE_BEZIER_KNOTS.);
#12476 = CARTESIAN_POINT('',(-11.71746824526,-22.79525033688,-0.2));
#12477 = CARTESIAN_POINT('',(-10.36746824526,-20.45698174666,20.));
#12478 = ORIENTED_EDGE('',*,*,#12479,.F.);
#12479 = EDGE_CURVE('',#12465,#12473,#12480,.T.);
#12480 = LINE('',#12481,#12482);
#12481 = CARTESIAN_POINT('',(-12.53253175473,-19.20698174666,20.));
#12482 = VECTOR('',#12483,1.);
#12483 = DIRECTION('',(0.866025403784,-0.5,0.));
#12484 = PLANE('',#12485);
#12485 = AXIS2_PLACEMENT_3D('',#12486,#12487,#12488);
#12486 = CARTESIAN_POINT('',(-12.53253175473,-19.20698174666,20.));
#12487 = DIRECTION('',(-0.495592496966,-0.858391384595,0.132485122951));
#12488 = DIRECTION('',(0.866025403784,-0.5,0.));
#12489 = ADVANCED_FACE('',(#12490),#12514,.T.);
#12490 = FACE_BOUND('',#12491,.T.);
#12491 = EDGE_LOOP('',(#12492,#12499,#12500,#12501,#12509));
#12492 = ORIENTED_EDGE('',*,*,#12493,.F.);
#12493 = EDGE_CURVE('',#12238,#12494,#12496,.T.);
#12494 = VERTEX_POINT('',#12495);
#12495 = CARTESIAN_POINT('',(-11.98599710126,-18.26035595876,
    19.199999999999));
#12496 = B_SPLINE_CURVE_WITH_KNOTS('',1,(#12497,#12498),.UNSPECIFIED.,
  .F.,.F.,(2,2),(0.,1.),.PIECEWISE_BEZIER_KNOTS.);
#12497 = CARTESIAN_POINT('',(-13.28253175473,-20.50601985234,-0.2));
#12498 = CARTESIAN_POINT('',(-11.93253175473,-18.16775126212,20.));
#12499 = ORIENTED_EDGE('',*,*,#12237,.F.);
#12500 = ORIENTED_EDGE('',*,*,#12464,.T.);
#12501 = ORIENTED_EDGE('',*,*,#12502,.F.);
#12502 = EDGE_CURVE('',#12503,#12465,#12505,.T.);
#12503 = VERTEX_POINT('',#12504);
#12504 = CARTESIAN_POINT('',(-11.93253175473,-18.16775126212,20.));
#12505 = LINE('',#12506,#12507);
#12506 = CARTESIAN_POINT('',(-11.93253175473,-18.16775126212,20.));
#12507 = VECTOR('',#12508,1.);
#12508 = DIRECTION('',(-0.5,-0.866025403784,0.));
#12509 = ORIENTED_EDGE('',*,*,#12510,.F.);
#12510 = EDGE_CURVE('',#12494,#12503,#12511,.T.);
#12511 = B_SPLINE_CURVE_WITH_KNOTS('',1,(#12512,#12513),.UNSPECIFIED.,
  .F.,.F.,(2,2),(0.,1.),.PIECEWISE_BEZIER_KNOTS.);
#12512 = CARTESIAN_POINT('',(-13.28253175473,-20.50601985234,-0.2));
#12513 = CARTESIAN_POINT('',(-11.93253175473,-18.16775126212,20.));
#12514 = B_SPLINE_SURFACE_WITH_KNOTS('',1,1,(
    (#12515,#12516)
    ,(#12517,#12518
    )),.UNSPECIFIED.,.F.,.F.,.F.,(2,2),(2,2),(0.,1.2),(0.,1.),
  .PIECEWISE_BEZIER_KNOTS.);
#12515 = CARTESIAN_POINT('',(-13.28253175473,-20.50601985234,-0.2));
#12516 = CARTESIAN_POINT('',(-11.93253175473,-18.16775126212,20.));
#12517 = CARTESIAN_POINT('',(-13.88253175473,-21.54525033688,-0.2));
#12518 = CARTESIAN_POINT('',(-12.53253175473,-19.20698174666,20.));
#12519 = ADVANCED_FACE('',(#12520),#12544,.T.);
#12520 = FACE_BOUND('',#12521,.T.);
#12521 = EDGE_LOOP('',(#12522,#12523,#12524,#12531,#12538));
#12522 = ORIENTED_EDGE('',*,*,#12472,.F.);
#12523 = ORIENTED_EDGE('',*,*,#12252,.F.);
#12524 = ORIENTED_EDGE('',*,*,#12525,.T.);
#12525 = EDGE_CURVE('',#12245,#12526,#12528,.T.);
#12526 = VERTEX_POINT('',#12527);
#12527 = CARTESIAN_POINT('',(-9.820933591804,-19.51035595876,
    19.199999999999));
#12528 = B_SPLINE_CURVE_WITH_KNOTS('',1,(#12529,#12530),.UNSPECIFIED.,
  .F.,.F.,(2,2),(0.,1.),.PIECEWISE_BEZIER_KNOTS.);
#12529 = CARTESIAN_POINT('',(-11.11746824526,-21.75601985234,-0.2));
#12530 = CARTESIAN_POINT('',(-9.767468245269,-19.41775126212,20.));
#12531 = ORIENTED_EDGE('',*,*,#12532,.T.);
#12532 = EDGE_CURVE('',#12526,#12533,#12535,.T.);
#12533 = VERTEX_POINT('',#12534);
#12534 = CARTESIAN_POINT('',(-9.767468245269,-19.41775126212,20.));
#12535 = B_SPLINE_CURVE_WITH_KNOTS('',1,(#12536,#12537),.UNSPECIFIED.,
  .F.,.F.,(2,2),(0.,1.),.PIECEWISE_BEZIER_KNOTS.);
#12536 = CARTESIAN_POINT('',(-11.11746824526,-21.75601985234,-0.2));
#12537 = CARTESIAN_POINT('',(-9.767468245269,-19.41775126212,20.));
#12538 = ORIENTED_EDGE('',*,*,#12539,.F.);
#12539 = EDGE_CURVE('',#12473,#12533,#12540,.T.);
#12540 = LINE('',#12541,#12542);
#12541 = CARTESIAN_POINT('',(-10.36746824526,-20.45698174666,20.));
#12542 = VECTOR('',#12543,1.);
#12543 = DIRECTION('',(0.5,0.866025403784,0.));
#12544 = B_SPLINE_SURFACE_WITH_KNOTS('',1,1,(
    (#12545,#12546)
    ,(#12547,#12548
    )),.UNSPECIFIED.,.F.,.F.,.F.,(2,2),(2,2),(0.,1.2),(0.,1.),
  .PIECEWISE_BEZIER_KNOTS.);
#12545 = CARTESIAN_POINT('',(-11.71746824526,-22.79525033688,-0.2));
#12546 = CARTESIAN_POINT('',(-10.36746824526,-20.45698174666,20.));
#12547 = CARTESIAN_POINT('',(-11.11746824526,-21.75601985234,-0.2));
#12548 = CARTESIAN_POINT('',(-9.767468245269,-19.41775126212,20.));
#12549 = ADVANCED_FACE('',(#12550),#12561,.T.);
#12550 = FACE_BOUND('',#12551,.T.);
#12551 = EDGE_LOOP('',(#12552,#12553,#12554,#12555));
#12552 = ORIENTED_EDGE('',*,*,#12525,.F.);
#12553 = ORIENTED_EDGE('',*,*,#12244,.T.);
#12554 = ORIENTED_EDGE('',*,*,#12493,.T.);
#12555 = ORIENTED_EDGE('',*,*,#12556,.T.);
#12556 = EDGE_CURVE('',#12494,#12526,#12557,.T.);
#12557 = LINE('',#12558,#12559);
#12558 = CARTESIAN_POINT('',(-10.90346534653,-18.88535595876,19.2));
#12559 = VECTOR('',#12560,1.);
#12560 = DIRECTION('',(0.866025403784,-0.5,0.));
#12561 = PLANE('',#12562);
#12562 = AXIS2_PLACEMENT_3D('',#12563,#12564,#12565);
#12563 = CARTESIAN_POINT('',(-9.767468245269,-19.41775126212,20.));
#12564 = DIRECTION('',(0.495592496966,0.858391384595,-0.132485122951));
#12565 = DIRECTION('',(-0.866025403784,0.5,0.));
#12566 = ADVANCED_FACE('',(#12567),#12586,.T.);
#12567 = FACE_BOUND('',#12568,.T.);
#12568 = EDGE_LOOP('',(#12569,#12578,#12584,#12585));
#12569 = ORIENTED_EDGE('',*,*,#12570,.F.);
#12570 = EDGE_CURVE('',#12571,#12571,#12573,.T.);
#12571 = VERTEX_POINT('',#12572);
#12572 = CARTESIAN_POINT('',(22.25,-5.449678256206E-15,3.));
#12573 = CIRCLE('',#12574,22.25);
#12574 = AXIS2_PLACEMENT_3D('',#12575,#12576,#12577);
#12575 = CARTESIAN_POINT('',(0.,0.,3.));
#12576 = DIRECTION('',(0.,0.,1.));
#12577 = DIRECTION('',(1.,0.,-0.));
#12578 = ORIENTED_EDGE('',*,*,#12579,.F.);
#12579 = EDGE_CURVE('',#12260,#12571,#12580,.T.);
#12580 = LINE('',#12581,#12582);
#12581 = CARTESIAN_POINT('',(22.25,-5.449678256206E-15,0.));
#12582 = VECTOR('',#12583,1.);
#12583 = DIRECTION('',(0.,0.,1.));
#12584 = ORIENTED_EDGE('',*,*,#12259,.T.);
#12585 = ORIENTED_EDGE('',*,*,#12579,.T.);
#12586 = CYLINDRICAL_SURFACE('',#12587,22.25);
#12587 = AXIS2_PLACEMENT_3D('',#12588,#12589,#12590);
#12588 = CARTESIAN_POINT('',(0.,0.,0.));
#12589 = DIRECTION('',(0.,0.,1.));
#12590 = DIRECTION('',(1.,0.,-0.));
#12591 = ADVANCED_FACE('',(#12592),#12615,.T.);
#12592 = FACE_BOUND('',#12593,.T.);
#12593 = EDGE_LOOP('',(#12594,#12601,#12602,#12609));
#12594 = ORIENTED_EDGE('',*,*,#12595,.F.);
#12595 = EDGE_CURVE('',#12271,#12596,#12598,.T.);
#12596 = VERTEX_POINT('',#12597);
#12597 = CARTESIAN_POINT('',(22.9,-1.25,20.));
#12598 = B_SPLINE_CURVE_WITH_KNOTS('',1,(#12599,#12600),.UNSPECIFIED.,
  .F.,.F.,(2,2),(0.,1.),.PIECEWISE_BEZIER_KNOTS.);
#12599 = CARTESIAN_POINT('',(25.6,-1.25,-0.2));
#12600 = CARTESIAN_POINT('',(22.9,-1.25,20.));
#12601 = ORIENTED_EDGE('',*,*,#12270,.T.);
#12602 = ORIENTED_EDGE('',*,*,#12603,.T.);
#12603 = EDGE_CURVE('',#12273,#12604,#12606,.T.);
#12604 = VERTEX_POINT('',#12605);
#12605 = CARTESIAN_POINT('',(22.9,1.25,20.));
#12606 = B_SPLINE_CURVE_WITH_KNOTS('',1,(#12607,#12608),.UNSPECIFIED.,
  .F.,.F.,(2,2),(0.,1.),.PIECEWISE_BEZIER_KNOTS.);
#12607 = CARTESIAN_POINT('',(25.6,1.25,-0.2));
#12608 = CARTESIAN_POINT('',(22.9,1.25,20.));
#12609 = ORIENTED_EDGE('',*,*,#12610,.F.);
#12610 = EDGE_CURVE('',#12596,#12604,#12611,.T.);
#12611 = LINE('',#12612,#12613);
#12612 = CARTESIAN_POINT('',(22.9,-1.25,20.));
#12613 = VECTOR('',#12614,1.);
#12614 = DIRECTION('',(0.,1.,0.));
#12615 = PLANE('',#12616);
#12616 = AXIS2_PLACEMENT_3D('',#12617,#12618,#12619);
#12617 = CARTESIAN_POINT('',(22.9,-1.25,20.));
#12618 = DIRECTION('',(0.991184993932,0.,0.132485122951));
#12619 = DIRECTION('',(0.,1.,0.));
#12620 = ADVANCED_FACE('',(#12621),#12645,.T.);
#12621 = FACE_BOUND('',#12622,.T.);
#12622 = EDGE_LOOP('',(#12623,#12630,#12631,#12632,#12640));
#12623 = ORIENTED_EDGE('',*,*,#12624,.F.);
#12624 = EDGE_CURVE('',#12281,#12625,#12627,.T.);
#12625 = VERTEX_POINT('',#12626);
#12626 = CARTESIAN_POINT('',(21.806930693069,-1.25,19.199999999999));
#12627 = B_SPLINE_CURVE_WITH_KNOTS('',1,(#12628,#12629),.UNSPECIFIED.,
  .F.,.F.,(2,2),(0.,1.),.PIECEWISE_BEZIER_KNOTS.);
#12628 = CARTESIAN_POINT('',(24.4,-1.25,-0.2));
#12629 = CARTESIAN_POINT('',(21.7,-1.25,20.));
#12630 = ORIENTED_EDGE('',*,*,#12280,.F.);
#12631 = ORIENTED_EDGE('',*,*,#12595,.T.);
#12632 = ORIENTED_EDGE('',*,*,#12633,.F.);
#12633 = EDGE_CURVE('',#12634,#12596,#12636,.T.);
#12634 = VERTEX_POINT('',#12635);
#12635 = CARTESIAN_POINT('',(21.7,-1.25,20.));
#12636 = LINE('',#12637,#12638);
#12637 = CARTESIAN_POINT('',(21.7,-1.25,20.));
#12638 = VECTOR('',#12639,1.);
#12639 = DIRECTION('',(1.,0.,0.));
#12640 = ORIENTED_EDGE('',*,*,#12641,.F.);
#12641 = EDGE_CURVE('',#12625,#12634,#12642,.T.);
#12642 = B_SPLINE_CURVE_WITH_KNOTS('',1,(#12643,#12644),.UNSPECIFIED.,
  .F.,.F.,(2,2),(0.,1.),.PIECEWISE_BEZIER_KNOTS.);
#12643 = CARTESIAN_POINT('',(24.4,-1.25,-0.2));
#12644 = CARTESIAN_POINT('',(21.7,-1.25,20.));
#12645 = B_SPLINE_SURFACE_WITH_KNOTS('',1,1,(
    (#12646,#12647)
    ,(#12648,#12649
    )),.UNSPECIFIED.,.F.,.F.,.F.,(2,2),(2,2),(0.,1.2),(0.,1.),
  .PIECEWISE_BEZIER_KNOTS.);
#12646 = CARTESIAN_POINT('',(24.4,-1.25,-0.2));
#12647 = CARTESIAN_POINT('',(21.7,-1.25,20.));
#12648 = CARTESIAN_POINT('',(25.6,-1.25,-0.2));
#12649 = CARTESIAN_POINT('',(22.9,-1.25,20.));
#12650 = ADVANCED_FACE('',(#12651),#12675,.T.);
#12651 = FACE_BOUND('',#12652,.T.);
#12652 = EDGE_LOOP('',(#12653,#12654,#12655,#12662,#12669));
#12653 = ORIENTED_EDGE('',*,*,#12603,.F.);
#12654 = ORIENTED_EDGE('',*,*,#12295,.F.);
#12655 = ORIENTED_EDGE('',*,*,#12656,.T.);
#12656 = EDGE_CURVE('',#12288,#12657,#12659,.T.);
#12657 = VERTEX_POINT('',#12658);
#12658 = CARTESIAN_POINT('',(21.806930693069,1.25,19.199999999999));
#12659 = B_SPLINE_CURVE_WITH_KNOTS('',1,(#12660,#12661),.UNSPECIFIED.,
  .F.,.F.,(2,2),(0.,1.),.PIECEWISE_BEZIER_KNOTS.);
#12660 = CARTESIAN_POINT('',(24.4,1.25,-0.2));
#12661 = CARTESIAN_POINT('',(21.7,1.25,20.));
#12662 = ORIENTED_EDGE('',*,*,#12663,.T.);
#12663 = EDGE_CURVE('',#12657,#12664,#12666,.T.);
#12664 = VERTEX_POINT('',#12665);
#12665 = CARTESIAN_POINT('',(21.7,1.25,20.));
#12666 = B_SPLINE_CURVE_WITH_KNOTS('',1,(#12667,#12668),.UNSPECIFIED.,
  .F.,.F.,(2,2),(0.,1.),.PIECEWISE_BEZIER_KNOTS.);
#12667 = CARTESIAN_POINT('',(24.4,1.25,-0.2));
#12668 = CARTESIAN_POINT('',(21.7,1.25,20.));
#12669 = ORIENTED_EDGE('',*,*,#12670,.F.);
#12670 = EDGE_CURVE('',#12604,#12664,#12671,.T.);
#12671 = LINE('',#12672,#12673);
#12672 = CARTESIAN_POINT('',(22.9,1.25,20.));
#12673 = VECTOR('',#12674,1.);
#12674 = DIRECTION('',(-1.,0.,0.));
#12675 = B_SPLINE_SURFACE_WITH_KNOTS('',1,1,(
    (#12676,#12677)
    ,(#12678,#12679
    )),.UNSPECIFIED.,.F.,.F.,.F.,(2,2),(2,2),(0.,1.2),(0.,1.),
  .PIECEWISE_BEZIER_KNOTS.);
#12676 = CARTESIAN_POINT('',(25.6,1.25,-0.2));
#12677 = CARTESIAN_POINT('',(22.9,1.25,20.));
#12678 = CARTESIAN_POINT('',(24.4,1.25,-0.2));
#12679 = CARTESIAN_POINT('',(21.7,1.25,20.));
#12680 = ADVANCED_FACE('',(#12681),#12692,.T.);
#12681 = FACE_BOUND('',#12682,.T.);
#12682 = EDGE_LOOP('',(#12683,#12684,#12685,#12686));
#12683 = ORIENTED_EDGE('',*,*,#12656,.F.);
#12684 = ORIENTED_EDGE('',*,*,#12287,.T.);
#12685 = ORIENTED_EDGE('',*,*,#12624,.T.);
#12686 = ORIENTED_EDGE('',*,*,#12687,.T.);
#12687 = EDGE_CURVE('',#12625,#12657,#12688,.T.);
#12688 = LINE('',#12689,#12690);
#12689 = CARTESIAN_POINT('',(21.806930693069,0.,19.2));
#12690 = VECTOR('',#12691,1.);
#12691 = DIRECTION('',(0.,1.,0.));
#12692 = PLANE('',#12693);
#12693 = AXIS2_PLACEMENT_3D('',#12694,#12695,#12696);
#12694 = CARTESIAN_POINT('',(21.7,1.25,20.));
#12695 = DIRECTION('',(-0.991184993932,-0.,-0.132485122951));
#12696 = DIRECTION('',(0.,-1.,0.));
#12697 = ADVANCED_FACE('',(#12698),#12709,.F.);
#12698 = FACE_BOUND('',#12699,.F.);
#12699 = EDGE_LOOP('',(#12700,#12701,#12707,#12708));
#12700 = ORIENTED_EDGE('',*,*,#12302,.F.);
#12701 = ORIENTED_EDGE('',*,*,#12702,.F.);
#12702 = EDGE_CURVE('',#12366,#12303,#12703,.T.);
#12703 = LINE('',#12704,#12705);
#12704 = CARTESIAN_POINT('',(31.7,-2.939152317954E-16,-6.8));
#12705 = VECTOR('',#12706,1.);
#12706 = DIRECTION('',(0.,0.,1.));
#12707 = ORIENTED_EDGE('',*,*,#12365,.T.);
#12708 = ORIENTED_EDGE('',*,*,#12702,.T.);
#12709 = CYLINDRICAL_SURFACE('',#12710,1.2);
#12710 = AXIS2_PLACEMENT_3D('',#12711,#12712,#12713);
#12711 = CARTESIAN_POINT('',(30.5,0.,-6.8));
#12712 = DIRECTION('',(0.,0.,1.));
#12713 = DIRECTION('',(1.,0.,-0.));
#12714 = ADVANCED_FACE('',(#12715),#12738,.T.);
#12715 = FACE_BOUND('',#12716,.T.);
#12716 = EDGE_LOOP('',(#12717,#12724,#12725,#12732));
#12717 = ORIENTED_EDGE('',*,*,#12718,.F.);
#12718 = EDGE_CURVE('',#12314,#12719,#12721,.T.);
#12719 = VERTEX_POINT('',#12720);
#12720 = CARTESIAN_POINT('',(-10.36746824526,20.456981746664,20.));
#12721 = B_SPLINE_CURVE_WITH_KNOTS('',1,(#12722,#12723),.UNSPECIFIED.,
  .F.,.F.,(2,2),(0.,1.),.PIECEWISE_BEZIER_KNOTS.);
#12722 = CARTESIAN_POINT('',(-11.71746824526,22.795250336882,-0.2));
#12723 = CARTESIAN_POINT('',(-10.36746824526,20.456981746664,20.));
#12724 = ORIENTED_EDGE('',*,*,#12313,.T.);
#12725 = ORIENTED_EDGE('',*,*,#12726,.T.);
#12726 = EDGE_CURVE('',#12316,#12727,#12729,.T.);
#12727 = VERTEX_POINT('',#12728);
#12728 = CARTESIAN_POINT('',(-12.53253175473,19.206981746664,20.));
#12729 = B_SPLINE_CURVE_WITH_KNOTS('',1,(#12730,#12731),.UNSPECIFIED.,
  .F.,.F.,(2,2),(0.,1.),.PIECEWISE_BEZIER_KNOTS.);
#12730 = CARTESIAN_POINT('',(-13.88253175473,21.545250336882,-0.2));
#12731 = CARTESIAN_POINT('',(-12.53253175473,19.206981746664,20.));
#12732 = ORIENTED_EDGE('',*,*,#12733,.F.);
#12733 = EDGE_CURVE('',#12719,#12727,#12734,.T.);
#12734 = LINE('',#12735,#12736);
#12735 = CARTESIAN_POINT('',(-10.36746824526,20.456981746664,20.));
#12736 = VECTOR('',#12737,1.);
#12737 = DIRECTION('',(-0.866025403784,-0.5,0.));
#12738 = PLANE('',#12739);
#12739 = AXIS2_PLACEMENT_3D('',#12740,#12741,#12742);
#12740 = CARTESIAN_POINT('',(-10.36746824526,20.456981746664,20.));
#12741 = DIRECTION('',(-0.495592496966,0.858391384595,0.132485122951));
#12742 = DIRECTION('',(-0.866025403784,-0.5,0.));
#12743 = ADVANCED_FACE('',(#12744),#12768,.T.);
#12744 = FACE_BOUND('',#12745,.T.);
#12745 = EDGE_LOOP('',(#12746,#12753,#12754,#12755,#12763));
#12746 = ORIENTED_EDGE('',*,*,#12747,.F.);
#12747 = EDGE_CURVE('',#12324,#12748,#12750,.T.);
#12748 = VERTEX_POINT('',#12749);
#12749 = CARTESIAN_POINT('',(-9.820933591804,19.510355958765,
    19.199999999999));
#12750 = B_SPLINE_CURVE_WITH_KNOTS('',1,(#12751,#12752),.UNSPECIFIED.,
  .F.,.F.,(2,2),(0.,1.),.PIECEWISE_BEZIER_KNOTS.);
#12751 = CARTESIAN_POINT('',(-11.11746824526,21.75601985234,-0.2));
#12752 = CARTESIAN_POINT('',(-9.767468245269,19.417751262122,20.));
#12753 = ORIENTED_EDGE('',*,*,#12323,.F.);
#12754 = ORIENTED_EDGE('',*,*,#12718,.T.);
#12755 = ORIENTED_EDGE('',*,*,#12756,.F.);
#12756 = EDGE_CURVE('',#12757,#12719,#12759,.T.);
#12757 = VERTEX_POINT('',#12758);
#12758 = CARTESIAN_POINT('',(-9.767468245269,19.417751262122,20.));
#12759 = LINE('',#12760,#12761);
#12760 = CARTESIAN_POINT('',(-9.767468245269,19.417751262122,20.));
#12761 = VECTOR('',#12762,1.);
#12762 = DIRECTION('',(-0.5,0.866025403784,0.));
#12763 = ORIENTED_EDGE('',*,*,#12764,.F.);
#12764 = EDGE_CURVE('',#12748,#12757,#12765,.T.);
#12765 = B_SPLINE_CURVE_WITH_KNOTS('',1,(#12766,#12767),.UNSPECIFIED.,
  .F.,.F.,(2,2),(0.,1.),.PIECEWISE_BEZIER_KNOTS.);
#12766 = CARTESIAN_POINT('',(-11.11746824526,21.75601985234,-0.2));
#12767 = CARTESIAN_POINT('',(-9.767468245269,19.417751262122,20.));
#12768 = B_SPLINE_SURFACE_WITH_KNOTS('',1,1,(
    (#12769,#12770)
    ,(#12771,#12772
    )),.UNSPECIFIED.,.F.,.F.,.F.,(2,2),(2,2),(0.,1.2),(0.,1.),
  .PIECEWISE_BEZIER_KNOTS.);
#12769 = CARTESIAN_POINT('',(-11.11746824526,21.75601985234,-0.2));
#12770 = CARTESIAN_POINT('',(-9.767468245269,19.417751262122,20.));
#12771 = CARTESIAN_POINT('',(-11.71746824526,22.795250336882,-0.2));
#12772 = CARTESIAN_POINT('',(-10.36746824526,20.456981746664,20.));
#12773 = ADVANCED_FACE('',(#12774),#12798,.T.);
#12774 = FACE_BOUND('',#12775,.T.);
#12775 = EDGE_LOOP('',(#12776,#12777,#12778,#12785,#12792));
#12776 = ORIENTED_EDGE('',*,*,#12726,.F.);
#12777 = ORIENTED_EDGE('',*,*,#12338,.F.);
#12778 = ORIENTED_EDGE('',*,*,#12779,.T.);
#12779 = EDGE_CURVE('',#12331,#12780,#12782,.T.);
#12780 = VERTEX_POINT('',#12781);
#12781 = CARTESIAN_POINT('',(-11.98599710126,18.260355958765,
    19.199999999999));
#12782 = B_SPLINE_CURVE_WITH_KNOTS('',1,(#12783,#12784),.UNSPECIFIED.,
  .F.,.F.,(2,2),(0.,1.),.PIECEWISE_BEZIER_KNOTS.);
#12783 = CARTESIAN_POINT('',(-13.28253175473,20.50601985234,-0.2));
#12784 = CARTESIAN_POINT('',(-11.93253175473,18.167751262122,20.));
#12785 = ORIENTED_EDGE('',*,*,#12786,.T.);
#12786 = EDGE_CURVE('',#12780,#12787,#12789,.T.);
#12787 = VERTEX_POINT('',#12788);
#12788 = CARTESIAN_POINT('',(-11.93253175473,18.167751262122,20.));
#12789 = B_SPLINE_CURVE_WITH_KNOTS('',1,(#12790,#12791),.UNSPECIFIED.,
  .F.,.F.,(2,2),(0.,1.),.PIECEWISE_BEZIER_KNOTS.);
#12790 = CARTESIAN_POINT('',(-13.28253175473,20.50601985234,-0.2));
#12791 = CARTESIAN_POINT('',(-11.93253175473,18.167751262122,20.));
#12792 = ORIENTED_EDGE('',*,*,#12793,.F.);
#12793 = EDGE_CURVE('',#12727,#12787,#12794,.T.);
#12794 = LINE('',#12795,#12796);
#12795 = CARTESIAN_POINT('',(-12.53253175473,19.206981746664,20.));
#12796 = VECTOR('',#12797,1.);
#12797 = DIRECTION('',(0.5,-0.866025403784,0.));
#12798 = B_SPLINE_SURFACE_WITH_KNOTS('',1,1,(
    (#12799,#12800)
    ,(#12801,#12802
    )),.UNSPECIFIED.,.F.,.F.,.F.,(2,2),(2,2),(0.,1.2),(0.,1.),
  .PIECEWISE_BEZIER_KNOTS.);
#12799 = CARTESIAN_POINT('',(-13.88253175473,21.545250336882,-0.2));
#12800 = CARTESIAN_POINT('',(-12.53253175473,19.206981746664,20.));
#12801 = CARTESIAN_POINT('',(-13.28253175473,20.50601985234,-0.2));
#12802 = CARTESIAN_POINT('',(-11.93253175473,18.167751262122,20.));
#12803 = ADVANCED_FACE('',(#12804),#12815,.T.);
#12804 = FACE_BOUND('',#12805,.T.);
#12805 = EDGE_LOOP('',(#12806,#12807,#12808,#12809));
#12806 = ORIENTED_EDGE('',*,*,#12779,.F.);
#12807 = ORIENTED_EDGE('',*,*,#12330,.T.);
#12808 = ORIENTED_EDGE('',*,*,#12747,.T.);
#12809 = ORIENTED_EDGE('',*,*,#12810,.T.);
#12810 = EDGE_CURVE('',#12748,#12780,#12811,.T.);
#12811 = LINE('',#12812,#12813);
#12812 = CARTESIAN_POINT('',(-10.90346534653,18.885355958765,19.2));
#12813 = VECTOR('',#12814,1.);
#12814 = DIRECTION('',(-0.866025403784,-0.5,0.));
#12815 = PLANE('',#12816);
#12816 = AXIS2_PLACEMENT_3D('',#12817,#12818,#12819);
#12817 = CARTESIAN_POINT('',(-11.93253175473,18.167751262122,20.));
#12818 = DIRECTION('',(0.495592496966,-0.858391384595,-0.132485122951));
#12819 = DIRECTION('',(0.866025403784,0.5,0.));
#12820 = ADVANCED_FACE('',(#12821),#12832,.F.);
#12821 = FACE_BOUND('',#12822,.F.);
#12822 = EDGE_LOOP('',(#12823,#12824,#12830,#12831));
#12823 = ORIENTED_EDGE('',*,*,#12345,.F.);
#12824 = ORIENTED_EDGE('',*,*,#12825,.F.);
#12825 = EDGE_CURVE('',#12431,#12346,#12826,.T.);
#12826 = LINE('',#12827,#12828);
#12827 = CARTESIAN_POINT('',(-14.05,26.413774815425,-6.8));
#12828 = VECTOR('',#12829,1.);
#12829 = DIRECTION('',(0.,0.,1.));
#12830 = ORIENTED_EDGE('',*,*,#12430,.T.);
#12831 = ORIENTED_EDGE('',*,*,#12825,.T.);
#12832 = CYLINDRICAL_SURFACE('',#12833,1.2);
#12833 = AXIS2_PLACEMENT_3D('',#12834,#12835,#12836);
#12834 = CARTESIAN_POINT('',(-15.25,26.413774815425,-6.8));
#12835 = DIRECTION('',(0.,0.,1.));
#12836 = DIRECTION('',(1.,0.,-0.));
#12837 = ADVANCED_FACE('',(#12838,#12849),#12852,.T.);
#12838 = FACE_BOUND('',#12839,.T.);
#12839 = EDGE_LOOP('',(#12840));
#12840 = ORIENTED_EDGE('',*,*,#12841,.T.);
#12841 = EDGE_CURVE('',#12842,#12842,#12844,.T.);
#12842 = VERTEX_POINT('',#12843);
#12843 = CARTESIAN_POINT('',(20.75,-5.082284216462E-15,0.));
#12844 = CIRCLE('',#12845,20.75);
#12845 = AXIS2_PLACEMENT_3D('',#12846,#12847,#12848);
#12846 = CARTESIAN_POINT('',(0.,0.,0.));
#12847 = DIRECTION('',(0.,0.,1.));
#12848 = DIRECTION('',(1.,0.,-0.));
#12849 = FACE_BOUND('',#12850,.T.);
#12850 = EDGE_LOOP('',(#12851));
#12851 = ORIENTED_EDGE('',*,*,#12382,.F.);
#12852 = PLANE('',#12853);
#12853 = AXIS2_PLACEMENT_3D('',#12854,#12855,#12856);
#12854 = CARTESIAN_POINT('',(0.,0.,0.));
#12855 = DIRECTION('',(0.,0.,1.));
#12856 = DIRECTION('',(1.,0.,-0.));
#12857 = ADVANCED_FACE('',(#12858),#12885,.T.);
#12858 = FACE_BOUND('',#12859,.T.);
#12859 = EDGE_LOOP('',(#12860,#12861,#12862,#12863,#12871,#12879));
#12860 = ORIENTED_EDGE('',*,*,#12502,.T.);
#12861 = ORIENTED_EDGE('',*,*,#12479,.T.);
#12862 = ORIENTED_EDGE('',*,*,#12539,.T.);
#12863 = ORIENTED_EDGE('',*,*,#12864,.F.);
#12864 = EDGE_CURVE('',#12865,#12533,#12867,.T.);
#12865 = VERTEX_POINT('',#12866);
#12866 = CARTESIAN_POINT('',(-9.367468245269,-18.72493093909,20.));
#12867 = LINE('',#12868,#12869);
#12868 = CARTESIAN_POINT('',(-9.367468245269,-18.72493093909,20.));
#12869 = VECTOR('',#12870,1.);
#12870 = DIRECTION('',(-0.5,-0.866025403784,0.));
#12871 = ORIENTED_EDGE('',*,*,#12872,.F.);
#12872 = EDGE_CURVE('',#12873,#12865,#12875,.T.);
#12873 = VERTEX_POINT('',#12874);
#12874 = CARTESIAN_POINT('',(-11.53253175473,-17.47493093909,20.));
#12875 = LINE('',#12876,#12877);
#12876 = CARTESIAN_POINT('',(-11.53253175473,-17.47493093909,20.));
#12877 = VECTOR('',#12878,1.);
#12878 = DIRECTION('',(0.866025403784,-0.5,0.));
#12879 = ORIENTED_EDGE('',*,*,#12880,.T.);
#12880 = EDGE_CURVE('',#12873,#12503,#12881,.T.);
#12881 = LINE('',#12882,#12883);
#12882 = CARTESIAN_POINT('',(-11.53253175473,-17.47493093909,20.));
#12883 = VECTOR('',#12884,1.);
#12884 = DIRECTION('',(-0.5,-0.866025403784,0.));
#12885 = PLANE('',#12886);
#12886 = AXIS2_PLACEMENT_3D('',#12887,#12888,#12889);
#12887 = CARTESIAN_POINT('',(-10.95,-18.96595634287,20.));
#12888 = DIRECTION('',(0.,0.,1.));
#12889 = DIRECTION('',(1.,0.,-0.));
#12890 = ADVANCED_FACE('',(#12891),#12909,.F.);
#12891 = FACE_BOUND('',#12892,.F.);
#12892 = EDGE_LOOP('',(#12893,#12901,#12907,#12908));
#12893 = ORIENTED_EDGE('',*,*,#12894,.F.);
#12894 = EDGE_CURVE('',#12895,#12494,#12897,.T.);
#12895 = VERTEX_POINT('',#12896);
#12896 = CARTESIAN_POINT('',(-11.53253175473,-17.47493093909,19.2));
#12897 = LINE('',#12898,#12899);
#12898 = CARTESIAN_POINT('',(-11.53253175473,-17.47493093909,19.2));
#12899 = VECTOR('',#12900,1.);
#12900 = DIRECTION('',(-0.5,-0.866025403784,0.));
#12901 = ORIENTED_EDGE('',*,*,#12902,.T.);
#12902 = EDGE_CURVE('',#12895,#12873,#12903,.T.);
#12903 = LINE('',#12904,#12905);
#12904 = CARTESIAN_POINT('',(-11.53253175473,-17.47493093909,19.2));
#12905 = VECTOR('',#12906,1.);
#12906 = DIRECTION('',(0.,0.,1.));
#12907 = ORIENTED_EDGE('',*,*,#12880,.T.);
#12908 = ORIENTED_EDGE('',*,*,#12510,.F.);
#12909 = PLANE('',#12910);
#12910 = AXIS2_PLACEMENT_3D('',#12911,#12912,#12913);
#12911 = CARTESIAN_POINT('',(-11.53253175473,-17.47493093909,19.2));
#12912 = DIRECTION('',(0.866025403784,-0.5,0.));
#12913 = DIRECTION('',(0.,0.,1.));
#12914 = ADVANCED_FACE('',(#12915),#12933,.T.);
#12915 = FACE_BOUND('',#12916,.T.);
#12916 = EDGE_LOOP('',(#12917,#12925,#12931,#12932));
#12917 = ORIENTED_EDGE('',*,*,#12918,.F.);
#12918 = EDGE_CURVE('',#12919,#12526,#12921,.T.);
#12919 = VERTEX_POINT('',#12920);
#12920 = CARTESIAN_POINT('',(-9.367468245269,-18.72493093909,19.2));
#12921 = LINE('',#12922,#12923);
#12922 = CARTESIAN_POINT('',(-9.367468245269,-18.72493093909,19.2));
#12923 = VECTOR('',#12924,1.);
#12924 = DIRECTION('',(-0.5,-0.866025403784,0.));
#12925 = ORIENTED_EDGE('',*,*,#12926,.T.);
#12926 = EDGE_CURVE('',#12919,#12865,#12927,.T.);
#12927 = LINE('',#12928,#12929);
#12928 = CARTESIAN_POINT('',(-9.367468245269,-18.72493093909,19.2));
#12929 = VECTOR('',#12930,1.);
#12930 = DIRECTION('',(0.,0.,1.));
#12931 = ORIENTED_EDGE('',*,*,#12864,.T.);
#12932 = ORIENTED_EDGE('',*,*,#12532,.F.);
#12933 = PLANE('',#12934);
#12934 = AXIS2_PLACEMENT_3D('',#12935,#12936,#12937);
#12935 = CARTESIAN_POINT('',(-9.367468245269,-18.72493093909,19.2));
#12936 = DIRECTION('',(0.866025403784,-0.5,0.));
#12937 = DIRECTION('',(0.,0.,1.));
#12938 = ADVANCED_FACE('',(#12939),#12950,.F.);
#12939 = FACE_BOUND('',#12940,.F.);
#12940 = EDGE_LOOP('',(#12941,#12942,#12948,#12949));
#12941 = ORIENTED_EDGE('',*,*,#12918,.F.);
#12942 = ORIENTED_EDGE('',*,*,#12943,.F.);
#12943 = EDGE_CURVE('',#12895,#12919,#12944,.T.);
#12944 = LINE('',#12945,#12946);
#12945 = CARTESIAN_POINT('',(-11.53253175473,-17.47493093909,19.2));
#12946 = VECTOR('',#12947,1.);
#12947 = DIRECTION('',(0.866025403784,-0.5,0.));
#12948 = ORIENTED_EDGE('',*,*,#12894,.T.);
#12949 = ORIENTED_EDGE('',*,*,#12556,.T.);
#12950 = PLANE('',#12951);
#12951 = AXIS2_PLACEMENT_3D('',#12952,#12953,#12954);
#12952 = CARTESIAN_POINT('',(-11.53253175473,-17.47493093909,19.2));
#12953 = DIRECTION('',(0.,0.,1.));
#12954 = DIRECTION('',(-0.5,-0.866025403784,0.));
#12955 = ADVANCED_FACE('',(#12956,#12959),#12970,.T.);
#12956 = FACE_BOUND('',#12957,.T.);
#12957 = EDGE_LOOP('',(#12958));
#12958 = ORIENTED_EDGE('',*,*,#12570,.T.);
#12959 = FACE_BOUND('',#12960,.T.);
#12960 = EDGE_LOOP('',(#12961));
#12961 = ORIENTED_EDGE('',*,*,#12962,.F.);
#12962 = EDGE_CURVE('',#12963,#12963,#12965,.T.);
#12963 = VERTEX_POINT('',#12964);
#12964 = CARTESIAN_POINT('',(20.75,-5.082284216462E-15,3.));
#12965 = CIRCLE('',#12966,20.75);
#12966 = AXIS2_PLACEMENT_3D('',#12967,#12968,#12969);
#12967 = CARTESIAN_POINT('',(0.,0.,3.));
#12968 = DIRECTION('',(0.,0.,1.));
#12969 = DIRECTION('',(1.,0.,-0.));
#12970 = PLANE('',#12971);
#12971 = AXIS2_PLACEMENT_3D('',#12972,#12973,#12974);
#12972 = CARTESIAN_POINT('',(0.,0.,3.));
#12973 = DIRECTION('',(0.,0.,1.));
#12974 = DIRECTION('',(1.,0.,-0.));
#12975 = ADVANCED_FACE('',(#12976),#13003,.T.);
#12976 = FACE_BOUND('',#12977,.T.);
#12977 = EDGE_LOOP('',(#12978,#12979,#12980,#12981,#12989,#12997));
#12978 = ORIENTED_EDGE('',*,*,#12633,.T.);
#12979 = ORIENTED_EDGE('',*,*,#12610,.T.);
#12980 = ORIENTED_EDGE('',*,*,#12670,.T.);
#12981 = ORIENTED_EDGE('',*,*,#12982,.F.);
#12982 = EDGE_CURVE('',#12983,#12664,#12985,.T.);
#12983 = VERTEX_POINT('',#12984);
#12984 = CARTESIAN_POINT('',(20.9,1.25,20.));
#12985 = LINE('',#12986,#12987);
#12986 = CARTESIAN_POINT('',(20.9,1.25,20.));
#12987 = VECTOR('',#12988,1.);
#12988 = DIRECTION('',(1.,0.,0.));
#12989 = ORIENTED_EDGE('',*,*,#12990,.F.);
#12990 = EDGE_CURVE('',#12991,#12983,#12993,.T.);
#12991 = VERTEX_POINT('',#12992);
#12992 = CARTESIAN_POINT('',(20.9,-1.25,20.));
#12993 = LINE('',#12994,#12995);
#12994 = CARTESIAN_POINT('',(20.9,-1.25,20.));
#12995 = VECTOR('',#12996,1.);
#12996 = DIRECTION('',(0.,1.,0.));
#12997 = ORIENTED_EDGE('',*,*,#12998,.T.);
#12998 = EDGE_CURVE('',#12991,#12634,#12999,.T.);
#12999 = LINE('',#13000,#13001);
#13000 = CARTESIAN_POINT('',(20.9,-1.25,20.));
#13001 = VECTOR('',#13002,1.);
#13002 = DIRECTION('',(1.,0.,0.));
#13003 = PLANE('',#13004);
#13004 = AXIS2_PLACEMENT_3D('',#13005,#13006,#13007);
#13005 = CARTESIAN_POINT('',(21.9,0.,20.));
#13006 = DIRECTION('',(0.,0.,1.));
#13007 = DIRECTION('',(1.,0.,-0.));
#13008 = ADVANCED_FACE('',(#13009),#13027,.F.);
#13009 = FACE_BOUND('',#13010,.F.);
#13010 = EDGE_LOOP('',(#13011,#13019,#13025,#13026));
#13011 = ORIENTED_EDGE('',*,*,#13012,.F.);
#13012 = EDGE_CURVE('',#13013,#12625,#13015,.T.);
#13013 = VERTEX_POINT('',#13014);
#13014 = CARTESIAN_POINT('',(20.9,-1.25,19.2));
#13015 = LINE('',#13016,#13017);
#13016 = CARTESIAN_POINT('',(20.9,-1.25,19.2));
#13017 = VECTOR('',#13018,1.);
#13018 = DIRECTION('',(1.,0.,0.));
#13019 = ORIENTED_EDGE('',*,*,#13020,.T.);
#13020 = EDGE_CURVE('',#13013,#12991,#13021,.T.);
#13021 = LINE('',#13022,#13023);
#13022 = CARTESIAN_POINT('',(20.9,-1.25,19.2));
#13023 = VECTOR('',#13024,1.);
#13024 = DIRECTION('',(0.,0.,1.));
#13025 = ORIENTED_EDGE('',*,*,#12998,.T.);
#13026 = ORIENTED_EDGE('',*,*,#12641,.F.);
#13027 = PLANE('',#13028);
#13028 = AXIS2_PLACEMENT_3D('',#13029,#13030,#13031);
#13029 = CARTESIAN_POINT('',(20.9,-1.25,19.2));
#13030 = DIRECTION('',(0.,1.,0.));
#13031 = DIRECTION('',(0.,0.,1.));
#13032 = ADVANCED_FACE('',(#13033),#13051,.T.);
#13033 = FACE_BOUND('',#13034,.T.);
#13034 = EDGE_LOOP('',(#13035,#13043,#13049,#13050));
#13035 = ORIENTED_EDGE('',*,*,#13036,.F.);
#13036 = EDGE_CURVE('',#13037,#12657,#13039,.T.);
#13037 = VERTEX_POINT('',#13038);
#13038 = CARTESIAN_POINT('',(20.9,1.25,19.2));
#13039 = LINE('',#13040,#13041);
#13040 = CARTESIAN_POINT('',(20.9,1.25,19.2));
#13041 = VECTOR('',#13042,1.);
#13042 = DIRECTION('',(1.,0.,0.));
#13043 = ORIENTED_EDGE('',*,*,#13044,.T.);
#13044 = EDGE_CURVE('',#13037,#12983,#13045,.T.);
#13045 = LINE('',#13046,#13047);
#13046 = CARTESIAN_POINT('',(20.9,1.25,19.2));
#13047 = VECTOR('',#13048,1.);
#13048 = DIRECTION('',(0.,0.,1.));
#13049 = ORIENTED_EDGE('',*,*,#12982,.T.);
#13050 = ORIENTED_EDGE('',*,*,#12663,.F.);
#13051 = PLANE('',#13052);
#13052 = AXIS2_PLACEMENT_3D('',#13053,#13054,#13055);
#13053 = CARTESIAN_POINT('',(20.9,1.25,19.2));
#13054 = DIRECTION('',(0.,1.,0.));
#13055 = DIRECTION('',(0.,0.,1.));
#13056 = ADVANCED_FACE('',(#13057),#13068,.F.);
#13057 = FACE_BOUND('',#13058,.F.);
#13058 = EDGE_LOOP('',(#13059,#13060,#13066,#13067));
#13059 = ORIENTED_EDGE('',*,*,#13036,.F.);
#13060 = ORIENTED_EDGE('',*,*,#13061,.F.);
#13061 = EDGE_CURVE('',#13013,#13037,#13062,.T.);
#13062 = LINE('',#13063,#13064);
#13063 = CARTESIAN_POINT('',(20.9,-1.25,19.2));
#13064 = VECTOR('',#13065,1.);
#13065 = DIRECTION('',(0.,1.,0.));
#13066 = ORIENTED_EDGE('',*,*,#13012,.T.);
#13067 = ORIENTED_EDGE('',*,*,#12687,.T.);
#13068 = PLANE('',#13069);
#13069 = AXIS2_PLACEMENT_3D('',#13070,#13071,#13072);
#13070 = CARTESIAN_POINT('',(20.9,-1.25,19.2));
#13071 = DIRECTION('',(0.,0.,1.));
#13072 = DIRECTION('',(1.,0.,0.));
#13073 = ADVANCED_FACE('',(#13074),#13101,.T.);
#13074 = FACE_BOUND('',#13075,.T.);
#13075 = EDGE_LOOP('',(#13076,#13077,#13078,#13079,#13087,#13095));
#13076 = ORIENTED_EDGE('',*,*,#12756,.T.);
#13077 = ORIENTED_EDGE('',*,*,#12733,.T.);
#13078 = ORIENTED_EDGE('',*,*,#12793,.T.);
#13079 = ORIENTED_EDGE('',*,*,#13080,.F.);
#13080 = EDGE_CURVE('',#13081,#12787,#13083,.T.);
#13081 = VERTEX_POINT('',#13082);
#13082 = CARTESIAN_POINT('',(-11.53253175473,17.474930939095,20.));
#13083 = LINE('',#13084,#13085);
#13084 = CARTESIAN_POINT('',(-11.53253175473,17.474930939095,20.));
#13085 = VECTOR('',#13086,1.);
#13086 = DIRECTION('',(-0.5,0.866025403784,0.));
#13087 = ORIENTED_EDGE('',*,*,#13088,.F.);
#13088 = EDGE_CURVE('',#13089,#13081,#13091,.T.);
#13089 = VERTEX_POINT('',#13090);
#13090 = CARTESIAN_POINT('',(-9.367468245269,18.724930939095,20.));
#13091 = LINE('',#13092,#13093);
#13092 = CARTESIAN_POINT('',(-9.367468245269,18.724930939095,20.));
#13093 = VECTOR('',#13094,1.);
#13094 = DIRECTION('',(-0.866025403784,-0.5,0.));
#13095 = ORIENTED_EDGE('',*,*,#13096,.T.);
#13096 = EDGE_CURVE('',#13089,#12757,#13097,.T.);
#13097 = LINE('',#13098,#13099);
#13098 = CARTESIAN_POINT('',(-9.367468245269,18.724930939095,20.));
#13099 = VECTOR('',#13100,1.);
#13100 = DIRECTION('',(-0.5,0.866025403784,0.));
#13101 = PLANE('',#13102);
#13102 = AXIS2_PLACEMENT_3D('',#13103,#13104,#13105);
#13103 = CARTESIAN_POINT('',(-10.95,18.965956342879,20.));
#13104 = DIRECTION('',(0.,0.,1.));
#13105 = DIRECTION('',(1.,0.,-0.));
#13106 = ADVANCED_FACE('',(#13107),#13125,.F.);
#13107 = FACE_BOUND('',#13108,.F.);
#13108 = EDGE_LOOP('',(#13109,#13117,#13123,#13124));
#13109 = ORIENTED_EDGE('',*,*,#13110,.F.);
#13110 = EDGE_CURVE('',#13111,#12748,#13113,.T.);
#13111 = VERTEX_POINT('',#13112);
#13112 = CARTESIAN_POINT('',(-9.367468245269,18.724930939095,19.2));
#13113 = LINE('',#13114,#13115);
#13114 = CARTESIAN_POINT('',(-9.367468245269,18.724930939095,19.2));
#13115 = VECTOR('',#13116,1.);
#13116 = DIRECTION('',(-0.5,0.866025403784,0.));
#13117 = ORIENTED_EDGE('',*,*,#13118,.T.);
#13118 = EDGE_CURVE('',#13111,#13089,#13119,.T.);
#13119 = LINE('',#13120,#13121);
#13120 = CARTESIAN_POINT('',(-9.367468245269,18.724930939095,19.2));
#13121 = VECTOR('',#13122,1.);
#13122 = DIRECTION('',(0.,0.,1.));
#13123 = ORIENTED_EDGE('',*,*,#13096,.T.);
#13124 = ORIENTED_EDGE('',*,*,#12764,.F.);
#13125 = PLANE('',#13126);
#13126 = AXIS2_PLACEMENT_3D('',#13127,#13128,#13129);
#13127 = CARTESIAN_POINT('',(-9.367468245269,18.724930939095,19.2));
#13128 = DIRECTION('',(-0.866025403784,-0.5,0.));
#13129 = DIRECTION('',(0.,0.,1.));
#13130 = ADVANCED_FACE('',(#13131),#13149,.T.);
#13131 = FACE_BOUND('',#13132,.T.);
#13132 = EDGE_LOOP('',(#13133,#13141,#13147,#13148));
#13133 = ORIENTED_EDGE('',*,*,#13134,.F.);
#13134 = EDGE_CURVE('',#13135,#12780,#13137,.T.);
#13135 = VERTEX_POINT('',#13136);
#13136 = CARTESIAN_POINT('',(-11.53253175473,17.474930939095,19.2));
#13137 = LINE('',#13138,#13139);
#13138 = CARTESIAN_POINT('',(-11.53253175473,17.474930939095,19.2));
#13139 = VECTOR('',#13140,1.);
#13140 = DIRECTION('',(-0.5,0.866025403784,0.));
#13141 = ORIENTED_EDGE('',*,*,#13142,.T.);
#13142 = EDGE_CURVE('',#13135,#13081,#13143,.T.);
#13143 = LINE('',#13144,#13145);
#13144 = CARTESIAN_POINT('',(-11.53253175473,17.474930939095,19.2));
#13145 = VECTOR('',#13146,1.);
#13146 = DIRECTION('',(0.,0.,1.));
#13147 = ORIENTED_EDGE('',*,*,#13080,.T.);
#13148 = ORIENTED_EDGE('',*,*,#12786,.F.);
#13149 = PLANE('',#13150);
#13150 = AXIS2_PLACEMENT_3D('',#13151,#13152,#13153);
#13151 = CARTESIAN_POINT('',(-11.53253175473,17.474930939095,19.2));
#13152 = DIRECTION('',(-0.866025403784,-0.5,0.));
#13153 = DIRECTION('',(0.,0.,1.));
#13154 = ADVANCED_FACE('',(#13155),#13166,.F.);
#13155 = FACE_BOUND('',#13156,.F.);
#13156 = EDGE_LOOP('',(#13157,#13158,#13164,#13165));
#13157 = ORIENTED_EDGE('',*,*,#13134,.F.);
#13158 = ORIENTED_EDGE('',*,*,#13159,.F.);
#13159 = EDGE_CURVE('',#13111,#13135,#13160,.T.);
#13160 = LINE('',#13161,#13162);
#13161 = CARTESIAN_POINT('',(-9.367468245269,18.724930939095,19.2));
#13162 = VECTOR('',#13163,1.);
#13163 = DIRECTION('',(-0.866025403784,-0.5,0.));
#13164 = ORIENTED_EDGE('',*,*,#13110,.T.);
#13165 = ORIENTED_EDGE('',*,*,#12810,.T.);
#13166 = PLANE('',#13167);
#13167 = AXIS2_PLACEMENT_3D('',#13168,#13169,#13170);
#13168 = CARTESIAN_POINT('',(-9.367468245269,18.724930939095,19.2));
#13169 = DIRECTION('',(0.,0.,1.));
#13170 = DIRECTION('',(-0.5,0.866025403784,0.));
#13171 = ADVANCED_FACE('',(#13172),#13183,.F.);
#13172 = FACE_BOUND('',#13173,.F.);
#13173 = EDGE_LOOP('',(#13174,#13175,#13181,#13182));
#13174 = ORIENTED_EDGE('',*,*,#12962,.F.);
#13175 = ORIENTED_EDGE('',*,*,#13176,.F.);
#13176 = EDGE_CURVE('',#12842,#12963,#13177,.T.);
#13177 = LINE('',#13178,#13179);
#13178 = CARTESIAN_POINT('',(20.75,-5.082284216462E-15,0.));
#13179 = VECTOR('',#13180,1.);
#13180 = DIRECTION('',(0.,0.,1.));
#13181 = ORIENTED_EDGE('',*,*,#12841,.T.);
#13182 = ORIENTED_EDGE('',*,*,#13176,.T.);
#13183 = CYLINDRICAL_SURFACE('',#13184,20.75);
#13184 = AXIS2_PLACEMENT_3D('',#13185,#13186,#13187);
#13185 = CARTESIAN_POINT('',(0.,0.,0.));
#13186 = DIRECTION('',(0.,0.,1.));
#13187 = DIRECTION('',(1.,0.,-0.));
#13188 = ADVANCED_FACE('',(#13189),#13195,.F.);
#13189 = FACE_BOUND('',#13190,.F.);
#13190 = EDGE_LOOP('',(#13191,#13192,#13193,#13194));
#13191 = ORIENTED_EDGE('',*,*,#12902,.F.);
#13192 = ORIENTED_EDGE('',*,*,#12943,.T.);
#13193 = ORIENTED_EDGE('',*,*,#12926,.T.);
#13194 = ORIENTED_EDGE('',*,*,#12872,.F.);
#13195 = PLANE('',#13196);
#13196 = AXIS2_PLACEMENT_3D('',#13197,#13198,#13199);
#13197 = CARTESIAN_POINT('',(-11.53253175473,-17.47493093909,19.2));
#13198 = DIRECTION('',(-0.5,-0.866025403784,0.));
#13199 = DIRECTION('',(0.,0.,1.));
#13200 = ADVANCED_FACE('',(#13201),#13207,.F.);
#13201 = FACE_BOUND('',#13202,.F.);
#13202 = EDGE_LOOP('',(#13203,#13204,#13205,#13206));
#13203 = ORIENTED_EDGE('',*,*,#13020,.F.);
#13204 = ORIENTED_EDGE('',*,*,#13061,.T.);
#13205 = ORIENTED_EDGE('',*,*,#13044,.T.);
#13206 = ORIENTED_EDGE('',*,*,#12990,.F.);
#13207 = PLANE('',#13208);
#13208 = AXIS2_PLACEMENT_3D('',#13209,#13210,#13211);
#13209 = CARTESIAN_POINT('',(20.9,-1.25,19.2));
#13210 = DIRECTION('',(1.,0.,0.));
#13211 = DIRECTION('',(0.,0.,1.));
#13212 = ADVANCED_FACE('',(#13213),#13219,.F.);
#13213 = FACE_BOUND('',#13214,.F.);
#13214 = EDGE_LOOP('',(#13215,#13216,#13217,#13218));
#13215 = ORIENTED_EDGE('',*,*,#13118,.F.);
#13216 = ORIENTED_EDGE('',*,*,#13159,.T.);
#13217 = ORIENTED_EDGE('',*,*,#13142,.T.);
#13218 = ORIENTED_EDGE('',*,*,#13088,.F.);
#13219 = PLANE('',#13220);
#13220 = AXIS2_PLACEMENT_3D('',#13221,#13222,#13223);
#13221 = CARTESIAN_POINT('',(-9.367468245269,18.724930939095,19.2));
#13222 = DIRECTION('',(-0.5,0.866025403784,0.));
#13223 = DIRECTION('',(0.,0.,1.));
#13224 = MANIFOLD_SOLID_BREP('',#13225);
#13225 = CLOSED_SHELL('',(#13226,#13259,#13672,#14085,#14102,#14124,
    #14136,#14158,#14175,#14192,#14204,#14226,#14243,#14260,#14272,
    #14294,#14311,#14328,#14340,#14362,#14379,#14396,#14408,#14430,
    #14447,#14464,#14476,#14498,#14515,#14532,#14544,#14566,#14583,
    #14600,#14612,#14634,#14651,#14668,#14680,#14702,#14719,#14736,
    #14758,#14775,#14792,#14804));
#13226 = ADVANCED_FACE('',(#13227),#13254,.T.);
#13227 = FACE_BOUND('',#13228,.T.);
#13228 = EDGE_LOOP('',(#13229,#13238,#13246,#13253));
#13229 = ORIENTED_EDGE('',*,*,#13230,.F.);
#13230 = EDGE_CURVE('',#13231,#13231,#13233,.T.);
#13231 = VERTEX_POINT('',#13232);
#13232 = CARTESIAN_POINT('',(32.5,-7.960204194458E-15,-4.));
#13233 = CIRCLE('',#13234,32.5);
#13234 = AXIS2_PLACEMENT_3D('',#13235,#13236,#13237);
#13235 = CARTESIAN_POINT('',(0.,0.,-4.));
#13236 = DIRECTION('',(0.,0.,1.));
#13237 = DIRECTION('',(1.,0.,-0.));
#13238 = ORIENTED_EDGE('',*,*,#13239,.F.);
#13239 = EDGE_CURVE('',#13240,#13231,#13242,.T.);
#13240 = VERTEX_POINT('',#13241);
#13241 = CARTESIAN_POINT('',(32.5,-7.960204194458E-15,-5.8));
#13242 = LINE('',#13243,#13244);
#13243 = CARTESIAN_POINT('',(32.5,-7.960204194458E-15,-5.8));
#13244 = VECTOR('',#13245,1.);
#13245 = DIRECTION('',(0.,0.,1.));
#13246 = ORIENTED_EDGE('',*,*,#13247,.T.);
#13247 = EDGE_CURVE('',#13240,#13240,#13248,.T.);
#13248 = CIRCLE('',#13249,32.5);
#13249 = AXIS2_PLACEMENT_3D('',#13250,#13251,#13252);
#13250 = CARTESIAN_POINT('',(0.,0.,-5.8));
#13251 = DIRECTION('',(0.,0.,1.));
#13252 = DIRECTION('',(1.,0.,-0.));
#13253 = ORIENTED_EDGE('',*,*,#13239,.T.);
#13254 = CYLINDRICAL_SURFACE('',#13255,32.5);
#13255 = AXIS2_PLACEMENT_3D('',#13256,#13257,#13258);
#13256 = CARTESIAN_POINT('',(0.,0.,-5.8));
#13257 = DIRECTION('',(0.,0.,1.));
#13258 = DIRECTION('',(1.,0.,-0.));
#13259 = ADVANCED_FACE('',(#13260,#13263,#13274,#13293,#13329,#13365,
    #13401,#13437,#13473,#13509,#13545,#13581,#13609,#13620,#13631),
  #13667,.T.);
#13260 = FACE_BOUND('',#13261,.T.);
#13261 = EDGE_LOOP('',(#13262));
#13262 = ORIENTED_EDGE('',*,*,#13230,.T.);
#13263 = FACE_BOUND('',#13264,.T.);
#13264 = EDGE_LOOP('',(#13265));
#13265 = ORIENTED_EDGE('',*,*,#13266,.F.);
#13266 = EDGE_CURVE('',#13267,#13267,#13269,.T.);
#13267 = VERTEX_POINT('',#13268);
#13268 = CARTESIAN_POINT('',(-14.05,-26.41377481542,-4.));
#13269 = CIRCLE('',#13270,1.2);
#13270 = AXIS2_PLACEMENT_3D('',#13271,#13272,#13273);
#13271 = CARTESIAN_POINT('',(-15.25,-26.41377481542,-4.));
#13272 = DIRECTION('',(0.,0.,1.));
#13273 = DIRECTION('',(1.,0.,-0.));
#13274 = FACE_BOUND('',#13275,.T.);
#13275 = EDGE_LOOP('',(#13276,#13286));
#13276 = ORIENTED_EDGE('',*,*,#13277,.F.);
#13277 = EDGE_CURVE('',#13278,#13280,#13282,.T.);
#13278 = VERTEX_POINT('',#13279);
#13279 = CARTESIAN_POINT('',(-18.6,-3.878143885933,-4.));
#13280 = VERTEX_POINT('',#13281);
#13281 = CARTESIAN_POINT('',(-18.6,3.878143885933,-4.));
#13282 = LINE('',#13283,#13284);
#13283 = CARTESIAN_POINT('',(-18.6,-10.,-4.));
#13284 = VECTOR('',#13285,1.);
#13285 = DIRECTION('',(-0.,1.,0.));
#13286 = ORIENTED_EDGE('',*,*,#13287,.F.);
#13287 = EDGE_CURVE('',#13280,#13278,#13288,.T.);
#13288 = CIRCLE('',#13289,19.);
#13289 = AXIS2_PLACEMENT_3D('',#13290,#13291,#13292);
#13290 = CARTESIAN_POINT('',(0.,0.,-4.));
#13291 = DIRECTION('',(0.,0.,1.));
#13292 = DIRECTION('',(1.,0.,-0.));
#13293 = FACE_BOUND('',#13294,.T.);
#13294 = EDGE_LOOP('',(#13295,#13306,#13314,#13323));
#13295 = ORIENTED_EDGE('',*,*,#13296,.F.);
#13296 = EDGE_CURVE('',#13297,#13299,#13301,.T.);
#13297 = VERTEX_POINT('',#13298);
#13298 = CARTESIAN_POINT('',(-17.4,-7.631513611336,-4.));
#13299 = VERTEX_POINT('',#13300);
#13300 = CARTESIAN_POINT('',(-14.6,-12.15894732285,-4.));
#13301 = CIRCLE('',#13302,19.);
#13302 = AXIS2_PLACEMENT_3D('',#13303,#13304,#13305);
#13303 = CARTESIAN_POINT('',(0.,0.,-4.));
#13304 = DIRECTION('',(0.,0.,1.));
#13305 = DIRECTION('',(1.,0.,-0.));
#13306 = ORIENTED_EDGE('',*,*,#13307,.T.);
#13307 = EDGE_CURVE('',#13297,#13308,#13310,.T.);
#13308 = VERTEX_POINT('',#13309);
#13309 = CARTESIAN_POINT('',(-17.4,7.631513611336,-4.));
#13310 = LINE('',#13311,#13312);
#13311 = CARTESIAN_POINT('',(-17.4,-10.,-4.));
#13312 = VECTOR('',#13313,1.);
#13313 = DIRECTION('',(-0.,1.,0.));
#13314 = ORIENTED_EDGE('',*,*,#13315,.F.);
#13315 = EDGE_CURVE('',#13316,#13308,#13318,.T.);
#13316 = VERTEX_POINT('',#13317);
#13317 = CARTESIAN_POINT('',(-14.6,12.158947322857,-4.));
#13318 = CIRCLE('',#13319,19.);
#13319 = AXIS2_PLACEMENT_3D('',#13320,#13321,#13322);
#13320 = CARTESIAN_POINT('',(0.,0.,-4.));
#13321 = DIRECTION('',(0.,0.,1.));
#13322 = DIRECTION('',(1.,0.,-0.));
#13323 = ORIENTED_EDGE('',*,*,#13324,.F.);
#13324 = EDGE_CURVE('',#13299,#13316,#13325,.T.);
#13325 = LINE('',#13326,#13327);
#13326 = CARTESIAN_POINT('',(-14.6,-10.,-4.));
#13327 = VECTOR('',#13328,1.);
#13328 = DIRECTION('',(-0.,1.,0.));
#13329 = FACE_BOUND('',#13330,.T.);
#13330 = EDGE_LOOP('',(#13331,#13342,#13350,#13359));
#13331 = ORIENTED_EDGE('',*,*,#13332,.F.);
#13332 = EDGE_CURVE('',#13333,#13335,#13337,.T.);
#13333 = VERTEX_POINT('',#13334);
#13334 = CARTESIAN_POINT('',(-13.4,-13.46996659238,-4.));
#13335 = VERTEX_POINT('',#13336);
#13336 = CARTESIAN_POINT('',(-10.6,-15.76832267554,-4.));
#13337 = CIRCLE('',#13338,19.);
#13338 = AXIS2_PLACEMENT_3D('',#13339,#13340,#13341);
#13339 = CARTESIAN_POINT('',(0.,0.,-4.));
#13340 = DIRECTION('',(0.,0.,1.));
#13341 = DIRECTION('',(1.,0.,-0.));
#13342 = ORIENTED_EDGE('',*,*,#13343,.T.);
#13343 = EDGE_CURVE('',#13333,#13344,#13346,.T.);
#13344 = VERTEX_POINT('',#13345);
#13345 = CARTESIAN_POINT('',(-13.4,13.469966592386,-4.));
#13346 = LINE('',#13347,#13348);
#13347 = CARTESIAN_POINT('',(-13.4,-10.,-4.));
#13348 = VECTOR('',#13349,1.);
#13349 = DIRECTION('',(-0.,1.,0.));
#13350 = ORIENTED_EDGE('',*,*,#13351,.F.);
#13351 = EDGE_CURVE('',#13352,#13344,#13354,.T.);
#13352 = VERTEX_POINT('',#13353);
#13353 = CARTESIAN_POINT('',(-10.6,15.768322675542,-4.));
#13354 = CIRCLE('',#13355,19.);
#13355 = AXIS2_PLACEMENT_3D('',#13356,#13357,#13358);
#13356 = CARTESIAN_POINT('',(0.,0.,-4.));
#13357 = DIRECTION('',(0.,0.,1.));
#13358 = DIRECTION('',(1.,0.,-0.));
#13359 = ORIENTED_EDGE('',*,*,#13360,.F.);
#13360 = EDGE_CURVE('',#13335,#13352,#13361,.T.);
#13361 = LINE('',#13362,#13363);
#13362 = CARTESIAN_POINT('',(-10.6,-10.,-4.));
#13363 = VECTOR('',#13364,1.);
#13364 = DIRECTION('',(-0.,1.,0.));
#13365 = FACE_BOUND('',#13366,.T.);
#13366 = EDGE_LOOP('',(#13367,#13378,#13386,#13395));
#13367 = ORIENTED_EDGE('',*,*,#13368,.F.);
#13368 = EDGE_CURVE('',#13369,#13371,#13373,.T.);
#13369 = VERTEX_POINT('',#13370);
#13370 = CARTESIAN_POINT('',(-9.4,-16.51181395244,-4.));
#13371 = VERTEX_POINT('',#13372);
#13372 = CARTESIAN_POINT('',(-6.6,-17.81684596105,-4.));
#13373 = CIRCLE('',#13374,19.);
#13374 = AXIS2_PLACEMENT_3D('',#13375,#13376,#13377);
#13375 = CARTESIAN_POINT('',(0.,0.,-4.));
#13376 = DIRECTION('',(0.,0.,1.));
#13377 = DIRECTION('',(1.,0.,-0.));
#13378 = ORIENTED_EDGE('',*,*,#13379,.T.);
#13379 = EDGE_CURVE('',#13369,#13380,#13382,.T.);
#13380 = VERTEX_POINT('',#13381);
#13381 = CARTESIAN_POINT('',(-9.4,16.51181395244,-4.));
#13382 = LINE('',#13383,#13384);
#13383 = CARTESIAN_POINT('',(-9.4,-10.,-4.));
#13384 = VECTOR('',#13385,1.);
#13385 = DIRECTION('',(-0.,1.,0.));
#13386 = ORIENTED_EDGE('',*,*,#13387,.F.);
#13387 = EDGE_CURVE('',#13388,#13380,#13390,.T.);
#13388 = VERTEX_POINT('',#13389);
#13389 = CARTESIAN_POINT('',(-6.6,17.816845961056,-4.));
#13390 = CIRCLE('',#13391,19.);
#13391 = AXIS2_PLACEMENT_3D('',#13392,#13393,#13394);
#13392 = CARTESIAN_POINT('',(0.,0.,-4.));
#13393 = DIRECTION('',(0.,0.,1.));
#13394 = DIRECTION('',(1.,0.,-0.));
#13395 = ORIENTED_EDGE('',*,*,#13396,.F.);
#13396 = EDGE_CURVE('',#13371,#13388,#13397,.T.);
#13397 = LINE('',#13398,#13399);
#13398 = CARTESIAN_POINT('',(-6.6,-10.,-4.));
#13399 = VECTOR('',#13400,1.);
#13400 = DIRECTION('',(-0.,1.,0.));
#13401 = FACE_BOUND('',#13402,.T.);
#13402 = EDGE_LOOP('',(#13403,#13414,#13422,#13431));
#13403 = ORIENTED_EDGE('',*,*,#13404,.F.);
#13404 = EDGE_CURVE('',#13405,#13407,#13409,.T.);
#13405 = VERTEX_POINT('',#13406);
#13406 = CARTESIAN_POINT('',(-5.4,-18.21647605877,-4.));
#13407 = VERTEX_POINT('',#13408);
#13408 = CARTESIAN_POINT('',(-2.6,-18.82126456963,-4.));
#13409 = CIRCLE('',#13410,19.);
#13410 = AXIS2_PLACEMENT_3D('',#13411,#13412,#13413);
#13411 = CARTESIAN_POINT('',(0.,0.,-4.));
#13412 = DIRECTION('',(0.,0.,1.));
#13413 = DIRECTION('',(1.,0.,-0.));
#13414 = ORIENTED_EDGE('',*,*,#13415,.T.);
#13415 = EDGE_CURVE('',#13405,#13416,#13418,.T.);
#13416 = VERTEX_POINT('',#13417);
#13417 = CARTESIAN_POINT('',(-5.4,18.216476058777,-4.));
#13418 = LINE('',#13419,#13420);
#13419 = CARTESIAN_POINT('',(-5.4,-10.,-4.));
#13420 = VECTOR('',#13421,1.);
#13421 = DIRECTION('',(-0.,1.,0.));
#13422 = ORIENTED_EDGE('',*,*,#13423,.F.);
#13423 = EDGE_CURVE('',#13424,#13416,#13426,.T.);
#13424 = VERTEX_POINT('',#13425);
#13425 = CARTESIAN_POINT('',(-2.6,18.82126456963,-4.));
#13426 = CIRCLE('',#13427,19.);
#13427 = AXIS2_PLACEMENT_3D('',#13428,#13429,#13430);
#13428 = CARTESIAN_POINT('',(0.,0.,-4.));
#13429 = DIRECTION('',(0.,0.,1.));
#13430 = DIRECTION('',(1.,0.,-0.));
#13431 = ORIENTED_EDGE('',*,*,#13432,.F.);
#13432 = EDGE_CURVE('',#13407,#13424,#13433,.T.);
#13433 = LINE('',#13434,#13435);
#13434 = CARTESIAN_POINT('',(-2.6,-10.,-4.));
#13435 = VECTOR('',#13436,1.);
#13436 = DIRECTION('',(-0.,1.,0.));
#13437 = FACE_BOUND('',#13438,.T.);
#13438 = EDGE_LOOP('',(#13439,#13450,#13458,#13467));
#13439 = ORIENTED_EDGE('',*,*,#13440,.F.);
#13440 = EDGE_CURVE('',#13441,#13443,#13445,.T.);
#13441 = VERTEX_POINT('',#13442);
#13442 = CARTESIAN_POINT('',(-1.4,-18.94835085172,-4.));
#13443 = VERTEX_POINT('',#13444);
#13444 = CARTESIAN_POINT('',(1.4,-18.94835085172,-4.));
#13445 = CIRCLE('',#13446,19.);
#13446 = AXIS2_PLACEMENT_3D('',#13447,#13448,#13449);
#13447 = CARTESIAN_POINT('',(0.,0.,-4.));
#13448 = DIRECTION('',(0.,0.,1.));
#13449 = DIRECTION('',(1.,0.,-0.));
#13450 = ORIENTED_EDGE('',*,*,#13451,.T.);
#13451 = EDGE_CURVE('',#13441,#13452,#13454,.T.);
#13452 = VERTEX_POINT('',#13453);
#13453 = CARTESIAN_POINT('',(-1.4,18.948350851723,-4.));
#13454 = LINE('',#13455,#13456);
#13455 = CARTESIAN_POINT('',(-1.4,-10.,-4.));
#13456 = VECTOR('',#13457,1.);
#13457 = DIRECTION('',(-0.,1.,0.));
#13458 = ORIENTED_EDGE('',*,*,#13459,.F.);
#13459 = EDGE_CURVE('',#13460,#13452,#13462,.T.);
#13460 = VERTEX_POINT('',#13461);
#13461 = CARTESIAN_POINT('',(1.4,18.948350851723,-4.));
#13462 = CIRCLE('',#13463,19.);
#13463 = AXIS2_PLACEMENT_3D('',#13464,#13465,#13466);
#13464 = CARTESIAN_POINT('',(0.,0.,-4.));
#13465 = DIRECTION('',(0.,0.,1.));
#13466 = DIRECTION('',(1.,0.,-0.));
#13467 = ORIENTED_EDGE('',*,*,#13468,.F.);
#13468 = EDGE_CURVE('',#13443,#13460,#13469,.T.);
#13469 = LINE('',#13470,#13471);
#13470 = CARTESIAN_POINT('',(1.4,-10.,-4.));
#13471 = VECTOR('',#13472,1.);
#13472 = DIRECTION('',(-0.,1.,0.));
#13473 = FACE_BOUND('',#13474,.T.);
#13474 = EDGE_LOOP('',(#13475,#13486,#13494,#13503));
#13475 = ORIENTED_EDGE('',*,*,#13476,.F.);
#13476 = EDGE_CURVE('',#13477,#13479,#13481,.T.);
#13477 = VERTEX_POINT('',#13478);
#13478 = CARTESIAN_POINT('',(2.6,-18.82126456963,-4.));
#13479 = VERTEX_POINT('',#13480);
#13480 = CARTESIAN_POINT('',(5.4,-18.21647605877,-4.));
#13481 = CIRCLE('',#13482,19.);
#13482 = AXIS2_PLACEMENT_3D('',#13483,#13484,#13485);
#13483 = CARTESIAN_POINT('',(0.,0.,-4.));
#13484 = DIRECTION('',(0.,0.,1.));
#13485 = DIRECTION('',(1.,0.,-0.));
#13486 = ORIENTED_EDGE('',*,*,#13487,.T.);
#13487 = EDGE_CURVE('',#13477,#13488,#13490,.T.);
#13488 = VERTEX_POINT('',#13489);
#13489 = CARTESIAN_POINT('',(2.6,18.82126456963,-4.));
#13490 = LINE('',#13491,#13492);
#13491 = CARTESIAN_POINT('',(2.6,-10.,-4.));
#13492 = VECTOR('',#13493,1.);
#13493 = DIRECTION('',(-0.,1.,0.));
#13494 = ORIENTED_EDGE('',*,*,#13495,.F.);
#13495 = EDGE_CURVE('',#13496,#13488,#13498,.T.);
#13496 = VERTEX_POINT('',#13497);
#13497 = CARTESIAN_POINT('',(5.4,18.216476058777,-4.));
#13498 = CIRCLE('',#13499,19.);
#13499 = AXIS2_PLACEMENT_3D('',#13500,#13501,#13502);
#13500 = CARTESIAN_POINT('',(0.,0.,-4.));
#13501 = DIRECTION('',(0.,0.,1.));
#13502 = DIRECTION('',(1.,0.,-0.));
#13503 = ORIENTED_EDGE('',*,*,#13504,.F.);
#13504 = EDGE_CURVE('',#13479,#13496,#13505,.T.);
#13505 = LINE('',#13506,#13507);
#13506 = CARTESIAN_POINT('',(5.4,-10.,-4.));
#13507 = VECTOR('',#13508,1.);
#13508 = DIRECTION('',(-0.,1.,0.));
#13509 = FACE_BOUND('',#13510,.T.);
#13510 = EDGE_LOOP('',(#13511,#13522,#13530,#13539));
#13511 = ORIENTED_EDGE('',*,*,#13512,.F.);
#13512 = EDGE_CURVE('',#13513,#13515,#13517,.T.);
#13513 = VERTEX_POINT('',#13514);
#13514 = CARTESIAN_POINT('',(6.6,-17.81684596105,-4.));
#13515 = VERTEX_POINT('',#13516);
#13516 = CARTESIAN_POINT('',(9.4,-16.51181395244,-4.));
#13517 = CIRCLE('',#13518,19.);
#13518 = AXIS2_PLACEMENT_3D('',#13519,#13520,#13521);
#13519 = CARTESIAN_POINT('',(0.,0.,-4.));
#13520 = DIRECTION('',(0.,0.,1.));
#13521 = DIRECTION('',(1.,0.,-0.));
#13522 = ORIENTED_EDGE('',*,*,#13523,.T.);
#13523 = EDGE_CURVE('',#13513,#13524,#13526,.T.);
#13524 = VERTEX_POINT('',#13525);
#13525 = CARTESIAN_POINT('',(6.6,17.816845961056,-4.));
#13526 = LINE('',#13527,#13528);
#13527 = CARTESIAN_POINT('',(6.6,-10.,-4.));
#13528 = VECTOR('',#13529,1.);
#13529 = DIRECTION('',(-0.,1.,0.));
#13530 = ORIENTED_EDGE('',*,*,#13531,.F.);
#13531 = EDGE_CURVE('',#13532,#13524,#13534,.T.);
#13532 = VERTEX_POINT('',#13533);
#13533 = CARTESIAN_POINT('',(9.4,16.51181395244,-4.));
#13534 = CIRCLE('',#13535,19.);
#13535 = AXIS2_PLACEMENT_3D('',#13536,#13537,#13538);
#13536 = CARTESIAN_POINT('',(0.,0.,-4.));
#13537 = DIRECTION('',(0.,0.,1.));
#13538 = DIRECTION('',(1.,0.,-0.));
#13539 = ORIENTED_EDGE('',*,*,#13540,.F.);
#13540 = EDGE_CURVE('',#13515,#13532,#13541,.T.);
#13541 = LINE('',#13542,#13543);
#13542 = CARTESIAN_POINT('',(9.4,-10.,-4.));
#13543 = VECTOR('',#13544,1.);
#13544 = DIRECTION('',(-0.,1.,0.));
#13545 = FACE_BOUND('',#13546,.T.);
#13546 = EDGE_LOOP('',(#13547,#13558,#13566,#13575));
#13547 = ORIENTED_EDGE('',*,*,#13548,.F.);
#13548 = EDGE_CURVE('',#13549,#13551,#13553,.T.);
#13549 = VERTEX_POINT('',#13550);
#13550 = CARTESIAN_POINT('',(10.6,-15.76832267554,-4.));
#13551 = VERTEX_POINT('',#13552);
#13552 = CARTESIAN_POINT('',(13.4,-13.46996659238,-4.));
#13553 = CIRCLE('',#13554,19.);
#13554 = AXIS2_PLACEMENT_3D('',#13555,#13556,#13557);
#13555 = CARTESIAN_POINT('',(0.,0.,-4.));
#13556 = DIRECTION('',(0.,0.,1.));
#13557 = DIRECTION('',(1.,0.,-0.));
#13558 = ORIENTED_EDGE('',*,*,#13559,.T.);
#13559 = EDGE_CURVE('',#13549,#13560,#13562,.T.);
#13560 = VERTEX_POINT('',#13561);
#13561 = CARTESIAN_POINT('',(10.6,15.768322675542,-4.));
#13562 = LINE('',#13563,#13564);
#13563 = CARTESIAN_POINT('',(10.6,-10.,-4.));
#13564 = VECTOR('',#13565,1.);
#13565 = DIRECTION('',(-0.,1.,0.));
#13566 = ORIENTED_EDGE('',*,*,#13567,.F.);
#13567 = EDGE_CURVE('',#13568,#13560,#13570,.T.);
#13568 = VERTEX_POINT('',#13569);
#13569 = CARTESIAN_POINT('',(13.4,13.469966592386,-4.));
#13570 = CIRCLE('',#13571,19.);
#13571 = AXIS2_PLACEMENT_3D('',#13572,#13573,#13574);
#13572 = CARTESIAN_POINT('',(0.,0.,-4.));
#13573 = DIRECTION('',(0.,0.,1.));
#13574 = DIRECTION('',(1.,0.,-0.));
#13575 = ORIENTED_EDGE('',*,*,#13576,.F.);
#13576 = EDGE_CURVE('',#13551,#13568,#13577,.T.);
#13577 = LINE('',#13578,#13579);
#13578 = CARTESIAN_POINT('',(13.4,-10.,-4.));
#13579 = VECTOR('',#13580,1.);
#13580 = DIRECTION('',(-0.,1.,0.));
#13581 = FACE_BOUND('',#13582,.T.);
#13582 = EDGE_LOOP('',(#13583,#13594,#13602));
#13583 = ORIENTED_EDGE('',*,*,#13584,.F.);
#13584 = EDGE_CURVE('',#13585,#13587,#13589,.T.);
#13585 = VERTEX_POINT('',#13586);
#13586 = CARTESIAN_POINT('',(18.6,-3.878143885933,-4.));
#13587 = VERTEX_POINT('',#13588);
#13588 = CARTESIAN_POINT('',(19.,-4.65365783676E-15,-4.));
#13589 = CIRCLE('',#13590,19.);
#13590 = AXIS2_PLACEMENT_3D('',#13591,#13592,#13593);
#13591 = CARTESIAN_POINT('',(0.,0.,-4.));
#13592 = DIRECTION('',(0.,0.,1.));
#13593 = DIRECTION('',(1.,0.,-0.));
#13594 = ORIENTED_EDGE('',*,*,#13595,.T.);
#13595 = EDGE_CURVE('',#13585,#13596,#13598,.T.);
#13596 = VERTEX_POINT('',#13597);
#13597 = CARTESIAN_POINT('',(18.6,3.878143885933,-4.));
#13598 = LINE('',#13599,#13600);
#13599 = CARTESIAN_POINT('',(18.6,-10.,-4.));
#13600 = VECTOR('',#13601,1.);
#13601 = DIRECTION('',(-0.,1.,0.));
#13602 = ORIENTED_EDGE('',*,*,#13603,.F.);
#13603 = EDGE_CURVE('',#13587,#13596,#13604,.T.);
#13604 = CIRCLE('',#13605,19.);
#13605 = AXIS2_PLACEMENT_3D('',#13606,#13607,#13608);
#13606 = CARTESIAN_POINT('',(0.,0.,-4.));
#13607 = DIRECTION('',(0.,0.,1.));
#13608 = DIRECTION('',(1.,0.,-0.));
#13609 = FACE_BOUND('',#13610,.T.);
#13610 = EDGE_LOOP('',(#13611));
#13611 = ORIENTED_EDGE('',*,*,#13612,.F.);
#13612 = EDGE_CURVE('',#13613,#13613,#13615,.T.);
#13613 = VERTEX_POINT('',#13614);
#13614 = CARTESIAN_POINT('',(31.7,-2.939152317954E-16,-4.));
#13615 = CIRCLE('',#13616,1.2);
#13616 = AXIS2_PLACEMENT_3D('',#13617,#13618,#13619);
#13617 = CARTESIAN_POINT('',(30.5,0.,-4.));
#13618 = DIRECTION('',(0.,0.,1.));
#13619 = DIRECTION('',(1.,0.,-0.));
#13620 = FACE_BOUND('',#13621,.T.);
#13621 = EDGE_LOOP('',(#13622));
#13622 = ORIENTED_EDGE('',*,*,#13623,.F.);
#13623 = EDGE_CURVE('',#13624,#13624,#13626,.T.);
#13624 = VERTEX_POINT('',#13625);
#13625 = CARTESIAN_POINT('',(-14.05,26.413774815425,-4.));
#13626 = CIRCLE('',#13627,1.2);
#13627 = AXIS2_PLACEMENT_3D('',#13628,#13629,#13630);
#13628 = CARTESIAN_POINT('',(-15.25,26.413774815425,-4.));
#13629 = DIRECTION('',(0.,0.,1.));
#13630 = DIRECTION('',(1.,0.,-0.));
#13631 = FACE_BOUND('',#13632,.T.);
#13632 = EDGE_LOOP('',(#13633,#13644,#13652,#13661));
#13633 = ORIENTED_EDGE('',*,*,#13634,.F.);
#13634 = EDGE_CURVE('',#13635,#13637,#13639,.T.);
#13635 = VERTEX_POINT('',#13636);
#13636 = CARTESIAN_POINT('',(14.6,-12.15894732285,-4.));
#13637 = VERTEX_POINT('',#13638);
#13638 = CARTESIAN_POINT('',(17.4,-7.631513611336,-4.));
#13639 = CIRCLE('',#13640,19.);
#13640 = AXIS2_PLACEMENT_3D('',#13641,#13642,#13643);
#13641 = CARTESIAN_POINT('',(0.,0.,-4.));
#13642 = DIRECTION('',(0.,0.,1.));
#13643 = DIRECTION('',(1.,0.,-0.));
#13644 = ORIENTED_EDGE('',*,*,#13645,.T.);
#13645 = EDGE_CURVE('',#13635,#13646,#13648,.T.);
#13646 = VERTEX_POINT('',#13647);
#13647 = CARTESIAN_POINT('',(14.6,12.158947322857,-4.));
#13648 = LINE('',#13649,#13650);
#13649 = CARTESIAN_POINT('',(14.6,-10.,-4.));
#13650 = VECTOR('',#13651,1.);
#13651 = DIRECTION('',(-0.,1.,0.));
#13652 = ORIENTED_EDGE('',*,*,#13653,.F.);
#13653 = EDGE_CURVE('',#13654,#13646,#13656,.T.);
#13654 = VERTEX_POINT('',#13655);
#13655 = CARTESIAN_POINT('',(17.4,7.631513611336,-4.));
#13656 = CIRCLE('',#13657,19.);
#13657 = AXIS2_PLACEMENT_3D('',#13658,#13659,#13660);
#13658 = CARTESIAN_POINT('',(0.,0.,-4.));
#13659 = DIRECTION('',(0.,0.,1.));
#13660 = DIRECTION('',(1.,0.,-0.));
#13661 = ORIENTED_EDGE('',*,*,#13662,.F.);
#13662 = EDGE_CURVE('',#13637,#13654,#13663,.T.);
#13663 = LINE('',#13664,#13665);
#13664 = CARTESIAN_POINT('',(17.4,-10.,-4.));
#13665 = VECTOR('',#13666,1.);
#13666 = DIRECTION('',(-0.,1.,0.));
#13667 = PLANE('',#13668);
#13668 = AXIS2_PLACEMENT_3D('',#13669,#13670,#13671);
#13669 = CARTESIAN_POINT('',(0.,0.,-4.));
#13670 = DIRECTION('',(0.,0.,1.));
#13671 = DIRECTION('',(1.,0.,-0.));
#13672 = ADVANCED_FACE('',(#13673,#13676,#13687,#13706,#13742,#13778,
    #13814,#13850,#13886,#13922,#13958,#13994,#14022,#14033,#14044),
  #14080,.F.);
#13673 = FACE_BOUND('',#13674,.F.);
#13674 = EDGE_LOOP('',(#13675));
#13675 = ORIENTED_EDGE('',*,*,#13247,.T.);
#13676 = FACE_BOUND('',#13677,.F.);
#13677 = EDGE_LOOP('',(#13678));
#13678 = ORIENTED_EDGE('',*,*,#13679,.F.);
#13679 = EDGE_CURVE('',#13680,#13680,#13682,.T.);
#13680 = VERTEX_POINT('',#13681);
#13681 = CARTESIAN_POINT('',(-14.05,-26.41377481542,-5.8));
#13682 = CIRCLE('',#13683,1.2);
#13683 = AXIS2_PLACEMENT_3D('',#13684,#13685,#13686);
#13684 = CARTESIAN_POINT('',(-15.25,-26.41377481542,-5.8));
#13685 = DIRECTION('',(0.,0.,1.));
#13686 = DIRECTION('',(1.,0.,-0.));
#13687 = FACE_BOUND('',#13688,.F.);
#13688 = EDGE_LOOP('',(#13689,#13699));
#13689 = ORIENTED_EDGE('',*,*,#13690,.F.);
#13690 = EDGE_CURVE('',#13691,#13693,#13695,.T.);
#13691 = VERTEX_POINT('',#13692);
#13692 = CARTESIAN_POINT('',(-18.6,-3.878143885933,-5.8));
#13693 = VERTEX_POINT('',#13694);
#13694 = CARTESIAN_POINT('',(-18.6,3.878143885933,-5.8));
#13695 = LINE('',#13696,#13697);
#13696 = CARTESIAN_POINT('',(-18.6,-10.,-5.8));
#13697 = VECTOR('',#13698,1.);
#13698 = DIRECTION('',(-0.,1.,0.));
#13699 = ORIENTED_EDGE('',*,*,#13700,.F.);
#13700 = EDGE_CURVE('',#13693,#13691,#13701,.T.);
#13701 = CIRCLE('',#13702,19.);
#13702 = AXIS2_PLACEMENT_3D('',#13703,#13704,#13705);
#13703 = CARTESIAN_POINT('',(0.,0.,-5.8));
#13704 = DIRECTION('',(0.,0.,1.));
#13705 = DIRECTION('',(1.,0.,-0.));
#13706 = FACE_BOUND('',#13707,.F.);
#13707 = EDGE_LOOP('',(#13708,#13719,#13727,#13736));
#13708 = ORIENTED_EDGE('',*,*,#13709,.F.);
#13709 = EDGE_CURVE('',#13710,#13712,#13714,.T.);
#13710 = VERTEX_POINT('',#13711);
#13711 = CARTESIAN_POINT('',(-17.4,-7.631513611336,-5.8));
#13712 = VERTEX_POINT('',#13713);
#13713 = CARTESIAN_POINT('',(-14.6,-12.15894732285,-5.8));
#13714 = CIRCLE('',#13715,19.);
#13715 = AXIS2_PLACEMENT_3D('',#13716,#13717,#13718);
#13716 = CARTESIAN_POINT('',(0.,0.,-5.8));
#13717 = DIRECTION('',(0.,0.,1.));
#13718 = DIRECTION('',(1.,0.,-0.));
#13719 = ORIENTED_EDGE('',*,*,#13720,.T.);
#13720 = EDGE_CURVE('',#13710,#13721,#13723,.T.);
#13721 = VERTEX_POINT('',#13722);
#13722 = CARTESIAN_POINT('',(-17.4,7.631513611336,-5.8));
#13723 = LINE('',#13724,#13725);
#13724 = CARTESIAN_POINT('',(-17.4,-10.,-5.8));
#13725 = VECTOR('',#13726,1.);
#13726 = DIRECTION('',(-0.,1.,0.));
#13727 = ORIENTED_EDGE('',*,*,#13728,.F.);
#13728 = EDGE_CURVE('',#13729,#13721,#13731,.T.);
#13729 = VERTEX_POINT('',#13730);
#13730 = CARTESIAN_POINT('',(-14.6,12.158947322857,-5.8));
#13731 = CIRCLE('',#13732,19.);
#13732 = AXIS2_PLACEMENT_3D('',#13733,#13734,#13735);
#13733 = CARTESIAN_POINT('',(0.,0.,-5.8));
#13734 = DIRECTION('',(0.,0.,1.));
#13735 = DIRECTION('',(1.,0.,-0.));
#13736 = ORIENTED_EDGE('',*,*,#13737,.F.);
#13737 = EDGE_CURVE('',#13712,#13729,#13738,.T.);
#13738 = LINE('',#13739,#13740);
#13739 = CARTESIAN_POINT('',(-14.6,-10.,-5.8));
#13740 = VECTOR('',#13741,1.);
#13741 = DIRECTION('',(-0.,1.,0.));
#13742 = FACE_BOUND('',#13743,.F.);
#13743 = EDGE_LOOP('',(#13744,#13755,#13763,#13772));
#13744 = ORIENTED_EDGE('',*,*,#13745,.F.);
#13745 = EDGE_CURVE('',#13746,#13748,#13750,.T.);
#13746 = VERTEX_POINT('',#13747);
#13747 = CARTESIAN_POINT('',(-13.4,-13.46996659238,-5.8));
#13748 = VERTEX_POINT('',#13749);
#13749 = CARTESIAN_POINT('',(-10.6,-15.76832267554,-5.8));
#13750 = CIRCLE('',#13751,19.);
#13751 = AXIS2_PLACEMENT_3D('',#13752,#13753,#13754);
#13752 = CARTESIAN_POINT('',(0.,0.,-5.8));
#13753 = DIRECTION('',(0.,0.,1.));
#13754 = DIRECTION('',(1.,0.,-0.));
#13755 = ORIENTED_EDGE('',*,*,#13756,.T.);
#13756 = EDGE_CURVE('',#13746,#13757,#13759,.T.);
#13757 = VERTEX_POINT('',#13758);
#13758 = CARTESIAN_POINT('',(-13.4,13.469966592386,-5.8));
#13759 = LINE('',#13760,#13761);
#13760 = CARTESIAN_POINT('',(-13.4,-10.,-5.8));
#13761 = VECTOR('',#13762,1.);
#13762 = DIRECTION('',(-0.,1.,0.));
#13763 = ORIENTED_EDGE('',*,*,#13764,.F.);
#13764 = EDGE_CURVE('',#13765,#13757,#13767,.T.);
#13765 = VERTEX_POINT('',#13766);
#13766 = CARTESIAN_POINT('',(-10.6,15.768322675542,-5.8));
#13767 = CIRCLE('',#13768,19.);
#13768 = AXIS2_PLACEMENT_3D('',#13769,#13770,#13771);
#13769 = CARTESIAN_POINT('',(0.,0.,-5.8));
#13770 = DIRECTION('',(0.,0.,1.));
#13771 = DIRECTION('',(1.,0.,-0.));
#13772 = ORIENTED_EDGE('',*,*,#13773,.F.);
#13773 = EDGE_CURVE('',#13748,#13765,#13774,.T.);
#13774 = LINE('',#13775,#13776);
#13775 = CARTESIAN_POINT('',(-10.6,-10.,-5.8));
#13776 = VECTOR('',#13777,1.);
#13777 = DIRECTION('',(-0.,1.,0.));
#13778 = FACE_BOUND('',#13779,.F.);
#13779 = EDGE_LOOP('',(#13780,#13791,#13799,#13808));
#13780 = ORIENTED_EDGE('',*,*,#13781,.F.);
#13781 = EDGE_CURVE('',#13782,#13784,#13786,.T.);
#13782 = VERTEX_POINT('',#13783);
#13783 = CARTESIAN_POINT('',(-9.4,-16.51181395244,-5.8));
#13784 = VERTEX_POINT('',#13785);
#13785 = CARTESIAN_POINT('',(-6.6,-17.81684596105,-5.8));
#13786 = CIRCLE('',#13787,19.);
#13787 = AXIS2_PLACEMENT_3D('',#13788,#13789,#13790);
#13788 = CARTESIAN_POINT('',(0.,0.,-5.8));
#13789 = DIRECTION('',(0.,0.,1.));
#13790 = DIRECTION('',(1.,0.,-0.));
#13791 = ORIENTED_EDGE('',*,*,#13792,.T.);
#13792 = EDGE_CURVE('',#13782,#13793,#13795,.T.);
#13793 = VERTEX_POINT('',#13794);
#13794 = CARTESIAN_POINT('',(-9.4,16.51181395244,-5.8));
#13795 = LINE('',#13796,#13797);
#13796 = CARTESIAN_POINT('',(-9.4,-10.,-5.8));
#13797 = VECTOR('',#13798,1.);
#13798 = DIRECTION('',(-0.,1.,0.));
#13799 = ORIENTED_EDGE('',*,*,#13800,.F.);
#13800 = EDGE_CURVE('',#13801,#13793,#13803,.T.);
#13801 = VERTEX_POINT('',#13802);
#13802 = CARTESIAN_POINT('',(-6.6,17.816845961056,-5.8));
#13803 = CIRCLE('',#13804,19.);
#13804 = AXIS2_PLACEMENT_3D('',#13805,#13806,#13807);
#13805 = CARTESIAN_POINT('',(0.,0.,-5.8));
#13806 = DIRECTION('',(0.,0.,1.));
#13807 = DIRECTION('',(1.,0.,-0.));
#13808 = ORIENTED_EDGE('',*,*,#13809,.F.);
#13809 = EDGE_CURVE('',#13784,#13801,#13810,.T.);
#13810 = LINE('',#13811,#13812);
#13811 = CARTESIAN_POINT('',(-6.6,-10.,-5.8));
#13812 = VECTOR('',#13813,1.);
#13813 = DIRECTION('',(-0.,1.,0.));
#13814 = FACE_BOUND('',#13815,.F.);
#13815 = EDGE_LOOP('',(#13816,#13827,#13835,#13844));
#13816 = ORIENTED_EDGE('',*,*,#13817,.F.);
#13817 = EDGE_CURVE('',#13818,#13820,#13822,.T.);
#13818 = VERTEX_POINT('',#13819);
#13819 = CARTESIAN_POINT('',(-5.4,-18.21647605877,-5.8));
#13820 = VERTEX_POINT('',#13821);
#13821 = CARTESIAN_POINT('',(-2.6,-18.82126456963,-5.8));
#13822 = CIRCLE('',#13823,19.);
#13823 = AXIS2_PLACEMENT_3D('',#13824,#13825,#13826);
#13824 = CARTESIAN_POINT('',(0.,0.,-5.8));
#13825 = DIRECTION('',(0.,0.,1.));
#13826 = DIRECTION('',(1.,0.,-0.));
#13827 = ORIENTED_EDGE('',*,*,#13828,.T.);
#13828 = EDGE_CURVE('',#13818,#13829,#13831,.T.);
#13829 = VERTEX_POINT('',#13830);
#13830 = CARTESIAN_POINT('',(-5.4,18.216476058777,-5.8));
#13831 = LINE('',#13832,#13833);
#13832 = CARTESIAN_POINT('',(-5.4,-10.,-5.8));
#13833 = VECTOR('',#13834,1.);
#13834 = DIRECTION('',(-0.,1.,0.));
#13835 = ORIENTED_EDGE('',*,*,#13836,.F.);
#13836 = EDGE_CURVE('',#13837,#13829,#13839,.T.);
#13837 = VERTEX_POINT('',#13838);
#13838 = CARTESIAN_POINT('',(-2.6,18.82126456963,-5.8));
#13839 = CIRCLE('',#13840,19.);
#13840 = AXIS2_PLACEMENT_3D('',#13841,#13842,#13843);
#13841 = CARTESIAN_POINT('',(0.,0.,-5.8));
#13842 = DIRECTION('',(0.,0.,1.));
#13843 = DIRECTION('',(1.,0.,-0.));
#13844 = ORIENTED_EDGE('',*,*,#13845,.F.);
#13845 = EDGE_CURVE('',#13820,#13837,#13846,.T.);
#13846 = LINE('',#13847,#13848);
#13847 = CARTESIAN_POINT('',(-2.6,-10.,-5.8));
#13848 = VECTOR('',#13849,1.);
#13849 = DIRECTION('',(-0.,1.,0.));
#13850 = FACE_BOUND('',#13851,.F.);
#13851 = EDGE_LOOP('',(#13852,#13863,#13871,#13880));
#13852 = ORIENTED_EDGE('',*,*,#13853,.F.);
#13853 = EDGE_CURVE('',#13854,#13856,#13858,.T.);
#13854 = VERTEX_POINT('',#13855);
#13855 = CARTESIAN_POINT('',(-1.4,-18.94835085172,-5.8));
#13856 = VERTEX_POINT('',#13857);
#13857 = CARTESIAN_POINT('',(1.4,-18.94835085172,-5.8));
#13858 = CIRCLE('',#13859,19.);
#13859 = AXIS2_PLACEMENT_3D('',#13860,#13861,#13862);
#13860 = CARTESIAN_POINT('',(0.,0.,-5.8));
#13861 = DIRECTION('',(0.,0.,1.));
#13862 = DIRECTION('',(1.,0.,-0.));
#13863 = ORIENTED_EDGE('',*,*,#13864,.T.);
#13864 = EDGE_CURVE('',#13854,#13865,#13867,.T.);
#13865 = VERTEX_POINT('',#13866);
#13866 = CARTESIAN_POINT('',(-1.4,18.948350851723,-5.8));
#13867 = LINE('',#13868,#13869);
#13868 = CARTESIAN_POINT('',(-1.4,-10.,-5.8));
#13869 = VECTOR('',#13870,1.);
#13870 = DIRECTION('',(-0.,1.,0.));
#13871 = ORIENTED_EDGE('',*,*,#13872,.F.);
#13872 = EDGE_CURVE('',#13873,#13865,#13875,.T.);
#13873 = VERTEX_POINT('',#13874);
#13874 = CARTESIAN_POINT('',(1.4,18.948350851723,-5.8));
#13875 = CIRCLE('',#13876,19.);
#13876 = AXIS2_PLACEMENT_3D('',#13877,#13878,#13879);
#13877 = CARTESIAN_POINT('',(0.,0.,-5.8));
#13878 = DIRECTION('',(0.,0.,1.));
#13879 = DIRECTION('',(1.,0.,-0.));
#13880 = ORIENTED_EDGE('',*,*,#13881,.F.);
#13881 = EDGE_CURVE('',#13856,#13873,#13882,.T.);
#13882 = LINE('',#13883,#13884);
#13883 = CARTESIAN_POINT('',(1.4,-10.,-5.8));
#13884 = VECTOR('',#13885,1.);
#13885 = DIRECTION('',(-0.,1.,0.));
#13886 = FACE_BOUND('',#13887,.F.);
#13887 = EDGE_LOOP('',(#13888,#13899,#13907,#13916));
#13888 = ORIENTED_EDGE('',*,*,#13889,.F.);
#13889 = EDGE_CURVE('',#13890,#13892,#13894,.T.);
#13890 = VERTEX_POINT('',#13891);
#13891 = CARTESIAN_POINT('',(2.6,-18.82126456963,-5.8));
#13892 = VERTEX_POINT('',#13893);
#13893 = CARTESIAN_POINT('',(5.4,-18.21647605877,-5.8));
#13894 = CIRCLE('',#13895,19.);
#13895 = AXIS2_PLACEMENT_3D('',#13896,#13897,#13898);
#13896 = CARTESIAN_POINT('',(0.,0.,-5.8));
#13897 = DIRECTION('',(0.,0.,1.));
#13898 = DIRECTION('',(1.,0.,-0.));
#13899 = ORIENTED_EDGE('',*,*,#13900,.T.);
#13900 = EDGE_CURVE('',#13890,#13901,#13903,.T.);
#13901 = VERTEX_POINT('',#13902);
#13902 = CARTESIAN_POINT('',(2.6,18.82126456963,-5.8));
#13903 = LINE('',#13904,#13905);
#13904 = CARTESIAN_POINT('',(2.6,-10.,-5.8));
#13905 = VECTOR('',#13906,1.);
#13906 = DIRECTION('',(-0.,1.,0.));
#13907 = ORIENTED_EDGE('',*,*,#13908,.F.);
#13908 = EDGE_CURVE('',#13909,#13901,#13911,.T.);
#13909 = VERTEX_POINT('',#13910);
#13910 = CARTESIAN_POINT('',(5.4,18.216476058777,-5.8));
#13911 = CIRCLE('',#13912,19.);
#13912 = AXIS2_PLACEMENT_3D('',#13913,#13914,#13915);
#13913 = CARTESIAN_POINT('',(0.,0.,-5.8));
#13914 = DIRECTION('',(0.,0.,1.));
#13915 = DIRECTION('',(1.,0.,-0.));
#13916 = ORIENTED_EDGE('',*,*,#13917,.F.);
#13917 = EDGE_CURVE('',#13892,#13909,#13918,.T.);
#13918 = LINE('',#13919,#13920);
#13919 = CARTESIAN_POINT('',(5.4,-10.,-5.8));
#13920 = VECTOR('',#13921,1.);
#13921 = DIRECTION('',(-0.,1.,0.));
#13922 = FACE_BOUND('',#13923,.F.);
#13923 = EDGE_LOOP('',(#13924,#13935,#13943,#13952));
#13924 = ORIENTED_EDGE('',*,*,#13925,.F.);
#13925 = EDGE_CURVE('',#13926,#13928,#13930,.T.);
#13926 = VERTEX_POINT('',#13927);
#13927 = CARTESIAN_POINT('',(6.6,-17.81684596105,-5.8));
#13928 = VERTEX_POINT('',#13929);
#13929 = CARTESIAN_POINT('',(9.4,-16.51181395244,-5.8));
#13930 = CIRCLE('',#13931,19.);
#13931 = AXIS2_PLACEMENT_3D('',#13932,#13933,#13934);
#13932 = CARTESIAN_POINT('',(0.,0.,-5.8));
#13933 = DIRECTION('',(0.,0.,1.));
#13934 = DIRECTION('',(1.,0.,-0.));
#13935 = ORIENTED_EDGE('',*,*,#13936,.T.);
#13936 = EDGE_CURVE('',#13926,#13937,#13939,.T.);
#13937 = VERTEX_POINT('',#13938);
#13938 = CARTESIAN_POINT('',(6.6,17.816845961056,-5.8));
#13939 = LINE('',#13940,#13941);
#13940 = CARTESIAN_POINT('',(6.6,-10.,-5.8));
#13941 = VECTOR('',#13942,1.);
#13942 = DIRECTION('',(-0.,1.,0.));
#13943 = ORIENTED_EDGE('',*,*,#13944,.F.);
#13944 = EDGE_CURVE('',#13945,#13937,#13947,.T.);
#13945 = VERTEX_POINT('',#13946);
#13946 = CARTESIAN_POINT('',(9.4,16.51181395244,-5.8));
#13947 = CIRCLE('',#13948,19.);
#13948 = AXIS2_PLACEMENT_3D('',#13949,#13950,#13951);
#13949 = CARTESIAN_POINT('',(0.,0.,-5.8));
#13950 = DIRECTION('',(0.,0.,1.));
#13951 = DIRECTION('',(1.,0.,-0.));
#13952 = ORIENTED_EDGE('',*,*,#13953,.F.);
#13953 = EDGE_CURVE('',#13928,#13945,#13954,.T.);
#13954 = LINE('',#13955,#13956);
#13955 = CARTESIAN_POINT('',(9.4,-10.,-5.8));
#13956 = VECTOR('',#13957,1.);
#13957 = DIRECTION('',(-0.,1.,0.));
#13958 = FACE_BOUND('',#13959,.F.);
#13959 = EDGE_LOOP('',(#13960,#13971,#13979,#13988));
#13960 = ORIENTED_EDGE('',*,*,#13961,.F.);
#13961 = EDGE_CURVE('',#13962,#13964,#13966,.T.);
#13962 = VERTEX_POINT('',#13963);
#13963 = CARTESIAN_POINT('',(10.6,-15.76832267554,-5.8));
#13964 = VERTEX_POINT('',#13965);
#13965 = CARTESIAN_POINT('',(13.4,-13.46996659238,-5.8));
#13966 = CIRCLE('',#13967,19.);
#13967 = AXIS2_PLACEMENT_3D('',#13968,#13969,#13970);
#13968 = CARTESIAN_POINT('',(0.,0.,-5.8));
#13969 = DIRECTION('',(0.,0.,1.));
#13970 = DIRECTION('',(1.,0.,-0.));
#13971 = ORIENTED_EDGE('',*,*,#13972,.T.);
#13972 = EDGE_CURVE('',#13962,#13973,#13975,.T.);
#13973 = VERTEX_POINT('',#13974);
#13974 = CARTESIAN_POINT('',(10.6,15.768322675542,-5.8));
#13975 = LINE('',#13976,#13977);
#13976 = CARTESIAN_POINT('',(10.6,-10.,-5.8));
#13977 = VECTOR('',#13978,1.);
#13978 = DIRECTION('',(-0.,1.,0.));
#13979 = ORIENTED_EDGE('',*,*,#13980,.F.);
#13980 = EDGE_CURVE('',#13981,#13973,#13983,.T.);
#13981 = VERTEX_POINT('',#13982);
#13982 = CARTESIAN_POINT('',(13.4,13.469966592386,-5.8));
#13983 = CIRCLE('',#13984,19.);
#13984 = AXIS2_PLACEMENT_3D('',#13985,#13986,#13987);
#13985 = CARTESIAN_POINT('',(0.,0.,-5.8));
#13986 = DIRECTION('',(0.,0.,1.));
#13987 = DIRECTION('',(1.,0.,-0.));
#13988 = ORIENTED_EDGE('',*,*,#13989,.F.);
#13989 = EDGE_CURVE('',#13964,#13981,#13990,.T.);
#13990 = LINE('',#13991,#13992);
#13991 = CARTESIAN_POINT('',(13.4,-10.,-5.8));
#13992 = VECTOR('',#13993,1.);
#13993 = DIRECTION('',(-0.,1.,0.));
#13994 = FACE_BOUND('',#13995,.F.);
#13995 = EDGE_LOOP('',(#13996,#14007,#14015));
#13996 = ORIENTED_EDGE('',*,*,#13997,.F.);
#13997 = EDGE_CURVE('',#13998,#14000,#14002,.T.);
#13998 = VERTEX_POINT('',#13999);
#13999 = CARTESIAN_POINT('',(18.6,-3.878143885933,-5.8));
#14000 = VERTEX_POINT('',#14001);
#14001 = CARTESIAN_POINT('',(19.,-4.65365783676E-15,-5.8));
#14002 = CIRCLE('',#14003,19.);
#14003 = AXIS2_PLACEMENT_3D('',#14004,#14005,#14006);
#14004 = CARTESIAN_POINT('',(0.,0.,-5.8));
#14005 = DIRECTION('',(0.,0.,1.));
#14006 = DIRECTION('',(1.,0.,-0.));
#14007 = ORIENTED_EDGE('',*,*,#14008,.T.);
#14008 = EDGE_CURVE('',#13998,#14009,#14011,.T.);
#14009 = VERTEX_POINT('',#14010);
#14010 = CARTESIAN_POINT('',(18.6,3.878143885933,-5.8));
#14011 = LINE('',#14012,#14013);
#14012 = CARTESIAN_POINT('',(18.6,-10.,-5.8));
#14013 = VECTOR('',#14014,1.);
#14014 = DIRECTION('',(-0.,1.,0.));
#14015 = ORIENTED_EDGE('',*,*,#14016,.F.);
#14016 = EDGE_CURVE('',#14000,#14009,#14017,.T.);
#14017 = CIRCLE('',#14018,19.);
#14018 = AXIS2_PLACEMENT_3D('',#14019,#14020,#14021);
#14019 = CARTESIAN_POINT('',(0.,0.,-5.8));
#14020 = DIRECTION('',(0.,0.,1.));
#14021 = DIRECTION('',(1.,0.,-0.));
#14022 = FACE_BOUND('',#14023,.F.);
#14023 = EDGE_LOOP('',(#14024));
#14024 = ORIENTED_EDGE('',*,*,#14025,.F.);
#14025 = EDGE_CURVE('',#14026,#14026,#14028,.T.);
#14026 = VERTEX_POINT('',#14027);
#14027 = CARTESIAN_POINT('',(31.7,-2.939152317954E-16,-5.8));
#14028 = CIRCLE('',#14029,1.2);
#14029 = AXIS2_PLACEMENT_3D('',#14030,#14031,#14032);
#14030 = CARTESIAN_POINT('',(30.5,0.,-5.8));
#14031 = DIRECTION('',(0.,0.,1.));
#14032 = DIRECTION('',(1.,0.,-0.));
#14033 = FACE_BOUND('',#14034,.F.);
#14034 = EDGE_LOOP('',(#14035));
#14035 = ORIENTED_EDGE('',*,*,#14036,.F.);
#14036 = EDGE_CURVE('',#14037,#14037,#14039,.T.);
#14037 = VERTEX_POINT('',#14038);
#14038 = CARTESIAN_POINT('',(-14.05,26.413774815425,-5.8));
#14039 = CIRCLE('',#14040,1.2);
#14040 = AXIS2_PLACEMENT_3D('',#14041,#14042,#14043);
#14041 = CARTESIAN_POINT('',(-15.25,26.413774815425,-5.8));
#14042 = DIRECTION('',(0.,0.,1.));
#14043 = DIRECTION('',(1.,0.,-0.));
#14044 = FACE_BOUND('',#14045,.F.);
#14045 = EDGE_LOOP('',(#14046,#14057,#14065,#14074));
#14046 = ORIENTED_EDGE('',*,*,#14047,.F.);
#14047 = EDGE_CURVE('',#14048,#14050,#14052,.T.);
#14048 = VERTEX_POINT('',#14049);
#14049 = CARTESIAN_POINT('',(14.6,-12.15894732285,-5.8));
#14050 = VERTEX_POINT('',#14051);
#14051 = CARTESIAN_POINT('',(17.4,-7.631513611336,-5.8));
#14052 = CIRCLE('',#14053,19.);
#14053 = AXIS2_PLACEMENT_3D('',#14054,#14055,#14056);
#14054 = CARTESIAN_POINT('',(0.,0.,-5.8));
#14055 = DIRECTION('',(0.,0.,1.));
#14056 = DIRECTION('',(1.,0.,-0.));
#14057 = ORIENTED_EDGE('',*,*,#14058,.T.);
#14058 = EDGE_CURVE('',#14048,#14059,#14061,.T.);
#14059 = VERTEX_POINT('',#14060);
#14060 = CARTESIAN_POINT('',(14.6,12.158947322857,-5.8));
#14061 = LINE('',#14062,#14063);
#14062 = CARTESIAN_POINT('',(14.6,-10.,-5.8));
#14063 = VECTOR('',#14064,1.);
#14064 = DIRECTION('',(-0.,1.,0.));
#14065 = ORIENTED_EDGE('',*,*,#14066,.F.);
#14066 = EDGE_CURVE('',#14067,#14059,#14069,.T.);
#14067 = VERTEX_POINT('',#14068);
#14068 = CARTESIAN_POINT('',(17.4,7.631513611336,-5.8));
#14069 = CIRCLE('',#14070,19.);
#14070 = AXIS2_PLACEMENT_3D('',#14071,#14072,#14073);
#14071 = CARTESIAN_POINT('',(0.,0.,-5.8));
#14072 = DIRECTION('',(0.,0.,1.));
#14073 = DIRECTION('',(1.,0.,-0.));
#14074 = ORIENTED_EDGE('',*,*,#14075,.F.);
#14075 = EDGE_CURVE('',#14050,#14067,#14076,.T.);
#14076 = LINE('',#14077,#14078);
#14077 = CARTESIAN_POINT('',(17.4,-10.,-5.8));
#14078 = VECTOR('',#14079,1.);
#14079 = DIRECTION('',(-0.,1.,0.));
#14080 = PLANE('',#14081);
#14081 = AXIS2_PLACEMENT_3D('',#14082,#14083,#14084);
#14082 = CARTESIAN_POINT('',(0.,0.,-5.8));
#14083 = DIRECTION('',(0.,0.,1.));
#14084 = DIRECTION('',(1.,0.,-0.));
#14085 = ADVANCED_FACE('',(#14086),#14097,.F.);
#14086 = FACE_BOUND('',#14087,.F.);
#14087 = EDGE_LOOP('',(#14088,#14089,#14095,#14096));
#14088 = ORIENTED_EDGE('',*,*,#13266,.F.);
#14089 = ORIENTED_EDGE('',*,*,#14090,.F.);
#14090 = EDGE_CURVE('',#13680,#13267,#14091,.T.);
#14091 = LINE('',#14092,#14093);
#14092 = CARTESIAN_POINT('',(-14.05,-26.41377481542,-6.8));
#14093 = VECTOR('',#14094,1.);
#14094 = DIRECTION('',(0.,0.,1.));
#14095 = ORIENTED_EDGE('',*,*,#13679,.T.);
#14096 = ORIENTED_EDGE('',*,*,#14090,.T.);
#14097 = CYLINDRICAL_SURFACE('',#14098,1.2);
#14098 = AXIS2_PLACEMENT_3D('',#14099,#14100,#14101);
#14099 = CARTESIAN_POINT('',(-15.25,-26.41377481542,-6.8));
#14100 = DIRECTION('',(0.,0.,1.));
#14101 = DIRECTION('',(1.,0.,-0.));
#14102 = ADVANCED_FACE('',(#14103),#14119,.F.);
#14103 = FACE_BOUND('',#14104,.F.);
#14104 = EDGE_LOOP('',(#14105,#14106,#14112,#14113));
#14105 = ORIENTED_EDGE('',*,*,#13277,.F.);
#14106 = ORIENTED_EDGE('',*,*,#14107,.F.);
#14107 = EDGE_CURVE('',#13691,#13278,#14108,.T.);
#14108 = LINE('',#14109,#14110);
#14109 = CARTESIAN_POINT('',(-18.6,-3.878143885933,-6.8));
#14110 = VECTOR('',#14111,1.);
#14111 = DIRECTION('',(0.,0.,1.));
#14112 = ORIENTED_EDGE('',*,*,#13690,.T.);
#14113 = ORIENTED_EDGE('',*,*,#14114,.T.);
#14114 = EDGE_CURVE('',#13693,#13280,#14115,.T.);
#14115 = LINE('',#14116,#14117);
#14116 = CARTESIAN_POINT('',(-18.6,3.878143885933,-6.8));
#14117 = VECTOR('',#14118,1.);
#14118 = DIRECTION('',(0.,0.,1.));
#14119 = PLANE('',#14120);
#14120 = AXIS2_PLACEMENT_3D('',#14121,#14122,#14123);
#14121 = CARTESIAN_POINT('',(-18.6,-20.,-6.8));
#14122 = DIRECTION('',(1.,0.,-0.));
#14123 = DIRECTION('',(0.,0.,1.));
#14124 = ADVANCED_FACE('',(#14125),#14131,.F.);
#14125 = FACE_BOUND('',#14126,.F.);
#14126 = EDGE_LOOP('',(#14127,#14128,#14129,#14130));
#14127 = ORIENTED_EDGE('',*,*,#13287,.F.);
#14128 = ORIENTED_EDGE('',*,*,#14114,.F.);
#14129 = ORIENTED_EDGE('',*,*,#13700,.T.);
#14130 = ORIENTED_EDGE('',*,*,#14107,.T.);
#14131 = CYLINDRICAL_SURFACE('',#14132,19.);
#14132 = AXIS2_PLACEMENT_3D('',#14133,#14134,#14135);
#14133 = CARTESIAN_POINT('',(0.,0.,-6.8));
#14134 = DIRECTION('',(0.,0.,1.));
#14135 = DIRECTION('',(1.,0.,-0.));
#14136 = ADVANCED_FACE('',(#14137),#14153,.F.);
#14137 = FACE_BOUND('',#14138,.F.);
#14138 = EDGE_LOOP('',(#14139,#14140,#14146,#14147));
#14139 = ORIENTED_EDGE('',*,*,#13709,.T.);
#14140 = ORIENTED_EDGE('',*,*,#14141,.T.);
#14141 = EDGE_CURVE('',#13712,#13299,#14142,.T.);
#14142 = LINE('',#14143,#14144);
#14143 = CARTESIAN_POINT('',(-14.6,-12.15894732285,-6.8));
#14144 = VECTOR('',#14145,1.);
#14145 = DIRECTION('',(0.,0.,1.));
#14146 = ORIENTED_EDGE('',*,*,#13296,.F.);
#14147 = ORIENTED_EDGE('',*,*,#14148,.F.);
#14148 = EDGE_CURVE('',#13710,#13297,#14149,.T.);
#14149 = LINE('',#14150,#14151);
#14150 = CARTESIAN_POINT('',(-17.4,-7.631513611336,-6.8));
#14151 = VECTOR('',#14152,1.);
#14152 = DIRECTION('',(0.,0.,1.));
#14153 = CYLINDRICAL_SURFACE('',#14154,19.);
#14154 = AXIS2_PLACEMENT_3D('',#14155,#14156,#14157);
#14155 = CARTESIAN_POINT('',(0.,0.,-6.8));
#14156 = DIRECTION('',(0.,0.,1.));
#14157 = DIRECTION('',(1.,0.,-0.));
#14158 = ADVANCED_FACE('',(#14159),#14170,.T.);
#14159 = FACE_BOUND('',#14160,.T.);
#14160 = EDGE_LOOP('',(#14161,#14162,#14163,#14164));
#14161 = ORIENTED_EDGE('',*,*,#13307,.F.);
#14162 = ORIENTED_EDGE('',*,*,#14148,.F.);
#14163 = ORIENTED_EDGE('',*,*,#13720,.T.);
#14164 = ORIENTED_EDGE('',*,*,#14165,.T.);
#14165 = EDGE_CURVE('',#13721,#13308,#14166,.T.);
#14166 = LINE('',#14167,#14168);
#14167 = CARTESIAN_POINT('',(-17.4,7.631513611336,-6.8));
#14168 = VECTOR('',#14169,1.);
#14169 = DIRECTION('',(0.,0.,1.));
#14170 = PLANE('',#14171);
#14171 = AXIS2_PLACEMENT_3D('',#14172,#14173,#14174);
#14172 = CARTESIAN_POINT('',(-17.4,-20.,-6.8));
#14173 = DIRECTION('',(1.,0.,-0.));
#14174 = DIRECTION('',(0.,0.,1.));
#14175 = ADVANCED_FACE('',(#14176),#14187,.F.);
#14176 = FACE_BOUND('',#14177,.F.);
#14177 = EDGE_LOOP('',(#14178,#14179,#14180,#14181));
#14178 = ORIENTED_EDGE('',*,*,#13324,.F.);
#14179 = ORIENTED_EDGE('',*,*,#14141,.F.);
#14180 = ORIENTED_EDGE('',*,*,#13737,.T.);
#14181 = ORIENTED_EDGE('',*,*,#14182,.T.);
#14182 = EDGE_CURVE('',#13729,#13316,#14183,.T.);
#14183 = LINE('',#14184,#14185);
#14184 = CARTESIAN_POINT('',(-14.6,12.158947322857,-6.8));
#14185 = VECTOR('',#14186,1.);
#14186 = DIRECTION('',(0.,0.,1.));
#14187 = PLANE('',#14188);
#14188 = AXIS2_PLACEMENT_3D('',#14189,#14190,#14191);
#14189 = CARTESIAN_POINT('',(-14.6,-20.,-6.8));
#14190 = DIRECTION('',(1.,0.,-0.));
#14191 = DIRECTION('',(0.,0.,1.));
#14192 = ADVANCED_FACE('',(#14193),#14199,.F.);
#14193 = FACE_BOUND('',#14194,.F.);
#14194 = EDGE_LOOP('',(#14195,#14196,#14197,#14198));
#14195 = ORIENTED_EDGE('',*,*,#13315,.F.);
#14196 = ORIENTED_EDGE('',*,*,#14182,.F.);
#14197 = ORIENTED_EDGE('',*,*,#13728,.T.);
#14198 = ORIENTED_EDGE('',*,*,#14165,.T.);
#14199 = CYLINDRICAL_SURFACE('',#14200,19.);
#14200 = AXIS2_PLACEMENT_3D('',#14201,#14202,#14203);
#14201 = CARTESIAN_POINT('',(0.,0.,-6.8));
#14202 = DIRECTION('',(0.,0.,1.));
#14203 = DIRECTION('',(1.,0.,-0.));
#14204 = ADVANCED_FACE('',(#14205),#14221,.F.);
#14205 = FACE_BOUND('',#14206,.F.);
#14206 = EDGE_LOOP('',(#14207,#14208,#14214,#14215));
#14207 = ORIENTED_EDGE('',*,*,#13745,.T.);
#14208 = ORIENTED_EDGE('',*,*,#14209,.T.);
#14209 = EDGE_CURVE('',#13748,#13335,#14210,.T.);
#14210 = LINE('',#14211,#14212);
#14211 = CARTESIAN_POINT('',(-10.6,-15.76832267554,-6.8));
#14212 = VECTOR('',#14213,1.);
#14213 = DIRECTION('',(0.,0.,1.));
#14214 = ORIENTED_EDGE('',*,*,#13332,.F.);
#14215 = ORIENTED_EDGE('',*,*,#14216,.F.);
#14216 = EDGE_CURVE('',#13746,#13333,#14217,.T.);
#14217 = LINE('',#14218,#14219);
#14218 = CARTESIAN_POINT('',(-13.4,-13.46996659238,-6.8));
#14219 = VECTOR('',#14220,1.);
#14220 = DIRECTION('',(0.,0.,1.));
#14221 = CYLINDRICAL_SURFACE('',#14222,19.);
#14222 = AXIS2_PLACEMENT_3D('',#14223,#14224,#14225);
#14223 = CARTESIAN_POINT('',(0.,0.,-6.8));
#14224 = DIRECTION('',(0.,0.,1.));
#14225 = DIRECTION('',(1.,0.,-0.));
#14226 = ADVANCED_FACE('',(#14227),#14238,.T.);
#14227 = FACE_BOUND('',#14228,.T.);
#14228 = EDGE_LOOP('',(#14229,#14230,#14231,#14232));
#14229 = ORIENTED_EDGE('',*,*,#13343,.F.);
#14230 = ORIENTED_EDGE('',*,*,#14216,.F.);
#14231 = ORIENTED_EDGE('',*,*,#13756,.T.);
#14232 = ORIENTED_EDGE('',*,*,#14233,.T.);
#14233 = EDGE_CURVE('',#13757,#13344,#14234,.T.);
#14234 = LINE('',#14235,#14236);
#14235 = CARTESIAN_POINT('',(-13.4,13.469966592386,-6.8));
#14236 = VECTOR('',#14237,1.);
#14237 = DIRECTION('',(0.,0.,1.));
#14238 = PLANE('',#14239);
#14239 = AXIS2_PLACEMENT_3D('',#14240,#14241,#14242);
#14240 = CARTESIAN_POINT('',(-13.4,-20.,-6.8));
#14241 = DIRECTION('',(1.,0.,-0.));
#14242 = DIRECTION('',(0.,0.,1.));
#14243 = ADVANCED_FACE('',(#14244),#14255,.F.);
#14244 = FACE_BOUND('',#14245,.F.);
#14245 = EDGE_LOOP('',(#14246,#14247,#14248,#14249));
#14246 = ORIENTED_EDGE('',*,*,#13360,.F.);
#14247 = ORIENTED_EDGE('',*,*,#14209,.F.);
#14248 = ORIENTED_EDGE('',*,*,#13773,.T.);
#14249 = ORIENTED_EDGE('',*,*,#14250,.T.);
#14250 = EDGE_CURVE('',#13765,#13352,#14251,.T.);
#14251 = LINE('',#14252,#14253);
#14252 = CARTESIAN_POINT('',(-10.6,15.768322675542,-6.8));
#14253 = VECTOR('',#14254,1.);
#14254 = DIRECTION('',(0.,0.,1.));
#14255 = PLANE('',#14256);
#14256 = AXIS2_PLACEMENT_3D('',#14257,#14258,#14259);
#14257 = CARTESIAN_POINT('',(-10.6,-20.,-6.8));
#14258 = DIRECTION('',(1.,0.,-0.));
#14259 = DIRECTION('',(0.,0.,1.));
#14260 = ADVANCED_FACE('',(#14261),#14267,.F.);
#14261 = FACE_BOUND('',#14262,.F.);
#14262 = EDGE_LOOP('',(#14263,#14264,#14265,#14266));
#14263 = ORIENTED_EDGE('',*,*,#13351,.F.);
#14264 = ORIENTED_EDGE('',*,*,#14250,.F.);
#14265 = ORIENTED_EDGE('',*,*,#13764,.T.);
#14266 = ORIENTED_EDGE('',*,*,#14233,.T.);
#14267 = CYLINDRICAL_SURFACE('',#14268,19.);
#14268 = AXIS2_PLACEMENT_3D('',#14269,#14270,#14271);
#14269 = CARTESIAN_POINT('',(0.,0.,-6.8));
#14270 = DIRECTION('',(0.,0.,1.));
#14271 = DIRECTION('',(1.,0.,-0.));
#14272 = ADVANCED_FACE('',(#14273),#14289,.F.);
#14273 = FACE_BOUND('',#14274,.F.);
#14274 = EDGE_LOOP('',(#14275,#14276,#14282,#14283));
#14275 = ORIENTED_EDGE('',*,*,#13781,.T.);
#14276 = ORIENTED_EDGE('',*,*,#14277,.T.);
#14277 = EDGE_CURVE('',#13784,#13371,#14278,.T.);
#14278 = LINE('',#14279,#14280);
#14279 = CARTESIAN_POINT('',(-6.6,-17.81684596105,-6.8));
#14280 = VECTOR('',#14281,1.);
#14281 = DIRECTION('',(0.,0.,1.));
#14282 = ORIENTED_EDGE('',*,*,#13368,.F.);
#14283 = ORIENTED_EDGE('',*,*,#14284,.F.);
#14284 = EDGE_CURVE('',#13782,#13369,#14285,.T.);
#14285 = LINE('',#14286,#14287);
#14286 = CARTESIAN_POINT('',(-9.4,-16.51181395244,-6.8));
#14287 = VECTOR('',#14288,1.);
#14288 = DIRECTION('',(0.,0.,1.));
#14289 = CYLINDRICAL_SURFACE('',#14290,19.);
#14290 = AXIS2_PLACEMENT_3D('',#14291,#14292,#14293);
#14291 = CARTESIAN_POINT('',(0.,0.,-6.8));
#14292 = DIRECTION('',(0.,0.,1.));
#14293 = DIRECTION('',(1.,0.,-0.));
#14294 = ADVANCED_FACE('',(#14295),#14306,.T.);
#14295 = FACE_BOUND('',#14296,.T.);
#14296 = EDGE_LOOP('',(#14297,#14298,#14299,#14300));
#14297 = ORIENTED_EDGE('',*,*,#13379,.F.);
#14298 = ORIENTED_EDGE('',*,*,#14284,.F.);
#14299 = ORIENTED_EDGE('',*,*,#13792,.T.);
#14300 = ORIENTED_EDGE('',*,*,#14301,.T.);
#14301 = EDGE_CURVE('',#13793,#13380,#14302,.T.);
#14302 = LINE('',#14303,#14304);
#14303 = CARTESIAN_POINT('',(-9.4,16.51181395244,-6.8));
#14304 = VECTOR('',#14305,1.);
#14305 = DIRECTION('',(0.,0.,1.));
#14306 = PLANE('',#14307);
#14307 = AXIS2_PLACEMENT_3D('',#14308,#14309,#14310);
#14308 = CARTESIAN_POINT('',(-9.4,-20.,-6.8));
#14309 = DIRECTION('',(1.,0.,-0.));
#14310 = DIRECTION('',(0.,0.,1.));
#14311 = ADVANCED_FACE('',(#14312),#14323,.F.);
#14312 = FACE_BOUND('',#14313,.F.);
#14313 = EDGE_LOOP('',(#14314,#14315,#14316,#14317));
#14314 = ORIENTED_EDGE('',*,*,#13396,.F.);
#14315 = ORIENTED_EDGE('',*,*,#14277,.F.);
#14316 = ORIENTED_EDGE('',*,*,#13809,.T.);
#14317 = ORIENTED_EDGE('',*,*,#14318,.T.);
#14318 = EDGE_CURVE('',#13801,#13388,#14319,.T.);
#14319 = LINE('',#14320,#14321);
#14320 = CARTESIAN_POINT('',(-6.6,17.816845961056,-6.8));
#14321 = VECTOR('',#14322,1.);
#14322 = DIRECTION('',(0.,0.,1.));
#14323 = PLANE('',#14324);
#14324 = AXIS2_PLACEMENT_3D('',#14325,#14326,#14327);
#14325 = CARTESIAN_POINT('',(-6.6,-20.,-6.8));
#14326 = DIRECTION('',(1.,0.,-0.));
#14327 = DIRECTION('',(0.,0.,1.));
#14328 = ADVANCED_FACE('',(#14329),#14335,.F.);
#14329 = FACE_BOUND('',#14330,.F.);
#14330 = EDGE_LOOP('',(#14331,#14332,#14333,#14334));
#14331 = ORIENTED_EDGE('',*,*,#13387,.F.);
#14332 = ORIENTED_EDGE('',*,*,#14318,.F.);
#14333 = ORIENTED_EDGE('',*,*,#13800,.T.);
#14334 = ORIENTED_EDGE('',*,*,#14301,.T.);
#14335 = CYLINDRICAL_SURFACE('',#14336,19.);
#14336 = AXIS2_PLACEMENT_3D('',#14337,#14338,#14339);
#14337 = CARTESIAN_POINT('',(0.,0.,-6.8));
#14338 = DIRECTION('',(0.,0.,1.));
#14339 = DIRECTION('',(1.,0.,-0.));
#14340 = ADVANCED_FACE('',(#14341),#14357,.F.);
#14341 = FACE_BOUND('',#14342,.F.);
#14342 = EDGE_LOOP('',(#14343,#14344,#14350,#14351));
#14343 = ORIENTED_EDGE('',*,*,#13817,.T.);
#14344 = ORIENTED_EDGE('',*,*,#14345,.T.);
#14345 = EDGE_CURVE('',#13820,#13407,#14346,.T.);
#14346 = LINE('',#14347,#14348);
#14347 = CARTESIAN_POINT('',(-2.6,-18.82126456963,-6.8));
#14348 = VECTOR('',#14349,1.);
#14349 = DIRECTION('',(0.,0.,1.));
#14350 = ORIENTED_EDGE('',*,*,#13404,.F.);
#14351 = ORIENTED_EDGE('',*,*,#14352,.F.);
#14352 = EDGE_CURVE('',#13818,#13405,#14353,.T.);
#14353 = LINE('',#14354,#14355);
#14354 = CARTESIAN_POINT('',(-5.4,-18.21647605877,-6.8));
#14355 = VECTOR('',#14356,1.);
#14356 = DIRECTION('',(0.,0.,1.));
#14357 = CYLINDRICAL_SURFACE('',#14358,19.);
#14358 = AXIS2_PLACEMENT_3D('',#14359,#14360,#14361);
#14359 = CARTESIAN_POINT('',(0.,0.,-6.8));
#14360 = DIRECTION('',(0.,0.,1.));
#14361 = DIRECTION('',(1.,0.,-0.));
#14362 = ADVANCED_FACE('',(#14363),#14374,.T.);
#14363 = FACE_BOUND('',#14364,.T.);
#14364 = EDGE_LOOP('',(#14365,#14366,#14367,#14368));
#14365 = ORIENTED_EDGE('',*,*,#13415,.F.);
#14366 = ORIENTED_EDGE('',*,*,#14352,.F.);
#14367 = ORIENTED_EDGE('',*,*,#13828,.T.);
#14368 = ORIENTED_EDGE('',*,*,#14369,.T.);
#14369 = EDGE_CURVE('',#13829,#13416,#14370,.T.);
#14370 = LINE('',#14371,#14372);
#14371 = CARTESIAN_POINT('',(-5.4,18.216476058777,-6.8));
#14372 = VECTOR('',#14373,1.);
#14373 = DIRECTION('',(0.,0.,1.));
#14374 = PLANE('',#14375);
#14375 = AXIS2_PLACEMENT_3D('',#14376,#14377,#14378);
#14376 = CARTESIAN_POINT('',(-5.4,-20.,-6.8));
#14377 = DIRECTION('',(1.,0.,-0.));
#14378 = DIRECTION('',(0.,0.,1.));
#14379 = ADVANCED_FACE('',(#14380),#14391,.F.);
#14380 = FACE_BOUND('',#14381,.F.);
#14381 = EDGE_LOOP('',(#14382,#14383,#14384,#14385));
#14382 = ORIENTED_EDGE('',*,*,#13432,.F.);
#14383 = ORIENTED_EDGE('',*,*,#14345,.F.);
#14384 = ORIENTED_EDGE('',*,*,#13845,.T.);
#14385 = ORIENTED_EDGE('',*,*,#14386,.T.);
#14386 = EDGE_CURVE('',#13837,#13424,#14387,.T.);
#14387 = LINE('',#14388,#14389);
#14388 = CARTESIAN_POINT('',(-2.6,18.82126456963,-6.8));
#14389 = VECTOR('',#14390,1.);
#14390 = DIRECTION('',(0.,0.,1.));
#14391 = PLANE('',#14392);
#14392 = AXIS2_PLACEMENT_3D('',#14393,#14394,#14395);
#14393 = CARTESIAN_POINT('',(-2.6,-20.,-6.8));
#14394 = DIRECTION('',(1.,0.,-0.));
#14395 = DIRECTION('',(0.,0.,1.));
#14396 = ADVANCED_FACE('',(#14397),#14403,.F.);
#14397 = FACE_BOUND('',#14398,.F.);
#14398 = EDGE_LOOP('',(#14399,#14400,#14401,#14402));
#14399 = ORIENTED_EDGE('',*,*,#13423,.F.);
#14400 = ORIENTED_EDGE('',*,*,#14386,.F.);
#14401 = ORIENTED_EDGE('',*,*,#13836,.T.);
#14402 = ORIENTED_EDGE('',*,*,#14369,.T.);
#14403 = CYLINDRICAL_SURFACE('',#14404,19.);
#14404 = AXIS2_PLACEMENT_3D('',#14405,#14406,#14407);
#14405 = CARTESIAN_POINT('',(0.,0.,-6.8));
#14406 = DIRECTION('',(0.,0.,1.));
#14407 = DIRECTION('',(1.,0.,-0.));
#14408 = ADVANCED_FACE('',(#14409),#14425,.F.);
#14409 = FACE_BOUND('',#14410,.F.);
#14410 = EDGE_LOOP('',(#14411,#14412,#14418,#14419));
#14411 = ORIENTED_EDGE('',*,*,#13853,.T.);
#14412 = ORIENTED_EDGE('',*,*,#14413,.T.);
#14413 = EDGE_CURVE('',#13856,#13443,#14414,.T.);
#14414 = LINE('',#14415,#14416);
#14415 = CARTESIAN_POINT('',(1.4,-18.94835085172,-6.8));
#14416 = VECTOR('',#14417,1.);
#14417 = DIRECTION('',(0.,0.,1.));
#14418 = ORIENTED_EDGE('',*,*,#13440,.F.);
#14419 = ORIENTED_EDGE('',*,*,#14420,.F.);
#14420 = EDGE_CURVE('',#13854,#13441,#14421,.T.);
#14421 = LINE('',#14422,#14423);
#14422 = CARTESIAN_POINT('',(-1.4,-18.94835085172,-6.8));
#14423 = VECTOR('',#14424,1.);
#14424 = DIRECTION('',(0.,0.,1.));
#14425 = CYLINDRICAL_SURFACE('',#14426,19.);
#14426 = AXIS2_PLACEMENT_3D('',#14427,#14428,#14429);
#14427 = CARTESIAN_POINT('',(0.,0.,-6.8));
#14428 = DIRECTION('',(0.,0.,1.));
#14429 = DIRECTION('',(1.,0.,-0.));
#14430 = ADVANCED_FACE('',(#14431),#14442,.T.);
#14431 = FACE_BOUND('',#14432,.T.);
#14432 = EDGE_LOOP('',(#14433,#14434,#14435,#14436));
#14433 = ORIENTED_EDGE('',*,*,#13451,.F.);
#14434 = ORIENTED_EDGE('',*,*,#14420,.F.);
#14435 = ORIENTED_EDGE('',*,*,#13864,.T.);
#14436 = ORIENTED_EDGE('',*,*,#14437,.T.);
#14437 = EDGE_CURVE('',#13865,#13452,#14438,.T.);
#14438 = LINE('',#14439,#14440);
#14439 = CARTESIAN_POINT('',(-1.4,18.948350851723,-6.8));
#14440 = VECTOR('',#14441,1.);
#14441 = DIRECTION('',(0.,0.,1.));
#14442 = PLANE('',#14443);
#14443 = AXIS2_PLACEMENT_3D('',#14444,#14445,#14446);
#14444 = CARTESIAN_POINT('',(-1.4,-20.,-6.8));
#14445 = DIRECTION('',(1.,0.,-0.));
#14446 = DIRECTION('',(0.,0.,1.));
#14447 = ADVANCED_FACE('',(#14448),#14459,.F.);
#14448 = FACE_BOUND('',#14449,.F.);
#14449 = EDGE_LOOP('',(#14450,#14451,#14452,#14453));
#14450 = ORIENTED_EDGE('',*,*,#13468,.F.);
#14451 = ORIENTED_EDGE('',*,*,#14413,.F.);
#14452 = ORIENTED_EDGE('',*,*,#13881,.T.);
#14453 = ORIENTED_EDGE('',*,*,#14454,.T.);
#14454 = EDGE_CURVE('',#13873,#13460,#14455,.T.);
#14455 = LINE('',#14456,#14457);
#14456 = CARTESIAN_POINT('',(1.4,18.948350851723,-6.8));
#14457 = VECTOR('',#14458,1.);
#14458 = DIRECTION('',(0.,0.,1.));
#14459 = PLANE('',#14460);
#14460 = AXIS2_PLACEMENT_3D('',#14461,#14462,#14463);
#14461 = CARTESIAN_POINT('',(1.4,-20.,-6.8));
#14462 = DIRECTION('',(1.,0.,-0.));
#14463 = DIRECTION('',(0.,0.,1.));
#14464 = ADVANCED_FACE('',(#14465),#14471,.F.);
#14465 = FACE_BOUND('',#14466,.F.);
#14466 = EDGE_LOOP('',(#14467,#14468,#14469,#14470));
#14467 = ORIENTED_EDGE('',*,*,#13459,.F.);
#14468 = ORIENTED_EDGE('',*,*,#14454,.F.);
#14469 = ORIENTED_EDGE('',*,*,#13872,.T.);
#14470 = ORIENTED_EDGE('',*,*,#14437,.T.);
#14471 = CYLINDRICAL_SURFACE('',#14472,19.);
#14472 = AXIS2_PLACEMENT_3D('',#14473,#14474,#14475);
#14473 = CARTESIAN_POINT('',(0.,0.,-6.8));
#14474 = DIRECTION('',(0.,0.,1.));
#14475 = DIRECTION('',(1.,0.,-0.));
#14476 = ADVANCED_FACE('',(#14477),#14493,.F.);
#14477 = FACE_BOUND('',#14478,.F.);
#14478 = EDGE_LOOP('',(#14479,#14480,#14486,#14487));
#14479 = ORIENTED_EDGE('',*,*,#13889,.T.);
#14480 = ORIENTED_EDGE('',*,*,#14481,.T.);
#14481 = EDGE_CURVE('',#13892,#13479,#14482,.T.);
#14482 = LINE('',#14483,#14484);
#14483 = CARTESIAN_POINT('',(5.4,-18.21647605877,-6.8));
#14484 = VECTOR('',#14485,1.);
#14485 = DIRECTION('',(0.,0.,1.));
#14486 = ORIENTED_EDGE('',*,*,#13476,.F.);
#14487 = ORIENTED_EDGE('',*,*,#14488,.F.);
#14488 = EDGE_CURVE('',#13890,#13477,#14489,.T.);
#14489 = LINE('',#14490,#14491);
#14490 = CARTESIAN_POINT('',(2.6,-18.82126456963,-6.8));
#14491 = VECTOR('',#14492,1.);
#14492 = DIRECTION('',(0.,0.,1.));
#14493 = CYLINDRICAL_SURFACE('',#14494,19.);
#14494 = AXIS2_PLACEMENT_3D('',#14495,#14496,#14497);
#14495 = CARTESIAN_POINT('',(0.,0.,-6.8));
#14496 = DIRECTION('',(0.,0.,1.));
#14497 = DIRECTION('',(1.,0.,-0.));
#14498 = ADVANCED_FACE('',(#14499),#14510,.T.);
#14499 = FACE_BOUND('',#14500,.T.);
#14500 = EDGE_LOOP('',(#14501,#14502,#14503,#14504));
#14501 = ORIENTED_EDGE('',*,*,#13487,.F.);
#14502 = ORIENTED_EDGE('',*,*,#14488,.F.);
#14503 = ORIENTED_EDGE('',*,*,#13900,.T.);
#14504 = ORIENTED_EDGE('',*,*,#14505,.T.);
#14505 = EDGE_CURVE('',#13901,#13488,#14506,.T.);
#14506 = LINE('',#14507,#14508);
#14507 = CARTESIAN_POINT('',(2.6,18.82126456963,-6.8));
#14508 = VECTOR('',#14509,1.);
#14509 = DIRECTION('',(0.,0.,1.));
#14510 = PLANE('',#14511);
#14511 = AXIS2_PLACEMENT_3D('',#14512,#14513,#14514);
#14512 = CARTESIAN_POINT('',(2.6,-20.,-6.8));
#14513 = DIRECTION('',(1.,0.,-0.));
#14514 = DIRECTION('',(0.,0.,1.));
#14515 = ADVANCED_FACE('',(#14516),#14527,.F.);
#14516 = FACE_BOUND('',#14517,.F.);
#14517 = EDGE_LOOP('',(#14518,#14519,#14520,#14521));
#14518 = ORIENTED_EDGE('',*,*,#13504,.F.);
#14519 = ORIENTED_EDGE('',*,*,#14481,.F.);
#14520 = ORIENTED_EDGE('',*,*,#13917,.T.);
#14521 = ORIENTED_EDGE('',*,*,#14522,.T.);
#14522 = EDGE_CURVE('',#13909,#13496,#14523,.T.);
#14523 = LINE('',#14524,#14525);
#14524 = CARTESIAN_POINT('',(5.4,18.216476058777,-6.8));
#14525 = VECTOR('',#14526,1.);
#14526 = DIRECTION('',(0.,0.,1.));
#14527 = PLANE('',#14528);
#14528 = AXIS2_PLACEMENT_3D('',#14529,#14530,#14531);
#14529 = CARTESIAN_POINT('',(5.4,-20.,-6.8));
#14530 = DIRECTION('',(1.,0.,-0.));
#14531 = DIRECTION('',(0.,0.,1.));
#14532 = ADVANCED_FACE('',(#14533),#14539,.F.);
#14533 = FACE_BOUND('',#14534,.F.);
#14534 = EDGE_LOOP('',(#14535,#14536,#14537,#14538));
#14535 = ORIENTED_EDGE('',*,*,#13495,.F.);
#14536 = ORIENTED_EDGE('',*,*,#14522,.F.);
#14537 = ORIENTED_EDGE('',*,*,#13908,.T.);
#14538 = ORIENTED_EDGE('',*,*,#14505,.T.);
#14539 = CYLINDRICAL_SURFACE('',#14540,19.);
#14540 = AXIS2_PLACEMENT_3D('',#14541,#14542,#14543);
#14541 = CARTESIAN_POINT('',(0.,0.,-6.8));
#14542 = DIRECTION('',(0.,0.,1.));
#14543 = DIRECTION('',(1.,0.,-0.));
#14544 = ADVANCED_FACE('',(#14545),#14561,.F.);
#14545 = FACE_BOUND('',#14546,.F.);
#14546 = EDGE_LOOP('',(#14547,#14548,#14554,#14555));
#14547 = ORIENTED_EDGE('',*,*,#13925,.T.);
#14548 = ORIENTED_EDGE('',*,*,#14549,.T.);
#14549 = EDGE_CURVE('',#13928,#13515,#14550,.T.);
#14550 = LINE('',#14551,#14552);
#14551 = CARTESIAN_POINT('',(9.4,-16.51181395244,-6.8));
#14552 = VECTOR('',#14553,1.);
#14553 = DIRECTION('',(0.,0.,1.));
#14554 = ORIENTED_EDGE('',*,*,#13512,.F.);
#14555 = ORIENTED_EDGE('',*,*,#14556,.F.);
#14556 = EDGE_CURVE('',#13926,#13513,#14557,.T.);
#14557 = LINE('',#14558,#14559);
#14558 = CARTESIAN_POINT('',(6.6,-17.81684596105,-6.8));
#14559 = VECTOR('',#14560,1.);
#14560 = DIRECTION('',(0.,0.,1.));
#14561 = CYLINDRICAL_SURFACE('',#14562,19.);
#14562 = AXIS2_PLACEMENT_3D('',#14563,#14564,#14565);
#14563 = CARTESIAN_POINT('',(0.,0.,-6.8));
#14564 = DIRECTION('',(0.,0.,1.));
#14565 = DIRECTION('',(1.,0.,-0.));
#14566 = ADVANCED_FACE('',(#14567),#14578,.T.);
#14567 = FACE_BOUND('',#14568,.T.);
#14568 = EDGE_LOOP('',(#14569,#14570,#14571,#14572));
#14569 = ORIENTED_EDGE('',*,*,#13523,.F.);
#14570 = ORIENTED_EDGE('',*,*,#14556,.F.);
#14571 = ORIENTED_EDGE('',*,*,#13936,.T.);
#14572 = ORIENTED_EDGE('',*,*,#14573,.T.);
#14573 = EDGE_CURVE('',#13937,#13524,#14574,.T.);
#14574 = LINE('',#14575,#14576);
#14575 = CARTESIAN_POINT('',(6.6,17.816845961056,-6.8));
#14576 = VECTOR('',#14577,1.);
#14577 = DIRECTION('',(0.,0.,1.));
#14578 = PLANE('',#14579);
#14579 = AXIS2_PLACEMENT_3D('',#14580,#14581,#14582);
#14580 = CARTESIAN_POINT('',(6.6,-20.,-6.8));
#14581 = DIRECTION('',(1.,0.,-0.));
#14582 = DIRECTION('',(0.,0.,1.));
#14583 = ADVANCED_FACE('',(#14584),#14595,.F.);
#14584 = FACE_BOUND('',#14585,.F.);
#14585 = EDGE_LOOP('',(#14586,#14587,#14588,#14589));
#14586 = ORIENTED_EDGE('',*,*,#13540,.F.);
#14587 = ORIENTED_EDGE('',*,*,#14549,.F.);
#14588 = ORIENTED_EDGE('',*,*,#13953,.T.);
#14589 = ORIENTED_EDGE('',*,*,#14590,.T.);
#14590 = EDGE_CURVE('',#13945,#13532,#14591,.T.);
#14591 = LINE('',#14592,#14593);
#14592 = CARTESIAN_POINT('',(9.4,16.51181395244,-6.8));
#14593 = VECTOR('',#14594,1.);
#14594 = DIRECTION('',(0.,0.,1.));
#14595 = PLANE('',#14596);
#14596 = AXIS2_PLACEMENT_3D('',#14597,#14598,#14599);
#14597 = CARTESIAN_POINT('',(9.4,-20.,-6.8));
#14598 = DIRECTION('',(1.,0.,-0.));
#14599 = DIRECTION('',(0.,0.,1.));
#14600 = ADVANCED_FACE('',(#14601),#14607,.F.);
#14601 = FACE_BOUND('',#14602,.F.);
#14602 = EDGE_LOOP('',(#14603,#14604,#14605,#14606));
#14603 = ORIENTED_EDGE('',*,*,#13531,.F.);
#14604 = ORIENTED_EDGE('',*,*,#14590,.F.);
#14605 = ORIENTED_EDGE('',*,*,#13944,.T.);
#14606 = ORIENTED_EDGE('',*,*,#14573,.T.);
#14607 = CYLINDRICAL_SURFACE('',#14608,19.);
#14608 = AXIS2_PLACEMENT_3D('',#14609,#14610,#14611);
#14609 = CARTESIAN_POINT('',(0.,0.,-6.8));
#14610 = DIRECTION('',(0.,0.,1.));
#14611 = DIRECTION('',(1.,0.,-0.));
#14612 = ADVANCED_FACE('',(#14613),#14629,.F.);
#14613 = FACE_BOUND('',#14614,.F.);
#14614 = EDGE_LOOP('',(#14615,#14616,#14622,#14623));
#14615 = ORIENTED_EDGE('',*,*,#13961,.T.);
#14616 = ORIENTED_EDGE('',*,*,#14617,.T.);
#14617 = EDGE_CURVE('',#13964,#13551,#14618,.T.);
#14618 = LINE('',#14619,#14620);
#14619 = CARTESIAN_POINT('',(13.4,-13.46996659238,-6.8));
#14620 = VECTOR('',#14621,1.);
#14621 = DIRECTION('',(0.,0.,1.));
#14622 = ORIENTED_EDGE('',*,*,#13548,.F.);
#14623 = ORIENTED_EDGE('',*,*,#14624,.F.);
#14624 = EDGE_CURVE('',#13962,#13549,#14625,.T.);
#14625 = LINE('',#14626,#14627);
#14626 = CARTESIAN_POINT('',(10.6,-15.76832267554,-6.8));
#14627 = VECTOR('',#14628,1.);
#14628 = DIRECTION('',(0.,0.,1.));
#14629 = CYLINDRICAL_SURFACE('',#14630,19.);
#14630 = AXIS2_PLACEMENT_3D('',#14631,#14632,#14633);
#14631 = CARTESIAN_POINT('',(0.,0.,-6.8));
#14632 = DIRECTION('',(0.,0.,1.));
#14633 = DIRECTION('',(1.,0.,-0.));
#14634 = ADVANCED_FACE('',(#14635),#14646,.T.);
#14635 = FACE_BOUND('',#14636,.T.);
#14636 = EDGE_LOOP('',(#14637,#14638,#14639,#14640));
#14637 = ORIENTED_EDGE('',*,*,#13559,.F.);
#14638 = ORIENTED_EDGE('',*,*,#14624,.F.);
#14639 = ORIENTED_EDGE('',*,*,#13972,.T.);
#14640 = ORIENTED_EDGE('',*,*,#14641,.T.);
#14641 = EDGE_CURVE('',#13973,#13560,#14642,.T.);
#14642 = LINE('',#14643,#14644);
#14643 = CARTESIAN_POINT('',(10.6,15.768322675542,-6.8));
#14644 = VECTOR('',#14645,1.);
#14645 = DIRECTION('',(0.,0.,1.));
#14646 = PLANE('',#14647);
#14647 = AXIS2_PLACEMENT_3D('',#14648,#14649,#14650);
#14648 = CARTESIAN_POINT('',(10.6,-20.,-6.8));
#14649 = DIRECTION('',(1.,0.,-0.));
#14650 = DIRECTION('',(0.,0.,1.));
#14651 = ADVANCED_FACE('',(#14652),#14663,.F.);
#14652 = FACE_BOUND('',#14653,.F.);
#14653 = EDGE_LOOP('',(#14654,#14655,#14656,#14657));
#14654 = ORIENTED_EDGE('',*,*,#13576,.F.);
#14655 = ORIENTED_EDGE('',*,*,#14617,.F.);
#14656 = ORIENTED_EDGE('',*,*,#13989,.T.);
#14657 = ORIENTED_EDGE('',*,*,#14658,.T.);
#14658 = EDGE_CURVE('',#13981,#13568,#14659,.T.);
#14659 = LINE('',#14660,#14661);
#14660 = CARTESIAN_POINT('',(13.4,13.469966592386,-6.8));
#14661 = VECTOR('',#14662,1.);
#14662 = DIRECTION('',(0.,0.,1.));
#14663 = PLANE('',#14664);
#14664 = AXIS2_PLACEMENT_3D('',#14665,#14666,#14667);
#14665 = CARTESIAN_POINT('',(13.4,-20.,-6.8));
#14666 = DIRECTION('',(1.,0.,-0.));
#14667 = DIRECTION('',(0.,0.,1.));
#14668 = ADVANCED_FACE('',(#14669),#14675,.F.);
#14669 = FACE_BOUND('',#14670,.F.);
#14670 = EDGE_LOOP('',(#14671,#14672,#14673,#14674));
#14671 = ORIENTED_EDGE('',*,*,#13567,.F.);
#14672 = ORIENTED_EDGE('',*,*,#14658,.F.);
#14673 = ORIENTED_EDGE('',*,*,#13980,.T.);
#14674 = ORIENTED_EDGE('',*,*,#14641,.T.);
#14675 = CYLINDRICAL_SURFACE('',#14676,19.);
#14676 = AXIS2_PLACEMENT_3D('',#14677,#14678,#14679);
#14677 = CARTESIAN_POINT('',(0.,0.,-6.8));
#14678 = DIRECTION('',(0.,0.,1.));
#14679 = DIRECTION('',(1.,0.,-0.));
#14680 = ADVANCED_FACE('',(#14681),#14697,.T.);
#14681 = FACE_BOUND('',#14682,.T.);
#14682 = EDGE_LOOP('',(#14683,#14684,#14690,#14691));
#14683 = ORIENTED_EDGE('',*,*,#13595,.F.);
#14684 = ORIENTED_EDGE('',*,*,#14685,.F.);
#14685 = EDGE_CURVE('',#13998,#13585,#14686,.T.);
#14686 = LINE('',#14687,#14688);
#14687 = CARTESIAN_POINT('',(18.6,-3.878143885933,-6.8));
#14688 = VECTOR('',#14689,1.);
#14689 = DIRECTION('',(0.,0.,1.));
#14690 = ORIENTED_EDGE('',*,*,#14008,.T.);
#14691 = ORIENTED_EDGE('',*,*,#14692,.T.);
#14692 = EDGE_CURVE('',#14009,#13596,#14693,.T.);
#14693 = LINE('',#14694,#14695);
#14694 = CARTESIAN_POINT('',(18.6,3.878143885933,-6.8));
#14695 = VECTOR('',#14696,1.);
#14696 = DIRECTION('',(0.,0.,1.));
#14697 = PLANE('',#14698);
#14698 = AXIS2_PLACEMENT_3D('',#14699,#14700,#14701);
#14699 = CARTESIAN_POINT('',(18.6,-20.,-6.8));
#14700 = DIRECTION('',(1.,0.,-0.));
#14701 = DIRECTION('',(0.,0.,1.));
#14702 = ADVANCED_FACE('',(#14703),#14714,.F.);
#14703 = FACE_BOUND('',#14704,.F.);
#14704 = EDGE_LOOP('',(#14705,#14706,#14712,#14713));
#14705 = ORIENTED_EDGE('',*,*,#13612,.F.);
#14706 = ORIENTED_EDGE('',*,*,#14707,.F.);
#14707 = EDGE_CURVE('',#14026,#13613,#14708,.T.);
#14708 = LINE('',#14709,#14710);
#14709 = CARTESIAN_POINT('',(31.7,-2.939152317954E-16,-6.8));
#14710 = VECTOR('',#14711,1.);
#14711 = DIRECTION('',(0.,0.,1.));
#14712 = ORIENTED_EDGE('',*,*,#14025,.T.);
#14713 = ORIENTED_EDGE('',*,*,#14707,.T.);
#14714 = CYLINDRICAL_SURFACE('',#14715,1.2);
#14715 = AXIS2_PLACEMENT_3D('',#14716,#14717,#14718);
#14716 = CARTESIAN_POINT('',(30.5,0.,-6.8));
#14717 = DIRECTION('',(0.,0.,1.));
#14718 = DIRECTION('',(1.,0.,-0.));
#14719 = ADVANCED_FACE('',(#14720),#14731,.F.);
#14720 = FACE_BOUND('',#14721,.F.);
#14721 = EDGE_LOOP('',(#14722,#14723,#14729,#14730));
#14722 = ORIENTED_EDGE('',*,*,#13623,.F.);
#14723 = ORIENTED_EDGE('',*,*,#14724,.F.);
#14724 = EDGE_CURVE('',#14037,#13624,#14725,.T.);
#14725 = LINE('',#14726,#14727);
#14726 = CARTESIAN_POINT('',(-14.05,26.413774815425,-6.8));
#14727 = VECTOR('',#14728,1.);
#14728 = DIRECTION('',(0.,0.,1.));
#14729 = ORIENTED_EDGE('',*,*,#14036,.T.);
#14730 = ORIENTED_EDGE('',*,*,#14724,.T.);
#14731 = CYLINDRICAL_SURFACE('',#14732,1.2);
#14732 = AXIS2_PLACEMENT_3D('',#14733,#14734,#14735);
#14733 = CARTESIAN_POINT('',(-15.25,26.413774815425,-6.8));
#14734 = DIRECTION('',(0.,0.,1.));
#14735 = DIRECTION('',(1.,0.,-0.));
#14736 = ADVANCED_FACE('',(#14737),#14753,.F.);
#14737 = FACE_BOUND('',#14738,.F.);
#14738 = EDGE_LOOP('',(#14739,#14740,#14746,#14747));
#14739 = ORIENTED_EDGE('',*,*,#14047,.T.);
#14740 = ORIENTED_EDGE('',*,*,#14741,.T.);
#14741 = EDGE_CURVE('',#14050,#13637,#14742,.T.);
#14742 = LINE('',#14743,#14744);
#14743 = CARTESIAN_POINT('',(17.4,-7.631513611336,-6.8));
#14744 = VECTOR('',#14745,1.);
#14745 = DIRECTION('',(0.,0.,1.));
#14746 = ORIENTED_EDGE('',*,*,#13634,.F.);
#14747 = ORIENTED_EDGE('',*,*,#14748,.F.);
#14748 = EDGE_CURVE('',#14048,#13635,#14749,.T.);
#14749 = LINE('',#14750,#14751);
#14750 = CARTESIAN_POINT('',(14.6,-12.15894732285,-6.8));
#14751 = VECTOR('',#14752,1.);
#14752 = DIRECTION('',(0.,0.,1.));
#14753 = CYLINDRICAL_SURFACE('',#14754,19.);
#14754 = AXIS2_PLACEMENT_3D('',#14755,#14756,#14757);
#14755 = CARTESIAN_POINT('',(0.,0.,-6.8));
#14756 = DIRECTION('',(0.,0.,1.));
#14757 = DIRECTION('',(1.,0.,-0.));
#14758 = ADVANCED_FACE('',(#14759),#14770,.T.);
#14759 = FACE_BOUND('',#14760,.T.);
#14760 = EDGE_LOOP('',(#14761,#14762,#14763,#14764));
#14761 = ORIENTED_EDGE('',*,*,#13645,.F.);
#14762 = ORIENTED_EDGE('',*,*,#14748,.F.);
#14763 = ORIENTED_EDGE('',*,*,#14058,.T.);
#14764 = ORIENTED_EDGE('',*,*,#14765,.T.);
#14765 = EDGE_CURVE('',#14059,#13646,#14766,.T.);
#14766 = LINE('',#14767,#14768);
#14767 = CARTESIAN_POINT('',(14.6,12.158947322857,-6.8));
#14768 = VECTOR('',#14769,1.);
#14769 = DIRECTION('',(0.,0.,1.));
#14770 = PLANE('',#14771);
#14771 = AXIS2_PLACEMENT_3D('',#14772,#14773,#14774);
#14772 = CARTESIAN_POINT('',(14.6,-20.,-6.8));
#14773 = DIRECTION('',(1.,0.,-0.));
#14774 = DIRECTION('',(0.,0.,1.));
#14775 = ADVANCED_FACE('',(#14776),#14787,.F.);
#14776 = FACE_BOUND('',#14777,.F.);
#14777 = EDGE_LOOP('',(#14778,#14779,#14780,#14781));
#14778 = ORIENTED_EDGE('',*,*,#13662,.F.);
#14779 = ORIENTED_EDGE('',*,*,#14741,.F.);
#14780 = ORIENTED_EDGE('',*,*,#14075,.T.);
#14781 = ORIENTED_EDGE('',*,*,#14782,.T.);
#14782 = EDGE_CURVE('',#14067,#13654,#14783,.T.);
#14783 = LINE('',#14784,#14785);
#14784 = CARTESIAN_POINT('',(17.4,7.631513611336,-6.8));
#14785 = VECTOR('',#14786,1.);
#14786 = DIRECTION('',(0.,0.,1.));
#14787 = PLANE('',#14788);
#14788 = AXIS2_PLACEMENT_3D('',#14789,#14790,#14791);
#14789 = CARTESIAN_POINT('',(17.4,-20.,-6.8));
#14790 = DIRECTION('',(1.,0.,-0.));
#14791 = DIRECTION('',(0.,0.,1.));
#14792 = ADVANCED_FACE('',(#14793),#14799,.F.);
#14793 = FACE_BOUND('',#14794,.F.);
#14794 = EDGE_LOOP('',(#14795,#14796,#14797,#14798));
#14795 = ORIENTED_EDGE('',*,*,#13653,.F.);
#14796 = ORIENTED_EDGE('',*,*,#14782,.F.);
#14797 = ORIENTED_EDGE('',*,*,#14066,.T.);
#14798 = ORIENTED_EDGE('',*,*,#14765,.T.);
#14799 = CYLINDRICAL_SURFACE('',#14800,19.);
#14800 = AXIS2_PLACEMENT_3D('',#14801,#14802,#14803);
#14801 = CARTESIAN_POINT('',(0.,0.,-6.8));
#14802 = DIRECTION('',(0.,0.,1.));
#14803 = DIRECTION('',(1.,0.,-0.));
#14804 = ADVANCED_FACE('',(#14805),#14813,.F.);
#14805 = FACE_BOUND('',#14806,.F.);
#14806 = EDGE_LOOP('',(#14807,#14808,#14809,#14810,#14811,#14812));
#14807 = ORIENTED_EDGE('',*,*,#14692,.T.);
#14808 = ORIENTED_EDGE('',*,*,#13603,.F.);
#14809 = ORIENTED_EDGE('',*,*,#13584,.F.);
#14810 = ORIENTED_EDGE('',*,*,#14685,.F.);
#14811 = ORIENTED_EDGE('',*,*,#13997,.T.);
#14812 = ORIENTED_EDGE('',*,*,#14016,.T.);
#14813 = CYLINDRICAL_SURFACE('',#14814,19.);
#14814 = AXIS2_PLACEMENT_3D('',#14815,#14816,#14817);
#14815 = CARTESIAN_POINT('',(0.,0.,-6.8));
#14816 = DIRECTION('',(0.,0.,1.));
#14817 = DIRECTION('',(1.,0.,-0.));
#14818 = ( GEOMETRIC_REPRESENTATION_CONTEXT(3) 
GLOBAL_UNCERTAINTY_ASSIGNED_CONTEXT((#14822)) 
GLOBAL_UNIT_ASSIGNED_CONTEXT((#14819,#14820,#14821)) 
REPRESENTATION_CONTEXT('Context #1',
  '3D Context with UNIT and UNCERTAINTY') );
#14819 = ( LENGTH_UNIT() NAMED_UNIT(*) SI_UNIT(.MILLI.,.METRE.) );
#14820 = ( NAMED_UNIT(*) PLANE_ANGLE_UNIT() SI_UNIT($,.RADIAN.) );
#14821 = ( NAMED_UNIT(*) SI_UNIT($,.STERADIAN.) SOLID_ANGLE_UNIT() );
#14822 = UNCERTAINTY_MEASURE_WITH_UNIT(LENGTH_MEASURE(2.E-07),#14819,
  'distance_accuracy_value','confusion accuracy');
#14823 = PRODUCT_RELATED_PRODUCT_CATEGORY('part',$,(#7));
ENDSEC;
END-ISO-10303-21;
