ISO-10303-21;
HEADER;
FILE_DESCRIPTION(('FreeCAD Model'),'2;1');
FILE_NAME('Open CASCADE Shape Model','2026-09-09T18:57:52',('FreeCAD'),(
    'FreeCAD'),'Open CASCADE STEP processor 7.8','FreeCAD','Unknown');
FILE_SCHEMA(('AUTOMOTIVE_DESIGN { 1 0 10303 214 1 1 1 1 }'));
ENDSEC;
DATA;
#1 = APPLICATION_PROTOCOL_DEFINITION('international standard',
  'automotive_design',2000,#2);
#2 = APPLICATION_CONTEXT(
  'core data for automotive mechanical design processes');
#3 = SHAPE_DEFINITION_REPRESENTATION(#4,#10);
#4 = PRODUCT_DEFINITION_SHAPE('','',#5);
#5 = PRODUCT_DEFINITION('design','',#6,#9);
#6 = PRODUCT_DEFINITION_FORMATION('','',#7);
#7 = PRODUCT('Open CASCADE STEP translator 7.8 1',
  'Open CASCADE STEP translator 7.8 1','',(#8));
#8 = PRODUCT_CONTEXT('',#2,'mechanical');
#9 = PRODUCT_DEFINITION_CONTEXT('part definition',#2,'design');
#10 = SHAPE_REPRESENTATION('',(#11,#15,#1900,#3533,#3631,#14168,#14266,
    #14358,#14456,#14548,#14646,#14738,#14830,#14928,#15020),#15112);
#11 = AXIS2_PLACEMENT_3D('',#12,#13,#14);
#12 = CARTESIAN_POINT('',(0.,0.,0.));
#13 = DIRECTION('',(0.,0.,1.));
#14 = DIRECTION('',(1.,0.,-0.));
#15 = MANIFOLD_SOLID_BREP('',#16);
#16 = CLOSED_SHELL('',(#17,#50,#70,#90,#115,#140,#160,#468,#493,#525,
    #549,#573,#591,#633,#650,#681,#699,#731,#755,#779,#797,#829,#853,
    #877,#895,#927,#951,#975,#993,#1025,#1049,#1073,#1091,#1123,#1147,
    #1171,#1189,#1221,#1245,#1269,#1287,#1375,#1443,#1474,#1498,#1522,
    #1539,#1564,#1595,#1619,#1643,#1660,#1684,#1707,#1719,#1742,#1767,
    #1792,#1812,#1832,#1857,#1882,#1891));
#17 = ADVANCED_FACE('',(#18),#45,.T.);
#18 = FACE_BOUND('',#19,.T.);
#19 = EDGE_LOOP('',(#20,#29,#37,#44));
#20 = ORIENTED_EDGE('',*,*,#21,.F.);
#21 = EDGE_CURVE('',#22,#22,#24,.T.);
#22 = VERTEX_POINT('',#23);
#23 = CARTESIAN_POINT('',(36.,-8.817456953861E-15,-1.));
#24 = CIRCLE('',#25,36.);
#25 = AXIS2_PLACEMENT_3D('',#26,#27,#28);
#26 = CARTESIAN_POINT('',(0.,0.,-1.));
#27 = DIRECTION('',(0.,0.,1.));
#28 = DIRECTION('',(1.,0.,-0.));
#29 = ORIENTED_EDGE('',*,*,#30,.F.);
#30 = EDGE_CURVE('',#31,#22,#33,.T.);
#31 = VERTEX_POINT('',#32);
#32 = CARTESIAN_POINT('',(36.,-8.817456953861E-15,-3.7));
#33 = LINE('',#34,#35);
#34 = CARTESIAN_POINT('',(36.,-8.817456953861E-15,-3.7));
#35 = VECTOR('',#36,1.);
#36 = DIRECTION('',(0.,0.,1.));
#37 = ORIENTED_EDGE('',*,*,#38,.T.);
#38 = EDGE_CURVE('',#31,#31,#39,.T.);
#39 = CIRCLE('',#40,36.);
#40 = AXIS2_PLACEMENT_3D('',#41,#42,#43);
#41 = CARTESIAN_POINT('',(0.,0.,-3.7));
#42 = DIRECTION('',(0.,0.,1.));
#43 = DIRECTION('',(1.,0.,-0.));
#44 = ORIENTED_EDGE('',*,*,#30,.T.);
#45 = CYLINDRICAL_SURFACE('',#46,36.);
#46 = AXIS2_PLACEMENT_3D('',#47,#48,#49);
#47 = CARTESIAN_POINT('',(0.,0.,-3.7));
#48 = DIRECTION('',(0.,0.,1.));
#49 = DIRECTION('',(1.,0.,-0.));
#50 = ADVANCED_FACE('',(#51,#54),#65,.T.);
#51 = FACE_BOUND('',#52,.T.);
#52 = EDGE_LOOP('',(#53));
#53 = ORIENTED_EDGE('',*,*,#21,.T.);
#54 = FACE_BOUND('',#55,.T.);
#55 = EDGE_LOOP('',(#56));
#56 = ORIENTED_EDGE('',*,*,#57,.F.);
#57 = EDGE_CURVE('',#58,#58,#60,.T.);
#58 = VERTEX_POINT('',#59);
#59 = CARTESIAN_POINT('',(34.5,-8.450062914117E-15,-1.));
#60 = CIRCLE('',#61,34.5);
#61 = AXIS2_PLACEMENT_3D('',#62,#63,#64);
#62 = CARTESIAN_POINT('',(0.,0.,-1.));
#63 = DIRECTION('',(0.,0.,1.));
#64 = DIRECTION('',(1.,0.,-0.));
#65 = PLANE('',#66);
#66 = AXIS2_PLACEMENT_3D('',#67,#68,#69);
#67 = CARTESIAN_POINT('',(0.,0.,-1.));
#68 = DIRECTION('',(0.,0.,1.));
#69 = DIRECTION('',(1.,0.,-0.));
#70 = ADVANCED_FACE('',(#71,#74),#85,.F.);
#71 = FACE_BOUND('',#72,.F.);
#72 = EDGE_LOOP('',(#73));
#73 = ORIENTED_EDGE('',*,*,#38,.T.);
#74 = FACE_BOUND('',#75,.F.);
#75 = EDGE_LOOP('',(#76));
#76 = ORIENTED_EDGE('',*,*,#77,.F.);
#77 = EDGE_CURVE('',#78,#78,#80,.T.);
#78 = VERTEX_POINT('',#79);
#79 = CARTESIAN_POINT('',(19.,-4.65365783676E-15,-3.7));
#80 = CIRCLE('',#81,19.);
#81 = AXIS2_PLACEMENT_3D('',#82,#83,#84);
#82 = CARTESIAN_POINT('',(0.,0.,-3.7));
#83 = DIRECTION('',(0.,0.,1.));
#84 = DIRECTION('',(1.,0.,-0.));
#85 = PLANE('',#86);
#86 = AXIS2_PLACEMENT_3D('',#87,#88,#89);
#87 = CARTESIAN_POINT('',(0.,0.,-3.7));
#88 = DIRECTION('',(0.,0.,1.));
#89 = DIRECTION('',(1.,0.,-0.));
#90 = ADVANCED_FACE('',(#91),#110,.T.);
#91 = FACE_BOUND('',#92,.T.);
#92 = EDGE_LOOP('',(#93,#102,#108,#109));
#93 = ORIENTED_EDGE('',*,*,#94,.F.);
#94 = EDGE_CURVE('',#95,#95,#97,.T.);
#95 = VERTEX_POINT('',#96);
#96 = CARTESIAN_POINT('',(34.5,-8.450062914117E-15,2.));
#97 = CIRCLE('',#98,34.5);
#98 = AXIS2_PLACEMENT_3D('',#99,#100,#101);
#99 = CARTESIAN_POINT('',(0.,0.,2.));
#100 = DIRECTION('',(0.,0.,1.));
#101 = DIRECTION('',(1.,0.,-0.));
#102 = ORIENTED_EDGE('',*,*,#103,.F.);
#103 = EDGE_CURVE('',#58,#95,#104,.T.);
#104 = LINE('',#105,#106);
#105 = CARTESIAN_POINT('',(34.5,-8.450062914117E-15,-1.));
#106 = VECTOR('',#107,1.);
#107 = DIRECTION('',(0.,0.,1.));
#108 = ORIENTED_EDGE('',*,*,#57,.T.);
#109 = ORIENTED_EDGE('',*,*,#103,.T.);
#110 = CYLINDRICAL_SURFACE('',#111,34.5);
#111 = AXIS2_PLACEMENT_3D('',#112,#113,#114);
#112 = CARTESIAN_POINT('',(0.,0.,-1.));
#113 = DIRECTION('',(0.,0.,1.));
#114 = DIRECTION('',(1.,0.,-0.));
#115 = ADVANCED_FACE('',(#116),#135,.T.);
#116 = FACE_BOUND('',#117,.T.);
#117 = EDGE_LOOP('',(#118,#119,#127,#134));
#118 = ORIENTED_EDGE('',*,*,#77,.F.);
#119 = ORIENTED_EDGE('',*,*,#120,.F.);
#120 = EDGE_CURVE('',#121,#78,#123,.T.);
#121 = VERTEX_POINT('',#122);
#122 = CARTESIAN_POINT('',(19.,-4.65365783676E-15,-4.5));
#123 = LINE('',#124,#125);
#124 = CARTESIAN_POINT('',(19.,-4.65365783676E-15,-4.5));
#125 = VECTOR('',#126,1.);
#126 = DIRECTION('',(0.,0.,1.));
#127 = ORIENTED_EDGE('',*,*,#128,.T.);
#128 = EDGE_CURVE('',#121,#121,#129,.T.);
#129 = CIRCLE('',#130,19.);
#130 = AXIS2_PLACEMENT_3D('',#131,#132,#133);
#131 = CARTESIAN_POINT('',(0.,0.,-4.5));
#132 = DIRECTION('',(0.,0.,1.));
#133 = DIRECTION('',(1.,0.,-0.));
#134 = ORIENTED_EDGE('',*,*,#120,.T.);
#135 = CYLINDRICAL_SURFACE('',#136,19.);
#136 = AXIS2_PLACEMENT_3D('',#137,#138,#139);
#137 = CARTESIAN_POINT('',(0.,0.,-4.5));
#138 = DIRECTION('',(0.,0.,1.));
#139 = DIRECTION('',(1.,0.,-0.));
#140 = ADVANCED_FACE('',(#141,#144),#155,.T.);
#141 = FACE_BOUND('',#142,.T.);
#142 = EDGE_LOOP('',(#143));
#143 = ORIENTED_EDGE('',*,*,#94,.T.);
#144 = FACE_BOUND('',#145,.T.);
#145 = EDGE_LOOP('',(#146));
#146 = ORIENTED_EDGE('',*,*,#147,.F.);
#147 = EDGE_CURVE('',#148,#148,#150,.T.);
#148 = VERTEX_POINT('',#149);
#149 = CARTESIAN_POINT('',(31.,-7.592810154714E-15,2.));
#150 = CIRCLE('',#151,31.);
#151 = AXIS2_PLACEMENT_3D('',#152,#153,#154);
#152 = CARTESIAN_POINT('',(0.,0.,2.));
#153 = DIRECTION('',(0.,0.,1.));
#154 = DIRECTION('',(1.,0.,-0.));
#155 = PLANE('',#156);
#156 = AXIS2_PLACEMENT_3D('',#157,#158,#159);
#157 = CARTESIAN_POINT('',(0.,0.,2.));
#158 = DIRECTION('',(0.,0.,1.));
#159 = DIRECTION('',(1.,0.,-0.));
#160 = ADVANCED_FACE('',(#161,#164,#200,#228,#247,#283,#319,#355,#391,
    #427),#463,.F.);
#161 = FACE_BOUND('',#162,.F.);
#162 = EDGE_LOOP('',(#163));
#163 = ORIENTED_EDGE('',*,*,#128,.T.);
#164 = FACE_BOUND('',#165,.F.);
#165 = EDGE_LOOP('',(#166,#177,#185,#194));
#166 = ORIENTED_EDGE('',*,*,#167,.F.);
#167 = EDGE_CURVE('',#168,#170,#172,.T.);
#168 = VERTEX_POINT('',#169);
#169 = CARTESIAN_POINT('',(-13.4,-10.46135746449,-4.5));
#170 = VERTEX_POINT('',#171);
#171 = CARTESIAN_POINT('',(-10.6,-13.29059818066,-4.5));
#172 = CIRCLE('',#173,17.);
#173 = AXIS2_PLACEMENT_3D('',#174,#175,#176);
#174 = CARTESIAN_POINT('',(0.,0.,-4.5));
#175 = DIRECTION('',(0.,0.,1.));
#176 = DIRECTION('',(1.,0.,-0.));
#177 = ORIENTED_EDGE('',*,*,#178,.T.);
#178 = EDGE_CURVE('',#168,#179,#181,.T.);
#179 = VERTEX_POINT('',#180);
#180 = CARTESIAN_POINT('',(-13.4,10.461357464498,-4.5));
#181 = LINE('',#182,#183);
#182 = CARTESIAN_POINT('',(-13.4,-9.,-4.5));
#183 = VECTOR('',#184,1.);
#184 = DIRECTION('',(-0.,1.,0.));
#185 = ORIENTED_EDGE('',*,*,#186,.F.);
#186 = EDGE_CURVE('',#187,#179,#189,.T.);
#187 = VERTEX_POINT('',#188);
#188 = CARTESIAN_POINT('',(-10.6,13.290598180669,-4.5));
#189 = CIRCLE('',#190,17.);
#190 = AXIS2_PLACEMENT_3D('',#191,#192,#193);
#191 = CARTESIAN_POINT('',(0.,0.,-4.5));
#192 = DIRECTION('',(0.,0.,1.));
#193 = DIRECTION('',(1.,0.,-0.));
#194 = ORIENTED_EDGE('',*,*,#195,.F.);
#195 = EDGE_CURVE('',#170,#187,#196,.T.);
#196 = LINE('',#197,#198);
#197 = CARTESIAN_POINT('',(-10.6,-9.,-4.5));
#198 = VECTOR('',#199,1.);
#199 = DIRECTION('',(-0.,1.,0.));
#200 = FACE_BOUND('',#201,.F.);
#201 = EDGE_LOOP('',(#202,#213,#221));
#202 = ORIENTED_EDGE('',*,*,#203,.F.);
#203 = EDGE_CURVE('',#204,#206,#208,.T.);
#204 = VERTEX_POINT('',#205);
#205 = CARTESIAN_POINT('',(14.6,-8.708616422831,-4.5));
#206 = VERTEX_POINT('',#207);
#207 = CARTESIAN_POINT('',(17.,-4.163799117101E-15,-4.5));
#208 = CIRCLE('',#209,17.);
#209 = AXIS2_PLACEMENT_3D('',#210,#211,#212);
#210 = CARTESIAN_POINT('',(0.,0.,-4.5));
#211 = DIRECTION('',(0.,0.,1.));
#212 = DIRECTION('',(1.,0.,-0.));
#213 = ORIENTED_EDGE('',*,*,#214,.T.);
#214 = EDGE_CURVE('',#204,#215,#217,.T.);
#215 = VERTEX_POINT('',#216);
#216 = CARTESIAN_POINT('',(14.6,8.708616422831,-4.5));
#217 = LINE('',#218,#219);
#218 = CARTESIAN_POINT('',(14.6,-9.,-4.5));
#219 = VECTOR('',#220,1.);
#220 = DIRECTION('',(-0.,1.,0.));
#221 = ORIENTED_EDGE('',*,*,#222,.F.);
#222 = EDGE_CURVE('',#206,#215,#223,.T.);
#223 = CIRCLE('',#224,17.);
#224 = AXIS2_PLACEMENT_3D('',#225,#226,#227);
#225 = CARTESIAN_POINT('',(0.,0.,-4.5));
#226 = DIRECTION('',(0.,0.,1.));
#227 = DIRECTION('',(1.,0.,-0.));
#228 = FACE_BOUND('',#229,.F.);
#229 = EDGE_LOOP('',(#230,#240));
#230 = ORIENTED_EDGE('',*,*,#231,.F.);
#231 = EDGE_CURVE('',#232,#234,#236,.T.);
#232 = VERTEX_POINT('',#233);
#233 = CARTESIAN_POINT('',(-14.6,-8.708616422831,-4.5));
#234 = VERTEX_POINT('',#235);
#235 = CARTESIAN_POINT('',(-14.6,8.708616422831,-4.5));
#236 = LINE('',#237,#238);
#237 = CARTESIAN_POINT('',(-14.6,-9.,-4.5));
#238 = VECTOR('',#239,1.);
#239 = DIRECTION('',(-0.,1.,0.));
#240 = ORIENTED_EDGE('',*,*,#241,.F.);
#241 = EDGE_CURVE('',#234,#232,#242,.T.);
#242 = CIRCLE('',#243,17.);
#243 = AXIS2_PLACEMENT_3D('',#244,#245,#246);
#244 = CARTESIAN_POINT('',(0.,0.,-4.5));
#245 = DIRECTION('',(0.,0.,1.));
#246 = DIRECTION('',(1.,0.,-0.));
#247 = FACE_BOUND('',#248,.F.);
#248 = EDGE_LOOP('',(#249,#260,#268,#277));
#249 = ORIENTED_EDGE('',*,*,#250,.F.);
#250 = EDGE_CURVE('',#251,#253,#255,.T.);
#251 = VERTEX_POINT('',#252);
#252 = CARTESIAN_POINT('',(-9.4,-14.1647449677,-4.5));
#253 = VERTEX_POINT('',#254);
#254 = CARTESIAN_POINT('',(-6.6,-15.66652482205,-4.5));
#255 = CIRCLE('',#256,17.);
#256 = AXIS2_PLACEMENT_3D('',#257,#258,#259);
#257 = CARTESIAN_POINT('',(0.,0.,-4.5));
#258 = DIRECTION('',(0.,0.,1.));
#259 = DIRECTION('',(1.,0.,-0.));
#260 = ORIENTED_EDGE('',*,*,#261,.T.);
#261 = EDGE_CURVE('',#251,#262,#264,.T.);
#262 = VERTEX_POINT('',#263);
#263 = CARTESIAN_POINT('',(-9.4,14.164744967701,-4.5));
#264 = LINE('',#265,#266);
#265 = CARTESIAN_POINT('',(-9.4,-9.,-4.5));
#266 = VECTOR('',#267,1.);
#267 = DIRECTION('',(-0.,1.,0.));
#268 = ORIENTED_EDGE('',*,*,#269,.F.);
#269 = EDGE_CURVE('',#270,#262,#272,.T.);
#270 = VERTEX_POINT('',#271);
#271 = CARTESIAN_POINT('',(-6.6,15.666524822053,-4.5));
#272 = CIRCLE('',#273,17.);
#273 = AXIS2_PLACEMENT_3D('',#274,#275,#276);
#274 = CARTESIAN_POINT('',(0.,0.,-4.5));
#275 = DIRECTION('',(0.,0.,1.));
#276 = DIRECTION('',(1.,0.,-0.));
#277 = ORIENTED_EDGE('',*,*,#278,.F.);
#278 = EDGE_CURVE('',#253,#270,#279,.T.);
#279 = LINE('',#280,#281);
#280 = CARTESIAN_POINT('',(-6.6,-9.,-4.5));
#281 = VECTOR('',#282,1.);
#282 = DIRECTION('',(-0.,1.,0.));
#283 = FACE_BOUND('',#284,.F.);
#284 = EDGE_LOOP('',(#285,#296,#304,#313));
#285 = ORIENTED_EDGE('',*,*,#286,.F.);
#286 = EDGE_CURVE('',#287,#289,#291,.T.);
#287 = VERTEX_POINT('',#288);
#288 = CARTESIAN_POINT('',(-5.4,-16.11955334368,-4.5));
#289 = VERTEX_POINT('',#290);
#290 = CARTESIAN_POINT('',(-2.6,-16.8,-4.5));
#291 = CIRCLE('',#292,17.);
#292 = AXIS2_PLACEMENT_3D('',#293,#294,#295);
#293 = CARTESIAN_POINT('',(0.,0.,-4.5));
#294 = DIRECTION('',(0.,0.,1.));
#295 = DIRECTION('',(1.,0.,-0.));
#296 = ORIENTED_EDGE('',*,*,#297,.T.);
#297 = EDGE_CURVE('',#287,#298,#300,.T.);
#298 = VERTEX_POINT('',#299);
#299 = CARTESIAN_POINT('',(-5.4,16.119553343688,-4.5));
#300 = LINE('',#301,#302);
#301 = CARTESIAN_POINT('',(-5.4,-9.,-4.5));
#302 = VECTOR('',#303,1.);
#303 = DIRECTION('',(-0.,1.,0.));
#304 = ORIENTED_EDGE('',*,*,#305,.F.);
#305 = EDGE_CURVE('',#306,#298,#308,.T.);
#306 = VERTEX_POINT('',#307);
#307 = CARTESIAN_POINT('',(-2.6,16.8,-4.5));
#308 = CIRCLE('',#309,17.);
#309 = AXIS2_PLACEMENT_3D('',#310,#311,#312);
#310 = CARTESIAN_POINT('',(0.,0.,-4.5));
#311 = DIRECTION('',(0.,0.,1.));
#312 = DIRECTION('',(1.,0.,-0.));
#313 = ORIENTED_EDGE('',*,*,#314,.F.);
#314 = EDGE_CURVE('',#289,#306,#315,.T.);
#315 = LINE('',#316,#317);
#316 = CARTESIAN_POINT('',(-2.6,-9.,-4.5));
#317 = VECTOR('',#318,1.);
#318 = DIRECTION('',(-0.,1.,0.));
#319 = FACE_BOUND('',#320,.F.);
#320 = EDGE_LOOP('',(#321,#332,#340,#349));
#321 = ORIENTED_EDGE('',*,*,#322,.F.);
#322 = EDGE_CURVE('',#323,#325,#327,.T.);
#323 = VERTEX_POINT('',#324);
#324 = CARTESIAN_POINT('',(-1.4,-16.94225486763,-4.5));
#325 = VERTEX_POINT('',#326);
#326 = CARTESIAN_POINT('',(1.4,-16.94225486763,-4.5));
#327 = CIRCLE('',#328,17.);
#328 = AXIS2_PLACEMENT_3D('',#329,#330,#331);
#329 = CARTESIAN_POINT('',(0.,0.,-4.5));
#330 = DIRECTION('',(0.,0.,1.));
#331 = DIRECTION('',(1.,0.,-0.));
#332 = ORIENTED_EDGE('',*,*,#333,.T.);
#333 = EDGE_CURVE('',#323,#334,#336,.T.);
#334 = VERTEX_POINT('',#335);
#335 = CARTESIAN_POINT('',(-1.4,16.942254867638,-4.5));
#336 = LINE('',#337,#338);
#337 = CARTESIAN_POINT('',(-1.4,-9.,-4.5));
#338 = VECTOR('',#339,1.);
#339 = DIRECTION('',(-0.,1.,0.));
#340 = ORIENTED_EDGE('',*,*,#341,.F.);
#341 = EDGE_CURVE('',#342,#334,#344,.T.);
#342 = VERTEX_POINT('',#343);
#343 = CARTESIAN_POINT('',(1.4,16.942254867638,-4.5));
#344 = CIRCLE('',#345,17.);
#345 = AXIS2_PLACEMENT_3D('',#346,#347,#348);
#346 = CARTESIAN_POINT('',(0.,0.,-4.5));
#347 = DIRECTION('',(0.,0.,1.));
#348 = DIRECTION('',(1.,0.,-0.));
#349 = ORIENTED_EDGE('',*,*,#350,.F.);
#350 = EDGE_CURVE('',#325,#342,#351,.T.);
#351 = LINE('',#352,#353);
#352 = CARTESIAN_POINT('',(1.4,-9.,-4.5));
#353 = VECTOR('',#354,1.);
#354 = DIRECTION('',(-0.,1.,0.));
#355 = FACE_BOUND('',#356,.F.);
#356 = EDGE_LOOP('',(#357,#368,#376,#385));
#357 = ORIENTED_EDGE('',*,*,#358,.F.);
#358 = EDGE_CURVE('',#359,#361,#363,.T.);
#359 = VERTEX_POINT('',#360);
#360 = CARTESIAN_POINT('',(2.6,-16.8,-4.5));
#361 = VERTEX_POINT('',#362);
#362 = CARTESIAN_POINT('',(5.4,-16.11955334368,-4.5));
#363 = CIRCLE('',#364,17.);
#364 = AXIS2_PLACEMENT_3D('',#365,#366,#367);
#365 = CARTESIAN_POINT('',(0.,0.,-4.5));
#366 = DIRECTION('',(0.,0.,1.));
#367 = DIRECTION('',(1.,0.,-0.));
#368 = ORIENTED_EDGE('',*,*,#369,.T.);
#369 = EDGE_CURVE('',#359,#370,#372,.T.);
#370 = VERTEX_POINT('',#371);
#371 = CARTESIAN_POINT('',(2.6,16.8,-4.5));
#372 = LINE('',#373,#374);
#373 = CARTESIAN_POINT('',(2.6,-9.,-4.5));
#374 = VECTOR('',#375,1.);
#375 = DIRECTION('',(-0.,1.,0.));
#376 = ORIENTED_EDGE('',*,*,#377,.F.);
#377 = EDGE_CURVE('',#378,#370,#380,.T.);
#378 = VERTEX_POINT('',#379);
#379 = CARTESIAN_POINT('',(5.4,16.119553343688,-4.5));
#380 = CIRCLE('',#381,17.);
#381 = AXIS2_PLACEMENT_3D('',#382,#383,#384);
#382 = CARTESIAN_POINT('',(0.,0.,-4.5));
#383 = DIRECTION('',(0.,0.,1.));
#384 = DIRECTION('',(1.,0.,-0.));
#385 = ORIENTED_EDGE('',*,*,#386,.F.);
#386 = EDGE_CURVE('',#361,#378,#387,.T.);
#387 = LINE('',#388,#389);
#388 = CARTESIAN_POINT('',(5.4,-9.,-4.5));
#389 = VECTOR('',#390,1.);
#390 = DIRECTION('',(-0.,1.,0.));
#391 = FACE_BOUND('',#392,.F.);
#392 = EDGE_LOOP('',(#393,#404,#412,#421));
#393 = ORIENTED_EDGE('',*,*,#394,.F.);
#394 = EDGE_CURVE('',#395,#397,#399,.T.);
#395 = VERTEX_POINT('',#396);
#396 = CARTESIAN_POINT('',(6.6,-15.66652482205,-4.5));
#397 = VERTEX_POINT('',#398);
#398 = CARTESIAN_POINT('',(9.4,-14.1647449677,-4.5));
#399 = CIRCLE('',#400,17.);
#400 = AXIS2_PLACEMENT_3D('',#401,#402,#403);
#401 = CARTESIAN_POINT('',(0.,0.,-4.5));
#402 = DIRECTION('',(0.,0.,1.));
#403 = DIRECTION('',(1.,0.,-0.));
#404 = ORIENTED_EDGE('',*,*,#405,.T.);
#405 = EDGE_CURVE('',#395,#406,#408,.T.);
#406 = VERTEX_POINT('',#407);
#407 = CARTESIAN_POINT('',(6.6,15.666524822053,-4.5));
#408 = LINE('',#409,#410);
#409 = CARTESIAN_POINT('',(6.6,-9.,-4.5));
#410 = VECTOR('',#411,1.);
#411 = DIRECTION('',(-0.,1.,0.));
#412 = ORIENTED_EDGE('',*,*,#413,.F.);
#413 = EDGE_CURVE('',#414,#406,#416,.T.);
#414 = VERTEX_POINT('',#415);
#415 = CARTESIAN_POINT('',(9.4,14.164744967701,-4.5));
#416 = CIRCLE('',#417,17.);
#417 = AXIS2_PLACEMENT_3D('',#418,#419,#420);
#418 = CARTESIAN_POINT('',(0.,0.,-4.5));
#419 = DIRECTION('',(0.,0.,1.));
#420 = DIRECTION('',(1.,0.,-0.));
#421 = ORIENTED_EDGE('',*,*,#422,.F.);
#422 = EDGE_CURVE('',#397,#414,#423,.T.);
#423 = LINE('',#424,#425);
#424 = CARTESIAN_POINT('',(9.4,-9.,-4.5));
#425 = VECTOR('',#426,1.);
#426 = DIRECTION('',(-0.,1.,0.));
#427 = FACE_BOUND('',#428,.F.);
#428 = EDGE_LOOP('',(#429,#440,#448,#457));
#429 = ORIENTED_EDGE('',*,*,#430,.F.);
#430 = EDGE_CURVE('',#431,#433,#435,.T.);
#431 = VERTEX_POINT('',#432);
#432 = CARTESIAN_POINT('',(10.6,-13.29059818066,-4.5));
#433 = VERTEX_POINT('',#434);
#434 = CARTESIAN_POINT('',(13.4,-10.46135746449,-4.5));
#435 = CIRCLE('',#436,17.);
#436 = AXIS2_PLACEMENT_3D('',#437,#438,#439);
#437 = CARTESIAN_POINT('',(0.,0.,-4.5));
#438 = DIRECTION('',(0.,0.,1.));
#439 = DIRECTION('',(1.,0.,-0.));
#440 = ORIENTED_EDGE('',*,*,#441,.T.);
#441 = EDGE_CURVE('',#431,#442,#444,.T.);
#442 = VERTEX_POINT('',#443);
#443 = CARTESIAN_POINT('',(10.6,13.290598180669,-4.5));
#444 = LINE('',#445,#446);
#445 = CARTESIAN_POINT('',(10.6,-9.,-4.5));
#446 = VECTOR('',#447,1.);
#447 = DIRECTION('',(-0.,1.,0.));
#448 = ORIENTED_EDGE('',*,*,#449,.F.);
#449 = EDGE_CURVE('',#450,#442,#452,.T.);
#450 = VERTEX_POINT('',#451);
#451 = CARTESIAN_POINT('',(13.4,10.461357464498,-4.5));
#452 = CIRCLE('',#453,17.);
#453 = AXIS2_PLACEMENT_3D('',#454,#455,#456);
#454 = CARTESIAN_POINT('',(0.,0.,-4.5));
#455 = DIRECTION('',(0.,0.,1.));
#456 = DIRECTION('',(1.,0.,-0.));
#457 = ORIENTED_EDGE('',*,*,#458,.F.);
#458 = EDGE_CURVE('',#433,#450,#459,.T.);
#459 = LINE('',#460,#461);
#460 = CARTESIAN_POINT('',(13.4,-9.,-4.5));
#461 = VECTOR('',#462,1.);
#462 = DIRECTION('',(-0.,1.,0.));
#463 = PLANE('',#464);
#464 = AXIS2_PLACEMENT_3D('',#465,#466,#467);
#465 = CARTESIAN_POINT('',(0.,0.,-4.5));
#466 = DIRECTION('',(0.,0.,1.));
#467 = DIRECTION('',(1.,0.,-0.));
#468 = ADVANCED_FACE('',(#469),#488,.F.);
#469 = FACE_BOUND('',#470,.F.);
#470 = EDGE_LOOP('',(#471,#472,#480,#487));
#471 = ORIENTED_EDGE('',*,*,#147,.F.);
#472 = ORIENTED_EDGE('',*,*,#473,.F.);
#473 = EDGE_CURVE('',#474,#148,#476,.T.);
#474 = VERTEX_POINT('',#475);
#475 = CARTESIAN_POINT('',(31.,-7.592810154714E-15,-1.));
#476 = LINE('',#477,#478);
#477 = CARTESIAN_POINT('',(31.,-7.592810154714E-15,-1.));
#478 = VECTOR('',#479,1.);
#479 = DIRECTION('',(0.,0.,1.));
#480 = ORIENTED_EDGE('',*,*,#481,.T.);
#481 = EDGE_CURVE('',#474,#474,#482,.T.);
#482 = CIRCLE('',#483,31.);
#483 = AXIS2_PLACEMENT_3D('',#484,#485,#486);
#484 = CARTESIAN_POINT('',(0.,0.,-1.));
#485 = DIRECTION('',(0.,0.,1.));
#486 = DIRECTION('',(1.,0.,-0.));
#487 = ORIENTED_EDGE('',*,*,#473,.T.);
#488 = CYLINDRICAL_SURFACE('',#489,31.);
#489 = AXIS2_PLACEMENT_3D('',#490,#491,#492);
#490 = CARTESIAN_POINT('',(0.,0.,-1.));
#491 = DIRECTION('',(0.,0.,1.));
#492 = DIRECTION('',(1.,0.,-0.));
#493 = ADVANCED_FACE('',(#494),#520,.F.);
#494 = FACE_BOUND('',#495,.F.);
#495 = EDGE_LOOP('',(#496,#497,#505,#514));
#496 = ORIENTED_EDGE('',*,*,#167,.T.);
#497 = ORIENTED_EDGE('',*,*,#498,.T.);
#498 = EDGE_CURVE('',#170,#499,#501,.T.);
#499 = VERTEX_POINT('',#500);
#500 = CARTESIAN_POINT('',(-10.6,-13.29059818066,-2.7));
#501 = LINE('',#502,#503);
#502 = CARTESIAN_POINT('',(-10.6,-13.29059818066,-4.7));
#503 = VECTOR('',#504,1.);
#504 = DIRECTION('',(0.,0.,1.));
#505 = ORIENTED_EDGE('',*,*,#506,.F.);
#506 = EDGE_CURVE('',#507,#499,#509,.T.);
#507 = VERTEX_POINT('',#508);
#508 = CARTESIAN_POINT('',(-13.4,-10.46135746449,-2.7));
#509 = CIRCLE('',#510,17.);
#510 = AXIS2_PLACEMENT_3D('',#511,#512,#513);
#511 = CARTESIAN_POINT('',(0.,0.,-2.7));
#512 = DIRECTION('',(0.,0.,1.));
#513 = DIRECTION('',(1.,0.,-0.));
#514 = ORIENTED_EDGE('',*,*,#515,.F.);
#515 = EDGE_CURVE('',#168,#507,#516,.T.);
#516 = LINE('',#517,#518);
#517 = CARTESIAN_POINT('',(-13.4,-10.46135746449,-4.7));
#518 = VECTOR('',#519,1.);
#519 = DIRECTION('',(0.,0.,1.));
#520 = CYLINDRICAL_SURFACE('',#521,17.);
#521 = AXIS2_PLACEMENT_3D('',#522,#523,#524);
#522 = CARTESIAN_POINT('',(0.,0.,-4.7));
#523 = DIRECTION('',(0.,0.,1.));
#524 = DIRECTION('',(1.,0.,-0.));
#525 = ADVANCED_FACE('',(#526),#544,.T.);
#526 = FACE_BOUND('',#527,.T.);
#527 = EDGE_LOOP('',(#528,#536,#537,#538));
#528 = ORIENTED_EDGE('',*,*,#529,.F.);
#529 = EDGE_CURVE('',#507,#530,#532,.T.);
#530 = VERTEX_POINT('',#531);
#531 = CARTESIAN_POINT('',(-13.4,10.461357464498,-2.7));
#532 = LINE('',#533,#534);
#533 = CARTESIAN_POINT('',(-13.4,-9.,-2.7));
#534 = VECTOR('',#535,1.);
#535 = DIRECTION('',(-0.,1.,0.));
#536 = ORIENTED_EDGE('',*,*,#515,.F.);
#537 = ORIENTED_EDGE('',*,*,#178,.T.);
#538 = ORIENTED_EDGE('',*,*,#539,.T.);
#539 = EDGE_CURVE('',#179,#530,#540,.T.);
#540 = LINE('',#541,#542);
#541 = CARTESIAN_POINT('',(-13.4,10.461357464498,-4.7));
#542 = VECTOR('',#543,1.);
#543 = DIRECTION('',(0.,0.,1.));
#544 = PLANE('',#545);
#545 = AXIS2_PLACEMENT_3D('',#546,#547,#548);
#546 = CARTESIAN_POINT('',(-13.4,-18.,-4.7));
#547 = DIRECTION('',(1.,0.,-0.));
#548 = DIRECTION('',(0.,0.,1.));
#549 = ADVANCED_FACE('',(#550),#568,.F.);
#550 = FACE_BOUND('',#551,.F.);
#551 = EDGE_LOOP('',(#552,#560,#561,#562));
#552 = ORIENTED_EDGE('',*,*,#553,.F.);
#553 = EDGE_CURVE('',#499,#554,#556,.T.);
#554 = VERTEX_POINT('',#555);
#555 = CARTESIAN_POINT('',(-10.6,13.290598180669,-2.7));
#556 = LINE('',#557,#558);
#557 = CARTESIAN_POINT('',(-10.6,-9.,-2.7));
#558 = VECTOR('',#559,1.);
#559 = DIRECTION('',(-0.,1.,0.));
#560 = ORIENTED_EDGE('',*,*,#498,.F.);
#561 = ORIENTED_EDGE('',*,*,#195,.T.);
#562 = ORIENTED_EDGE('',*,*,#563,.T.);
#563 = EDGE_CURVE('',#187,#554,#564,.T.);
#564 = LINE('',#565,#566);
#565 = CARTESIAN_POINT('',(-10.6,13.290598180669,-4.7));
#566 = VECTOR('',#567,1.);
#567 = DIRECTION('',(0.,0.,1.));
#568 = PLANE('',#569);
#569 = AXIS2_PLACEMENT_3D('',#570,#571,#572);
#570 = CARTESIAN_POINT('',(-10.6,-18.,-4.7));
#571 = DIRECTION('',(1.,0.,-0.));
#572 = DIRECTION('',(0.,0.,1.));
#573 = ADVANCED_FACE('',(#574),#586,.F.);
#574 = FACE_BOUND('',#575,.F.);
#575 = EDGE_LOOP('',(#576,#583,#584,#585));
#576 = ORIENTED_EDGE('',*,*,#577,.F.);
#577 = EDGE_CURVE('',#554,#530,#578,.T.);
#578 = CIRCLE('',#579,17.);
#579 = AXIS2_PLACEMENT_3D('',#580,#581,#582);
#580 = CARTESIAN_POINT('',(0.,0.,-2.7));
#581 = DIRECTION('',(0.,0.,1.));
#582 = DIRECTION('',(1.,0.,-0.));
#583 = ORIENTED_EDGE('',*,*,#563,.F.);
#584 = ORIENTED_EDGE('',*,*,#186,.T.);
#585 = ORIENTED_EDGE('',*,*,#539,.T.);
#586 = CYLINDRICAL_SURFACE('',#587,17.);
#587 = AXIS2_PLACEMENT_3D('',#588,#589,#590);
#588 = CARTESIAN_POINT('',(0.,0.,-4.7));
#589 = DIRECTION('',(0.,0.,1.));
#590 = DIRECTION('',(1.,0.,-0.));
#591 = ADVANCED_FACE('',(#592),#628,.F.);
#592 = FACE_BOUND('',#593,.F.);
#593 = EDGE_LOOP('',(#594,#602,#611,#620,#626,#627));
#594 = ORIENTED_EDGE('',*,*,#595,.T.);
#595 = EDGE_CURVE('',#215,#596,#598,.T.);
#596 = VERTEX_POINT('',#597);
#597 = CARTESIAN_POINT('',(14.6,8.708616422831,-2.7));
#598 = LINE('',#599,#600);
#599 = CARTESIAN_POINT('',(14.6,8.708616422831,-4.7));
#600 = VECTOR('',#601,1.);
#601 = DIRECTION('',(0.,0.,1.));
#602 = ORIENTED_EDGE('',*,*,#603,.F.);
#603 = EDGE_CURVE('',#604,#596,#606,.T.);
#604 = VERTEX_POINT('',#605);
#605 = CARTESIAN_POINT('',(17.,-4.163799117101E-15,-2.7));
#606 = CIRCLE('',#607,17.);
#607 = AXIS2_PLACEMENT_3D('',#608,#609,#610);
#608 = CARTESIAN_POINT('',(0.,0.,-2.7));
#609 = DIRECTION('',(0.,0.,1.));
#610 = DIRECTION('',(1.,0.,-0.));
#611 = ORIENTED_EDGE('',*,*,#612,.F.);
#612 = EDGE_CURVE('',#613,#604,#615,.T.);
#613 = VERTEX_POINT('',#614);
#614 = CARTESIAN_POINT('',(14.6,-8.708616422831,-2.7));
#615 = CIRCLE('',#616,17.);
#616 = AXIS2_PLACEMENT_3D('',#617,#618,#619);
#617 = CARTESIAN_POINT('',(0.,0.,-2.7));
#618 = DIRECTION('',(0.,0.,1.));
#619 = DIRECTION('',(1.,0.,-0.));
#620 = ORIENTED_EDGE('',*,*,#621,.F.);
#621 = EDGE_CURVE('',#204,#613,#622,.T.);
#622 = LINE('',#623,#624);
#623 = CARTESIAN_POINT('',(14.6,-8.708616422831,-4.7));
#624 = VECTOR('',#625,1.);
#625 = DIRECTION('',(0.,0.,1.));
#626 = ORIENTED_EDGE('',*,*,#203,.T.);
#627 = ORIENTED_EDGE('',*,*,#222,.T.);
#628 = CYLINDRICAL_SURFACE('',#629,17.);
#629 = AXIS2_PLACEMENT_3D('',#630,#631,#632);
#630 = CARTESIAN_POINT('',(0.,0.,-4.7));
#631 = DIRECTION('',(0.,0.,1.));
#632 = DIRECTION('',(1.,0.,-0.));
#633 = ADVANCED_FACE('',(#634),#645,.T.);
#634 = FACE_BOUND('',#635,.T.);
#635 = EDGE_LOOP('',(#636,#642,#643,#644));
#636 = ORIENTED_EDGE('',*,*,#637,.F.);
#637 = EDGE_CURVE('',#613,#596,#638,.T.);
#638 = LINE('',#639,#640);
#639 = CARTESIAN_POINT('',(14.6,-9.,-2.7));
#640 = VECTOR('',#641,1.);
#641 = DIRECTION('',(-0.,1.,0.));
#642 = ORIENTED_EDGE('',*,*,#621,.F.);
#643 = ORIENTED_EDGE('',*,*,#214,.T.);
#644 = ORIENTED_EDGE('',*,*,#595,.T.);
#645 = PLANE('',#646);
#646 = AXIS2_PLACEMENT_3D('',#647,#648,#649);
#647 = CARTESIAN_POINT('',(14.6,-18.,-4.7));
#648 = DIRECTION('',(1.,0.,-0.));
#649 = DIRECTION('',(0.,0.,1.));
#650 = ADVANCED_FACE('',(#651),#676,.F.);
#651 = FACE_BOUND('',#652,.F.);
#652 = EDGE_LOOP('',(#653,#663,#669,#670));
#653 = ORIENTED_EDGE('',*,*,#654,.F.);
#654 = EDGE_CURVE('',#655,#657,#659,.T.);
#655 = VERTEX_POINT('',#656);
#656 = CARTESIAN_POINT('',(-14.6,-8.708616422831,-2.7));
#657 = VERTEX_POINT('',#658);
#658 = CARTESIAN_POINT('',(-14.6,8.708616422831,-2.7));
#659 = LINE('',#660,#661);
#660 = CARTESIAN_POINT('',(-14.6,-9.,-2.7));
#661 = VECTOR('',#662,1.);
#662 = DIRECTION('',(-0.,1.,0.));
#663 = ORIENTED_EDGE('',*,*,#664,.F.);
#664 = EDGE_CURVE('',#232,#655,#665,.T.);
#665 = LINE('',#666,#667);
#666 = CARTESIAN_POINT('',(-14.6,-8.708616422831,-4.7));
#667 = VECTOR('',#668,1.);
#668 = DIRECTION('',(0.,0.,1.));
#669 = ORIENTED_EDGE('',*,*,#231,.T.);
#670 = ORIENTED_EDGE('',*,*,#671,.T.);
#671 = EDGE_CURVE('',#234,#657,#672,.T.);
#672 = LINE('',#673,#674);
#673 = CARTESIAN_POINT('',(-14.6,8.708616422831,-4.7));
#674 = VECTOR('',#675,1.);
#675 = DIRECTION('',(0.,0.,1.));
#676 = PLANE('',#677);
#677 = AXIS2_PLACEMENT_3D('',#678,#679,#680);
#678 = CARTESIAN_POINT('',(-14.6,-18.,-4.7));
#679 = DIRECTION('',(1.,0.,-0.));
#680 = DIRECTION('',(0.,0.,1.));
#681 = ADVANCED_FACE('',(#682),#694,.F.);
#682 = FACE_BOUND('',#683,.F.);
#683 = EDGE_LOOP('',(#684,#691,#692,#693));
#684 = ORIENTED_EDGE('',*,*,#685,.F.);
#685 = EDGE_CURVE('',#657,#655,#686,.T.);
#686 = CIRCLE('',#687,17.);
#687 = AXIS2_PLACEMENT_3D('',#688,#689,#690);
#688 = CARTESIAN_POINT('',(0.,0.,-2.7));
#689 = DIRECTION('',(0.,0.,1.));
#690 = DIRECTION('',(1.,0.,-0.));
#691 = ORIENTED_EDGE('',*,*,#671,.F.);
#692 = ORIENTED_EDGE('',*,*,#241,.T.);
#693 = ORIENTED_EDGE('',*,*,#664,.T.);
#694 = CYLINDRICAL_SURFACE('',#695,17.);
#695 = AXIS2_PLACEMENT_3D('',#696,#697,#698);
#696 = CARTESIAN_POINT('',(0.,0.,-4.7));
#697 = DIRECTION('',(0.,0.,1.));
#698 = DIRECTION('',(1.,0.,-0.));
#699 = ADVANCED_FACE('',(#700),#726,.F.);
#700 = FACE_BOUND('',#701,.F.);
#701 = EDGE_LOOP('',(#702,#703,#711,#720));
#702 = ORIENTED_EDGE('',*,*,#250,.T.);
#703 = ORIENTED_EDGE('',*,*,#704,.T.);
#704 = EDGE_CURVE('',#253,#705,#707,.T.);
#705 = VERTEX_POINT('',#706);
#706 = CARTESIAN_POINT('',(-6.6,-15.66652482205,-2.7));
#707 = LINE('',#708,#709);
#708 = CARTESIAN_POINT('',(-6.6,-15.66652482205,-4.7));
#709 = VECTOR('',#710,1.);
#710 = DIRECTION('',(0.,0.,1.));
#711 = ORIENTED_EDGE('',*,*,#712,.F.);
#712 = EDGE_CURVE('',#713,#705,#715,.T.);
#713 = VERTEX_POINT('',#714);
#714 = CARTESIAN_POINT('',(-9.4,-14.1647449677,-2.7));
#715 = CIRCLE('',#716,17.);
#716 = AXIS2_PLACEMENT_3D('',#717,#718,#719);
#717 = CARTESIAN_POINT('',(0.,0.,-2.7));
#718 = DIRECTION('',(0.,0.,1.));
#719 = DIRECTION('',(1.,0.,-0.));
#720 = ORIENTED_EDGE('',*,*,#721,.F.);
#721 = EDGE_CURVE('',#251,#713,#722,.T.);
#722 = LINE('',#723,#724);
#723 = CARTESIAN_POINT('',(-9.4,-14.1647449677,-4.7));
#724 = VECTOR('',#725,1.);
#725 = DIRECTION('',(0.,0.,1.));
#726 = CYLINDRICAL_SURFACE('',#727,17.);
#727 = AXIS2_PLACEMENT_3D('',#728,#729,#730);
#728 = CARTESIAN_POINT('',(0.,0.,-4.7));
#729 = DIRECTION('',(0.,0.,1.));
#730 = DIRECTION('',(1.,0.,-0.));
#731 = ADVANCED_FACE('',(#732),#750,.T.);
#732 = FACE_BOUND('',#733,.T.);
#733 = EDGE_LOOP('',(#734,#742,#743,#744));
#734 = ORIENTED_EDGE('',*,*,#735,.F.);
#735 = EDGE_CURVE('',#713,#736,#738,.T.);
#736 = VERTEX_POINT('',#737);
#737 = CARTESIAN_POINT('',(-9.4,14.164744967701,-2.7));
#738 = LINE('',#739,#740);
#739 = CARTESIAN_POINT('',(-9.4,-9.,-2.7));
#740 = VECTOR('',#741,1.);
#741 = DIRECTION('',(-0.,1.,0.));
#742 = ORIENTED_EDGE('',*,*,#721,.F.);
#743 = ORIENTED_EDGE('',*,*,#261,.T.);
#744 = ORIENTED_EDGE('',*,*,#745,.T.);
#745 = EDGE_CURVE('',#262,#736,#746,.T.);
#746 = LINE('',#747,#748);
#747 = CARTESIAN_POINT('',(-9.4,14.164744967701,-4.7));
#748 = VECTOR('',#749,1.);
#749 = DIRECTION('',(0.,0.,1.));
#750 = PLANE('',#751);
#751 = AXIS2_PLACEMENT_3D('',#752,#753,#754);
#752 = CARTESIAN_POINT('',(-9.4,-18.,-4.7));
#753 = DIRECTION('',(1.,0.,-0.));
#754 = DIRECTION('',(0.,0.,1.));
#755 = ADVANCED_FACE('',(#756),#774,.F.);
#756 = FACE_BOUND('',#757,.F.);
#757 = EDGE_LOOP('',(#758,#766,#767,#768));
#758 = ORIENTED_EDGE('',*,*,#759,.F.);
#759 = EDGE_CURVE('',#705,#760,#762,.T.);
#760 = VERTEX_POINT('',#761);
#761 = CARTESIAN_POINT('',(-6.6,15.666524822053,-2.7));
#762 = LINE('',#763,#764);
#763 = CARTESIAN_POINT('',(-6.6,-9.,-2.7));
#764 = VECTOR('',#765,1.);
#765 = DIRECTION('',(-0.,1.,0.));
#766 = ORIENTED_EDGE('',*,*,#704,.F.);
#767 = ORIENTED_EDGE('',*,*,#278,.T.);
#768 = ORIENTED_EDGE('',*,*,#769,.T.);
#769 = EDGE_CURVE('',#270,#760,#770,.T.);
#770 = LINE('',#771,#772);
#771 = CARTESIAN_POINT('',(-6.6,15.666524822053,-4.7));
#772 = VECTOR('',#773,1.);
#773 = DIRECTION('',(0.,0.,1.));
#774 = PLANE('',#775);
#775 = AXIS2_PLACEMENT_3D('',#776,#777,#778);
#776 = CARTESIAN_POINT('',(-6.6,-18.,-4.7));
#777 = DIRECTION('',(1.,0.,-0.));
#778 = DIRECTION('',(0.,0.,1.));
#779 = ADVANCED_FACE('',(#780),#792,.F.);
#780 = FACE_BOUND('',#781,.F.);
#781 = EDGE_LOOP('',(#782,#789,#790,#791));
#782 = ORIENTED_EDGE('',*,*,#783,.F.);
#783 = EDGE_CURVE('',#760,#736,#784,.T.);
#784 = CIRCLE('',#785,17.);
#785 = AXIS2_PLACEMENT_3D('',#786,#787,#788);
#786 = CARTESIAN_POINT('',(0.,0.,-2.7));
#787 = DIRECTION('',(0.,0.,1.));
#788 = DIRECTION('',(1.,0.,-0.));
#789 = ORIENTED_EDGE('',*,*,#769,.F.);
#790 = ORIENTED_EDGE('',*,*,#269,.T.);
#791 = ORIENTED_EDGE('',*,*,#745,.T.);
#792 = CYLINDRICAL_SURFACE('',#793,17.);
#793 = AXIS2_PLACEMENT_3D('',#794,#795,#796);
#794 = CARTESIAN_POINT('',(0.,0.,-4.7));
#795 = DIRECTION('',(0.,0.,1.));
#796 = DIRECTION('',(1.,0.,-0.));
#797 = ADVANCED_FACE('',(#798),#824,.F.);
#798 = FACE_BOUND('',#799,.F.);
#799 = EDGE_LOOP('',(#800,#801,#809,#818));
#800 = ORIENTED_EDGE('',*,*,#286,.T.);
#801 = ORIENTED_EDGE('',*,*,#802,.T.);
#802 = EDGE_CURVE('',#289,#803,#805,.T.);
#803 = VERTEX_POINT('',#804);
#804 = CARTESIAN_POINT('',(-2.6,-16.8,-2.7));
#805 = LINE('',#806,#807);
#806 = CARTESIAN_POINT('',(-2.6,-16.8,-4.7));
#807 = VECTOR('',#808,1.);
#808 = DIRECTION('',(0.,0.,1.));
#809 = ORIENTED_EDGE('',*,*,#810,.F.);
#810 = EDGE_CURVE('',#811,#803,#813,.T.);
#811 = VERTEX_POINT('',#812);
#812 = CARTESIAN_POINT('',(-5.4,-16.11955334368,-2.7));
#813 = CIRCLE('',#814,17.);
#814 = AXIS2_PLACEMENT_3D('',#815,#816,#817);
#815 = CARTESIAN_POINT('',(0.,0.,-2.7));
#816 = DIRECTION('',(0.,0.,1.));
#817 = DIRECTION('',(1.,0.,-0.));
#818 = ORIENTED_EDGE('',*,*,#819,.F.);
#819 = EDGE_CURVE('',#287,#811,#820,.T.);
#820 = LINE('',#821,#822);
#821 = CARTESIAN_POINT('',(-5.4,-16.11955334368,-4.7));
#822 = VECTOR('',#823,1.);
#823 = DIRECTION('',(0.,0.,1.));
#824 = CYLINDRICAL_SURFACE('',#825,17.);
#825 = AXIS2_PLACEMENT_3D('',#826,#827,#828);
#826 = CARTESIAN_POINT('',(0.,0.,-4.7));
#827 = DIRECTION('',(0.,0.,1.));
#828 = DIRECTION('',(1.,0.,-0.));
#829 = ADVANCED_FACE('',(#830),#848,.T.);
#830 = FACE_BOUND('',#831,.T.);
#831 = EDGE_LOOP('',(#832,#840,#841,#842));
#832 = ORIENTED_EDGE('',*,*,#833,.F.);
#833 = EDGE_CURVE('',#811,#834,#836,.T.);
#834 = VERTEX_POINT('',#835);
#835 = CARTESIAN_POINT('',(-5.4,16.119553343688,-2.7));
#836 = LINE('',#837,#838);
#837 = CARTESIAN_POINT('',(-5.4,-9.,-2.7));
#838 = VECTOR('',#839,1.);
#839 = DIRECTION('',(-0.,1.,0.));
#840 = ORIENTED_EDGE('',*,*,#819,.F.);
#841 = ORIENTED_EDGE('',*,*,#297,.T.);
#842 = ORIENTED_EDGE('',*,*,#843,.T.);
#843 = EDGE_CURVE('',#298,#834,#844,.T.);
#844 = LINE('',#845,#846);
#845 = CARTESIAN_POINT('',(-5.4,16.119553343688,-4.7));
#846 = VECTOR('',#847,1.);
#847 = DIRECTION('',(0.,0.,1.));
#848 = PLANE('',#849);
#849 = AXIS2_PLACEMENT_3D('',#850,#851,#852);
#850 = CARTESIAN_POINT('',(-5.4,-18.,-4.7));
#851 = DIRECTION('',(1.,0.,-0.));
#852 = DIRECTION('',(0.,0.,1.));
#853 = ADVANCED_FACE('',(#854),#872,.F.);
#854 = FACE_BOUND('',#855,.F.);
#855 = EDGE_LOOP('',(#856,#864,#865,#866));
#856 = ORIENTED_EDGE('',*,*,#857,.F.);
#857 = EDGE_CURVE('',#803,#858,#860,.T.);
#858 = VERTEX_POINT('',#859);
#859 = CARTESIAN_POINT('',(-2.6,16.8,-2.7));
#860 = LINE('',#861,#862);
#861 = CARTESIAN_POINT('',(-2.6,-9.,-2.7));
#862 = VECTOR('',#863,1.);
#863 = DIRECTION('',(-0.,1.,0.));
#864 = ORIENTED_EDGE('',*,*,#802,.F.);
#865 = ORIENTED_EDGE('',*,*,#314,.T.);
#866 = ORIENTED_EDGE('',*,*,#867,.T.);
#867 = EDGE_CURVE('',#306,#858,#868,.T.);
#868 = LINE('',#869,#870);
#869 = CARTESIAN_POINT('',(-2.6,16.8,-4.7));
#870 = VECTOR('',#871,1.);
#871 = DIRECTION('',(0.,0.,1.));
#872 = PLANE('',#873);
#873 = AXIS2_PLACEMENT_3D('',#874,#875,#876);
#874 = CARTESIAN_POINT('',(-2.6,-18.,-4.7));
#875 = DIRECTION('',(1.,0.,-0.));
#876 = DIRECTION('',(0.,0.,1.));
#877 = ADVANCED_FACE('',(#878),#890,.F.);
#878 = FACE_BOUND('',#879,.F.);
#879 = EDGE_LOOP('',(#880,#887,#888,#889));
#880 = ORIENTED_EDGE('',*,*,#881,.F.);
#881 = EDGE_CURVE('',#858,#834,#882,.T.);
#882 = CIRCLE('',#883,17.);
#883 = AXIS2_PLACEMENT_3D('',#884,#885,#886);
#884 = CARTESIAN_POINT('',(0.,0.,-2.7));
#885 = DIRECTION('',(0.,0.,1.));
#886 = DIRECTION('',(1.,0.,-0.));
#887 = ORIENTED_EDGE('',*,*,#867,.F.);
#888 = ORIENTED_EDGE('',*,*,#305,.T.);
#889 = ORIENTED_EDGE('',*,*,#843,.T.);
#890 = CYLINDRICAL_SURFACE('',#891,17.);
#891 = AXIS2_PLACEMENT_3D('',#892,#893,#894);
#892 = CARTESIAN_POINT('',(0.,0.,-4.7));
#893 = DIRECTION('',(0.,0.,1.));
#894 = DIRECTION('',(1.,0.,-0.));
#895 = ADVANCED_FACE('',(#896),#922,.F.);
#896 = FACE_BOUND('',#897,.F.);
#897 = EDGE_LOOP('',(#898,#899,#907,#916));
#898 = ORIENTED_EDGE('',*,*,#322,.T.);
#899 = ORIENTED_EDGE('',*,*,#900,.T.);
#900 = EDGE_CURVE('',#325,#901,#903,.T.);
#901 = VERTEX_POINT('',#902);
#902 = CARTESIAN_POINT('',(1.4,-16.94225486763,-2.7));
#903 = LINE('',#904,#905);
#904 = CARTESIAN_POINT('',(1.4,-16.94225486763,-4.7));
#905 = VECTOR('',#906,1.);
#906 = DIRECTION('',(0.,0.,1.));
#907 = ORIENTED_EDGE('',*,*,#908,.F.);
#908 = EDGE_CURVE('',#909,#901,#911,.T.);
#909 = VERTEX_POINT('',#910);
#910 = CARTESIAN_POINT('',(-1.4,-16.94225486763,-2.7));
#911 = CIRCLE('',#912,17.);
#912 = AXIS2_PLACEMENT_3D('',#913,#914,#915);
#913 = CARTESIAN_POINT('',(0.,0.,-2.7));
#914 = DIRECTION('',(0.,0.,1.));
#915 = DIRECTION('',(1.,0.,-0.));
#916 = ORIENTED_EDGE('',*,*,#917,.F.);
#917 = EDGE_CURVE('',#323,#909,#918,.T.);
#918 = LINE('',#919,#920);
#919 = CARTESIAN_POINT('',(-1.4,-16.94225486763,-4.7));
#920 = VECTOR('',#921,1.);
#921 = DIRECTION('',(0.,0.,1.));
#922 = CYLINDRICAL_SURFACE('',#923,17.);
#923 = AXIS2_PLACEMENT_3D('',#924,#925,#926);
#924 = CARTESIAN_POINT('',(0.,0.,-4.7));
#925 = DIRECTION('',(0.,0.,1.));
#926 = DIRECTION('',(1.,0.,-0.));
#927 = ADVANCED_FACE('',(#928),#946,.T.);
#928 = FACE_BOUND('',#929,.T.);
#929 = EDGE_LOOP('',(#930,#938,#939,#940));
#930 = ORIENTED_EDGE('',*,*,#931,.F.);
#931 = EDGE_CURVE('',#909,#932,#934,.T.);
#932 = VERTEX_POINT('',#933);
#933 = CARTESIAN_POINT('',(-1.4,16.942254867638,-2.7));
#934 = LINE('',#935,#936);
#935 = CARTESIAN_POINT('',(-1.4,-9.,-2.7));
#936 = VECTOR('',#937,1.);
#937 = DIRECTION('',(-0.,1.,0.));
#938 = ORIENTED_EDGE('',*,*,#917,.F.);
#939 = ORIENTED_EDGE('',*,*,#333,.T.);
#940 = ORIENTED_EDGE('',*,*,#941,.T.);
#941 = EDGE_CURVE('',#334,#932,#942,.T.);
#942 = LINE('',#943,#944);
#943 = CARTESIAN_POINT('',(-1.4,16.942254867638,-4.7));
#944 = VECTOR('',#945,1.);
#945 = DIRECTION('',(0.,0.,1.));
#946 = PLANE('',#947);
#947 = AXIS2_PLACEMENT_3D('',#948,#949,#950);
#948 = CARTESIAN_POINT('',(-1.4,-18.,-4.7));
#949 = DIRECTION('',(1.,0.,-0.));
#950 = DIRECTION('',(0.,0.,1.));
#951 = ADVANCED_FACE('',(#952),#970,.F.);
#952 = FACE_BOUND('',#953,.F.);
#953 = EDGE_LOOP('',(#954,#962,#963,#964));
#954 = ORIENTED_EDGE('',*,*,#955,.F.);
#955 = EDGE_CURVE('',#901,#956,#958,.T.);
#956 = VERTEX_POINT('',#957);
#957 = CARTESIAN_POINT('',(1.4,16.942254867638,-2.7));
#958 = LINE('',#959,#960);
#959 = CARTESIAN_POINT('',(1.4,-9.,-2.7));
#960 = VECTOR('',#961,1.);
#961 = DIRECTION('',(-0.,1.,0.));
#962 = ORIENTED_EDGE('',*,*,#900,.F.);
#963 = ORIENTED_EDGE('',*,*,#350,.T.);
#964 = ORIENTED_EDGE('',*,*,#965,.T.);
#965 = EDGE_CURVE('',#342,#956,#966,.T.);
#966 = LINE('',#967,#968);
#967 = CARTESIAN_POINT('',(1.4,16.942254867638,-4.7));
#968 = VECTOR('',#969,1.);
#969 = DIRECTION('',(0.,0.,1.));
#970 = PLANE('',#971);
#971 = AXIS2_PLACEMENT_3D('',#972,#973,#974);
#972 = CARTESIAN_POINT('',(1.4,-18.,-4.7));
#973 = DIRECTION('',(1.,0.,-0.));
#974 = DIRECTION('',(0.,0.,1.));
#975 = ADVANCED_FACE('',(#976),#988,.F.);
#976 = FACE_BOUND('',#977,.F.);
#977 = EDGE_LOOP('',(#978,#985,#986,#987));
#978 = ORIENTED_EDGE('',*,*,#979,.F.);
#979 = EDGE_CURVE('',#956,#932,#980,.T.);
#980 = CIRCLE('',#981,17.);
#981 = AXIS2_PLACEMENT_3D('',#982,#983,#984);
#982 = CARTESIAN_POINT('',(0.,0.,-2.7));
#983 = DIRECTION('',(0.,0.,1.));
#984 = DIRECTION('',(1.,0.,-0.));
#985 = ORIENTED_EDGE('',*,*,#965,.F.);
#986 = ORIENTED_EDGE('',*,*,#341,.T.);
#987 = ORIENTED_EDGE('',*,*,#941,.T.);
#988 = CYLINDRICAL_SURFACE('',#989,17.);
#989 = AXIS2_PLACEMENT_3D('',#990,#991,#992);
#990 = CARTESIAN_POINT('',(0.,0.,-4.7));
#991 = DIRECTION('',(0.,0.,1.));
#992 = DIRECTION('',(1.,0.,-0.));
#993 = ADVANCED_FACE('',(#994),#1020,.F.);
#994 = FACE_BOUND('',#995,.F.);
#995 = EDGE_LOOP('',(#996,#997,#1005,#1014));
#996 = ORIENTED_EDGE('',*,*,#358,.T.);
#997 = ORIENTED_EDGE('',*,*,#998,.T.);
#998 = EDGE_CURVE('',#361,#999,#1001,.T.);
#999 = VERTEX_POINT('',#1000);
#1000 = CARTESIAN_POINT('',(5.4,-16.11955334368,-2.7));
#1001 = LINE('',#1002,#1003);
#1002 = CARTESIAN_POINT('',(5.4,-16.11955334368,-4.7));
#1003 = VECTOR('',#1004,1.);
#1004 = DIRECTION('',(0.,0.,1.));
#1005 = ORIENTED_EDGE('',*,*,#1006,.F.);
#1006 = EDGE_CURVE('',#1007,#999,#1009,.T.);
#1007 = VERTEX_POINT('',#1008);
#1008 = CARTESIAN_POINT('',(2.6,-16.8,-2.7));
#1009 = CIRCLE('',#1010,17.);
#1010 = AXIS2_PLACEMENT_3D('',#1011,#1012,#1013);
#1011 = CARTESIAN_POINT('',(0.,0.,-2.7));
#1012 = DIRECTION('',(0.,0.,1.));
#1013 = DIRECTION('',(1.,0.,-0.));
#1014 = ORIENTED_EDGE('',*,*,#1015,.F.);
#1015 = EDGE_CURVE('',#359,#1007,#1016,.T.);
#1016 = LINE('',#1017,#1018);
#1017 = CARTESIAN_POINT('',(2.6,-16.8,-4.7));
#1018 = VECTOR('',#1019,1.);
#1019 = DIRECTION('',(0.,0.,1.));
#1020 = CYLINDRICAL_SURFACE('',#1021,17.);
#1021 = AXIS2_PLACEMENT_3D('',#1022,#1023,#1024);
#1022 = CARTESIAN_POINT('',(0.,0.,-4.7));
#1023 = DIRECTION('',(0.,0.,1.));
#1024 = DIRECTION('',(1.,0.,-0.));
#1025 = ADVANCED_FACE('',(#1026),#1044,.T.);
#1026 = FACE_BOUND('',#1027,.T.);
#1027 = EDGE_LOOP('',(#1028,#1036,#1037,#1038));
#1028 = ORIENTED_EDGE('',*,*,#1029,.F.);
#1029 = EDGE_CURVE('',#1007,#1030,#1032,.T.);
#1030 = VERTEX_POINT('',#1031);
#1031 = CARTESIAN_POINT('',(2.6,16.8,-2.7));
#1032 = LINE('',#1033,#1034);
#1033 = CARTESIAN_POINT('',(2.6,-9.,-2.7));
#1034 = VECTOR('',#1035,1.);
#1035 = DIRECTION('',(-0.,1.,0.));
#1036 = ORIENTED_EDGE('',*,*,#1015,.F.);
#1037 = ORIENTED_EDGE('',*,*,#369,.T.);
#1038 = ORIENTED_EDGE('',*,*,#1039,.T.);
#1039 = EDGE_CURVE('',#370,#1030,#1040,.T.);
#1040 = LINE('',#1041,#1042);
#1041 = CARTESIAN_POINT('',(2.6,16.8,-4.7));
#1042 = VECTOR('',#1043,1.);
#1043 = DIRECTION('',(0.,0.,1.));
#1044 = PLANE('',#1045);
#1045 = AXIS2_PLACEMENT_3D('',#1046,#1047,#1048);
#1046 = CARTESIAN_POINT('',(2.6,-18.,-4.7));
#1047 = DIRECTION('',(1.,0.,-0.));
#1048 = DIRECTION('',(0.,0.,1.));
#1049 = ADVANCED_FACE('',(#1050),#1068,.F.);
#1050 = FACE_BOUND('',#1051,.F.);
#1051 = EDGE_LOOP('',(#1052,#1060,#1061,#1062));
#1052 = ORIENTED_EDGE('',*,*,#1053,.F.);
#1053 = EDGE_CURVE('',#999,#1054,#1056,.T.);
#1054 = VERTEX_POINT('',#1055);
#1055 = CARTESIAN_POINT('',(5.4,16.119553343688,-2.7));
#1056 = LINE('',#1057,#1058);
#1057 = CARTESIAN_POINT('',(5.4,-9.,-2.7));
#1058 = VECTOR('',#1059,1.);
#1059 = DIRECTION('',(-0.,1.,0.));
#1060 = ORIENTED_EDGE('',*,*,#998,.F.);
#1061 = ORIENTED_EDGE('',*,*,#386,.T.);
#1062 = ORIENTED_EDGE('',*,*,#1063,.T.);
#1063 = EDGE_CURVE('',#378,#1054,#1064,.T.);
#1064 = LINE('',#1065,#1066);
#1065 = CARTESIAN_POINT('',(5.4,16.119553343688,-4.7));
#1066 = VECTOR('',#1067,1.);
#1067 = DIRECTION('',(0.,0.,1.));
#1068 = PLANE('',#1069);
#1069 = AXIS2_PLACEMENT_3D('',#1070,#1071,#1072);
#1070 = CARTESIAN_POINT('',(5.4,-18.,-4.7));
#1071 = DIRECTION('',(1.,0.,-0.));
#1072 = DIRECTION('',(0.,0.,1.));
#1073 = ADVANCED_FACE('',(#1074),#1086,.F.);
#1074 = FACE_BOUND('',#1075,.F.);
#1075 = EDGE_LOOP('',(#1076,#1083,#1084,#1085));
#1076 = ORIENTED_EDGE('',*,*,#1077,.F.);
#1077 = EDGE_CURVE('',#1054,#1030,#1078,.T.);
#1078 = CIRCLE('',#1079,17.);
#1079 = AXIS2_PLACEMENT_3D('',#1080,#1081,#1082);
#1080 = CARTESIAN_POINT('',(0.,0.,-2.7));
#1081 = DIRECTION('',(0.,0.,1.));
#1082 = DIRECTION('',(1.,0.,-0.));
#1083 = ORIENTED_EDGE('',*,*,#1063,.F.);
#1084 = ORIENTED_EDGE('',*,*,#377,.T.);
#1085 = ORIENTED_EDGE('',*,*,#1039,.T.);
#1086 = CYLINDRICAL_SURFACE('',#1087,17.);
#1087 = AXIS2_PLACEMENT_3D('',#1088,#1089,#1090);
#1088 = CARTESIAN_POINT('',(0.,0.,-4.7));
#1089 = DIRECTION('',(0.,0.,1.));
#1090 = DIRECTION('',(1.,0.,-0.));
#1091 = ADVANCED_FACE('',(#1092),#1118,.F.);
#1092 = FACE_BOUND('',#1093,.F.);
#1093 = EDGE_LOOP('',(#1094,#1095,#1103,#1112));
#1094 = ORIENTED_EDGE('',*,*,#394,.T.);
#1095 = ORIENTED_EDGE('',*,*,#1096,.T.);
#1096 = EDGE_CURVE('',#397,#1097,#1099,.T.);
#1097 = VERTEX_POINT('',#1098);
#1098 = CARTESIAN_POINT('',(9.4,-14.1647449677,-2.7));
#1099 = LINE('',#1100,#1101);
#1100 = CARTESIAN_POINT('',(9.4,-14.1647449677,-4.7));
#1101 = VECTOR('',#1102,1.);
#1102 = DIRECTION('',(0.,0.,1.));
#1103 = ORIENTED_EDGE('',*,*,#1104,.F.);
#1104 = EDGE_CURVE('',#1105,#1097,#1107,.T.);
#1105 = VERTEX_POINT('',#1106);
#1106 = CARTESIAN_POINT('',(6.6,-15.66652482205,-2.7));
#1107 = CIRCLE('',#1108,17.);
#1108 = AXIS2_PLACEMENT_3D('',#1109,#1110,#1111);
#1109 = CARTESIAN_POINT('',(0.,0.,-2.7));
#1110 = DIRECTION('',(0.,0.,1.));
#1111 = DIRECTION('',(1.,0.,-0.));
#1112 = ORIENTED_EDGE('',*,*,#1113,.F.);
#1113 = EDGE_CURVE('',#395,#1105,#1114,.T.);
#1114 = LINE('',#1115,#1116);
#1115 = CARTESIAN_POINT('',(6.6,-15.66652482205,-4.7));
#1116 = VECTOR('',#1117,1.);
#1117 = DIRECTION('',(0.,0.,1.));
#1118 = CYLINDRICAL_SURFACE('',#1119,17.);
#1119 = AXIS2_PLACEMENT_3D('',#1120,#1121,#1122);
#1120 = CARTESIAN_POINT('',(0.,0.,-4.7));
#1121 = DIRECTION('',(0.,0.,1.));
#1122 = DIRECTION('',(1.,0.,-0.));
#1123 = ADVANCED_FACE('',(#1124),#1142,.T.);
#1124 = FACE_BOUND('',#1125,.T.);
#1125 = EDGE_LOOP('',(#1126,#1134,#1135,#1136));
#1126 = ORIENTED_EDGE('',*,*,#1127,.F.);
#1127 = EDGE_CURVE('',#1105,#1128,#1130,.T.);
#1128 = VERTEX_POINT('',#1129);
#1129 = CARTESIAN_POINT('',(6.6,15.666524822053,-2.7));
#1130 = LINE('',#1131,#1132);
#1131 = CARTESIAN_POINT('',(6.6,-9.,-2.7));
#1132 = VECTOR('',#1133,1.);
#1133 = DIRECTION('',(-0.,1.,0.));
#1134 = ORIENTED_EDGE('',*,*,#1113,.F.);
#1135 = ORIENTED_EDGE('',*,*,#405,.T.);
#1136 = ORIENTED_EDGE('',*,*,#1137,.T.);
#1137 = EDGE_CURVE('',#406,#1128,#1138,.T.);
#1138 = LINE('',#1139,#1140);
#1139 = CARTESIAN_POINT('',(6.6,15.666524822053,-4.7));
#1140 = VECTOR('',#1141,1.);
#1141 = DIRECTION('',(0.,0.,1.));
#1142 = PLANE('',#1143);
#1143 = AXIS2_PLACEMENT_3D('',#1144,#1145,#1146);
#1144 = CARTESIAN_POINT('',(6.6,-18.,-4.7));
#1145 = DIRECTION('',(1.,0.,-0.));
#1146 = DIRECTION('',(0.,0.,1.));
#1147 = ADVANCED_FACE('',(#1148),#1166,.F.);
#1148 = FACE_BOUND('',#1149,.F.);
#1149 = EDGE_LOOP('',(#1150,#1158,#1159,#1160));
#1150 = ORIENTED_EDGE('',*,*,#1151,.F.);
#1151 = EDGE_CURVE('',#1097,#1152,#1154,.T.);
#1152 = VERTEX_POINT('',#1153);
#1153 = CARTESIAN_POINT('',(9.4,14.164744967701,-2.7));
#1154 = LINE('',#1155,#1156);
#1155 = CARTESIAN_POINT('',(9.4,-9.,-2.7));
#1156 = VECTOR('',#1157,1.);
#1157 = DIRECTION('',(-0.,1.,0.));
#1158 = ORIENTED_EDGE('',*,*,#1096,.F.);
#1159 = ORIENTED_EDGE('',*,*,#422,.T.);
#1160 = ORIENTED_EDGE('',*,*,#1161,.T.);
#1161 = EDGE_CURVE('',#414,#1152,#1162,.T.);
#1162 = LINE('',#1163,#1164);
#1163 = CARTESIAN_POINT('',(9.4,14.164744967701,-4.7));
#1164 = VECTOR('',#1165,1.);
#1165 = DIRECTION('',(0.,0.,1.));
#1166 = PLANE('',#1167);
#1167 = AXIS2_PLACEMENT_3D('',#1168,#1169,#1170);
#1168 = CARTESIAN_POINT('',(9.4,-18.,-4.7));
#1169 = DIRECTION('',(1.,0.,-0.));
#1170 = DIRECTION('',(0.,0.,1.));
#1171 = ADVANCED_FACE('',(#1172),#1184,.F.);
#1172 = FACE_BOUND('',#1173,.F.);
#1173 = EDGE_LOOP('',(#1174,#1181,#1182,#1183));
#1174 = ORIENTED_EDGE('',*,*,#1175,.F.);
#1175 = EDGE_CURVE('',#1152,#1128,#1176,.T.);
#1176 = CIRCLE('',#1177,17.);
#1177 = AXIS2_PLACEMENT_3D('',#1178,#1179,#1180);
#1178 = CARTESIAN_POINT('',(0.,0.,-2.7));
#1179 = DIRECTION('',(0.,0.,1.));
#1180 = DIRECTION('',(1.,0.,-0.));
#1181 = ORIENTED_EDGE('',*,*,#1161,.F.);
#1182 = ORIENTED_EDGE('',*,*,#413,.T.);
#1183 = ORIENTED_EDGE('',*,*,#1137,.T.);
#1184 = CYLINDRICAL_SURFACE('',#1185,17.);
#1185 = AXIS2_PLACEMENT_3D('',#1186,#1187,#1188);
#1186 = CARTESIAN_POINT('',(0.,0.,-4.7));
#1187 = DIRECTION('',(0.,0.,1.));
#1188 = DIRECTION('',(1.,0.,-0.));
#1189 = ADVANCED_FACE('',(#1190),#1216,.F.);
#1190 = FACE_BOUND('',#1191,.F.);
#1191 = EDGE_LOOP('',(#1192,#1193,#1201,#1210));
#1192 = ORIENTED_EDGE('',*,*,#430,.T.);
#1193 = ORIENTED_EDGE('',*,*,#1194,.T.);
#1194 = EDGE_CURVE('',#433,#1195,#1197,.T.);
#1195 = VERTEX_POINT('',#1196);
#1196 = CARTESIAN_POINT('',(13.4,-10.46135746449,-2.7));
#1197 = LINE('',#1198,#1199);
#1198 = CARTESIAN_POINT('',(13.4,-10.46135746449,-4.7));
#1199 = VECTOR('',#1200,1.);
#1200 = DIRECTION('',(0.,0.,1.));
#1201 = ORIENTED_EDGE('',*,*,#1202,.F.);
#1202 = EDGE_CURVE('',#1203,#1195,#1205,.T.);
#1203 = VERTEX_POINT('',#1204);
#1204 = CARTESIAN_POINT('',(10.6,-13.29059818066,-2.7));
#1205 = CIRCLE('',#1206,17.);
#1206 = AXIS2_PLACEMENT_3D('',#1207,#1208,#1209);
#1207 = CARTESIAN_POINT('',(0.,0.,-2.7));
#1208 = DIRECTION('',(0.,0.,1.));
#1209 = DIRECTION('',(1.,0.,-0.));
#1210 = ORIENTED_EDGE('',*,*,#1211,.F.);
#1211 = EDGE_CURVE('',#431,#1203,#1212,.T.);
#1212 = LINE('',#1213,#1214);
#1213 = CARTESIAN_POINT('',(10.6,-13.29059818066,-4.7));
#1214 = VECTOR('',#1215,1.);
#1215 = DIRECTION('',(0.,0.,1.));
#1216 = CYLINDRICAL_SURFACE('',#1217,17.);
#1217 = AXIS2_PLACEMENT_3D('',#1218,#1219,#1220);
#1218 = CARTESIAN_POINT('',(0.,0.,-4.7));
#1219 = DIRECTION('',(0.,0.,1.));
#1220 = DIRECTION('',(1.,0.,-0.));
#1221 = ADVANCED_FACE('',(#1222),#1240,.T.);
#1222 = FACE_BOUND('',#1223,.T.);
#1223 = EDGE_LOOP('',(#1224,#1232,#1233,#1234));
#1224 = ORIENTED_EDGE('',*,*,#1225,.F.);
#1225 = EDGE_CURVE('',#1203,#1226,#1228,.T.);
#1226 = VERTEX_POINT('',#1227);
#1227 = CARTESIAN_POINT('',(10.6,13.290598180669,-2.7));
#1228 = LINE('',#1229,#1230);
#1229 = CARTESIAN_POINT('',(10.6,-9.,-2.7));
#1230 = VECTOR('',#1231,1.);
#1231 = DIRECTION('',(-0.,1.,0.));
#1232 = ORIENTED_EDGE('',*,*,#1211,.F.);
#1233 = ORIENTED_EDGE('',*,*,#441,.T.);
#1234 = ORIENTED_EDGE('',*,*,#1235,.T.);
#1235 = EDGE_CURVE('',#442,#1226,#1236,.T.);
#1236 = LINE('',#1237,#1238);
#1237 = CARTESIAN_POINT('',(10.6,13.290598180669,-4.7));
#1238 = VECTOR('',#1239,1.);
#1239 = DIRECTION('',(0.,0.,1.));
#1240 = PLANE('',#1241);
#1241 = AXIS2_PLACEMENT_3D('',#1242,#1243,#1244);
#1242 = CARTESIAN_POINT('',(10.6,-18.,-4.7));
#1243 = DIRECTION('',(1.,0.,-0.));
#1244 = DIRECTION('',(0.,0.,1.));
#1245 = ADVANCED_FACE('',(#1246),#1264,.F.);
#1246 = FACE_BOUND('',#1247,.F.);
#1247 = EDGE_LOOP('',(#1248,#1256,#1257,#1258));
#1248 = ORIENTED_EDGE('',*,*,#1249,.F.);
#1249 = EDGE_CURVE('',#1195,#1250,#1252,.T.);
#1250 = VERTEX_POINT('',#1251);
#1251 = CARTESIAN_POINT('',(13.4,10.461357464498,-2.7));
#1252 = LINE('',#1253,#1254);
#1253 = CARTESIAN_POINT('',(13.4,-9.,-2.7));
#1254 = VECTOR('',#1255,1.);
#1255 = DIRECTION('',(-0.,1.,0.));
#1256 = ORIENTED_EDGE('',*,*,#1194,.F.);
#1257 = ORIENTED_EDGE('',*,*,#458,.T.);
#1258 = ORIENTED_EDGE('',*,*,#1259,.T.);
#1259 = EDGE_CURVE('',#450,#1250,#1260,.T.);
#1260 = LINE('',#1261,#1262);
#1261 = CARTESIAN_POINT('',(13.4,10.461357464498,-4.7));
#1262 = VECTOR('',#1263,1.);
#1263 = DIRECTION('',(0.,0.,1.));
#1264 = PLANE('',#1265);
#1265 = AXIS2_PLACEMENT_3D('',#1266,#1267,#1268);
#1266 = CARTESIAN_POINT('',(13.4,-18.,-4.7));
#1267 = DIRECTION('',(1.,0.,-0.));
#1268 = DIRECTION('',(0.,0.,1.));
#1269 = ADVANCED_FACE('',(#1270),#1282,.F.);
#1270 = FACE_BOUND('',#1271,.F.);
#1271 = EDGE_LOOP('',(#1272,#1279,#1280,#1281));
#1272 = ORIENTED_EDGE('',*,*,#1273,.F.);
#1273 = EDGE_CURVE('',#1250,#1226,#1274,.T.);
#1274 = CIRCLE('',#1275,17.);
#1275 = AXIS2_PLACEMENT_3D('',#1276,#1277,#1278);
#1276 = CARTESIAN_POINT('',(0.,0.,-2.7));
#1277 = DIRECTION('',(0.,0.,1.));
#1278 = DIRECTION('',(1.,0.,-0.));
#1279 = ORIENTED_EDGE('',*,*,#1259,.F.);
#1280 = ORIENTED_EDGE('',*,*,#449,.T.);
#1281 = ORIENTED_EDGE('',*,*,#1235,.T.);
#1282 = CYLINDRICAL_SURFACE('',#1283,17.);
#1283 = AXIS2_PLACEMENT_3D('',#1284,#1285,#1286);
#1284 = CARTESIAN_POINT('',(0.,0.,-4.7));
#1285 = DIRECTION('',(0.,0.,1.));
#1286 = DIRECTION('',(1.,0.,-0.));
#1287 = ADVANCED_FACE('',(#1288,#1291,#1325,#1336),#1370,.T.);
#1288 = FACE_BOUND('',#1289,.T.);
#1289 = EDGE_LOOP('',(#1290));
#1290 = ORIENTED_EDGE('',*,*,#481,.T.);
#1291 = FACE_BOUND('',#1292,.T.);
#1292 = EDGE_LOOP('',(#1293,#1303,#1311,#1319));
#1293 = ORIENTED_EDGE('',*,*,#1294,.T.);
#1294 = EDGE_CURVE('',#1295,#1297,#1299,.T.);
#1295 = VERTEX_POINT('',#1296);
#1296 = CARTESIAN_POINT('',(-16.32889495559,-19.12138042949,-1.));
#1297 = VERTEX_POINT('',#1298);
#1298 = CARTESIAN_POINT('',(-13.85766887249,-15.24155547902,-1.));
#1299 = LINE('',#1300,#1301);
#1300 = CARTESIAN_POINT('',(-8.404854797836,-6.680637381814,-1.));
#1301 = VECTOR('',#1302,1.);
#1302 = DIRECTION('',(0.537223061543,0.843440206622,-0.));
#1303 = ORIENTED_EDGE('',*,*,#1304,.T.);
#1304 = EDGE_CURVE('',#1297,#1305,#1307,.T.);
#1305 = VERTEX_POINT('',#1306);
#1306 = CARTESIAN_POINT('',(-7.95358742614,-19.00211690982,-1.));
#1307 = LINE('',#1308,#1309);
#1308 = CARTESIAN_POINT('',(-12.3816485109,-16.18169583672,-1.));
#1309 = VECTOR('',#1310,1.);
#1310 = DIRECTION('',(0.843440206622,-0.537223061543,0.));
#1311 = ORIENTED_EDGE('',*,*,#1312,.F.);
#1312 = EDGE_CURVE('',#1313,#1305,#1315,.T.);
#1313 = VERTEX_POINT('',#1314);
#1314 = CARTESIAN_POINT('',(-10.42481350923,-22.88194186028,-1.));
#1315 = LINE('',#1316,#1317);
#1316 = CARTESIAN_POINT('',(-2.500773351481,-10.44119881261,-1.));
#1317 = VECTOR('',#1318,1.);
#1318 = DIRECTION('',(0.537223061543,0.843440206622,-0.));
#1319 = ORIENTED_EDGE('',*,*,#1320,.F.);
#1320 = EDGE_CURVE('',#1295,#1313,#1321,.T.);
#1321 = LINE('',#1322,#1323);
#1322 = CARTESIAN_POINT('',(-14.852874594,-20.06152078719,-1.));
#1323 = VECTOR('',#1324,1.);
#1324 = DIRECTION('',(0.843440206622,-0.537223061543,0.));
#1325 = FACE_BOUND('',#1326,.T.);
#1326 = EDGE_LOOP('',(#1327));
#1327 = ORIENTED_EDGE('',*,*,#1328,.F.);
#1328 = EDGE_CURVE('',#1329,#1329,#1331,.T.);
#1329 = VERTEX_POINT('',#1330);
#1330 = CARTESIAN_POINT('',(20.2,-4.947573068555E-15,-1.));
#1331 = CIRCLE('',#1332,20.2);
#1332 = AXIS2_PLACEMENT_3D('',#1333,#1334,#1335);
#1333 = CARTESIAN_POINT('',(0.,0.,-1.));
#1334 = DIRECTION('',(0.,0.,1.));
#1335 = DIRECTION('',(1.,0.,-0.));
#1336 = FACE_BOUND('',#1337,.T.);
#1337 = EDGE_LOOP('',(#1338,#1348,#1356,#1364));
#1338 = ORIENTED_EDGE('',*,*,#1339,.T.);
#1339 = EDGE_CURVE('',#1340,#1342,#1344,.T.);
#1340 = VERTEX_POINT('',#1341);
#1341 = CARTESIAN_POINT('',(16.328894955591,19.12138042949,-1.));
#1342 = VERTEX_POINT('',#1343);
#1343 = CARTESIAN_POINT('',(13.857668872494,15.241555479028,-1.));
#1344 = LINE('',#1345,#1346);
#1345 = CARTESIAN_POINT('',(8.404854797836,6.680637381814,-1.));
#1346 = VECTOR('',#1347,1.);
#1347 = DIRECTION('',(-0.537223061543,-0.843440206622,0.));
#1348 = ORIENTED_EDGE('',*,*,#1349,.T.);
#1349 = EDGE_CURVE('',#1342,#1350,#1352,.T.);
#1350 = VERTEX_POINT('',#1351);
#1351 = CARTESIAN_POINT('',(7.95358742614,19.002116909827,-1.));
#1352 = LINE('',#1353,#1354);
#1353 = CARTESIAN_POINT('',(12.381648510906,16.181695836728,-1.));
#1354 = VECTOR('',#1355,1.);
#1355 = DIRECTION('',(-0.843440206622,0.537223061543,0.));
#1356 = ORIENTED_EDGE('',*,*,#1357,.F.);
#1357 = EDGE_CURVE('',#1358,#1350,#1360,.T.);
#1358 = VERTEX_POINT('',#1359);
#1359 = CARTESIAN_POINT('',(10.424813509236,22.881941860289,-1.));
#1360 = LINE('',#1361,#1362);
#1361 = CARTESIAN_POINT('',(2.500773351481,10.441198812613,-1.));
#1362 = VECTOR('',#1363,1.);
#1363 = DIRECTION('',(-0.537223061543,-0.843440206622,0.));
#1364 = ORIENTED_EDGE('',*,*,#1365,.F.);
#1365 = EDGE_CURVE('',#1340,#1358,#1366,.T.);
#1366 = LINE('',#1367,#1368);
#1367 = CARTESIAN_POINT('',(14.852874594002,20.06152078719,-1.));
#1368 = VECTOR('',#1369,1.);
#1369 = DIRECTION('',(-0.843440206622,0.537223061543,0.));
#1370 = PLANE('',#1371);
#1371 = AXIS2_PLACEMENT_3D('',#1372,#1373,#1374);
#1372 = CARTESIAN_POINT('',(0.,0.,-1.));
#1373 = DIRECTION('',(0.,0.,1.));
#1374 = DIRECTION('',(1.,0.,-0.));
#1375 = ADVANCED_FACE('',(#1376,#1387,#1393,#1398,#1402,#1408,#1414,
    #1420,#1426,#1432),#1438,.T.);
#1376 = FACE_BOUND('',#1377,.T.);
#1377 = EDGE_LOOP('',(#1378));
#1378 = ORIENTED_EDGE('',*,*,#1379,.T.);
#1379 = EDGE_CURVE('',#1380,#1380,#1382,.T.);
#1380 = VERTEX_POINT('',#1381);
#1381 = CARTESIAN_POINT('',(18.,-4.40872847693E-15,-2.7));
#1382 = CIRCLE('',#1383,18.);
#1383 = AXIS2_PLACEMENT_3D('',#1384,#1385,#1386);
#1384 = CARTESIAN_POINT('',(0.,0.,-2.7));
#1385 = DIRECTION('',(0.,0.,1.));
#1386 = DIRECTION('',(1.,0.,-0.));
#1387 = FACE_BOUND('',#1388,.T.);
#1388 = EDGE_LOOP('',(#1389,#1390,#1391,#1392));
#1389 = ORIENTED_EDGE('',*,*,#506,.F.);
#1390 = ORIENTED_EDGE('',*,*,#529,.T.);
#1391 = ORIENTED_EDGE('',*,*,#577,.F.);
#1392 = ORIENTED_EDGE('',*,*,#553,.F.);
#1393 = FACE_BOUND('',#1394,.T.);
#1394 = EDGE_LOOP('',(#1395,#1396,#1397));
#1395 = ORIENTED_EDGE('',*,*,#612,.F.);
#1396 = ORIENTED_EDGE('',*,*,#637,.T.);
#1397 = ORIENTED_EDGE('',*,*,#603,.F.);
#1398 = FACE_BOUND('',#1399,.T.);
#1399 = EDGE_LOOP('',(#1400,#1401));
#1400 = ORIENTED_EDGE('',*,*,#654,.F.);
#1401 = ORIENTED_EDGE('',*,*,#685,.F.);
#1402 = FACE_BOUND('',#1403,.T.);
#1403 = EDGE_LOOP('',(#1404,#1405,#1406,#1407));
#1404 = ORIENTED_EDGE('',*,*,#712,.F.);
#1405 = ORIENTED_EDGE('',*,*,#735,.T.);
#1406 = ORIENTED_EDGE('',*,*,#783,.F.);
#1407 = ORIENTED_EDGE('',*,*,#759,.F.);
#1408 = FACE_BOUND('',#1409,.T.);
#1409 = EDGE_LOOP('',(#1410,#1411,#1412,#1413));
#1410 = ORIENTED_EDGE('',*,*,#810,.F.);
#1411 = ORIENTED_EDGE('',*,*,#833,.T.);
#1412 = ORIENTED_EDGE('',*,*,#881,.F.);
#1413 = ORIENTED_EDGE('',*,*,#857,.F.);
#1414 = FACE_BOUND('',#1415,.T.);
#1415 = EDGE_LOOP('',(#1416,#1417,#1418,#1419));
#1416 = ORIENTED_EDGE('',*,*,#908,.F.);
#1417 = ORIENTED_EDGE('',*,*,#931,.T.);
#1418 = ORIENTED_EDGE('',*,*,#979,.F.);
#1419 = ORIENTED_EDGE('',*,*,#955,.F.);
#1420 = FACE_BOUND('',#1421,.T.);
#1421 = EDGE_LOOP('',(#1422,#1423,#1424,#1425));
#1422 = ORIENTED_EDGE('',*,*,#1006,.F.);
#1423 = ORIENTED_EDGE('',*,*,#1029,.T.);
#1424 = ORIENTED_EDGE('',*,*,#1077,.F.);
#1425 = ORIENTED_EDGE('',*,*,#1053,.F.);
#1426 = FACE_BOUND('',#1427,.T.);
#1427 = EDGE_LOOP('',(#1428,#1429,#1430,#1431));
#1428 = ORIENTED_EDGE('',*,*,#1104,.F.);
#1429 = ORIENTED_EDGE('',*,*,#1127,.T.);
#1430 = ORIENTED_EDGE('',*,*,#1175,.F.);
#1431 = ORIENTED_EDGE('',*,*,#1151,.F.);
#1432 = FACE_BOUND('',#1433,.T.);
#1433 = EDGE_LOOP('',(#1434,#1435,#1436,#1437));
#1434 = ORIENTED_EDGE('',*,*,#1202,.F.);
#1435 = ORIENTED_EDGE('',*,*,#1225,.T.);
#1436 = ORIENTED_EDGE('',*,*,#1273,.F.);
#1437 = ORIENTED_EDGE('',*,*,#1249,.F.);
#1438 = PLANE('',#1439);
#1439 = AXIS2_PLACEMENT_3D('',#1440,#1441,#1442);
#1440 = CARTESIAN_POINT('',(0.,0.,-2.7));
#1441 = DIRECTION('',(0.,0.,1.));
#1442 = DIRECTION('',(1.,0.,-0.));
#1443 = ADVANCED_FACE('',(#1444),#1469,.F.);
#1444 = FACE_BOUND('',#1445,.F.);
#1445 = EDGE_LOOP('',(#1446,#1454,#1455,#1463));
#1446 = ORIENTED_EDGE('',*,*,#1447,.F.);
#1447 = EDGE_CURVE('',#1295,#1448,#1450,.T.);
#1448 = VERTEX_POINT('',#1449);
#1449 = CARTESIAN_POINT('',(-16.32889495559,-19.12138042949,9.));
#1450 = LINE('',#1451,#1452);
#1451 = CARTESIAN_POINT('',(-16.32889495559,-19.12138042949,-1.2));
#1452 = VECTOR('',#1453,1.);
#1453 = DIRECTION('',(0.,0.,1.));
#1454 = ORIENTED_EDGE('',*,*,#1294,.T.);
#1455 = ORIENTED_EDGE('',*,*,#1456,.T.);
#1456 = EDGE_CURVE('',#1297,#1457,#1459,.T.);
#1457 = VERTEX_POINT('',#1458);
#1458 = CARTESIAN_POINT('',(-13.85766887249,-15.24155547902,9.));
#1459 = LINE('',#1460,#1461);
#1460 = CARTESIAN_POINT('',(-13.85766887249,-15.24155547902,-1.2));
#1461 = VECTOR('',#1462,1.);
#1462 = DIRECTION('',(0.,0.,1.));
#1463 = ORIENTED_EDGE('',*,*,#1464,.T.);
#1464 = EDGE_CURVE('',#1457,#1448,#1465,.T.);
#1465 = LINE('',#1466,#1467);
#1466 = CARTESIAN_POINT('',(-13.85766887249,-15.24155547902,9.));
#1467 = VECTOR('',#1468,1.);
#1468 = DIRECTION('',(-0.537223061543,-0.843440206622,0.));
#1469 = PLANE('',#1470);
#1470 = AXIS2_PLACEMENT_3D('',#1471,#1472,#1473);
#1471 = CARTESIAN_POINT('',(-13.85766887249,-15.24155547902,-1.2));
#1472 = DIRECTION('',(0.843440206622,-0.537223061543,0.));
#1473 = DIRECTION('',(0.,0.,1.));
#1474 = ADVANCED_FACE('',(#1475),#1493,.T.);
#1475 = FACE_BOUND('',#1476,.T.);
#1476 = EDGE_LOOP('',(#1477,#1478,#1479,#1487));
#1477 = ORIENTED_EDGE('',*,*,#1447,.F.);
#1478 = ORIENTED_EDGE('',*,*,#1320,.T.);
#1479 = ORIENTED_EDGE('',*,*,#1480,.T.);
#1480 = EDGE_CURVE('',#1313,#1481,#1483,.T.);
#1481 = VERTEX_POINT('',#1482);
#1482 = CARTESIAN_POINT('',(-10.42481350923,-22.88194186028,9.));
#1483 = LINE('',#1484,#1485);
#1484 = CARTESIAN_POINT('',(-10.42481350923,-22.88194186028,-1.2));
#1485 = VECTOR('',#1486,1.);
#1486 = DIRECTION('',(0.,0.,1.));
#1487 = ORIENTED_EDGE('',*,*,#1488,.F.);
#1488 = EDGE_CURVE('',#1448,#1481,#1489,.T.);
#1489 = LINE('',#1490,#1491);
#1490 = CARTESIAN_POINT('',(-16.32889495559,-19.12138042949,9.));
#1491 = VECTOR('',#1492,1.);
#1492 = DIRECTION('',(0.843440206622,-0.537223061543,0.));
#1493 = PLANE('',#1494);
#1494 = AXIS2_PLACEMENT_3D('',#1495,#1496,#1497);
#1495 = CARTESIAN_POINT('',(-16.32889495559,-19.12138042949,-1.2));
#1496 = DIRECTION('',(-0.537223061543,-0.843440206622,0.));
#1497 = DIRECTION('',(0.,0.,1.));
#1498 = ADVANCED_FACE('',(#1499),#1517,.T.);
#1499 = FACE_BOUND('',#1500,.T.);
#1500 = EDGE_LOOP('',(#1501,#1502,#1503,#1511));
#1501 = ORIENTED_EDGE('',*,*,#1480,.F.);
#1502 = ORIENTED_EDGE('',*,*,#1312,.T.);
#1503 = ORIENTED_EDGE('',*,*,#1504,.T.);
#1504 = EDGE_CURVE('',#1305,#1505,#1507,.T.);
#1505 = VERTEX_POINT('',#1506);
#1506 = CARTESIAN_POINT('',(-7.95358742614,-19.00211690982,9.));
#1507 = LINE('',#1508,#1509);
#1508 = CARTESIAN_POINT('',(-7.95358742614,-19.00211690982,-1.2));
#1509 = VECTOR('',#1510,1.);
#1510 = DIRECTION('',(0.,0.,1.));
#1511 = ORIENTED_EDGE('',*,*,#1512,.T.);
#1512 = EDGE_CURVE('',#1505,#1481,#1513,.T.);
#1513 = LINE('',#1514,#1515);
#1514 = CARTESIAN_POINT('',(-7.95358742614,-19.00211690982,9.));
#1515 = VECTOR('',#1516,1.);
#1516 = DIRECTION('',(-0.537223061543,-0.843440206622,0.));
#1517 = PLANE('',#1518);
#1518 = AXIS2_PLACEMENT_3D('',#1519,#1520,#1521);
#1519 = CARTESIAN_POINT('',(-7.95358742614,-19.00211690982,-1.2));
#1520 = DIRECTION('',(0.843440206622,-0.537223061543,0.));
#1521 = DIRECTION('',(0.,0.,1.));
#1522 = ADVANCED_FACE('',(#1523),#1534,.F.);
#1523 = FACE_BOUND('',#1524,.F.);
#1524 = EDGE_LOOP('',(#1525,#1526,#1527,#1528));
#1525 = ORIENTED_EDGE('',*,*,#1456,.F.);
#1526 = ORIENTED_EDGE('',*,*,#1304,.T.);
#1527 = ORIENTED_EDGE('',*,*,#1504,.T.);
#1528 = ORIENTED_EDGE('',*,*,#1529,.F.);
#1529 = EDGE_CURVE('',#1457,#1505,#1530,.T.);
#1530 = LINE('',#1531,#1532);
#1531 = CARTESIAN_POINT('',(-13.85766887249,-15.24155547902,9.));
#1532 = VECTOR('',#1533,1.);
#1533 = DIRECTION('',(0.843440206622,-0.537223061543,0.));
#1534 = PLANE('',#1535);
#1535 = AXIS2_PLACEMENT_3D('',#1536,#1537,#1538);
#1536 = CARTESIAN_POINT('',(-13.85766887249,-15.24155547902,-1.2));
#1537 = DIRECTION('',(-0.537223061543,-0.843440206622,0.));
#1538 = DIRECTION('',(0.,0.,1.));
#1539 = ADVANCED_FACE('',(#1540),#1559,.T.);
#1540 = FACE_BOUND('',#1541,.T.);
#1541 = EDGE_LOOP('',(#1542,#1550,#1557,#1558));
#1542 = ORIENTED_EDGE('',*,*,#1543,.T.);
#1543 = EDGE_CURVE('',#1329,#1544,#1546,.T.);
#1544 = VERTEX_POINT('',#1545);
#1545 = CARTESIAN_POINT('',(20.2,-4.947573068555E-15,0.));
#1546 = LINE('',#1547,#1548);
#1547 = CARTESIAN_POINT('',(20.2,-4.947573068555E-15,-1.2));
#1548 = VECTOR('',#1549,1.);
#1549 = DIRECTION('',(0.,0.,1.));
#1550 = ORIENTED_EDGE('',*,*,#1551,.F.);
#1551 = EDGE_CURVE('',#1544,#1544,#1552,.T.);
#1552 = CIRCLE('',#1553,20.2);
#1553 = AXIS2_PLACEMENT_3D('',#1554,#1555,#1556);
#1554 = CARTESIAN_POINT('',(0.,0.,0.));
#1555 = DIRECTION('',(0.,0.,1.));
#1556 = DIRECTION('',(1.,0.,-0.));
#1557 = ORIENTED_EDGE('',*,*,#1543,.F.);
#1558 = ORIENTED_EDGE('',*,*,#1328,.T.);
#1559 = CYLINDRICAL_SURFACE('',#1560,20.2);
#1560 = AXIS2_PLACEMENT_3D('',#1561,#1562,#1563);
#1561 = CARTESIAN_POINT('',(0.,0.,-1.2));
#1562 = DIRECTION('',(0.,0.,1.));
#1563 = DIRECTION('',(1.,0.,-0.));
#1564 = ADVANCED_FACE('',(#1565),#1590,.F.);
#1565 = FACE_BOUND('',#1566,.F.);
#1566 = EDGE_LOOP('',(#1567,#1575,#1576,#1584));
#1567 = ORIENTED_EDGE('',*,*,#1568,.F.);
#1568 = EDGE_CURVE('',#1340,#1569,#1571,.T.);
#1569 = VERTEX_POINT('',#1570);
#1570 = CARTESIAN_POINT('',(16.328894955591,19.12138042949,9.));
#1571 = LINE('',#1572,#1573);
#1572 = CARTESIAN_POINT('',(16.328894955591,19.12138042949,-1.2));
#1573 = VECTOR('',#1574,1.);
#1574 = DIRECTION('',(0.,0.,1.));
#1575 = ORIENTED_EDGE('',*,*,#1339,.T.);
#1576 = ORIENTED_EDGE('',*,*,#1577,.T.);
#1577 = EDGE_CURVE('',#1342,#1578,#1580,.T.);
#1578 = VERTEX_POINT('',#1579);
#1579 = CARTESIAN_POINT('',(13.857668872494,15.241555479028,9.));
#1580 = LINE('',#1581,#1582);
#1581 = CARTESIAN_POINT('',(13.857668872494,15.241555479028,-1.2));
#1582 = VECTOR('',#1583,1.);
#1583 = DIRECTION('',(0.,0.,1.));
#1584 = ORIENTED_EDGE('',*,*,#1585,.T.);
#1585 = EDGE_CURVE('',#1578,#1569,#1586,.T.);
#1586 = LINE('',#1587,#1588);
#1587 = CARTESIAN_POINT('',(13.857668872494,15.241555479028,9.));
#1588 = VECTOR('',#1589,1.);
#1589 = DIRECTION('',(0.537223061543,0.843440206622,0.));
#1590 = PLANE('',#1591);
#1591 = AXIS2_PLACEMENT_3D('',#1592,#1593,#1594);
#1592 = CARTESIAN_POINT('',(13.857668872494,15.241555479028,-1.2));
#1593 = DIRECTION('',(-0.843440206622,0.537223061543,0.));
#1594 = DIRECTION('',(0.,0.,1.));
#1595 = ADVANCED_FACE('',(#1596),#1614,.T.);
#1596 = FACE_BOUND('',#1597,.T.);
#1597 = EDGE_LOOP('',(#1598,#1599,#1600,#1608));
#1598 = ORIENTED_EDGE('',*,*,#1568,.F.);
#1599 = ORIENTED_EDGE('',*,*,#1365,.T.);
#1600 = ORIENTED_EDGE('',*,*,#1601,.T.);
#1601 = EDGE_CURVE('',#1358,#1602,#1604,.T.);
#1602 = VERTEX_POINT('',#1603);
#1603 = CARTESIAN_POINT('',(10.424813509236,22.881941860289,9.));
#1604 = LINE('',#1605,#1606);
#1605 = CARTESIAN_POINT('',(10.424813509236,22.881941860289,-1.2));
#1606 = VECTOR('',#1607,1.);
#1607 = DIRECTION('',(0.,0.,1.));
#1608 = ORIENTED_EDGE('',*,*,#1609,.F.);
#1609 = EDGE_CURVE('',#1569,#1602,#1610,.T.);
#1610 = LINE('',#1611,#1612);
#1611 = CARTESIAN_POINT('',(16.328894955591,19.12138042949,9.));
#1612 = VECTOR('',#1613,1.);
#1613 = DIRECTION('',(-0.843440206622,0.537223061543,0.));
#1614 = PLANE('',#1615);
#1615 = AXIS2_PLACEMENT_3D('',#1616,#1617,#1618);
#1616 = CARTESIAN_POINT('',(16.328894955591,19.12138042949,-1.2));
#1617 = DIRECTION('',(0.537223061543,0.843440206622,0.));
#1618 = DIRECTION('',(0.,0.,1.));
#1619 = ADVANCED_FACE('',(#1620),#1638,.T.);
#1620 = FACE_BOUND('',#1621,.T.);
#1621 = EDGE_LOOP('',(#1622,#1623,#1624,#1632));
#1622 = ORIENTED_EDGE('',*,*,#1601,.F.);
#1623 = ORIENTED_EDGE('',*,*,#1357,.T.);
#1624 = ORIENTED_EDGE('',*,*,#1625,.T.);
#1625 = EDGE_CURVE('',#1350,#1626,#1628,.T.);
#1626 = VERTEX_POINT('',#1627);
#1627 = CARTESIAN_POINT('',(7.95358742614,19.002116909827,9.));
#1628 = LINE('',#1629,#1630);
#1629 = CARTESIAN_POINT('',(7.95358742614,19.002116909827,-1.2));
#1630 = VECTOR('',#1631,1.);
#1631 = DIRECTION('',(0.,0.,1.));
#1632 = ORIENTED_EDGE('',*,*,#1633,.T.);
#1633 = EDGE_CURVE('',#1626,#1602,#1634,.T.);
#1634 = LINE('',#1635,#1636);
#1635 = CARTESIAN_POINT('',(7.95358742614,19.002116909827,9.));
#1636 = VECTOR('',#1637,1.);
#1637 = DIRECTION('',(0.537223061543,0.843440206622,0.));
#1638 = PLANE('',#1639);
#1639 = AXIS2_PLACEMENT_3D('',#1640,#1641,#1642);
#1640 = CARTESIAN_POINT('',(7.95358742614,19.002116909827,-1.2));
#1641 = DIRECTION('',(-0.843440206622,0.537223061543,0.));
#1642 = DIRECTION('',(0.,0.,1.));
#1643 = ADVANCED_FACE('',(#1644),#1655,.F.);
#1644 = FACE_BOUND('',#1645,.F.);
#1645 = EDGE_LOOP('',(#1646,#1647,#1648,#1649));
#1646 = ORIENTED_EDGE('',*,*,#1577,.F.);
#1647 = ORIENTED_EDGE('',*,*,#1349,.T.);
#1648 = ORIENTED_EDGE('',*,*,#1625,.T.);
#1649 = ORIENTED_EDGE('',*,*,#1650,.F.);
#1650 = EDGE_CURVE('',#1578,#1626,#1651,.T.);
#1651 = LINE('',#1652,#1653);
#1652 = CARTESIAN_POINT('',(13.857668872494,15.241555479028,9.));
#1653 = VECTOR('',#1654,1.);
#1654 = DIRECTION('',(-0.843440206622,0.537223061543,0.));
#1655 = PLANE('',#1656);
#1656 = AXIS2_PLACEMENT_3D('',#1657,#1658,#1659);
#1657 = CARTESIAN_POINT('',(13.857668872494,15.241555479028,-1.2));
#1658 = DIRECTION('',(0.537223061543,0.843440206622,0.));
#1659 = DIRECTION('',(0.,0.,1.));
#1660 = ADVANCED_FACE('',(#1661),#1679,.F.);
#1661 = FACE_BOUND('',#1662,.F.);
#1662 = EDGE_LOOP('',(#1663,#1672,#1677,#1678));
#1663 = ORIENTED_EDGE('',*,*,#1664,.F.);
#1664 = EDGE_CURVE('',#1665,#1665,#1667,.T.);
#1665 = VERTEX_POINT('',#1666);
#1666 = CARTESIAN_POINT('',(18.,-4.40872847693E-15,0.));
#1667 = CIRCLE('',#1668,18.);
#1668 = AXIS2_PLACEMENT_3D('',#1669,#1670,#1671);
#1669 = CARTESIAN_POINT('',(0.,0.,0.));
#1670 = DIRECTION('',(0.,0.,1.));
#1671 = DIRECTION('',(1.,0.,-0.));
#1672 = ORIENTED_EDGE('',*,*,#1673,.F.);
#1673 = EDGE_CURVE('',#1380,#1665,#1674,.T.);
#1674 = B_SPLINE_CURVE_WITH_KNOTS('',1,(#1675,#1676),.UNSPECIFIED.,.F.,
  .F.,(2,2),(1.,3.7),.PIECEWISE_BEZIER_KNOTS.);
#1675 = CARTESIAN_POINT('',(18.,-4.40872847693E-15,-2.7));
#1676 = CARTESIAN_POINT('',(18.,-4.40872847693E-15,0.));
#1677 = ORIENTED_EDGE('',*,*,#1379,.T.);
#1678 = ORIENTED_EDGE('',*,*,#1673,.T.);
#1679 = CYLINDRICAL_SURFACE('',#1680,18.);
#1680 = AXIS2_PLACEMENT_3D('',#1681,#1682,#1683);
#1681 = CARTESIAN_POINT('',(0.,0.,-3.7));
#1682 = DIRECTION('',(0.,0.,1.));
#1683 = DIRECTION('',(1.,0.,-0.));
#1684 = ADVANCED_FACE('',(#1685,#1691),#1702,.T.);
#1685 = FACE_BOUND('',#1686,.T.);
#1686 = EDGE_LOOP('',(#1687,#1688,#1689,#1690));
#1687 = ORIENTED_EDGE('',*,*,#1529,.F.);
#1688 = ORIENTED_EDGE('',*,*,#1464,.T.);
#1689 = ORIENTED_EDGE('',*,*,#1488,.T.);
#1690 = ORIENTED_EDGE('',*,*,#1512,.F.);
#1691 = FACE_BOUND('',#1692,.T.);
#1692 = EDGE_LOOP('',(#1693));
#1693 = ORIENTED_EDGE('',*,*,#1694,.F.);
#1694 = EDGE_CURVE('',#1695,#1695,#1697,.T.);
#1695 = VERTEX_POINT('',#1696);
#1696 = CARTESIAN_POINT('',(-10.64124119086,-19.06174866965,9.));
#1697 = CIRCLE('',#1698,1.5);
#1698 = AXIS2_PLACEMENT_3D('',#1699,#1700,#1701);
#1699 = CARTESIAN_POINT('',(-12.14124119086,-19.06174866965,9.));
#1700 = DIRECTION('',(0.,0.,1.));
#1701 = DIRECTION('',(1.,0.,-0.));
#1702 = PLANE('',#1703);
#1703 = AXIS2_PLACEMENT_3D('',#1704,#1705,#1706);
#1704 = CARTESIAN_POINT('',(-13.85766887249,-15.24155547902,9.));
#1705 = DIRECTION('',(0.,0.,1.));
#1706 = DIRECTION('',(-0.537223061543,-0.843440206622,0.));
#1707 = ADVANCED_FACE('',(#1708,#1711),#1714,.T.);
#1708 = FACE_BOUND('',#1709,.T.);
#1709 = EDGE_LOOP('',(#1710));
#1710 = ORIENTED_EDGE('',*,*,#1551,.T.);
#1711 = FACE_BOUND('',#1712,.T.);
#1712 = EDGE_LOOP('',(#1713));
#1713 = ORIENTED_EDGE('',*,*,#1664,.F.);
#1714 = PLANE('',#1715);
#1715 = AXIS2_PLACEMENT_3D('',#1716,#1717,#1718);
#1716 = CARTESIAN_POINT('',(0.,0.,0.));
#1717 = DIRECTION('',(0.,0.,1.));
#1718 = DIRECTION('',(1.,0.,-0.));
#1719 = ADVANCED_FACE('',(#1720,#1726),#1737,.T.);
#1720 = FACE_BOUND('',#1721,.T.);
#1721 = EDGE_LOOP('',(#1722,#1723,#1724,#1725));
#1722 = ORIENTED_EDGE('',*,*,#1650,.F.);
#1723 = ORIENTED_EDGE('',*,*,#1585,.T.);
#1724 = ORIENTED_EDGE('',*,*,#1609,.T.);
#1725 = ORIENTED_EDGE('',*,*,#1633,.F.);
#1726 = FACE_BOUND('',#1727,.T.);
#1727 = EDGE_LOOP('',(#1728));
#1728 = ORIENTED_EDGE('',*,*,#1729,.F.);
#1729 = EDGE_CURVE('',#1730,#1730,#1732,.T.);
#1730 = VERTEX_POINT('',#1731);
#1731 = CARTESIAN_POINT('',(13.641241190865,19.061748669659,9.));
#1732 = CIRCLE('',#1733,1.5);
#1733 = AXIS2_PLACEMENT_3D('',#1734,#1735,#1736);
#1734 = CARTESIAN_POINT('',(12.141241190865,19.061748669659,9.));
#1735 = DIRECTION('',(0.,0.,1.));
#1736 = DIRECTION('',(1.,0.,-0.));
#1737 = PLANE('',#1738);
#1738 = AXIS2_PLACEMENT_3D('',#1739,#1740,#1741);
#1739 = CARTESIAN_POINT('',(13.857668872494,15.241555479028,9.));
#1740 = DIRECTION('',(0.,0.,1.));
#1741 = DIRECTION('',(0.537223061543,0.843440206622,0.));
#1742 = ADVANCED_FACE('',(#1743),#1762,.F.);
#1743 = FACE_BOUND('',#1744,.F.);
#1744 = EDGE_LOOP('',(#1745,#1746,#1754,#1761));
#1745 = ORIENTED_EDGE('',*,*,#1694,.F.);
#1746 = ORIENTED_EDGE('',*,*,#1747,.F.);
#1747 = EDGE_CURVE('',#1748,#1695,#1750,.T.);
#1748 = VERTEX_POINT('',#1749);
#1749 = CARTESIAN_POINT('',(-10.64124119086,-19.06174866965,4.8));
#1750 = LINE('',#1751,#1752);
#1751 = CARTESIAN_POINT('',(-10.64124119086,-19.06174866965,4.8));
#1752 = VECTOR('',#1753,1.);
#1753 = DIRECTION('',(0.,0.,1.));
#1754 = ORIENTED_EDGE('',*,*,#1755,.T.);
#1755 = EDGE_CURVE('',#1748,#1748,#1756,.T.);
#1756 = CIRCLE('',#1757,1.5);
#1757 = AXIS2_PLACEMENT_3D('',#1758,#1759,#1760);
#1758 = CARTESIAN_POINT('',(-12.14124119086,-19.06174866965,4.8));
#1759 = DIRECTION('',(0.,0.,1.));
#1760 = DIRECTION('',(1.,0.,-0.));
#1761 = ORIENTED_EDGE('',*,*,#1747,.T.);
#1762 = CYLINDRICAL_SURFACE('',#1763,1.5);
#1763 = AXIS2_PLACEMENT_3D('',#1764,#1765,#1766);
#1764 = CARTESIAN_POINT('',(-12.14124119086,-19.06174866965,4.8));
#1765 = DIRECTION('',(0.,0.,1.));
#1766 = DIRECTION('',(1.,0.,-0.));
#1767 = ADVANCED_FACE('',(#1768),#1787,.F.);
#1768 = FACE_BOUND('',#1769,.F.);
#1769 = EDGE_LOOP('',(#1770,#1771,#1779,#1786));
#1770 = ORIENTED_EDGE('',*,*,#1729,.F.);
#1771 = ORIENTED_EDGE('',*,*,#1772,.F.);
#1772 = EDGE_CURVE('',#1773,#1730,#1775,.T.);
#1773 = VERTEX_POINT('',#1774);
#1774 = CARTESIAN_POINT('',(13.641241190865,19.061748669659,4.8));
#1775 = LINE('',#1776,#1777);
#1776 = CARTESIAN_POINT('',(13.641241190865,19.061748669659,4.8));
#1777 = VECTOR('',#1778,1.);
#1778 = DIRECTION('',(0.,0.,1.));
#1779 = ORIENTED_EDGE('',*,*,#1780,.T.);
#1780 = EDGE_CURVE('',#1773,#1773,#1781,.T.);
#1781 = CIRCLE('',#1782,1.5);
#1782 = AXIS2_PLACEMENT_3D('',#1783,#1784,#1785);
#1783 = CARTESIAN_POINT('',(12.141241190865,19.061748669659,4.8));
#1784 = DIRECTION('',(0.,0.,1.));
#1785 = DIRECTION('',(1.,0.,-0.));
#1786 = ORIENTED_EDGE('',*,*,#1772,.T.);
#1787 = CYLINDRICAL_SURFACE('',#1788,1.5);
#1788 = AXIS2_PLACEMENT_3D('',#1789,#1790,#1791);
#1789 = CARTESIAN_POINT('',(12.141241190865,19.061748669659,4.8));
#1790 = DIRECTION('',(0.,0.,1.));
#1791 = DIRECTION('',(1.,0.,-0.));
#1792 = ADVANCED_FACE('',(#1793,#1796),#1807,.T.);
#1793 = FACE_BOUND('',#1794,.T.);
#1794 = EDGE_LOOP('',(#1795));
#1795 = ORIENTED_EDGE('',*,*,#1755,.T.);
#1796 = FACE_BOUND('',#1797,.T.);
#1797 = EDGE_LOOP('',(#1798));
#1798 = ORIENTED_EDGE('',*,*,#1799,.F.);
#1799 = EDGE_CURVE('',#1800,#1800,#1802,.T.);
#1800 = VERTEX_POINT('',#1801);
#1801 = CARTESIAN_POINT('',(-11.04124119086,-19.06174866965,4.8));
#1802 = CIRCLE('',#1803,1.1);
#1803 = AXIS2_PLACEMENT_3D('',#1804,#1805,#1806);
#1804 = CARTESIAN_POINT('',(-12.14124119086,-19.06174866965,4.8));
#1805 = DIRECTION('',(0.,0.,1.));
#1806 = DIRECTION('',(1.,0.,-0.));
#1807 = PLANE('',#1808);
#1808 = AXIS2_PLACEMENT_3D('',#1809,#1810,#1811);
#1809 = CARTESIAN_POINT('',(-12.14124119086,-19.06174866965,4.8));
#1810 = DIRECTION('',(0.,0.,1.));
#1811 = DIRECTION('',(1.,0.,-0.));
#1812 = ADVANCED_FACE('',(#1813,#1816),#1827,.T.);
#1813 = FACE_BOUND('',#1814,.T.);
#1814 = EDGE_LOOP('',(#1815));
#1815 = ORIENTED_EDGE('',*,*,#1780,.T.);
#1816 = FACE_BOUND('',#1817,.T.);
#1817 = EDGE_LOOP('',(#1818));
#1818 = ORIENTED_EDGE('',*,*,#1819,.F.);
#1819 = EDGE_CURVE('',#1820,#1820,#1822,.T.);
#1820 = VERTEX_POINT('',#1821);
#1821 = CARTESIAN_POINT('',(13.241241190865,19.061748669659,4.8));
#1822 = CIRCLE('',#1823,1.1);
#1823 = AXIS2_PLACEMENT_3D('',#1824,#1825,#1826);
#1824 = CARTESIAN_POINT('',(12.141241190865,19.061748669659,4.8));
#1825 = DIRECTION('',(0.,0.,1.));
#1826 = DIRECTION('',(1.,0.,-0.));
#1827 = PLANE('',#1828);
#1828 = AXIS2_PLACEMENT_3D('',#1829,#1830,#1831);
#1829 = CARTESIAN_POINT('',(12.141241190865,19.061748669659,4.8));
#1830 = DIRECTION('',(0.,0.,1.));
#1831 = DIRECTION('',(1.,0.,-0.));
#1832 = ADVANCED_FACE('',(#1833),#1852,.F.);
#1833 = FACE_BOUND('',#1834,.F.);
#1834 = EDGE_LOOP('',(#1835,#1836,#1844,#1851));
#1835 = ORIENTED_EDGE('',*,*,#1799,.F.);
#1836 = ORIENTED_EDGE('',*,*,#1837,.F.);
#1837 = EDGE_CURVE('',#1838,#1800,#1840,.T.);
#1838 = VERTEX_POINT('',#1839);
#1839 = CARTESIAN_POINT('',(-11.04124119086,-19.06174866965,3.2));
#1840 = LINE('',#1841,#1842);
#1841 = CARTESIAN_POINT('',(-11.04124119086,-19.06174866965,3.2));
#1842 = VECTOR('',#1843,1.);
#1843 = DIRECTION('',(0.,0.,1.));
#1844 = ORIENTED_EDGE('',*,*,#1845,.T.);
#1845 = EDGE_CURVE('',#1838,#1838,#1846,.T.);
#1846 = CIRCLE('',#1847,1.1);
#1847 = AXIS2_PLACEMENT_3D('',#1848,#1849,#1850);
#1848 = CARTESIAN_POINT('',(-12.14124119086,-19.06174866965,3.2));
#1849 = DIRECTION('',(0.,0.,1.));
#1850 = DIRECTION('',(1.,0.,-0.));
#1851 = ORIENTED_EDGE('',*,*,#1837,.T.);
#1852 = CYLINDRICAL_SURFACE('',#1853,1.1);
#1853 = AXIS2_PLACEMENT_3D('',#1854,#1855,#1856);
#1854 = CARTESIAN_POINT('',(-12.14124119086,-19.06174866965,3.2));
#1855 = DIRECTION('',(0.,0.,1.));
#1856 = DIRECTION('',(1.,0.,-0.));
#1857 = ADVANCED_FACE('',(#1858),#1877,.F.);
#1858 = FACE_BOUND('',#1859,.F.);
#1859 = EDGE_LOOP('',(#1860,#1861,#1869,#1876));
#1860 = ORIENTED_EDGE('',*,*,#1819,.F.);
#1861 = ORIENTED_EDGE('',*,*,#1862,.F.);
#1862 = EDGE_CURVE('',#1863,#1820,#1865,.T.);
#1863 = VERTEX_POINT('',#1864);
#1864 = CARTESIAN_POINT('',(13.241241190865,19.061748669659,3.2));
#1865 = LINE('',#1866,#1867);
#1866 = CARTESIAN_POINT('',(13.241241190865,19.061748669659,3.2));
#1867 = VECTOR('',#1868,1.);
#1868 = DIRECTION('',(0.,0.,1.));
#1869 = ORIENTED_EDGE('',*,*,#1870,.T.);
#1870 = EDGE_CURVE('',#1863,#1863,#1871,.T.);
#1871 = CIRCLE('',#1872,1.1);
#1872 = AXIS2_PLACEMENT_3D('',#1873,#1874,#1875);
#1873 = CARTESIAN_POINT('',(12.141241190865,19.061748669659,3.2));
#1874 = DIRECTION('',(0.,0.,1.));
#1875 = DIRECTION('',(1.,0.,-0.));
#1876 = ORIENTED_EDGE('',*,*,#1862,.T.);
#1877 = CYLINDRICAL_SURFACE('',#1878,1.1);
#1878 = AXIS2_PLACEMENT_3D('',#1879,#1880,#1881);
#1879 = CARTESIAN_POINT('',(12.141241190865,19.061748669659,3.2));
#1880 = DIRECTION('',(0.,0.,1.));
#1881 = DIRECTION('',(1.,0.,-0.));
#1882 = ADVANCED_FACE('',(#1883),#1886,.T.);
#1883 = FACE_BOUND('',#1884,.F.);
#1884 = EDGE_LOOP('',(#1885));
#1885 = ORIENTED_EDGE('',*,*,#1845,.F.);
#1886 = PLANE('',#1887);
#1887 = AXIS2_PLACEMENT_3D('',#1888,#1889,#1890);
#1888 = CARTESIAN_POINT('',(-12.14124119086,-19.06174866965,3.2));
#1889 = DIRECTION('',(0.,0.,1.));
#1890 = DIRECTION('',(1.,0.,-0.));
#1891 = ADVANCED_FACE('',(#1892),#1895,.T.);
#1892 = FACE_BOUND('',#1893,.F.);
#1893 = EDGE_LOOP('',(#1894));
#1894 = ORIENTED_EDGE('',*,*,#1870,.F.);
#1895 = PLANE('',#1896);
#1896 = AXIS2_PLACEMENT_3D('',#1897,#1898,#1899);
#1897 = CARTESIAN_POINT('',(12.141241190865,19.061748669659,3.2));
#1898 = DIRECTION('',(0.,0.,1.));
#1899 = DIRECTION('',(1.,0.,-0.));
#1900 = MANIFOLD_SOLID_BREP('',#1901);
#1901 = CLOSED_SHELL('',(#1902,#1974,#2037,#2140,#2193,#2249,#2277,#2317
    ,#2351,#2375,#2419,#2480,#2539,#2595,#2642,#2691,#2716,#2783,#2799,
    #2824,#2848,#2867,#2884,#2915,#2984,#3019,#3045,#3073,#3122,#3147,
    #3164,#3208,#3224,#3248,#3266,#3286,#3306,#3323,#3348,#3373,#3393,
    #3413,#3438,#3463,#3472,#3481,#3507));
#1902 = ADVANCED_FACE('',(#1903),#1969,.F.);
#1903 = FACE_BOUND('',#1904,.F.);
#1904 = EDGE_LOOP('',(#1905,#1915,#1923,#1931,#1939,#1947,#1955,#1963));
#1905 = ORIENTED_EDGE('',*,*,#1906,.F.);
#1906 = EDGE_CURVE('',#1907,#1909,#1911,.T.);
#1907 = VERTEX_POINT('',#1908);
#1908 = CARTESIAN_POINT('',(14.440555894268,15.225976010244,9.));
#1909 = VERTEX_POINT('',#1910);
#1910 = CARTESIAN_POINT('',(14.440555894268,15.225976010244,12.3));
#1911 = LINE('',#1912,#1913);
#1912 = CARTESIAN_POINT('',(14.440555894268,15.225976010244,9.));
#1913 = VECTOR('',#1914,1.);
#1914 = DIRECTION('',(0.,0.,1.));
#1915 = ORIENTED_EDGE('',*,*,#1916,.T.);
#1916 = EDGE_CURVE('',#1907,#1917,#1919,.T.);
#1917 = VERTEX_POINT('',#1918);
#1918 = CARTESIAN_POINT('',(7.693034241292,19.523760502585,9.));
#1919 = LINE('',#1920,#1921);
#1920 = CARTESIAN_POINT('',(14.440555894268,15.225976010244,9.));
#1921 = VECTOR('',#1922,1.);
#1922 = DIRECTION('',(-0.843440206622,0.537223061543,0.));
#1923 = ORIENTED_EDGE('',*,*,#1924,.T.);
#1924 = EDGE_CURVE('',#1917,#1925,#1927,.T.);
#1925 = VERTEX_POINT('',#1926);
#1926 = CARTESIAN_POINT('',(7.693034241292,19.523760502585,12.3));
#1927 = LINE('',#1928,#1929);
#1928 = CARTESIAN_POINT('',(7.693034241292,19.523760502585,9.));
#1929 = VECTOR('',#1930,1.);
#1930 = DIRECTION('',(0.,0.,1.));
#1931 = ORIENTED_EDGE('',*,*,#1932,.T.);
#1932 = EDGE_CURVE('',#1925,#1933,#1935,.T.);
#1933 = VERTEX_POINT('',#1934);
#1934 = CARTESIAN_POINT('',(10.6872469748,17.616618634109,12.3));
#1935 = LINE('',#1936,#1937);
#1936 = CARTESIAN_POINT('',(14.440555894268,15.225976010244,12.3));
#1937 = VECTOR('',#1938,1.);
#1938 = DIRECTION('',(0.843440206622,-0.537223061543,0.));
#1939 = ORIENTED_EDGE('',*,*,#1940,.F.);
#1940 = EDGE_CURVE('',#1941,#1933,#1943,.T.);
#1941 = VERTEX_POINT('',#1942);
#1942 = CARTESIAN_POINT('',(10.6872469748,17.616618634109,11.5));
#1943 = LINE('',#1944,#1945);
#1944 = CARTESIAN_POINT('',(10.6872469748,17.616618634109,11.5));
#1945 = VECTOR('',#1946,1.);
#1946 = DIRECTION('',(0.,0.,1.));
#1947 = ORIENTED_EDGE('',*,*,#1948,.T.);
#1948 = EDGE_CURVE('',#1941,#1949,#1951,.T.);
#1949 = VERTEX_POINT('',#1950);
#1950 = CARTESIAN_POINT('',(11.44634316076,17.13311787872,11.5));
#1951 = LINE('',#1952,#1953);
#1952 = CARTESIAN_POINT('',(12.753675481024,16.300422133329,11.5));
#1953 = VECTOR('',#1954,1.);
#1954 = DIRECTION('',(0.843440206622,-0.537223061543,0.));
#1955 = ORIENTED_EDGE('',*,*,#1956,.T.);
#1956 = EDGE_CURVE('',#1949,#1957,#1959,.T.);
#1957 = VERTEX_POINT('',#1958);
#1958 = CARTESIAN_POINT('',(11.44634316076,17.13311787872,12.3));
#1959 = LINE('',#1960,#1961);
#1960 = CARTESIAN_POINT('',(11.44634316076,17.13311787872,11.5));
#1961 = VECTOR('',#1962,1.);
#1962 = DIRECTION('',(0.,0.,1.));
#1963 = ORIENTED_EDGE('',*,*,#1964,.T.);
#1964 = EDGE_CURVE('',#1957,#1909,#1965,.T.);
#1965 = LINE('',#1966,#1967);
#1966 = CARTESIAN_POINT('',(14.440555894268,15.225976010244,12.3));
#1967 = VECTOR('',#1968,1.);
#1968 = DIRECTION('',(0.843440206622,-0.537223061543,0.));
#1969 = PLANE('',#1970);
#1970 = AXIS2_PLACEMENT_3D('',#1971,#1972,#1973);
#1971 = CARTESIAN_POINT('',(14.440555894268,15.225976010244,9.));
#1972 = DIRECTION('',(0.537223061543,0.843440206622,0.));
#1973 = DIRECTION('',(0.,0.,1.));
#1974 = ADVANCED_FACE('',(#1975),#2032,.T.);
#1975 = FACE_BOUND('',#1976,.T.);
#1976 = EDGE_LOOP('',(#1977,#1985,#1986,#1994,#2002,#2010,#2018,#2026));
#1977 = ORIENTED_EDGE('',*,*,#1978,.T.);
#1978 = EDGE_CURVE('',#1979,#1909,#1981,.T.);
#1979 = VERTEX_POINT('',#1980);
#1980 = CARTESIAN_POINT('',(13.077294284701,13.085655283223,12.3));
#1981 = LINE('',#1982,#1983);
#1982 = CARTESIAN_POINT('',(13.043775934257,13.033031473026,12.3));
#1983 = VECTOR('',#1984,1.);
#1984 = DIRECTION('',(0.537223061543,0.843440206622,0.));
#1985 = ORIENTED_EDGE('',*,*,#1906,.F.);
#1986 = ORIENTED_EDGE('',*,*,#1987,.T.);
#1987 = EDGE_CURVE('',#1907,#1988,#1990,.T.);
#1988 = VERTEX_POINT('',#1989);
#1989 = CARTESIAN_POINT('',(16.589448140439,18.599736836732,9.));
#1990 = LINE('',#1991,#1992);
#1991 = CARTESIAN_POINT('',(14.440555894268,15.225976010244,9.));
#1992 = VECTOR('',#1993,1.);
#1993 = DIRECTION('',(0.537223061543,0.843440206622,0.));
#1994 = ORIENTED_EDGE('',*,*,#1995,.T.);
#1995 = EDGE_CURVE('',#1988,#1996,#1998,.T.);
#1996 = VERTEX_POINT('',#1997);
#1997 = CARTESIAN_POINT('',(16.589448140439,18.599736836732,12.5));
#1998 = LINE('',#1999,#2000);
#1999 = CARTESIAN_POINT('',(16.589448140439,18.599736836732,9.));
#2000 = VECTOR('',#2001,1.);
#2001 = DIRECTION('',(0.,0.,1.));
#2002 = ORIENTED_EDGE('',*,*,#2003,.F.);
#2003 = EDGE_CURVE('',#2004,#1996,#2006,.T.);
#2004 = VERTEX_POINT('',#2005);
#2005 = CARTESIAN_POINT('',(15.729891241971,17.250232506137,12.5));
#2006 = LINE('',#2007,#2008);
#2007 = CARTESIAN_POINT('',(14.440555894268,15.225976010244,12.5));
#2008 = VECTOR('',#2009,1.);
#2009 = DIRECTION('',(0.537223061543,0.843440206622,0.));
#2010 = ORIENTED_EDGE('',*,*,#2011,.T.);
#2011 = EDGE_CURVE('',#2004,#2012,#2014,.T.);
#2012 = VERTEX_POINT('',#2013);
#2013 = CARTESIAN_POINT('',(15.729891241971,17.250232506137,14.3));
#2014 = LINE('',#2015,#2016);
#2015 = CARTESIAN_POINT('',(15.729891241971,17.250232506137,12.3));
#2016 = VECTOR('',#2017,1.);
#2017 = DIRECTION('',(0.,0.,1.));
#2018 = ORIENTED_EDGE('',*,*,#2019,.F.);
#2019 = EDGE_CURVE('',#2020,#2012,#2022,.T.);
#2020 = VERTEX_POINT('',#2021);
#2021 = CARTESIAN_POINT('',(13.077294284701,13.085655283223,14.3));
#2022 = LINE('',#2023,#2024);
#2023 = CARTESIAN_POINT('',(13.043775934257,13.033031473026,14.3));
#2024 = VECTOR('',#2025,1.);
#2025 = DIRECTION('',(0.537223061543,0.843440206622,0.));
#2026 = ORIENTED_EDGE('',*,*,#2027,.F.);
#2027 = EDGE_CURVE('',#1979,#2020,#2028,.T.);
#2028 = LINE('',#2029,#2030);
#2029 = CARTESIAN_POINT('',(13.077294284701,13.085655283223,12.3));
#2030 = VECTOR('',#2031,1.);
#2031 = DIRECTION('',(0.,0.,1.));
#2032 = PLANE('',#2033);
#2033 = AXIS2_PLACEMENT_3D('',#2034,#2035,#2036);
#2034 = CARTESIAN_POINT('',(14.958040016498,16.038426082145,
    11.882061526864));
#2035 = DIRECTION('',(0.843440206622,-0.537223061543,1.403776413438E-16)
  );
#2036 = DIRECTION('',(0.537223061543,0.843440206622,0.));
#2037 = ADVANCED_FACE('',(#2038,#2124),#2135,.T.);
#2038 = FACE_BOUND('',#2039,.T.);
#2039 = EDGE_LOOP('',(#2040,#2051,#2059,#2067,#2076,#2084,#2092,#2101,
    #2107,#2108,#2115,#2116,#2117));
#2040 = ORIENTED_EDGE('',*,*,#2041,.F.);
#2041 = EDGE_CURVE('',#2042,#2044,#2046,.T.);
#2042 = VERTEX_POINT('',#2043);
#2043 = CARTESIAN_POINT('',(-6.329772631724,-17.38343977556,12.3));
#2044 = VERTEX_POINT('',#2045);
#2045 = CARTESIAN_POINT('',(18.5,-4.531193156845E-15,12.3));
#2046 = CIRCLE('',#2047,18.5);
#2047 = AXIS2_PLACEMENT_3D('',#2048,#2049,#2050);
#2048 = CARTESIAN_POINT('',(0.,0.,12.3));
#2049 = DIRECTION('',(0.,0.,1.));
#2050 = DIRECTION('',(1.,0.,-0.));
#2051 = ORIENTED_EDGE('',*,*,#2052,.T.);
#2052 = EDGE_CURVE('',#2042,#2053,#2055,.T.);
#2053 = VERTEX_POINT('',#2054);
#2054 = CARTESIAN_POINT('',(-7.693034241292,-19.52376050258,12.3));
#2055 = LINE('',#2056,#2057);
#2056 = CARTESIAN_POINT('',(-6.296254281281,-17.33081596536,12.3));
#2057 = VECTOR('',#2058,1.);
#2058 = DIRECTION('',(-0.537223061543,-0.843440206622,0.));
#2059 = ORIENTED_EDGE('',*,*,#2060,.T.);
#2060 = EDGE_CURVE('',#2053,#2061,#2063,.T.);
#2061 = VERTEX_POINT('',#2062);
#2062 = CARTESIAN_POINT('',(-10.6872469748,-17.6166186341,12.3));
#2063 = LINE('',#2064,#2065);
#2064 = CARTESIAN_POINT('',(-14.44055589426,-15.22597601024,12.3));
#2065 = VECTOR('',#2066,1.);
#2066 = DIRECTION('',(-0.843440206622,0.537223061543,0.));
#2067 = ORIENTED_EDGE('',*,*,#2068,.T.);
#2068 = EDGE_CURVE('',#2061,#2069,#2071,.T.);
#2069 = VERTEX_POINT('',#2070);
#2070 = CARTESIAN_POINT('',(-11.44634316076,-17.13311787872,12.3));
#2071 = CIRCLE('',#2072,2.05);
#2072 = AXIS2_PLACEMENT_3D('',#2073,#2074,#2075);
#2073 = CARTESIAN_POINT('',(-12.14124119086,-19.06174866965,12.3));
#2074 = DIRECTION('',(0.,0.,1.));
#2075 = DIRECTION('',(1.,0.,-0.));
#2076 = ORIENTED_EDGE('',*,*,#2077,.T.);
#2077 = EDGE_CURVE('',#2069,#2078,#2080,.T.);
#2078 = VERTEX_POINT('',#2079);
#2079 = CARTESIAN_POINT('',(-14.44055589426,-15.22597601024,12.3));
#2080 = LINE('',#2081,#2082);
#2081 = CARTESIAN_POINT('',(-14.44055589426,-15.22597601024,12.3));
#2082 = VECTOR('',#2083,1.);
#2083 = DIRECTION('',(-0.843440206622,0.537223061543,0.));
#2084 = ORIENTED_EDGE('',*,*,#2085,.F.);
#2085 = EDGE_CURVE('',#2086,#2078,#2088,.T.);
#2086 = VERTEX_POINT('',#2087);
#2087 = CARTESIAN_POINT('',(-13.0772942847,-13.08565528322,12.3));
#2088 = LINE('',#2089,#2090);
#2089 = CARTESIAN_POINT('',(-13.04377593425,-13.03303147302,12.3));
#2090 = VECTOR('',#2091,1.);
#2091 = DIRECTION('',(-0.537223061543,-0.843440206622,0.));
#2092 = ORIENTED_EDGE('',*,*,#2093,.F.);
#2093 = EDGE_CURVE('',#2094,#2086,#2096,.T.);
#2094 = VERTEX_POINT('',#2095);
#2095 = CARTESIAN_POINT('',(6.329772631724,17.383439775564,12.3));
#2096 = CIRCLE('',#2097,18.5);
#2097 = AXIS2_PLACEMENT_3D('',#2098,#2099,#2100);
#2098 = CARTESIAN_POINT('',(0.,0.,12.3));
#2099 = DIRECTION('',(0.,0.,1.));
#2100 = DIRECTION('',(1.,0.,-0.));
#2101 = ORIENTED_EDGE('',*,*,#2102,.T.);
#2102 = EDGE_CURVE('',#2094,#1925,#2103,.T.);
#2103 = LINE('',#2104,#2105);
#2104 = CARTESIAN_POINT('',(6.296254281281,17.330815965368,12.3));
#2105 = VECTOR('',#2106,1.);
#2106 = DIRECTION('',(0.537223061543,0.843440206622,0.));
#2107 = ORIENTED_EDGE('',*,*,#1932,.T.);
#2108 = ORIENTED_EDGE('',*,*,#2109,.T.);
#2109 = EDGE_CURVE('',#1933,#1957,#2110,.T.);
#2110 = CIRCLE('',#2111,2.05);
#2111 = AXIS2_PLACEMENT_3D('',#2112,#2113,#2114);
#2112 = CARTESIAN_POINT('',(12.141241190865,19.061748669659,12.3));
#2113 = DIRECTION('',(0.,0.,1.));
#2114 = DIRECTION('',(1.,0.,-0.));
#2115 = ORIENTED_EDGE('',*,*,#1964,.T.);
#2116 = ORIENTED_EDGE('',*,*,#1978,.F.);
#2117 = ORIENTED_EDGE('',*,*,#2118,.F.);
#2118 = EDGE_CURVE('',#2044,#1979,#2119,.T.);
#2119 = CIRCLE('',#2120,18.5);
#2120 = AXIS2_PLACEMENT_3D('',#2121,#2122,#2123);
#2121 = CARTESIAN_POINT('',(0.,0.,12.3));
#2122 = DIRECTION('',(0.,0.,1.));
#2123 = DIRECTION('',(1.,0.,-0.));
#2124 = FACE_BOUND('',#2125,.T.);
#2125 = EDGE_LOOP('',(#2126));
#2126 = ORIENTED_EDGE('',*,*,#2127,.T.);
#2127 = EDGE_CURVE('',#2128,#2128,#2130,.T.);
#2128 = VERTEX_POINT('',#2129);
#2129 = CARTESIAN_POINT('',(11.4,-2.792194702056E-15,12.3));
#2130 = CIRCLE('',#2131,11.4);
#2131 = AXIS2_PLACEMENT_3D('',#2132,#2133,#2134);
#2132 = CARTESIAN_POINT('',(0.,0.,12.3));
#2133 = DIRECTION('',(0.,0.,1.));
#2134 = DIRECTION('',(1.,0.,-0.));
#2135 = PLANE('',#2136);
#2136 = AXIS2_PLACEMENT_3D('',#2137,#2138,#2139);
#2137 = CARTESIAN_POINT('',(0.306212540738,-0.108374475405,12.3));
#2138 = DIRECTION('',(-0.,-0.,-1.));
#2139 = DIRECTION('',(-1.,0.,0.));
#2140 = ADVANCED_FACE('',(#2141,#2177),#2188,.T.);
#2141 = FACE_BOUND('',#2142,.T.);
#2142 = EDGE_LOOP('',(#2143,#2152,#2161,#2169,#2176));
#2143 = ORIENTED_EDGE('',*,*,#2144,.T.);
#2144 = EDGE_CURVE('',#1949,#2145,#2147,.T.);
#2145 = VERTEX_POINT('',#2146);
#2146 = CARTESIAN_POINT('',(14.191241190865,19.061748669659,11.5));
#2147 = CIRCLE('',#2148,2.05);
#2148 = AXIS2_PLACEMENT_3D('',#2149,#2150,#2151);
#2149 = CARTESIAN_POINT('',(12.141241190865,19.061748669659,11.5));
#2150 = DIRECTION('',(0.,0.,1.));
#2151 = DIRECTION('',(1.,0.,-0.));
#2152 = ORIENTED_EDGE('',*,*,#2153,.T.);
#2153 = EDGE_CURVE('',#2145,#2154,#2156,.T.);
#2154 = VERTEX_POINT('',#2155);
#2155 = CARTESIAN_POINT('',(13.595235406931,20.506878705209,11.5));
#2156 = CIRCLE('',#2157,2.05);
#2157 = AXIS2_PLACEMENT_3D('',#2158,#2159,#2160);
#2158 = CARTESIAN_POINT('',(12.141241190865,19.061748669659,11.5));
#2159 = DIRECTION('',(0.,0.,1.));
#2160 = DIRECTION('',(1.,0.,-0.));
#2161 = ORIENTED_EDGE('',*,*,#2162,.F.);
#2162 = EDGE_CURVE('',#2163,#2154,#2165,.T.);
#2163 = VERTEX_POINT('',#2164);
#2164 = CARTESIAN_POINT('',(12.836139220971,20.990379460597,11.5));
#2165 = LINE('',#2166,#2167);
#2166 = CARTESIAN_POINT('',(14.902567727195,19.674182959817,11.5));
#2167 = VECTOR('',#2168,1.);
#2168 = DIRECTION('',(0.843440206622,-0.537223061543,0.));
#2169 = ORIENTED_EDGE('',*,*,#2170,.T.);
#2170 = EDGE_CURVE('',#2163,#1941,#2171,.T.);
#2171 = CIRCLE('',#2172,2.05);
#2172 = AXIS2_PLACEMENT_3D('',#2173,#2174,#2175);
#2173 = CARTESIAN_POINT('',(12.141241190865,19.061748669659,11.5));
#2174 = DIRECTION('',(0.,0.,1.));
#2175 = DIRECTION('',(1.,0.,-0.));
#2176 = ORIENTED_EDGE('',*,*,#1948,.T.);
#2177 = FACE_BOUND('',#2178,.T.);
#2178 = EDGE_LOOP('',(#2179));
#2179 = ORIENTED_EDGE('',*,*,#2180,.F.);
#2180 = EDGE_CURVE('',#2181,#2181,#2183,.T.);
#2181 = VERTEX_POINT('',#2182);
#2182 = CARTESIAN_POINT('',(13.241241190865,19.061748669659,11.5));
#2183 = CIRCLE('',#2184,1.1);
#2184 = AXIS2_PLACEMENT_3D('',#2185,#2186,#2187);
#2185 = CARTESIAN_POINT('',(12.141241190865,19.061748669659,11.5));
#2186 = DIRECTION('',(0.,0.,1.));
#2187 = DIRECTION('',(1.,0.,-0.));
#2188 = PLANE('',#2189);
#2189 = AXIS2_PLACEMENT_3D('',#2190,#2191,#2192);
#2190 = CARTESIAN_POINT('',(12.141241190865,19.061748669659,11.5));
#2191 = DIRECTION('',(0.,0.,1.));
#2192 = DIRECTION('',(1.,0.,-0.));
#2193 = ADVANCED_FACE('',(#2194),#2244,.T.);
#2194 = FACE_BOUND('',#2195,.T.);
#2195 = EDGE_LOOP('',(#2196,#2197,#2205,#2213,#2221,#2229,#2237,#2243));
#2196 = ORIENTED_EDGE('',*,*,#2102,.F.);
#2197 = ORIENTED_EDGE('',*,*,#2198,.T.);
#2198 = EDGE_CURVE('',#2094,#2199,#2201,.T.);
#2199 = VERTEX_POINT('',#2200);
#2200 = CARTESIAN_POINT('',(6.329772631724,17.383439775564,14.3));
#2201 = LINE('',#2202,#2203);
#2202 = CARTESIAN_POINT('',(6.329772631724,17.383439775564,12.3));
#2203 = VECTOR('',#2204,1.);
#2204 = DIRECTION('',(0.,0.,1.));
#2205 = ORIENTED_EDGE('',*,*,#2206,.T.);
#2206 = EDGE_CURVE('',#2199,#2207,#2209,.T.);
#2207 = VERTEX_POINT('',#2208);
#2208 = CARTESIAN_POINT('',(8.982369588994,21.548016998478,14.3));
#2209 = LINE('',#2210,#2211);
#2210 = CARTESIAN_POINT('',(6.296254281281,17.330815965368,14.3));
#2211 = VECTOR('',#2212,1.);
#2212 = DIRECTION('',(0.537223061543,0.843440206622,0.));
#2213 = ORIENTED_EDGE('',*,*,#2214,.F.);
#2214 = EDGE_CURVE('',#2215,#2207,#2217,.T.);
#2215 = VERTEX_POINT('',#2216);
#2216 = CARTESIAN_POINT('',(8.982369588994,21.548016998478,12.5));
#2217 = LINE('',#2218,#2219);
#2218 = CARTESIAN_POINT('',(8.982369588994,21.548016998478,12.3));
#2219 = VECTOR('',#2220,1.);
#2220 = DIRECTION('',(0.,0.,1.));
#2221 = ORIENTED_EDGE('',*,*,#2222,.T.);
#2222 = EDGE_CURVE('',#2215,#2223,#2225,.T.);
#2223 = VERTEX_POINT('',#2224);
#2224 = CARTESIAN_POINT('',(9.841926487463,22.897521329074,12.5));
#2225 = LINE('',#2226,#2227);
#2226 = CARTESIAN_POINT('',(7.693034241292,19.523760502585,12.5));
#2227 = VECTOR('',#2228,1.);
#2228 = DIRECTION('',(0.537223061543,0.843440206622,0.));
#2229 = ORIENTED_EDGE('',*,*,#2230,.F.);
#2230 = EDGE_CURVE('',#2231,#2223,#2233,.T.);
#2231 = VERTEX_POINT('',#2232);
#2232 = CARTESIAN_POINT('',(9.841926487463,22.897521329074,9.));
#2233 = LINE('',#2234,#2235);
#2234 = CARTESIAN_POINT('',(9.841926487463,22.897521329074,9.));
#2235 = VECTOR('',#2236,1.);
#2236 = DIRECTION('',(0.,0.,1.));
#2237 = ORIENTED_EDGE('',*,*,#2238,.F.);
#2238 = EDGE_CURVE('',#1917,#2231,#2239,.T.);
#2239 = LINE('',#2240,#2241);
#2240 = CARTESIAN_POINT('',(7.693034241292,19.523760502585,9.));
#2241 = VECTOR('',#2242,1.);
#2242 = DIRECTION('',(0.537223061543,0.843440206622,0.));
#2243 = ORIENTED_EDGE('',*,*,#1924,.T.);
#2244 = PLANE('',#2245);
#2245 = AXIS2_PLACEMENT_3D('',#2246,#2247,#2248);
#2246 = CARTESIAN_POINT('',(8.210518363522,20.336210574486,
    11.882061526864));
#2247 = DIRECTION('',(-0.843440206622,0.537223061543,-1.403776413438E-16
    ));
#2248 = DIRECTION('',(-0.537223061543,-0.843440206622,0.));
#2249 = ADVANCED_FACE('',(#2250,#2261),#2272,.F.);
#2250 = FACE_BOUND('',#2251,.F.);
#2251 = EDGE_LOOP('',(#2252,#2253,#2254,#2260));
#2252 = ORIENTED_EDGE('',*,*,#1916,.F.);
#2253 = ORIENTED_EDGE('',*,*,#1987,.T.);
#2254 = ORIENTED_EDGE('',*,*,#2255,.T.);
#2255 = EDGE_CURVE('',#1988,#2231,#2256,.T.);
#2256 = LINE('',#2257,#2258);
#2257 = CARTESIAN_POINT('',(16.589448140439,18.599736836732,9.));
#2258 = VECTOR('',#2259,1.);
#2259 = DIRECTION('',(-0.843440206622,0.537223061543,0.));
#2260 = ORIENTED_EDGE('',*,*,#2238,.F.);
#2261 = FACE_BOUND('',#2262,.F.);
#2262 = EDGE_LOOP('',(#2263));
#2263 = ORIENTED_EDGE('',*,*,#2264,.F.);
#2264 = EDGE_CURVE('',#2265,#2265,#2267,.T.);
#2265 = VERTEX_POINT('',#2266);
#2266 = CARTESIAN_POINT('',(13.241241190865,19.061748669659,9.));
#2267 = CIRCLE('',#2268,1.1);
#2268 = AXIS2_PLACEMENT_3D('',#2269,#2270,#2271);
#2269 = CARTESIAN_POINT('',(12.141241190865,19.061748669659,9.));
#2270 = DIRECTION('',(0.,0.,1.));
#2271 = DIRECTION('',(1.,0.,-0.));
#2272 = PLANE('',#2273);
#2273 = AXIS2_PLACEMENT_3D('',#2274,#2275,#2276);
#2274 = CARTESIAN_POINT('',(14.440555894268,15.225976010244,9.));
#2275 = DIRECTION('',(0.,0.,1.));
#2276 = DIRECTION('',(0.537223061543,0.843440206622,0.));
#2277 = ADVANCED_FACE('',(#2278),#2312,.T.);
#2278 = FACE_BOUND('',#2279,.T.);
#2279 = EDGE_LOOP('',(#2280,#2288,#2289,#2290,#2291,#2299,#2305,#2306));
#2280 = ORIENTED_EDGE('',*,*,#2281,.F.);
#2281 = EDGE_CURVE('',#1996,#2282,#2284,.T.);
#2282 = VERTEX_POINT('',#2283);
#2283 = CARTESIAN_POINT('',(13.595235406931,20.506878705209,12.5));
#2284 = LINE('',#2285,#2286);
#2285 = CARTESIAN_POINT('',(16.589448140439,18.599736836732,12.5));
#2286 = VECTOR('',#2287,1.);
#2287 = DIRECTION('',(-0.843440206622,0.537223061543,0.));
#2288 = ORIENTED_EDGE('',*,*,#1995,.F.);
#2289 = ORIENTED_EDGE('',*,*,#2255,.T.);
#2290 = ORIENTED_EDGE('',*,*,#2230,.T.);
#2291 = ORIENTED_EDGE('',*,*,#2292,.F.);
#2292 = EDGE_CURVE('',#2293,#2223,#2295,.T.);
#2293 = VERTEX_POINT('',#2294);
#2294 = CARTESIAN_POINT('',(12.836139220971,20.990379460597,12.5));
#2295 = LINE('',#2296,#2297);
#2296 = CARTESIAN_POINT('',(16.589448140439,18.599736836732,12.5));
#2297 = VECTOR('',#2298,1.);
#2298 = DIRECTION('',(-0.843440206622,0.537223061543,0.));
#2299 = ORIENTED_EDGE('',*,*,#2300,.F.);
#2300 = EDGE_CURVE('',#2163,#2293,#2301,.T.);
#2301 = LINE('',#2302,#2303);
#2302 = CARTESIAN_POINT('',(12.836139220971,20.990379460597,11.5));
#2303 = VECTOR('',#2304,1.);
#2304 = DIRECTION('',(0.,0.,1.));
#2305 = ORIENTED_EDGE('',*,*,#2162,.T.);
#2306 = ORIENTED_EDGE('',*,*,#2307,.T.);
#2307 = EDGE_CURVE('',#2154,#2282,#2308,.T.);
#2308 = LINE('',#2309,#2310);
#2309 = CARTESIAN_POINT('',(13.595235406931,20.506878705209,11.5));
#2310 = VECTOR('',#2311,1.);
#2311 = DIRECTION('',(0.,0.,1.));
#2312 = PLANE('',#2313);
#2313 = AXIS2_PLACEMENT_3D('',#2314,#2315,#2316);
#2314 = CARTESIAN_POINT('',(16.589448140439,18.599736836732,9.));
#2315 = DIRECTION('',(0.537223061543,0.843440206622,0.));
#2316 = DIRECTION('',(0.,0.,1.));
#2317 = ADVANCED_FACE('',(#2318),#2346,.T.);
#2318 = FACE_BOUND('',#2319,.T.);
#2319 = EDGE_LOOP('',(#2320,#2328,#2329,#2330,#2339));
#2320 = ORIENTED_EDGE('',*,*,#2321,.F.);
#2321 = EDGE_CURVE('',#2004,#2322,#2324,.T.);
#2322 = VERTEX_POINT('',#2323);
#2323 = CARTESIAN_POINT('',(14.051948702425,18.318985716039,12.5));
#2324 = LINE('',#2325,#2326);
#2325 = CARTESIAN_POINT('',(15.729891241971,17.250232506137,12.5));
#2326 = VECTOR('',#2327,1.);
#2327 = DIRECTION('',(-0.843440206622,0.537223061543,0.));
#2328 = ORIENTED_EDGE('',*,*,#2003,.T.);
#2329 = ORIENTED_EDGE('',*,*,#2281,.T.);
#2330 = ORIENTED_EDGE('',*,*,#2331,.F.);
#2331 = EDGE_CURVE('',#2332,#2282,#2334,.T.);
#2332 = VERTEX_POINT('',#2333);
#2333 = CARTESIAN_POINT('',(14.191241190865,19.061748669659,12.5));
#2334 = CIRCLE('',#2335,2.05);
#2335 = AXIS2_PLACEMENT_3D('',#2336,#2337,#2338);
#2336 = CARTESIAN_POINT('',(12.141241190865,19.061748669659,12.5));
#2337 = DIRECTION('',(0.,0.,1.));
#2338 = DIRECTION('',(1.,0.,-0.));
#2339 = ORIENTED_EDGE('',*,*,#2340,.F.);
#2340 = EDGE_CURVE('',#2322,#2332,#2341,.T.);
#2341 = CIRCLE('',#2342,2.05);
#2342 = AXIS2_PLACEMENT_3D('',#2343,#2344,#2345);
#2343 = CARTESIAN_POINT('',(12.141241190865,19.061748669659,12.5));
#2344 = DIRECTION('',(0.,0.,1.));
#2345 = DIRECTION('',(1.,0.,-0.));
#2346 = PLANE('',#2347);
#2347 = AXIS2_PLACEMENT_3D('',#2348,#2349,#2350);
#2348 = CARTESIAN_POINT('',(14.440555894268,15.225976010244,12.5));
#2349 = DIRECTION('',(0.,0.,1.));
#2350 = DIRECTION('',(0.537223061543,0.843440206622,0.));
#2351 = ADVANCED_FACE('',(#2352),#2370,.T.);
#2352 = FACE_BOUND('',#2353,.T.);
#2353 = EDGE_LOOP('',(#2354,#2355,#2356,#2364));
#2354 = ORIENTED_EDGE('',*,*,#2011,.F.);
#2355 = ORIENTED_EDGE('',*,*,#2321,.T.);
#2356 = ORIENTED_EDGE('',*,*,#2357,.T.);
#2357 = EDGE_CURVE('',#2322,#2358,#2360,.T.);
#2358 = VERTEX_POINT('',#2359);
#2359 = CARTESIAN_POINT('',(14.051948702425,18.318985716039,14.3));
#2360 = LINE('',#2361,#2362);
#2361 = CARTESIAN_POINT('',(14.051948702425,18.318985716039,11.5));
#2362 = VECTOR('',#2363,1.);
#2363 = DIRECTION('',(0.,0.,1.));
#2364 = ORIENTED_EDGE('',*,*,#2365,.F.);
#2365 = EDGE_CURVE('',#2012,#2358,#2366,.T.);
#2366 = LINE('',#2367,#2368);
#2367 = CARTESIAN_POINT('',(15.729891241971,17.250232506137,14.3));
#2368 = VECTOR('',#2369,1.);
#2369 = DIRECTION('',(-0.843440206622,0.537223061543,0.));
#2370 = PLANE('',#2371);
#2371 = AXIS2_PLACEMENT_3D('',#2372,#2373,#2374);
#2372 = CARTESIAN_POINT('',(15.729891241971,17.250232506137,12.3));
#2373 = DIRECTION('',(0.537223061543,0.843440206622,0.));
#2374 = DIRECTION('',(0.,0.,1.));
#2375 = ADVANCED_FACE('',(#2376),#2414,.T.);
#2376 = FACE_BOUND('',#2377,.T.);
#2377 = EDGE_LOOP('',(#2378,#2387,#2388,#2389,#2398,#2407));
#2378 = ORIENTED_EDGE('',*,*,#2379,.F.);
#2379 = EDGE_CURVE('',#2020,#2380,#2382,.T.);
#2380 = VERTEX_POINT('',#2381);
#2381 = CARTESIAN_POINT('',(12.470044794005,13.665576564328,14.3));
#2382 = CIRCLE('',#2383,18.5);
#2383 = AXIS2_PLACEMENT_3D('',#2384,#2385,#2386);
#2384 = CARTESIAN_POINT('',(0.,0.,14.3));
#2385 = DIRECTION('',(0.,0.,1.));
#2386 = DIRECTION('',(1.,0.,-0.));
#2387 = ORIENTED_EDGE('',*,*,#2019,.T.);
#2388 = ORIENTED_EDGE('',*,*,#2365,.T.);
#2389 = ORIENTED_EDGE('',*,*,#2390,.F.);
#2390 = EDGE_CURVE('',#2391,#2358,#2393,.T.);
#2391 = VERTEX_POINT('',#2392);
#2392 = CARTESIAN_POINT('',(12.857258614016,17.140858498476,14.3));
#2393 = CIRCLE('',#2394,2.05);
#2394 = AXIS2_PLACEMENT_3D('',#2395,#2396,#2397);
#2395 = CARTESIAN_POINT('',(12.141241190865,19.061748669659,14.3));
#2396 = DIRECTION('',(0.,0.,1.));
#2397 = DIRECTION('',(1.,0.,-0.));
#2398 = ORIENTED_EDGE('',*,*,#2399,.F.);
#2399 = EDGE_CURVE('',#2400,#2391,#2402,.T.);
#2400 = VERTEX_POINT('',#2401);
#2401 = CARTESIAN_POINT('',(13.2,15.7,14.3));
#2402 = CIRCLE('',#2403,3.2);
#2403 = AXIS2_PLACEMENT_3D('',#2404,#2405,#2406);
#2404 = CARTESIAN_POINT('',(10.,15.7,14.3));
#2405 = DIRECTION('',(0.,0.,1.));
#2406 = DIRECTION('',(1.,0.,-0.));
#2407 = ORIENTED_EDGE('',*,*,#2408,.F.);
#2408 = EDGE_CURVE('',#2380,#2400,#2409,.T.);
#2409 = CIRCLE('',#2410,3.2);
#2410 = AXIS2_PLACEMENT_3D('',#2411,#2412,#2413);
#2411 = CARTESIAN_POINT('',(10.,15.7,14.3));
#2412 = DIRECTION('',(0.,0.,1.));
#2413 = DIRECTION('',(1.,0.,-0.));
#2414 = PLANE('',#2415);
#2415 = AXIS2_PLACEMENT_3D('',#2416,#2417,#2418);
#2416 = CARTESIAN_POINT('',(13.043775934257,13.033031473026,14.3));
#2417 = DIRECTION('',(0.,0.,1.));
#2418 = DIRECTION('',(0.537223061543,0.843440206622,0.));
#2419 = ADVANCED_FACE('',(#2420),#2475,.T.);
#2420 = FACE_BOUND('',#2421,.T.);
#2421 = EDGE_LOOP('',(#2422,#2423,#2424,#2425,#2433,#2442,#2451,#2459,
    #2468,#2474));
#2422 = ORIENTED_EDGE('',*,*,#2118,.T.);
#2423 = ORIENTED_EDGE('',*,*,#2027,.T.);
#2424 = ORIENTED_EDGE('',*,*,#2379,.T.);
#2425 = ORIENTED_EDGE('',*,*,#2426,.T.);
#2426 = EDGE_CURVE('',#2380,#2427,#2429,.T.);
#2427 = VERTEX_POINT('',#2428);
#2428 = CARTESIAN_POINT('',(12.470044794005,13.665576564328,14.8));
#2429 = LINE('',#2430,#2431);
#2430 = CARTESIAN_POINT('',(12.470044794005,13.665576564328,12.3));
#2431 = VECTOR('',#2432,1.);
#2432 = DIRECTION('',(0.,0.,1.));
#2433 = ORIENTED_EDGE('',*,*,#2434,.F.);
#2434 = EDGE_CURVE('',#2435,#2427,#2437,.T.);
#2435 = VERTEX_POINT('',#2436);
#2436 = CARTESIAN_POINT('',(18.5,-4.531193156845E-15,14.8));
#2437 = CIRCLE('',#2438,18.5);
#2438 = AXIS2_PLACEMENT_3D('',#2439,#2440,#2441);
#2439 = CARTESIAN_POINT('',(0.,0.,14.8));
#2440 = DIRECTION('',(0.,0.,1.));
#2441 = DIRECTION('',(1.,0.,-0.));
#2442 = ORIENTED_EDGE('',*,*,#2443,.F.);
#2443 = EDGE_CURVE('',#2444,#2435,#2446,.T.);
#2444 = VERTEX_POINT('',#2445);
#2445 = CARTESIAN_POINT('',(-7.112049927344,-17.07831214818,14.8));
#2446 = CIRCLE('',#2447,18.5);
#2447 = AXIS2_PLACEMENT_3D('',#2448,#2449,#2450);
#2448 = CARTESIAN_POINT('',(0.,0.,14.8));
#2449 = DIRECTION('',(0.,0.,1.));
#2450 = DIRECTION('',(1.,0.,-0.));
#2451 = ORIENTED_EDGE('',*,*,#2452,.F.);
#2452 = EDGE_CURVE('',#2453,#2444,#2455,.T.);
#2453 = VERTEX_POINT('',#2454);
#2454 = CARTESIAN_POINT('',(-7.112049927344,-17.07831214818,14.3));
#2455 = LINE('',#2456,#2457);
#2456 = CARTESIAN_POINT('',(-7.112049927344,-17.07831214818,12.3));
#2457 = VECTOR('',#2458,1.);
#2458 = DIRECTION('',(0.,0.,1.));
#2459 = ORIENTED_EDGE('',*,*,#2460,.T.);
#2460 = EDGE_CURVE('',#2453,#2461,#2463,.T.);
#2461 = VERTEX_POINT('',#2462);
#2462 = CARTESIAN_POINT('',(-6.329772631724,-17.38343977556,14.3));
#2463 = CIRCLE('',#2464,18.5);
#2464 = AXIS2_PLACEMENT_3D('',#2465,#2466,#2467);
#2465 = CARTESIAN_POINT('',(0.,0.,14.3));
#2466 = DIRECTION('',(0.,0.,1.));
#2467 = DIRECTION('',(1.,0.,-0.));
#2468 = ORIENTED_EDGE('',*,*,#2469,.F.);
#2469 = EDGE_CURVE('',#2042,#2461,#2470,.T.);
#2470 = LINE('',#2471,#2472);
#2471 = CARTESIAN_POINT('',(-6.329772631724,-17.38343977556,12.3));
#2472 = VECTOR('',#2473,1.);
#2473 = DIRECTION('',(0.,0.,1.));
#2474 = ORIENTED_EDGE('',*,*,#2041,.T.);
#2475 = CYLINDRICAL_SURFACE('',#2476,18.5);
#2476 = AXIS2_PLACEMENT_3D('',#2477,#2478,#2479);
#2477 = CARTESIAN_POINT('',(0.,0.,12.3));
#2478 = DIRECTION('',(0.,0.,1.));
#2479 = DIRECTION('',(1.,0.,-0.));
#2480 = ADVANCED_FACE('',(#2481),#2534,.T.);
#2481 = FACE_BOUND('',#2482,.T.);
#2482 = EDGE_LOOP('',(#2483,#2494,#2502,#2509,#2510,#2511,#2519,#2528));
#2483 = ORIENTED_EDGE('',*,*,#2484,.F.);
#2484 = EDGE_CURVE('',#2485,#2487,#2489,.T.);
#2485 = VERTEX_POINT('',#2486);
#2486 = CARTESIAN_POINT('',(7.112049927344,17.078312148189,14.8));
#2487 = VERTEX_POINT('',#2488);
#2488 = CARTESIAN_POINT('',(-12.470044794,-13.66557656432,14.8));
#2489 = CIRCLE('',#2490,18.5);
#2490 = AXIS2_PLACEMENT_3D('',#2491,#2492,#2493);
#2491 = CARTESIAN_POINT('',(0.,0.,14.8));
#2492 = DIRECTION('',(0.,0.,1.));
#2493 = DIRECTION('',(1.,0.,-0.));
#2494 = ORIENTED_EDGE('',*,*,#2495,.F.);
#2495 = EDGE_CURVE('',#2496,#2485,#2498,.T.);
#2496 = VERTEX_POINT('',#2497);
#2497 = CARTESIAN_POINT('',(7.112049927344,17.078312148189,14.3));
#2498 = LINE('',#2499,#2500);
#2499 = CARTESIAN_POINT('',(7.112049927344,17.078312148189,12.3));
#2500 = VECTOR('',#2501,1.);
#2501 = DIRECTION('',(0.,0.,1.));
#2502 = ORIENTED_EDGE('',*,*,#2503,.T.);
#2503 = EDGE_CURVE('',#2496,#2199,#2504,.T.);
#2504 = CIRCLE('',#2505,18.5);
#2505 = AXIS2_PLACEMENT_3D('',#2506,#2507,#2508);
#2506 = CARTESIAN_POINT('',(0.,0.,14.3));
#2507 = DIRECTION('',(0.,0.,1.));
#2508 = DIRECTION('',(1.,0.,-0.));
#2509 = ORIENTED_EDGE('',*,*,#2198,.F.);
#2510 = ORIENTED_EDGE('',*,*,#2093,.T.);
#2511 = ORIENTED_EDGE('',*,*,#2512,.T.);
#2512 = EDGE_CURVE('',#2086,#2513,#2515,.T.);
#2513 = VERTEX_POINT('',#2514);
#2514 = CARTESIAN_POINT('',(-13.0772942847,-13.08565528322,14.3));
#2515 = LINE('',#2516,#2517);
#2516 = CARTESIAN_POINT('',(-13.0772942847,-13.08565528322,12.3));
#2517 = VECTOR('',#2518,1.);
#2518 = DIRECTION('',(0.,0.,1.));
#2519 = ORIENTED_EDGE('',*,*,#2520,.T.);
#2520 = EDGE_CURVE('',#2513,#2521,#2523,.T.);
#2521 = VERTEX_POINT('',#2522);
#2522 = CARTESIAN_POINT('',(-12.470044794,-13.66557656432,14.3));
#2523 = CIRCLE('',#2524,18.5);
#2524 = AXIS2_PLACEMENT_3D('',#2525,#2526,#2527);
#2525 = CARTESIAN_POINT('',(0.,0.,14.3));
#2526 = DIRECTION('',(0.,0.,1.));
#2527 = DIRECTION('',(1.,0.,-0.));
#2528 = ORIENTED_EDGE('',*,*,#2529,.T.);
#2529 = EDGE_CURVE('',#2521,#2487,#2530,.T.);
#2530 = LINE('',#2531,#2532);
#2531 = CARTESIAN_POINT('',(-12.470044794,-13.66557656432,12.3));
#2532 = VECTOR('',#2533,1.);
#2533 = DIRECTION('',(0.,0.,1.));
#2534 = CYLINDRICAL_SURFACE('',#2535,18.5);
#2535 = AXIS2_PLACEMENT_3D('',#2536,#2537,#2538);
#2536 = CARTESIAN_POINT('',(0.,0.,12.3));
#2537 = DIRECTION('',(0.,0.,1.));
#2538 = DIRECTION('',(1.,0.,-0.));
#2539 = ADVANCED_FACE('',(#2540),#2590,.T.);
#2540 = FACE_BOUND('',#2541,.T.);
#2541 = EDGE_LOOP('',(#2542,#2543,#2551,#2559,#2567,#2575,#2583,#2589));
#2542 = ORIENTED_EDGE('',*,*,#2085,.T.);
#2543 = ORIENTED_EDGE('',*,*,#2544,.F.);
#2544 = EDGE_CURVE('',#2545,#2078,#2547,.T.);
#2545 = VERTEX_POINT('',#2546);
#2546 = CARTESIAN_POINT('',(-14.44055589426,-15.22597601024,9.));
#2547 = LINE('',#2548,#2549);
#2548 = CARTESIAN_POINT('',(-14.44055589426,-15.22597601024,9.));
#2549 = VECTOR('',#2550,1.);
#2550 = DIRECTION('',(0.,0.,1.));
#2551 = ORIENTED_EDGE('',*,*,#2552,.T.);
#2552 = EDGE_CURVE('',#2545,#2553,#2555,.T.);
#2553 = VERTEX_POINT('',#2554);
#2554 = CARTESIAN_POINT('',(-16.58944814043,-18.59973683673,9.));
#2555 = LINE('',#2556,#2557);
#2556 = CARTESIAN_POINT('',(-14.44055589426,-15.22597601024,9.));
#2557 = VECTOR('',#2558,1.);
#2558 = DIRECTION('',(-0.537223061543,-0.843440206622,0.));
#2559 = ORIENTED_EDGE('',*,*,#2560,.T.);
#2560 = EDGE_CURVE('',#2553,#2561,#2563,.T.);
#2561 = VERTEX_POINT('',#2562);
#2562 = CARTESIAN_POINT('',(-16.58944814043,-18.59973683673,12.5));
#2563 = LINE('',#2564,#2565);
#2564 = CARTESIAN_POINT('',(-16.58944814043,-18.59973683673,9.));
#2565 = VECTOR('',#2566,1.);
#2566 = DIRECTION('',(0.,0.,1.));
#2567 = ORIENTED_EDGE('',*,*,#2568,.F.);
#2568 = EDGE_CURVE('',#2569,#2561,#2571,.T.);
#2569 = VERTEX_POINT('',#2570);
#2570 = CARTESIAN_POINT('',(-15.72989124197,-17.25023250613,12.5));
#2571 = LINE('',#2572,#2573);
#2572 = CARTESIAN_POINT('',(-14.44055589426,-15.22597601024,12.5));
#2573 = VECTOR('',#2574,1.);
#2574 = DIRECTION('',(-0.537223061543,-0.843440206622,0.));
#2575 = ORIENTED_EDGE('',*,*,#2576,.T.);
#2576 = EDGE_CURVE('',#2569,#2577,#2579,.T.);
#2577 = VERTEX_POINT('',#2578);
#2578 = CARTESIAN_POINT('',(-15.72989124197,-17.25023250613,14.3));
#2579 = LINE('',#2580,#2581);
#2580 = CARTESIAN_POINT('',(-15.72989124197,-17.25023250613,12.3));
#2581 = VECTOR('',#2582,1.);
#2582 = DIRECTION('',(0.,0.,1.));
#2583 = ORIENTED_EDGE('',*,*,#2584,.F.);
#2584 = EDGE_CURVE('',#2513,#2577,#2585,.T.);
#2585 = LINE('',#2586,#2587);
#2586 = CARTESIAN_POINT('',(-13.04377593425,-13.03303147302,14.3));
#2587 = VECTOR('',#2588,1.);
#2588 = DIRECTION('',(-0.537223061543,-0.843440206622,0.));
#2589 = ORIENTED_EDGE('',*,*,#2512,.F.);
#2590 = PLANE('',#2591);
#2591 = AXIS2_PLACEMENT_3D('',#2592,#2593,#2594);
#2592 = CARTESIAN_POINT('',(-14.95804001649,-16.03842608214,
    11.882061526864));
#2593 = DIRECTION('',(-0.843440206622,0.537223061543,-0.));
#2594 = DIRECTION('',(-0.537223061543,-0.843440206622,0.));
#2595 = ADVANCED_FACE('',(#2596),#2637,.F.);
#2596 = FACE_BOUND('',#2597,.F.);
#2597 = EDGE_LOOP('',(#2598,#2599,#2607,#2613,#2614,#2622,#2630,#2636));
#2598 = ORIENTED_EDGE('',*,*,#2544,.F.);
#2599 = ORIENTED_EDGE('',*,*,#2600,.T.);
#2600 = EDGE_CURVE('',#2545,#2601,#2603,.T.);
#2601 = VERTEX_POINT('',#2602);
#2602 = CARTESIAN_POINT('',(-7.693034241292,-19.52376050258,9.));
#2603 = LINE('',#2604,#2605);
#2604 = CARTESIAN_POINT('',(-14.44055589426,-15.22597601024,9.));
#2605 = VECTOR('',#2606,1.);
#2606 = DIRECTION('',(0.843440206622,-0.537223061543,0.));
#2607 = ORIENTED_EDGE('',*,*,#2608,.T.);
#2608 = EDGE_CURVE('',#2601,#2053,#2609,.T.);
#2609 = LINE('',#2610,#2611);
#2610 = CARTESIAN_POINT('',(-7.693034241292,-19.52376050258,9.));
#2611 = VECTOR('',#2612,1.);
#2612 = DIRECTION('',(0.,0.,1.));
#2613 = ORIENTED_EDGE('',*,*,#2060,.T.);
#2614 = ORIENTED_EDGE('',*,*,#2615,.F.);
#2615 = EDGE_CURVE('',#2616,#2061,#2618,.T.);
#2616 = VERTEX_POINT('',#2617);
#2617 = CARTESIAN_POINT('',(-10.6872469748,-17.6166186341,11.5));
#2618 = LINE('',#2619,#2620);
#2619 = CARTESIAN_POINT('',(-10.6872469748,-17.6166186341,11.5));
#2620 = VECTOR('',#2621,1.);
#2621 = DIRECTION('',(0.,0.,1.));
#2622 = ORIENTED_EDGE('',*,*,#2623,.T.);
#2623 = EDGE_CURVE('',#2616,#2624,#2626,.T.);
#2624 = VERTEX_POINT('',#2625);
#2625 = CARTESIAN_POINT('',(-11.44634316076,-17.13311787872,11.5));
#2626 = LINE('',#2627,#2628);
#2627 = CARTESIAN_POINT('',(-12.75367548102,-16.30042213332,11.5));
#2628 = VECTOR('',#2629,1.);
#2629 = DIRECTION('',(-0.843440206622,0.537223061543,0.));
#2630 = ORIENTED_EDGE('',*,*,#2631,.T.);
#2631 = EDGE_CURVE('',#2624,#2069,#2632,.T.);
#2632 = LINE('',#2633,#2634);
#2633 = CARTESIAN_POINT('',(-11.44634316076,-17.13311787872,11.5));
#2634 = VECTOR('',#2635,1.);
#2635 = DIRECTION('',(0.,0.,1.));
#2636 = ORIENTED_EDGE('',*,*,#2077,.T.);
#2637 = PLANE('',#2638);
#2638 = AXIS2_PLACEMENT_3D('',#2639,#2640,#2641);
#2639 = CARTESIAN_POINT('',(-14.44055589426,-15.22597601024,9.));
#2640 = DIRECTION('',(-0.537223061543,-0.843440206622,0.));
#2641 = DIRECTION('',(0.,0.,1.));
#2642 = ADVANCED_FACE('',(#2643),#2686,.T.);
#2643 = FACE_BOUND('',#2644,.T.);
#2644 = EDGE_LOOP('',(#2645,#2646,#2647,#2655,#2663,#2671,#2679,#2685));
#2645 = ORIENTED_EDGE('',*,*,#2052,.F.);
#2646 = ORIENTED_EDGE('',*,*,#2469,.T.);
#2647 = ORIENTED_EDGE('',*,*,#2648,.T.);
#2648 = EDGE_CURVE('',#2461,#2649,#2651,.T.);
#2649 = VERTEX_POINT('',#2650);
#2650 = CARTESIAN_POINT('',(-8.982369588994,-21.54801699847,14.3));
#2651 = LINE('',#2652,#2653);
#2652 = CARTESIAN_POINT('',(-6.296254281281,-17.33081596536,14.3));
#2653 = VECTOR('',#2654,1.);
#2654 = DIRECTION('',(-0.537223061543,-0.843440206622,0.));
#2655 = ORIENTED_EDGE('',*,*,#2656,.F.);
#2656 = EDGE_CURVE('',#2657,#2649,#2659,.T.);
#2657 = VERTEX_POINT('',#2658);
#2658 = CARTESIAN_POINT('',(-8.982369588994,-21.54801699847,12.5));
#2659 = LINE('',#2660,#2661);
#2660 = CARTESIAN_POINT('',(-8.982369588994,-21.54801699847,12.3));
#2661 = VECTOR('',#2662,1.);
#2662 = DIRECTION('',(0.,0.,1.));
#2663 = ORIENTED_EDGE('',*,*,#2664,.T.);
#2664 = EDGE_CURVE('',#2657,#2665,#2667,.T.);
#2665 = VERTEX_POINT('',#2666);
#2666 = CARTESIAN_POINT('',(-9.841926487463,-22.89752132907,12.5));
#2667 = LINE('',#2668,#2669);
#2668 = CARTESIAN_POINT('',(-7.693034241292,-19.52376050258,12.5));
#2669 = VECTOR('',#2670,1.);
#2670 = DIRECTION('',(-0.537223061543,-0.843440206622,0.));
#2671 = ORIENTED_EDGE('',*,*,#2672,.F.);
#2672 = EDGE_CURVE('',#2673,#2665,#2675,.T.);
#2673 = VERTEX_POINT('',#2674);
#2674 = CARTESIAN_POINT('',(-9.841926487463,-22.89752132907,9.));
#2675 = LINE('',#2676,#2677);
#2676 = CARTESIAN_POINT('',(-9.841926487463,-22.89752132907,9.));
#2677 = VECTOR('',#2678,1.);
#2678 = DIRECTION('',(0.,0.,1.));
#2679 = ORIENTED_EDGE('',*,*,#2680,.F.);
#2680 = EDGE_CURVE('',#2601,#2673,#2681,.T.);
#2681 = LINE('',#2682,#2683);
#2682 = CARTESIAN_POINT('',(-7.693034241292,-19.52376050258,9.));
#2683 = VECTOR('',#2684,1.);
#2684 = DIRECTION('',(-0.537223061543,-0.843440206622,0.));
#2685 = ORIENTED_EDGE('',*,*,#2608,.T.);
#2686 = PLANE('',#2687);
#2687 = AXIS2_PLACEMENT_3D('',#2688,#2689,#2690);
#2688 = CARTESIAN_POINT('',(-8.210518363522,-20.33621057448,
    11.882061526864));
#2689 = DIRECTION('',(0.843440206622,-0.537223061543,0.));
#2690 = DIRECTION('',(0.537223061543,0.843440206622,0.));
#2691 = ADVANCED_FACE('',(#2692),#2711,.F.);
#2692 = FACE_BOUND('',#2693,.F.);
#2693 = EDGE_LOOP('',(#2694,#2703,#2709,#2710));
#2694 = ORIENTED_EDGE('',*,*,#2695,.F.);
#2695 = EDGE_CURVE('',#2696,#2696,#2698,.T.);
#2696 = VERTEX_POINT('',#2697);
#2697 = CARTESIAN_POINT('',(11.4,-2.792194702056E-15,14.8));
#2698 = CIRCLE('',#2699,11.4);
#2699 = AXIS2_PLACEMENT_3D('',#2700,#2701,#2702);
#2700 = CARTESIAN_POINT('',(0.,0.,14.8));
#2701 = DIRECTION('',(0.,0.,1.));
#2702 = DIRECTION('',(1.,0.,-0.));
#2703 = ORIENTED_EDGE('',*,*,#2704,.F.);
#2704 = EDGE_CURVE('',#2128,#2696,#2705,.T.);
#2705 = LINE('',#2706,#2707);
#2706 = CARTESIAN_POINT('',(11.4,-2.792194702056E-15,12.3));
#2707 = VECTOR('',#2708,1.);
#2708 = DIRECTION('',(0.,0.,1.));
#2709 = ORIENTED_EDGE('',*,*,#2127,.T.);
#2710 = ORIENTED_EDGE('',*,*,#2704,.T.);
#2711 = CYLINDRICAL_SURFACE('',#2712,11.4);
#2712 = AXIS2_PLACEMENT_3D('',#2713,#2714,#2715);
#2713 = CARTESIAN_POINT('',(0.,0.,12.3));
#2714 = DIRECTION('',(0.,0.,1.));
#2715 = DIRECTION('',(1.,0.,-0.));
#2716 = ADVANCED_FACE('',(#2717),#2778,.T.);
#2717 = FACE_BOUND('',#2718,.T.);
#2718 = EDGE_LOOP('',(#2719,#2720,#2721,#2729,#2736,#2737,#2738,#2746,
    #2755,#2763,#2770,#2771));
#2719 = ORIENTED_EDGE('',*,*,#2426,.F.);
#2720 = ORIENTED_EDGE('',*,*,#2408,.T.);
#2721 = ORIENTED_EDGE('',*,*,#2722,.T.);
#2722 = EDGE_CURVE('',#2400,#2723,#2725,.T.);
#2723 = VERTEX_POINT('',#2724);
#2724 = CARTESIAN_POINT('',(13.2,15.7,20.5));
#2725 = LINE('',#2726,#2727);
#2726 = CARTESIAN_POINT('',(13.2,15.7,14.));
#2727 = VECTOR('',#2728,1.);
#2728 = DIRECTION('',(0.,0.,1.));
#2729 = ORIENTED_EDGE('',*,*,#2730,.F.);
#2730 = EDGE_CURVE('',#2723,#2723,#2731,.T.);
#2731 = CIRCLE('',#2732,3.2);
#2732 = AXIS2_PLACEMENT_3D('',#2733,#2734,#2735);
#2733 = CARTESIAN_POINT('',(10.,15.7,20.5));
#2734 = DIRECTION('',(0.,0.,1.));
#2735 = DIRECTION('',(1.,0.,-0.));
#2736 = ORIENTED_EDGE('',*,*,#2722,.F.);
#2737 = ORIENTED_EDGE('',*,*,#2399,.T.);
#2738 = ORIENTED_EDGE('',*,*,#2739,.T.);
#2739 = EDGE_CURVE('',#2391,#2740,#2742,.T.);
#2740 = VERTEX_POINT('',#2741);
#2741 = CARTESIAN_POINT('',(12.857258614016,17.140858498476,15.5));
#2742 = LINE('',#2743,#2744);
#2743 = CARTESIAN_POINT('',(12.857258614016,17.140858498476,14.));
#2744 = VECTOR('',#2745,1.);
#2745 = DIRECTION('',(0.,0.,1.));
#2746 = ORIENTED_EDGE('',*,*,#2747,.T.);
#2747 = EDGE_CURVE('',#2740,#2748,#2750,.T.);
#2748 = VERTEX_POINT('',#2749);
#2749 = CARTESIAN_POINT('',(10.097751029335,18.898506641585,15.5));
#2750 = CIRCLE('',#2751,3.2);
#2751 = AXIS2_PLACEMENT_3D('',#2752,#2753,#2754);
#2752 = CARTESIAN_POINT('',(10.,15.7,15.5));
#2753 = DIRECTION('',(0.,0.,1.));
#2754 = DIRECTION('',(1.,0.,-0.));
#2755 = ORIENTED_EDGE('',*,*,#2756,.F.);
#2756 = EDGE_CURVE('',#2757,#2748,#2759,.T.);
#2757 = VERTEX_POINT('',#2758);
#2758 = CARTESIAN_POINT('',(10.097751029335,18.898506641585,14.3));
#2759 = LINE('',#2760,#2761);
#2760 = CARTESIAN_POINT('',(10.097751029335,18.898506641585,14.));
#2761 = VECTOR('',#2762,1.);
#2762 = DIRECTION('',(0.,0.,1.));
#2763 = ORIENTED_EDGE('',*,*,#2764,.T.);
#2764 = EDGE_CURVE('',#2757,#2496,#2765,.T.);
#2765 = CIRCLE('',#2766,3.2);
#2766 = AXIS2_PLACEMENT_3D('',#2767,#2768,#2769);
#2767 = CARTESIAN_POINT('',(10.,15.7,14.3));
#2768 = DIRECTION('',(0.,0.,1.));
#2769 = DIRECTION('',(1.,0.,-0.));
#2770 = ORIENTED_EDGE('',*,*,#2495,.T.);
#2771 = ORIENTED_EDGE('',*,*,#2772,.T.);
#2772 = EDGE_CURVE('',#2485,#2427,#2773,.T.);
#2773 = CIRCLE('',#2774,3.2);
#2774 = AXIS2_PLACEMENT_3D('',#2775,#2776,#2777);
#2775 = CARTESIAN_POINT('',(10.,15.7,14.8));
#2776 = DIRECTION('',(0.,0.,1.));
#2777 = DIRECTION('',(1.,0.,-0.));
#2778 = CYLINDRICAL_SURFACE('',#2779,3.2);
#2779 = AXIS2_PLACEMENT_3D('',#2780,#2781,#2782);
#2780 = CARTESIAN_POINT('',(10.,15.7,14.));
#2781 = DIRECTION('',(0.,0.,1.));
#2782 = DIRECTION('',(1.,0.,-0.));
#2783 = ADVANCED_FACE('',(#2784),#2794,.F.);
#2784 = FACE_BOUND('',#2785,.F.);
#2785 = EDGE_LOOP('',(#2786,#2787));
#2786 = ORIENTED_EDGE('',*,*,#2747,.T.);
#2787 = ORIENTED_EDGE('',*,*,#2788,.T.);
#2788 = EDGE_CURVE('',#2748,#2740,#2789,.T.);
#2789 = CIRCLE('',#2790,2.05);
#2790 = AXIS2_PLACEMENT_3D('',#2791,#2792,#2793);
#2791 = CARTESIAN_POINT('',(12.141241190865,19.061748669659,15.5));
#2792 = DIRECTION('',(0.,0.,1.));
#2793 = DIRECTION('',(1.,0.,-0.));
#2794 = PLANE('',#2795);
#2795 = AXIS2_PLACEMENT_3D('',#2796,#2797,#2798);
#2796 = CARTESIAN_POINT('',(12.141241190865,19.061748669659,15.5));
#2797 = DIRECTION('',(0.,0.,1.));
#2798 = DIRECTION('',(1.,0.,-0.));
#2799 = ADVANCED_FACE('',(#2800),#2819,.T.);
#2800 = FACE_BOUND('',#2801,.T.);
#2801 = EDGE_LOOP('',(#2802,#2811,#2812,#2813));
#2802 = ORIENTED_EDGE('',*,*,#2803,.F.);
#2803 = EDGE_CURVE('',#2293,#2804,#2806,.T.);
#2804 = VERTEX_POINT('',#2805);
#2805 = CARTESIAN_POINT('',(10.66031212854,20.479263788576,12.5));
#2806 = CIRCLE('',#2807,2.05);
#2807 = AXIS2_PLACEMENT_3D('',#2808,#2809,#2810);
#2808 = CARTESIAN_POINT('',(12.141241190865,19.061748669659,12.5));
#2809 = DIRECTION('',(0.,0.,1.));
#2810 = DIRECTION('',(1.,0.,-0.));
#2811 = ORIENTED_EDGE('',*,*,#2292,.T.);
#2812 = ORIENTED_EDGE('',*,*,#2222,.F.);
#2813 = ORIENTED_EDGE('',*,*,#2814,.F.);
#2814 = EDGE_CURVE('',#2804,#2215,#2815,.T.);
#2815 = LINE('',#2816,#2817);
#2816 = CARTESIAN_POINT('',(15.729891241971,17.250232506137,12.5));
#2817 = VECTOR('',#2818,1.);
#2818 = DIRECTION('',(-0.843440206622,0.537223061543,0.));
#2819 = PLANE('',#2820);
#2820 = AXIS2_PLACEMENT_3D('',#2821,#2822,#2823);
#2821 = CARTESIAN_POINT('',(14.440555894268,15.225976010244,12.5));
#2822 = DIRECTION('',(0.,0.,1.));
#2823 = DIRECTION('',(0.537223061543,0.843440206622,0.));
#2824 = ADVANCED_FACE('',(#2825),#2843,.T.);
#2825 = FACE_BOUND('',#2826,.T.);
#2826 = EDGE_LOOP('',(#2827,#2835,#2836,#2837));
#2827 = ORIENTED_EDGE('',*,*,#2828,.F.);
#2828 = EDGE_CURVE('',#2804,#2829,#2831,.T.);
#2829 = VERTEX_POINT('',#2830);
#2830 = CARTESIAN_POINT('',(10.66031212854,20.479263788576,14.3));
#2831 = LINE('',#2832,#2833);
#2832 = CARTESIAN_POINT('',(10.66031212854,20.479263788576,11.5));
#2833 = VECTOR('',#2834,1.);
#2834 = DIRECTION('',(0.,0.,1.));
#2835 = ORIENTED_EDGE('',*,*,#2814,.T.);
#2836 = ORIENTED_EDGE('',*,*,#2214,.T.);
#2837 = ORIENTED_EDGE('',*,*,#2838,.F.);
#2838 = EDGE_CURVE('',#2829,#2207,#2839,.T.);
#2839 = LINE('',#2840,#2841);
#2840 = CARTESIAN_POINT('',(15.729891241971,17.250232506137,14.3));
#2841 = VECTOR('',#2842,1.);
#2842 = DIRECTION('',(-0.843440206622,0.537223061543,0.));
#2843 = PLANE('',#2844);
#2844 = AXIS2_PLACEMENT_3D('',#2845,#2846,#2847);
#2845 = CARTESIAN_POINT('',(15.729891241971,17.250232506137,12.3));
#2846 = DIRECTION('',(0.537223061543,0.843440206622,0.));
#2847 = DIRECTION('',(0.,0.,1.));
#2848 = ADVANCED_FACE('',(#2849),#2862,.T.);
#2849 = FACE_BOUND('',#2850,.T.);
#2850 = EDGE_LOOP('',(#2851,#2858,#2859,#2860,#2861));
#2851 = ORIENTED_EDGE('',*,*,#2852,.F.);
#2852 = EDGE_CURVE('',#2829,#2757,#2853,.T.);
#2853 = CIRCLE('',#2854,2.05);
#2854 = AXIS2_PLACEMENT_3D('',#2855,#2856,#2857);
#2855 = CARTESIAN_POINT('',(12.141241190865,19.061748669659,14.3));
#2856 = DIRECTION('',(0.,0.,1.));
#2857 = DIRECTION('',(1.,0.,-0.));
#2858 = ORIENTED_EDGE('',*,*,#2838,.T.);
#2859 = ORIENTED_EDGE('',*,*,#2206,.F.);
#2860 = ORIENTED_EDGE('',*,*,#2503,.F.);
#2861 = ORIENTED_EDGE('',*,*,#2764,.F.);
#2862 = PLANE('',#2863);
#2863 = AXIS2_PLACEMENT_3D('',#2864,#2865,#2866);
#2864 = CARTESIAN_POINT('',(13.043775934257,13.033031473026,14.3));
#2865 = DIRECTION('',(0.,0.,1.));
#2866 = DIRECTION('',(0.537223061543,0.843440206622,0.));
#2867 = ADVANCED_FACE('',(#2868),#2879,.F.);
#2868 = FACE_BOUND('',#2869,.F.);
#2869 = EDGE_LOOP('',(#2870,#2871,#2877,#2878));
#2870 = ORIENTED_EDGE('',*,*,#2180,.F.);
#2871 = ORIENTED_EDGE('',*,*,#2872,.F.);
#2872 = EDGE_CURVE('',#2265,#2181,#2873,.T.);
#2873 = LINE('',#2874,#2875);
#2874 = CARTESIAN_POINT('',(13.241241190865,19.061748669659,8.9));
#2875 = VECTOR('',#2876,1.);
#2876 = DIRECTION('',(0.,0.,1.));
#2877 = ORIENTED_EDGE('',*,*,#2264,.T.);
#2878 = ORIENTED_EDGE('',*,*,#2872,.T.);
#2879 = CYLINDRICAL_SURFACE('',#2880,1.1);
#2880 = AXIS2_PLACEMENT_3D('',#2881,#2882,#2883);
#2881 = CARTESIAN_POINT('',(12.141241190865,19.061748669659,8.9));
#2882 = DIRECTION('',(0.,0.,1.));
#2883 = DIRECTION('',(1.,0.,-0.));
#2884 = ADVANCED_FACE('',(#2885,#2907),#2910,.T.);
#2885 = FACE_BOUND('',#2886,.T.);
#2886 = EDGE_LOOP('',(#2887,#2888,#2889,#2890,#2891,#2900));
#2887 = ORIENTED_EDGE('',*,*,#2443,.T.);
#2888 = ORIENTED_EDGE('',*,*,#2434,.T.);
#2889 = ORIENTED_EDGE('',*,*,#2772,.F.);
#2890 = ORIENTED_EDGE('',*,*,#2484,.T.);
#2891 = ORIENTED_EDGE('',*,*,#2892,.F.);
#2892 = EDGE_CURVE('',#2893,#2487,#2895,.T.);
#2893 = VERTEX_POINT('',#2894);
#2894 = CARTESIAN_POINT('',(-6.8,-15.7,14.8));
#2895 = CIRCLE('',#2896,3.2);
#2896 = AXIS2_PLACEMENT_3D('',#2897,#2898,#2899);
#2897 = CARTESIAN_POINT('',(-10.,-15.7,14.8));
#2898 = DIRECTION('',(0.,0.,1.));
#2899 = DIRECTION('',(1.,0.,-0.));
#2900 = ORIENTED_EDGE('',*,*,#2901,.F.);
#2901 = EDGE_CURVE('',#2444,#2893,#2902,.T.);
#2902 = CIRCLE('',#2903,3.2);
#2903 = AXIS2_PLACEMENT_3D('',#2904,#2905,#2906);
#2904 = CARTESIAN_POINT('',(-10.,-15.7,14.8));
#2905 = DIRECTION('',(0.,0.,1.));
#2906 = DIRECTION('',(1.,0.,-0.));
#2907 = FACE_BOUND('',#2908,.T.);
#2908 = EDGE_LOOP('',(#2909));
#2909 = ORIENTED_EDGE('',*,*,#2695,.F.);
#2910 = PLANE('',#2911);
#2911 = AXIS2_PLACEMENT_3D('',#2912,#2913,#2914);
#2912 = CARTESIAN_POINT('',(0.,0.,14.8));
#2913 = DIRECTION('',(0.,0.,1.));
#2914 = DIRECTION('',(1.,0.,-0.));
#2915 = ADVANCED_FACE('',(#2916),#2979,.T.);
#2916 = FACE_BOUND('',#2917,.T.);
#2917 = EDGE_LOOP('',(#2918,#2919,#2920,#2928,#2935,#2936,#2937,#2938,
    #2947,#2955,#2964,#2972));
#2918 = ORIENTED_EDGE('',*,*,#2452,.T.);
#2919 = ORIENTED_EDGE('',*,*,#2901,.T.);
#2920 = ORIENTED_EDGE('',*,*,#2921,.T.);
#2921 = EDGE_CURVE('',#2893,#2922,#2924,.T.);
#2922 = VERTEX_POINT('',#2923);
#2923 = CARTESIAN_POINT('',(-6.8,-15.7,20.5));
#2924 = LINE('',#2925,#2926);
#2925 = CARTESIAN_POINT('',(-6.8,-15.7,14.));
#2926 = VECTOR('',#2927,1.);
#2927 = DIRECTION('',(0.,0.,1.));
#2928 = ORIENTED_EDGE('',*,*,#2929,.F.);
#2929 = EDGE_CURVE('',#2922,#2922,#2930,.T.);
#2930 = CIRCLE('',#2931,3.2);
#2931 = AXIS2_PLACEMENT_3D('',#2932,#2933,#2934);
#2932 = CARTESIAN_POINT('',(-10.,-15.7,20.5));
#2933 = DIRECTION('',(0.,0.,1.));
#2934 = DIRECTION('',(1.,0.,-0.));
#2935 = ORIENTED_EDGE('',*,*,#2921,.F.);
#2936 = ORIENTED_EDGE('',*,*,#2892,.T.);
#2937 = ORIENTED_EDGE('',*,*,#2529,.F.);
#2938 = ORIENTED_EDGE('',*,*,#2939,.T.);
#2939 = EDGE_CURVE('',#2521,#2940,#2942,.T.);
#2940 = VERTEX_POINT('',#2941);
#2941 = CARTESIAN_POINT('',(-12.85725861401,-17.14085849847,14.3));
#2942 = CIRCLE('',#2943,3.2);
#2943 = AXIS2_PLACEMENT_3D('',#2944,#2945,#2946);
#2944 = CARTESIAN_POINT('',(-10.,-15.7,14.3));
#2945 = DIRECTION('',(0.,0.,1.));
#2946 = DIRECTION('',(1.,0.,-0.));
#2947 = ORIENTED_EDGE('',*,*,#2948,.T.);
#2948 = EDGE_CURVE('',#2940,#2949,#2951,.T.);
#2949 = VERTEX_POINT('',#2950);
#2950 = CARTESIAN_POINT('',(-12.85725861401,-17.14085849847,15.5));
#2951 = LINE('',#2952,#2953);
#2952 = CARTESIAN_POINT('',(-12.85725861401,-17.14085849847,14.));
#2953 = VECTOR('',#2954,1.);
#2954 = DIRECTION('',(0.,0.,1.));
#2955 = ORIENTED_EDGE('',*,*,#2956,.T.);
#2956 = EDGE_CURVE('',#2949,#2957,#2959,.T.);
#2957 = VERTEX_POINT('',#2958);
#2958 = CARTESIAN_POINT('',(-10.09775102933,-18.89850664158,15.5));
#2959 = CIRCLE('',#2960,3.2);
#2960 = AXIS2_PLACEMENT_3D('',#2961,#2962,#2963);
#2961 = CARTESIAN_POINT('',(-10.,-15.7,15.5));
#2962 = DIRECTION('',(0.,0.,1.));
#2963 = DIRECTION('',(1.,0.,-0.));
#2964 = ORIENTED_EDGE('',*,*,#2965,.F.);
#2965 = EDGE_CURVE('',#2966,#2957,#2968,.T.);
#2966 = VERTEX_POINT('',#2967);
#2967 = CARTESIAN_POINT('',(-10.09775102933,-18.89850664158,14.3));
#2968 = LINE('',#2969,#2970);
#2969 = CARTESIAN_POINT('',(-10.09775102933,-18.89850664158,14.));
#2970 = VECTOR('',#2971,1.);
#2971 = DIRECTION('',(0.,0.,1.));
#2972 = ORIENTED_EDGE('',*,*,#2973,.T.);
#2973 = EDGE_CURVE('',#2966,#2453,#2974,.T.);
#2974 = CIRCLE('',#2975,3.2);
#2975 = AXIS2_PLACEMENT_3D('',#2976,#2977,#2978);
#2976 = CARTESIAN_POINT('',(-10.,-15.7,14.3));
#2977 = DIRECTION('',(0.,0.,1.));
#2978 = DIRECTION('',(1.,0.,-0.));
#2979 = CYLINDRICAL_SURFACE('',#2980,3.2);
#2980 = AXIS2_PLACEMENT_3D('',#2981,#2982,#2983);
#2981 = CARTESIAN_POINT('',(-10.,-15.7,14.));
#2982 = DIRECTION('',(0.,0.,1.));
#2983 = DIRECTION('',(1.,0.,-0.));
#2984 = ADVANCED_FACE('',(#2985),#3014,.T.);
#2985 = FACE_BOUND('',#2986,.T.);
#2986 = EDGE_LOOP('',(#2987,#2988,#2997,#3006,#3012,#3013));
#2987 = ORIENTED_EDGE('',*,*,#2973,.F.);
#2988 = ORIENTED_EDGE('',*,*,#2989,.F.);
#2989 = EDGE_CURVE('',#2990,#2966,#2992,.T.);
#2990 = VERTEX_POINT('',#2991);
#2991 = CARTESIAN_POINT('',(-10.09124119086,-19.06174866965,14.3));
#2992 = CIRCLE('',#2993,2.05);
#2993 = AXIS2_PLACEMENT_3D('',#2994,#2995,#2996);
#2994 = CARTESIAN_POINT('',(-12.14124119086,-19.06174866965,14.3));
#2995 = DIRECTION('',(0.,0.,1.));
#2996 = DIRECTION('',(1.,0.,-0.));
#2997 = ORIENTED_EDGE('',*,*,#2998,.F.);
#2998 = EDGE_CURVE('',#2999,#2990,#3001,.T.);
#2999 = VERTEX_POINT('',#3000);
#3000 = CARTESIAN_POINT('',(-10.66031212854,-20.47926378857,14.3));
#3001 = CIRCLE('',#3002,2.05);
#3002 = AXIS2_PLACEMENT_3D('',#3003,#3004,#3005);
#3003 = CARTESIAN_POINT('',(-12.14124119086,-19.06174866965,14.3));
#3004 = DIRECTION('',(0.,0.,1.));
#3005 = DIRECTION('',(1.,0.,-0.));
#3006 = ORIENTED_EDGE('',*,*,#3007,.T.);
#3007 = EDGE_CURVE('',#2999,#2649,#3008,.T.);
#3008 = LINE('',#3009,#3010);
#3009 = CARTESIAN_POINT('',(-15.72989124197,-17.25023250613,14.3));
#3010 = VECTOR('',#3011,1.);
#3011 = DIRECTION('',(0.843440206622,-0.537223061543,0.));
#3012 = ORIENTED_EDGE('',*,*,#2648,.F.);
#3013 = ORIENTED_EDGE('',*,*,#2460,.F.);
#3014 = PLANE('',#3015);
#3015 = AXIS2_PLACEMENT_3D('',#3016,#3017,#3018);
#3016 = CARTESIAN_POINT('',(-13.04377593425,-13.03303147302,14.3));
#3017 = DIRECTION('',(0.,0.,1.));
#3018 = DIRECTION('',(-0.537223061543,-0.843440206622,0.));
#3019 = ADVANCED_FACE('',(#3020),#3040,.T.);
#3020 = FACE_BOUND('',#3021,.T.);
#3021 = EDGE_LOOP('',(#3022,#3023,#3024,#3032,#3039));
#3022 = ORIENTED_EDGE('',*,*,#2520,.F.);
#3023 = ORIENTED_EDGE('',*,*,#2584,.T.);
#3024 = ORIENTED_EDGE('',*,*,#3025,.T.);
#3025 = EDGE_CURVE('',#2577,#3026,#3028,.T.);
#3026 = VERTEX_POINT('',#3027);
#3027 = CARTESIAN_POINT('',(-14.05194870242,-18.31898571603,14.3));
#3028 = LINE('',#3029,#3030);
#3029 = CARTESIAN_POINT('',(-15.72989124197,-17.25023250613,14.3));
#3030 = VECTOR('',#3031,1.);
#3031 = DIRECTION('',(0.843440206622,-0.537223061543,0.));
#3032 = ORIENTED_EDGE('',*,*,#3033,.F.);
#3033 = EDGE_CURVE('',#2940,#3026,#3034,.T.);
#3034 = CIRCLE('',#3035,2.05);
#3035 = AXIS2_PLACEMENT_3D('',#3036,#3037,#3038);
#3036 = CARTESIAN_POINT('',(-12.14124119086,-19.06174866965,14.3));
#3037 = DIRECTION('',(0.,0.,1.));
#3038 = DIRECTION('',(1.,0.,-0.));
#3039 = ORIENTED_EDGE('',*,*,#2939,.F.);
#3040 = PLANE('',#3041);
#3041 = AXIS2_PLACEMENT_3D('',#3042,#3043,#3044);
#3042 = CARTESIAN_POINT('',(-13.04377593425,-13.03303147302,14.3));
#3043 = DIRECTION('',(0.,0.,1.));
#3044 = DIRECTION('',(-0.537223061543,-0.843440206622,0.));
#3045 = ADVANCED_FACE('',(#3046,#3057),#3068,.F.);
#3046 = FACE_BOUND('',#3047,.F.);
#3047 = EDGE_LOOP('',(#3048,#3049,#3050,#3056));
#3048 = ORIENTED_EDGE('',*,*,#2600,.F.);
#3049 = ORIENTED_EDGE('',*,*,#2552,.T.);
#3050 = ORIENTED_EDGE('',*,*,#3051,.T.);
#3051 = EDGE_CURVE('',#2553,#2673,#3052,.T.);
#3052 = LINE('',#3053,#3054);
#3053 = CARTESIAN_POINT('',(-16.58944814043,-18.59973683673,9.));
#3054 = VECTOR('',#3055,1.);
#3055 = DIRECTION('',(0.843440206622,-0.537223061543,0.));
#3056 = ORIENTED_EDGE('',*,*,#2680,.F.);
#3057 = FACE_BOUND('',#3058,.F.);
#3058 = EDGE_LOOP('',(#3059));
#3059 = ORIENTED_EDGE('',*,*,#3060,.F.);
#3060 = EDGE_CURVE('',#3061,#3061,#3063,.T.);
#3061 = VERTEX_POINT('',#3062);
#3062 = CARTESIAN_POINT('',(-11.04124119086,-19.06174866965,9.));
#3063 = CIRCLE('',#3064,1.1);
#3064 = AXIS2_PLACEMENT_3D('',#3065,#3066,#3067);
#3065 = CARTESIAN_POINT('',(-12.14124119086,-19.06174866965,9.));
#3066 = DIRECTION('',(0.,0.,1.));
#3067 = DIRECTION('',(1.,0.,-0.));
#3068 = PLANE('',#3069);
#3069 = AXIS2_PLACEMENT_3D('',#3070,#3071,#3072);
#3070 = CARTESIAN_POINT('',(-14.44055589426,-15.22597601024,9.));
#3071 = DIRECTION('',(0.,0.,1.));
#3072 = DIRECTION('',(-0.537223061543,-0.843440206622,0.));
#3073 = ADVANCED_FACE('',(#3074),#3117,.T.);
#3074 = FACE_BOUND('',#3075,.T.);
#3075 = EDGE_LOOP('',(#3076,#3084,#3085,#3086,#3087,#3095,#3103,#3111));
#3076 = ORIENTED_EDGE('',*,*,#3077,.F.);
#3077 = EDGE_CURVE('',#2561,#3078,#3080,.T.);
#3078 = VERTEX_POINT('',#3079);
#3079 = CARTESIAN_POINT('',(-13.59523540693,-20.5068787052,12.5));
#3080 = LINE('',#3081,#3082);
#3081 = CARTESIAN_POINT('',(-16.58944814043,-18.59973683673,12.5));
#3082 = VECTOR('',#3083,1.);
#3083 = DIRECTION('',(0.843440206622,-0.537223061543,0.));
#3084 = ORIENTED_EDGE('',*,*,#2560,.F.);
#3085 = ORIENTED_EDGE('',*,*,#3051,.T.);
#3086 = ORIENTED_EDGE('',*,*,#2672,.T.);
#3087 = ORIENTED_EDGE('',*,*,#3088,.F.);
#3088 = EDGE_CURVE('',#3089,#2665,#3091,.T.);
#3089 = VERTEX_POINT('',#3090);
#3090 = CARTESIAN_POINT('',(-12.83613922097,-20.99037946059,12.5));
#3091 = LINE('',#3092,#3093);
#3092 = CARTESIAN_POINT('',(-16.58944814043,-18.59973683673,12.5));
#3093 = VECTOR('',#3094,1.);
#3094 = DIRECTION('',(0.843440206622,-0.537223061543,0.));
#3095 = ORIENTED_EDGE('',*,*,#3096,.F.);
#3096 = EDGE_CURVE('',#3097,#3089,#3099,.T.);
#3097 = VERTEX_POINT('',#3098);
#3098 = CARTESIAN_POINT('',(-12.83613922097,-20.99037946059,11.5));
#3099 = LINE('',#3100,#3101);
#3100 = CARTESIAN_POINT('',(-12.83613922097,-20.99037946059,11.5));
#3101 = VECTOR('',#3102,1.);
#3102 = DIRECTION('',(0.,0.,1.));
#3103 = ORIENTED_EDGE('',*,*,#3104,.T.);
#3104 = EDGE_CURVE('',#3097,#3105,#3107,.T.);
#3105 = VERTEX_POINT('',#3106);
#3106 = CARTESIAN_POINT('',(-13.59523540693,-20.5068787052,11.5));
#3107 = LINE('',#3108,#3109);
#3108 = CARTESIAN_POINT('',(-14.90256772719,-19.67418295981,11.5));
#3109 = VECTOR('',#3110,1.);
#3110 = DIRECTION('',(-0.843440206622,0.537223061543,0.));
#3111 = ORIENTED_EDGE('',*,*,#3112,.T.);
#3112 = EDGE_CURVE('',#3105,#3078,#3113,.T.);
#3113 = LINE('',#3114,#3115);
#3114 = CARTESIAN_POINT('',(-13.59523540693,-20.5068787052,11.5));
#3115 = VECTOR('',#3116,1.);
#3116 = DIRECTION('',(0.,0.,1.));
#3117 = PLANE('',#3118);
#3118 = AXIS2_PLACEMENT_3D('',#3119,#3120,#3121);
#3119 = CARTESIAN_POINT('',(-16.58944814043,-18.59973683673,9.));
#3120 = DIRECTION('',(-0.537223061543,-0.843440206622,0.));
#3121 = DIRECTION('',(0.,0.,1.));
#3122 = ADVANCED_FACE('',(#3123),#3142,.T.);
#3123 = FACE_BOUND('',#3124,.T.);
#3124 = EDGE_LOOP('',(#3125,#3133,#3134,#3135));
#3125 = ORIENTED_EDGE('',*,*,#3126,.F.);
#3126 = EDGE_CURVE('',#2569,#3127,#3129,.T.);
#3127 = VERTEX_POINT('',#3128);
#3128 = CARTESIAN_POINT('',(-14.05194870242,-18.31898571603,12.5));
#3129 = LINE('',#3130,#3131);
#3130 = CARTESIAN_POINT('',(-15.72989124197,-17.25023250613,12.5));
#3131 = VECTOR('',#3132,1.);
#3132 = DIRECTION('',(0.843440206622,-0.537223061543,0.));
#3133 = ORIENTED_EDGE('',*,*,#2568,.T.);
#3134 = ORIENTED_EDGE('',*,*,#3077,.T.);
#3135 = ORIENTED_EDGE('',*,*,#3136,.F.);
#3136 = EDGE_CURVE('',#3127,#3078,#3137,.T.);
#3137 = CIRCLE('',#3138,2.05);
#3138 = AXIS2_PLACEMENT_3D('',#3139,#3140,#3141);
#3139 = CARTESIAN_POINT('',(-12.14124119086,-19.06174866965,12.5));
#3140 = DIRECTION('',(0.,0.,1.));
#3141 = DIRECTION('',(1.,0.,-0.));
#3142 = PLANE('',#3143);
#3143 = AXIS2_PLACEMENT_3D('',#3144,#3145,#3146);
#3144 = CARTESIAN_POINT('',(-14.44055589426,-15.22597601024,12.5));
#3145 = DIRECTION('',(0.,0.,1.));
#3146 = DIRECTION('',(-0.537223061543,-0.843440206622,0.));
#3147 = ADVANCED_FACE('',(#3148),#3159,.T.);
#3148 = FACE_BOUND('',#3149,.T.);
#3149 = EDGE_LOOP('',(#3150,#3151,#3152,#3158));
#3150 = ORIENTED_EDGE('',*,*,#2576,.F.);
#3151 = ORIENTED_EDGE('',*,*,#3126,.T.);
#3152 = ORIENTED_EDGE('',*,*,#3153,.T.);
#3153 = EDGE_CURVE('',#3127,#3026,#3154,.T.);
#3154 = LINE('',#3155,#3156);
#3155 = CARTESIAN_POINT('',(-14.05194870242,-18.31898571603,11.5));
#3156 = VECTOR('',#3157,1.);
#3157 = DIRECTION('',(0.,0.,1.));
#3158 = ORIENTED_EDGE('',*,*,#3025,.F.);
#3159 = PLANE('',#3160);
#3160 = AXIS2_PLACEMENT_3D('',#3161,#3162,#3163);
#3161 = CARTESIAN_POINT('',(-15.72989124197,-17.25023250613,12.3));
#3162 = DIRECTION('',(-0.537223061543,-0.843440206622,0.));
#3163 = DIRECTION('',(0.,0.,1.));
#3164 = ADVANCED_FACE('',(#3165,#3192),#3203,.T.);
#3165 = FACE_BOUND('',#3166,.T.);
#3166 = EDGE_LOOP('',(#3167,#3176,#3183,#3184,#3191));
#3167 = ORIENTED_EDGE('',*,*,#3168,.T.);
#3168 = EDGE_CURVE('',#3097,#3169,#3171,.T.);
#3169 = VERTEX_POINT('',#3170);
#3170 = CARTESIAN_POINT('',(-10.09124119086,-19.06174866965,11.5));
#3171 = CIRCLE('',#3172,2.05);
#3172 = AXIS2_PLACEMENT_3D('',#3173,#3174,#3175);
#3173 = CARTESIAN_POINT('',(-12.14124119086,-19.06174866965,11.5));
#3174 = DIRECTION('',(0.,0.,1.));
#3175 = DIRECTION('',(1.,0.,-0.));
#3176 = ORIENTED_EDGE('',*,*,#3177,.T.);
#3177 = EDGE_CURVE('',#3169,#2616,#3178,.T.);
#3178 = CIRCLE('',#3179,2.05);
#3179 = AXIS2_PLACEMENT_3D('',#3180,#3181,#3182);
#3180 = CARTESIAN_POINT('',(-12.14124119086,-19.06174866965,11.5));
#3181 = DIRECTION('',(0.,0.,1.));
#3182 = DIRECTION('',(1.,0.,-0.));
#3183 = ORIENTED_EDGE('',*,*,#2623,.T.);
#3184 = ORIENTED_EDGE('',*,*,#3185,.T.);
#3185 = EDGE_CURVE('',#2624,#3105,#3186,.T.);
#3186 = CIRCLE('',#3187,2.05);
#3187 = AXIS2_PLACEMENT_3D('',#3188,#3189,#3190);
#3188 = CARTESIAN_POINT('',(-12.14124119086,-19.06174866965,11.5));
#3189 = DIRECTION('',(0.,0.,1.));
#3190 = DIRECTION('',(1.,0.,-0.));
#3191 = ORIENTED_EDGE('',*,*,#3104,.F.);
#3192 = FACE_BOUND('',#3193,.T.);
#3193 = EDGE_LOOP('',(#3194));
#3194 = ORIENTED_EDGE('',*,*,#3195,.F.);
#3195 = EDGE_CURVE('',#3196,#3196,#3198,.T.);
#3196 = VERTEX_POINT('',#3197);
#3197 = CARTESIAN_POINT('',(-11.04124119086,-19.06174866965,11.5));
#3198 = CIRCLE('',#3199,1.1);
#3199 = AXIS2_PLACEMENT_3D('',#3200,#3201,#3202);
#3200 = CARTESIAN_POINT('',(-12.14124119086,-19.06174866965,11.5));
#3201 = DIRECTION('',(0.,0.,1.));
#3202 = DIRECTION('',(1.,0.,-0.));
#3203 = PLANE('',#3204);
#3204 = AXIS2_PLACEMENT_3D('',#3205,#3206,#3207);
#3205 = CARTESIAN_POINT('',(-12.14124119086,-19.06174866965,11.5));
#3206 = DIRECTION('',(0.,0.,1.));
#3207 = DIRECTION('',(1.,0.,-0.));
#3208 = ADVANCED_FACE('',(#3209),#3219,.F.);
#3209 = FACE_BOUND('',#3210,.F.);
#3210 = EDGE_LOOP('',(#3211,#3212));
#3211 = ORIENTED_EDGE('',*,*,#2956,.T.);
#3212 = ORIENTED_EDGE('',*,*,#3213,.T.);
#3213 = EDGE_CURVE('',#2957,#2949,#3214,.T.);
#3214 = CIRCLE('',#3215,2.05);
#3215 = AXIS2_PLACEMENT_3D('',#3216,#3217,#3218);
#3216 = CARTESIAN_POINT('',(-12.14124119086,-19.06174866965,15.5));
#3217 = DIRECTION('',(0.,0.,1.));
#3218 = DIRECTION('',(1.,0.,-0.));
#3219 = PLANE('',#3220);
#3220 = AXIS2_PLACEMENT_3D('',#3221,#3222,#3223);
#3221 = CARTESIAN_POINT('',(-12.14124119086,-19.06174866965,15.5));
#3222 = DIRECTION('',(0.,0.,1.));
#3223 = DIRECTION('',(1.,0.,-0.));
#3224 = ADVANCED_FACE('',(#3225),#3243,.T.);
#3225 = FACE_BOUND('',#3226,.T.);
#3226 = EDGE_LOOP('',(#3227,#3235,#3241,#3242));
#3227 = ORIENTED_EDGE('',*,*,#3228,.F.);
#3228 = EDGE_CURVE('',#3229,#2999,#3231,.T.);
#3229 = VERTEX_POINT('',#3230);
#3230 = CARTESIAN_POINT('',(-10.66031212854,-20.47926378857,12.5));
#3231 = LINE('',#3232,#3233);
#3232 = CARTESIAN_POINT('',(-10.66031212854,-20.47926378857,11.5));
#3233 = VECTOR('',#3234,1.);
#3234 = DIRECTION('',(0.,0.,1.));
#3235 = ORIENTED_EDGE('',*,*,#3236,.T.);
#3236 = EDGE_CURVE('',#3229,#2657,#3237,.T.);
#3237 = LINE('',#3238,#3239);
#3238 = CARTESIAN_POINT('',(-15.72989124197,-17.25023250613,12.5));
#3239 = VECTOR('',#3240,1.);
#3240 = DIRECTION('',(0.843440206622,-0.537223061543,0.));
#3241 = ORIENTED_EDGE('',*,*,#2656,.T.);
#3242 = ORIENTED_EDGE('',*,*,#3007,.F.);
#3243 = PLANE('',#3244);
#3244 = AXIS2_PLACEMENT_3D('',#3245,#3246,#3247);
#3245 = CARTESIAN_POINT('',(-15.72989124197,-17.25023250613,12.3));
#3246 = DIRECTION('',(-0.537223061543,-0.843440206622,0.));
#3247 = DIRECTION('',(0.,0.,1.));
#3248 = ADVANCED_FACE('',(#3249),#3261,.T.);
#3249 = FACE_BOUND('',#3250,.T.);
#3250 = EDGE_LOOP('',(#3251,#3258,#3259,#3260));
#3251 = ORIENTED_EDGE('',*,*,#3252,.F.);
#3252 = EDGE_CURVE('',#3089,#3229,#3253,.T.);
#3253 = CIRCLE('',#3254,2.05);
#3254 = AXIS2_PLACEMENT_3D('',#3255,#3256,#3257);
#3255 = CARTESIAN_POINT('',(-12.14124119086,-19.06174866965,12.5));
#3256 = DIRECTION('',(0.,0.,1.));
#3257 = DIRECTION('',(1.,0.,-0.));
#3258 = ORIENTED_EDGE('',*,*,#3088,.T.);
#3259 = ORIENTED_EDGE('',*,*,#2664,.F.);
#3260 = ORIENTED_EDGE('',*,*,#3236,.F.);
#3261 = PLANE('',#3262);
#3262 = AXIS2_PLACEMENT_3D('',#3263,#3264,#3265);
#3263 = CARTESIAN_POINT('',(-14.44055589426,-15.22597601024,12.5));
#3264 = DIRECTION('',(0.,0.,1.));
#3265 = DIRECTION('',(-0.537223061543,-0.843440206622,0.));
#3266 = ADVANCED_FACE('',(#3267,#3270),#3281,.T.);
#3267 = FACE_BOUND('',#3268,.T.);
#3268 = EDGE_LOOP('',(#3269));
#3269 = ORIENTED_EDGE('',*,*,#2730,.T.);
#3270 = FACE_BOUND('',#3271,.T.);
#3271 = EDGE_LOOP('',(#3272));
#3272 = ORIENTED_EDGE('',*,*,#3273,.F.);
#3273 = EDGE_CURVE('',#3274,#3274,#3276,.T.);
#3274 = VERTEX_POINT('',#3275);
#3275 = CARTESIAN_POINT('',(11.5,15.7,20.5));
#3276 = CIRCLE('',#3277,1.5);
#3277 = AXIS2_PLACEMENT_3D('',#3278,#3279,#3280);
#3278 = CARTESIAN_POINT('',(10.,15.7,20.5));
#3279 = DIRECTION('',(0.,0.,1.));
#3280 = DIRECTION('',(1.,0.,-0.));
#3281 = PLANE('',#3282);
#3282 = AXIS2_PLACEMENT_3D('',#3283,#3284,#3285);
#3283 = CARTESIAN_POINT('',(10.,15.7,20.5));
#3284 = DIRECTION('',(0.,0.,1.));
#3285 = DIRECTION('',(1.,0.,-0.));
#3286 = ADVANCED_FACE('',(#3287,#3290),#3301,.T.);
#3287 = FACE_BOUND('',#3288,.T.);
#3288 = EDGE_LOOP('',(#3289));
#3289 = ORIENTED_EDGE('',*,*,#2929,.T.);
#3290 = FACE_BOUND('',#3291,.T.);
#3291 = EDGE_LOOP('',(#3292));
#3292 = ORIENTED_EDGE('',*,*,#3293,.F.);
#3293 = EDGE_CURVE('',#3294,#3294,#3296,.T.);
#3294 = VERTEX_POINT('',#3295);
#3295 = CARTESIAN_POINT('',(-8.5,-15.7,20.5));
#3296 = CIRCLE('',#3297,1.5);
#3297 = AXIS2_PLACEMENT_3D('',#3298,#3299,#3300);
#3298 = CARTESIAN_POINT('',(-10.,-15.7,20.5));
#3299 = DIRECTION('',(0.,0.,1.));
#3300 = DIRECTION('',(1.,0.,-0.));
#3301 = PLANE('',#3302);
#3302 = AXIS2_PLACEMENT_3D('',#3303,#3304,#3305);
#3303 = CARTESIAN_POINT('',(-10.,-15.7,20.5));
#3304 = DIRECTION('',(0.,0.,1.));
#3305 = DIRECTION('',(1.,0.,-0.));
#3306 = ADVANCED_FACE('',(#3307),#3318,.F.);
#3307 = FACE_BOUND('',#3308,.F.);
#3308 = EDGE_LOOP('',(#3309,#3310,#3316,#3317));
#3309 = ORIENTED_EDGE('',*,*,#3195,.F.);
#3310 = ORIENTED_EDGE('',*,*,#3311,.F.);
#3311 = EDGE_CURVE('',#3061,#3196,#3312,.T.);
#3312 = LINE('',#3313,#3314);
#3313 = CARTESIAN_POINT('',(-11.04124119086,-19.06174866965,8.9));
#3314 = VECTOR('',#3315,1.);
#3315 = DIRECTION('',(0.,0.,1.));
#3316 = ORIENTED_EDGE('',*,*,#3060,.T.);
#3317 = ORIENTED_EDGE('',*,*,#3311,.T.);
#3318 = CYLINDRICAL_SURFACE('',#3319,1.1);
#3319 = AXIS2_PLACEMENT_3D('',#3320,#3321,#3322);
#3320 = CARTESIAN_POINT('',(-12.14124119086,-19.06174866965,8.9));
#3321 = DIRECTION('',(0.,0.,1.));
#3322 = DIRECTION('',(1.,0.,-0.));
#3323 = ADVANCED_FACE('',(#3324),#3343,.F.);
#3324 = FACE_BOUND('',#3325,.F.);
#3325 = EDGE_LOOP('',(#3326,#3327,#3335,#3342));
#3326 = ORIENTED_EDGE('',*,*,#3273,.F.);
#3327 = ORIENTED_EDGE('',*,*,#3328,.F.);
#3328 = EDGE_CURVE('',#3329,#3274,#3331,.T.);
#3329 = VERTEX_POINT('',#3330);
#3330 = CARTESIAN_POINT('',(11.5,15.7,16.3));
#3331 = LINE('',#3332,#3333);
#3332 = CARTESIAN_POINT('',(11.5,15.7,16.3));
#3333 = VECTOR('',#3334,1.);
#3334 = DIRECTION('',(0.,0.,1.));
#3335 = ORIENTED_EDGE('',*,*,#3336,.T.);
#3336 = EDGE_CURVE('',#3329,#3329,#3337,.T.);
#3337 = CIRCLE('',#3338,1.5);
#3338 = AXIS2_PLACEMENT_3D('',#3339,#3340,#3341);
#3339 = CARTESIAN_POINT('',(10.,15.7,16.3));
#3340 = DIRECTION('',(0.,0.,1.));
#3341 = DIRECTION('',(1.,0.,-0.));
#3342 = ORIENTED_EDGE('',*,*,#3328,.T.);
#3343 = CYLINDRICAL_SURFACE('',#3344,1.5);
#3344 = AXIS2_PLACEMENT_3D('',#3345,#3346,#3347);
#3345 = CARTESIAN_POINT('',(10.,15.7,16.3));
#3346 = DIRECTION('',(0.,0.,1.));
#3347 = DIRECTION('',(1.,0.,-0.));
#3348 = ADVANCED_FACE('',(#3349),#3368,.F.);
#3349 = FACE_BOUND('',#3350,.F.);
#3350 = EDGE_LOOP('',(#3351,#3352,#3360,#3367));
#3351 = ORIENTED_EDGE('',*,*,#3293,.F.);
#3352 = ORIENTED_EDGE('',*,*,#3353,.F.);
#3353 = EDGE_CURVE('',#3354,#3294,#3356,.T.);
#3354 = VERTEX_POINT('',#3355);
#3355 = CARTESIAN_POINT('',(-8.5,-15.7,16.3));
#3356 = LINE('',#3357,#3358);
#3357 = CARTESIAN_POINT('',(-8.5,-15.7,16.3));
#3358 = VECTOR('',#3359,1.);
#3359 = DIRECTION('',(0.,0.,1.));
#3360 = ORIENTED_EDGE('',*,*,#3361,.T.);
#3361 = EDGE_CURVE('',#3354,#3354,#3362,.T.);
#3362 = CIRCLE('',#3363,1.5);
#3363 = AXIS2_PLACEMENT_3D('',#3364,#3365,#3366);
#3364 = CARTESIAN_POINT('',(-10.,-15.7,16.3));
#3365 = DIRECTION('',(0.,0.,1.));
#3366 = DIRECTION('',(1.,0.,-0.));
#3367 = ORIENTED_EDGE('',*,*,#3353,.T.);
#3368 = CYLINDRICAL_SURFACE('',#3369,1.5);
#3369 = AXIS2_PLACEMENT_3D('',#3370,#3371,#3372);
#3370 = CARTESIAN_POINT('',(-10.,-15.7,16.3));
#3371 = DIRECTION('',(0.,0.,1.));
#3372 = DIRECTION('',(1.,0.,-0.));
#3373 = ADVANCED_FACE('',(#3374,#3377),#3388,.T.);
#3374 = FACE_BOUND('',#3375,.T.);
#3375 = EDGE_LOOP('',(#3376));
#3376 = ORIENTED_EDGE('',*,*,#3336,.T.);
#3377 = FACE_BOUND('',#3378,.T.);
#3378 = EDGE_LOOP('',(#3379));
#3379 = ORIENTED_EDGE('',*,*,#3380,.F.);
#3380 = EDGE_CURVE('',#3381,#3381,#3383,.T.);
#3381 = VERTEX_POINT('',#3382);
#3382 = CARTESIAN_POINT('',(11.1,15.7,16.3));
#3383 = CIRCLE('',#3384,1.1);
#3384 = AXIS2_PLACEMENT_3D('',#3385,#3386,#3387);
#3385 = CARTESIAN_POINT('',(10.,15.7,16.3));
#3386 = DIRECTION('',(0.,0.,1.));
#3387 = DIRECTION('',(1.,0.,-0.));
#3388 = PLANE('',#3389);
#3389 = AXIS2_PLACEMENT_3D('',#3390,#3391,#3392);
#3390 = CARTESIAN_POINT('',(10.,15.7,16.3));
#3391 = DIRECTION('',(0.,0.,1.));
#3392 = DIRECTION('',(1.,0.,-0.));
#3393 = ADVANCED_FACE('',(#3394,#3397),#3408,.T.);
#3394 = FACE_BOUND('',#3395,.T.);
#3395 = EDGE_LOOP('',(#3396));
#3396 = ORIENTED_EDGE('',*,*,#3361,.T.);
#3397 = FACE_BOUND('',#3398,.T.);
#3398 = EDGE_LOOP('',(#3399));
#3399 = ORIENTED_EDGE('',*,*,#3400,.F.);
#3400 = EDGE_CURVE('',#3401,#3401,#3403,.T.);
#3401 = VERTEX_POINT('',#3402);
#3402 = CARTESIAN_POINT('',(-8.9,-15.7,16.3));
#3403 = CIRCLE('',#3404,1.1);
#3404 = AXIS2_PLACEMENT_3D('',#3405,#3406,#3407);
#3405 = CARTESIAN_POINT('',(-10.,-15.7,16.3));
#3406 = DIRECTION('',(0.,0.,1.));
#3407 = DIRECTION('',(1.,0.,-0.));
#3408 = PLANE('',#3409);
#3409 = AXIS2_PLACEMENT_3D('',#3410,#3411,#3412);
#3410 = CARTESIAN_POINT('',(-10.,-15.7,16.3));
#3411 = DIRECTION('',(0.,0.,1.));
#3412 = DIRECTION('',(1.,0.,-0.));
#3413 = ADVANCED_FACE('',(#3414),#3433,.F.);
#3414 = FACE_BOUND('',#3415,.F.);
#3415 = EDGE_LOOP('',(#3416,#3417,#3425,#3432));
#3416 = ORIENTED_EDGE('',*,*,#3380,.F.);
#3417 = ORIENTED_EDGE('',*,*,#3418,.F.);
#3418 = EDGE_CURVE('',#3419,#3381,#3421,.T.);
#3419 = VERTEX_POINT('',#3420);
#3420 = CARTESIAN_POINT('',(11.1,15.7,15.8));
#3421 = LINE('',#3422,#3423);
#3422 = CARTESIAN_POINT('',(11.1,15.7,15.8));
#3423 = VECTOR('',#3424,1.);
#3424 = DIRECTION('',(0.,0.,1.));
#3425 = ORIENTED_EDGE('',*,*,#3426,.T.);
#3426 = EDGE_CURVE('',#3419,#3419,#3427,.T.);
#3427 = CIRCLE('',#3428,1.1);
#3428 = AXIS2_PLACEMENT_3D('',#3429,#3430,#3431);
#3429 = CARTESIAN_POINT('',(10.,15.7,15.8));
#3430 = DIRECTION('',(0.,0.,1.));
#3431 = DIRECTION('',(1.,0.,-0.));
#3432 = ORIENTED_EDGE('',*,*,#3418,.T.);
#3433 = CYLINDRICAL_SURFACE('',#3434,1.1);
#3434 = AXIS2_PLACEMENT_3D('',#3435,#3436,#3437);
#3435 = CARTESIAN_POINT('',(10.,15.7,15.8));
#3436 = DIRECTION('',(0.,0.,1.));
#3437 = DIRECTION('',(1.,0.,-0.));
#3438 = ADVANCED_FACE('',(#3439),#3458,.F.);
#3439 = FACE_BOUND('',#3440,.F.);
#3440 = EDGE_LOOP('',(#3441,#3442,#3450,#3457));
#3441 = ORIENTED_EDGE('',*,*,#3400,.F.);
#3442 = ORIENTED_EDGE('',*,*,#3443,.F.);
#3443 = EDGE_CURVE('',#3444,#3401,#3446,.T.);
#3444 = VERTEX_POINT('',#3445);
#3445 = CARTESIAN_POINT('',(-8.9,-15.7,15.8));
#3446 = LINE('',#3447,#3448);
#3447 = CARTESIAN_POINT('',(-8.9,-15.7,15.8));
#3448 = VECTOR('',#3449,1.);
#3449 = DIRECTION('',(0.,0.,1.));
#3450 = ORIENTED_EDGE('',*,*,#3451,.T.);
#3451 = EDGE_CURVE('',#3444,#3444,#3452,.T.);
#3452 = CIRCLE('',#3453,1.1);
#3453 = AXIS2_PLACEMENT_3D('',#3454,#3455,#3456);
#3454 = CARTESIAN_POINT('',(-10.,-15.7,15.8));
#3455 = DIRECTION('',(0.,0.,1.));
#3456 = DIRECTION('',(1.,0.,-0.));
#3457 = ORIENTED_EDGE('',*,*,#3443,.T.);
#3458 = CYLINDRICAL_SURFACE('',#3459,1.1);
#3459 = AXIS2_PLACEMENT_3D('',#3460,#3461,#3462);
#3460 = CARTESIAN_POINT('',(-10.,-15.7,15.8));
#3461 = DIRECTION('',(0.,0.,1.));
#3462 = DIRECTION('',(1.,0.,-0.));
#3463 = ADVANCED_FACE('',(#3464),#3467,.T.);
#3464 = FACE_BOUND('',#3465,.F.);
#3465 = EDGE_LOOP('',(#3466));
#3466 = ORIENTED_EDGE('',*,*,#3426,.F.);
#3467 = PLANE('',#3468);
#3468 = AXIS2_PLACEMENT_3D('',#3469,#3470,#3471);
#3469 = CARTESIAN_POINT('',(10.,15.7,15.8));
#3470 = DIRECTION('',(0.,0.,1.));
#3471 = DIRECTION('',(1.,0.,-0.));
#3472 = ADVANCED_FACE('',(#3473),#3476,.T.);
#3473 = FACE_BOUND('',#3474,.F.);
#3474 = EDGE_LOOP('',(#3475));
#3475 = ORIENTED_EDGE('',*,*,#3451,.F.);
#3476 = PLANE('',#3477);
#3477 = AXIS2_PLACEMENT_3D('',#3478,#3479,#3480);
#3478 = CARTESIAN_POINT('',(-10.,-15.7,15.8));
#3479 = DIRECTION('',(0.,0.,1.));
#3480 = DIRECTION('',(1.,0.,-0.));
#3481 = ADVANCED_FACE('',(#3482),#3502,.F.);
#3482 = FACE_BOUND('',#3483,.F.);
#3483 = EDGE_LOOP('',(#3484,#3485,#3486,#3487,#3488,#3489,#3490,#3491,
    #3492,#3493,#3494,#3495,#3496,#3497,#3498,#3499,#3500,#3501));
#3484 = ORIENTED_EDGE('',*,*,#2307,.T.);
#3485 = ORIENTED_EDGE('',*,*,#2331,.F.);
#3486 = ORIENTED_EDGE('',*,*,#2340,.F.);
#3487 = ORIENTED_EDGE('',*,*,#2357,.T.);
#3488 = ORIENTED_EDGE('',*,*,#2390,.F.);
#3489 = ORIENTED_EDGE('',*,*,#2739,.T.);
#3490 = ORIENTED_EDGE('',*,*,#2788,.F.);
#3491 = ORIENTED_EDGE('',*,*,#2756,.F.);
#3492 = ORIENTED_EDGE('',*,*,#2852,.F.);
#3493 = ORIENTED_EDGE('',*,*,#2828,.F.);
#3494 = ORIENTED_EDGE('',*,*,#2803,.F.);
#3495 = ORIENTED_EDGE('',*,*,#2300,.F.);
#3496 = ORIENTED_EDGE('',*,*,#2170,.T.);
#3497 = ORIENTED_EDGE('',*,*,#1940,.T.);
#3498 = ORIENTED_EDGE('',*,*,#2109,.T.);
#3499 = ORIENTED_EDGE('',*,*,#1956,.F.);
#3500 = ORIENTED_EDGE('',*,*,#2144,.T.);
#3501 = ORIENTED_EDGE('',*,*,#2153,.T.);
#3502 = CYLINDRICAL_SURFACE('',#3503,2.05);
#3503 = AXIS2_PLACEMENT_3D('',#3504,#3505,#3506);
#3504 = CARTESIAN_POINT('',(12.141241190865,19.061748669659,11.5));
#3505 = DIRECTION('',(0.,0.,1.));
#3506 = DIRECTION('',(1.,0.,-0.));
#3507 = ADVANCED_FACE('',(#3508),#3528,.F.);
#3508 = FACE_BOUND('',#3509,.F.);
#3509 = EDGE_LOOP('',(#3510,#3511,#3512,#3513,#3514,#3515,#3516,#3517,
    #3518,#3519,#3520,#3521,#3522,#3523,#3524,#3525,#3526,#3527));
#3510 = ORIENTED_EDGE('',*,*,#3228,.F.);
#3511 = ORIENTED_EDGE('',*,*,#3252,.F.);
#3512 = ORIENTED_EDGE('',*,*,#3096,.F.);
#3513 = ORIENTED_EDGE('',*,*,#3168,.T.);
#3514 = ORIENTED_EDGE('',*,*,#3177,.T.);
#3515 = ORIENTED_EDGE('',*,*,#2615,.T.);
#3516 = ORIENTED_EDGE('',*,*,#2068,.T.);
#3517 = ORIENTED_EDGE('',*,*,#2631,.F.);
#3518 = ORIENTED_EDGE('',*,*,#3185,.T.);
#3519 = ORIENTED_EDGE('',*,*,#3112,.T.);
#3520 = ORIENTED_EDGE('',*,*,#3136,.F.);
#3521 = ORIENTED_EDGE('',*,*,#3153,.T.);
#3522 = ORIENTED_EDGE('',*,*,#3033,.F.);
#3523 = ORIENTED_EDGE('',*,*,#2948,.T.);
#3524 = ORIENTED_EDGE('',*,*,#3213,.F.);
#3525 = ORIENTED_EDGE('',*,*,#2965,.F.);
#3526 = ORIENTED_EDGE('',*,*,#2989,.F.);
#3527 = ORIENTED_EDGE('',*,*,#2998,.F.);
#3528 = CYLINDRICAL_SURFACE('',#3529,2.05);
#3529 = AXIS2_PLACEMENT_3D('',#3530,#3531,#3532);
#3530 = CARTESIAN_POINT('',(-12.14124119086,-19.06174866965,11.5));
#3531 = DIRECTION('',(0.,0.,1.));
#3532 = DIRECTION('',(1.,0.,-0.));
#3533 = MANIFOLD_SOLID_BREP('',#3534);
#3534 = CLOSED_SHELL('',(#3535,#3568,#3588,#3597,#3622));
#3535 = ADVANCED_FACE('',(#3536),#3563,.T.);
#3536 = FACE_BOUND('',#3537,.T.);
#3537 = EDGE_LOOP('',(#3538,#3547,#3555,#3562));
#3538 = ORIENTED_EDGE('',*,*,#3539,.F.);
#3539 = EDGE_CURVE('',#3540,#3540,#3542,.T.);
#3540 = VERTEX_POINT('',#3541);
#3541 = CARTESIAN_POINT('',(20.,-4.898587196589E-15,12.));
#3542 = CIRCLE('',#3543,20.);
#3543 = AXIS2_PLACEMENT_3D('',#3544,#3545,#3546);
#3544 = CARTESIAN_POINT('',(0.,0.,12.));
#3545 = DIRECTION('',(0.,0.,1.));
#3546 = DIRECTION('',(1.,0.,-0.));
#3547 = ORIENTED_EDGE('',*,*,#3548,.F.);
#3548 = EDGE_CURVE('',#3549,#3540,#3551,.T.);
#3549 = VERTEX_POINT('',#3550);
#3550 = CARTESIAN_POINT('',(20.,-4.898587196589E-15,0.));
#3551 = LINE('',#3552,#3553);
#3552 = CARTESIAN_POINT('',(20.,-4.898587196589E-15,0.));
#3553 = VECTOR('',#3554,1.);
#3554 = DIRECTION('',(0.,0.,1.));
#3555 = ORIENTED_EDGE('',*,*,#3556,.T.);
#3556 = EDGE_CURVE('',#3549,#3549,#3557,.T.);
#3557 = CIRCLE('',#3558,20.);
#3558 = AXIS2_PLACEMENT_3D('',#3559,#3560,#3561);
#3559 = CARTESIAN_POINT('',(0.,0.,0.));
#3560 = DIRECTION('',(0.,0.,1.));
#3561 = DIRECTION('',(1.,0.,-0.));
#3562 = ORIENTED_EDGE('',*,*,#3548,.T.);
#3563 = CYLINDRICAL_SURFACE('',#3564,20.);
#3564 = AXIS2_PLACEMENT_3D('',#3565,#3566,#3567);
#3565 = CARTESIAN_POINT('',(0.,0.,0.));
#3566 = DIRECTION('',(0.,0.,1.));
#3567 = DIRECTION('',(1.,0.,-0.));
#3568 = ADVANCED_FACE('',(#3569,#3572),#3583,.T.);
#3569 = FACE_BOUND('',#3570,.T.);
#3570 = EDGE_LOOP('',(#3571));
#3571 = ORIENTED_EDGE('',*,*,#3539,.T.);
#3572 = FACE_BOUND('',#3573,.T.);
#3573 = EDGE_LOOP('',(#3574));
#3574 = ORIENTED_EDGE('',*,*,#3575,.F.);
#3575 = EDGE_CURVE('',#3576,#3576,#3578,.T.);
#3576 = VERTEX_POINT('',#3577);
#3577 = CARTESIAN_POINT('',(11.,-2.694222958124E-15,12.));
#3578 = CIRCLE('',#3579,11.);
#3579 = AXIS2_PLACEMENT_3D('',#3580,#3581,#3582);
#3580 = CARTESIAN_POINT('',(0.,0.,12.));
#3581 = DIRECTION('',(0.,0.,1.));
#3582 = DIRECTION('',(1.,0.,-0.));
#3583 = PLANE('',#3584);
#3584 = AXIS2_PLACEMENT_3D('',#3585,#3586,#3587);
#3585 = CARTESIAN_POINT('',(0.,0.,12.));
#3586 = DIRECTION('',(0.,0.,1.));
#3587 = DIRECTION('',(1.,0.,-0.));
#3588 = ADVANCED_FACE('',(#3589),#3592,.F.);
#3589 = FACE_BOUND('',#3590,.T.);
#3590 = EDGE_LOOP('',(#3591));
#3591 = ORIENTED_EDGE('',*,*,#3556,.F.);
#3592 = PLANE('',#3593);
#3593 = AXIS2_PLACEMENT_3D('',#3594,#3595,#3596);
#3594 = CARTESIAN_POINT('',(0.,0.,0.));
#3595 = DIRECTION('',(0.,0.,1.));
#3596 = DIRECTION('',(1.,0.,-0.));
#3597 = ADVANCED_FACE('',(#3598),#3617,.T.);
#3598 = FACE_BOUND('',#3599,.T.);
#3599 = EDGE_LOOP('',(#3600,#3609,#3615,#3616));
#3600 = ORIENTED_EDGE('',*,*,#3601,.F.);
#3601 = EDGE_CURVE('',#3602,#3602,#3604,.T.);
#3602 = VERTEX_POINT('',#3603);
#3603 = CARTESIAN_POINT('',(11.,-2.694222958124E-15,19.));
#3604 = CIRCLE('',#3605,11.);
#3605 = AXIS2_PLACEMENT_3D('',#3606,#3607,#3608);
#3606 = CARTESIAN_POINT('',(0.,0.,19.));
#3607 = DIRECTION('',(0.,0.,1.));
#3608 = DIRECTION('',(1.,0.,-0.));
#3609 = ORIENTED_EDGE('',*,*,#3610,.F.);
#3610 = EDGE_CURVE('',#3576,#3602,#3611,.T.);
#3611 = LINE('',#3612,#3613);
#3612 = CARTESIAN_POINT('',(11.,-2.694222958124E-15,12.));
#3613 = VECTOR('',#3614,1.);
#3614 = DIRECTION('',(0.,0.,1.));
#3615 = ORIENTED_EDGE('',*,*,#3575,.T.);
#3616 = ORIENTED_EDGE('',*,*,#3610,.T.);
#3617 = CYLINDRICAL_SURFACE('',#3618,11.);
#3618 = AXIS2_PLACEMENT_3D('',#3619,#3620,#3621);
#3619 = CARTESIAN_POINT('',(0.,0.,12.));
#3620 = DIRECTION('',(0.,0.,1.));
#3621 = DIRECTION('',(1.,0.,-0.));
#3622 = ADVANCED_FACE('',(#3623),#3626,.T.);
#3623 = FACE_BOUND('',#3624,.T.);
#3624 = EDGE_LOOP('',(#3625));
#3625 = ORIENTED_EDGE('',*,*,#3601,.T.);
#3626 = PLANE('',#3627);
#3627 = AXIS2_PLACEMENT_3D('',#3628,#3629,#3630);
#3628 = CARTESIAN_POINT('',(0.,0.,19.));
#3629 = DIRECTION('',(0.,0.,1.));
#3630 = DIRECTION('',(1.,0.,-0.));
#3631 = MANIFOLD_SOLID_BREP('',#3632);
#3632 = CLOSED_SHELL('',(#3633,#3684,#5812,#5843,#6248,#6280,#6304,#6329
    ,#6360,#6384,#6408,#6425,#6456,#6480,#6504,#6521,#6552,#6576,#6600,
    #6617,#6648,#6672,#6696,#6713,#6730,#6761,#6785,#6809,#6826,#6857,
    #6881,#6905,#6922,#6953,#6977,#7001,#7018,#7049,#7073,#7097,#7114,
    #7145,#7169,#7193,#7210,#7241,#7265,#7289,#7306,#7337,#7361,#7385,
    #7402,#7433,#7457,#7481,#7498,#7529,#7553,#7577,#7594,#7625,#7649,
    #7673,#7690,#7721,#7745,#7769,#7786,#7817,#7841,#7865,#7882,#7913,
    #7937,#7961,#7978,#8009,#8033,#8057,#8074,#8105,#8129,#8153,#8170,
    #8201,#8225,#8249,#8266,#8297,#8321,#8345,#8362,#8393,#8417,#8441,
    #8458,#8489,#8513,#8537,#8554,#8585,#8609,#8633,#8650,#8681,#8705,
    #8729,#8746,#8777,#8801,#8825,#8842,#8873,#8897,#8921,#8938,#8969,
    #8993,#9017,#9034,#9065,#9089,#9113,#9130,#9161,#9185,#9209,#9226,
    #9257,#9281,#9305,#9322,#9353,#9377,#9401,#9418,#9449,#9473,#9497,
    #9514,#9545,#9569,#9593,#9610,#9641,#9665,#9689,#9706,#9737,#9761,
    #9785,#9802,#9833,#9857,#9881,#9898,#9929,#9953,#9977,#9994,#10025,
    #10049,#10073,#10090,#10121,#10145,#10169,#10186,#10217,#10241,
    #10265,#10282,#10313,#10337,#10361,#10378,#10409,#10433,#10457,
    #10474,#10505,#10529,#10553,#10570,#10601,#10625,#10649,#10666,
    #10697,#10721,#10745,#10762,#10793,#10817,#10841,#10858,#10889,
    #10913,#10937,#10954,#10985,#11009,#11033,#11050,#11081,#11105,
    #11129,#11146,#11177,#11201,#11225,#11242,#11273,#11297,#11321,
    #11338,#11369,#11393,#11417,#11434,#11465,#11489,#11513,#11530,
    #11561,#11585,#11609,#11626,#11657,#11681,#11705,#11722,#11753,
    #11777,#11801,#11818,#11849,#11873,#11897,#11914,#11945,#11969,
    #11993,#12010,#12041,#12065,#12089,#12106,#12137,#12161,#12185,
    #12202,#12219,#12236,#12267,#12291,#12315,#12332,#12363,#12387,
    #12411,#12428,#12459,#12483,#12507,#12524,#12555,#12579,#12603,
    #12620,#12651,#12675,#12699,#12716,#12747,#12771,#12795,#12812,
    #12843,#12867,#12891,#12908,#12939,#12963,#12987,#13004,#13035,
    #13059,#13083,#13100,#13131,#13155,#13179,#13196,#13227,#13251,
    #13275,#13292,#13304,#13316,#13328,#13340,#13352,#13364,#13376,
    #13388,#13400,#13412,#13424,#13436,#13448,#13460,#13472,#13484,
    #13496,#13508,#13520,#13532,#13544,#13556,#13568,#13580,#13592,
    #13604,#13616,#13628,#13640,#13652,#13664,#13676,#13688,#13700,
    #13712,#13724,#13736,#13748,#13760,#13772,#13784,#13796,#13808,
    #13820,#13832,#13844,#13856,#13868,#13880,#13892,#13904,#13916,
    #13928,#13940,#13952,#13964,#13976,#13988,#14000,#14012,#14024,
    #14036,#14048,#14060,#14072,#14084,#14096,#14108,#14120,#14132,
    #14144,#14156));
#3633 = ADVANCED_FACE('',(#3634),#3679,.T.);
#3634 = FACE_BOUND('',#3635,.T.);
#3635 = EDGE_LOOP('',(#3636,#3646,#3653,#3654,#3663,#3672));
#3636 = ORIENTED_EDGE('',*,*,#3637,.T.);
#3637 = EDGE_CURVE('',#3638,#3640,#3642,.T.);
#3638 = VERTEX_POINT('',#3639);
#3639 = CARTESIAN_POINT('',(21.5,-5.265981236334E-15,20.5));
#3640 = VERTEX_POINT('',#3641);
#3641 = CARTESIAN_POINT('',(21.5,-5.265981236334E-15,22.1));
#3642 = LINE('',#3643,#3644);
#3643 = CARTESIAN_POINT('',(21.5,-5.265981236334E-15,20.5));
#3644 = VECTOR('',#3645,1.);
#3645 = DIRECTION('',(0.,0.,1.));
#3646 = ORIENTED_EDGE('',*,*,#3647,.F.);
#3647 = EDGE_CURVE('',#3640,#3640,#3648,.T.);
#3648 = CIRCLE('',#3649,21.5);
#3649 = AXIS2_PLACEMENT_3D('',#3650,#3651,#3652);
#3650 = CARTESIAN_POINT('',(0.,0.,22.1));
#3651 = DIRECTION('',(0.,0.,1.));
#3652 = DIRECTION('',(1.,0.,-0.));
#3653 = ORIENTED_EDGE('',*,*,#3637,.F.);
#3654 = ORIENTED_EDGE('',*,*,#3655,.T.);
#3655 = EDGE_CURVE('',#3638,#3656,#3658,.T.);
#3656 = VERTEX_POINT('',#3657);
#3657 = CARTESIAN_POINT('',(-4.82,-20.95274683663,20.5));
#3658 = CIRCLE('',#3659,21.5);
#3659 = AXIS2_PLACEMENT_3D('',#3660,#3661,#3662);
#3660 = CARTESIAN_POINT('',(0.,0.,20.5));
#3661 = DIRECTION('',(0.,0.,1.));
#3662 = DIRECTION('',(1.,0.,-0.));
#3663 = ORIENTED_EDGE('',*,*,#3664,.T.);
#3664 = EDGE_CURVE('',#3656,#3665,#3667,.T.);
#3665 = VERTEX_POINT('',#3666);
#3666 = CARTESIAN_POINT('',(4.82,-20.95274683663,20.5));
#3667 = CIRCLE('',#3668,21.5);
#3668 = AXIS2_PLACEMENT_3D('',#3669,#3670,#3671);
#3669 = CARTESIAN_POINT('',(0.,0.,20.5));
#3670 = DIRECTION('',(0.,0.,1.));
#3671 = DIRECTION('',(1.,0.,-0.));
#3672 = ORIENTED_EDGE('',*,*,#3673,.T.);
#3673 = EDGE_CURVE('',#3665,#3638,#3674,.T.);
#3674 = CIRCLE('',#3675,21.5);
#3675 = AXIS2_PLACEMENT_3D('',#3676,#3677,#3678);
#3676 = CARTESIAN_POINT('',(0.,0.,20.5));
#3677 = DIRECTION('',(0.,0.,1.));
#3678 = DIRECTION('',(1.,0.,-0.));
#3679 = CYLINDRICAL_SURFACE('',#3680,21.5);
#3680 = AXIS2_PLACEMENT_3D('',#3681,#3682,#3683);
#3681 = CARTESIAN_POINT('',(0.,0.,20.5));
#3682 = DIRECTION('',(0.,0.,1.));
#3683 = DIRECTION('',(1.,0.,-0.));
#3684 = ADVANCED_FACE('',(#3685,#3711,#3745,#3779,#3813,#3847,#3858,
    #3892,#3926,#3960,#3994,#4028,#4062,#4096,#4130,#4164,#4198,#4232,
    #4266,#4300,#4334,#4368,#4402,#4436,#4470,#4504,#4538,#4572,#4606,
    #4640,#4674,#4708,#4742,#4776,#4810,#4844,#4878,#4912,#4946,#4980,
    #5014,#5048,#5082,#5116,#5150,#5184,#5218,#5252,#5286,#5320,#5354,
    #5388,#5422,#5456,#5490,#5524,#5558,#5592,#5626,#5660,#5694,#5728,
    #5762,#5796),#5807,.F.);
#3685 = FACE_BOUND('',#3686,.F.);
#3686 = EDGE_LOOP('',(#3687,#3688,#3689,#3697,#3705));
#3687 = ORIENTED_EDGE('',*,*,#3673,.T.);
#3688 = ORIENTED_EDGE('',*,*,#3655,.T.);
#3689 = ORIENTED_EDGE('',*,*,#3690,.F.);
#3690 = EDGE_CURVE('',#3691,#3656,#3693,.T.);
#3691 = VERTEX_POINT('',#3692);
#3692 = CARTESIAN_POINT('',(-4.82,-14.035,20.5));
#3693 = LINE('',#3694,#3695);
#3694 = CARTESIAN_POINT('',(-4.82,-14.035,20.5));
#3695 = VECTOR('',#3696,1.);
#3696 = DIRECTION('',(1.224646799147E-16,-1.,0.));
#3697 = ORIENTED_EDGE('',*,*,#3698,.F.);
#3698 = EDGE_CURVE('',#3699,#3691,#3701,.T.);
#3699 = VERTEX_POINT('',#3700);
#3700 = CARTESIAN_POINT('',(4.82,-14.035,20.5));
#3701 = LINE('',#3702,#3703);
#3702 = CARTESIAN_POINT('',(4.82,-14.035,20.5));
#3703 = VECTOR('',#3704,1.);
#3704 = DIRECTION('',(-1.,-1.224646799147E-16,0.));
#3705 = ORIENTED_EDGE('',*,*,#3706,.T.);
#3706 = EDGE_CURVE('',#3699,#3665,#3707,.T.);
#3707 = LINE('',#3708,#3709);
#3708 = CARTESIAN_POINT('',(4.82,-14.035,20.5));
#3709 = VECTOR('',#3710,1.);
#3710 = DIRECTION('',(1.224646799147E-16,-1.,0.));
#3711 = FACE_BOUND('',#3712,.F.);
#3712 = EDGE_LOOP('',(#3713,#3723,#3731,#3739));
#3713 = ORIENTED_EDGE('',*,*,#3714,.F.);
#3714 = EDGE_CURVE('',#3715,#3717,#3719,.T.);
#3715 = VERTEX_POINT('',#3716);
#3716 = CARTESIAN_POINT('',(-15.67285402366,-10.54021693943,20.5));
#3717 = VERTEX_POINT('',#3718);
#3718 = CARTESIAN_POINT('',(-17.28885402366,-10.54021693943,20.5));
#3719 = LINE('',#3720,#3721);
#3720 = CARTESIAN_POINT('',(-15.67285402366,-10.54021693943,20.5));
#3721 = VECTOR('',#3722,1.);
#3722 = DIRECTION('',(-1.,-1.224646799147E-16,0.));
#3723 = ORIENTED_EDGE('',*,*,#3724,.T.);
#3724 = EDGE_CURVE('',#3715,#3725,#3727,.T.);
#3725 = VERTEX_POINT('',#3726);
#3726 = CARTESIAN_POINT('',(-15.67285402366,-11.14021693943,20.5));
#3727 = LINE('',#3728,#3729);
#3728 = CARTESIAN_POINT('',(-15.67285402366,-10.54021693943,20.5));
#3729 = VECTOR('',#3730,1.);
#3730 = DIRECTION('',(1.224646799147E-16,-1.,0.));
#3731 = ORIENTED_EDGE('',*,*,#3732,.T.);
#3732 = EDGE_CURVE('',#3725,#3733,#3735,.T.);
#3733 = VERTEX_POINT('',#3734);
#3734 = CARTESIAN_POINT('',(-17.28885402366,-11.14021693943,20.5));
#3735 = LINE('',#3736,#3737);
#3736 = CARTESIAN_POINT('',(-15.67285402366,-11.14021693943,20.5));
#3737 = VECTOR('',#3738,1.);
#3738 = DIRECTION('',(-1.,-1.224646799147E-16,0.));
#3739 = ORIENTED_EDGE('',*,*,#3740,.F.);
#3740 = EDGE_CURVE('',#3717,#3733,#3741,.T.);
#3741 = LINE('',#3742,#3743);
#3742 = CARTESIAN_POINT('',(-17.28885402366,-10.54021693943,20.5));
#3743 = VECTOR('',#3744,1.);
#3744 = DIRECTION('',(1.224646799147E-16,-1.,0.));
#3745 = FACE_BOUND('',#3746,.F.);
#3746 = EDGE_LOOP('',(#3747,#3757,#3765,#3773));
#3747 = ORIENTED_EDGE('',*,*,#3748,.F.);
#3748 = EDGE_CURVE('',#3749,#3751,#3753,.T.);
#3749 = VERTEX_POINT('',#3750);
#3750 = CARTESIAN_POINT('',(-17.83570135243,-6.688245517668,20.5));
#3751 = VERTEX_POINT('',#3752);
#3752 = CARTESIAN_POINT('',(-17.83570135243,-9.988245517668,20.5));
#3753 = LINE('',#3754,#3755);
#3754 = CARTESIAN_POINT('',(-17.83570135243,-6.688245517668,20.5));
#3755 = VECTOR('',#3756,1.);
#3756 = DIRECTION('',(1.110223024625E-16,-1.,0.));
#3757 = ORIENTED_EDGE('',*,*,#3758,.T.);
#3758 = EDGE_CURVE('',#3749,#3759,#3761,.T.);
#3759 = VERTEX_POINT('',#3760);
#3760 = CARTESIAN_POINT('',(-14.03550135243,-6.688245517668,20.5));
#3761 = LINE('',#3762,#3763);
#3762 = CARTESIAN_POINT('',(-17.83570135243,-6.688245517668,20.5));
#3763 = VECTOR('',#3764,1.);
#3764 = DIRECTION('',(1.,1.110223024625E-16,0.));
#3765 = ORIENTED_EDGE('',*,*,#3766,.T.);
#3766 = EDGE_CURVE('',#3759,#3767,#3769,.T.);
#3767 = VERTEX_POINT('',#3768);
#3768 = CARTESIAN_POINT('',(-14.03550135243,-9.988245517668,20.5));
#3769 = LINE('',#3770,#3771);
#3770 = CARTESIAN_POINT('',(-14.03550135243,-6.688245517668,20.5));
#3771 = VECTOR('',#3772,1.);
#3772 = DIRECTION('',(1.110223024625E-16,-1.,0.));
#3773 = ORIENTED_EDGE('',*,*,#3774,.F.);
#3774 = EDGE_CURVE('',#3751,#3767,#3775,.T.);
#3775 = LINE('',#3776,#3777);
#3776 = CARTESIAN_POINT('',(-17.83570135243,-9.988245517668,20.5));
#3777 = VECTOR('',#3778,1.);
#3778 = DIRECTION('',(1.,1.110223024625E-16,0.));
#3779 = FACE_BOUND('',#3780,.F.);
#3780 = EDGE_LOOP('',(#3781,#3791,#3799,#3807));
#3781 = ORIENTED_EDGE('',*,*,#3782,.F.);
#3782 = EDGE_CURVE('',#3783,#3785,#3787,.T.);
#3783 = VERTEX_POINT('',#3784);
#3784 = CARTESIAN_POINT('',(-9.886364666451,-10.04312841544,20.5));
#3785 = VERTEX_POINT('',#3786);
#3786 = CARTESIAN_POINT('',(-13.02636466645,-10.04312841544,20.5));
#3787 = LINE('',#3788,#3789);
#3788 = CARTESIAN_POINT('',(-9.886364666451,-10.04312841544,20.5));
#3789 = VECTOR('',#3790,1.);
#3790 = DIRECTION('',(-1.,-1.224646799147E-16,0.));
#3791 = ORIENTED_EDGE('',*,*,#3792,.T.);
#3792 = EDGE_CURVE('',#3783,#3793,#3795,.T.);
#3793 = VERTEX_POINT('',#3794);
#3794 = CARTESIAN_POINT('',(-9.886364666451,-11.54312841544,20.5));
#3795 = LINE('',#3796,#3797);
#3796 = CARTESIAN_POINT('',(-9.886364666451,-10.04312841544,20.5));
#3797 = VECTOR('',#3798,1.);
#3798 = DIRECTION('',(1.224646799147E-16,-1.,0.));
#3799 = ORIENTED_EDGE('',*,*,#3800,.T.);
#3800 = EDGE_CURVE('',#3793,#3801,#3803,.T.);
#3801 = VERTEX_POINT('',#3802);
#3802 = CARTESIAN_POINT('',(-13.02636466645,-11.54312841544,20.5));
#3803 = LINE('',#3804,#3805);
#3804 = CARTESIAN_POINT('',(-9.886364666451,-11.54312841544,20.5));
#3805 = VECTOR('',#3806,1.);
#3806 = DIRECTION('',(-1.,-1.224646799147E-16,0.));
#3807 = ORIENTED_EDGE('',*,*,#3808,.F.);
#3808 = EDGE_CURVE('',#3785,#3801,#3809,.T.);
#3809 = LINE('',#3810,#3811);
#3810 = CARTESIAN_POINT('',(-13.02636466645,-10.04312841544,20.5));
#3811 = VECTOR('',#3812,1.);
#3812 = DIRECTION('',(1.224646799147E-16,-1.,0.));
#3813 = FACE_BOUND('',#3814,.F.);
#3814 = EDGE_LOOP('',(#3815,#3825,#3833,#3841));
#3815 = ORIENTED_EDGE('',*,*,#3816,.F.);
#3816 = EDGE_CURVE('',#3817,#3819,#3821,.T.);
#3817 = VERTEX_POINT('',#3818);
#3818 = CARTESIAN_POINT('',(-12.27698744182,-7.923121557289,20.5));
#3819 = VERTEX_POINT('',#3820);
#3820 = CARTESIAN_POINT('',(-12.27698744182,-9.539121557289,20.5));
#3821 = LINE('',#3822,#3823);
#3822 = CARTESIAN_POINT('',(-12.27698744182,-7.923121557289,20.5));
#3823 = VECTOR('',#3824,1.);
#3824 = DIRECTION('',(1.110223024625E-16,-1.,0.));
#3825 = ORIENTED_EDGE('',*,*,#3826,.T.);
#3826 = EDGE_CURVE('',#3817,#3827,#3829,.T.);
#3827 = VERTEX_POINT('',#3828);
#3828 = CARTESIAN_POINT('',(-11.67698744182,-7.923121557289,20.5));
#3829 = LINE('',#3830,#3831);
#3830 = CARTESIAN_POINT('',(-12.27698744182,-7.923121557289,20.5));
#3831 = VECTOR('',#3832,1.);
#3832 = DIRECTION('',(1.,1.110223024625E-16,0.));
#3833 = ORIENTED_EDGE('',*,*,#3834,.T.);
#3834 = EDGE_CURVE('',#3827,#3835,#3837,.T.);
#3835 = VERTEX_POINT('',#3836);
#3836 = CARTESIAN_POINT('',(-11.67698744182,-9.539121557289,20.5));
#3837 = LINE('',#3838,#3839);
#3838 = CARTESIAN_POINT('',(-11.67698744182,-7.923121557289,20.5));
#3839 = VECTOR('',#3840,1.);
#3840 = DIRECTION('',(1.110223024625E-16,-1.,0.));
#3841 = ORIENTED_EDGE('',*,*,#3842,.F.);
#3842 = EDGE_CURVE('',#3819,#3835,#3843,.T.);
#3843 = LINE('',#3844,#3845);
#3844 = CARTESIAN_POINT('',(-12.27698744182,-9.539121557289,20.5));
#3845 = VECTOR('',#3846,1.);
#3846 = DIRECTION('',(1.,1.110223024625E-16,0.));
#3847 = FACE_BOUND('',#3848,.F.);
#3848 = EDGE_LOOP('',(#3849));
#3849 = ORIENTED_EDGE('',*,*,#3850,.F.);
#3850 = EDGE_CURVE('',#3851,#3851,#3853,.T.);
#3851 = VERTEX_POINT('',#3852);
#3852 = CARTESIAN_POINT('',(-8.9,-15.7,20.5));
#3853 = CIRCLE('',#3854,1.1);
#3854 = AXIS2_PLACEMENT_3D('',#3855,#3856,#3857);
#3855 = CARTESIAN_POINT('',(-10.,-15.7,20.5));
#3856 = DIRECTION('',(0.,0.,1.));
#3857 = DIRECTION('',(1.,0.,-0.));
#3858 = FACE_BOUND('',#3859,.F.);
#3859 = EDGE_LOOP('',(#3860,#3870,#3878,#3886));
#3860 = ORIENTED_EDGE('',*,*,#3861,.F.);
#3861 = EDGE_CURVE('',#3862,#3864,#3866,.T.);
#3862 = VERTEX_POINT('',#3863);
#3863 = CARTESIAN_POINT('',(-8.082814364349,-11.00297783353,20.5));
#3864 = VERTEX_POINT('',#3865);
#3865 = CARTESIAN_POINT('',(-8.082814364349,-12.61897783353,20.5));
#3866 = LINE('',#3867,#3868);
#3867 = CARTESIAN_POINT('',(-8.082814364349,-11.00297783353,20.5));
#3868 = VECTOR('',#3869,1.);
#3869 = DIRECTION('',(1.110223024625E-16,-1.,0.));
#3870 = ORIENTED_EDGE('',*,*,#3871,.T.);
#3871 = EDGE_CURVE('',#3862,#3872,#3874,.T.);
#3872 = VERTEX_POINT('',#3873);
#3873 = CARTESIAN_POINT('',(-7.482814364349,-11.00297783353,20.5));
#3874 = LINE('',#3875,#3876);
#3875 = CARTESIAN_POINT('',(-8.082814364349,-11.00297783353,20.5));
#3876 = VECTOR('',#3877,1.);
#3877 = DIRECTION('',(1.,1.110223024625E-16,0.));
#3878 = ORIENTED_EDGE('',*,*,#3879,.T.);
#3879 = EDGE_CURVE('',#3872,#3880,#3882,.T.);
#3880 = VERTEX_POINT('',#3881);
#3881 = CARTESIAN_POINT('',(-7.482814364349,-12.61897783353,20.5));
#3882 = LINE('',#3883,#3884);
#3883 = CARTESIAN_POINT('',(-7.482814364349,-11.00297783353,20.5));
#3884 = VECTOR('',#3885,1.);
#3885 = DIRECTION('',(1.110223024625E-16,-1.,0.));
#3886 = ORIENTED_EDGE('',*,*,#3887,.F.);
#3887 = EDGE_CURVE('',#3864,#3880,#3888,.T.);
#3888 = LINE('',#3889,#3890);
#3889 = CARTESIAN_POINT('',(-8.082814364349,-12.61897783353,20.5));
#3890 = VECTOR('',#3891,1.);
#3891 = DIRECTION('',(1.,1.110223024625E-16,0.));
#3892 = FACE_BOUND('',#3893,.F.);
#3893 = EDGE_LOOP('',(#3894,#3904,#3912,#3920));
#3894 = ORIENTED_EDGE('',*,*,#3895,.F.);
#3895 = EDGE_CURVE('',#3896,#3898,#3900,.T.);
#3896 = VERTEX_POINT('',#3897);
#3897 = CARTESIAN_POINT('',(-6.931630650646,-10.79550697182,20.5));
#3898 = VERTEX_POINT('',#3899);
#3899 = CARTESIAN_POINT('',(-6.931630650646,-13.93550697182,20.5));
#3900 = LINE('',#3901,#3902);
#3901 = CARTESIAN_POINT('',(-6.931630650646,-10.79550697182,20.5));
#3902 = VECTOR('',#3903,1.);
#3903 = DIRECTION('',(1.110223024625E-16,-1.,0.));
#3904 = ORIENTED_EDGE('',*,*,#3905,.T.);
#3905 = EDGE_CURVE('',#3896,#3906,#3908,.T.);
#3906 = VERTEX_POINT('',#3907);
#3907 = CARTESIAN_POINT('',(-5.431630650646,-10.79550697182,20.5));
#3908 = LINE('',#3909,#3910);
#3909 = CARTESIAN_POINT('',(-6.931630650646,-10.79550697182,20.5));
#3910 = VECTOR('',#3911,1.);
#3911 = DIRECTION('',(1.,1.110223024625E-16,0.));
#3912 = ORIENTED_EDGE('',*,*,#3913,.T.);
#3913 = EDGE_CURVE('',#3906,#3914,#3916,.T.);
#3914 = VERTEX_POINT('',#3915);
#3915 = CARTESIAN_POINT('',(-5.431630650646,-13.93550697182,20.5));
#3916 = LINE('',#3917,#3918);
#3917 = CARTESIAN_POINT('',(-5.431630650646,-10.79550697182,20.5));
#3918 = VECTOR('',#3919,1.);
#3919 = DIRECTION('',(1.110223024625E-16,-1.,0.));
#3920 = ORIENTED_EDGE('',*,*,#3921,.F.);
#3921 = EDGE_CURVE('',#3898,#3914,#3922,.T.);
#3922 = LINE('',#3923,#3924);
#3923 = CARTESIAN_POINT('',(-6.931630650646,-13.93550697182,20.5));
#3924 = VECTOR('',#3925,1.);
#3925 = DIRECTION('',(1.,1.110223024625E-16,0.));
#3926 = FACE_BOUND('',#3927,.F.);
#3927 = EDGE_LOOP('',(#3928,#3938,#3946,#3954));
#3928 = ORIENTED_EDGE('',*,*,#3929,.F.);
#3929 = EDGE_CURVE('',#3930,#3932,#3934,.T.);
#3930 = VERTEX_POINT('',#3931);
#3931 = CARTESIAN_POINT('',(-6.340705642359,-8.985967721348,20.5));
#3932 = VERTEX_POINT('',#3933);
#3933 = CARTESIAN_POINT('',(-9.340705642359,-8.985967721348,20.5));
#3934 = LINE('',#3935,#3936);
#3935 = CARTESIAN_POINT('',(-6.340705642359,-8.985967721348,20.5));
#3936 = VECTOR('',#3937,1.);
#3937 = DIRECTION('',(-1.,-1.224646799147E-16,0.));
#3938 = ORIENTED_EDGE('',*,*,#3939,.T.);
#3939 = EDGE_CURVE('',#3930,#3940,#3942,.T.);
#3940 = VERTEX_POINT('',#3941);
#3941 = CARTESIAN_POINT('',(-6.340705642359,-10.28596772134,20.5));
#3942 = LINE('',#3943,#3944);
#3943 = CARTESIAN_POINT('',(-6.340705642359,-8.985967721348,20.5));
#3944 = VECTOR('',#3945,1.);
#3945 = DIRECTION('',(1.224646799147E-16,-1.,0.));
#3946 = ORIENTED_EDGE('',*,*,#3947,.T.);
#3947 = EDGE_CURVE('',#3940,#3948,#3950,.T.);
#3948 = VERTEX_POINT('',#3949);
#3949 = CARTESIAN_POINT('',(-9.340705642359,-10.28596772134,20.5));
#3950 = LINE('',#3951,#3952);
#3951 = CARTESIAN_POINT('',(-6.340705642359,-10.28596772134,20.5));
#3952 = VECTOR('',#3953,1.);
#3953 = DIRECTION('',(-1.,-1.224646799147E-16,0.));
#3954 = ORIENTED_EDGE('',*,*,#3955,.F.);
#3955 = EDGE_CURVE('',#3932,#3948,#3956,.T.);
#3956 = LINE('',#3957,#3958);
#3957 = CARTESIAN_POINT('',(-9.340705642359,-8.985967721348,20.5));
#3958 = VECTOR('',#3959,1.);
#3959 = DIRECTION('',(1.224646799147E-16,-1.,0.));
#3960 = FACE_BOUND('',#3961,.F.);
#3961 = EDGE_LOOP('',(#3962,#3972,#3980,#3988));
#3962 = ORIENTED_EDGE('',*,*,#3963,.F.);
#3963 = EDGE_CURVE('',#3964,#3966,#3968,.T.);
#3964 = VERTEX_POINT('',#3965);
#3965 = CARTESIAN_POINT('',(-1.251398294591,-13.52521557104,20.5));
#3966 = VERTEX_POINT('',#3967);
#3967 = CARTESIAN_POINT('',(-1.251398294591,-10.67021557104,20.5));
#3968 = LINE('',#3969,#3970);
#3969 = CARTESIAN_POINT('',(-1.251398294591,-13.52521557104,20.5));
#3970 = VECTOR('',#3971,1.);
#3971 = DIRECTION('',(-2.22044604925E-16,1.,0.));
#3972 = ORIENTED_EDGE('',*,*,#3973,.T.);
#3973 = EDGE_CURVE('',#3964,#3974,#3976,.T.);
#3974 = VERTEX_POINT('',#3975);
#3975 = CARTESIAN_POINT('',(-2.826398294591,-13.52521557104,20.5));
#3976 = LINE('',#3977,#3978);
#3977 = CARTESIAN_POINT('',(-1.251398294591,-13.52521557104,20.5));
#3978 = VECTOR('',#3979,1.);
#3979 = DIRECTION('',(-1.,-2.22044604925E-16,0.));
#3980 = ORIENTED_EDGE('',*,*,#3981,.T.);
#3981 = EDGE_CURVE('',#3974,#3982,#3984,.T.);
#3982 = VERTEX_POINT('',#3983);
#3983 = CARTESIAN_POINT('',(-2.826398294591,-10.67021557104,20.5));
#3984 = LINE('',#3985,#3986);
#3985 = CARTESIAN_POINT('',(-2.826398294591,-13.52521557104,20.5));
#3986 = VECTOR('',#3987,1.);
#3987 = DIRECTION('',(-2.22044604925E-16,1.,0.));
#3988 = ORIENTED_EDGE('',*,*,#3989,.F.);
#3989 = EDGE_CURVE('',#3966,#3982,#3990,.T.);
#3990 = LINE('',#3991,#3992);
#3991 = CARTESIAN_POINT('',(-1.251398294591,-10.67021557104,20.5));
#3992 = VECTOR('',#3993,1.);
#3993 = DIRECTION('',(-1.,-2.22044604925E-16,0.));
#3994 = FACE_BOUND('',#3995,.F.);
#3995 = EDGE_LOOP('',(#3996,#4006,#4014,#4022));
#3996 = ORIENTED_EDGE('',*,*,#3997,.F.);
#3997 = EDGE_CURVE('',#3998,#4000,#4002,.T.);
#3998 = VERTEX_POINT('',#3999);
#3999 = CARTESIAN_POINT('',(-0.698855949124,-9.910685576456,20.5));
#4000 = VERTEX_POINT('',#4001);
#4001 = CARTESIAN_POINT('',(-0.698855949124,-11.52668557645,20.5));
#4002 = LINE('',#4003,#4004);
#4003 = CARTESIAN_POINT('',(-0.698855949124,-9.910685576456,20.5));
#4004 = VECTOR('',#4005,1.);
#4005 = DIRECTION('',(1.110223024625E-16,-1.,0.));
#4006 = ORIENTED_EDGE('',*,*,#4007,.T.);
#4007 = EDGE_CURVE('',#3998,#4008,#4010,.T.);
#4008 = VERTEX_POINT('',#4009);
#4009 = CARTESIAN_POINT('',(-9.885594912392E-02,-9.910685576456,20.5));
#4010 = LINE('',#4011,#4012);
#4011 = CARTESIAN_POINT('',(-0.698855949124,-9.910685576456,20.5));
#4012 = VECTOR('',#4013,1.);
#4013 = DIRECTION('',(1.,1.110223024625E-16,0.));
#4014 = ORIENTED_EDGE('',*,*,#4015,.T.);
#4015 = EDGE_CURVE('',#4008,#4016,#4018,.T.);
#4016 = VERTEX_POINT('',#4017);
#4017 = CARTESIAN_POINT('',(-9.885594912392E-02,-11.52668557645,20.5));
#4018 = LINE('',#4019,#4020);
#4019 = CARTESIAN_POINT('',(-9.885594912392E-02,-9.910685576456,20.5));
#4020 = VECTOR('',#4021,1.);
#4021 = DIRECTION('',(1.110223024625E-16,-1.,0.));
#4022 = ORIENTED_EDGE('',*,*,#4023,.F.);
#4023 = EDGE_CURVE('',#4000,#4016,#4024,.T.);
#4024 = LINE('',#4025,#4026);
#4025 = CARTESIAN_POINT('',(-0.698855949124,-11.52668557645,20.5));
#4026 = VECTOR('',#4027,1.);
#4027 = DIRECTION('',(1.,1.110223024625E-16,0.));
#4028 = FACE_BOUND('',#4029,.F.);
#4029 = EDGE_LOOP('',(#4030,#4040,#4048,#4056));
#4030 = ORIENTED_EDGE('',*,*,#4031,.F.);
#4031 = EDGE_CURVE('',#4032,#4034,#4036,.T.);
#4032 = VERTEX_POINT('',#4033);
#4033 = CARTESIAN_POINT('',(-17.76824361167,-5.287763426427,20.5));
#4034 = VERTEX_POINT('',#4035);
#4035 = CARTESIAN_POINT('',(-17.76824361167,-6.187763426427,20.5));
#4036 = LINE('',#4037,#4038);
#4037 = CARTESIAN_POINT('',(-17.76824361167,-5.287763426427,20.5));
#4038 = VECTOR('',#4039,1.);
#4039 = DIRECTION('',(1.110223024625E-16,-1.,0.));
#4040 = ORIENTED_EDGE('',*,*,#4041,.T.);
#4041 = EDGE_CURVE('',#4032,#4042,#4044,.T.);
#4042 = VERTEX_POINT('',#4043);
#4043 = CARTESIAN_POINT('',(-15.46824361167,-5.287763426427,20.5));
#4044 = LINE('',#4045,#4046);
#4045 = CARTESIAN_POINT('',(-17.76824361167,-5.287763426427,20.5));
#4046 = VECTOR('',#4047,1.);
#4047 = DIRECTION('',(1.,1.110223024625E-16,0.));
#4048 = ORIENTED_EDGE('',*,*,#4049,.T.);
#4049 = EDGE_CURVE('',#4042,#4050,#4052,.T.);
#4050 = VERTEX_POINT('',#4051);
#4051 = CARTESIAN_POINT('',(-15.46824361167,-6.187763426427,20.5));
#4052 = LINE('',#4053,#4054);
#4053 = CARTESIAN_POINT('',(-15.46824361167,-5.287763426427,20.5));
#4054 = VECTOR('',#4055,1.);
#4055 = DIRECTION('',(1.110223024625E-16,-1.,0.));
#4056 = ORIENTED_EDGE('',*,*,#4057,.F.);
#4057 = EDGE_CURVE('',#4034,#4050,#4058,.T.);
#4058 = LINE('',#4059,#4060);
#4059 = CARTESIAN_POINT('',(-17.76824361167,-6.187763426427,20.5));
#4060 = VECTOR('',#4061,1.);
#4061 = DIRECTION('',(1.,1.110223024625E-16,0.));
#4062 = FACE_BOUND('',#4063,.F.);
#4063 = EDGE_LOOP('',(#4064,#4074,#4082,#4090));
#4064 = ORIENTED_EDGE('',*,*,#4065,.F.);
#4065 = EDGE_CURVE('',#4066,#4068,#4070,.T.);
#4066 = VERTEX_POINT('',#4067);
#4067 = CARTESIAN_POINT('',(-12.88485781751,-8.336578426283,20.5));
#4068 = VERTEX_POINT('',#4069);
#4069 = CARTESIAN_POINT('',(-12.88485781751,-6.720578426283,20.5));
#4070 = LINE('',#4071,#4072);
#4071 = CARTESIAN_POINT('',(-12.88485781751,-8.336578426283,20.5));
#4072 = VECTOR('',#4073,1.);
#4073 = DIRECTION('',(-2.22044604925E-16,1.,0.));
#4074 = ORIENTED_EDGE('',*,*,#4075,.T.);
#4075 = EDGE_CURVE('',#4066,#4076,#4078,.T.);
#4076 = VERTEX_POINT('',#4077);
#4077 = CARTESIAN_POINT('',(-13.48485781751,-8.336578426283,20.5));
#4078 = LINE('',#4079,#4080);
#4079 = CARTESIAN_POINT('',(-12.88485781751,-8.336578426283,20.5));
#4080 = VECTOR('',#4081,1.);
#4081 = DIRECTION('',(-1.,-2.22044604925E-16,0.));
#4082 = ORIENTED_EDGE('',*,*,#4083,.T.);
#4083 = EDGE_CURVE('',#4076,#4084,#4086,.T.);
#4084 = VERTEX_POINT('',#4085);
#4085 = CARTESIAN_POINT('',(-13.48485781751,-6.720578426283,20.5));
#4086 = LINE('',#4087,#4088);
#4087 = CARTESIAN_POINT('',(-13.48485781751,-8.336578426283,20.5));
#4088 = VECTOR('',#4089,1.);
#4089 = DIRECTION('',(-2.22044604925E-16,1.,0.));
#4090 = ORIENTED_EDGE('',*,*,#4091,.F.);
#4091 = EDGE_CURVE('',#4068,#4084,#4092,.T.);
#4092 = LINE('',#4093,#4094);
#4093 = CARTESIAN_POINT('',(-12.88485781751,-6.720578426283,20.5));
#4094 = VECTOR('',#4095,1.);
#4095 = DIRECTION('',(-1.,-2.22044604925E-16,0.));
#4096 = FACE_BOUND('',#4097,.F.);
#4097 = EDGE_LOOP('',(#4098,#4108,#4116,#4124));
#4098 = ORIENTED_EDGE('',*,*,#4099,.F.);
#4099 = EDGE_CURVE('',#4100,#4102,#4104,.T.);
#4100 = VERTEX_POINT('',#4101);
#4101 = CARTESIAN_POINT('',(-14.96680067991,-6.186318442398,20.5));
#4102 = VERTEX_POINT('',#4103);
#4103 = CARTESIAN_POINT('',(-11.82680067991,-6.186318442398,20.5));
#4104 = LINE('',#4105,#4106);
#4105 = CARTESIAN_POINT('',(-14.96680067991,-6.186318442398,20.5));
#4106 = VECTOR('',#4107,1.);
#4107 = DIRECTION('',(1.,0.,0.));
#4108 = ORIENTED_EDGE('',*,*,#4109,.T.);
#4109 = EDGE_CURVE('',#4100,#4110,#4112,.T.);
#4110 = VERTEX_POINT('',#4111);
#4111 = CARTESIAN_POINT('',(-14.96680067991,-4.686318442398,20.5));
#4112 = LINE('',#4113,#4114);
#4113 = CARTESIAN_POINT('',(-14.96680067991,-6.186318442398,20.5));
#4114 = VECTOR('',#4115,1.);
#4115 = DIRECTION('',(0.,1.,0.));
#4116 = ORIENTED_EDGE('',*,*,#4117,.T.);
#4117 = EDGE_CURVE('',#4110,#4118,#4120,.T.);
#4118 = VERTEX_POINT('',#4119);
#4119 = CARTESIAN_POINT('',(-11.82680067991,-4.686318442398,20.5));
#4120 = LINE('',#4121,#4122);
#4121 = CARTESIAN_POINT('',(-14.96680067991,-4.686318442398,20.5));
#4122 = VECTOR('',#4123,1.);
#4123 = DIRECTION('',(1.,0.,0.));
#4124 = ORIENTED_EDGE('',*,*,#4125,.F.);
#4125 = EDGE_CURVE('',#4102,#4118,#4126,.T.);
#4126 = LINE('',#4127,#4128);
#4127 = CARTESIAN_POINT('',(-11.82680067991,-6.186318442398,20.5));
#4128 = VECTOR('',#4129,1.);
#4129 = DIRECTION('',(0.,1.,0.));
#4130 = FACE_BOUND('',#4131,.F.);
#4131 = EDGE_LOOP('',(#4132,#4142,#4150,#4158));
#4132 = ORIENTED_EDGE('',*,*,#4133,.F.);
#4133 = EDGE_CURVE('',#4134,#4136,#4138,.T.);
#4134 = VERTEX_POINT('',#4135);
#4135 = CARTESIAN_POINT('',(-19.29807401098,-0.938785775434,20.5));
#4136 = VERTEX_POINT('',#4137);
#4137 = CARTESIAN_POINT('',(-19.29807401098,-2.554785775434,20.5));
#4138 = LINE('',#4139,#4140);
#4139 = CARTESIAN_POINT('',(-19.29807401098,-0.938785775434,20.5));
#4140 = VECTOR('',#4141,1.);
#4141 = DIRECTION('',(1.110223024625E-16,-1.,0.));
#4142 = ORIENTED_EDGE('',*,*,#4143,.T.);
#4143 = EDGE_CURVE('',#4134,#4144,#4146,.T.);
#4144 = VERTEX_POINT('',#4145);
#4145 = CARTESIAN_POINT('',(-18.69807401098,-0.938785775434,20.5));
#4146 = LINE('',#4147,#4148);
#4147 = CARTESIAN_POINT('',(-19.29807401098,-0.938785775434,20.5));
#4148 = VECTOR('',#4149,1.);
#4149 = DIRECTION('',(1.,1.110223024625E-16,0.));
#4150 = ORIENTED_EDGE('',*,*,#4151,.T.);
#4151 = EDGE_CURVE('',#4144,#4152,#4154,.T.);
#4152 = VERTEX_POINT('',#4153);
#4153 = CARTESIAN_POINT('',(-18.69807401098,-2.554785775434,20.5));
#4154 = LINE('',#4155,#4156);
#4155 = CARTESIAN_POINT('',(-18.69807401098,-0.938785775434,20.5));
#4156 = VECTOR('',#4157,1.);
#4157 = DIRECTION('',(1.110223024625E-16,-1.,0.));
#4158 = ORIENTED_EDGE('',*,*,#4159,.F.);
#4159 = EDGE_CURVE('',#4136,#4152,#4160,.T.);
#4160 = LINE('',#4161,#4162);
#4161 = CARTESIAN_POINT('',(-19.29807401098,-2.554785775434,20.5));
#4162 = VECTOR('',#4163,1.);
#4163 = DIRECTION('',(1.,1.110223024625E-16,0.));
#4164 = FACE_BOUND('',#4165,.F.);
#4165 = EDGE_LOOP('',(#4166,#4176,#4184,#4192));
#4166 = ORIENTED_EDGE('',*,*,#4167,.F.);
#4167 = EDGE_CURVE('',#4168,#4170,#4172,.T.);
#4168 = VERTEX_POINT('',#4169);
#4169 = CARTESIAN_POINT('',(-16.08600977554,-0.984907679187,20.5));
#4170 = VERTEX_POINT('',#4171);
#4171 = CARTESIAN_POINT('',(-16.08600977554,-2.600907679187,20.5));
#4172 = LINE('',#4173,#4174);
#4173 = CARTESIAN_POINT('',(-16.08600977554,-0.984907679187,20.5));
#4174 = VECTOR('',#4175,1.);
#4175 = DIRECTION('',(1.110223024625E-16,-1.,0.));
#4176 = ORIENTED_EDGE('',*,*,#4177,.T.);
#4177 = EDGE_CURVE('',#4168,#4178,#4180,.T.);
#4178 = VERTEX_POINT('',#4179);
#4179 = CARTESIAN_POINT('',(-15.48600977554,-0.984907679187,20.5));
#4180 = LINE('',#4181,#4182);
#4181 = CARTESIAN_POINT('',(-16.08600977554,-0.984907679187,20.5));
#4182 = VECTOR('',#4183,1.);
#4183 = DIRECTION('',(1.,1.110223024625E-16,0.));
#4184 = ORIENTED_EDGE('',*,*,#4185,.T.);
#4185 = EDGE_CURVE('',#4178,#4186,#4188,.T.);
#4186 = VERTEX_POINT('',#4187);
#4187 = CARTESIAN_POINT('',(-15.48600977554,-2.600907679187,20.5));
#4188 = LINE('',#4189,#4190);
#4189 = CARTESIAN_POINT('',(-15.48600977554,-0.984907679187,20.5));
#4190 = VECTOR('',#4191,1.);
#4191 = DIRECTION('',(1.110223024625E-16,-1.,0.));
#4192 = ORIENTED_EDGE('',*,*,#4193,.F.);
#4193 = EDGE_CURVE('',#4170,#4186,#4194,.T.);
#4194 = LINE('',#4195,#4196);
#4195 = CARTESIAN_POINT('',(-16.08600977554,-2.600907679187,20.5));
#4196 = VECTOR('',#4197,1.);
#4197 = DIRECTION('',(1.,1.110223024625E-16,0.));
#4198 = FACE_BOUND('',#4199,.F.);
#4199 = EDGE_LOOP('',(#4200,#4210,#4218,#4226));
#4200 = ORIENTED_EDGE('',*,*,#4201,.F.);
#4201 = EDGE_CURVE('',#4202,#4204,#4206,.T.);
#4202 = VERTEX_POINT('',#4203);
#4203 = CARTESIAN_POINT('',(-14.87756018086,-2.557381148023,20.5));
#4204 = VERTEX_POINT('',#4205);
#4205 = CARTESIAN_POINT('',(-14.87756018086,-4.173381148023,20.5));
#4206 = LINE('',#4207,#4208);
#4207 = CARTESIAN_POINT('',(-14.87756018086,-2.557381148023,20.5));
#4208 = VECTOR('',#4209,1.);
#4209 = DIRECTION('',(1.110223024625E-16,-1.,0.));
#4210 = ORIENTED_EDGE('',*,*,#4211,.T.);
#4211 = EDGE_CURVE('',#4202,#4212,#4214,.T.);
#4212 = VERTEX_POINT('',#4213);
#4213 = CARTESIAN_POINT('',(-14.27756018086,-2.557381148023,20.5));
#4214 = LINE('',#4215,#4216);
#4215 = CARTESIAN_POINT('',(-14.87756018086,-2.557381148023,20.5));
#4216 = VECTOR('',#4217,1.);
#4217 = DIRECTION('',(1.,1.110223024625E-16,0.));
#4218 = ORIENTED_EDGE('',*,*,#4219,.T.);
#4219 = EDGE_CURVE('',#4212,#4220,#4222,.T.);
#4220 = VERTEX_POINT('',#4221);
#4221 = CARTESIAN_POINT('',(-14.27756018086,-4.173381148023,20.5));
#4222 = LINE('',#4223,#4224);
#4223 = CARTESIAN_POINT('',(-14.27756018086,-2.557381148023,20.5));
#4224 = VECTOR('',#4225,1.);
#4225 = DIRECTION('',(1.110223024625E-16,-1.,0.));
#4226 = ORIENTED_EDGE('',*,*,#4227,.F.);
#4227 = EDGE_CURVE('',#4204,#4220,#4228,.T.);
#4228 = LINE('',#4229,#4230);
#4229 = CARTESIAN_POINT('',(-14.87756018086,-4.173381148023,20.5));
#4230 = VECTOR('',#4231,1.);
#4231 = DIRECTION('',(1.,1.110223024625E-16,0.));
#4232 = FACE_BOUND('',#4233,.F.);
#4233 = EDGE_LOOP('',(#4234,#4244,#4252,#4260));
#4234 = ORIENTED_EDGE('',*,*,#4235,.F.);
#4235 = EDGE_CURVE('',#4236,#4238,#4240,.T.);
#4236 = VERTEX_POINT('',#4237);
#4237 = CARTESIAN_POINT('',(-8.52737691726,-7.398075300785,20.5));
#4238 = VERTEX_POINT('',#4239);
#4239 = CARTESIAN_POINT('',(-8.52737691726,-4.096075300785,20.5));
#4240 = LINE('',#4241,#4242);
#4241 = CARTESIAN_POINT('',(-8.52737691726,-7.398075300785,20.5));
#4242 = VECTOR('',#4243,1.);
#4243 = DIRECTION('',(-2.22044604925E-16,1.,0.));
#4244 = ORIENTED_EDGE('',*,*,#4245,.T.);
#4245 = EDGE_CURVE('',#4236,#4246,#4248,.T.);
#4246 = VERTEX_POINT('',#4247);
#4247 = CARTESIAN_POINT('',(-11.32137691726,-7.398075300785,20.5));
#4248 = LINE('',#4249,#4250);
#4249 = CARTESIAN_POINT('',(-8.52737691726,-7.398075300785,20.5));
#4250 = VECTOR('',#4251,1.);
#4251 = DIRECTION('',(-1.,-2.22044604925E-16,0.));
#4252 = ORIENTED_EDGE('',*,*,#4253,.T.);
#4253 = EDGE_CURVE('',#4246,#4254,#4256,.T.);
#4254 = VERTEX_POINT('',#4255);
#4255 = CARTESIAN_POINT('',(-11.32137691726,-4.096075300785,20.5));
#4256 = LINE('',#4257,#4258);
#4257 = CARTESIAN_POINT('',(-11.32137691726,-7.398075300785,20.5));
#4258 = VECTOR('',#4259,1.);
#4259 = DIRECTION('',(-2.22044604925E-16,1.,0.));
#4260 = ORIENTED_EDGE('',*,*,#4261,.F.);
#4261 = EDGE_CURVE('',#4238,#4254,#4262,.T.);
#4262 = LINE('',#4263,#4264);
#4263 = CARTESIAN_POINT('',(-8.52737691726,-4.096075300785,20.5));
#4264 = VECTOR('',#4265,1.);
#4265 = DIRECTION('',(-1.,-2.22044604925E-16,0.));
#4266 = FACE_BOUND('',#4267,.F.);
#4267 = EDGE_LOOP('',(#4268,#4278,#4286,#4294));
#4268 = ORIENTED_EDGE('',*,*,#4269,.F.);
#4269 = EDGE_CURVE('',#4270,#4272,#4274,.T.);
#4270 = VERTEX_POINT('',#4271);
#4271 = CARTESIAN_POINT('',(-7.791404359181,0.599785898614,20.5));
#4272 = VERTEX_POINT('',#4273);
#4273 = CARTESIAN_POINT('',(-7.791404359181,-1.016214101386,20.5));
#4274 = LINE('',#4275,#4276);
#4275 = CARTESIAN_POINT('',(-7.791404359181,0.599785898614,20.5));
#4276 = VECTOR('',#4277,1.);
#4277 = DIRECTION('',(1.110223024625E-16,-1.,0.));
#4278 = ORIENTED_EDGE('',*,*,#4279,.T.);
#4279 = EDGE_CURVE('',#4270,#4280,#4282,.T.);
#4280 = VERTEX_POINT('',#4281);
#4281 = CARTESIAN_POINT('',(-7.191404359181,0.599785898614,20.5));
#4282 = LINE('',#4283,#4284);
#4283 = CARTESIAN_POINT('',(-7.791404359181,0.599785898614,20.5));
#4284 = VECTOR('',#4285,1.);
#4285 = DIRECTION('',(1.,1.110223024625E-16,0.));
#4286 = ORIENTED_EDGE('',*,*,#4287,.T.);
#4287 = EDGE_CURVE('',#4280,#4288,#4290,.T.);
#4288 = VERTEX_POINT('',#4289);
#4289 = CARTESIAN_POINT('',(-7.191404359181,-1.016214101386,20.5));
#4290 = LINE('',#4291,#4292);
#4291 = CARTESIAN_POINT('',(-7.191404359181,0.599785898614,20.5));
#4292 = VECTOR('',#4293,1.);
#4293 = DIRECTION('',(1.110223024625E-16,-1.,0.));
#4294 = ORIENTED_EDGE('',*,*,#4295,.F.);
#4295 = EDGE_CURVE('',#4272,#4288,#4296,.T.);
#4296 = LINE('',#4297,#4298);
#4297 = CARTESIAN_POINT('',(-7.791404359181,-1.016214101386,20.5));
#4298 = VECTOR('',#4299,1.);
#4299 = DIRECTION('',(1.,1.110223024625E-16,0.));
#4300 = FACE_BOUND('',#4301,.F.);
#4301 = EDGE_LOOP('',(#4302,#4312,#4320,#4328));
#4302 = ORIENTED_EDGE('',*,*,#4303,.F.);
#4303 = EDGE_CURVE('',#4304,#4306,#4308,.T.);
#4304 = VERTEX_POINT('',#4305);
#4305 = CARTESIAN_POINT('',(-2.708704039484,-0.608949233824,20.5));
#4306 = VERTEX_POINT('',#4307);
#4307 = CARTESIAN_POINT('',(-2.708704039484,-2.224949233824,20.5));
#4308 = LINE('',#4309,#4310);
#4309 = CARTESIAN_POINT('',(-2.708704039484,-0.608949233824,20.5));
#4310 = VECTOR('',#4311,1.);
#4311 = DIRECTION('',(1.110223024625E-16,-1.,0.));
#4312 = ORIENTED_EDGE('',*,*,#4313,.T.);
#4313 = EDGE_CURVE('',#4304,#4314,#4316,.T.);
#4314 = VERTEX_POINT('',#4315);
#4315 = CARTESIAN_POINT('',(-2.108704039484,-0.608949233824,20.5));
#4316 = LINE('',#4317,#4318);
#4317 = CARTESIAN_POINT('',(-2.708704039484,-0.608949233824,20.5));
#4318 = VECTOR('',#4319,1.);
#4319 = DIRECTION('',(1.,1.110223024625E-16,0.));
#4320 = ORIENTED_EDGE('',*,*,#4321,.T.);
#4321 = EDGE_CURVE('',#4314,#4322,#4324,.T.);
#4322 = VERTEX_POINT('',#4323);
#4323 = CARTESIAN_POINT('',(-2.108704039484,-2.224949233824,20.5));
#4324 = LINE('',#4325,#4326);
#4325 = CARTESIAN_POINT('',(-2.108704039484,-0.608949233824,20.5));
#4326 = VECTOR('',#4327,1.);
#4327 = DIRECTION('',(1.110223024625E-16,-1.,0.));
#4328 = ORIENTED_EDGE('',*,*,#4329,.F.);
#4329 = EDGE_CURVE('',#4306,#4322,#4330,.T.);
#4330 = LINE('',#4331,#4332);
#4331 = CARTESIAN_POINT('',(-2.708704039484,-2.224949233824,20.5));
#4332 = VECTOR('',#4333,1.);
#4333 = DIRECTION('',(1.,1.110223024625E-16,0.));
#4334 = FACE_BOUND('',#4335,.F.);
#4335 = EDGE_LOOP('',(#4336,#4346,#4354,#4362));
#4336 = ORIENTED_EDGE('',*,*,#4337,.F.);
#4337 = EDGE_CURVE('',#4338,#4340,#4342,.T.);
#4338 = VERTEX_POINT('',#4339);
#4339 = CARTESIAN_POINT('',(5.986221927933,-15.06660592625,20.5));
#4340 = VERTEX_POINT('',#4341);
#4341 = CARTESIAN_POINT('',(5.986221927933,-16.68260592625,20.5));
#4342 = LINE('',#4343,#4344);
#4343 = CARTESIAN_POINT('',(5.986221927933,-15.06660592625,20.5));
#4344 = VECTOR('',#4345,1.);
#4345 = DIRECTION('',(1.110223024625E-16,-1.,0.));
#4346 = ORIENTED_EDGE('',*,*,#4347,.T.);
#4347 = EDGE_CURVE('',#4338,#4348,#4350,.T.);
#4348 = VERTEX_POINT('',#4349);
#4349 = CARTESIAN_POINT('',(6.586221927933,-15.06660592625,20.5));
#4350 = LINE('',#4351,#4352);
#4351 = CARTESIAN_POINT('',(5.986221927933,-15.06660592625,20.5));
#4352 = VECTOR('',#4353,1.);
#4353 = DIRECTION('',(1.,1.110223024625E-16,0.));
#4354 = ORIENTED_EDGE('',*,*,#4355,.T.);
#4355 = EDGE_CURVE('',#4348,#4356,#4358,.T.);
#4356 = VERTEX_POINT('',#4357);
#4357 = CARTESIAN_POINT('',(6.586221927933,-16.68260592625,20.5));
#4358 = LINE('',#4359,#4360);
#4359 = CARTESIAN_POINT('',(6.586221927933,-15.06660592625,20.5));
#4360 = VECTOR('',#4361,1.);
#4361 = DIRECTION('',(1.110223024625E-16,-1.,0.));
#4362 = ORIENTED_EDGE('',*,*,#4363,.F.);
#4363 = EDGE_CURVE('',#4340,#4356,#4364,.T.);
#4364 = LINE('',#4365,#4366);
#4365 = CARTESIAN_POINT('',(5.986221927933,-16.68260592625,20.5));
#4366 = VECTOR('',#4367,1.);
#4367 = DIRECTION('',(1.,1.110223024625E-16,0.));
#4368 = FACE_BOUND('',#4369,.F.);
#4369 = EDGE_LOOP('',(#4370,#4380,#4388,#4396));
#4370 = ORIENTED_EDGE('',*,*,#4371,.F.);
#4371 = EDGE_CURVE('',#4372,#4374,#4376,.T.);
#4372 = VERTEX_POINT('',#4373);
#4373 = CARTESIAN_POINT('',(7.57007064913,-16.03734537199,20.5));
#4374 = VERTEX_POINT('',#4375);
#4375 = CARTESIAN_POINT('',(9.18607064913,-16.03734537199,20.5));
#4376 = LINE('',#4377,#4378);
#4377 = CARTESIAN_POINT('',(7.57007064913,-16.03734537199,20.5));
#4378 = VECTOR('',#4379,1.);
#4379 = DIRECTION('',(1.,0.,0.));
#4380 = ORIENTED_EDGE('',*,*,#4381,.T.);
#4381 = EDGE_CURVE('',#4372,#4382,#4384,.T.);
#4382 = VERTEX_POINT('',#4383);
#4383 = CARTESIAN_POINT('',(7.57007064913,-15.43734537199,20.5));
#4384 = LINE('',#4385,#4386);
#4385 = CARTESIAN_POINT('',(7.57007064913,-16.03734537199,20.5));
#4386 = VECTOR('',#4387,1.);
#4387 = DIRECTION('',(0.,1.,0.));
#4388 = ORIENTED_EDGE('',*,*,#4389,.T.);
#4389 = EDGE_CURVE('',#4382,#4390,#4392,.T.);
#4390 = VERTEX_POINT('',#4391);
#4391 = CARTESIAN_POINT('',(9.18607064913,-15.43734537199,20.5));
#4392 = LINE('',#4393,#4394);
#4393 = CARTESIAN_POINT('',(7.57007064913,-15.43734537199,20.5));
#4394 = VECTOR('',#4395,1.);
#4395 = DIRECTION('',(1.,0.,0.));
#4396 = ORIENTED_EDGE('',*,*,#4397,.F.);
#4397 = EDGE_CURVE('',#4374,#4390,#4398,.T.);
#4398 = LINE('',#4399,#4400);
#4399 = CARTESIAN_POINT('',(9.18607064913,-16.03734537199,20.5));
#4400 = VECTOR('',#4401,1.);
#4401 = DIRECTION('',(0.,1.,0.));
#4402 = FACE_BOUND('',#4403,.F.);
#4403 = EDGE_LOOP('',(#4404,#4414,#4422,#4430));
#4404 = ORIENTED_EDGE('',*,*,#4405,.F.);
#4405 = EDGE_CURVE('',#4406,#4408,#4410,.T.);
#4406 = VERTEX_POINT('',#4407);
#4407 = CARTESIAN_POINT('',(7.60048692397,-14.8147608881,20.5));
#4408 = VERTEX_POINT('',#4409);
#4409 = CARTESIAN_POINT('',(9.21648692397,-14.8147608881,20.5));
#4410 = LINE('',#4411,#4412);
#4411 = CARTESIAN_POINT('',(7.60048692397,-14.8147608881,20.5));
#4412 = VECTOR('',#4413,1.);
#4413 = DIRECTION('',(1.,0.,0.));
#4414 = ORIENTED_EDGE('',*,*,#4415,.T.);
#4415 = EDGE_CURVE('',#4406,#4416,#4418,.T.);
#4416 = VERTEX_POINT('',#4417);
#4417 = CARTESIAN_POINT('',(7.60048692397,-14.2147608881,20.5));
#4418 = LINE('',#4419,#4420);
#4419 = CARTESIAN_POINT('',(7.60048692397,-14.8147608881,20.5));
#4420 = VECTOR('',#4421,1.);
#4421 = DIRECTION('',(0.,1.,0.));
#4422 = ORIENTED_EDGE('',*,*,#4423,.T.);
#4423 = EDGE_CURVE('',#4416,#4424,#4426,.T.);
#4424 = VERTEX_POINT('',#4425);
#4425 = CARTESIAN_POINT('',(9.21648692397,-14.2147608881,20.5));
#4426 = LINE('',#4427,#4428);
#4427 = CARTESIAN_POINT('',(7.60048692397,-14.2147608881,20.5));
#4428 = VECTOR('',#4429,1.);
#4429 = DIRECTION('',(1.,0.,0.));
#4430 = ORIENTED_EDGE('',*,*,#4431,.F.);
#4431 = EDGE_CURVE('',#4408,#4424,#4432,.T.);
#4432 = LINE('',#4433,#4434);
#4433 = CARTESIAN_POINT('',(9.21648692397,-14.8147608881,20.5));
#4434 = VECTOR('',#4435,1.);
#4435 = DIRECTION('',(0.,1.,0.));
#4436 = FACE_BOUND('',#4437,.F.);
#4437 = EDGE_LOOP('',(#4438,#4448,#4456,#4464));
#4438 = ORIENTED_EDGE('',*,*,#4439,.F.);
#4439 = EDGE_CURVE('',#4440,#4442,#4444,.T.);
#4440 = VERTEX_POINT('',#4441);
#4441 = CARTESIAN_POINT('',(15.60518567348,-9.409486853725,20.5));
#4442 = VERTEX_POINT('',#4443);
#4443 = CARTESIAN_POINT('',(13.98918567348,-9.409486853725,20.5));
#4444 = LINE('',#4445,#4446);
#4445 = CARTESIAN_POINT('',(15.60518567348,-9.409486853725,20.5));
#4446 = VECTOR('',#4447,1.);
#4447 = DIRECTION('',(-1.,-1.224646799147E-16,0.));
#4448 = ORIENTED_EDGE('',*,*,#4449,.T.);
#4449 = EDGE_CURVE('',#4440,#4450,#4452,.T.);
#4450 = VERTEX_POINT('',#4451);
#4451 = CARTESIAN_POINT('',(15.60518567348,-10.00948685372,20.5));
#4452 = LINE('',#4453,#4454);
#4453 = CARTESIAN_POINT('',(15.60518567348,-9.409486853725,20.5));
#4454 = VECTOR('',#4455,1.);
#4455 = DIRECTION('',(1.224646799147E-16,-1.,0.));
#4456 = ORIENTED_EDGE('',*,*,#4457,.T.);
#4457 = EDGE_CURVE('',#4450,#4458,#4460,.T.);
#4458 = VERTEX_POINT('',#4459);
#4459 = CARTESIAN_POINT('',(13.98918567348,-10.00948685372,20.5));
#4460 = LINE('',#4461,#4462);
#4461 = CARTESIAN_POINT('',(15.60518567348,-10.00948685372,20.5));
#4462 = VECTOR('',#4463,1.);
#4463 = DIRECTION('',(-1.,-1.224646799147E-16,0.));
#4464 = ORIENTED_EDGE('',*,*,#4465,.F.);
#4465 = EDGE_CURVE('',#4442,#4458,#4466,.T.);
#4466 = LINE('',#4467,#4468);
#4467 = CARTESIAN_POINT('',(13.98918567348,-9.409486853725,20.5));
#4468 = VECTOR('',#4469,1.);
#4469 = DIRECTION('',(1.224646799147E-16,-1.,0.));
#4470 = FACE_BOUND('',#4471,.F.);
#4471 = EDGE_LOOP('',(#4472,#4482,#4490,#4498));
#4472 = ORIENTED_EDGE('',*,*,#4473,.F.);
#4473 = EDGE_CURVE('',#4474,#4476,#4478,.T.);
#4474 = VERTEX_POINT('',#4475);
#4475 = CARTESIAN_POINT('',(3.867734393755,-7.263573629224,20.5));
#4476 = VERTEX_POINT('',#4477);
#4477 = CARTESIAN_POINT('',(2.251734393755,-7.263573629224,20.5));
#4478 = LINE('',#4479,#4480);
#4479 = CARTESIAN_POINT('',(3.867734393755,-7.263573629224,20.5));
#4480 = VECTOR('',#4481,1.);
#4481 = DIRECTION('',(-1.,-1.224646799147E-16,0.));
#4482 = ORIENTED_EDGE('',*,*,#4483,.T.);
#4483 = EDGE_CURVE('',#4474,#4484,#4486,.T.);
#4484 = VERTEX_POINT('',#4485);
#4485 = CARTESIAN_POINT('',(3.867734393755,-7.863573629224,20.5));
#4486 = LINE('',#4487,#4488);
#4487 = CARTESIAN_POINT('',(3.867734393755,-7.263573629224,20.5));
#4488 = VECTOR('',#4489,1.);
#4489 = DIRECTION('',(1.224646799147E-16,-1.,0.));
#4490 = ORIENTED_EDGE('',*,*,#4491,.T.);
#4491 = EDGE_CURVE('',#4484,#4492,#4494,.T.);
#4492 = VERTEX_POINT('',#4493);
#4493 = CARTESIAN_POINT('',(2.251734393755,-7.863573629224,20.5));
#4494 = LINE('',#4495,#4496);
#4495 = CARTESIAN_POINT('',(3.867734393755,-7.863573629224,20.5));
#4496 = VECTOR('',#4497,1.);
#4497 = DIRECTION('',(-1.,-1.224646799147E-16,0.));
#4498 = ORIENTED_EDGE('',*,*,#4499,.F.);
#4499 = EDGE_CURVE('',#4476,#4492,#4500,.T.);
#4500 = LINE('',#4501,#4502);
#4501 = CARTESIAN_POINT('',(2.251734393755,-7.263573629224,20.5));
#4502 = VECTOR('',#4503,1.);
#4503 = DIRECTION('',(1.224646799147E-16,-1.,0.));
#4504 = FACE_BOUND('',#4505,.F.);
#4505 = EDGE_LOOP('',(#4506,#4516,#4524,#4532));
#4506 = ORIENTED_EDGE('',*,*,#4507,.F.);
#4507 = EDGE_CURVE('',#4508,#4510,#4512,.T.);
#4508 = VERTEX_POINT('',#4509);
#4509 = CARTESIAN_POINT('',(4.417902375496,-6.456269936188,20.5));
#4510 = VERTEX_POINT('',#4511);
#4511 = CARTESIAN_POINT('',(4.417902375496,-8.072269936188,20.5));
#4512 = LINE('',#4513,#4514);
#4513 = CARTESIAN_POINT('',(4.417902375496,-6.456269936188,20.5));
#4514 = VECTOR('',#4515,1.);
#4515 = DIRECTION('',(1.110223024625E-16,-1.,0.));
#4516 = ORIENTED_EDGE('',*,*,#4517,.T.);
#4517 = EDGE_CURVE('',#4508,#4518,#4520,.T.);
#4518 = VERTEX_POINT('',#4519);
#4519 = CARTESIAN_POINT('',(5.017902375496,-6.456269936188,20.5));
#4520 = LINE('',#4521,#4522);
#4521 = CARTESIAN_POINT('',(4.417902375496,-6.456269936188,20.5));
#4522 = VECTOR('',#4523,1.);
#4523 = DIRECTION('',(1.,1.110223024625E-16,0.));
#4524 = ORIENTED_EDGE('',*,*,#4525,.T.);
#4525 = EDGE_CURVE('',#4518,#4526,#4528,.T.);
#4526 = VERTEX_POINT('',#4527);
#4527 = CARTESIAN_POINT('',(5.017902375496,-8.072269936188,20.5));
#4528 = LINE('',#4529,#4530);
#4529 = CARTESIAN_POINT('',(5.017902375496,-6.456269936188,20.5));
#4530 = VECTOR('',#4531,1.);
#4531 = DIRECTION('',(1.110223024625E-16,-1.,0.));
#4532 = ORIENTED_EDGE('',*,*,#4533,.F.);
#4533 = EDGE_CURVE('',#4510,#4526,#4534,.T.);
#4534 = LINE('',#4535,#4536);
#4535 = CARTESIAN_POINT('',(4.417902375496,-8.072269936188,20.5));
#4536 = VECTOR('',#4537,1.);
#4537 = DIRECTION('',(1.,1.110223024625E-16,0.));
#4538 = FACE_BOUND('',#4539,.F.);
#4539 = EDGE_LOOP('',(#4540,#4550,#4558,#4566));
#4540 = ORIENTED_EDGE('',*,*,#4541,.F.);
#4541 = EDGE_CURVE('',#4542,#4544,#4546,.T.);
#4542 = VERTEX_POINT('',#4543);
#4543 = CARTESIAN_POINT('',(3.867361371674,-5.928689148711,20.5));
#4544 = VERTEX_POINT('',#4545);
#4545 = CARTESIAN_POINT('',(2.251361371674,-5.928689148711,20.5));
#4546 = LINE('',#4547,#4548);
#4547 = CARTESIAN_POINT('',(3.867361371674,-5.928689148711,20.5));
#4548 = VECTOR('',#4549,1.);
#4549 = DIRECTION('',(-1.,-1.224646799147E-16,0.));
#4550 = ORIENTED_EDGE('',*,*,#4551,.T.);
#4551 = EDGE_CURVE('',#4542,#4552,#4554,.T.);
#4552 = VERTEX_POINT('',#4553);
#4553 = CARTESIAN_POINT('',(3.867361371674,-6.528689148711,20.5));
#4554 = LINE('',#4555,#4556);
#4555 = CARTESIAN_POINT('',(3.867361371674,-5.928689148711,20.5));
#4556 = VECTOR('',#4557,1.);
#4557 = DIRECTION('',(1.224646799147E-16,-1.,0.));
#4558 = ORIENTED_EDGE('',*,*,#4559,.T.);
#4559 = EDGE_CURVE('',#4552,#4560,#4562,.T.);
#4560 = VERTEX_POINT('',#4561);
#4561 = CARTESIAN_POINT('',(2.251361371674,-6.528689148711,20.5));
#4562 = LINE('',#4563,#4564);
#4563 = CARTESIAN_POINT('',(3.867361371674,-6.528689148711,20.5));
#4564 = VECTOR('',#4565,1.);
#4565 = DIRECTION('',(-1.,-1.224646799147E-16,0.));
#4566 = ORIENTED_EDGE('',*,*,#4567,.F.);
#4567 = EDGE_CURVE('',#4544,#4560,#4568,.T.);
#4568 = LINE('',#4569,#4570);
#4569 = CARTESIAN_POINT('',(2.251361371674,-5.928689148711,20.5));
#4570 = VECTOR('',#4571,1.);
#4571 = DIRECTION('',(1.224646799147E-16,-1.,0.));
#4572 = FACE_BOUND('',#4573,.F.);
#4573 = EDGE_LOOP('',(#4574,#4584,#4592,#4600));
#4574 = ORIENTED_EDGE('',*,*,#4575,.F.);
#4575 = EDGE_CURVE('',#4576,#4578,#4580,.T.);
#4576 = VERTEX_POINT('',#4577);
#4577 = CARTESIAN_POINT('',(5.553202375496,-8.689569936188,20.5));
#4578 = VERTEX_POINT('',#4579);
#4579 = CARTESIAN_POINT('',(9.903202375496,-8.689569936188,20.5));
#4580 = LINE('',#4581,#4582);
#4581 = CARTESIAN_POINT('',(5.553202375496,-8.689569936188,20.5));
#4582 = VECTOR('',#4583,1.);
#4583 = DIRECTION('',(1.,0.,0.));
#4584 = ORIENTED_EDGE('',*,*,#4585,.T.);
#4585 = EDGE_CURVE('',#4576,#4586,#4588,.T.);
#4586 = VERTEX_POINT('',#4587);
#4587 = CARTESIAN_POINT('',(5.553202375496,-4.489569936188,20.5));
#4588 = LINE('',#4589,#4590);
#4589 = CARTESIAN_POINT('',(5.553202375496,-8.689569936188,20.5));
#4590 = VECTOR('',#4591,1.);
#4591 = DIRECTION('',(0.,1.,0.));
#4592 = ORIENTED_EDGE('',*,*,#4593,.T.);
#4593 = EDGE_CURVE('',#4586,#4594,#4596,.T.);
#4594 = VERTEX_POINT('',#4595);
#4595 = CARTESIAN_POINT('',(9.903202375496,-4.489569936188,20.5));
#4596 = LINE('',#4597,#4598);
#4597 = CARTESIAN_POINT('',(5.553202375496,-4.489569936188,20.5));
#4598 = VECTOR('',#4599,1.);
#4599 = DIRECTION('',(1.,0.,0.));
#4600 = ORIENTED_EDGE('',*,*,#4601,.F.);
#4601 = EDGE_CURVE('',#4578,#4594,#4602,.T.);
#4602 = LINE('',#4603,#4604);
#4603 = CARTESIAN_POINT('',(9.903202375496,-8.689569936188,20.5));
#4604 = VECTOR('',#4605,1.);
#4605 = DIRECTION('',(0.,1.,0.));
#4606 = FACE_BOUND('',#4607,.F.);
#4607 = EDGE_LOOP('',(#4608,#4618,#4626,#4634));
#4608 = ORIENTED_EDGE('',*,*,#4609,.F.);
#4609 = EDGE_CURVE('',#4610,#4612,#4614,.T.);
#4610 = VERTEX_POINT('',#4611);
#4611 = CARTESIAN_POINT('',(9.497622354699,0.117548807341,20.5));
#4612 = VERTEX_POINT('',#4613);
#4613 = CARTESIAN_POINT('',(7.881622354699,0.117548807341,20.5));
#4614 = LINE('',#4615,#4616);
#4615 = CARTESIAN_POINT('',(9.497622354699,0.117548807341,20.5));
#4616 = VECTOR('',#4617,1.);
#4617 = DIRECTION('',(-1.,-1.224646799147E-16,0.));
#4618 = ORIENTED_EDGE('',*,*,#4619,.T.);
#4619 = EDGE_CURVE('',#4610,#4620,#4622,.T.);
#4620 = VERTEX_POINT('',#4621);
#4621 = CARTESIAN_POINT('',(9.497622354699,-0.482451192659,20.5));
#4622 = LINE('',#4623,#4624);
#4623 = CARTESIAN_POINT('',(9.497622354699,0.117548807341,20.5));
#4624 = VECTOR('',#4625,1.);
#4625 = DIRECTION('',(1.224646799147E-16,-1.,0.));
#4626 = ORIENTED_EDGE('',*,*,#4627,.T.);
#4627 = EDGE_CURVE('',#4620,#4628,#4630,.T.);
#4628 = VERTEX_POINT('',#4629);
#4629 = CARTESIAN_POINT('',(7.881622354699,-0.482451192659,20.5));
#4630 = LINE('',#4631,#4632);
#4631 = CARTESIAN_POINT('',(9.497622354699,-0.482451192659,20.5));
#4632 = VECTOR('',#4633,1.);
#4633 = DIRECTION('',(-1.,-1.224646799147E-16,0.));
#4634 = ORIENTED_EDGE('',*,*,#4635,.F.);
#4635 = EDGE_CURVE('',#4612,#4628,#4636,.T.);
#4636 = LINE('',#4637,#4638);
#4637 = CARTESIAN_POINT('',(7.881622354699,0.117548807341,20.5));
#4638 = VECTOR('',#4639,1.);
#4639 = DIRECTION('',(1.224646799147E-16,-1.,0.));
#4640 = FACE_BOUND('',#4641,.F.);
#4641 = EDGE_LOOP('',(#4642,#4652,#4660,#4668));
#4642 = ORIENTED_EDGE('',*,*,#4643,.F.);
#4643 = EDGE_CURVE('',#4644,#4646,#4648,.T.);
#4644 = VERTEX_POINT('',#4645);
#4645 = CARTESIAN_POINT('',(11.321300237581,-5.229750771369,20.5));
#4646 = VERTEX_POINT('',#4647);
#4647 = CARTESIAN_POINT('',(11.321300237581,-8.004750771369,20.5));
#4648 = LINE('',#4649,#4650);
#4649 = CARTESIAN_POINT('',(11.321300237581,-5.229750771369,20.5));
#4650 = VECTOR('',#4651,1.);
#4651 = DIRECTION('',(1.110223024625E-16,-1.,0.));
#4652 = ORIENTED_EDGE('',*,*,#4653,.T.);
#4653 = EDGE_CURVE('',#4644,#4654,#4656,.T.);
#4654 = VERTEX_POINT('',#4655);
#4655 = CARTESIAN_POINT('',(12.321300237581,-5.229750771369,20.5));
#4656 = LINE('',#4657,#4658);
#4657 = CARTESIAN_POINT('',(11.321300237581,-5.229750771369,20.5));
#4658 = VECTOR('',#4659,1.);
#4659 = DIRECTION('',(1.,1.110223024625E-16,0.));
#4660 = ORIENTED_EDGE('',*,*,#4661,.T.);
#4661 = EDGE_CURVE('',#4654,#4662,#4664,.T.);
#4662 = VERTEX_POINT('',#4663);
#4663 = CARTESIAN_POINT('',(12.321300237581,-8.004750771369,20.5));
#4664 = LINE('',#4665,#4666);
#4665 = CARTESIAN_POINT('',(12.321300237581,-5.229750771369,20.5));
#4666 = VECTOR('',#4667,1.);
#4667 = DIRECTION('',(1.110223024625E-16,-1.,0.));
#4668 = ORIENTED_EDGE('',*,*,#4669,.F.);
#4669 = EDGE_CURVE('',#4646,#4662,#4670,.T.);
#4670 = LINE('',#4671,#4672);
#4671 = CARTESIAN_POINT('',(11.321300237581,-8.004750771369,20.5));
#4672 = VECTOR('',#4673,1.);
#4673 = DIRECTION('',(1.,1.110223024625E-16,0.));
#4674 = FACE_BOUND('',#4675,.F.);
#4675 = EDGE_LOOP('',(#4676,#4686,#4694,#4702));
#4676 = ORIENTED_EDGE('',*,*,#4677,.F.);
#4677 = EDGE_CURVE('',#4678,#4680,#4682,.T.);
#4678 = VERTEX_POINT('',#4679);
#4679 = CARTESIAN_POINT('',(13.632891285691,-7.892748799903,20.5));
#4680 = VERTEX_POINT('',#4681);
#4681 = CARTESIAN_POINT('',(13.632891285691,-6.276748799903,20.5));
#4682 = LINE('',#4683,#4684);
#4683 = CARTESIAN_POINT('',(13.632891285691,-7.892748799903,20.5));
#4684 = VECTOR('',#4685,1.);
#4685 = DIRECTION('',(-2.22044604925E-16,1.,0.));
#4686 = ORIENTED_EDGE('',*,*,#4687,.T.);
#4687 = EDGE_CURVE('',#4678,#4688,#4690,.T.);
#4688 = VERTEX_POINT('',#4689);
#4689 = CARTESIAN_POINT('',(13.032891285691,-7.892748799903,20.5));
#4690 = LINE('',#4691,#4692);
#4691 = CARTESIAN_POINT('',(13.632891285691,-7.892748799903,20.5));
#4692 = VECTOR('',#4693,1.);
#4693 = DIRECTION('',(-1.,-2.22044604925E-16,0.));
#4694 = ORIENTED_EDGE('',*,*,#4695,.T.);
#4695 = EDGE_CURVE('',#4688,#4696,#4698,.T.);
#4696 = VERTEX_POINT('',#4697);
#4697 = CARTESIAN_POINT('',(13.032891285691,-6.276748799903,20.5));
#4698 = LINE('',#4699,#4700);
#4699 = CARTESIAN_POINT('',(13.032891285691,-7.892748799903,20.5));
#4700 = VECTOR('',#4701,1.);
#4701 = DIRECTION('',(-2.22044604925E-16,1.,0.));
#4702 = ORIENTED_EDGE('',*,*,#4703,.F.);
#4703 = EDGE_CURVE('',#4680,#4696,#4704,.T.);
#4704 = LINE('',#4705,#4706);
#4705 = CARTESIAN_POINT('',(13.632891285691,-6.276748799903,20.5));
#4706 = VECTOR('',#4707,1.);
#4707 = DIRECTION('',(-1.,-2.22044604925E-16,0.));
#4708 = FACE_BOUND('',#4709,.F.);
#4709 = EDGE_LOOP('',(#4710,#4720,#4728,#4736));
#4710 = ORIENTED_EDGE('',*,*,#4711,.F.);
#4711 = EDGE_CURVE('',#4712,#4714,#4716,.T.);
#4712 = VERTEX_POINT('',#4713);
#4713 = CARTESIAN_POINT('',(17.304807756616,-8.853620625866,20.5));
#4714 = VERTEX_POINT('',#4715);
#4715 = CARTESIAN_POINT('',(17.304807756616,-5.503620625866,20.5));
#4716 = LINE('',#4717,#4718);
#4717 = CARTESIAN_POINT('',(17.304807756616,-8.853620625866,20.5));
#4718 = VECTOR('',#4719,1.);
#4719 = DIRECTION('',(-2.22044604925E-16,1.,0.));
#4720 = ORIENTED_EDGE('',*,*,#4721,.T.);
#4721 = EDGE_CURVE('',#4712,#4722,#4724,.T.);
#4722 = VERTEX_POINT('',#4723);
#4723 = CARTESIAN_POINT('',(14.184807756616,-8.853620625866,20.5));
#4724 = LINE('',#4725,#4726);
#4725 = CARTESIAN_POINT('',(17.304807756616,-8.853620625866,20.5));
#4726 = VECTOR('',#4727,1.);
#4727 = DIRECTION('',(-1.,-2.22044604925E-16,0.));
#4728 = ORIENTED_EDGE('',*,*,#4729,.T.);
#4729 = EDGE_CURVE('',#4722,#4730,#4732,.T.);
#4730 = VERTEX_POINT('',#4731);
#4731 = CARTESIAN_POINT('',(14.184807756616,-5.503620625866,20.5));
#4732 = LINE('',#4733,#4734);
#4733 = CARTESIAN_POINT('',(14.184807756616,-8.853620625866,20.5));
#4734 = VECTOR('',#4735,1.);
#4735 = DIRECTION('',(-2.22044604925E-16,1.,0.));
#4736 = ORIENTED_EDGE('',*,*,#4737,.F.);
#4737 = EDGE_CURVE('',#4714,#4730,#4738,.T.);
#4738 = LINE('',#4739,#4740);
#4739 = CARTESIAN_POINT('',(17.304807756616,-5.503620625866,20.5));
#4740 = VECTOR('',#4741,1.);
#4741 = DIRECTION('',(-1.,-2.22044604925E-16,0.));
#4742 = FACE_BOUND('',#4743,.F.);
#4743 = EDGE_LOOP('',(#4744,#4754,#4762,#4770));
#4744 = ORIENTED_EDGE('',*,*,#4745,.F.);
#4745 = EDGE_CURVE('',#4746,#4748,#4750,.T.);
#4746 = VERTEX_POINT('',#4747);
#4747 = CARTESIAN_POINT('',(11.317876909736,-1.954600395502,20.5));
#4748 = VERTEX_POINT('',#4749);
#4749 = CARTESIAN_POINT('',(11.317876909736,-4.729600395502,20.5));
#4750 = LINE('',#4751,#4752);
#4751 = CARTESIAN_POINT('',(11.317876909736,-1.954600395502,20.5));
#4752 = VECTOR('',#4753,1.);
#4753 = DIRECTION('',(1.110223024625E-16,-1.,0.));
#4754 = ORIENTED_EDGE('',*,*,#4755,.T.);
#4755 = EDGE_CURVE('',#4746,#4756,#4758,.T.);
#4756 = VERTEX_POINT('',#4757);
#4757 = CARTESIAN_POINT('',(12.317876909736,-1.954600395502,20.5));
#4758 = LINE('',#4759,#4760);
#4759 = CARTESIAN_POINT('',(11.317876909736,-1.954600395502,20.5));
#4760 = VECTOR('',#4761,1.);
#4761 = DIRECTION('',(1.,1.110223024625E-16,0.));
#4762 = ORIENTED_EDGE('',*,*,#4763,.T.);
#4763 = EDGE_CURVE('',#4756,#4764,#4766,.T.);
#4764 = VERTEX_POINT('',#4765);
#4765 = CARTESIAN_POINT('',(12.317876909736,-4.729600395502,20.5));
#4766 = LINE('',#4767,#4768);
#4767 = CARTESIAN_POINT('',(12.317876909736,-1.954600395502,20.5));
#4768 = VECTOR('',#4769,1.);
#4769 = DIRECTION('',(1.110223024625E-16,-1.,0.));
#4770 = ORIENTED_EDGE('',*,*,#4771,.F.);
#4771 = EDGE_CURVE('',#4748,#4764,#4772,.T.);
#4772 = LINE('',#4773,#4774);
#4773 = CARTESIAN_POINT('',(11.317876909736,-4.729600395502,20.5));
#4774 = VECTOR('',#4775,1.);
#4775 = DIRECTION('',(1.,1.110223024625E-16,0.));
#4776 = FACE_BOUND('',#4777,.F.);
#4777 = EDGE_LOOP('',(#4778,#4788,#4796,#4804));
#4778 = ORIENTED_EDGE('',*,*,#4779,.F.);
#4779 = EDGE_CURVE('',#4780,#4782,#4784,.T.);
#4780 = VERTEX_POINT('',#4781);
#4781 = CARTESIAN_POINT('',(10.048575249816,-0.23876189901,20.5));
#4782 = VERTEX_POINT('',#4783);
#4783 = CARTESIAN_POINT('',(10.048575249816,-1.85476189901,20.5));
#4784 = LINE('',#4785,#4786);
#4785 = CARTESIAN_POINT('',(10.048575249816,-0.23876189901,20.5));
#4786 = VECTOR('',#4787,1.);
#4787 = DIRECTION('',(1.110223024625E-16,-1.,0.));
#4788 = ORIENTED_EDGE('',*,*,#4789,.T.);
#4789 = EDGE_CURVE('',#4780,#4790,#4792,.T.);
#4790 = VERTEX_POINT('',#4791);
#4791 = CARTESIAN_POINT('',(10.648575249816,-0.23876189901,20.5));
#4792 = LINE('',#4793,#4794);
#4793 = CARTESIAN_POINT('',(10.048575249816,-0.23876189901,20.5));
#4794 = VECTOR('',#4795,1.);
#4795 = DIRECTION('',(1.,1.110223024625E-16,0.));
#4796 = ORIENTED_EDGE('',*,*,#4797,.T.);
#4797 = EDGE_CURVE('',#4790,#4798,#4800,.T.);
#4798 = VERTEX_POINT('',#4799);
#4799 = CARTESIAN_POINT('',(10.648575249816,-1.85476189901,20.5));
#4800 = LINE('',#4801,#4802);
#4801 = CARTESIAN_POINT('',(10.648575249816,-0.23876189901,20.5));
#4802 = VECTOR('',#4803,1.);
#4803 = DIRECTION('',(1.110223024625E-16,-1.,0.));
#4804 = ORIENTED_EDGE('',*,*,#4805,.F.);
#4805 = EDGE_CURVE('',#4782,#4798,#4806,.T.);
#4806 = LINE('',#4807,#4808);
#4807 = CARTESIAN_POINT('',(10.048575249816,-1.85476189901,20.5));
#4808 = VECTOR('',#4809,1.);
#4809 = DIRECTION('',(1.,1.110223024625E-16,0.));
#4810 = FACE_BOUND('',#4811,.F.);
#4811 = EDGE_LOOP('',(#4812,#4822,#4830,#4838));
#4812 = ORIENTED_EDGE('',*,*,#4813,.F.);
#4813 = EDGE_CURVE('',#4814,#4816,#4818,.T.);
#4814 = VERTEX_POINT('',#4815);
#4815 = CARTESIAN_POINT('',(13.07885166531,3.222679028851,20.5));
#4816 = VERTEX_POINT('',#4817);
#4817 = CARTESIAN_POINT('',(13.07885166531,-4.737320971149,20.5));
#4818 = LINE('',#4819,#4820);
#4819 = CARTESIAN_POINT('',(13.07885166531,3.222679028851,20.5));
#4820 = VECTOR('',#4821,1.);
#4821 = DIRECTION('',(1.110223024625E-16,-1.,0.));
#4822 = ORIENTED_EDGE('',*,*,#4823,.T.);
#4823 = EDGE_CURVE('',#4814,#4824,#4826,.T.);
#4824 = VERTEX_POINT('',#4825);
#4825 = CARTESIAN_POINT('',(19.79885166531,3.222679028851,20.5));
#4826 = LINE('',#4827,#4828);
#4827 = CARTESIAN_POINT('',(13.07885166531,3.222679028851,20.5));
#4828 = VECTOR('',#4829,1.);
#4829 = DIRECTION('',(1.,1.110223024625E-16,0.));
#4830 = ORIENTED_EDGE('',*,*,#4831,.T.);
#4831 = EDGE_CURVE('',#4824,#4832,#4834,.T.);
#4832 = VERTEX_POINT('',#4833);
#4833 = CARTESIAN_POINT('',(19.79885166531,-4.737320971149,20.5));
#4834 = LINE('',#4835,#4836);
#4835 = CARTESIAN_POINT('',(19.79885166531,3.222679028851,20.5));
#4836 = VECTOR('',#4837,1.);
#4837 = DIRECTION('',(1.110223024625E-16,-1.,0.));
#4838 = ORIENTED_EDGE('',*,*,#4839,.F.);
#4839 = EDGE_CURVE('',#4816,#4832,#4840,.T.);
#4840 = LINE('',#4841,#4842);
#4841 = CARTESIAN_POINT('',(13.07885166531,-4.737320971149,20.5));
#4842 = VECTOR('',#4843,1.);
#4843 = DIRECTION('',(1.,1.110223024625E-16,0.));
#4844 = FACE_BOUND('',#4845,.F.);
#4845 = EDGE_LOOP('',(#4846,#4856,#4864,#4872));
#4846 = ORIENTED_EDGE('',*,*,#4847,.F.);
#4847 = EDGE_CURVE('',#4848,#4850,#4852,.T.);
#4848 = VERTEX_POINT('',#4849);
#4849 = CARTESIAN_POINT('',(-16.93943433463,3.735463978032,20.5));
#4850 = VERTEX_POINT('',#4851);
#4851 = CARTESIAN_POINT('',(-20.28423433463,3.735463978032,20.5));
#4852 = LINE('',#4853,#4854);
#4853 = CARTESIAN_POINT('',(-16.93943433463,3.735463978032,20.5));
#4854 = VECTOR('',#4855,1.);
#4855 = DIRECTION('',(-1.,-1.224646799147E-16,0.));
#4856 = ORIENTED_EDGE('',*,*,#4857,.T.);
#4857 = EDGE_CURVE('',#4848,#4858,#4860,.T.);
#4858 = VERTEX_POINT('',#4859);
#4859 = CARTESIAN_POINT('',(-16.93943433463,0.535463978032,20.5));
#4860 = LINE('',#4861,#4862);
#4861 = CARTESIAN_POINT('',(-16.93943433463,3.735463978032,20.5));
#4862 = VECTOR('',#4863,1.);
#4863 = DIRECTION('',(1.224646799147E-16,-1.,0.));
#4864 = ORIENTED_EDGE('',*,*,#4865,.T.);
#4865 = EDGE_CURVE('',#4858,#4866,#4868,.T.);
#4866 = VERTEX_POINT('',#4867);
#4867 = CARTESIAN_POINT('',(-20.28423433463,0.535463978032,20.5));
#4868 = LINE('',#4869,#4870);
#4869 = CARTESIAN_POINT('',(-16.93943433463,0.535463978032,20.5));
#4870 = VECTOR('',#4871,1.);
#4871 = DIRECTION('',(-1.,-1.224646799147E-16,0.));
#4872 = ORIENTED_EDGE('',*,*,#4873,.F.);
#4873 = EDGE_CURVE('',#4850,#4866,#4874,.T.);
#4874 = LINE('',#4875,#4876);
#4875 = CARTESIAN_POINT('',(-20.28423433463,3.735463978032,20.5));
#4876 = VECTOR('',#4877,1.);
#4877 = DIRECTION('',(1.224646799147E-16,-1.,0.));
#4878 = FACE_BOUND('',#4879,.F.);
#4879 = EDGE_LOOP('',(#4880,#4890,#4898,#4906));
#4880 = ORIENTED_EDGE('',*,*,#4881,.F.);
#4881 = EDGE_CURVE('',#4882,#4884,#4886,.T.);
#4882 = VERTEX_POINT('',#4883);
#4883 = CARTESIAN_POINT('',(-11.75963186362,2.715653353816,20.5));
#4884 = VERTEX_POINT('',#4885);
#4885 = CARTESIAN_POINT('',(-15.10443186362,2.715653353816,20.5));
#4886 = LINE('',#4887,#4888);
#4887 = CARTESIAN_POINT('',(-11.75963186362,2.715653353816,20.5));
#4888 = VECTOR('',#4889,1.);
#4889 = DIRECTION('',(-1.,-1.224646799147E-16,0.));
#4890 = ORIENTED_EDGE('',*,*,#4891,.T.);
#4891 = EDGE_CURVE('',#4882,#4892,#4894,.T.);
#4892 = VERTEX_POINT('',#4893);
#4893 = CARTESIAN_POINT('',(-11.75963186362,-0.484346646184,20.5));
#4894 = LINE('',#4895,#4896);
#4895 = CARTESIAN_POINT('',(-11.75963186362,2.715653353816,20.5));
#4896 = VECTOR('',#4897,1.);
#4897 = DIRECTION('',(1.224646799147E-16,-1.,0.));
#4898 = ORIENTED_EDGE('',*,*,#4899,.T.);
#4899 = EDGE_CURVE('',#4892,#4900,#4902,.T.);
#4900 = VERTEX_POINT('',#4901);
#4901 = CARTESIAN_POINT('',(-15.10443186362,-0.484346646184,20.5));
#4902 = LINE('',#4903,#4904);
#4903 = CARTESIAN_POINT('',(-11.75963186362,-0.484346646184,20.5));
#4904 = VECTOR('',#4905,1.);
#4905 = DIRECTION('',(-1.,-1.224646799147E-16,0.));
#4906 = ORIENTED_EDGE('',*,*,#4907,.F.);
#4907 = EDGE_CURVE('',#4884,#4900,#4908,.T.);
#4908 = LINE('',#4909,#4910);
#4909 = CARTESIAN_POINT('',(-15.10443186362,2.715653353816,20.5));
#4910 = VECTOR('',#4911,1.);
#4911 = DIRECTION('',(1.224646799147E-16,-1.,0.));
#4912 = FACE_BOUND('',#4913,.F.);
#4913 = EDGE_LOOP('',(#4914,#4924,#4932,#4940));
#4914 = ORIENTED_EDGE('',*,*,#4915,.F.);
#4915 = EDGE_CURVE('',#4916,#4918,#4920,.T.);
#4916 = VERTEX_POINT('',#4917);
#4917 = CARTESIAN_POINT('',(-10.96549286294,1.491530471783,20.5));
#4918 = VERTEX_POINT('',#4919);
#4919 = CARTESIAN_POINT('',(-10.96549286294,-0.124469528217,20.5));
#4920 = LINE('',#4921,#4922);
#4921 = CARTESIAN_POINT('',(-10.96549286294,1.491530471783,20.5));
#4922 = VECTOR('',#4923,1.);
#4923 = DIRECTION('',(1.110223024625E-16,-1.,0.));
#4924 = ORIENTED_EDGE('',*,*,#4925,.T.);
#4925 = EDGE_CURVE('',#4916,#4926,#4928,.T.);
#4926 = VERTEX_POINT('',#4927);
#4927 = CARTESIAN_POINT('',(-10.36549286294,1.491530471783,20.5));
#4928 = LINE('',#4929,#4930);
#4929 = CARTESIAN_POINT('',(-10.96549286294,1.491530471783,20.5));
#4930 = VECTOR('',#4931,1.);
#4931 = DIRECTION('',(1.,1.110223024625E-16,0.));
#4932 = ORIENTED_EDGE('',*,*,#4933,.T.);
#4933 = EDGE_CURVE('',#4926,#4934,#4936,.T.);
#4934 = VERTEX_POINT('',#4935);
#4935 = CARTESIAN_POINT('',(-10.36549286294,-0.124469528217,20.5));
#4936 = LINE('',#4937,#4938);
#4937 = CARTESIAN_POINT('',(-10.36549286294,1.491530471783,20.5));
#4938 = VECTOR('',#4939,1.);
#4939 = DIRECTION('',(1.110223024625E-16,-1.,0.));
#4940 = ORIENTED_EDGE('',*,*,#4941,.F.);
#4941 = EDGE_CURVE('',#4918,#4934,#4942,.T.);
#4942 = LINE('',#4943,#4944);
#4943 = CARTESIAN_POINT('',(-10.96549286294,-0.124469528217,20.5));
#4944 = VECTOR('',#4945,1.);
#4945 = DIRECTION('',(1.,1.110223024625E-16,0.));
#4946 = FACE_BOUND('',#4947,.F.);
#4947 = EDGE_LOOP('',(#4948,#4958,#4966,#4974));
#4948 = ORIENTED_EDGE('',*,*,#4949,.F.);
#4949 = EDGE_CURVE('',#4950,#4952,#4954,.T.);
#4950 = VERTEX_POINT('',#4951);
#4951 = CARTESIAN_POINT('',(-16.97188183746,5.006574769993,20.5));
#4952 = VERTEX_POINT('',#4953);
#4953 = CARTESIAN_POINT('',(-16.97188183746,6.622574769993,20.5));
#4954 = LINE('',#4955,#4956);
#4955 = CARTESIAN_POINT('',(-16.97188183746,5.006574769993,20.5));
#4956 = VECTOR('',#4957,1.);
#4957 = DIRECTION('',(-2.22044604925E-16,1.,0.));
#4958 = ORIENTED_EDGE('',*,*,#4959,.T.);
#4959 = EDGE_CURVE('',#4950,#4960,#4962,.T.);
#4960 = VERTEX_POINT('',#4961);
#4961 = CARTESIAN_POINT('',(-17.57188183746,5.006574769993,20.5));
#4962 = LINE('',#4963,#4964);
#4963 = CARTESIAN_POINT('',(-16.97188183746,5.006574769993,20.5));
#4964 = VECTOR('',#4965,1.);
#4965 = DIRECTION('',(-1.,-2.22044604925E-16,0.));
#4966 = ORIENTED_EDGE('',*,*,#4967,.T.);
#4967 = EDGE_CURVE('',#4960,#4968,#4970,.T.);
#4968 = VERTEX_POINT('',#4969);
#4969 = CARTESIAN_POINT('',(-17.57188183746,6.622574769993,20.5));
#4970 = LINE('',#4971,#4972);
#4971 = CARTESIAN_POINT('',(-17.57188183746,5.006574769993,20.5));
#4972 = VECTOR('',#4973,1.);
#4973 = DIRECTION('',(-2.22044604925E-16,1.,0.));
#4974 = ORIENTED_EDGE('',*,*,#4975,.F.);
#4975 = EDGE_CURVE('',#4952,#4968,#4976,.T.);
#4976 = LINE('',#4977,#4978);
#4977 = CARTESIAN_POINT('',(-16.97188183746,6.622574769993,20.5));
#4978 = VECTOR('',#4979,1.);
#4979 = DIRECTION('',(-1.,-2.22044604925E-16,0.));
#4980 = FACE_BOUND('',#4981,.F.);
#4981 = EDGE_LOOP('',(#4982,#4992,#5000,#5008));
#4982 = ORIENTED_EDGE('',*,*,#4983,.F.);
#4983 = EDGE_CURVE('',#4984,#4986,#4988,.T.);
#4984 = VERTEX_POINT('',#4985);
#4985 = CARTESIAN_POINT('',(-6.641297624504,2.185930063812,20.5));
#4986 = VERTEX_POINT('',#4987);
#4987 = CARTESIAN_POINT('',(-6.641297624504,-0.814069936188,20.5));
#4988 = LINE('',#4989,#4990);
#4989 = CARTESIAN_POINT('',(-6.641297624504,2.185930063812,20.5));
#4990 = VECTOR('',#4991,1.);
#4991 = DIRECTION('',(1.110223024625E-16,-1.,0.));
#4992 = ORIENTED_EDGE('',*,*,#4993,.T.);
#4993 = EDGE_CURVE('',#4984,#4994,#4996,.T.);
#4994 = VERTEX_POINT('',#4995);
#4995 = CARTESIAN_POINT('',(-4.141297624504,2.185930063812,20.5));
#4996 = LINE('',#4997,#4998);
#4997 = CARTESIAN_POINT('',(-6.641297624504,2.185930063812,20.5));
#4998 = VECTOR('',#4999,1.);
#4999 = DIRECTION('',(1.,1.110223024625E-16,0.));
#5000 = ORIENTED_EDGE('',*,*,#5001,.T.);
#5001 = EDGE_CURVE('',#4994,#5002,#5004,.T.);
#5002 = VERTEX_POINT('',#5003);
#5003 = CARTESIAN_POINT('',(-4.141297624504,-0.814069936188,20.5));
#5004 = LINE('',#5005,#5006);
#5005 = CARTESIAN_POINT('',(-4.141297624504,2.185930063812,20.5));
#5006 = VECTOR('',#5007,1.);
#5007 = DIRECTION('',(1.110223024625E-16,-1.,0.));
#5008 = ORIENTED_EDGE('',*,*,#5009,.F.);
#5009 = EDGE_CURVE('',#4986,#5002,#5010,.T.);
#5010 = LINE('',#5011,#5012);
#5011 = CARTESIAN_POINT('',(-6.641297624504,-0.814069936188,20.5));
#5012 = VECTOR('',#5013,1.);
#5013 = DIRECTION('',(1.,1.110223024625E-16,0.));
#5014 = FACE_BOUND('',#5015,.F.);
#5015 = EDGE_LOOP('',(#5016,#5026,#5034,#5042));
#5016 = ORIENTED_EDGE('',*,*,#5017,.F.);
#5017 = EDGE_CURVE('',#5018,#5020,#5022,.T.);
#5018 = VERTEX_POINT('',#5019);
#5019 = CARTESIAN_POINT('',(-7.191345760015,1.106026898728,20.5));
#5020 = VERTEX_POINT('',#5021);
#5021 = CARTESIAN_POINT('',(-7.191345760015,2.722026898728,20.5));
#5022 = LINE('',#5023,#5024);
#5023 = CARTESIAN_POINT('',(-7.191345760015,1.106026898728,20.5));
#5024 = VECTOR('',#5025,1.);
#5025 = DIRECTION('',(-2.22044604925E-16,1.,0.));
#5026 = ORIENTED_EDGE('',*,*,#5027,.T.);
#5027 = EDGE_CURVE('',#5018,#5028,#5030,.T.);
#5028 = VERTEX_POINT('',#5029);
#5029 = CARTESIAN_POINT('',(-7.791345760015,1.106026898728,20.5));
#5030 = LINE('',#5031,#5032);
#5031 = CARTESIAN_POINT('',(-7.191345760015,1.106026898728,20.5));
#5032 = VECTOR('',#5033,1.);
#5033 = DIRECTION('',(-1.,-2.22044604925E-16,0.));
#5034 = ORIENTED_EDGE('',*,*,#5035,.T.);
#5035 = EDGE_CURVE('',#5028,#5036,#5038,.T.);
#5036 = VERTEX_POINT('',#5037);
#5037 = CARTESIAN_POINT('',(-7.791345760015,2.722026898728,20.5));
#5038 = LINE('',#5039,#5040);
#5039 = CARTESIAN_POINT('',(-7.791345760015,1.106026898728,20.5));
#5040 = VECTOR('',#5041,1.);
#5041 = DIRECTION('',(-2.22044604925E-16,1.,0.));
#5042 = ORIENTED_EDGE('',*,*,#5043,.F.);
#5043 = EDGE_CURVE('',#5020,#5036,#5044,.T.);
#5044 = LINE('',#5045,#5046);
#5045 = CARTESIAN_POINT('',(-7.191345760015,2.722026898728,20.5));
#5046 = VECTOR('',#5047,1.);
#5047 = DIRECTION('',(-1.,-2.22044604925E-16,0.));
#5048 = FACE_BOUND('',#5049,.F.);
#5049 = EDGE_LOOP('',(#5050,#5060,#5068,#5076));
#5050 = ORIENTED_EDGE('',*,*,#5051,.F.);
#5051 = EDGE_CURVE('',#5052,#5054,#5056,.T.);
#5052 = VERTEX_POINT('',#5053);
#5053 = CARTESIAN_POINT('',(-4.957769016699,3.336206288068,20.5));
#5054 = VERTEX_POINT('',#5055);
#5055 = CARTESIAN_POINT('',(-6.573769016699,3.336206288068,20.5));
#5056 = LINE('',#5057,#5058);
#5057 = CARTESIAN_POINT('',(-4.957769016699,3.336206288068,20.5));
#5058 = VECTOR('',#5059,1.);
#5059 = DIRECTION('',(-1.,-1.224646799147E-16,0.));
#5060 = ORIENTED_EDGE('',*,*,#5061,.T.);
#5061 = EDGE_CURVE('',#5052,#5062,#5064,.T.);
#5062 = VERTEX_POINT('',#5063);
#5063 = CARTESIAN_POINT('',(-4.957769016699,2.736206288068,20.5));
#5064 = LINE('',#5065,#5066);
#5065 = CARTESIAN_POINT('',(-4.957769016699,3.336206288068,20.5));
#5066 = VECTOR('',#5067,1.);
#5067 = DIRECTION('',(1.224646799147E-16,-1.,0.));
#5068 = ORIENTED_EDGE('',*,*,#5069,.T.);
#5069 = EDGE_CURVE('',#5062,#5070,#5072,.T.);
#5070 = VERTEX_POINT('',#5071);
#5071 = CARTESIAN_POINT('',(-6.573769016699,2.736206288068,20.5));
#5072 = LINE('',#5073,#5074);
#5073 = CARTESIAN_POINT('',(-4.957769016699,2.736206288068,20.5));
#5074 = VECTOR('',#5075,1.);
#5075 = DIRECTION('',(-1.,-1.224646799147E-16,0.));
#5076 = ORIENTED_EDGE('',*,*,#5077,.F.);
#5077 = EDGE_CURVE('',#5054,#5070,#5078,.T.);
#5078 = LINE('',#5079,#5080);
#5079 = CARTESIAN_POINT('',(-6.573769016699,3.336206288068,20.5));
#5080 = VECTOR('',#5081,1.);
#5081 = DIRECTION('',(1.224646799147E-16,-1.,0.));
#5082 = FACE_BOUND('',#5083,.F.);
#5083 = EDGE_LOOP('',(#5084,#5094,#5102,#5110));
#5084 = ORIENTED_EDGE('',*,*,#5085,.F.);
#5085 = EDGE_CURVE('',#5086,#5088,#5090,.T.);
#5086 = VERTEX_POINT('',#5087);
#5087 = CARTESIAN_POINT('',(-3.913297624504,-5.856993618807E-02,20.5));
#5088 = VERTEX_POINT('',#5089);
#5089 = CARTESIAN_POINT('',(-2.297297624504,-5.856993618807E-02,20.5));
#5090 = LINE('',#5091,#5092);
#5091 = CARTESIAN_POINT('',(-3.913297624504,-5.856993618807E-02,20.5));
#5092 = VECTOR('',#5093,1.);
#5093 = DIRECTION('',(1.,0.,0.));
#5094 = ORIENTED_EDGE('',*,*,#5095,.T.);
#5095 = EDGE_CURVE('',#5086,#5096,#5098,.T.);
#5096 = VERTEX_POINT('',#5097);
#5097 = CARTESIAN_POINT('',(-3.913297624504,0.541430063812,20.5));
#5098 = LINE('',#5099,#5100);
#5099 = CARTESIAN_POINT('',(-3.913297624504,-5.856993618807E-02,20.5));
#5100 = VECTOR('',#5101,1.);
#5101 = DIRECTION('',(0.,1.,0.));
#5102 = ORIENTED_EDGE('',*,*,#5103,.T.);
#5103 = EDGE_CURVE('',#5096,#5104,#5106,.T.);
#5104 = VERTEX_POINT('',#5105);
#5105 = CARTESIAN_POINT('',(-2.297297624504,0.541430063812,20.5));
#5106 = LINE('',#5107,#5108);
#5107 = CARTESIAN_POINT('',(-3.913297624504,0.541430063812,20.5));
#5108 = VECTOR('',#5109,1.);
#5109 = DIRECTION('',(1.,0.,0.));
#5110 = ORIENTED_EDGE('',*,*,#5111,.F.);
#5111 = EDGE_CURVE('',#5088,#5104,#5112,.T.);
#5112 = LINE('',#5113,#5114);
#5113 = CARTESIAN_POINT('',(-2.297297624504,-5.856993618807E-02,20.5));
#5114 = VECTOR('',#5115,1.);
#5115 = DIRECTION('',(0.,1.,0.));
#5116 = FACE_BOUND('',#5117,.F.);
#5117 = EDGE_LOOP('',(#5118,#5128,#5136,#5144));
#5118 = ORIENTED_EDGE('',*,*,#5119,.F.);
#5119 = EDGE_CURVE('',#5120,#5122,#5124,.T.);
#5120 = VERTEX_POINT('',#5121);
#5121 = CARTESIAN_POINT('',(-2.024031902044,1.742343654191,20.5));
#5122 = VERTEX_POINT('',#5123);
#5123 = CARTESIAN_POINT('',(-3.640031902044,1.742343654191,20.5));
#5124 = LINE('',#5125,#5126);
#5125 = CARTESIAN_POINT('',(-2.024031902044,1.742343654191,20.5));
#5126 = VECTOR('',#5127,1.);
#5127 = DIRECTION('',(-1.,-1.224646799147E-16,0.));
#5128 = ORIENTED_EDGE('',*,*,#5129,.T.);
#5129 = EDGE_CURVE('',#5120,#5130,#5132,.T.);
#5130 = VERTEX_POINT('',#5131);
#5131 = CARTESIAN_POINT('',(-2.024031902044,1.142343654191,20.5));
#5132 = LINE('',#5133,#5134);
#5133 = CARTESIAN_POINT('',(-2.024031902044,1.742343654191,20.5));
#5134 = VECTOR('',#5135,1.);
#5135 = DIRECTION('',(1.224646799147E-16,-1.,0.));
#5136 = ORIENTED_EDGE('',*,*,#5137,.T.);
#5137 = EDGE_CURVE('',#5130,#5138,#5140,.T.);
#5138 = VERTEX_POINT('',#5139);
#5139 = CARTESIAN_POINT('',(-3.640031902044,1.142343654191,20.5));
#5140 = LINE('',#5141,#5142);
#5141 = CARTESIAN_POINT('',(-2.024031902044,1.142343654191,20.5));
#5142 = VECTOR('',#5143,1.);
#5143 = DIRECTION('',(-1.,-1.224646799147E-16,0.));
#5144 = ORIENTED_EDGE('',*,*,#5145,.F.);
#5145 = EDGE_CURVE('',#5122,#5138,#5146,.T.);
#5146 = LINE('',#5147,#5148);
#5147 = CARTESIAN_POINT('',(-3.640031902044,1.742343654191,20.5));
#5148 = VECTOR('',#5149,1.);
#5149 = DIRECTION('',(1.224646799147E-16,-1.,0.));
#5150 = FACE_BOUND('',#5151,.F.);
#5151 = EDGE_LOOP('',(#5152,#5162,#5170,#5178));
#5152 = ORIENTED_EDGE('',*,*,#5153,.F.);
#5153 = EDGE_CURVE('',#5154,#5156,#5158,.T.);
#5154 = VERTEX_POINT('',#5155);
#5155 = CARTESIAN_POINT('',(-3.641131007849,2.344313044683,20.5));
#5156 = VERTEX_POINT('',#5157);
#5157 = CARTESIAN_POINT('',(-2.025131007849,2.344313044683,20.5));
#5158 = LINE('',#5159,#5160);
#5159 = CARTESIAN_POINT('',(-3.641131007849,2.344313044683,20.5));
#5160 = VECTOR('',#5161,1.);
#5161 = DIRECTION('',(1.,0.,0.));
#5162 = ORIENTED_EDGE('',*,*,#5163,.T.);
#5163 = EDGE_CURVE('',#5154,#5164,#5166,.T.);
#5164 = VERTEX_POINT('',#5165);
#5165 = CARTESIAN_POINT('',(-3.641131007849,2.944313044683,20.5));
#5166 = LINE('',#5167,#5168);
#5167 = CARTESIAN_POINT('',(-3.641131007849,2.344313044683,20.5));
#5168 = VECTOR('',#5169,1.);
#5169 = DIRECTION('',(0.,1.,0.));
#5170 = ORIENTED_EDGE('',*,*,#5171,.T.);
#5171 = EDGE_CURVE('',#5164,#5172,#5174,.T.);
#5172 = VERTEX_POINT('',#5173);
#5173 = CARTESIAN_POINT('',(-2.025131007849,2.944313044683,20.5));
#5174 = LINE('',#5175,#5176);
#5175 = CARTESIAN_POINT('',(-3.641131007849,2.944313044683,20.5));
#5176 = VECTOR('',#5177,1.);
#5177 = DIRECTION('',(1.,0.,0.));
#5178 = ORIENTED_EDGE('',*,*,#5179,.F.);
#5179 = EDGE_CURVE('',#5156,#5172,#5180,.T.);
#5180 = LINE('',#5181,#5182);
#5181 = CARTESIAN_POINT('',(-2.025131007849,2.344313044683,20.5));
#5182 = VECTOR('',#5183,1.);
#5183 = DIRECTION('',(0.,1.,0.));
#5184 = FACE_BOUND('',#5185,.F.);
#5185 = EDGE_LOOP('',(#5186,#5196,#5204,#5212));
#5186 = ORIENTED_EDGE('',*,*,#5187,.F.);
#5187 = EDGE_CURVE('',#5188,#5190,#5192,.T.);
#5188 = VERTEX_POINT('',#5189);
#5189 = CARTESIAN_POINT('',(-7.469297624504,7.780430063812,20.5));
#5190 = VERTEX_POINT('',#5191);
#5191 = CARTESIAN_POINT('',(-7.469297624504,6.164430063812,20.5));
#5192 = LINE('',#5193,#5194);
#5193 = CARTESIAN_POINT('',(-7.469297624504,7.780430063812,20.5));
#5194 = VECTOR('',#5195,1.);
#5195 = DIRECTION('',(1.110223024625E-16,-1.,0.));
#5196 = ORIENTED_EDGE('',*,*,#5197,.T.);
#5197 = EDGE_CURVE('',#5188,#5198,#5200,.T.);
#5198 = VERTEX_POINT('',#5199);
#5199 = CARTESIAN_POINT('',(-6.869297624504,7.780430063812,20.5));
#5200 = LINE('',#5201,#5202);
#5201 = CARTESIAN_POINT('',(-7.469297624504,7.780430063812,20.5));
#5202 = VECTOR('',#5203,1.);
#5203 = DIRECTION('',(1.,1.110223024625E-16,0.));
#5204 = ORIENTED_EDGE('',*,*,#5205,.T.);
#5205 = EDGE_CURVE('',#5198,#5206,#5208,.T.);
#5206 = VERTEX_POINT('',#5207);
#5207 = CARTESIAN_POINT('',(-6.869297624504,6.164430063812,20.5));
#5208 = LINE('',#5209,#5210);
#5209 = CARTESIAN_POINT('',(-6.869297624504,7.780430063812,20.5));
#5210 = VECTOR('',#5211,1.);
#5211 = DIRECTION('',(1.110223024625E-16,-1.,0.));
#5212 = ORIENTED_EDGE('',*,*,#5213,.F.);
#5213 = EDGE_CURVE('',#5190,#5206,#5214,.T.);
#5214 = LINE('',#5215,#5216);
#5215 = CARTESIAN_POINT('',(-7.469297624504,6.164430063812,20.5));
#5216 = VECTOR('',#5217,1.);
#5217 = DIRECTION('',(1.,1.110223024625E-16,0.));
#5218 = FACE_BOUND('',#5219,.F.);
#5219 = EDGE_LOOP('',(#5220,#5230,#5238,#5246));
#5220 = ORIENTED_EDGE('',*,*,#5221,.F.);
#5221 = EDGE_CURVE('',#5222,#5224,#5226,.T.);
#5222 = VERTEX_POINT('',#5223);
#5223 = CARTESIAN_POINT('',(-3.888848287243,4.382182920677,20.5));
#5224 = VERTEX_POINT('',#5225);
#5225 = CARTESIAN_POINT('',(-2.272848287243,4.382182920677,20.5));
#5226 = LINE('',#5227,#5228);
#5227 = CARTESIAN_POINT('',(-3.888848287243,4.382182920677,20.5));
#5228 = VECTOR('',#5229,1.);
#5229 = DIRECTION('',(1.,0.,0.));
#5230 = ORIENTED_EDGE('',*,*,#5231,.T.);
#5231 = EDGE_CURVE('',#5222,#5232,#5234,.T.);
#5232 = VERTEX_POINT('',#5233);
#5233 = CARTESIAN_POINT('',(-3.888848287243,4.982182920677,20.5));
#5234 = LINE('',#5235,#5236);
#5235 = CARTESIAN_POINT('',(-3.888848287243,4.382182920677,20.5));
#5236 = VECTOR('',#5237,1.);
#5237 = DIRECTION('',(0.,1.,0.));
#5238 = ORIENTED_EDGE('',*,*,#5239,.T.);
#5239 = EDGE_CURVE('',#5232,#5240,#5242,.T.);
#5240 = VERTEX_POINT('',#5241);
#5241 = CARTESIAN_POINT('',(-2.272848287243,4.982182920677,20.5));
#5242 = LINE('',#5243,#5244);
#5243 = CARTESIAN_POINT('',(-3.888848287243,4.982182920677,20.5));
#5244 = VECTOR('',#5245,1.);
#5245 = DIRECTION('',(1.,0.,0.));
#5246 = ORIENTED_EDGE('',*,*,#5247,.F.);
#5247 = EDGE_CURVE('',#5224,#5240,#5248,.T.);
#5248 = LINE('',#5249,#5250);
#5249 = CARTESIAN_POINT('',(-2.272848287243,4.382182920677,20.5));
#5250 = VECTOR('',#5251,1.);
#5251 = DIRECTION('',(0.,1.,0.));
#5252 = FACE_BOUND('',#5253,.F.);
#5253 = EDGE_LOOP('',(#5254,#5264,#5272,#5280));
#5254 = ORIENTED_EDGE('',*,*,#5255,.F.);
#5255 = EDGE_CURVE('',#5256,#5258,#5260,.T.);
#5256 = VERTEX_POINT('',#5257);
#5257 = CARTESIAN_POINT('',(-3.893657265528,7.018762377457,20.5));
#5258 = VERTEX_POINT('',#5259);
#5259 = CARTESIAN_POINT('',(-2.277657265528,7.018762377457,20.5));
#5260 = LINE('',#5261,#5262);
#5261 = CARTESIAN_POINT('',(-3.893657265528,7.018762377457,20.5));
#5262 = VECTOR('',#5263,1.);
#5263 = DIRECTION('',(1.,0.,0.));
#5264 = ORIENTED_EDGE('',*,*,#5265,.T.);
#5265 = EDGE_CURVE('',#5256,#5266,#5268,.T.);
#5266 = VERTEX_POINT('',#5267);
#5267 = CARTESIAN_POINT('',(-3.893657265528,7.618762377457,20.5));
#5268 = LINE('',#5269,#5270);
#5269 = CARTESIAN_POINT('',(-3.893657265528,7.018762377457,20.5));
#5270 = VECTOR('',#5271,1.);
#5271 = DIRECTION('',(0.,1.,0.));
#5272 = ORIENTED_EDGE('',*,*,#5273,.T.);
#5273 = EDGE_CURVE('',#5266,#5274,#5276,.T.);
#5274 = VERTEX_POINT('',#5275);
#5275 = CARTESIAN_POINT('',(-2.277657265528,7.618762377457,20.5));
#5276 = LINE('',#5277,#5278);
#5277 = CARTESIAN_POINT('',(-3.893657265528,7.618762377457,20.5));
#5278 = VECTOR('',#5279,1.);
#5279 = DIRECTION('',(1.,0.,0.));
#5280 = ORIENTED_EDGE('',*,*,#5281,.F.);
#5281 = EDGE_CURVE('',#5258,#5274,#5282,.T.);
#5282 = LINE('',#5283,#5284);
#5283 = CARTESIAN_POINT('',(-2.277657265528,7.018762377457,20.5));
#5284 = VECTOR('',#5285,1.);
#5285 = DIRECTION('',(0.,1.,0.));
#5286 = FACE_BOUND('',#5287,.F.);
#5287 = EDGE_LOOP('',(#5288,#5298,#5306,#5314));
#5288 = ORIENTED_EDGE('',*,*,#5289,.F.);
#5289 = EDGE_CURVE('',#5290,#5292,#5294,.T.);
#5290 = VERTEX_POINT('',#5291);
#5291 = CARTESIAN_POINT('',(-11.78841937245,14.333276953511,20.5));
#5292 = VERTEX_POINT('',#5293);
#5293 = CARTESIAN_POINT('',(-14.82841937245,14.333276953511,20.5));
#5294 = LINE('',#5295,#5296);
#5295 = CARTESIAN_POINT('',(-11.78841937245,14.333276953511,20.5));
#5296 = VECTOR('',#5297,1.);
#5297 = DIRECTION('',(-1.,-1.224646799147E-16,0.));
#5298 = ORIENTED_EDGE('',*,*,#5299,.T.);
#5299 = EDGE_CURVE('',#5290,#5300,#5302,.T.);
#5300 = VERTEX_POINT('',#5301);
#5301 = CARTESIAN_POINT('',(-11.78841937245,12.933276953511,20.5));
#5302 = LINE('',#5303,#5304);
#5303 = CARTESIAN_POINT('',(-11.78841937245,14.333276953511,20.5));
#5304 = VECTOR('',#5305,1.);
#5305 = DIRECTION('',(1.224646799147E-16,-1.,0.));
#5306 = ORIENTED_EDGE('',*,*,#5307,.T.);
#5307 = EDGE_CURVE('',#5300,#5308,#5310,.T.);
#5308 = VERTEX_POINT('',#5309);
#5309 = CARTESIAN_POINT('',(-14.82841937245,12.933276953511,20.5));
#5310 = LINE('',#5311,#5312);
#5311 = CARTESIAN_POINT('',(-11.78841937245,12.933276953511,20.5));
#5312 = VECTOR('',#5313,1.);
#5313 = DIRECTION('',(-1.,-1.224646799147E-16,0.));
#5314 = ORIENTED_EDGE('',*,*,#5315,.F.);
#5315 = EDGE_CURVE('',#5292,#5308,#5316,.T.);
#5316 = LINE('',#5317,#5318);
#5317 = CARTESIAN_POINT('',(-14.82841937245,14.333276953511,20.5));
#5318 = VECTOR('',#5319,1.);
#5319 = DIRECTION('',(1.224646799147E-16,-1.,0.));
#5320 = FACE_BOUND('',#5321,.F.);
#5321 = EDGE_LOOP('',(#5322,#5332,#5340,#5348));
#5322 = ORIENTED_EDGE('',*,*,#5323,.F.);
#5323 = EDGE_CURVE('',#5324,#5326,#5328,.T.);
#5324 = VERTEX_POINT('',#5325);
#5325 = CARTESIAN_POINT('',(-5.296514389518,8.397837891382,20.5));
#5326 = VERTEX_POINT('',#5327);
#5327 = CARTESIAN_POINT('',(-3.680514389518,8.397837891382,20.5));
#5328 = LINE('',#5329,#5330);
#5329 = CARTESIAN_POINT('',(-5.296514389518,8.397837891382,20.5));
#5330 = VECTOR('',#5331,1.);
#5331 = DIRECTION('',(1.,0.,0.));
#5332 = ORIENTED_EDGE('',*,*,#5333,.T.);
#5333 = EDGE_CURVE('',#5324,#5334,#5336,.T.);
#5334 = VERTEX_POINT('',#5335);
#5335 = CARTESIAN_POINT('',(-5.296514389518,8.997837891382,20.5));
#5336 = LINE('',#5337,#5338);
#5337 = CARTESIAN_POINT('',(-5.296514389518,8.397837891382,20.5));
#5338 = VECTOR('',#5339,1.);
#5339 = DIRECTION('',(0.,1.,0.));
#5340 = ORIENTED_EDGE('',*,*,#5341,.T.);
#5341 = EDGE_CURVE('',#5334,#5342,#5344,.T.);
#5342 = VERTEX_POINT('',#5343);
#5343 = CARTESIAN_POINT('',(-3.680514389518,8.997837891382,20.5));
#5344 = LINE('',#5345,#5346);
#5345 = CARTESIAN_POINT('',(-5.296514389518,8.997837891382,20.5));
#5346 = VECTOR('',#5347,1.);
#5347 = DIRECTION('',(1.,0.,0.));
#5348 = ORIENTED_EDGE('',*,*,#5349,.F.);
#5349 = EDGE_CURVE('',#5326,#5342,#5350,.T.);
#5350 = LINE('',#5351,#5352);
#5351 = CARTESIAN_POINT('',(-3.680514389518,8.397837891382,20.5));
#5352 = VECTOR('',#5353,1.);
#5353 = DIRECTION('',(0.,1.,0.));
#5354 = FACE_BOUND('',#5355,.F.);
#5355 = EDGE_LOOP('',(#5356,#5366,#5374,#5382));
#5356 = ORIENTED_EDGE('',*,*,#5357,.F.);
#5357 = EDGE_CURVE('',#5358,#5360,#5362,.T.);
#5358 = VERTEX_POINT('',#5359);
#5359 = CARTESIAN_POINT('',(-0.262282310051,17.141171201807,20.5));
#5360 = VERTEX_POINT('',#5361);
#5361 = CARTESIAN_POINT('',(-3.402282310051,17.141171201807,20.5));
#5362 = LINE('',#5363,#5364);
#5363 = CARTESIAN_POINT('',(-0.262282310051,17.141171201807,20.5));
#5364 = VECTOR('',#5365,1.);
#5365 = DIRECTION('',(-1.,-1.224646799147E-16,0.));
#5366 = ORIENTED_EDGE('',*,*,#5367,.T.);
#5367 = EDGE_CURVE('',#5358,#5368,#5370,.T.);
#5368 = VERTEX_POINT('',#5369);
#5369 = CARTESIAN_POINT('',(-0.262282310051,15.641171201807,20.5));
#5370 = LINE('',#5371,#5372);
#5371 = CARTESIAN_POINT('',(-0.262282310051,17.141171201807,20.5));
#5372 = VECTOR('',#5373,1.);
#5373 = DIRECTION('',(1.224646799147E-16,-1.,0.));
#5374 = ORIENTED_EDGE('',*,*,#5375,.T.);
#5375 = EDGE_CURVE('',#5368,#5376,#5378,.T.);
#5376 = VERTEX_POINT('',#5377);
#5377 = CARTESIAN_POINT('',(-3.402282310051,15.641171201807,20.5));
#5378 = LINE('',#5379,#5380);
#5379 = CARTESIAN_POINT('',(-0.262282310051,15.641171201807,20.5));
#5380 = VECTOR('',#5381,1.);
#5381 = DIRECTION('',(-1.,-1.224646799147E-16,0.));
#5382 = ORIENTED_EDGE('',*,*,#5383,.F.);
#5383 = EDGE_CURVE('',#5360,#5376,#5384,.T.);
#5384 = LINE('',#5385,#5386);
#5385 = CARTESIAN_POINT('',(-3.402282310051,17.141171201807,20.5));
#5386 = VECTOR('',#5387,1.);
#5387 = DIRECTION('',(1.224646799147E-16,-1.,0.));
#5388 = FACE_BOUND('',#5389,.F.);
#5389 = EDGE_LOOP('',(#5390,#5400,#5408,#5416));
#5390 = ORIENTED_EDGE('',*,*,#5391,.F.);
#5391 = EDGE_CURVE('',#5392,#5394,#5396,.T.);
#5392 = VERTEX_POINT('',#5393);
#5393 = CARTESIAN_POINT('',(6.380177375496,-2.703544936188,20.5));
#5394 = VERTEX_POINT('',#5395);
#5395 = CARTESIAN_POINT('',(6.380177375496,5.144930063812,20.5));
#5396 = LINE('',#5397,#5398);
#5397 = CARTESIAN_POINT('',(6.380177375496,-2.703544936188,20.5));
#5398 = VECTOR('',#5399,1.);
#5399 = DIRECTION('',(-2.22044604925E-16,1.,0.));
#5400 = ORIENTED_EDGE('',*,*,#5401,.T.);
#5401 = EDGE_CURVE('',#5392,#5402,#5404,.T.);
#5402 = VERTEX_POINT('',#5403);
#5403 = CARTESIAN_POINT('',(-1.468297624504,-2.703544936188,20.5));
#5404 = LINE('',#5405,#5406);
#5405 = CARTESIAN_POINT('',(6.380177375496,-2.703544936188,20.5));
#5406 = VECTOR('',#5407,1.);
#5407 = DIRECTION('',(-1.,-2.22044604925E-16,0.));
#5408 = ORIENTED_EDGE('',*,*,#5409,.T.);
#5409 = EDGE_CURVE('',#5402,#5410,#5412,.T.);
#5410 = VERTEX_POINT('',#5411);
#5411 = CARTESIAN_POINT('',(-1.468297624504,5.144930063812,20.5));
#5412 = LINE('',#5413,#5414);
#5413 = CARTESIAN_POINT('',(-1.468297624504,-2.703544936188,20.5));
#5414 = VECTOR('',#5415,1.);
#5415 = DIRECTION('',(-2.22044604925E-16,1.,0.));
#5416 = ORIENTED_EDGE('',*,*,#5417,.F.);
#5417 = EDGE_CURVE('',#5394,#5410,#5418,.T.);
#5418 = LINE('',#5419,#5420);
#5419 = CARTESIAN_POINT('',(6.380177375496,5.144930063812,20.5));
#5420 = VECTOR('',#5421,1.);
#5421 = DIRECTION('',(-1.,-2.22044604925E-16,0.));
#5422 = FACE_BOUND('',#5423,.F.);
#5423 = EDGE_LOOP('',(#5424,#5434,#5442,#5450));
#5424 = ORIENTED_EDGE('',*,*,#5425,.F.);
#5425 = EDGE_CURVE('',#5426,#5428,#5430,.T.);
#5426 = VERTEX_POINT('',#5427);
#5427 = CARTESIAN_POINT('',(7.582974331405,0.717593506745,20.5));
#5428 = VERTEX_POINT('',#5429);
#5429 = CARTESIAN_POINT('',(9.198974331405,0.717593506745,20.5));
#5430 = LINE('',#5431,#5432);
#5431 = CARTESIAN_POINT('',(7.582974331405,0.717593506745,20.5));
#5432 = VECTOR('',#5433,1.);
#5433 = DIRECTION('',(1.,0.,0.));
#5434 = ORIENTED_EDGE('',*,*,#5435,.T.);
#5435 = EDGE_CURVE('',#5426,#5436,#5438,.T.);
#5436 = VERTEX_POINT('',#5437);
#5437 = CARTESIAN_POINT('',(7.582974331405,1.317593506745,20.5));
#5438 = LINE('',#5439,#5440);
#5439 = CARTESIAN_POINT('',(7.582974331405,0.717593506745,20.5));
#5440 = VECTOR('',#5441,1.);
#5441 = DIRECTION('',(0.,1.,0.));
#5442 = ORIENTED_EDGE('',*,*,#5443,.T.);
#5443 = EDGE_CURVE('',#5436,#5444,#5446,.T.);
#5444 = VERTEX_POINT('',#5445);
#5445 = CARTESIAN_POINT('',(9.198974331405,1.317593506745,20.5));
#5446 = LINE('',#5447,#5448);
#5447 = CARTESIAN_POINT('',(7.582974331405,1.317593506745,20.5));
#5448 = VECTOR('',#5449,1.);
#5449 = DIRECTION('',(1.,0.,0.));
#5450 = ORIENTED_EDGE('',*,*,#5451,.F.);
#5451 = EDGE_CURVE('',#5428,#5444,#5452,.T.);
#5452 = LINE('',#5453,#5454);
#5453 = CARTESIAN_POINT('',(9.198974331405,0.717593506745,20.5));
#5454 = VECTOR('',#5455,1.);
#5455 = DIRECTION('',(0.,1.,0.));
#5456 = FACE_BOUND('',#5457,.F.);
#5457 = EDGE_LOOP('',(#5458,#5468,#5476,#5484));
#5458 = ORIENTED_EDGE('',*,*,#5459,.F.);
#5459 = EDGE_CURVE('',#5460,#5462,#5464,.T.);
#5460 = VERTEX_POINT('',#5461);
#5461 = CARTESIAN_POINT('',(9.268428674672,2.517699133763,20.5));
#5462 = VERTEX_POINT('',#5463);
#5463 = CARTESIAN_POINT('',(7.652428674672,2.517699133763,20.5));
#5464 = LINE('',#5465,#5466);
#5465 = CARTESIAN_POINT('',(9.268428674672,2.517699133763,20.5));
#5466 = VECTOR('',#5467,1.);
#5467 = DIRECTION('',(-1.,-1.224646799147E-16,0.));
#5468 = ORIENTED_EDGE('',*,*,#5469,.T.);
#5469 = EDGE_CURVE('',#5460,#5470,#5472,.T.);
#5470 = VERTEX_POINT('',#5471);
#5471 = CARTESIAN_POINT('',(9.268428674672,1.917699133763,20.5));
#5472 = LINE('',#5473,#5474);
#5473 = CARTESIAN_POINT('',(9.268428674672,2.517699133763,20.5));
#5474 = VECTOR('',#5475,1.);
#5475 = DIRECTION('',(1.224646799147E-16,-1.,0.));
#5476 = ORIENTED_EDGE('',*,*,#5477,.T.);
#5477 = EDGE_CURVE('',#5470,#5478,#5480,.T.);
#5478 = VERTEX_POINT('',#5479);
#5479 = CARTESIAN_POINT('',(7.652428674672,1.917699133763,20.5));
#5480 = LINE('',#5481,#5482);
#5481 = CARTESIAN_POINT('',(9.268428674672,1.917699133763,20.5));
#5482 = VECTOR('',#5483,1.);
#5483 = DIRECTION('',(-1.,-1.224646799147E-16,0.));
#5484 = ORIENTED_EDGE('',*,*,#5485,.F.);
#5485 = EDGE_CURVE('',#5462,#5478,#5486,.T.);
#5486 = LINE('',#5487,#5488);
#5487 = CARTESIAN_POINT('',(7.652428674672,2.517699133763,20.5));
#5488 = VECTOR('',#5489,1.);
#5489 = DIRECTION('',(1.224646799147E-16,-1.,0.));
#5490 = FACE_BOUND('',#5491,.F.);
#5491 = EDGE_LOOP('',(#5492,#5502,#5510,#5518));
#5492 = ORIENTED_EDGE('',*,*,#5493,.F.);
#5493 = EDGE_CURVE('',#5494,#5496,#5498,.T.);
#5494 = VERTEX_POINT('',#5495);
#5495 = CARTESIAN_POINT('',(7.655328867513,3.11800412493,20.5));
#5496 = VERTEX_POINT('',#5497);
#5497 = CARTESIAN_POINT('',(9.271328867513,3.11800412493,20.5));
#5498 = LINE('',#5499,#5500);
#5499 = CARTESIAN_POINT('',(7.655328867513,3.11800412493,20.5));
#5500 = VECTOR('',#5501,1.);
#5501 = DIRECTION('',(1.,0.,0.));
#5502 = ORIENTED_EDGE('',*,*,#5503,.T.);
#5503 = EDGE_CURVE('',#5494,#5504,#5506,.T.);
#5504 = VERTEX_POINT('',#5505);
#5505 = CARTESIAN_POINT('',(7.655328867513,3.71800412493,20.5));
#5506 = LINE('',#5507,#5508);
#5507 = CARTESIAN_POINT('',(7.655328867513,3.11800412493,20.5));
#5508 = VECTOR('',#5509,1.);
#5509 = DIRECTION('',(0.,1.,0.));
#5510 = ORIENTED_EDGE('',*,*,#5511,.T.);
#5511 = EDGE_CURVE('',#5504,#5512,#5514,.T.);
#5512 = VERTEX_POINT('',#5513);
#5513 = CARTESIAN_POINT('',(9.271328867513,3.71800412493,20.5));
#5514 = LINE('',#5515,#5516);
#5515 = CARTESIAN_POINT('',(7.655328867513,3.71800412493,20.5));
#5516 = VECTOR('',#5517,1.);
#5517 = DIRECTION('',(1.,0.,0.));
#5518 = ORIENTED_EDGE('',*,*,#5519,.F.);
#5519 = EDGE_CURVE('',#5496,#5512,#5520,.T.);
#5520 = LINE('',#5521,#5522);
#5521 = CARTESIAN_POINT('',(9.271328867513,3.11800412493,20.5));
#5522 = VECTOR('',#5523,1.);
#5523 = DIRECTION('',(0.,1.,0.));
#5524 = FACE_BOUND('',#5525,.F.);
#5525 = EDGE_LOOP('',(#5526,#5536,#5544,#5552));
#5526 = ORIENTED_EDGE('',*,*,#5527,.F.);
#5527 = EDGE_CURVE('',#5528,#5530,#5532,.T.);
#5528 = VERTEX_POINT('',#5529);
#5529 = CARTESIAN_POINT('',(3.80075866691,7.254437634348,20.5));
#5530 = VERTEX_POINT('',#5531);
#5531 = CARTESIAN_POINT('',(2.18475866691,7.254437634348,20.5));
#5532 = LINE('',#5533,#5534);
#5533 = CARTESIAN_POINT('',(3.80075866691,7.254437634348,20.5));
#5534 = VECTOR('',#5535,1.);
#5535 = DIRECTION('',(-1.,-1.224646799147E-16,0.));
#5536 = ORIENTED_EDGE('',*,*,#5537,.T.);
#5537 = EDGE_CURVE('',#5528,#5538,#5540,.T.);
#5538 = VERTEX_POINT('',#5539);
#5539 = CARTESIAN_POINT('',(3.80075866691,6.654437634348,20.5));
#5540 = LINE('',#5541,#5542);
#5541 = CARTESIAN_POINT('',(3.80075866691,7.254437634348,20.5));
#5542 = VECTOR('',#5543,1.);
#5543 = DIRECTION('',(1.224646799147E-16,-1.,0.));
#5544 = ORIENTED_EDGE('',*,*,#5545,.T.);
#5545 = EDGE_CURVE('',#5538,#5546,#5548,.T.);
#5546 = VERTEX_POINT('',#5547);
#5547 = CARTESIAN_POINT('',(2.18475866691,6.654437634348,20.5));
#5548 = LINE('',#5549,#5550);
#5549 = CARTESIAN_POINT('',(3.80075866691,6.654437634348,20.5));
#5550 = VECTOR('',#5551,1.);
#5551 = DIRECTION('',(-1.,-1.224646799147E-16,0.));
#5552 = ORIENTED_EDGE('',*,*,#5553,.F.);
#5553 = EDGE_CURVE('',#5530,#5546,#5554,.T.);
#5554 = LINE('',#5555,#5556);
#5555 = CARTESIAN_POINT('',(2.18475866691,7.254437634348,20.5));
#5556 = VECTOR('',#5557,1.);
#5557 = DIRECTION('',(1.224646799147E-16,-1.,0.));
#5558 = FACE_BOUND('',#5559,.F.);
#5559 = EDGE_LOOP('',(#5560,#5570,#5578,#5586));
#5560 = ORIENTED_EDGE('',*,*,#5561,.F.);
#5561 = EDGE_CURVE('',#5562,#5564,#5566,.T.);
#5562 = VERTEX_POINT('',#5563);
#5563 = CARTESIAN_POINT('',(6.886268108622,4.31809858999,20.5));
#5564 = VERTEX_POINT('',#5565);
#5565 = CARTESIAN_POINT('',(8.502268108622,4.31809858999,20.5));
#5566 = LINE('',#5567,#5568);
#5567 = CARTESIAN_POINT('',(6.886268108622,4.31809858999,20.5));
#5568 = VECTOR('',#5569,1.);
#5569 = DIRECTION('',(1.,0.,0.));
#5570 = ORIENTED_EDGE('',*,*,#5571,.T.);
#5571 = EDGE_CURVE('',#5562,#5572,#5574,.T.);
#5572 = VERTEX_POINT('',#5573);
#5573 = CARTESIAN_POINT('',(6.886268108622,4.91809858999,20.5));
#5574 = LINE('',#5575,#5576);
#5575 = CARTESIAN_POINT('',(6.886268108622,4.31809858999,20.5));
#5576 = VECTOR('',#5577,1.);
#5577 = DIRECTION('',(0.,1.,0.));
#5578 = ORIENTED_EDGE('',*,*,#5579,.T.);
#5579 = EDGE_CURVE('',#5572,#5580,#5582,.T.);
#5580 = VERTEX_POINT('',#5581);
#5581 = CARTESIAN_POINT('',(8.502268108622,4.91809858999,20.5));
#5582 = LINE('',#5583,#5584);
#5583 = CARTESIAN_POINT('',(6.886268108622,4.91809858999,20.5));
#5584 = VECTOR('',#5585,1.);
#5585 = DIRECTION('',(1.,0.,0.));
#5586 = ORIENTED_EDGE('',*,*,#5587,.F.);
#5587 = EDGE_CURVE('',#5564,#5580,#5588,.T.);
#5588 = LINE('',#5589,#5590);
#5589 = CARTESIAN_POINT('',(8.502268108622,4.31809858999,20.5));
#5590 = VECTOR('',#5591,1.);
#5591 = DIRECTION('',(0.,1.,0.));
#5592 = FACE_BOUND('',#5593,.F.);
#5593 = EDGE_LOOP('',(#5594,#5604,#5612,#5620));
#5594 = ORIENTED_EDGE('',*,*,#5595,.F.);
#5595 = EDGE_CURVE('',#5596,#5598,#5600,.T.);
#5596 = VERTEX_POINT('',#5597);
#5597 = CARTESIAN_POINT('',(11.222772780377,5.04178993596,20.5));
#5598 = VERTEX_POINT('',#5599);
#5599 = CARTESIAN_POINT('',(16.022772780377,5.04178993596,20.5));
#5600 = LINE('',#5601,#5602);
#5601 = CARTESIAN_POINT('',(11.222772780377,5.04178993596,20.5));
#5602 = VECTOR('',#5603,1.);
#5603 = DIRECTION('',(1.,0.,0.));
#5604 = ORIENTED_EDGE('',*,*,#5605,.T.);
#5605 = EDGE_CURVE('',#5596,#5606,#5608,.T.);
#5606 = VERTEX_POINT('',#5607);
#5607 = CARTESIAN_POINT('',(11.222772780377,11.29178993596,20.5));
#5608 = LINE('',#5609,#5610);
#5609 = CARTESIAN_POINT('',(11.222772780377,5.04178993596,20.5));
#5610 = VECTOR('',#5611,1.);
#5611 = DIRECTION('',(0.,1.,0.));
#5612 = ORIENTED_EDGE('',*,*,#5613,.T.);
#5613 = EDGE_CURVE('',#5606,#5614,#5616,.T.);
#5614 = VERTEX_POINT('',#5615);
#5615 = CARTESIAN_POINT('',(16.022772780377,11.29178993596,20.5));
#5616 = LINE('',#5617,#5618);
#5617 = CARTESIAN_POINT('',(11.222772780377,11.29178993596,20.5));
#5618 = VECTOR('',#5619,1.);
#5619 = DIRECTION('',(1.,0.,0.));
#5620 = ORIENTED_EDGE('',*,*,#5621,.F.);
#5621 = EDGE_CURVE('',#5598,#5614,#5622,.T.);
#5622 = LINE('',#5623,#5624);
#5623 = CARTESIAN_POINT('',(16.022772780377,5.04178993596,20.5));
#5624 = VECTOR('',#5625,1.);
#5625 = DIRECTION('',(0.,1.,0.));
#5626 = FACE_BOUND('',#5627,.F.);
#5627 = EDGE_LOOP('',(#5628,#5638,#5646,#5654));
#5628 = ORIENTED_EDGE('',*,*,#5629,.F.);
#5629 = EDGE_CURVE('',#5630,#5632,#5634,.T.);
#5630 = VERTEX_POINT('',#5631);
#5631 = CARTESIAN_POINT('',(5.94709245455,8.628504481227,20.5));
#5632 = VERTEX_POINT('',#5633);
#5633 = CARTESIAN_POINT('',(5.94709245455,10.244504481227,20.5));
#5634 = LINE('',#5635,#5636);
#5635 = CARTESIAN_POINT('',(5.94709245455,8.628504481227,20.5));
#5636 = VECTOR('',#5637,1.);
#5637 = DIRECTION('',(-2.22044604925E-16,1.,0.));
#5638 = ORIENTED_EDGE('',*,*,#5639,.T.);
#5639 = EDGE_CURVE('',#5630,#5640,#5642,.T.);
#5640 = VERTEX_POINT('',#5641);
#5641 = CARTESIAN_POINT('',(5.34709245455,8.628504481227,20.5));
#5642 = LINE('',#5643,#5644);
#5643 = CARTESIAN_POINT('',(5.94709245455,8.628504481227,20.5));
#5644 = VECTOR('',#5645,1.);
#5645 = DIRECTION('',(-1.,-2.22044604925E-16,0.));
#5646 = ORIENTED_EDGE('',*,*,#5647,.T.);
#5647 = EDGE_CURVE('',#5640,#5648,#5650,.T.);
#5648 = VERTEX_POINT('',#5649);
#5649 = CARTESIAN_POINT('',(5.34709245455,10.244504481227,20.5));
#5650 = LINE('',#5651,#5652);
#5651 = CARTESIAN_POINT('',(5.34709245455,8.628504481227,20.5));
#5652 = VECTOR('',#5653,1.);
#5653 = DIRECTION('',(-2.22044604925E-16,1.,0.));
#5654 = ORIENTED_EDGE('',*,*,#5655,.F.);
#5655 = EDGE_CURVE('',#5632,#5648,#5656,.T.);
#5656 = LINE('',#5657,#5658);
#5657 = CARTESIAN_POINT('',(5.94709245455,10.244504481227,20.5));
#5658 = VECTOR('',#5659,1.);
#5659 = DIRECTION('',(-1.,-2.22044604925E-16,0.));
#5660 = FACE_BOUND('',#5661,.F.);
#5661 = EDGE_LOOP('',(#5662,#5672,#5680,#5688));
#5662 = ORIENTED_EDGE('',*,*,#5663,.F.);
#5663 = EDGE_CURVE('',#5664,#5666,#5668,.T.);
#5664 = VERTEX_POINT('',#5665);
#5665 = CARTESIAN_POINT('',(8.425108123729,10.417864324752,20.5));
#5666 = VERTEX_POINT('',#5667);
#5667 = CARTESIAN_POINT('',(6.809108123729,10.417864324752,20.5));
#5668 = LINE('',#5669,#5670);
#5669 = CARTESIAN_POINT('',(8.425108123729,10.417864324752,20.5));
#5670 = VECTOR('',#5671,1.);
#5671 = DIRECTION('',(-1.,-1.224646799147E-16,0.));
#5672 = ORIENTED_EDGE('',*,*,#5673,.T.);
#5673 = EDGE_CURVE('',#5664,#5674,#5676,.T.);
#5674 = VERTEX_POINT('',#5675);
#5675 = CARTESIAN_POINT('',(8.425108123729,9.817864324752,20.5));
#5676 = LINE('',#5677,#5678);
#5677 = CARTESIAN_POINT('',(8.425108123729,10.417864324752,20.5));
#5678 = VECTOR('',#5679,1.);
#5679 = DIRECTION('',(1.224646799147E-16,-1.,0.));
#5680 = ORIENTED_EDGE('',*,*,#5681,.T.);
#5681 = EDGE_CURVE('',#5674,#5682,#5684,.T.);
#5682 = VERTEX_POINT('',#5683);
#5683 = CARTESIAN_POINT('',(6.809108123729,9.817864324752,20.5));
#5684 = LINE('',#5685,#5686);
#5685 = CARTESIAN_POINT('',(8.425108123729,9.817864324752,20.5));
#5686 = VECTOR('',#5687,1.);
#5687 = DIRECTION('',(-1.,-1.224646799147E-16,0.));
#5688 = ORIENTED_EDGE('',*,*,#5689,.F.);
#5689 = EDGE_CURVE('',#5666,#5682,#5690,.T.);
#5690 = LINE('',#5691,#5692);
#5691 = CARTESIAN_POINT('',(6.809108123729,10.417864324752,20.5));
#5692 = VECTOR('',#5693,1.);
#5693 = DIRECTION('',(1.224646799147E-16,-1.,0.));
#5694 = FACE_BOUND('',#5695,.F.);
#5695 = EDGE_LOOP('',(#5696,#5706,#5714,#5722));
#5696 = ORIENTED_EDGE('',*,*,#5697,.F.);
#5697 = EDGE_CURVE('',#5698,#5700,#5702,.T.);
#5698 = VERTEX_POINT('',#5699);
#5699 = CARTESIAN_POINT('',(8.352905594188,11.658564724285,20.5));
#5700 = VERTEX_POINT('',#5701);
#5701 = CARTESIAN_POINT('',(8.352905594188,12.558564724285,20.5));
#5702 = LINE('',#5703,#5704);
#5703 = CARTESIAN_POINT('',(8.352905594188,11.658564724285,20.5));
#5704 = VECTOR('',#5705,1.);
#5705 = DIRECTION('',(-2.22044604925E-16,1.,0.));
#5706 = ORIENTED_EDGE('',*,*,#5707,.T.);
#5707 = EDGE_CURVE('',#5698,#5708,#5710,.T.);
#5708 = VERTEX_POINT('',#5709);
#5709 = CARTESIAN_POINT('',(6.052905594188,11.658564724285,20.5));
#5710 = LINE('',#5711,#5712);
#5711 = CARTESIAN_POINT('',(8.352905594188,11.658564724285,20.5));
#5712 = VECTOR('',#5713,1.);
#5713 = DIRECTION('',(-1.,-2.22044604925E-16,0.));
#5714 = ORIENTED_EDGE('',*,*,#5715,.T.);
#5715 = EDGE_CURVE('',#5708,#5716,#5718,.T.);
#5716 = VERTEX_POINT('',#5717);
#5717 = CARTESIAN_POINT('',(6.052905594188,12.558564724285,20.5));
#5718 = LINE('',#5719,#5720);
#5719 = CARTESIAN_POINT('',(6.052905594188,11.658564724285,20.5));
#5720 = VECTOR('',#5721,1.);
#5721 = DIRECTION('',(-2.22044604925E-16,1.,0.));
#5722 = ORIENTED_EDGE('',*,*,#5723,.F.);
#5723 = EDGE_CURVE('',#5700,#5716,#5724,.T.);
#5724 = LINE('',#5725,#5726);
#5725 = CARTESIAN_POINT('',(8.352905594188,12.558564724285,20.5));
#5726 = VECTOR('',#5727,1.);
#5727 = DIRECTION('',(-1.,-2.22044604925E-16,0.));
#5728 = FACE_BOUND('',#5729,.F.);
#5729 = EDGE_LOOP('',(#5730,#5740,#5748,#5756));
#5730 = ORIENTED_EDGE('',*,*,#5731,.F.);
#5731 = EDGE_CURVE('',#5732,#5734,#5736,.T.);
#5732 = VERTEX_POINT('',#5733);
#5733 = CARTESIAN_POINT('',(8.855036986615,11.595130481892,20.5));
#5734 = VERTEX_POINT('',#5735);
#5735 = CARTESIAN_POINT('',(10.471036986615,11.595130481892,20.5));
#5736 = LINE('',#5737,#5738);
#5737 = CARTESIAN_POINT('',(8.855036986615,11.595130481892,20.5));
#5738 = VECTOR('',#5739,1.);
#5739 = DIRECTION('',(1.,0.,0.));
#5740 = ORIENTED_EDGE('',*,*,#5741,.T.);
#5741 = EDGE_CURVE('',#5732,#5742,#5744,.T.);
#5742 = VERTEX_POINT('',#5743);
#5743 = CARTESIAN_POINT('',(8.855036986615,12.195130481892,20.5));
#5744 = LINE('',#5745,#5746);
#5745 = CARTESIAN_POINT('',(8.855036986615,11.595130481892,20.5));
#5746 = VECTOR('',#5747,1.);
#5747 = DIRECTION('',(0.,1.,0.));
#5748 = ORIENTED_EDGE('',*,*,#5749,.T.);
#5749 = EDGE_CURVE('',#5742,#5750,#5752,.T.);
#5750 = VERTEX_POINT('',#5751);
#5751 = CARTESIAN_POINT('',(10.471036986615,12.195130481892,20.5));
#5752 = LINE('',#5753,#5754);
#5753 = CARTESIAN_POINT('',(8.855036986615,12.195130481892,20.5));
#5754 = VECTOR('',#5755,1.);
#5755 = DIRECTION('',(1.,0.,0.));
#5756 = ORIENTED_EDGE('',*,*,#5757,.F.);
#5757 = EDGE_CURVE('',#5734,#5750,#5758,.T.);
#5758 = LINE('',#5759,#5760);
#5759 = CARTESIAN_POINT('',(10.471036986615,11.595130481892,20.5));
#5760 = VECTOR('',#5761,1.);
#5761 = DIRECTION('',(0.,1.,0.));
#5762 = FACE_BOUND('',#5763,.F.);
#5763 = EDGE_LOOP('',(#5764,#5774,#5782,#5790));
#5764 = ORIENTED_EDGE('',*,*,#5765,.F.);
#5765 = EDGE_CURVE('',#5766,#5768,#5770,.T.);
#5766 = VERTEX_POINT('',#5767);
#5767 = CARTESIAN_POINT('',(6.545983263463,16.909429888608,20.5));
#5768 = VERTEX_POINT('',#5769);
#5769 = CARTESIAN_POINT('',(3.245983263463,16.909429888608,20.5));
#5770 = LINE('',#5771,#5772);
#5771 = CARTESIAN_POINT('',(6.545983263463,16.909429888608,20.5));
#5772 = VECTOR('',#5773,1.);
#5773 = DIRECTION('',(-1.,-1.224646799147E-16,0.));
#5774 = ORIENTED_EDGE('',*,*,#5775,.T.);
#5775 = EDGE_CURVE('',#5766,#5776,#5778,.T.);
#5776 = VERTEX_POINT('',#5777);
#5777 = CARTESIAN_POINT('',(6.545983263463,13.109229888608,20.5));
#5778 = LINE('',#5779,#5780);
#5779 = CARTESIAN_POINT('',(6.545983263463,16.909429888608,20.5));
#5780 = VECTOR('',#5781,1.);
#5781 = DIRECTION('',(1.224646799147E-16,-1.,0.));
#5782 = ORIENTED_EDGE('',*,*,#5783,.T.);
#5783 = EDGE_CURVE('',#5776,#5784,#5786,.T.);
#5784 = VERTEX_POINT('',#5785);
#5785 = CARTESIAN_POINT('',(3.245983263463,13.109229888608,20.5));
#5786 = LINE('',#5787,#5788);
#5787 = CARTESIAN_POINT('',(6.545983263463,13.109229888608,20.5));
#5788 = VECTOR('',#5789,1.);
#5789 = DIRECTION('',(-1.,-1.224646799147E-16,0.));
#5790 = ORIENTED_EDGE('',*,*,#5791,.F.);
#5791 = EDGE_CURVE('',#5768,#5784,#5792,.T.);
#5792 = LINE('',#5793,#5794);
#5793 = CARTESIAN_POINT('',(3.245983263463,16.909429888608,20.5));
#5794 = VECTOR('',#5795,1.);
#5795 = DIRECTION('',(1.224646799147E-16,-1.,0.));
#5796 = FACE_BOUND('',#5797,.F.);
#5797 = EDGE_LOOP('',(#5798));
#5798 = ORIENTED_EDGE('',*,*,#5799,.F.);
#5799 = EDGE_CURVE('',#5800,#5800,#5802,.T.);
#5800 = VERTEX_POINT('',#5801);
#5801 = CARTESIAN_POINT('',(11.1,15.7,20.5));
#5802 = CIRCLE('',#5803,1.1);
#5803 = AXIS2_PLACEMENT_3D('',#5804,#5805,#5806);
#5804 = CARTESIAN_POINT('',(10.,15.7,20.5));
#5805 = DIRECTION('',(0.,0.,1.));
#5806 = DIRECTION('',(1.,0.,-0.));
#5807 = PLANE('',#5808);
#5808 = AXIS2_PLACEMENT_3D('',#5809,#5810,#5811);
#5809 = CARTESIAN_POINT('',(0.,0.,20.5));
#5810 = DIRECTION('',(0.,0.,1.));
#5811 = DIRECTION('',(1.,0.,-0.));
#5812 = ADVANCED_FACE('',(#5813),#5838,.T.);
#5813 = FACE_BOUND('',#5814,.T.);
#5814 = EDGE_LOOP('',(#5815,#5823,#5824,#5832));
#5815 = ORIENTED_EDGE('',*,*,#5816,.F.);
#5816 = EDGE_CURVE('',#3665,#5817,#5819,.T.);
#5817 = VERTEX_POINT('',#5818);
#5818 = CARTESIAN_POINT('',(4.82,-21.965,20.5));
#5819 = LINE('',#5820,#5821);
#5820 = CARTESIAN_POINT('',(4.82,-14.035,20.5));
#5821 = VECTOR('',#5822,1.);
#5822 = DIRECTION('',(1.224646799147E-16,-1.,0.));
#5823 = ORIENTED_EDGE('',*,*,#3664,.F.);
#5824 = ORIENTED_EDGE('',*,*,#5825,.T.);
#5825 = EDGE_CURVE('',#3656,#5826,#5828,.T.);
#5826 = VERTEX_POINT('',#5827);
#5827 = CARTESIAN_POINT('',(-4.82,-21.965,20.5));
#5828 = LINE('',#5829,#5830);
#5829 = CARTESIAN_POINT('',(-4.82,-14.035,20.5));
#5830 = VECTOR('',#5831,1.);
#5831 = DIRECTION('',(1.224646799147E-16,-1.,0.));
#5832 = ORIENTED_EDGE('',*,*,#5833,.F.);
#5833 = EDGE_CURVE('',#5817,#5826,#5834,.T.);
#5834 = LINE('',#5835,#5836);
#5835 = CARTESIAN_POINT('',(4.82,-21.965,20.5));
#5836 = VECTOR('',#5837,1.);
#5837 = DIRECTION('',(-1.,-1.224646799147E-16,0.));
#5838 = PLANE('',#5839);
#5839 = AXIS2_PLACEMENT_3D('',#5840,#5841,#5842);
#5840 = CARTESIAN_POINT('',(4.82,-14.035,20.5));
#5841 = DIRECTION('',(0.,0.,1.));
#5842 = DIRECTION('',(-1.,-1.224646799147E-16,0.));
#5843 = ADVANCED_FACE('',(#5844,#5847,#5858,#5892,#5926,#5960,#5994,
    #6028,#6062,#6096,#6130,#6164,#6198,#6232),#6243,.T.);
#5844 = FACE_BOUND('',#5845,.T.);
#5845 = EDGE_LOOP('',(#5846));
#5846 = ORIENTED_EDGE('',*,*,#3647,.T.);
#5847 = FACE_BOUND('',#5848,.T.);
#5848 = EDGE_LOOP('',(#5849));
#5849 = ORIENTED_EDGE('',*,*,#5850,.F.);
#5850 = EDGE_CURVE('',#5851,#5851,#5853,.T.);
#5851 = VERTEX_POINT('',#5852);
#5852 = CARTESIAN_POINT('',(-8.9,-15.7,22.1));
#5853 = CIRCLE('',#5854,1.1);
#5854 = AXIS2_PLACEMENT_3D('',#5855,#5856,#5857);
#5855 = CARTESIAN_POINT('',(-10.,-15.7,22.1));
#5856 = DIRECTION('',(0.,0.,1.));
#5857 = DIRECTION('',(1.,0.,-0.));
#5858 = FACE_BOUND('',#5859,.T.);
#5859 = EDGE_LOOP('',(#5860,#5870,#5878,#5886));
#5860 = ORIENTED_EDGE('',*,*,#5861,.F.);
#5861 = EDGE_CURVE('',#5862,#5864,#5866,.T.);
#5862 = VERTEX_POINT('',#5863);
#5863 = CARTESIAN_POINT('',(5.864753581438,-16.56132796974,22.1));
#5864 = VERTEX_POINT('',#5865);
#5865 = CARTESIAN_POINT('',(9.004753581438,-16.56132796974,22.1));
#5866 = LINE('',#5867,#5868);
#5867 = CARTESIAN_POINT('',(5.864753581438,-16.56132796974,22.1));
#5868 = VECTOR('',#5869,1.);
#5869 = DIRECTION('',(1.,0.,0.));
#5870 = ORIENTED_EDGE('',*,*,#5871,.T.);
#5871 = EDGE_CURVE('',#5862,#5872,#5874,.T.);
#5872 = VERTEX_POINT('',#5873);
#5873 = CARTESIAN_POINT('',(5.864753581438,-15.06132796974,22.1));
#5874 = LINE('',#5875,#5876);
#5875 = CARTESIAN_POINT('',(5.864753581438,-16.56132796974,22.1));
#5876 = VECTOR('',#5877,1.);
#5877 = DIRECTION('',(0.,1.,0.));
#5878 = ORIENTED_EDGE('',*,*,#5879,.T.);
#5879 = EDGE_CURVE('',#5872,#5880,#5882,.T.);
#5880 = VERTEX_POINT('',#5881);
#5881 = CARTESIAN_POINT('',(9.004753581438,-15.06132796974,22.1));
#5882 = LINE('',#5883,#5884);
#5883 = CARTESIAN_POINT('',(5.864753581438,-15.06132796974,22.1));
#5884 = VECTOR('',#5885,1.);
#5885 = DIRECTION('',(1.,0.,0.));
#5886 = ORIENTED_EDGE('',*,*,#5887,.F.);
#5887 = EDGE_CURVE('',#5864,#5880,#5888,.T.);
#5888 = LINE('',#5889,#5890);
#5889 = CARTESIAN_POINT('',(9.004753581438,-16.56132796974,22.1));
#5890 = VECTOR('',#5891,1.);
#5891 = DIRECTION('',(0.,1.,0.));
#5892 = FACE_BOUND('',#5893,.T.);
#5893 = EDGE_LOOP('',(#5894,#5904,#5912,#5920));
#5894 = ORIENTED_EDGE('',*,*,#5895,.F.);
#5895 = EDGE_CURVE('',#5896,#5898,#5900,.T.);
#5896 = VERTEX_POINT('',#5897);
#5897 = CARTESIAN_POINT('',(9.776753581438,-15.56132796974,22.1));
#5898 = VERTEX_POINT('',#5899);
#5899 = CARTESIAN_POINT('',(11.392753581438,-15.56132796974,22.1));
#5900 = LINE('',#5901,#5902);
#5901 = CARTESIAN_POINT('',(9.776753581438,-15.56132796974,22.1));
#5902 = VECTOR('',#5903,1.);
#5903 = DIRECTION('',(1.,0.,0.));
#5904 = ORIENTED_EDGE('',*,*,#5905,.T.);
#5905 = EDGE_CURVE('',#5896,#5906,#5908,.T.);
#5906 = VERTEX_POINT('',#5907);
#5907 = CARTESIAN_POINT('',(9.776753581438,-14.96132796974,22.1));
#5908 = LINE('',#5909,#5910);
#5909 = CARTESIAN_POINT('',(9.776753581438,-15.56132796974,22.1));
#5910 = VECTOR('',#5911,1.);
#5911 = DIRECTION('',(0.,1.,0.));
#5912 = ORIENTED_EDGE('',*,*,#5913,.T.);
#5913 = EDGE_CURVE('',#5906,#5914,#5916,.T.);
#5914 = VERTEX_POINT('',#5915);
#5915 = CARTESIAN_POINT('',(11.392753581438,-14.96132796974,22.1));
#5916 = LINE('',#5917,#5918);
#5917 = CARTESIAN_POINT('',(9.776753581438,-14.96132796974,22.1));
#5918 = VECTOR('',#5919,1.);
#5919 = DIRECTION('',(1.,0.,0.));
#5920 = ORIENTED_EDGE('',*,*,#5921,.F.);
#5921 = EDGE_CURVE('',#5898,#5914,#5922,.T.);
#5922 = LINE('',#5923,#5924);
#5923 = CARTESIAN_POINT('',(11.392753581438,-15.56132796974,22.1));
#5924 = VECTOR('',#5925,1.);
#5925 = DIRECTION('',(0.,1.,0.));
#5926 = FACE_BOUND('',#5927,.T.);
#5927 = EDGE_LOOP('',(#5928,#5938,#5946,#5954));
#5928 = ORIENTED_EDGE('',*,*,#5929,.F.);
#5929 = EDGE_CURVE('',#5930,#5932,#5934,.T.);
#5930 = VERTEX_POINT('',#5931);
#5931 = CARTESIAN_POINT('',(7.864044581438,-14.31132796974,22.1));
#5932 = VERTEX_POINT('',#5933);
#5933 = CARTESIAN_POINT('',(12.005462581438,-14.31132796974,22.1));
#5934 = LINE('',#5935,#5936);
#5935 = CARTESIAN_POINT('',(7.864044581438,-14.31132796974,22.1));
#5936 = VECTOR('',#5937,1.);
#5937 = DIRECTION('',(1.,0.,0.));
#5938 = ORIENTED_EDGE('',*,*,#5939,.T.);
#5939 = EDGE_CURVE('',#5930,#5940,#5942,.T.);
#5940 = VERTEX_POINT('',#5941);
#5941 = CARTESIAN_POINT('',(7.864044581438,-10.51132796974,22.1));
#5942 = LINE('',#5943,#5944);
#5943 = CARTESIAN_POINT('',(7.864044581438,-14.31132796974,22.1));
#5944 = VECTOR('',#5945,1.);
#5945 = DIRECTION('',(0.,1.,0.));
#5946 = ORIENTED_EDGE('',*,*,#5947,.T.);
#5947 = EDGE_CURVE('',#5940,#5948,#5950,.T.);
#5948 = VERTEX_POINT('',#5949);
#5949 = CARTESIAN_POINT('',(12.005462581438,-10.51132796974,22.1));
#5950 = LINE('',#5951,#5952);
#5951 = CARTESIAN_POINT('',(7.864044581438,-10.51132796974,22.1));
#5952 = VECTOR('',#5953,1.);
#5953 = DIRECTION('',(1.,0.,0.));
#5954 = ORIENTED_EDGE('',*,*,#5955,.F.);
#5955 = EDGE_CURVE('',#5932,#5948,#5956,.T.);
#5956 = LINE('',#5957,#5958);
#5957 = CARTESIAN_POINT('',(12.005462581438,-14.31132796974,22.1));
#5958 = VECTOR('',#5959,1.);
#5959 = DIRECTION('',(0.,1.,0.));
#5960 = FACE_BOUND('',#5961,.T.);
#5961 = EDGE_LOOP('',(#5962,#5972,#5980,#5988));
#5962 = ORIENTED_EDGE('',*,*,#5963,.F.);
#5963 = EDGE_CURVE('',#5964,#5966,#5968,.T.);
#5964 = VERTEX_POINT('',#5965);
#5965 = CARTESIAN_POINT('',(6.234753581438,-10.90332796974,22.1));
#5966 = VERTEX_POINT('',#5967);
#5967 = CARTESIAN_POINT('',(6.234753581438,-12.51932796974,22.1));
#5968 = LINE('',#5969,#5970);
#5969 = CARTESIAN_POINT('',(6.234753581438,-10.90332796974,22.1));
#5970 = VECTOR('',#5971,1.);
#5971 = DIRECTION('',(1.110223024625E-16,-1.,0.));
#5972 = ORIENTED_EDGE('',*,*,#5973,.T.);
#5973 = EDGE_CURVE('',#5964,#5974,#5976,.T.);
#5974 = VERTEX_POINT('',#5975);
#5975 = CARTESIAN_POINT('',(6.834753581438,-10.90332796974,22.1));
#5976 = LINE('',#5977,#5978);
#5977 = CARTESIAN_POINT('',(6.234753581438,-10.90332796974,22.1));
#5978 = VECTOR('',#5979,1.);
#5979 = DIRECTION('',(1.,1.110223024625E-16,0.));
#5980 = ORIENTED_EDGE('',*,*,#5981,.T.);
#5981 = EDGE_CURVE('',#5974,#5982,#5984,.T.);
#5982 = VERTEX_POINT('',#5983);
#5983 = CARTESIAN_POINT('',(6.834753581438,-12.51932796974,22.1));
#5984 = LINE('',#5985,#5986);
#5985 = CARTESIAN_POINT('',(6.834753581438,-10.90332796974,22.1));
#5986 = VECTOR('',#5987,1.);
#5987 = DIRECTION('',(1.110223024625E-16,-1.,0.));
#5988 = ORIENTED_EDGE('',*,*,#5989,.F.);
#5989 = EDGE_CURVE('',#5966,#5982,#5990,.T.);
#5990 = LINE('',#5991,#5992);
#5991 = CARTESIAN_POINT('',(6.234753581438,-12.51932796974,22.1));
#5992 = VECTOR('',#5993,1.);
#5993 = DIRECTION('',(1.,1.110223024625E-16,0.));
#5994 = FACE_BOUND('',#5995,.T.);
#5995 = EDGE_LOOP('',(#5996,#6006,#6014,#6022));
#5996 = ORIENTED_EDGE('',*,*,#5997,.F.);
#5997 = EDGE_CURVE('',#5998,#6000,#6002,.T.);
#5998 = VERTEX_POINT('',#5999);
#5999 = CARTESIAN_POINT('',(-7.437351136463,10.250738954606,22.1));
#6000 = VERTEX_POINT('',#6001);
#6001 = CARTESIAN_POINT('',(-4.297351136463,10.250738954606,22.1));
#6002 = LINE('',#6003,#6004);
#6003 = CARTESIAN_POINT('',(-7.437351136463,10.250738954606,22.1));
#6004 = VECTOR('',#6005,1.);
#6005 = DIRECTION('',(1.,0.,0.));
#6006 = ORIENTED_EDGE('',*,*,#6007,.T.);
#6007 = EDGE_CURVE('',#5998,#6008,#6010,.T.);
#6008 = VERTEX_POINT('',#6009);
#6009 = CARTESIAN_POINT('',(-7.437351136463,11.750738954606,22.1));
#6010 = LINE('',#6011,#6012);
#6011 = CARTESIAN_POINT('',(-7.437351136463,10.250738954606,22.1));
#6012 = VECTOR('',#6013,1.);
#6013 = DIRECTION('',(0.,1.,0.));
#6014 = ORIENTED_EDGE('',*,*,#6015,.T.);
#6015 = EDGE_CURVE('',#6008,#6016,#6018,.T.);
#6016 = VERTEX_POINT('',#6017);
#6017 = CARTESIAN_POINT('',(-4.297351136463,11.750738954606,22.1));
#6018 = LINE('',#6019,#6020);
#6019 = CARTESIAN_POINT('',(-7.437351136463,11.750738954606,22.1));
#6020 = VECTOR('',#6021,1.);
#6021 = DIRECTION('',(1.,0.,0.));
#6022 = ORIENTED_EDGE('',*,*,#6023,.F.);
#6023 = EDGE_CURVE('',#6000,#6016,#6024,.T.);
#6024 = LINE('',#6025,#6026);
#6025 = CARTESIAN_POINT('',(-4.297351136463,10.250738954606,22.1));
#6026 = VECTOR('',#6027,1.);
#6027 = DIRECTION('',(0.,1.,0.));
#6028 = FACE_BOUND('',#6029,.T.);
#6029 = EDGE_LOOP('',(#6030,#6040,#6048,#6056));
#6030 = ORIENTED_EDGE('',*,*,#6031,.F.);
#6031 = EDGE_CURVE('',#6032,#6034,#6036,.T.);
#6032 = VERTEX_POINT('',#6033);
#6033 = CARTESIAN_POINT('',(-8.109351136463,17.914738954606,22.1));
#6034 = VERTEX_POINT('',#6035);
#6035 = CARTESIAN_POINT('',(-8.109351136463,12.214738954606,22.1));
#6036 = LINE('',#6037,#6038);
#6037 = CARTESIAN_POINT('',(-8.109351136463,17.914738954606,22.1));
#6038 = VECTOR('',#6039,1.);
#6039 = DIRECTION('',(1.110223024625E-16,-1.,0.));
#6040 = ORIENTED_EDGE('',*,*,#6041,.T.);
#6041 = EDGE_CURVE('',#6032,#6042,#6044,.T.);
#6042 = VERTEX_POINT('',#6043);
#6043 = CARTESIAN_POINT('',(-2.609351136463,17.914738954606,22.1));
#6044 = LINE('',#6045,#6046);
#6045 = CARTESIAN_POINT('',(-8.109351136463,17.914738954606,22.1));
#6046 = VECTOR('',#6047,1.);
#6047 = DIRECTION('',(1.,1.110223024625E-16,0.));
#6048 = ORIENTED_EDGE('',*,*,#6049,.T.);
#6049 = EDGE_CURVE('',#6042,#6050,#6052,.T.);
#6050 = VERTEX_POINT('',#6051);
#6051 = CARTESIAN_POINT('',(-2.609351136463,12.214738954606,22.1));
#6052 = LINE('',#6053,#6054);
#6053 = CARTESIAN_POINT('',(-2.609351136463,17.914738954606,22.1));
#6054 = VECTOR('',#6055,1.);
#6055 = DIRECTION('',(1.110223024625E-16,-1.,0.));
#6056 = ORIENTED_EDGE('',*,*,#6057,.F.);
#6057 = EDGE_CURVE('',#6034,#6050,#6058,.T.);
#6058 = LINE('',#6059,#6060);
#6059 = CARTESIAN_POINT('',(-8.109351136463,12.214738954606,22.1));
#6060 = VECTOR('',#6061,1.);
#6061 = DIRECTION('',(1.,1.110223024625E-16,0.));
#6062 = FACE_BOUND('',#6063,.T.);
#6063 = EDGE_LOOP('',(#6064,#6074,#6082,#6090));
#6064 = ORIENTED_EDGE('',*,*,#6065,.F.);
#6065 = EDGE_CURVE('',#6066,#6068,#6070,.T.);
#6066 = VERTEX_POINT('',#6067);
#6067 = CARTESIAN_POINT('',(0.782648863537,11.776138954606,22.1));
#6068 = VERTEX_POINT('',#6069);
#6069 = CARTESIAN_POINT('',(-2.357351136463,11.776138954606,22.1));
#6070 = LINE('',#6071,#6072);
#6071 = CARTESIAN_POINT('',(0.782648863537,11.776138954606,22.1));
#6072 = VECTOR('',#6073,1.);
#6073 = DIRECTION('',(-1.,-1.224646799147E-16,0.));
#6074 = ORIENTED_EDGE('',*,*,#6075,.T.);
#6075 = EDGE_CURVE('',#6066,#6076,#6078,.T.);
#6076 = VERTEX_POINT('',#6077);
#6077 = CARTESIAN_POINT('',(0.782648863537,10.276138954606,22.1));
#6078 = LINE('',#6079,#6080);
#6079 = CARTESIAN_POINT('',(0.782648863537,11.776138954606,22.1));
#6080 = VECTOR('',#6081,1.);
#6081 = DIRECTION('',(1.224646799147E-16,-1.,0.));
#6082 = ORIENTED_EDGE('',*,*,#6083,.T.);
#6083 = EDGE_CURVE('',#6076,#6084,#6086,.T.);
#6084 = VERTEX_POINT('',#6085);
#6085 = CARTESIAN_POINT('',(-2.357351136463,10.276138954606,22.1));
#6086 = LINE('',#6087,#6088);
#6087 = CARTESIAN_POINT('',(0.782648863537,10.276138954606,22.1));
#6088 = VECTOR('',#6089,1.);
#6089 = DIRECTION('',(-1.,-1.224646799147E-16,0.));
#6090 = ORIENTED_EDGE('',*,*,#6091,.F.);
#6091 = EDGE_CURVE('',#6068,#6084,#6092,.T.);
#6092 = LINE('',#6093,#6094);
#6093 = CARTESIAN_POINT('',(-2.357351136463,11.776138954606,22.1));
#6094 = VECTOR('',#6095,1.);
#6095 = DIRECTION('',(1.224646799147E-16,-1.,0.));
#6096 = FACE_BOUND('',#6097,.T.);
#6097 = EDGE_LOOP('',(#6098,#6108,#6116,#6124));
#6098 = ORIENTED_EDGE('',*,*,#6099,.F.);
#6099 = EDGE_CURVE('',#6100,#6102,#6104,.T.);
#6100 = VERTEX_POINT('',#6101);
#6101 = CARTESIAN_POINT('',(0.782648863537,13.655738954606,22.1));
#6102 = VERTEX_POINT('',#6103);
#6103 = CARTESIAN_POINT('',(-2.357351136463,13.655738954606,22.1));
#6104 = LINE('',#6105,#6106);
#6105 = CARTESIAN_POINT('',(0.782648863537,13.655738954606,22.1));
#6106 = VECTOR('',#6107,1.);
#6107 = DIRECTION('',(-1.,-1.224646799147E-16,0.));
#6108 = ORIENTED_EDGE('',*,*,#6109,.T.);
#6109 = EDGE_CURVE('',#6100,#6110,#6112,.T.);
#6110 = VERTEX_POINT('',#6111);
#6111 = CARTESIAN_POINT('',(0.782648863537,12.155738954606,22.1));
#6112 = LINE('',#6113,#6114);
#6113 = CARTESIAN_POINT('',(0.782648863537,13.655738954606,22.1));
#6114 = VECTOR('',#6115,1.);
#6115 = DIRECTION('',(1.224646799147E-16,-1.,0.));
#6116 = ORIENTED_EDGE('',*,*,#6117,.T.);
#6117 = EDGE_CURVE('',#6110,#6118,#6120,.T.);
#6118 = VERTEX_POINT('',#6119);
#6119 = CARTESIAN_POINT('',(-2.357351136463,12.155738954606,22.1));
#6120 = LINE('',#6121,#6122);
#6121 = CARTESIAN_POINT('',(0.782648863537,12.155738954606,22.1));
#6122 = VECTOR('',#6123,1.);
#6123 = DIRECTION('',(-1.,-1.224646799147E-16,0.));
#6124 = ORIENTED_EDGE('',*,*,#6125,.F.);
#6125 = EDGE_CURVE('',#6102,#6118,#6126,.T.);
#6126 = LINE('',#6127,#6128);
#6127 = CARTESIAN_POINT('',(-2.357351136463,13.655738954606,22.1));
#6128 = VECTOR('',#6129,1.);
#6129 = DIRECTION('',(1.224646799147E-16,-1.,0.));
#6130 = FACE_BOUND('',#6131,.T.);
#6131 = EDGE_LOOP('',(#6132,#6142,#6150,#6158));
#6132 = ORIENTED_EDGE('',*,*,#6133,.F.);
#6133 = EDGE_CURVE('',#6134,#6136,#6138,.T.);
#6134 = VERTEX_POINT('',#6135);
#6135 = CARTESIAN_POINT('',(-1.968351136463,16.024738954606,22.1));
#6136 = VERTEX_POINT('',#6137);
#6137 = CARTESIAN_POINT('',(-1.968351136463,14.104738954606,22.1));
#6138 = LINE('',#6139,#6140);
#6139 = CARTESIAN_POINT('',(-1.968351136463,16.024738954606,22.1));
#6140 = VECTOR('',#6141,1.);
#6141 = DIRECTION('',(1.110223024625E-16,-1.,0.));
#6142 = ORIENTED_EDGE('',*,*,#6143,.T.);
#6143 = EDGE_CURVE('',#6134,#6144,#6146,.T.);
#6144 = VERTEX_POINT('',#6145);
#6145 = CARTESIAN_POINT('',(-0.368351136463,16.024738954606,22.1));
#6146 = LINE('',#6147,#6148);
#6147 = CARTESIAN_POINT('',(-1.968351136463,16.024738954606,22.1));
#6148 = VECTOR('',#6149,1.);
#6149 = DIRECTION('',(1.,1.110223024625E-16,0.));
#6150 = ORIENTED_EDGE('',*,*,#6151,.T.);
#6151 = EDGE_CURVE('',#6144,#6152,#6154,.T.);
#6152 = VERTEX_POINT('',#6153);
#6153 = CARTESIAN_POINT('',(-0.368351136463,14.104738954606,22.1));
#6154 = LINE('',#6155,#6156);
#6155 = CARTESIAN_POINT('',(-0.368351136463,16.024738954606,22.1));
#6156 = VECTOR('',#6157,1.);
#6157 = DIRECTION('',(1.110223024625E-16,-1.,0.));
#6158 = ORIENTED_EDGE('',*,*,#6159,.F.);
#6159 = EDGE_CURVE('',#6136,#6152,#6160,.T.);
#6160 = LINE('',#6161,#6162);
#6161 = CARTESIAN_POINT('',(-1.968351136463,14.104738954606,22.1));
#6162 = VECTOR('',#6163,1.);
#6163 = DIRECTION('',(1.,1.110223024625E-16,0.));
#6164 = FACE_BOUND('',#6165,.T.);
#6165 = EDGE_LOOP('',(#6166,#6176,#6184,#6192));
#6166 = ORIENTED_EDGE('',*,*,#6167,.F.);
#6167 = EDGE_CURVE('',#6168,#6170,#6172,.T.);
#6168 = VERTEX_POINT('',#6169);
#6169 = CARTESIAN_POINT('',(0.909648863537,14.485338954606,22.1));
#6170 = VERTEX_POINT('',#6171);
#6171 = CARTESIAN_POINT('',(0.909648863537,16.101338954606,22.1));
#6172 = LINE('',#6173,#6174);
#6173 = CARTESIAN_POINT('',(0.909648863537,14.485338954606,22.1));
#6174 = VECTOR('',#6175,1.);
#6175 = DIRECTION('',(-2.22044604925E-16,1.,0.));
#6176 = ORIENTED_EDGE('',*,*,#6177,.T.);
#6177 = EDGE_CURVE('',#6168,#6178,#6180,.T.);
#6178 = VERTEX_POINT('',#6179);
#6179 = CARTESIAN_POINT('',(0.309648863537,14.485338954606,22.1));
#6180 = LINE('',#6181,#6182);
#6181 = CARTESIAN_POINT('',(0.909648863537,14.485338954606,22.1));
#6182 = VECTOR('',#6183,1.);
#6183 = DIRECTION('',(-1.,-2.22044604925E-16,0.));
#6184 = ORIENTED_EDGE('',*,*,#6185,.T.);
#6185 = EDGE_CURVE('',#6178,#6186,#6188,.T.);
#6186 = VERTEX_POINT('',#6187);
#6187 = CARTESIAN_POINT('',(0.309648863537,16.101338954606,22.1));
#6188 = LINE('',#6189,#6190);
#6189 = CARTESIAN_POINT('',(0.309648863537,14.485338954606,22.1));
#6190 = VECTOR('',#6191,1.);
#6191 = DIRECTION('',(-2.22044604925E-16,1.,0.));
#6192 = ORIENTED_EDGE('',*,*,#6193,.F.);
#6193 = EDGE_CURVE('',#6170,#6186,#6194,.T.);
#6194 = LINE('',#6195,#6196);
#6195 = CARTESIAN_POINT('',(0.909648863537,16.101338954606,22.1));
#6196 = VECTOR('',#6197,1.);
#6197 = DIRECTION('',(-1.,-2.22044604925E-16,0.));
#6198 = FACE_BOUND('',#6199,.T.);
#6199 = EDGE_LOOP('',(#6200,#6210,#6218,#6226));
#6200 = ORIENTED_EDGE('',*,*,#6201,.F.);
#6201 = EDGE_CURVE('',#6202,#6204,#6206,.T.);
#6202 = VERTEX_POINT('',#6203);
#6203 = CARTESIAN_POINT('',(0.909648863537,17.558738954606,22.1));
#6204 = VERTEX_POINT('',#6205);
#6205 = CARTESIAN_POINT('',(0.909648863537,19.174738954606,22.1));
#6206 = LINE('',#6207,#6208);
#6207 = CARTESIAN_POINT('',(0.909648863537,17.558738954606,22.1));
#6208 = VECTOR('',#6209,1.);
#6209 = DIRECTION('',(-2.22044604925E-16,1.,0.));
#6210 = ORIENTED_EDGE('',*,*,#6211,.T.);
#6211 = EDGE_CURVE('',#6202,#6212,#6214,.T.);
#6212 = VERTEX_POINT('',#6213);
#6213 = CARTESIAN_POINT('',(0.309648863537,17.558738954606,22.1));
#6214 = LINE('',#6215,#6216);
#6215 = CARTESIAN_POINT('',(0.909648863537,17.558738954606,22.1));
#6216 = VECTOR('',#6217,1.);
#6217 = DIRECTION('',(-1.,-2.22044604925E-16,0.));
#6218 = ORIENTED_EDGE('',*,*,#6219,.T.);
#6219 = EDGE_CURVE('',#6212,#6220,#6222,.T.);
#6220 = VERTEX_POINT('',#6221);
#6221 = CARTESIAN_POINT('',(0.309648863537,19.174738954606,22.1));
#6222 = LINE('',#6223,#6224);
#6223 = CARTESIAN_POINT('',(0.309648863537,17.558738954606,22.1));
#6224 = VECTOR('',#6225,1.);
#6225 = DIRECTION('',(-2.22044604925E-16,1.,0.));
#6226 = ORIENTED_EDGE('',*,*,#6227,.F.);
#6227 = EDGE_CURVE('',#6204,#6220,#6228,.T.);
#6228 = LINE('',#6229,#6230);
#6229 = CARTESIAN_POINT('',(0.909648863537,19.174738954606,22.1));
#6230 = VECTOR('',#6231,1.);
#6231 = DIRECTION('',(-1.,-2.22044604925E-16,0.));
#6232 = FACE_BOUND('',#6233,.T.);
#6233 = EDGE_LOOP('',(#6234));
#6234 = ORIENTED_EDGE('',*,*,#6235,.F.);
#6235 = EDGE_CURVE('',#6236,#6236,#6238,.T.);
#6236 = VERTEX_POINT('',#6237);
#6237 = CARTESIAN_POINT('',(11.1,15.7,22.1));
#6238 = CIRCLE('',#6239,1.1);
#6239 = AXIS2_PLACEMENT_3D('',#6240,#6241,#6242);
#6240 = CARTESIAN_POINT('',(10.,15.7,22.1));
#6241 = DIRECTION('',(0.,0.,1.));
#6242 = DIRECTION('',(1.,0.,-0.));
#6243 = PLANE('',#6244);
#6244 = AXIS2_PLACEMENT_3D('',#6245,#6246,#6247);
#6245 = CARTESIAN_POINT('',(0.,0.,22.1));
#6246 = DIRECTION('',(0.,0.,1.));
#6247 = DIRECTION('',(1.,0.,-0.));
#6248 = ADVANCED_FACE('',(#6249),#6275,.F.);
#6249 = FACE_BOUND('',#6250,.F.);
#6250 = EDGE_LOOP('',(#6251,#6259,#6267,#6273,#6274));
#6251 = ORIENTED_EDGE('',*,*,#6252,.F.);
#6252 = EDGE_CURVE('',#6253,#3699,#6255,.T.);
#6253 = VERTEX_POINT('',#6254);
#6254 = CARTESIAN_POINT('',(4.82,-14.035,17.));
#6255 = LINE('',#6256,#6257);
#6256 = CARTESIAN_POINT('',(4.82,-14.035,17.));
#6257 = VECTOR('',#6258,1.);
#6258 = DIRECTION('',(0.,0.,1.));
#6259 = ORIENTED_EDGE('',*,*,#6260,.T.);
#6260 = EDGE_CURVE('',#6253,#6261,#6263,.T.);
#6261 = VERTEX_POINT('',#6262);
#6262 = CARTESIAN_POINT('',(4.82,-21.965,17.));
#6263 = LINE('',#6264,#6265);
#6264 = CARTESIAN_POINT('',(4.82,-14.035,17.));
#6265 = VECTOR('',#6266,1.);
#6266 = DIRECTION('',(1.224646799147E-16,-1.,0.));
#6267 = ORIENTED_EDGE('',*,*,#6268,.T.);
#6268 = EDGE_CURVE('',#6261,#5817,#6269,.T.);
#6269 = LINE('',#6270,#6271);
#6270 = CARTESIAN_POINT('',(4.82,-21.965,17.));
#6271 = VECTOR('',#6272,1.);
#6272 = DIRECTION('',(0.,0.,1.));
#6273 = ORIENTED_EDGE('',*,*,#5816,.F.);
#6274 = ORIENTED_EDGE('',*,*,#3706,.F.);
#6275 = PLANE('',#6276);
#6276 = AXIS2_PLACEMENT_3D('',#6277,#6278,#6279);
#6277 = CARTESIAN_POINT('',(4.82,-14.035,17.));
#6278 = DIRECTION('',(-1.,-1.224646799147E-16,0.));
#6279 = DIRECTION('',(0.,0.,1.));
#6280 = ADVANCED_FACE('',(#6281),#6299,.F.);
#6281 = FACE_BOUND('',#6282,.F.);
#6282 = EDGE_LOOP('',(#6283,#6291,#6292,#6293));
#6283 = ORIENTED_EDGE('',*,*,#6284,.F.);
#6284 = EDGE_CURVE('',#6253,#6285,#6287,.T.);
#6285 = VERTEX_POINT('',#6286);
#6286 = CARTESIAN_POINT('',(-4.82,-14.035,17.));
#6287 = LINE('',#6288,#6289);
#6288 = CARTESIAN_POINT('',(4.82,-14.035,17.));
#6289 = VECTOR('',#6290,1.);
#6290 = DIRECTION('',(-1.,-1.224646799147E-16,0.));
#6291 = ORIENTED_EDGE('',*,*,#6252,.T.);
#6292 = ORIENTED_EDGE('',*,*,#3698,.T.);
#6293 = ORIENTED_EDGE('',*,*,#6294,.F.);
#6294 = EDGE_CURVE('',#6285,#3691,#6295,.T.);
#6295 = LINE('',#6296,#6297);
#6296 = CARTESIAN_POINT('',(-4.82,-14.035,17.));
#6297 = VECTOR('',#6298,1.);
#6298 = DIRECTION('',(0.,0.,1.));
#6299 = PLANE('',#6300);
#6300 = AXIS2_PLACEMENT_3D('',#6301,#6302,#6303);
#6301 = CARTESIAN_POINT('',(4.82,-14.035,17.));
#6302 = DIRECTION('',(1.224646799147E-16,-1.,0.));
#6303 = DIRECTION('',(0.,0.,1.));
#6304 = ADVANCED_FACE('',(#6305),#6324,.T.);
#6305 = FACE_BOUND('',#6306,.T.);
#6306 = EDGE_LOOP('',(#6307,#6308,#6316,#6322,#6323));
#6307 = ORIENTED_EDGE('',*,*,#6294,.F.);
#6308 = ORIENTED_EDGE('',*,*,#6309,.T.);
#6309 = EDGE_CURVE('',#6285,#6310,#6312,.T.);
#6310 = VERTEX_POINT('',#6311);
#6311 = CARTESIAN_POINT('',(-4.82,-21.965,17.));
#6312 = LINE('',#6313,#6314);
#6313 = CARTESIAN_POINT('',(-4.82,-14.035,17.));
#6314 = VECTOR('',#6315,1.);
#6315 = DIRECTION('',(1.224646799147E-16,-1.,0.));
#6316 = ORIENTED_EDGE('',*,*,#6317,.T.);
#6317 = EDGE_CURVE('',#6310,#5826,#6318,.T.);
#6318 = LINE('',#6319,#6320);
#6319 = CARTESIAN_POINT('',(-4.82,-21.965,17.));
#6320 = VECTOR('',#6321,1.);
#6321 = DIRECTION('',(0.,0.,1.));
#6322 = ORIENTED_EDGE('',*,*,#5825,.F.);
#6323 = ORIENTED_EDGE('',*,*,#3690,.F.);
#6324 = PLANE('',#6325);
#6325 = AXIS2_PLACEMENT_3D('',#6326,#6327,#6328);
#6326 = CARTESIAN_POINT('',(-4.82,-14.035,17.));
#6327 = DIRECTION('',(-1.,-1.224646799147E-16,0.));
#6328 = DIRECTION('',(0.,0.,1.));
#6329 = ADVANCED_FACE('',(#6330),#6355,.F.);
#6330 = FACE_BOUND('',#6331,.F.);
#6331 = EDGE_LOOP('',(#6332,#6342,#6348,#6349));
#6332 = ORIENTED_EDGE('',*,*,#6333,.F.);
#6333 = EDGE_CURVE('',#6334,#6336,#6338,.T.);
#6334 = VERTEX_POINT('',#6335);
#6335 = CARTESIAN_POINT('',(-15.67285402366,-10.54021693943,19.85));
#6336 = VERTEX_POINT('',#6337);
#6337 = CARTESIAN_POINT('',(-17.28885402366,-10.54021693943,19.85));
#6338 = LINE('',#6339,#6340);
#6339 = CARTESIAN_POINT('',(-15.67285402366,-10.54021693943,19.85));
#6340 = VECTOR('',#6341,1.);
#6341 = DIRECTION('',(-1.,-1.224646799147E-16,0.));
#6342 = ORIENTED_EDGE('',*,*,#6343,.T.);
#6343 = EDGE_CURVE('',#6334,#3715,#6344,.T.);
#6344 = LINE('',#6345,#6346);
#6345 = CARTESIAN_POINT('',(-15.67285402366,-10.54021693943,19.85));
#6346 = VECTOR('',#6347,1.);
#6347 = DIRECTION('',(0.,0.,1.));
#6348 = ORIENTED_EDGE('',*,*,#3714,.T.);
#6349 = ORIENTED_EDGE('',*,*,#6350,.F.);
#6350 = EDGE_CURVE('',#6336,#3717,#6351,.T.);
#6351 = LINE('',#6352,#6353);
#6352 = CARTESIAN_POINT('',(-17.28885402366,-10.54021693943,19.85));
#6353 = VECTOR('',#6354,1.);
#6354 = DIRECTION('',(0.,0.,1.));
#6355 = PLANE('',#6356);
#6356 = AXIS2_PLACEMENT_3D('',#6357,#6358,#6359);
#6357 = CARTESIAN_POINT('',(-15.67285402366,-10.54021693943,19.85));
#6358 = DIRECTION('',(1.224646799147E-16,-1.,0.));
#6359 = DIRECTION('',(0.,0.,1.));
#6360 = ADVANCED_FACE('',(#6361),#6379,.T.);
#6361 = FACE_BOUND('',#6362,.T.);
#6362 = EDGE_LOOP('',(#6363,#6364,#6372,#6378));
#6363 = ORIENTED_EDGE('',*,*,#6350,.F.);
#6364 = ORIENTED_EDGE('',*,*,#6365,.T.);
#6365 = EDGE_CURVE('',#6336,#6366,#6368,.T.);
#6366 = VERTEX_POINT('',#6367);
#6367 = CARTESIAN_POINT('',(-17.28885402366,-11.14021693943,19.85));
#6368 = LINE('',#6369,#6370);
#6369 = CARTESIAN_POINT('',(-17.28885402366,-10.54021693943,19.85));
#6370 = VECTOR('',#6371,1.);
#6371 = DIRECTION('',(1.224646799147E-16,-1.,0.));
#6372 = ORIENTED_EDGE('',*,*,#6373,.T.);
#6373 = EDGE_CURVE('',#6366,#3733,#6374,.T.);
#6374 = LINE('',#6375,#6376);
#6375 = CARTESIAN_POINT('',(-17.28885402366,-11.14021693943,19.85));
#6376 = VECTOR('',#6377,1.);
#6377 = DIRECTION('',(0.,0.,1.));
#6378 = ORIENTED_EDGE('',*,*,#3740,.F.);
#6379 = PLANE('',#6380);
#6380 = AXIS2_PLACEMENT_3D('',#6381,#6382,#6383);
#6381 = CARTESIAN_POINT('',(-17.28885402366,-10.54021693943,19.85));
#6382 = DIRECTION('',(-1.,-1.224646799147E-16,0.));
#6383 = DIRECTION('',(0.,0.,1.));
#6384 = ADVANCED_FACE('',(#6385),#6403,.T.);
#6385 = FACE_BOUND('',#6386,.T.);
#6386 = EDGE_LOOP('',(#6387,#6395,#6401,#6402));
#6387 = ORIENTED_EDGE('',*,*,#6388,.F.);
#6388 = EDGE_CURVE('',#6389,#6366,#6391,.T.);
#6389 = VERTEX_POINT('',#6390);
#6390 = CARTESIAN_POINT('',(-15.67285402366,-11.14021693943,19.85));
#6391 = LINE('',#6392,#6393);
#6392 = CARTESIAN_POINT('',(-15.67285402366,-11.14021693943,19.85));
#6393 = VECTOR('',#6394,1.);
#6394 = DIRECTION('',(-1.,-1.224646799147E-16,0.));
#6395 = ORIENTED_EDGE('',*,*,#6396,.T.);
#6396 = EDGE_CURVE('',#6389,#3725,#6397,.T.);
#6397 = LINE('',#6398,#6399);
#6398 = CARTESIAN_POINT('',(-15.67285402366,-11.14021693943,19.85));
#6399 = VECTOR('',#6400,1.);
#6400 = DIRECTION('',(0.,0.,1.));
#6401 = ORIENTED_EDGE('',*,*,#3732,.T.);
#6402 = ORIENTED_EDGE('',*,*,#6373,.F.);
#6403 = PLANE('',#6404);
#6404 = AXIS2_PLACEMENT_3D('',#6405,#6406,#6407);
#6405 = CARTESIAN_POINT('',(-15.67285402366,-11.14021693943,19.85));
#6406 = DIRECTION('',(1.224646799147E-16,-1.,0.));
#6407 = DIRECTION('',(0.,0.,1.));
#6408 = ADVANCED_FACE('',(#6409),#6420,.F.);
#6409 = FACE_BOUND('',#6410,.F.);
#6410 = EDGE_LOOP('',(#6411,#6412,#6418,#6419));
#6411 = ORIENTED_EDGE('',*,*,#6343,.F.);
#6412 = ORIENTED_EDGE('',*,*,#6413,.T.);
#6413 = EDGE_CURVE('',#6334,#6389,#6414,.T.);
#6414 = LINE('',#6415,#6416);
#6415 = CARTESIAN_POINT('',(-15.67285402366,-10.54021693943,19.85));
#6416 = VECTOR('',#6417,1.);
#6417 = DIRECTION('',(1.224646799147E-16,-1.,0.));
#6418 = ORIENTED_EDGE('',*,*,#6396,.T.);
#6419 = ORIENTED_EDGE('',*,*,#3724,.F.);
#6420 = PLANE('',#6421);
#6421 = AXIS2_PLACEMENT_3D('',#6422,#6423,#6424);
#6422 = CARTESIAN_POINT('',(-15.67285402366,-10.54021693943,19.85));
#6423 = DIRECTION('',(-1.,-1.224646799147E-16,0.));
#6424 = DIRECTION('',(0.,0.,1.));
#6425 = ADVANCED_FACE('',(#6426),#6451,.F.);
#6426 = FACE_BOUND('',#6427,.F.);
#6427 = EDGE_LOOP('',(#6428,#6438,#6444,#6445));
#6428 = ORIENTED_EDGE('',*,*,#6429,.F.);
#6429 = EDGE_CURVE('',#6430,#6432,#6434,.T.);
#6430 = VERTEX_POINT('',#6431);
#6431 = CARTESIAN_POINT('',(-17.83570135243,-6.688245517668,19.));
#6432 = VERTEX_POINT('',#6433);
#6433 = CARTESIAN_POINT('',(-17.83570135243,-9.988245517668,19.));
#6434 = LINE('',#6435,#6436);
#6435 = CARTESIAN_POINT('',(-17.83570135243,-6.688245517668,19.));
#6436 = VECTOR('',#6437,1.);
#6437 = DIRECTION('',(1.110223024625E-16,-1.,0.));
#6438 = ORIENTED_EDGE('',*,*,#6439,.T.);
#6439 = EDGE_CURVE('',#6430,#3749,#6440,.T.);
#6440 = LINE('',#6441,#6442);
#6441 = CARTESIAN_POINT('',(-17.83570135243,-6.688245517668,19.));
#6442 = VECTOR('',#6443,1.);
#6443 = DIRECTION('',(0.,0.,1.));
#6444 = ORIENTED_EDGE('',*,*,#3748,.T.);
#6445 = ORIENTED_EDGE('',*,*,#6446,.F.);
#6446 = EDGE_CURVE('',#6432,#3751,#6447,.T.);
#6447 = LINE('',#6448,#6449);
#6448 = CARTESIAN_POINT('',(-17.83570135243,-9.988245517668,19.));
#6449 = VECTOR('',#6450,1.);
#6450 = DIRECTION('',(0.,0.,1.));
#6451 = PLANE('',#6452);
#6452 = AXIS2_PLACEMENT_3D('',#6453,#6454,#6455);
#6453 = CARTESIAN_POINT('',(-17.83570135243,-6.688245517668,19.));
#6454 = DIRECTION('',(1.,1.110223024625E-16,0.));
#6455 = DIRECTION('',(0.,0.,1.));
#6456 = ADVANCED_FACE('',(#6457),#6475,.T.);
#6457 = FACE_BOUND('',#6458,.T.);
#6458 = EDGE_LOOP('',(#6459,#6460,#6468,#6474));
#6459 = ORIENTED_EDGE('',*,*,#6446,.F.);
#6460 = ORIENTED_EDGE('',*,*,#6461,.T.);
#6461 = EDGE_CURVE('',#6432,#6462,#6464,.T.);
#6462 = VERTEX_POINT('',#6463);
#6463 = CARTESIAN_POINT('',(-14.03550135243,-9.988245517668,19.));
#6464 = LINE('',#6465,#6466);
#6465 = CARTESIAN_POINT('',(-17.83570135243,-9.988245517668,19.));
#6466 = VECTOR('',#6467,1.);
#6467 = DIRECTION('',(1.,1.110223024625E-16,0.));
#6468 = ORIENTED_EDGE('',*,*,#6469,.T.);
#6469 = EDGE_CURVE('',#6462,#3767,#6470,.T.);
#6470 = LINE('',#6471,#6472);
#6471 = CARTESIAN_POINT('',(-14.03550135243,-9.988245517668,19.));
#6472 = VECTOR('',#6473,1.);
#6473 = DIRECTION('',(0.,0.,1.));
#6474 = ORIENTED_EDGE('',*,*,#3774,.F.);
#6475 = PLANE('',#6476);
#6476 = AXIS2_PLACEMENT_3D('',#6477,#6478,#6479);
#6477 = CARTESIAN_POINT('',(-17.83570135243,-9.988245517668,19.));
#6478 = DIRECTION('',(1.110223024625E-16,-1.,0.));
#6479 = DIRECTION('',(0.,0.,1.));
#6480 = ADVANCED_FACE('',(#6481),#6499,.T.);
#6481 = FACE_BOUND('',#6482,.T.);
#6482 = EDGE_LOOP('',(#6483,#6491,#6497,#6498));
#6483 = ORIENTED_EDGE('',*,*,#6484,.F.);
#6484 = EDGE_CURVE('',#6485,#6462,#6487,.T.);
#6485 = VERTEX_POINT('',#6486);
#6486 = CARTESIAN_POINT('',(-14.03550135243,-6.688245517668,19.));
#6487 = LINE('',#6488,#6489);
#6488 = CARTESIAN_POINT('',(-14.03550135243,-6.688245517668,19.));
#6489 = VECTOR('',#6490,1.);
#6490 = DIRECTION('',(1.110223024625E-16,-1.,0.));
#6491 = ORIENTED_EDGE('',*,*,#6492,.T.);
#6492 = EDGE_CURVE('',#6485,#3759,#6493,.T.);
#6493 = LINE('',#6494,#6495);
#6494 = CARTESIAN_POINT('',(-14.03550135243,-6.688245517668,19.));
#6495 = VECTOR('',#6496,1.);
#6496 = DIRECTION('',(0.,0.,1.));
#6497 = ORIENTED_EDGE('',*,*,#3766,.T.);
#6498 = ORIENTED_EDGE('',*,*,#6469,.F.);
#6499 = PLANE('',#6500);
#6500 = AXIS2_PLACEMENT_3D('',#6501,#6502,#6503);
#6501 = CARTESIAN_POINT('',(-14.03550135243,-6.688245517668,19.));
#6502 = DIRECTION('',(1.,1.110223024625E-16,0.));
#6503 = DIRECTION('',(0.,0.,1.));
#6504 = ADVANCED_FACE('',(#6505),#6516,.F.);
#6505 = FACE_BOUND('',#6506,.F.);
#6506 = EDGE_LOOP('',(#6507,#6508,#6514,#6515));
#6507 = ORIENTED_EDGE('',*,*,#6439,.F.);
#6508 = ORIENTED_EDGE('',*,*,#6509,.T.);
#6509 = EDGE_CURVE('',#6430,#6485,#6510,.T.);
#6510 = LINE('',#6511,#6512);
#6511 = CARTESIAN_POINT('',(-17.83570135243,-6.688245517668,19.));
#6512 = VECTOR('',#6513,1.);
#6513 = DIRECTION('',(1.,1.110223024625E-16,0.));
#6514 = ORIENTED_EDGE('',*,*,#6492,.T.);
#6515 = ORIENTED_EDGE('',*,*,#3758,.F.);
#6516 = PLANE('',#6517);
#6517 = AXIS2_PLACEMENT_3D('',#6518,#6519,#6520);
#6518 = CARTESIAN_POINT('',(-17.83570135243,-6.688245517668,19.));
#6519 = DIRECTION('',(1.110223024625E-16,-1.,0.));
#6520 = DIRECTION('',(0.,0.,1.));
#6521 = ADVANCED_FACE('',(#6522),#6547,.F.);
#6522 = FACE_BOUND('',#6523,.F.);
#6523 = EDGE_LOOP('',(#6524,#6534,#6540,#6541));
#6524 = ORIENTED_EDGE('',*,*,#6525,.F.);
#6525 = EDGE_CURVE('',#6526,#6528,#6530,.T.);
#6526 = VERTEX_POINT('',#6527);
#6527 = CARTESIAN_POINT('',(-9.886364666451,-10.04312841544,18.5));
#6528 = VERTEX_POINT('',#6529);
#6529 = CARTESIAN_POINT('',(-13.02636466645,-10.04312841544,18.5));
#6530 = LINE('',#6531,#6532);
#6531 = CARTESIAN_POINT('',(-9.886364666451,-10.04312841544,18.5));
#6532 = VECTOR('',#6533,1.);
#6533 = DIRECTION('',(-1.,-1.224646799147E-16,0.));
#6534 = ORIENTED_EDGE('',*,*,#6535,.T.);
#6535 = EDGE_CURVE('',#6526,#3783,#6536,.T.);
#6536 = LINE('',#6537,#6538);
#6537 = CARTESIAN_POINT('',(-9.886364666451,-10.04312841544,18.5));
#6538 = VECTOR('',#6539,1.);
#6539 = DIRECTION('',(0.,0.,1.));
#6540 = ORIENTED_EDGE('',*,*,#3782,.T.);
#6541 = ORIENTED_EDGE('',*,*,#6542,.F.);
#6542 = EDGE_CURVE('',#6528,#3785,#6543,.T.);
#6543 = LINE('',#6544,#6545);
#6544 = CARTESIAN_POINT('',(-13.02636466645,-10.04312841544,18.5));
#6545 = VECTOR('',#6546,1.);
#6546 = DIRECTION('',(0.,0.,1.));
#6547 = PLANE('',#6548);
#6548 = AXIS2_PLACEMENT_3D('',#6549,#6550,#6551);
#6549 = CARTESIAN_POINT('',(-9.886364666451,-10.04312841544,18.5));
#6550 = DIRECTION('',(1.224646799147E-16,-1.,0.));
#6551 = DIRECTION('',(0.,0.,1.));
#6552 = ADVANCED_FACE('',(#6553),#6571,.T.);
#6553 = FACE_BOUND('',#6554,.T.);
#6554 = EDGE_LOOP('',(#6555,#6556,#6564,#6570));
#6555 = ORIENTED_EDGE('',*,*,#6542,.F.);
#6556 = ORIENTED_EDGE('',*,*,#6557,.T.);
#6557 = EDGE_CURVE('',#6528,#6558,#6560,.T.);
#6558 = VERTEX_POINT('',#6559);
#6559 = CARTESIAN_POINT('',(-13.02636466645,-11.54312841544,18.5));
#6560 = LINE('',#6561,#6562);
#6561 = CARTESIAN_POINT('',(-13.02636466645,-10.04312841544,18.5));
#6562 = VECTOR('',#6563,1.);
#6563 = DIRECTION('',(1.224646799147E-16,-1.,0.));
#6564 = ORIENTED_EDGE('',*,*,#6565,.T.);
#6565 = EDGE_CURVE('',#6558,#3801,#6566,.T.);
#6566 = LINE('',#6567,#6568);
#6567 = CARTESIAN_POINT('',(-13.02636466645,-11.54312841544,18.5));
#6568 = VECTOR('',#6569,1.);
#6569 = DIRECTION('',(0.,0.,1.));
#6570 = ORIENTED_EDGE('',*,*,#3808,.F.);
#6571 = PLANE('',#6572);
#6572 = AXIS2_PLACEMENT_3D('',#6573,#6574,#6575);
#6573 = CARTESIAN_POINT('',(-13.02636466645,-10.04312841544,18.5));
#6574 = DIRECTION('',(-1.,-1.224646799147E-16,0.));
#6575 = DIRECTION('',(0.,0.,1.));
#6576 = ADVANCED_FACE('',(#6577),#6595,.T.);
#6577 = FACE_BOUND('',#6578,.T.);
#6578 = EDGE_LOOP('',(#6579,#6587,#6593,#6594));
#6579 = ORIENTED_EDGE('',*,*,#6580,.F.);
#6580 = EDGE_CURVE('',#6581,#6558,#6583,.T.);
#6581 = VERTEX_POINT('',#6582);
#6582 = CARTESIAN_POINT('',(-9.886364666451,-11.54312841544,18.5));
#6583 = LINE('',#6584,#6585);
#6584 = CARTESIAN_POINT('',(-9.886364666451,-11.54312841544,18.5));
#6585 = VECTOR('',#6586,1.);
#6586 = DIRECTION('',(-1.,-1.224646799147E-16,0.));
#6587 = ORIENTED_EDGE('',*,*,#6588,.T.);
#6588 = EDGE_CURVE('',#6581,#3793,#6589,.T.);
#6589 = LINE('',#6590,#6591);
#6590 = CARTESIAN_POINT('',(-9.886364666451,-11.54312841544,18.5));
#6591 = VECTOR('',#6592,1.);
#6592 = DIRECTION('',(0.,0.,1.));
#6593 = ORIENTED_EDGE('',*,*,#3800,.T.);
#6594 = ORIENTED_EDGE('',*,*,#6565,.F.);
#6595 = PLANE('',#6596);
#6596 = AXIS2_PLACEMENT_3D('',#6597,#6598,#6599);
#6597 = CARTESIAN_POINT('',(-9.886364666451,-11.54312841544,18.5));
#6598 = DIRECTION('',(1.224646799147E-16,-1.,0.));
#6599 = DIRECTION('',(0.,0.,1.));
#6600 = ADVANCED_FACE('',(#6601),#6612,.F.);
#6601 = FACE_BOUND('',#6602,.F.);
#6602 = EDGE_LOOP('',(#6603,#6604,#6610,#6611));
#6603 = ORIENTED_EDGE('',*,*,#6535,.F.);
#6604 = ORIENTED_EDGE('',*,*,#6605,.T.);
#6605 = EDGE_CURVE('',#6526,#6581,#6606,.T.);
#6606 = LINE('',#6607,#6608);
#6607 = CARTESIAN_POINT('',(-9.886364666451,-10.04312841544,18.5));
#6608 = VECTOR('',#6609,1.);
#6609 = DIRECTION('',(1.224646799147E-16,-1.,0.));
#6610 = ORIENTED_EDGE('',*,*,#6588,.T.);
#6611 = ORIENTED_EDGE('',*,*,#3792,.F.);
#6612 = PLANE('',#6613);
#6613 = AXIS2_PLACEMENT_3D('',#6614,#6615,#6616);
#6614 = CARTESIAN_POINT('',(-9.886364666451,-10.04312841544,18.5));
#6615 = DIRECTION('',(-1.,-1.224646799147E-16,0.));
#6616 = DIRECTION('',(0.,0.,1.));
#6617 = ADVANCED_FACE('',(#6618),#6643,.F.);
#6618 = FACE_BOUND('',#6619,.F.);
#6619 = EDGE_LOOP('',(#6620,#6630,#6636,#6637));
#6620 = ORIENTED_EDGE('',*,*,#6621,.F.);
#6621 = EDGE_CURVE('',#6622,#6624,#6626,.T.);
#6622 = VERTEX_POINT('',#6623);
#6623 = CARTESIAN_POINT('',(-12.27698744182,-7.923121557289,19.85));
#6624 = VERTEX_POINT('',#6625);
#6625 = CARTESIAN_POINT('',(-12.27698744182,-9.539121557289,19.85));
#6626 = LINE('',#6627,#6628);
#6627 = CARTESIAN_POINT('',(-12.27698744182,-7.923121557289,19.85));
#6628 = VECTOR('',#6629,1.);
#6629 = DIRECTION('',(1.110223024625E-16,-1.,0.));
#6630 = ORIENTED_EDGE('',*,*,#6631,.T.);
#6631 = EDGE_CURVE('',#6622,#3817,#6632,.T.);
#6632 = LINE('',#6633,#6634);
#6633 = CARTESIAN_POINT('',(-12.27698744182,-7.923121557289,19.85));
#6634 = VECTOR('',#6635,1.);
#6635 = DIRECTION('',(0.,0.,1.));
#6636 = ORIENTED_EDGE('',*,*,#3816,.T.);
#6637 = ORIENTED_EDGE('',*,*,#6638,.F.);
#6638 = EDGE_CURVE('',#6624,#3819,#6639,.T.);
#6639 = LINE('',#6640,#6641);
#6640 = CARTESIAN_POINT('',(-12.27698744182,-9.539121557289,19.85));
#6641 = VECTOR('',#6642,1.);
#6642 = DIRECTION('',(0.,0.,1.));
#6643 = PLANE('',#6644);
#6644 = AXIS2_PLACEMENT_3D('',#6645,#6646,#6647);
#6645 = CARTESIAN_POINT('',(-12.27698744182,-7.923121557289,19.85));
#6646 = DIRECTION('',(1.,1.110223024625E-16,0.));
#6647 = DIRECTION('',(0.,0.,1.));
#6648 = ADVANCED_FACE('',(#6649),#6667,.T.);
#6649 = FACE_BOUND('',#6650,.T.);
#6650 = EDGE_LOOP('',(#6651,#6652,#6660,#6666));
#6651 = ORIENTED_EDGE('',*,*,#6638,.F.);
#6652 = ORIENTED_EDGE('',*,*,#6653,.T.);
#6653 = EDGE_CURVE('',#6624,#6654,#6656,.T.);
#6654 = VERTEX_POINT('',#6655);
#6655 = CARTESIAN_POINT('',(-11.67698744182,-9.539121557289,19.85));
#6656 = LINE('',#6657,#6658);
#6657 = CARTESIAN_POINT('',(-12.27698744182,-9.539121557289,19.85));
#6658 = VECTOR('',#6659,1.);
#6659 = DIRECTION('',(1.,1.110223024625E-16,0.));
#6660 = ORIENTED_EDGE('',*,*,#6661,.T.);
#6661 = EDGE_CURVE('',#6654,#3835,#6662,.T.);
#6662 = LINE('',#6663,#6664);
#6663 = CARTESIAN_POINT('',(-11.67698744182,-9.539121557289,19.85));
#6664 = VECTOR('',#6665,1.);
#6665 = DIRECTION('',(0.,0.,1.));
#6666 = ORIENTED_EDGE('',*,*,#3842,.F.);
#6667 = PLANE('',#6668);
#6668 = AXIS2_PLACEMENT_3D('',#6669,#6670,#6671);
#6669 = CARTESIAN_POINT('',(-12.27698744182,-9.539121557289,19.85));
#6670 = DIRECTION('',(1.110223024625E-16,-1.,0.));
#6671 = DIRECTION('',(0.,0.,1.));
#6672 = ADVANCED_FACE('',(#6673),#6691,.T.);
#6673 = FACE_BOUND('',#6674,.T.);
#6674 = EDGE_LOOP('',(#6675,#6683,#6689,#6690));
#6675 = ORIENTED_EDGE('',*,*,#6676,.F.);
#6676 = EDGE_CURVE('',#6677,#6654,#6679,.T.);
#6677 = VERTEX_POINT('',#6678);
#6678 = CARTESIAN_POINT('',(-11.67698744182,-7.923121557289,19.85));
#6679 = LINE('',#6680,#6681);
#6680 = CARTESIAN_POINT('',(-11.67698744182,-7.923121557289,19.85));
#6681 = VECTOR('',#6682,1.);
#6682 = DIRECTION('',(1.110223024625E-16,-1.,0.));
#6683 = ORIENTED_EDGE('',*,*,#6684,.T.);
#6684 = EDGE_CURVE('',#6677,#3827,#6685,.T.);
#6685 = LINE('',#6686,#6687);
#6686 = CARTESIAN_POINT('',(-11.67698744182,-7.923121557289,19.85));
#6687 = VECTOR('',#6688,1.);
#6688 = DIRECTION('',(0.,0.,1.));
#6689 = ORIENTED_EDGE('',*,*,#3834,.T.);
#6690 = ORIENTED_EDGE('',*,*,#6661,.F.);
#6691 = PLANE('',#6692);
#6692 = AXIS2_PLACEMENT_3D('',#6693,#6694,#6695);
#6693 = CARTESIAN_POINT('',(-11.67698744182,-7.923121557289,19.85));
#6694 = DIRECTION('',(1.,1.110223024625E-16,0.));
#6695 = DIRECTION('',(0.,0.,1.));
#6696 = ADVANCED_FACE('',(#6697),#6708,.F.);
#6697 = FACE_BOUND('',#6698,.F.);
#6698 = EDGE_LOOP('',(#6699,#6700,#6706,#6707));
#6699 = ORIENTED_EDGE('',*,*,#6631,.F.);
#6700 = ORIENTED_EDGE('',*,*,#6701,.T.);
#6701 = EDGE_CURVE('',#6622,#6677,#6702,.T.);
#6702 = LINE('',#6703,#6704);
#6703 = CARTESIAN_POINT('',(-12.27698744182,-7.923121557289,19.85));
#6704 = VECTOR('',#6705,1.);
#6705 = DIRECTION('',(1.,1.110223024625E-16,0.));
#6706 = ORIENTED_EDGE('',*,*,#6684,.T.);
#6707 = ORIENTED_EDGE('',*,*,#3826,.F.);
#6708 = PLANE('',#6709);
#6709 = AXIS2_PLACEMENT_3D('',#6710,#6711,#6712);
#6710 = CARTESIAN_POINT('',(-12.27698744182,-7.923121557289,19.85));
#6711 = DIRECTION('',(1.110223024625E-16,-1.,0.));
#6712 = DIRECTION('',(0.,0.,1.));
#6713 = ADVANCED_FACE('',(#6714),#6725,.F.);
#6714 = FACE_BOUND('',#6715,.F.);
#6715 = EDGE_LOOP('',(#6716,#6717,#6723,#6724));
#6716 = ORIENTED_EDGE('',*,*,#5850,.F.);
#6717 = ORIENTED_EDGE('',*,*,#6718,.F.);
#6718 = EDGE_CURVE('',#3851,#5851,#6719,.T.);
#6719 = LINE('',#6720,#6721);
#6720 = CARTESIAN_POINT('',(-8.9,-15.7,20.4));
#6721 = VECTOR('',#6722,1.);
#6722 = DIRECTION('',(0.,0.,1.));
#6723 = ORIENTED_EDGE('',*,*,#3850,.T.);
#6724 = ORIENTED_EDGE('',*,*,#6718,.T.);
#6725 = CYLINDRICAL_SURFACE('',#6726,1.1);
#6726 = AXIS2_PLACEMENT_3D('',#6727,#6728,#6729);
#6727 = CARTESIAN_POINT('',(-10.,-15.7,20.4));
#6728 = DIRECTION('',(0.,0.,1.));
#6729 = DIRECTION('',(1.,0.,-0.));
#6730 = ADVANCED_FACE('',(#6731),#6756,.F.);
#6731 = FACE_BOUND('',#6732,.F.);
#6732 = EDGE_LOOP('',(#6733,#6743,#6749,#6750));
#6733 = ORIENTED_EDGE('',*,*,#6734,.F.);
#6734 = EDGE_CURVE('',#6735,#6737,#6739,.T.);
#6735 = VERTEX_POINT('',#6736);
#6736 = CARTESIAN_POINT('',(-8.082814364349,-11.00297783353,19.85));
#6737 = VERTEX_POINT('',#6738);
#6738 = CARTESIAN_POINT('',(-8.082814364349,-12.61897783353,19.85));
#6739 = LINE('',#6740,#6741);
#6740 = CARTESIAN_POINT('',(-8.082814364349,-11.00297783353,19.85));
#6741 = VECTOR('',#6742,1.);
#6742 = DIRECTION('',(1.110223024625E-16,-1.,0.));
#6743 = ORIENTED_EDGE('',*,*,#6744,.T.);
#6744 = EDGE_CURVE('',#6735,#3862,#6745,.T.);
#6745 = LINE('',#6746,#6747);
#6746 = CARTESIAN_POINT('',(-8.082814364349,-11.00297783353,19.85));
#6747 = VECTOR('',#6748,1.);
#6748 = DIRECTION('',(0.,0.,1.));
#6749 = ORIENTED_EDGE('',*,*,#3861,.T.);
#6750 = ORIENTED_EDGE('',*,*,#6751,.F.);
#6751 = EDGE_CURVE('',#6737,#3864,#6752,.T.);
#6752 = LINE('',#6753,#6754);
#6753 = CARTESIAN_POINT('',(-8.082814364349,-12.61897783353,19.85));
#6754 = VECTOR('',#6755,1.);
#6755 = DIRECTION('',(0.,0.,1.));
#6756 = PLANE('',#6757);
#6757 = AXIS2_PLACEMENT_3D('',#6758,#6759,#6760);
#6758 = CARTESIAN_POINT('',(-8.082814364349,-11.00297783353,19.85));
#6759 = DIRECTION('',(1.,1.110223024625E-16,0.));
#6760 = DIRECTION('',(0.,0.,1.));
#6761 = ADVANCED_FACE('',(#6762),#6780,.T.);
#6762 = FACE_BOUND('',#6763,.T.);
#6763 = EDGE_LOOP('',(#6764,#6765,#6773,#6779));
#6764 = ORIENTED_EDGE('',*,*,#6751,.F.);
#6765 = ORIENTED_EDGE('',*,*,#6766,.T.);
#6766 = EDGE_CURVE('',#6737,#6767,#6769,.T.);
#6767 = VERTEX_POINT('',#6768);
#6768 = CARTESIAN_POINT('',(-7.482814364349,-12.61897783353,19.85));
#6769 = LINE('',#6770,#6771);
#6770 = CARTESIAN_POINT('',(-8.082814364349,-12.61897783353,19.85));
#6771 = VECTOR('',#6772,1.);
#6772 = DIRECTION('',(1.,1.110223024625E-16,0.));
#6773 = ORIENTED_EDGE('',*,*,#6774,.T.);
#6774 = EDGE_CURVE('',#6767,#3880,#6775,.T.);
#6775 = LINE('',#6776,#6777);
#6776 = CARTESIAN_POINT('',(-7.482814364349,-12.61897783353,19.85));
#6777 = VECTOR('',#6778,1.);
#6778 = DIRECTION('',(0.,0.,1.));
#6779 = ORIENTED_EDGE('',*,*,#3887,.F.);
#6780 = PLANE('',#6781);
#6781 = AXIS2_PLACEMENT_3D('',#6782,#6783,#6784);
#6782 = CARTESIAN_POINT('',(-8.082814364349,-12.61897783353,19.85));
#6783 = DIRECTION('',(1.110223024625E-16,-1.,0.));
#6784 = DIRECTION('',(0.,0.,1.));
#6785 = ADVANCED_FACE('',(#6786),#6804,.T.);
#6786 = FACE_BOUND('',#6787,.T.);
#6787 = EDGE_LOOP('',(#6788,#6796,#6802,#6803));
#6788 = ORIENTED_EDGE('',*,*,#6789,.F.);
#6789 = EDGE_CURVE('',#6790,#6767,#6792,.T.);
#6790 = VERTEX_POINT('',#6791);
#6791 = CARTESIAN_POINT('',(-7.482814364349,-11.00297783353,19.85));
#6792 = LINE('',#6793,#6794);
#6793 = CARTESIAN_POINT('',(-7.482814364349,-11.00297783353,19.85));
#6794 = VECTOR('',#6795,1.);
#6795 = DIRECTION('',(1.110223024625E-16,-1.,0.));
#6796 = ORIENTED_EDGE('',*,*,#6797,.T.);
#6797 = EDGE_CURVE('',#6790,#3872,#6798,.T.);
#6798 = LINE('',#6799,#6800);
#6799 = CARTESIAN_POINT('',(-7.482814364349,-11.00297783353,19.85));
#6800 = VECTOR('',#6801,1.);
#6801 = DIRECTION('',(0.,0.,1.));
#6802 = ORIENTED_EDGE('',*,*,#3879,.T.);
#6803 = ORIENTED_EDGE('',*,*,#6774,.F.);
#6804 = PLANE('',#6805);
#6805 = AXIS2_PLACEMENT_3D('',#6806,#6807,#6808);
#6806 = CARTESIAN_POINT('',(-7.482814364349,-11.00297783353,19.85));
#6807 = DIRECTION('',(1.,1.110223024625E-16,0.));
#6808 = DIRECTION('',(0.,0.,1.));
#6809 = ADVANCED_FACE('',(#6810),#6821,.F.);
#6810 = FACE_BOUND('',#6811,.F.);
#6811 = EDGE_LOOP('',(#6812,#6813,#6819,#6820));
#6812 = ORIENTED_EDGE('',*,*,#6744,.F.);
#6813 = ORIENTED_EDGE('',*,*,#6814,.T.);
#6814 = EDGE_CURVE('',#6735,#6790,#6815,.T.);
#6815 = LINE('',#6816,#6817);
#6816 = CARTESIAN_POINT('',(-8.082814364349,-11.00297783353,19.85));
#6817 = VECTOR('',#6818,1.);
#6818 = DIRECTION('',(1.,1.110223024625E-16,0.));
#6819 = ORIENTED_EDGE('',*,*,#6797,.T.);
#6820 = ORIENTED_EDGE('',*,*,#3871,.F.);
#6821 = PLANE('',#6822);
#6822 = AXIS2_PLACEMENT_3D('',#6823,#6824,#6825);
#6823 = CARTESIAN_POINT('',(-8.082814364349,-11.00297783353,19.85));
#6824 = DIRECTION('',(1.110223024625E-16,-1.,0.));
#6825 = DIRECTION('',(0.,0.,1.));
#6826 = ADVANCED_FACE('',(#6827),#6852,.F.);
#6827 = FACE_BOUND('',#6828,.F.);
#6828 = EDGE_LOOP('',(#6829,#6839,#6845,#6846));
#6829 = ORIENTED_EDGE('',*,*,#6830,.F.);
#6830 = EDGE_CURVE('',#6831,#6833,#6835,.T.);
#6831 = VERTEX_POINT('',#6832);
#6832 = CARTESIAN_POINT('',(-6.931630650646,-10.79550697182,18.5));
#6833 = VERTEX_POINT('',#6834);
#6834 = CARTESIAN_POINT('',(-6.931630650646,-13.93550697182,18.5));
#6835 = LINE('',#6836,#6837);
#6836 = CARTESIAN_POINT('',(-6.931630650646,-10.79550697182,18.5));
#6837 = VECTOR('',#6838,1.);
#6838 = DIRECTION('',(1.110223024625E-16,-1.,0.));
#6839 = ORIENTED_EDGE('',*,*,#6840,.T.);
#6840 = EDGE_CURVE('',#6831,#3896,#6841,.T.);
#6841 = LINE('',#6842,#6843);
#6842 = CARTESIAN_POINT('',(-6.931630650646,-10.79550697182,18.5));
#6843 = VECTOR('',#6844,1.);
#6844 = DIRECTION('',(0.,0.,1.));
#6845 = ORIENTED_EDGE('',*,*,#3895,.T.);
#6846 = ORIENTED_EDGE('',*,*,#6847,.F.);
#6847 = EDGE_CURVE('',#6833,#3898,#6848,.T.);
#6848 = LINE('',#6849,#6850);
#6849 = CARTESIAN_POINT('',(-6.931630650646,-13.93550697182,18.5));
#6850 = VECTOR('',#6851,1.);
#6851 = DIRECTION('',(0.,0.,1.));
#6852 = PLANE('',#6853);
#6853 = AXIS2_PLACEMENT_3D('',#6854,#6855,#6856);
#6854 = CARTESIAN_POINT('',(-6.931630650646,-10.79550697182,18.5));
#6855 = DIRECTION('',(1.,1.110223024625E-16,0.));
#6856 = DIRECTION('',(0.,0.,1.));
#6857 = ADVANCED_FACE('',(#6858),#6876,.T.);
#6858 = FACE_BOUND('',#6859,.T.);
#6859 = EDGE_LOOP('',(#6860,#6861,#6869,#6875));
#6860 = ORIENTED_EDGE('',*,*,#6847,.F.);
#6861 = ORIENTED_EDGE('',*,*,#6862,.T.);
#6862 = EDGE_CURVE('',#6833,#6863,#6865,.T.);
#6863 = VERTEX_POINT('',#6864);
#6864 = CARTESIAN_POINT('',(-5.431630650646,-13.93550697182,18.5));
#6865 = LINE('',#6866,#6867);
#6866 = CARTESIAN_POINT('',(-6.931630650646,-13.93550697182,18.5));
#6867 = VECTOR('',#6868,1.);
#6868 = DIRECTION('',(1.,1.110223024625E-16,0.));
#6869 = ORIENTED_EDGE('',*,*,#6870,.T.);
#6870 = EDGE_CURVE('',#6863,#3914,#6871,.T.);
#6871 = LINE('',#6872,#6873);
#6872 = CARTESIAN_POINT('',(-5.431630650646,-13.93550697182,18.5));
#6873 = VECTOR('',#6874,1.);
#6874 = DIRECTION('',(0.,0.,1.));
#6875 = ORIENTED_EDGE('',*,*,#3921,.F.);
#6876 = PLANE('',#6877);
#6877 = AXIS2_PLACEMENT_3D('',#6878,#6879,#6880);
#6878 = CARTESIAN_POINT('',(-6.931630650646,-13.93550697182,18.5));
#6879 = DIRECTION('',(1.110223024625E-16,-1.,0.));
#6880 = DIRECTION('',(0.,0.,1.));
#6881 = ADVANCED_FACE('',(#6882),#6900,.T.);
#6882 = FACE_BOUND('',#6883,.T.);
#6883 = EDGE_LOOP('',(#6884,#6892,#6898,#6899));
#6884 = ORIENTED_EDGE('',*,*,#6885,.F.);
#6885 = EDGE_CURVE('',#6886,#6863,#6888,.T.);
#6886 = VERTEX_POINT('',#6887);
#6887 = CARTESIAN_POINT('',(-5.431630650646,-10.79550697182,18.5));
#6888 = LINE('',#6889,#6890);
#6889 = CARTESIAN_POINT('',(-5.431630650646,-10.79550697182,18.5));
#6890 = VECTOR('',#6891,1.);
#6891 = DIRECTION('',(1.110223024625E-16,-1.,0.));
#6892 = ORIENTED_EDGE('',*,*,#6893,.T.);
#6893 = EDGE_CURVE('',#6886,#3906,#6894,.T.);
#6894 = LINE('',#6895,#6896);
#6895 = CARTESIAN_POINT('',(-5.431630650646,-10.79550697182,18.5));
#6896 = VECTOR('',#6897,1.);
#6897 = DIRECTION('',(0.,0.,1.));
#6898 = ORIENTED_EDGE('',*,*,#3913,.T.);
#6899 = ORIENTED_EDGE('',*,*,#6870,.F.);
#6900 = PLANE('',#6901);
#6901 = AXIS2_PLACEMENT_3D('',#6902,#6903,#6904);
#6902 = CARTESIAN_POINT('',(-5.431630650646,-10.79550697182,18.5));
#6903 = DIRECTION('',(1.,1.110223024625E-16,0.));
#6904 = DIRECTION('',(0.,0.,1.));
#6905 = ADVANCED_FACE('',(#6906),#6917,.F.);
#6906 = FACE_BOUND('',#6907,.F.);
#6907 = EDGE_LOOP('',(#6908,#6909,#6915,#6916));
#6908 = ORIENTED_EDGE('',*,*,#6840,.F.);
#6909 = ORIENTED_EDGE('',*,*,#6910,.T.);
#6910 = EDGE_CURVE('',#6831,#6886,#6911,.T.);
#6911 = LINE('',#6912,#6913);
#6912 = CARTESIAN_POINT('',(-6.931630650646,-10.79550697182,18.5));
#6913 = VECTOR('',#6914,1.);
#6914 = DIRECTION('',(1.,1.110223024625E-16,0.));
#6915 = ORIENTED_EDGE('',*,*,#6893,.T.);
#6916 = ORIENTED_EDGE('',*,*,#3905,.F.);
#6917 = PLANE('',#6918);
#6918 = AXIS2_PLACEMENT_3D('',#6919,#6920,#6921);
#6919 = CARTESIAN_POINT('',(-6.931630650646,-10.79550697182,18.5));
#6920 = DIRECTION('',(1.110223024625E-16,-1.,0.));
#6921 = DIRECTION('',(0.,0.,1.));
#6922 = ADVANCED_FACE('',(#6923),#6948,.F.);
#6923 = FACE_BOUND('',#6924,.F.);
#6924 = EDGE_LOOP('',(#6925,#6935,#6941,#6942));
#6925 = ORIENTED_EDGE('',*,*,#6926,.F.);
#6926 = EDGE_CURVE('',#6927,#6929,#6931,.T.);
#6927 = VERTEX_POINT('',#6928);
#6928 = CARTESIAN_POINT('',(-6.340705642359,-8.985967721348,19.5));
#6929 = VERTEX_POINT('',#6930);
#6930 = CARTESIAN_POINT('',(-9.340705642359,-8.985967721348,19.5));
#6931 = LINE('',#6932,#6933);
#6932 = CARTESIAN_POINT('',(-6.340705642359,-8.985967721348,19.5));
#6933 = VECTOR('',#6934,1.);
#6934 = DIRECTION('',(-1.,-1.224646799147E-16,0.));
#6935 = ORIENTED_EDGE('',*,*,#6936,.T.);
#6936 = EDGE_CURVE('',#6927,#3930,#6937,.T.);
#6937 = LINE('',#6938,#6939);
#6938 = CARTESIAN_POINT('',(-6.340705642359,-8.985967721348,19.5));
#6939 = VECTOR('',#6940,1.);
#6940 = DIRECTION('',(0.,0.,1.));
#6941 = ORIENTED_EDGE('',*,*,#3929,.T.);
#6942 = ORIENTED_EDGE('',*,*,#6943,.F.);
#6943 = EDGE_CURVE('',#6929,#3932,#6944,.T.);
#6944 = LINE('',#6945,#6946);
#6945 = CARTESIAN_POINT('',(-9.340705642359,-8.985967721348,19.5));
#6946 = VECTOR('',#6947,1.);
#6947 = DIRECTION('',(0.,0.,1.));
#6948 = PLANE('',#6949);
#6949 = AXIS2_PLACEMENT_3D('',#6950,#6951,#6952);
#6950 = CARTESIAN_POINT('',(-6.340705642359,-8.985967721348,19.5));
#6951 = DIRECTION('',(1.224646799147E-16,-1.,0.));
#6952 = DIRECTION('',(0.,0.,1.));
#6953 = ADVANCED_FACE('',(#6954),#6972,.T.);
#6954 = FACE_BOUND('',#6955,.T.);
#6955 = EDGE_LOOP('',(#6956,#6957,#6965,#6971));
#6956 = ORIENTED_EDGE('',*,*,#6943,.F.);
#6957 = ORIENTED_EDGE('',*,*,#6958,.T.);
#6958 = EDGE_CURVE('',#6929,#6959,#6961,.T.);
#6959 = VERTEX_POINT('',#6960);
#6960 = CARTESIAN_POINT('',(-9.340705642359,-10.28596772134,19.5));
#6961 = LINE('',#6962,#6963);
#6962 = CARTESIAN_POINT('',(-9.340705642359,-8.985967721348,19.5));
#6963 = VECTOR('',#6964,1.);
#6964 = DIRECTION('',(1.224646799147E-16,-1.,0.));
#6965 = ORIENTED_EDGE('',*,*,#6966,.T.);
#6966 = EDGE_CURVE('',#6959,#3948,#6967,.T.);
#6967 = LINE('',#6968,#6969);
#6968 = CARTESIAN_POINT('',(-9.340705642359,-10.28596772134,19.5));
#6969 = VECTOR('',#6970,1.);
#6970 = DIRECTION('',(0.,0.,1.));
#6971 = ORIENTED_EDGE('',*,*,#3955,.F.);
#6972 = PLANE('',#6973);
#6973 = AXIS2_PLACEMENT_3D('',#6974,#6975,#6976);
#6974 = CARTESIAN_POINT('',(-9.340705642359,-8.985967721348,19.5));
#6975 = DIRECTION('',(-1.,-1.224646799147E-16,0.));
#6976 = DIRECTION('',(0.,0.,1.));
#6977 = ADVANCED_FACE('',(#6978),#6996,.T.);
#6978 = FACE_BOUND('',#6979,.T.);
#6979 = EDGE_LOOP('',(#6980,#6988,#6994,#6995));
#6980 = ORIENTED_EDGE('',*,*,#6981,.F.);
#6981 = EDGE_CURVE('',#6982,#6959,#6984,.T.);
#6982 = VERTEX_POINT('',#6983);
#6983 = CARTESIAN_POINT('',(-6.340705642359,-10.28596772134,19.5));
#6984 = LINE('',#6985,#6986);
#6985 = CARTESIAN_POINT('',(-6.340705642359,-10.28596772134,19.5));
#6986 = VECTOR('',#6987,1.);
#6987 = DIRECTION('',(-1.,-1.224646799147E-16,0.));
#6988 = ORIENTED_EDGE('',*,*,#6989,.T.);
#6989 = EDGE_CURVE('',#6982,#3940,#6990,.T.);
#6990 = LINE('',#6991,#6992);
#6991 = CARTESIAN_POINT('',(-6.340705642359,-10.28596772134,19.5));
#6992 = VECTOR('',#6993,1.);
#6993 = DIRECTION('',(0.,0.,1.));
#6994 = ORIENTED_EDGE('',*,*,#3947,.T.);
#6995 = ORIENTED_EDGE('',*,*,#6966,.F.);
#6996 = PLANE('',#6997);
#6997 = AXIS2_PLACEMENT_3D('',#6998,#6999,#7000);
#6998 = CARTESIAN_POINT('',(-6.340705642359,-10.28596772134,19.5));
#6999 = DIRECTION('',(1.224646799147E-16,-1.,0.));
#7000 = DIRECTION('',(0.,0.,1.));
#7001 = ADVANCED_FACE('',(#7002),#7013,.F.);
#7002 = FACE_BOUND('',#7003,.F.);
#7003 = EDGE_LOOP('',(#7004,#7005,#7011,#7012));
#7004 = ORIENTED_EDGE('',*,*,#6936,.F.);
#7005 = ORIENTED_EDGE('',*,*,#7006,.T.);
#7006 = EDGE_CURVE('',#6927,#6982,#7007,.T.);
#7007 = LINE('',#7008,#7009);
#7008 = CARTESIAN_POINT('',(-6.340705642359,-8.985967721348,19.5));
#7009 = VECTOR('',#7010,1.);
#7010 = DIRECTION('',(1.224646799147E-16,-1.,0.));
#7011 = ORIENTED_EDGE('',*,*,#6989,.T.);
#7012 = ORIENTED_EDGE('',*,*,#3939,.F.);
#7013 = PLANE('',#7014);
#7014 = AXIS2_PLACEMENT_3D('',#7015,#7016,#7017);
#7015 = CARTESIAN_POINT('',(-6.340705642359,-8.985967721348,19.5));
#7016 = DIRECTION('',(-1.,-1.224646799147E-16,0.));
#7017 = DIRECTION('',(0.,0.,1.));
#7018 = ADVANCED_FACE('',(#7019),#7044,.F.);
#7019 = FACE_BOUND('',#7020,.F.);
#7020 = EDGE_LOOP('',(#7021,#7031,#7037,#7038));
#7021 = ORIENTED_EDGE('',*,*,#7022,.F.);
#7022 = EDGE_CURVE('',#7023,#7025,#7027,.T.);
#7023 = VERTEX_POINT('',#7024);
#7024 = CARTESIAN_POINT('',(-1.251398294591,-13.52521557104,19.5));
#7025 = VERTEX_POINT('',#7026);
#7026 = CARTESIAN_POINT('',(-1.251398294591,-10.67021557104,19.5));
#7027 = LINE('',#7028,#7029);
#7028 = CARTESIAN_POINT('',(-1.251398294591,-13.52521557104,19.5));
#7029 = VECTOR('',#7030,1.);
#7030 = DIRECTION('',(-2.22044604925E-16,1.,0.));
#7031 = ORIENTED_EDGE('',*,*,#7032,.T.);
#7032 = EDGE_CURVE('',#7023,#3964,#7033,.T.);
#7033 = LINE('',#7034,#7035);
#7034 = CARTESIAN_POINT('',(-1.251398294591,-13.52521557104,19.5));
#7035 = VECTOR('',#7036,1.);
#7036 = DIRECTION('',(0.,0.,1.));
#7037 = ORIENTED_EDGE('',*,*,#3963,.T.);
#7038 = ORIENTED_EDGE('',*,*,#7039,.F.);
#7039 = EDGE_CURVE('',#7025,#3966,#7040,.T.);
#7040 = LINE('',#7041,#7042);
#7041 = CARTESIAN_POINT('',(-1.251398294591,-10.67021557104,19.5));
#7042 = VECTOR('',#7043,1.);
#7043 = DIRECTION('',(0.,0.,1.));
#7044 = PLANE('',#7045);
#7045 = AXIS2_PLACEMENT_3D('',#7046,#7047,#7048);
#7046 = CARTESIAN_POINT('',(-1.251398294591,-13.52521557104,19.5));
#7047 = DIRECTION('',(-1.,-2.22044604925E-16,0.));
#7048 = DIRECTION('',(0.,0.,1.));
#7049 = ADVANCED_FACE('',(#7050),#7068,.T.);
#7050 = FACE_BOUND('',#7051,.T.);
#7051 = EDGE_LOOP('',(#7052,#7053,#7061,#7067));
#7052 = ORIENTED_EDGE('',*,*,#7039,.F.);
#7053 = ORIENTED_EDGE('',*,*,#7054,.T.);
#7054 = EDGE_CURVE('',#7025,#7055,#7057,.T.);
#7055 = VERTEX_POINT('',#7056);
#7056 = CARTESIAN_POINT('',(-2.826398294591,-10.67021557104,19.5));
#7057 = LINE('',#7058,#7059);
#7058 = CARTESIAN_POINT('',(-1.251398294591,-10.67021557104,19.5));
#7059 = VECTOR('',#7060,1.);
#7060 = DIRECTION('',(-1.,-2.22044604925E-16,0.));
#7061 = ORIENTED_EDGE('',*,*,#7062,.T.);
#7062 = EDGE_CURVE('',#7055,#3982,#7063,.T.);
#7063 = LINE('',#7064,#7065);
#7064 = CARTESIAN_POINT('',(-2.826398294591,-10.67021557104,19.5));
#7065 = VECTOR('',#7066,1.);
#7066 = DIRECTION('',(0.,0.,1.));
#7067 = ORIENTED_EDGE('',*,*,#3989,.F.);
#7068 = PLANE('',#7069);
#7069 = AXIS2_PLACEMENT_3D('',#7070,#7071,#7072);
#7070 = CARTESIAN_POINT('',(-1.251398294591,-10.67021557104,19.5));
#7071 = DIRECTION('',(-2.22044604925E-16,1.,0.));
#7072 = DIRECTION('',(0.,0.,1.));
#7073 = ADVANCED_FACE('',(#7074),#7092,.T.);
#7074 = FACE_BOUND('',#7075,.T.);
#7075 = EDGE_LOOP('',(#7076,#7084,#7090,#7091));
#7076 = ORIENTED_EDGE('',*,*,#7077,.F.);
#7077 = EDGE_CURVE('',#7078,#7055,#7080,.T.);
#7078 = VERTEX_POINT('',#7079);
#7079 = CARTESIAN_POINT('',(-2.826398294591,-13.52521557104,19.5));
#7080 = LINE('',#7081,#7082);
#7081 = CARTESIAN_POINT('',(-2.826398294591,-13.52521557104,19.5));
#7082 = VECTOR('',#7083,1.);
#7083 = DIRECTION('',(-2.22044604925E-16,1.,0.));
#7084 = ORIENTED_EDGE('',*,*,#7085,.T.);
#7085 = EDGE_CURVE('',#7078,#3974,#7086,.T.);
#7086 = LINE('',#7087,#7088);
#7087 = CARTESIAN_POINT('',(-2.826398294591,-13.52521557104,19.5));
#7088 = VECTOR('',#7089,1.);
#7089 = DIRECTION('',(0.,0.,1.));
#7090 = ORIENTED_EDGE('',*,*,#3981,.T.);
#7091 = ORIENTED_EDGE('',*,*,#7062,.F.);
#7092 = PLANE('',#7093);
#7093 = AXIS2_PLACEMENT_3D('',#7094,#7095,#7096);
#7094 = CARTESIAN_POINT('',(-2.826398294591,-13.52521557104,19.5));
#7095 = DIRECTION('',(-1.,-2.22044604925E-16,0.));
#7096 = DIRECTION('',(0.,0.,1.));
#7097 = ADVANCED_FACE('',(#7098),#7109,.F.);
#7098 = FACE_BOUND('',#7099,.F.);
#7099 = EDGE_LOOP('',(#7100,#7101,#7107,#7108));
#7100 = ORIENTED_EDGE('',*,*,#7032,.F.);
#7101 = ORIENTED_EDGE('',*,*,#7102,.T.);
#7102 = EDGE_CURVE('',#7023,#7078,#7103,.T.);
#7103 = LINE('',#7104,#7105);
#7104 = CARTESIAN_POINT('',(-1.251398294591,-13.52521557104,19.5));
#7105 = VECTOR('',#7106,1.);
#7106 = DIRECTION('',(-1.,-2.22044604925E-16,0.));
#7107 = ORIENTED_EDGE('',*,*,#7085,.T.);
#7108 = ORIENTED_EDGE('',*,*,#3973,.F.);
#7109 = PLANE('',#7110);
#7110 = AXIS2_PLACEMENT_3D('',#7111,#7112,#7113);
#7111 = CARTESIAN_POINT('',(-1.251398294591,-13.52521557104,19.5));
#7112 = DIRECTION('',(-2.22044604925E-16,1.,0.));
#7113 = DIRECTION('',(0.,0.,1.));
#7114 = ADVANCED_FACE('',(#7115),#7140,.F.);
#7115 = FACE_BOUND('',#7116,.F.);
#7116 = EDGE_LOOP('',(#7117,#7127,#7133,#7134));
#7117 = ORIENTED_EDGE('',*,*,#7118,.F.);
#7118 = EDGE_CURVE('',#7119,#7121,#7123,.T.);
#7119 = VERTEX_POINT('',#7120);
#7120 = CARTESIAN_POINT('',(-0.698855949124,-9.910685576456,19.85));
#7121 = VERTEX_POINT('',#7122);
#7122 = CARTESIAN_POINT('',(-0.698855949124,-11.52668557645,19.85));
#7123 = LINE('',#7124,#7125);
#7124 = CARTESIAN_POINT('',(-0.698855949124,-9.910685576456,19.85));
#7125 = VECTOR('',#7126,1.);
#7126 = DIRECTION('',(1.110223024625E-16,-1.,0.));
#7127 = ORIENTED_EDGE('',*,*,#7128,.T.);
#7128 = EDGE_CURVE('',#7119,#3998,#7129,.T.);
#7129 = LINE('',#7130,#7131);
#7130 = CARTESIAN_POINT('',(-0.698855949124,-9.910685576456,19.85));
#7131 = VECTOR('',#7132,1.);
#7132 = DIRECTION('',(0.,0.,1.));
#7133 = ORIENTED_EDGE('',*,*,#3997,.T.);
#7134 = ORIENTED_EDGE('',*,*,#7135,.F.);
#7135 = EDGE_CURVE('',#7121,#4000,#7136,.T.);
#7136 = LINE('',#7137,#7138);
#7137 = CARTESIAN_POINT('',(-0.698855949124,-11.52668557645,19.85));
#7138 = VECTOR('',#7139,1.);
#7139 = DIRECTION('',(0.,0.,1.));
#7140 = PLANE('',#7141);
#7141 = AXIS2_PLACEMENT_3D('',#7142,#7143,#7144);
#7142 = CARTESIAN_POINT('',(-0.698855949124,-9.910685576456,19.85));
#7143 = DIRECTION('',(1.,1.110223024625E-16,0.));
#7144 = DIRECTION('',(0.,0.,1.));
#7145 = ADVANCED_FACE('',(#7146),#7164,.T.);
#7146 = FACE_BOUND('',#7147,.T.);
#7147 = EDGE_LOOP('',(#7148,#7149,#7157,#7163));
#7148 = ORIENTED_EDGE('',*,*,#7135,.F.);
#7149 = ORIENTED_EDGE('',*,*,#7150,.T.);
#7150 = EDGE_CURVE('',#7121,#7151,#7153,.T.);
#7151 = VERTEX_POINT('',#7152);
#7152 = CARTESIAN_POINT('',(-9.885594912392E-02,-11.52668557645,19.85));
#7153 = LINE('',#7154,#7155);
#7154 = CARTESIAN_POINT('',(-0.698855949124,-11.52668557645,19.85));
#7155 = VECTOR('',#7156,1.);
#7156 = DIRECTION('',(1.,1.110223024625E-16,0.));
#7157 = ORIENTED_EDGE('',*,*,#7158,.T.);
#7158 = EDGE_CURVE('',#7151,#4016,#7159,.T.);
#7159 = LINE('',#7160,#7161);
#7160 = CARTESIAN_POINT('',(-9.885594912392E-02,-11.52668557645,19.85));
#7161 = VECTOR('',#7162,1.);
#7162 = DIRECTION('',(0.,0.,1.));
#7163 = ORIENTED_EDGE('',*,*,#4023,.F.);
#7164 = PLANE('',#7165);
#7165 = AXIS2_PLACEMENT_3D('',#7166,#7167,#7168);
#7166 = CARTESIAN_POINT('',(-0.698855949124,-11.52668557645,19.85));
#7167 = DIRECTION('',(1.110223024625E-16,-1.,0.));
#7168 = DIRECTION('',(0.,0.,1.));
#7169 = ADVANCED_FACE('',(#7170),#7188,.T.);
#7170 = FACE_BOUND('',#7171,.T.);
#7171 = EDGE_LOOP('',(#7172,#7180,#7186,#7187));
#7172 = ORIENTED_EDGE('',*,*,#7173,.F.);
#7173 = EDGE_CURVE('',#7174,#7151,#7176,.T.);
#7174 = VERTEX_POINT('',#7175);
#7175 = CARTESIAN_POINT('',(-9.885594912392E-02,-9.910685576456,19.85));
#7176 = LINE('',#7177,#7178);
#7177 = CARTESIAN_POINT('',(-9.885594912392E-02,-9.910685576456,19.85));
#7178 = VECTOR('',#7179,1.);
#7179 = DIRECTION('',(1.110223024625E-16,-1.,0.));
#7180 = ORIENTED_EDGE('',*,*,#7181,.T.);
#7181 = EDGE_CURVE('',#7174,#4008,#7182,.T.);
#7182 = LINE('',#7183,#7184);
#7183 = CARTESIAN_POINT('',(-9.885594912392E-02,-9.910685576456,19.85));
#7184 = VECTOR('',#7185,1.);
#7185 = DIRECTION('',(0.,0.,1.));
#7186 = ORIENTED_EDGE('',*,*,#4015,.T.);
#7187 = ORIENTED_EDGE('',*,*,#7158,.F.);
#7188 = PLANE('',#7189);
#7189 = AXIS2_PLACEMENT_3D('',#7190,#7191,#7192);
#7190 = CARTESIAN_POINT('',(-9.885594912392E-02,-9.910685576456,19.85));
#7191 = DIRECTION('',(1.,1.110223024625E-16,0.));
#7192 = DIRECTION('',(0.,0.,1.));
#7193 = ADVANCED_FACE('',(#7194),#7205,.F.);
#7194 = FACE_BOUND('',#7195,.F.);
#7195 = EDGE_LOOP('',(#7196,#7197,#7203,#7204));
#7196 = ORIENTED_EDGE('',*,*,#7128,.F.);
#7197 = ORIENTED_EDGE('',*,*,#7198,.T.);
#7198 = EDGE_CURVE('',#7119,#7174,#7199,.T.);
#7199 = LINE('',#7200,#7201);
#7200 = CARTESIAN_POINT('',(-0.698855949124,-9.910685576456,19.85));
#7201 = VECTOR('',#7202,1.);
#7202 = DIRECTION('',(1.,1.110223024625E-16,0.));
#7203 = ORIENTED_EDGE('',*,*,#7181,.T.);
#7204 = ORIENTED_EDGE('',*,*,#4007,.F.);
#7205 = PLANE('',#7206);
#7206 = AXIS2_PLACEMENT_3D('',#7207,#7208,#7209);
#7207 = CARTESIAN_POINT('',(-0.698855949124,-9.910685576456,19.85));
#7208 = DIRECTION('',(1.110223024625E-16,-1.,0.));
#7209 = DIRECTION('',(0.,0.,1.));
#7210 = ADVANCED_FACE('',(#7211),#7236,.F.);
#7211 = FACE_BOUND('',#7212,.F.);
#7212 = EDGE_LOOP('',(#7213,#7223,#7229,#7230));
#7213 = ORIENTED_EDGE('',*,*,#7214,.F.);
#7214 = EDGE_CURVE('',#7215,#7217,#7219,.T.);
#7215 = VERTEX_POINT('',#7216);
#7216 = CARTESIAN_POINT('',(-17.76824361167,-5.287763426427,19.5));
#7217 = VERTEX_POINT('',#7218);
#7218 = CARTESIAN_POINT('',(-17.76824361167,-6.187763426427,19.5));
#7219 = LINE('',#7220,#7221);
#7220 = CARTESIAN_POINT('',(-17.76824361167,-5.287763426427,19.5));
#7221 = VECTOR('',#7222,1.);
#7222 = DIRECTION('',(1.110223024625E-16,-1.,0.));
#7223 = ORIENTED_EDGE('',*,*,#7224,.T.);
#7224 = EDGE_CURVE('',#7215,#4032,#7225,.T.);
#7225 = LINE('',#7226,#7227);
#7226 = CARTESIAN_POINT('',(-17.76824361167,-5.287763426427,19.5));
#7227 = VECTOR('',#7228,1.);
#7228 = DIRECTION('',(0.,0.,1.));
#7229 = ORIENTED_EDGE('',*,*,#4031,.T.);
#7230 = ORIENTED_EDGE('',*,*,#7231,.F.);
#7231 = EDGE_CURVE('',#7217,#4034,#7232,.T.);
#7232 = LINE('',#7233,#7234);
#7233 = CARTESIAN_POINT('',(-17.76824361167,-6.187763426427,19.5));
#7234 = VECTOR('',#7235,1.);
#7235 = DIRECTION('',(0.,0.,1.));
#7236 = PLANE('',#7237);
#7237 = AXIS2_PLACEMENT_3D('',#7238,#7239,#7240);
#7238 = CARTESIAN_POINT('',(-17.76824361167,-5.287763426427,19.5));
#7239 = DIRECTION('',(1.,1.110223024625E-16,0.));
#7240 = DIRECTION('',(0.,0.,1.));
#7241 = ADVANCED_FACE('',(#7242),#7260,.T.);
#7242 = FACE_BOUND('',#7243,.T.);
#7243 = EDGE_LOOP('',(#7244,#7245,#7253,#7259));
#7244 = ORIENTED_EDGE('',*,*,#7231,.F.);
#7245 = ORIENTED_EDGE('',*,*,#7246,.T.);
#7246 = EDGE_CURVE('',#7217,#7247,#7249,.T.);
#7247 = VERTEX_POINT('',#7248);
#7248 = CARTESIAN_POINT('',(-15.46824361167,-6.187763426427,19.5));
#7249 = LINE('',#7250,#7251);
#7250 = CARTESIAN_POINT('',(-17.76824361167,-6.187763426427,19.5));
#7251 = VECTOR('',#7252,1.);
#7252 = DIRECTION('',(1.,1.110223024625E-16,0.));
#7253 = ORIENTED_EDGE('',*,*,#7254,.T.);
#7254 = EDGE_CURVE('',#7247,#4050,#7255,.T.);
#7255 = LINE('',#7256,#7257);
#7256 = CARTESIAN_POINT('',(-15.46824361167,-6.187763426427,19.5));
#7257 = VECTOR('',#7258,1.);
#7258 = DIRECTION('',(0.,0.,1.));
#7259 = ORIENTED_EDGE('',*,*,#4057,.F.);
#7260 = PLANE('',#7261);
#7261 = AXIS2_PLACEMENT_3D('',#7262,#7263,#7264);
#7262 = CARTESIAN_POINT('',(-17.76824361167,-6.187763426427,19.5));
#7263 = DIRECTION('',(1.110223024625E-16,-1.,0.));
#7264 = DIRECTION('',(0.,0.,1.));
#7265 = ADVANCED_FACE('',(#7266),#7284,.T.);
#7266 = FACE_BOUND('',#7267,.T.);
#7267 = EDGE_LOOP('',(#7268,#7276,#7282,#7283));
#7268 = ORIENTED_EDGE('',*,*,#7269,.F.);
#7269 = EDGE_CURVE('',#7270,#7247,#7272,.T.);
#7270 = VERTEX_POINT('',#7271);
#7271 = CARTESIAN_POINT('',(-15.46824361167,-5.287763426427,19.5));
#7272 = LINE('',#7273,#7274);
#7273 = CARTESIAN_POINT('',(-15.46824361167,-5.287763426427,19.5));
#7274 = VECTOR('',#7275,1.);
#7275 = DIRECTION('',(1.110223024625E-16,-1.,0.));
#7276 = ORIENTED_EDGE('',*,*,#7277,.T.);
#7277 = EDGE_CURVE('',#7270,#4042,#7278,.T.);
#7278 = LINE('',#7279,#7280);
#7279 = CARTESIAN_POINT('',(-15.46824361167,-5.287763426427,19.5));
#7280 = VECTOR('',#7281,1.);
#7281 = DIRECTION('',(0.,0.,1.));
#7282 = ORIENTED_EDGE('',*,*,#4049,.T.);
#7283 = ORIENTED_EDGE('',*,*,#7254,.F.);
#7284 = PLANE('',#7285);
#7285 = AXIS2_PLACEMENT_3D('',#7286,#7287,#7288);
#7286 = CARTESIAN_POINT('',(-15.46824361167,-5.287763426427,19.5));
#7287 = DIRECTION('',(1.,1.110223024625E-16,0.));
#7288 = DIRECTION('',(0.,0.,1.));
#7289 = ADVANCED_FACE('',(#7290),#7301,.F.);
#7290 = FACE_BOUND('',#7291,.F.);
#7291 = EDGE_LOOP('',(#7292,#7293,#7299,#7300));
#7292 = ORIENTED_EDGE('',*,*,#7224,.F.);
#7293 = ORIENTED_EDGE('',*,*,#7294,.T.);
#7294 = EDGE_CURVE('',#7215,#7270,#7295,.T.);
#7295 = LINE('',#7296,#7297);
#7296 = CARTESIAN_POINT('',(-17.76824361167,-5.287763426427,19.5));
#7297 = VECTOR('',#7298,1.);
#7298 = DIRECTION('',(1.,1.110223024625E-16,0.));
#7299 = ORIENTED_EDGE('',*,*,#7277,.T.);
#7300 = ORIENTED_EDGE('',*,*,#4041,.F.);
#7301 = PLANE('',#7302);
#7302 = AXIS2_PLACEMENT_3D('',#7303,#7304,#7305);
#7303 = CARTESIAN_POINT('',(-17.76824361167,-5.287763426427,19.5));
#7304 = DIRECTION('',(1.110223024625E-16,-1.,0.));
#7305 = DIRECTION('',(0.,0.,1.));
#7306 = ADVANCED_FACE('',(#7307),#7332,.F.);
#7307 = FACE_BOUND('',#7308,.F.);
#7308 = EDGE_LOOP('',(#7309,#7319,#7325,#7326));
#7309 = ORIENTED_EDGE('',*,*,#7310,.F.);
#7310 = EDGE_CURVE('',#7311,#7313,#7315,.T.);
#7311 = VERTEX_POINT('',#7312);
#7312 = CARTESIAN_POINT('',(-12.88485781751,-8.336578426283,19.85));
#7313 = VERTEX_POINT('',#7314);
#7314 = CARTESIAN_POINT('',(-12.88485781751,-6.720578426283,19.85));
#7315 = LINE('',#7316,#7317);
#7316 = CARTESIAN_POINT('',(-12.88485781751,-8.336578426283,19.85));
#7317 = VECTOR('',#7318,1.);
#7318 = DIRECTION('',(-2.22044604925E-16,1.,0.));
#7319 = ORIENTED_EDGE('',*,*,#7320,.T.);
#7320 = EDGE_CURVE('',#7311,#4066,#7321,.T.);
#7321 = LINE('',#7322,#7323);
#7322 = CARTESIAN_POINT('',(-12.88485781751,-8.336578426283,19.85));
#7323 = VECTOR('',#7324,1.);
#7324 = DIRECTION('',(0.,0.,1.));
#7325 = ORIENTED_EDGE('',*,*,#4065,.T.);
#7326 = ORIENTED_EDGE('',*,*,#7327,.F.);
#7327 = EDGE_CURVE('',#7313,#4068,#7328,.T.);
#7328 = LINE('',#7329,#7330);
#7329 = CARTESIAN_POINT('',(-12.88485781751,-6.720578426283,19.85));
#7330 = VECTOR('',#7331,1.);
#7331 = DIRECTION('',(0.,0.,1.));
#7332 = PLANE('',#7333);
#7333 = AXIS2_PLACEMENT_3D('',#7334,#7335,#7336);
#7334 = CARTESIAN_POINT('',(-12.88485781751,-8.336578426283,19.85));
#7335 = DIRECTION('',(-1.,-2.22044604925E-16,0.));
#7336 = DIRECTION('',(0.,0.,1.));
#7337 = ADVANCED_FACE('',(#7338),#7356,.T.);
#7338 = FACE_BOUND('',#7339,.T.);
#7339 = EDGE_LOOP('',(#7340,#7341,#7349,#7355));
#7340 = ORIENTED_EDGE('',*,*,#7327,.F.);
#7341 = ORIENTED_EDGE('',*,*,#7342,.T.);
#7342 = EDGE_CURVE('',#7313,#7343,#7345,.T.);
#7343 = VERTEX_POINT('',#7344);
#7344 = CARTESIAN_POINT('',(-13.48485781751,-6.720578426283,19.85));
#7345 = LINE('',#7346,#7347);
#7346 = CARTESIAN_POINT('',(-12.88485781751,-6.720578426283,19.85));
#7347 = VECTOR('',#7348,1.);
#7348 = DIRECTION('',(-1.,-2.22044604925E-16,0.));
#7349 = ORIENTED_EDGE('',*,*,#7350,.T.);
#7350 = EDGE_CURVE('',#7343,#4084,#7351,.T.);
#7351 = LINE('',#7352,#7353);
#7352 = CARTESIAN_POINT('',(-13.48485781751,-6.720578426283,19.85));
#7353 = VECTOR('',#7354,1.);
#7354 = DIRECTION('',(0.,0.,1.));
#7355 = ORIENTED_EDGE('',*,*,#4091,.F.);
#7356 = PLANE('',#7357);
#7357 = AXIS2_PLACEMENT_3D('',#7358,#7359,#7360);
#7358 = CARTESIAN_POINT('',(-12.88485781751,-6.720578426283,19.85));
#7359 = DIRECTION('',(-2.22044604925E-16,1.,0.));
#7360 = DIRECTION('',(0.,0.,1.));
#7361 = ADVANCED_FACE('',(#7362),#7380,.T.);
#7362 = FACE_BOUND('',#7363,.T.);
#7363 = EDGE_LOOP('',(#7364,#7372,#7378,#7379));
#7364 = ORIENTED_EDGE('',*,*,#7365,.F.);
#7365 = EDGE_CURVE('',#7366,#7343,#7368,.T.);
#7366 = VERTEX_POINT('',#7367);
#7367 = CARTESIAN_POINT('',(-13.48485781751,-8.336578426283,19.85));
#7368 = LINE('',#7369,#7370);
#7369 = CARTESIAN_POINT('',(-13.48485781751,-8.336578426283,19.85));
#7370 = VECTOR('',#7371,1.);
#7371 = DIRECTION('',(-2.22044604925E-16,1.,0.));
#7372 = ORIENTED_EDGE('',*,*,#7373,.T.);
#7373 = EDGE_CURVE('',#7366,#4076,#7374,.T.);
#7374 = LINE('',#7375,#7376);
#7375 = CARTESIAN_POINT('',(-13.48485781751,-8.336578426283,19.85));
#7376 = VECTOR('',#7377,1.);
#7377 = DIRECTION('',(0.,0.,1.));
#7378 = ORIENTED_EDGE('',*,*,#4083,.T.);
#7379 = ORIENTED_EDGE('',*,*,#7350,.F.);
#7380 = PLANE('',#7381);
#7381 = AXIS2_PLACEMENT_3D('',#7382,#7383,#7384);
#7382 = CARTESIAN_POINT('',(-13.48485781751,-8.336578426283,19.85));
#7383 = DIRECTION('',(-1.,-2.22044604925E-16,0.));
#7384 = DIRECTION('',(0.,0.,1.));
#7385 = ADVANCED_FACE('',(#7386),#7397,.F.);
#7386 = FACE_BOUND('',#7387,.F.);
#7387 = EDGE_LOOP('',(#7388,#7389,#7395,#7396));
#7388 = ORIENTED_EDGE('',*,*,#7320,.F.);
#7389 = ORIENTED_EDGE('',*,*,#7390,.T.);
#7390 = EDGE_CURVE('',#7311,#7366,#7391,.T.);
#7391 = LINE('',#7392,#7393);
#7392 = CARTESIAN_POINT('',(-12.88485781751,-8.336578426283,19.85));
#7393 = VECTOR('',#7394,1.);
#7394 = DIRECTION('',(-1.,-2.22044604925E-16,0.));
#7395 = ORIENTED_EDGE('',*,*,#7373,.T.);
#7396 = ORIENTED_EDGE('',*,*,#4075,.F.);
#7397 = PLANE('',#7398);
#7398 = AXIS2_PLACEMENT_3D('',#7399,#7400,#7401);
#7399 = CARTESIAN_POINT('',(-12.88485781751,-8.336578426283,19.85));
#7400 = DIRECTION('',(-2.22044604925E-16,1.,0.));
#7401 = DIRECTION('',(0.,0.,1.));
#7402 = ADVANCED_FACE('',(#7403),#7428,.F.);
#7403 = FACE_BOUND('',#7404,.F.);
#7404 = EDGE_LOOP('',(#7405,#7415,#7421,#7422));
#7405 = ORIENTED_EDGE('',*,*,#7406,.F.);
#7406 = EDGE_CURVE('',#7407,#7409,#7411,.T.);
#7407 = VERTEX_POINT('',#7408);
#7408 = CARTESIAN_POINT('',(-14.96680067991,-6.186318442398,18.5));
#7409 = VERTEX_POINT('',#7410);
#7410 = CARTESIAN_POINT('',(-11.82680067991,-6.186318442398,18.5));
#7411 = LINE('',#7412,#7413);
#7412 = CARTESIAN_POINT('',(-14.96680067991,-6.186318442398,18.5));
#7413 = VECTOR('',#7414,1.);
#7414 = DIRECTION('',(1.,0.,0.));
#7415 = ORIENTED_EDGE('',*,*,#7416,.T.);
#7416 = EDGE_CURVE('',#7407,#4100,#7417,.T.);
#7417 = LINE('',#7418,#7419);
#7418 = CARTESIAN_POINT('',(-14.96680067991,-6.186318442398,18.5));
#7419 = VECTOR('',#7420,1.);
#7420 = DIRECTION('',(0.,0.,1.));
#7421 = ORIENTED_EDGE('',*,*,#4099,.T.);
#7422 = ORIENTED_EDGE('',*,*,#7423,.F.);
#7423 = EDGE_CURVE('',#7409,#4102,#7424,.T.);
#7424 = LINE('',#7425,#7426);
#7425 = CARTESIAN_POINT('',(-11.82680067991,-6.186318442398,18.5));
#7426 = VECTOR('',#7427,1.);
#7427 = DIRECTION('',(0.,0.,1.));
#7428 = PLANE('',#7429);
#7429 = AXIS2_PLACEMENT_3D('',#7430,#7431,#7432);
#7430 = CARTESIAN_POINT('',(-14.96680067991,-6.186318442398,18.5));
#7431 = DIRECTION('',(0.,1.,0.));
#7432 = DIRECTION('',(0.,0.,1.));
#7433 = ADVANCED_FACE('',(#7434),#7452,.T.);
#7434 = FACE_BOUND('',#7435,.T.);
#7435 = EDGE_LOOP('',(#7436,#7437,#7445,#7451));
#7436 = ORIENTED_EDGE('',*,*,#7423,.F.);
#7437 = ORIENTED_EDGE('',*,*,#7438,.T.);
#7438 = EDGE_CURVE('',#7409,#7439,#7441,.T.);
#7439 = VERTEX_POINT('',#7440);
#7440 = CARTESIAN_POINT('',(-11.82680067991,-4.686318442398,18.5));
#7441 = LINE('',#7442,#7443);
#7442 = CARTESIAN_POINT('',(-11.82680067991,-6.186318442398,18.5));
#7443 = VECTOR('',#7444,1.);
#7444 = DIRECTION('',(0.,1.,0.));
#7445 = ORIENTED_EDGE('',*,*,#7446,.T.);
#7446 = EDGE_CURVE('',#7439,#4118,#7447,.T.);
#7447 = LINE('',#7448,#7449);
#7448 = CARTESIAN_POINT('',(-11.82680067991,-4.686318442398,18.5));
#7449 = VECTOR('',#7450,1.);
#7450 = DIRECTION('',(0.,0.,1.));
#7451 = ORIENTED_EDGE('',*,*,#4125,.F.);
#7452 = PLANE('',#7453);
#7453 = AXIS2_PLACEMENT_3D('',#7454,#7455,#7456);
#7454 = CARTESIAN_POINT('',(-11.82680067991,-6.186318442398,18.5));
#7455 = DIRECTION('',(1.,0.,0.));
#7456 = DIRECTION('',(0.,0.,1.));
#7457 = ADVANCED_FACE('',(#7458),#7476,.T.);
#7458 = FACE_BOUND('',#7459,.T.);
#7459 = EDGE_LOOP('',(#7460,#7468,#7474,#7475));
#7460 = ORIENTED_EDGE('',*,*,#7461,.F.);
#7461 = EDGE_CURVE('',#7462,#7439,#7464,.T.);
#7462 = VERTEX_POINT('',#7463);
#7463 = CARTESIAN_POINT('',(-14.96680067991,-4.686318442398,18.5));
#7464 = LINE('',#7465,#7466);
#7465 = CARTESIAN_POINT('',(-14.96680067991,-4.686318442398,18.5));
#7466 = VECTOR('',#7467,1.);
#7467 = DIRECTION('',(1.,0.,0.));
#7468 = ORIENTED_EDGE('',*,*,#7469,.T.);
#7469 = EDGE_CURVE('',#7462,#4110,#7470,.T.);
#7470 = LINE('',#7471,#7472);
#7471 = CARTESIAN_POINT('',(-14.96680067991,-4.686318442398,18.5));
#7472 = VECTOR('',#7473,1.);
#7473 = DIRECTION('',(0.,0.,1.));
#7474 = ORIENTED_EDGE('',*,*,#4117,.T.);
#7475 = ORIENTED_EDGE('',*,*,#7446,.F.);
#7476 = PLANE('',#7477);
#7477 = AXIS2_PLACEMENT_3D('',#7478,#7479,#7480);
#7478 = CARTESIAN_POINT('',(-14.96680067991,-4.686318442398,18.5));
#7479 = DIRECTION('',(0.,1.,0.));
#7480 = DIRECTION('',(0.,0.,1.));
#7481 = ADVANCED_FACE('',(#7482),#7493,.F.);
#7482 = FACE_BOUND('',#7483,.F.);
#7483 = EDGE_LOOP('',(#7484,#7485,#7491,#7492));
#7484 = ORIENTED_EDGE('',*,*,#7416,.F.);
#7485 = ORIENTED_EDGE('',*,*,#7486,.T.);
#7486 = EDGE_CURVE('',#7407,#7462,#7487,.T.);
#7487 = LINE('',#7488,#7489);
#7488 = CARTESIAN_POINT('',(-14.96680067991,-6.186318442398,18.5));
#7489 = VECTOR('',#7490,1.);
#7490 = DIRECTION('',(0.,1.,0.));
#7491 = ORIENTED_EDGE('',*,*,#7469,.T.);
#7492 = ORIENTED_EDGE('',*,*,#4109,.F.);
#7493 = PLANE('',#7494);
#7494 = AXIS2_PLACEMENT_3D('',#7495,#7496,#7497);
#7495 = CARTESIAN_POINT('',(-14.96680067991,-6.186318442398,18.5));
#7496 = DIRECTION('',(1.,0.,0.));
#7497 = DIRECTION('',(0.,0.,1.));
#7498 = ADVANCED_FACE('',(#7499),#7524,.F.);
#7499 = FACE_BOUND('',#7500,.F.);
#7500 = EDGE_LOOP('',(#7501,#7511,#7517,#7518));
#7501 = ORIENTED_EDGE('',*,*,#7502,.F.);
#7502 = EDGE_CURVE('',#7503,#7505,#7507,.T.);
#7503 = VERTEX_POINT('',#7504);
#7504 = CARTESIAN_POINT('',(-19.29807401098,-0.938785775434,19.85));
#7505 = VERTEX_POINT('',#7506);
#7506 = CARTESIAN_POINT('',(-19.29807401098,-2.554785775434,19.85));
#7507 = LINE('',#7508,#7509);
#7508 = CARTESIAN_POINT('',(-19.29807401098,-0.938785775434,19.85));
#7509 = VECTOR('',#7510,1.);
#7510 = DIRECTION('',(1.110223024625E-16,-1.,0.));
#7511 = ORIENTED_EDGE('',*,*,#7512,.T.);
#7512 = EDGE_CURVE('',#7503,#4134,#7513,.T.);
#7513 = LINE('',#7514,#7515);
#7514 = CARTESIAN_POINT('',(-19.29807401098,-0.938785775434,19.85));
#7515 = VECTOR('',#7516,1.);
#7516 = DIRECTION('',(0.,0.,1.));
#7517 = ORIENTED_EDGE('',*,*,#4133,.T.);
#7518 = ORIENTED_EDGE('',*,*,#7519,.F.);
#7519 = EDGE_CURVE('',#7505,#4136,#7520,.T.);
#7520 = LINE('',#7521,#7522);
#7521 = CARTESIAN_POINT('',(-19.29807401098,-2.554785775434,19.85));
#7522 = VECTOR('',#7523,1.);
#7523 = DIRECTION('',(0.,0.,1.));
#7524 = PLANE('',#7525);
#7525 = AXIS2_PLACEMENT_3D('',#7526,#7527,#7528);
#7526 = CARTESIAN_POINT('',(-19.29807401098,-0.938785775434,19.85));
#7527 = DIRECTION('',(1.,1.110223024625E-16,0.));
#7528 = DIRECTION('',(0.,0.,1.));
#7529 = ADVANCED_FACE('',(#7530),#7548,.T.);
#7530 = FACE_BOUND('',#7531,.T.);
#7531 = EDGE_LOOP('',(#7532,#7533,#7541,#7547));
#7532 = ORIENTED_EDGE('',*,*,#7519,.F.);
#7533 = ORIENTED_EDGE('',*,*,#7534,.T.);
#7534 = EDGE_CURVE('',#7505,#7535,#7537,.T.);
#7535 = VERTEX_POINT('',#7536);
#7536 = CARTESIAN_POINT('',(-18.69807401098,-2.554785775434,19.85));
#7537 = LINE('',#7538,#7539);
#7538 = CARTESIAN_POINT('',(-19.29807401098,-2.554785775434,19.85));
#7539 = VECTOR('',#7540,1.);
#7540 = DIRECTION('',(1.,1.110223024625E-16,0.));
#7541 = ORIENTED_EDGE('',*,*,#7542,.T.);
#7542 = EDGE_CURVE('',#7535,#4152,#7543,.T.);
#7543 = LINE('',#7544,#7545);
#7544 = CARTESIAN_POINT('',(-18.69807401098,-2.554785775434,19.85));
#7545 = VECTOR('',#7546,1.);
#7546 = DIRECTION('',(0.,0.,1.));
#7547 = ORIENTED_EDGE('',*,*,#4159,.F.);
#7548 = PLANE('',#7549);
#7549 = AXIS2_PLACEMENT_3D('',#7550,#7551,#7552);
#7550 = CARTESIAN_POINT('',(-19.29807401098,-2.554785775434,19.85));
#7551 = DIRECTION('',(1.110223024625E-16,-1.,0.));
#7552 = DIRECTION('',(0.,0.,1.));
#7553 = ADVANCED_FACE('',(#7554),#7572,.T.);
#7554 = FACE_BOUND('',#7555,.T.);
#7555 = EDGE_LOOP('',(#7556,#7564,#7570,#7571));
#7556 = ORIENTED_EDGE('',*,*,#7557,.F.);
#7557 = EDGE_CURVE('',#7558,#7535,#7560,.T.);
#7558 = VERTEX_POINT('',#7559);
#7559 = CARTESIAN_POINT('',(-18.69807401098,-0.938785775434,19.85));
#7560 = LINE('',#7561,#7562);
#7561 = CARTESIAN_POINT('',(-18.69807401098,-0.938785775434,19.85));
#7562 = VECTOR('',#7563,1.);
#7563 = DIRECTION('',(1.110223024625E-16,-1.,0.));
#7564 = ORIENTED_EDGE('',*,*,#7565,.T.);
#7565 = EDGE_CURVE('',#7558,#4144,#7566,.T.);
#7566 = LINE('',#7567,#7568);
#7567 = CARTESIAN_POINT('',(-18.69807401098,-0.938785775434,19.85));
#7568 = VECTOR('',#7569,1.);
#7569 = DIRECTION('',(0.,0.,1.));
#7570 = ORIENTED_EDGE('',*,*,#4151,.T.);
#7571 = ORIENTED_EDGE('',*,*,#7542,.F.);
#7572 = PLANE('',#7573);
#7573 = AXIS2_PLACEMENT_3D('',#7574,#7575,#7576);
#7574 = CARTESIAN_POINT('',(-18.69807401098,-0.938785775434,19.85));
#7575 = DIRECTION('',(1.,1.110223024625E-16,0.));
#7576 = DIRECTION('',(0.,0.,1.));
#7577 = ADVANCED_FACE('',(#7578),#7589,.F.);
#7578 = FACE_BOUND('',#7579,.F.);
#7579 = EDGE_LOOP('',(#7580,#7581,#7587,#7588));
#7580 = ORIENTED_EDGE('',*,*,#7512,.F.);
#7581 = ORIENTED_EDGE('',*,*,#7582,.T.);
#7582 = EDGE_CURVE('',#7503,#7558,#7583,.T.);
#7583 = LINE('',#7584,#7585);
#7584 = CARTESIAN_POINT('',(-19.29807401098,-0.938785775434,19.85));
#7585 = VECTOR('',#7586,1.);
#7586 = DIRECTION('',(1.,1.110223024625E-16,0.));
#7587 = ORIENTED_EDGE('',*,*,#7565,.T.);
#7588 = ORIENTED_EDGE('',*,*,#4143,.F.);
#7589 = PLANE('',#7590);
#7590 = AXIS2_PLACEMENT_3D('',#7591,#7592,#7593);
#7591 = CARTESIAN_POINT('',(-19.29807401098,-0.938785775434,19.85));
#7592 = DIRECTION('',(1.110223024625E-16,-1.,0.));
#7593 = DIRECTION('',(0.,0.,1.));
#7594 = ADVANCED_FACE('',(#7595),#7620,.F.);
#7595 = FACE_BOUND('',#7596,.F.);
#7596 = EDGE_LOOP('',(#7597,#7607,#7613,#7614));
#7597 = ORIENTED_EDGE('',*,*,#7598,.F.);
#7598 = EDGE_CURVE('',#7599,#7601,#7603,.T.);
#7599 = VERTEX_POINT('',#7600);
#7600 = CARTESIAN_POINT('',(-16.08600977554,-0.984907679187,19.85));
#7601 = VERTEX_POINT('',#7602);
#7602 = CARTESIAN_POINT('',(-16.08600977554,-2.600907679187,19.85));
#7603 = LINE('',#7604,#7605);
#7604 = CARTESIAN_POINT('',(-16.08600977554,-0.984907679187,19.85));
#7605 = VECTOR('',#7606,1.);
#7606 = DIRECTION('',(1.110223024625E-16,-1.,0.));
#7607 = ORIENTED_EDGE('',*,*,#7608,.T.);
#7608 = EDGE_CURVE('',#7599,#4168,#7609,.T.);
#7609 = LINE('',#7610,#7611);
#7610 = CARTESIAN_POINT('',(-16.08600977554,-0.984907679187,19.85));
#7611 = VECTOR('',#7612,1.);
#7612 = DIRECTION('',(0.,0.,1.));
#7613 = ORIENTED_EDGE('',*,*,#4167,.T.);
#7614 = ORIENTED_EDGE('',*,*,#7615,.F.);
#7615 = EDGE_CURVE('',#7601,#4170,#7616,.T.);
#7616 = LINE('',#7617,#7618);
#7617 = CARTESIAN_POINT('',(-16.08600977554,-2.600907679187,19.85));
#7618 = VECTOR('',#7619,1.);
#7619 = DIRECTION('',(0.,0.,1.));
#7620 = PLANE('',#7621);
#7621 = AXIS2_PLACEMENT_3D('',#7622,#7623,#7624);
#7622 = CARTESIAN_POINT('',(-16.08600977554,-0.984907679187,19.85));
#7623 = DIRECTION('',(1.,1.110223024625E-16,0.));
#7624 = DIRECTION('',(0.,0.,1.));
#7625 = ADVANCED_FACE('',(#7626),#7644,.T.);
#7626 = FACE_BOUND('',#7627,.T.);
#7627 = EDGE_LOOP('',(#7628,#7629,#7637,#7643));
#7628 = ORIENTED_EDGE('',*,*,#7615,.F.);
#7629 = ORIENTED_EDGE('',*,*,#7630,.T.);
#7630 = EDGE_CURVE('',#7601,#7631,#7633,.T.);
#7631 = VERTEX_POINT('',#7632);
#7632 = CARTESIAN_POINT('',(-15.48600977554,-2.600907679187,19.85));
#7633 = LINE('',#7634,#7635);
#7634 = CARTESIAN_POINT('',(-16.08600977554,-2.600907679187,19.85));
#7635 = VECTOR('',#7636,1.);
#7636 = DIRECTION('',(1.,1.110223024625E-16,0.));
#7637 = ORIENTED_EDGE('',*,*,#7638,.T.);
#7638 = EDGE_CURVE('',#7631,#4186,#7639,.T.);
#7639 = LINE('',#7640,#7641);
#7640 = CARTESIAN_POINT('',(-15.48600977554,-2.600907679187,19.85));
#7641 = VECTOR('',#7642,1.);
#7642 = DIRECTION('',(0.,0.,1.));
#7643 = ORIENTED_EDGE('',*,*,#4193,.F.);
#7644 = PLANE('',#7645);
#7645 = AXIS2_PLACEMENT_3D('',#7646,#7647,#7648);
#7646 = CARTESIAN_POINT('',(-16.08600977554,-2.600907679187,19.85));
#7647 = DIRECTION('',(1.110223024625E-16,-1.,0.));
#7648 = DIRECTION('',(0.,0.,1.));
#7649 = ADVANCED_FACE('',(#7650),#7668,.T.);
#7650 = FACE_BOUND('',#7651,.T.);
#7651 = EDGE_LOOP('',(#7652,#7660,#7666,#7667));
#7652 = ORIENTED_EDGE('',*,*,#7653,.F.);
#7653 = EDGE_CURVE('',#7654,#7631,#7656,.T.);
#7654 = VERTEX_POINT('',#7655);
#7655 = CARTESIAN_POINT('',(-15.48600977554,-0.984907679187,19.85));
#7656 = LINE('',#7657,#7658);
#7657 = CARTESIAN_POINT('',(-15.48600977554,-0.984907679187,19.85));
#7658 = VECTOR('',#7659,1.);
#7659 = DIRECTION('',(1.110223024625E-16,-1.,0.));
#7660 = ORIENTED_EDGE('',*,*,#7661,.T.);
#7661 = EDGE_CURVE('',#7654,#4178,#7662,.T.);
#7662 = LINE('',#7663,#7664);
#7663 = CARTESIAN_POINT('',(-15.48600977554,-0.984907679187,19.85));
#7664 = VECTOR('',#7665,1.);
#7665 = DIRECTION('',(0.,0.,1.));
#7666 = ORIENTED_EDGE('',*,*,#4185,.T.);
#7667 = ORIENTED_EDGE('',*,*,#7638,.F.);
#7668 = PLANE('',#7669);
#7669 = AXIS2_PLACEMENT_3D('',#7670,#7671,#7672);
#7670 = CARTESIAN_POINT('',(-15.48600977554,-0.984907679187,19.85));
#7671 = DIRECTION('',(1.,1.110223024625E-16,0.));
#7672 = DIRECTION('',(0.,0.,1.));
#7673 = ADVANCED_FACE('',(#7674),#7685,.F.);
#7674 = FACE_BOUND('',#7675,.F.);
#7675 = EDGE_LOOP('',(#7676,#7677,#7683,#7684));
#7676 = ORIENTED_EDGE('',*,*,#7608,.F.);
#7677 = ORIENTED_EDGE('',*,*,#7678,.T.);
#7678 = EDGE_CURVE('',#7599,#7654,#7679,.T.);
#7679 = LINE('',#7680,#7681);
#7680 = CARTESIAN_POINT('',(-16.08600977554,-0.984907679187,19.85));
#7681 = VECTOR('',#7682,1.);
#7682 = DIRECTION('',(1.,1.110223024625E-16,0.));
#7683 = ORIENTED_EDGE('',*,*,#7661,.T.);
#7684 = ORIENTED_EDGE('',*,*,#4177,.F.);
#7685 = PLANE('',#7686);
#7686 = AXIS2_PLACEMENT_3D('',#7687,#7688,#7689);
#7687 = CARTESIAN_POINT('',(-16.08600977554,-0.984907679187,19.85));
#7688 = DIRECTION('',(1.110223024625E-16,-1.,0.));
#7689 = DIRECTION('',(0.,0.,1.));
#7690 = ADVANCED_FACE('',(#7691),#7716,.F.);
#7691 = FACE_BOUND('',#7692,.F.);
#7692 = EDGE_LOOP('',(#7693,#7703,#7709,#7710));
#7693 = ORIENTED_EDGE('',*,*,#7694,.F.);
#7694 = EDGE_CURVE('',#7695,#7697,#7699,.T.);
#7695 = VERTEX_POINT('',#7696);
#7696 = CARTESIAN_POINT('',(-14.87756018086,-2.557381148023,19.85));
#7697 = VERTEX_POINT('',#7698);
#7698 = CARTESIAN_POINT('',(-14.87756018086,-4.173381148023,19.85));
#7699 = LINE('',#7700,#7701);
#7700 = CARTESIAN_POINT('',(-14.87756018086,-2.557381148023,19.85));
#7701 = VECTOR('',#7702,1.);
#7702 = DIRECTION('',(1.110223024625E-16,-1.,0.));
#7703 = ORIENTED_EDGE('',*,*,#7704,.T.);
#7704 = EDGE_CURVE('',#7695,#4202,#7705,.T.);
#7705 = LINE('',#7706,#7707);
#7706 = CARTESIAN_POINT('',(-14.87756018086,-2.557381148023,19.85));
#7707 = VECTOR('',#7708,1.);
#7708 = DIRECTION('',(0.,0.,1.));
#7709 = ORIENTED_EDGE('',*,*,#4201,.T.);
#7710 = ORIENTED_EDGE('',*,*,#7711,.F.);
#7711 = EDGE_CURVE('',#7697,#4204,#7712,.T.);
#7712 = LINE('',#7713,#7714);
#7713 = CARTESIAN_POINT('',(-14.87756018086,-4.173381148023,19.85));
#7714 = VECTOR('',#7715,1.);
#7715 = DIRECTION('',(0.,0.,1.));
#7716 = PLANE('',#7717);
#7717 = AXIS2_PLACEMENT_3D('',#7718,#7719,#7720);
#7718 = CARTESIAN_POINT('',(-14.87756018086,-2.557381148023,19.85));
#7719 = DIRECTION('',(1.,1.110223024625E-16,0.));
#7720 = DIRECTION('',(0.,0.,1.));
#7721 = ADVANCED_FACE('',(#7722),#7740,.T.);
#7722 = FACE_BOUND('',#7723,.T.);
#7723 = EDGE_LOOP('',(#7724,#7725,#7733,#7739));
#7724 = ORIENTED_EDGE('',*,*,#7711,.F.);
#7725 = ORIENTED_EDGE('',*,*,#7726,.T.);
#7726 = EDGE_CURVE('',#7697,#7727,#7729,.T.);
#7727 = VERTEX_POINT('',#7728);
#7728 = CARTESIAN_POINT('',(-14.27756018086,-4.173381148023,19.85));
#7729 = LINE('',#7730,#7731);
#7730 = CARTESIAN_POINT('',(-14.87756018086,-4.173381148023,19.85));
#7731 = VECTOR('',#7732,1.);
#7732 = DIRECTION('',(1.,1.110223024625E-16,0.));
#7733 = ORIENTED_EDGE('',*,*,#7734,.T.);
#7734 = EDGE_CURVE('',#7727,#4220,#7735,.T.);
#7735 = LINE('',#7736,#7737);
#7736 = CARTESIAN_POINT('',(-14.27756018086,-4.173381148023,19.85));
#7737 = VECTOR('',#7738,1.);
#7738 = DIRECTION('',(0.,0.,1.));
#7739 = ORIENTED_EDGE('',*,*,#4227,.F.);
#7740 = PLANE('',#7741);
#7741 = AXIS2_PLACEMENT_3D('',#7742,#7743,#7744);
#7742 = CARTESIAN_POINT('',(-14.87756018086,-4.173381148023,19.85));
#7743 = DIRECTION('',(1.110223024625E-16,-1.,0.));
#7744 = DIRECTION('',(0.,0.,1.));
#7745 = ADVANCED_FACE('',(#7746),#7764,.T.);
#7746 = FACE_BOUND('',#7747,.T.);
#7747 = EDGE_LOOP('',(#7748,#7756,#7762,#7763));
#7748 = ORIENTED_EDGE('',*,*,#7749,.F.);
#7749 = EDGE_CURVE('',#7750,#7727,#7752,.T.);
#7750 = VERTEX_POINT('',#7751);
#7751 = CARTESIAN_POINT('',(-14.27756018086,-2.557381148023,19.85));
#7752 = LINE('',#7753,#7754);
#7753 = CARTESIAN_POINT('',(-14.27756018086,-2.557381148023,19.85));
#7754 = VECTOR('',#7755,1.);
#7755 = DIRECTION('',(1.110223024625E-16,-1.,0.));
#7756 = ORIENTED_EDGE('',*,*,#7757,.T.);
#7757 = EDGE_CURVE('',#7750,#4212,#7758,.T.);
#7758 = LINE('',#7759,#7760);
#7759 = CARTESIAN_POINT('',(-14.27756018086,-2.557381148023,19.85));
#7760 = VECTOR('',#7761,1.);
#7761 = DIRECTION('',(0.,0.,1.));
#7762 = ORIENTED_EDGE('',*,*,#4219,.T.);
#7763 = ORIENTED_EDGE('',*,*,#7734,.F.);
#7764 = PLANE('',#7765);
#7765 = AXIS2_PLACEMENT_3D('',#7766,#7767,#7768);
#7766 = CARTESIAN_POINT('',(-14.27756018086,-2.557381148023,19.85));
#7767 = DIRECTION('',(1.,1.110223024625E-16,0.));
#7768 = DIRECTION('',(0.,0.,1.));
#7769 = ADVANCED_FACE('',(#7770),#7781,.F.);
#7770 = FACE_BOUND('',#7771,.F.);
#7771 = EDGE_LOOP('',(#7772,#7773,#7779,#7780));
#7772 = ORIENTED_EDGE('',*,*,#7704,.F.);
#7773 = ORIENTED_EDGE('',*,*,#7774,.T.);
#7774 = EDGE_CURVE('',#7695,#7750,#7775,.T.);
#7775 = LINE('',#7776,#7777);
#7776 = CARTESIAN_POINT('',(-14.87756018086,-2.557381148023,19.85));
#7777 = VECTOR('',#7778,1.);
#7778 = DIRECTION('',(1.,1.110223024625E-16,0.));
#7779 = ORIENTED_EDGE('',*,*,#7757,.T.);
#7780 = ORIENTED_EDGE('',*,*,#4211,.F.);
#7781 = PLANE('',#7782);
#7782 = AXIS2_PLACEMENT_3D('',#7783,#7784,#7785);
#7783 = CARTESIAN_POINT('',(-14.87756018086,-2.557381148023,19.85));
#7784 = DIRECTION('',(1.110223024625E-16,-1.,0.));
#7785 = DIRECTION('',(0.,0.,1.));
#7786 = ADVANCED_FACE('',(#7787),#7812,.F.);
#7787 = FACE_BOUND('',#7788,.F.);
#7788 = EDGE_LOOP('',(#7789,#7799,#7805,#7806));
#7789 = ORIENTED_EDGE('',*,*,#7790,.F.);
#7790 = EDGE_CURVE('',#7791,#7793,#7795,.T.);
#7791 = VERTEX_POINT('',#7792);
#7792 = CARTESIAN_POINT('',(-8.52737691726,-7.398075300785,19.5));
#7793 = VERTEX_POINT('',#7794);
#7794 = CARTESIAN_POINT('',(-8.52737691726,-4.096075300785,19.5));
#7795 = LINE('',#7796,#7797);
#7796 = CARTESIAN_POINT('',(-8.52737691726,-7.398075300785,19.5));
#7797 = VECTOR('',#7798,1.);
#7798 = DIRECTION('',(-2.22044604925E-16,1.,0.));
#7799 = ORIENTED_EDGE('',*,*,#7800,.T.);
#7800 = EDGE_CURVE('',#7791,#4236,#7801,.T.);
#7801 = LINE('',#7802,#7803);
#7802 = CARTESIAN_POINT('',(-8.52737691726,-7.398075300785,19.5));
#7803 = VECTOR('',#7804,1.);
#7804 = DIRECTION('',(0.,0.,1.));
#7805 = ORIENTED_EDGE('',*,*,#4235,.T.);
#7806 = ORIENTED_EDGE('',*,*,#7807,.F.);
#7807 = EDGE_CURVE('',#7793,#4238,#7808,.T.);
#7808 = LINE('',#7809,#7810);
#7809 = CARTESIAN_POINT('',(-8.52737691726,-4.096075300785,19.5));
#7810 = VECTOR('',#7811,1.);
#7811 = DIRECTION('',(0.,0.,1.));
#7812 = PLANE('',#7813);
#7813 = AXIS2_PLACEMENT_3D('',#7814,#7815,#7816);
#7814 = CARTESIAN_POINT('',(-8.52737691726,-7.398075300785,19.5));
#7815 = DIRECTION('',(-1.,-2.22044604925E-16,0.));
#7816 = DIRECTION('',(0.,0.,1.));
#7817 = ADVANCED_FACE('',(#7818),#7836,.T.);
#7818 = FACE_BOUND('',#7819,.T.);
#7819 = EDGE_LOOP('',(#7820,#7821,#7829,#7835));
#7820 = ORIENTED_EDGE('',*,*,#7807,.F.);
#7821 = ORIENTED_EDGE('',*,*,#7822,.T.);
#7822 = EDGE_CURVE('',#7793,#7823,#7825,.T.);
#7823 = VERTEX_POINT('',#7824);
#7824 = CARTESIAN_POINT('',(-11.32137691726,-4.096075300785,19.5));
#7825 = LINE('',#7826,#7827);
#7826 = CARTESIAN_POINT('',(-8.52737691726,-4.096075300785,19.5));
#7827 = VECTOR('',#7828,1.);
#7828 = DIRECTION('',(-1.,-2.22044604925E-16,0.));
#7829 = ORIENTED_EDGE('',*,*,#7830,.T.);
#7830 = EDGE_CURVE('',#7823,#4254,#7831,.T.);
#7831 = LINE('',#7832,#7833);
#7832 = CARTESIAN_POINT('',(-11.32137691726,-4.096075300785,19.5));
#7833 = VECTOR('',#7834,1.);
#7834 = DIRECTION('',(0.,0.,1.));
#7835 = ORIENTED_EDGE('',*,*,#4261,.F.);
#7836 = PLANE('',#7837);
#7837 = AXIS2_PLACEMENT_3D('',#7838,#7839,#7840);
#7838 = CARTESIAN_POINT('',(-8.52737691726,-4.096075300785,19.5));
#7839 = DIRECTION('',(-2.22044604925E-16,1.,0.));
#7840 = DIRECTION('',(0.,0.,1.));
#7841 = ADVANCED_FACE('',(#7842),#7860,.T.);
#7842 = FACE_BOUND('',#7843,.T.);
#7843 = EDGE_LOOP('',(#7844,#7852,#7858,#7859));
#7844 = ORIENTED_EDGE('',*,*,#7845,.F.);
#7845 = EDGE_CURVE('',#7846,#7823,#7848,.T.);
#7846 = VERTEX_POINT('',#7847);
#7847 = CARTESIAN_POINT('',(-11.32137691726,-7.398075300785,19.5));
#7848 = LINE('',#7849,#7850);
#7849 = CARTESIAN_POINT('',(-11.32137691726,-7.398075300785,19.5));
#7850 = VECTOR('',#7851,1.);
#7851 = DIRECTION('',(-2.22044604925E-16,1.,0.));
#7852 = ORIENTED_EDGE('',*,*,#7853,.T.);
#7853 = EDGE_CURVE('',#7846,#4246,#7854,.T.);
#7854 = LINE('',#7855,#7856);
#7855 = CARTESIAN_POINT('',(-11.32137691726,-7.398075300785,19.5));
#7856 = VECTOR('',#7857,1.);
#7857 = DIRECTION('',(0.,0.,1.));
#7858 = ORIENTED_EDGE('',*,*,#4253,.T.);
#7859 = ORIENTED_EDGE('',*,*,#7830,.F.);
#7860 = PLANE('',#7861);
#7861 = AXIS2_PLACEMENT_3D('',#7862,#7863,#7864);
#7862 = CARTESIAN_POINT('',(-11.32137691726,-7.398075300785,19.5));
#7863 = DIRECTION('',(-1.,-2.22044604925E-16,0.));
#7864 = DIRECTION('',(0.,0.,1.));
#7865 = ADVANCED_FACE('',(#7866),#7877,.F.);
#7866 = FACE_BOUND('',#7867,.F.);
#7867 = EDGE_LOOP('',(#7868,#7869,#7875,#7876));
#7868 = ORIENTED_EDGE('',*,*,#7800,.F.);
#7869 = ORIENTED_EDGE('',*,*,#7870,.T.);
#7870 = EDGE_CURVE('',#7791,#7846,#7871,.T.);
#7871 = LINE('',#7872,#7873);
#7872 = CARTESIAN_POINT('',(-8.52737691726,-7.398075300785,19.5));
#7873 = VECTOR('',#7874,1.);
#7874 = DIRECTION('',(-1.,-2.22044604925E-16,0.));
#7875 = ORIENTED_EDGE('',*,*,#7853,.T.);
#7876 = ORIENTED_EDGE('',*,*,#4245,.F.);
#7877 = PLANE('',#7878);
#7878 = AXIS2_PLACEMENT_3D('',#7879,#7880,#7881);
#7879 = CARTESIAN_POINT('',(-8.52737691726,-7.398075300785,19.5));
#7880 = DIRECTION('',(-2.22044604925E-16,1.,0.));
#7881 = DIRECTION('',(0.,0.,1.));
#7882 = ADVANCED_FACE('',(#7883),#7908,.F.);
#7883 = FACE_BOUND('',#7884,.F.);
#7884 = EDGE_LOOP('',(#7885,#7895,#7901,#7902));
#7885 = ORIENTED_EDGE('',*,*,#7886,.F.);
#7886 = EDGE_CURVE('',#7887,#7889,#7891,.T.);
#7887 = VERTEX_POINT('',#7888);
#7888 = CARTESIAN_POINT('',(-7.791404359181,0.599785898614,19.85));
#7889 = VERTEX_POINT('',#7890);
#7890 = CARTESIAN_POINT('',(-7.791404359181,-1.016214101386,19.85));
#7891 = LINE('',#7892,#7893);
#7892 = CARTESIAN_POINT('',(-7.791404359181,0.599785898614,19.85));
#7893 = VECTOR('',#7894,1.);
#7894 = DIRECTION('',(1.110223024625E-16,-1.,0.));
#7895 = ORIENTED_EDGE('',*,*,#7896,.T.);
#7896 = EDGE_CURVE('',#7887,#4270,#7897,.T.);
#7897 = LINE('',#7898,#7899);
#7898 = CARTESIAN_POINT('',(-7.791404359181,0.599785898614,19.85));
#7899 = VECTOR('',#7900,1.);
#7900 = DIRECTION('',(0.,0.,1.));
#7901 = ORIENTED_EDGE('',*,*,#4269,.T.);
#7902 = ORIENTED_EDGE('',*,*,#7903,.F.);
#7903 = EDGE_CURVE('',#7889,#4272,#7904,.T.);
#7904 = LINE('',#7905,#7906);
#7905 = CARTESIAN_POINT('',(-7.791404359181,-1.016214101386,19.85));
#7906 = VECTOR('',#7907,1.);
#7907 = DIRECTION('',(0.,0.,1.));
#7908 = PLANE('',#7909);
#7909 = AXIS2_PLACEMENT_3D('',#7910,#7911,#7912);
#7910 = CARTESIAN_POINT('',(-7.791404359181,0.599785898614,19.85));
#7911 = DIRECTION('',(1.,1.110223024625E-16,0.));
#7912 = DIRECTION('',(0.,0.,1.));
#7913 = ADVANCED_FACE('',(#7914),#7932,.T.);
#7914 = FACE_BOUND('',#7915,.T.);
#7915 = EDGE_LOOP('',(#7916,#7917,#7925,#7931));
#7916 = ORIENTED_EDGE('',*,*,#7903,.F.);
#7917 = ORIENTED_EDGE('',*,*,#7918,.T.);
#7918 = EDGE_CURVE('',#7889,#7919,#7921,.T.);
#7919 = VERTEX_POINT('',#7920);
#7920 = CARTESIAN_POINT('',(-7.191404359181,-1.016214101386,19.85));
#7921 = LINE('',#7922,#7923);
#7922 = CARTESIAN_POINT('',(-7.791404359181,-1.016214101386,19.85));
#7923 = VECTOR('',#7924,1.);
#7924 = DIRECTION('',(1.,1.110223024625E-16,0.));
#7925 = ORIENTED_EDGE('',*,*,#7926,.T.);
#7926 = EDGE_CURVE('',#7919,#4288,#7927,.T.);
#7927 = LINE('',#7928,#7929);
#7928 = CARTESIAN_POINT('',(-7.191404359181,-1.016214101386,19.85));
#7929 = VECTOR('',#7930,1.);
#7930 = DIRECTION('',(0.,0.,1.));
#7931 = ORIENTED_EDGE('',*,*,#4295,.F.);
#7932 = PLANE('',#7933);
#7933 = AXIS2_PLACEMENT_3D('',#7934,#7935,#7936);
#7934 = CARTESIAN_POINT('',(-7.791404359181,-1.016214101386,19.85));
#7935 = DIRECTION('',(1.110223024625E-16,-1.,0.));
#7936 = DIRECTION('',(0.,0.,1.));
#7937 = ADVANCED_FACE('',(#7938),#7956,.T.);
#7938 = FACE_BOUND('',#7939,.T.);
#7939 = EDGE_LOOP('',(#7940,#7948,#7954,#7955));
#7940 = ORIENTED_EDGE('',*,*,#7941,.F.);
#7941 = EDGE_CURVE('',#7942,#7919,#7944,.T.);
#7942 = VERTEX_POINT('',#7943);
#7943 = CARTESIAN_POINT('',(-7.191404359181,0.599785898614,19.85));
#7944 = LINE('',#7945,#7946);
#7945 = CARTESIAN_POINT('',(-7.191404359181,0.599785898614,19.85));
#7946 = VECTOR('',#7947,1.);
#7947 = DIRECTION('',(1.110223024625E-16,-1.,0.));
#7948 = ORIENTED_EDGE('',*,*,#7949,.T.);
#7949 = EDGE_CURVE('',#7942,#4280,#7950,.T.);
#7950 = LINE('',#7951,#7952);
#7951 = CARTESIAN_POINT('',(-7.191404359181,0.599785898614,19.85));
#7952 = VECTOR('',#7953,1.);
#7953 = DIRECTION('',(0.,0.,1.));
#7954 = ORIENTED_EDGE('',*,*,#4287,.T.);
#7955 = ORIENTED_EDGE('',*,*,#7926,.F.);
#7956 = PLANE('',#7957);
#7957 = AXIS2_PLACEMENT_3D('',#7958,#7959,#7960);
#7958 = CARTESIAN_POINT('',(-7.191404359181,0.599785898614,19.85));
#7959 = DIRECTION('',(1.,1.110223024625E-16,0.));
#7960 = DIRECTION('',(0.,0.,1.));
#7961 = ADVANCED_FACE('',(#7962),#7973,.F.);
#7962 = FACE_BOUND('',#7963,.F.);
#7963 = EDGE_LOOP('',(#7964,#7965,#7971,#7972));
#7964 = ORIENTED_EDGE('',*,*,#7896,.F.);
#7965 = ORIENTED_EDGE('',*,*,#7966,.T.);
#7966 = EDGE_CURVE('',#7887,#7942,#7967,.T.);
#7967 = LINE('',#7968,#7969);
#7968 = CARTESIAN_POINT('',(-7.791404359181,0.599785898614,19.85));
#7969 = VECTOR('',#7970,1.);
#7970 = DIRECTION('',(1.,1.110223024625E-16,0.));
#7971 = ORIENTED_EDGE('',*,*,#7949,.T.);
#7972 = ORIENTED_EDGE('',*,*,#4279,.F.);
#7973 = PLANE('',#7974);
#7974 = AXIS2_PLACEMENT_3D('',#7975,#7976,#7977);
#7975 = CARTESIAN_POINT('',(-7.791404359181,0.599785898614,19.85));
#7976 = DIRECTION('',(1.110223024625E-16,-1.,0.));
#7977 = DIRECTION('',(0.,0.,1.));
#7978 = ADVANCED_FACE('',(#7979),#8004,.F.);
#7979 = FACE_BOUND('',#7980,.F.);
#7980 = EDGE_LOOP('',(#7981,#7991,#7997,#7998));
#7981 = ORIENTED_EDGE('',*,*,#7982,.F.);
#7982 = EDGE_CURVE('',#7983,#7985,#7987,.T.);
#7983 = VERTEX_POINT('',#7984);
#7984 = CARTESIAN_POINT('',(-2.708704039484,-0.608949233824,19.85));
#7985 = VERTEX_POINT('',#7986);
#7986 = CARTESIAN_POINT('',(-2.708704039484,-2.224949233824,19.85));
#7987 = LINE('',#7988,#7989);
#7988 = CARTESIAN_POINT('',(-2.708704039484,-0.608949233824,19.85));
#7989 = VECTOR('',#7990,1.);
#7990 = DIRECTION('',(1.110223024625E-16,-1.,0.));
#7991 = ORIENTED_EDGE('',*,*,#7992,.T.);
#7992 = EDGE_CURVE('',#7983,#4304,#7993,.T.);
#7993 = LINE('',#7994,#7995);
#7994 = CARTESIAN_POINT('',(-2.708704039484,-0.608949233824,19.85));
#7995 = VECTOR('',#7996,1.);
#7996 = DIRECTION('',(0.,0.,1.));
#7997 = ORIENTED_EDGE('',*,*,#4303,.T.);
#7998 = ORIENTED_EDGE('',*,*,#7999,.F.);
#7999 = EDGE_CURVE('',#7985,#4306,#8000,.T.);
#8000 = LINE('',#8001,#8002);
#8001 = CARTESIAN_POINT('',(-2.708704039484,-2.224949233824,19.85));
#8002 = VECTOR('',#8003,1.);
#8003 = DIRECTION('',(0.,0.,1.));
#8004 = PLANE('',#8005);
#8005 = AXIS2_PLACEMENT_3D('',#8006,#8007,#8008);
#8006 = CARTESIAN_POINT('',(-2.708704039484,-0.608949233824,19.85));
#8007 = DIRECTION('',(1.,1.110223024625E-16,0.));
#8008 = DIRECTION('',(0.,0.,1.));
#8009 = ADVANCED_FACE('',(#8010),#8028,.T.);
#8010 = FACE_BOUND('',#8011,.T.);
#8011 = EDGE_LOOP('',(#8012,#8013,#8021,#8027));
#8012 = ORIENTED_EDGE('',*,*,#7999,.F.);
#8013 = ORIENTED_EDGE('',*,*,#8014,.T.);
#8014 = EDGE_CURVE('',#7985,#8015,#8017,.T.);
#8015 = VERTEX_POINT('',#8016);
#8016 = CARTESIAN_POINT('',(-2.108704039484,-2.224949233824,19.85));
#8017 = LINE('',#8018,#8019);
#8018 = CARTESIAN_POINT('',(-2.708704039484,-2.224949233824,19.85));
#8019 = VECTOR('',#8020,1.);
#8020 = DIRECTION('',(1.,1.110223024625E-16,0.));
#8021 = ORIENTED_EDGE('',*,*,#8022,.T.);
#8022 = EDGE_CURVE('',#8015,#4322,#8023,.T.);
#8023 = LINE('',#8024,#8025);
#8024 = CARTESIAN_POINT('',(-2.108704039484,-2.224949233824,19.85));
#8025 = VECTOR('',#8026,1.);
#8026 = DIRECTION('',(0.,0.,1.));
#8027 = ORIENTED_EDGE('',*,*,#4329,.F.);
#8028 = PLANE('',#8029);
#8029 = AXIS2_PLACEMENT_3D('',#8030,#8031,#8032);
#8030 = CARTESIAN_POINT('',(-2.708704039484,-2.224949233824,19.85));
#8031 = DIRECTION('',(1.110223024625E-16,-1.,0.));
#8032 = DIRECTION('',(0.,0.,1.));
#8033 = ADVANCED_FACE('',(#8034),#8052,.T.);
#8034 = FACE_BOUND('',#8035,.T.);
#8035 = EDGE_LOOP('',(#8036,#8044,#8050,#8051));
#8036 = ORIENTED_EDGE('',*,*,#8037,.F.);
#8037 = EDGE_CURVE('',#8038,#8015,#8040,.T.);
#8038 = VERTEX_POINT('',#8039);
#8039 = CARTESIAN_POINT('',(-2.108704039484,-0.608949233824,19.85));
#8040 = LINE('',#8041,#8042);
#8041 = CARTESIAN_POINT('',(-2.108704039484,-0.608949233824,19.85));
#8042 = VECTOR('',#8043,1.);
#8043 = DIRECTION('',(1.110223024625E-16,-1.,0.));
#8044 = ORIENTED_EDGE('',*,*,#8045,.T.);
#8045 = EDGE_CURVE('',#8038,#4314,#8046,.T.);
#8046 = LINE('',#8047,#8048);
#8047 = CARTESIAN_POINT('',(-2.108704039484,-0.608949233824,19.85));
#8048 = VECTOR('',#8049,1.);
#8049 = DIRECTION('',(0.,0.,1.));
#8050 = ORIENTED_EDGE('',*,*,#4321,.T.);
#8051 = ORIENTED_EDGE('',*,*,#8022,.F.);
#8052 = PLANE('',#8053);
#8053 = AXIS2_PLACEMENT_3D('',#8054,#8055,#8056);
#8054 = CARTESIAN_POINT('',(-2.108704039484,-0.608949233824,19.85));
#8055 = DIRECTION('',(1.,1.110223024625E-16,0.));
#8056 = DIRECTION('',(0.,0.,1.));
#8057 = ADVANCED_FACE('',(#8058),#8069,.F.);
#8058 = FACE_BOUND('',#8059,.F.);
#8059 = EDGE_LOOP('',(#8060,#8061,#8067,#8068));
#8060 = ORIENTED_EDGE('',*,*,#7992,.F.);
#8061 = ORIENTED_EDGE('',*,*,#8062,.T.);
#8062 = EDGE_CURVE('',#7983,#8038,#8063,.T.);
#8063 = LINE('',#8064,#8065);
#8064 = CARTESIAN_POINT('',(-2.708704039484,-0.608949233824,19.85));
#8065 = VECTOR('',#8066,1.);
#8066 = DIRECTION('',(1.,1.110223024625E-16,0.));
#8067 = ORIENTED_EDGE('',*,*,#8045,.T.);
#8068 = ORIENTED_EDGE('',*,*,#4313,.F.);
#8069 = PLANE('',#8070);
#8070 = AXIS2_PLACEMENT_3D('',#8071,#8072,#8073);
#8071 = CARTESIAN_POINT('',(-2.708704039484,-0.608949233824,19.85));
#8072 = DIRECTION('',(1.110223024625E-16,-1.,0.));
#8073 = DIRECTION('',(0.,0.,1.));
#8074 = ADVANCED_FACE('',(#8075),#8100,.F.);
#8075 = FACE_BOUND('',#8076,.F.);
#8076 = EDGE_LOOP('',(#8077,#8087,#8093,#8094));
#8077 = ORIENTED_EDGE('',*,*,#8078,.F.);
#8078 = EDGE_CURVE('',#8079,#8081,#8083,.T.);
#8079 = VERTEX_POINT('',#8080);
#8080 = CARTESIAN_POINT('',(5.986221927933,-15.06660592625,19.85));
#8081 = VERTEX_POINT('',#8082);
#8082 = CARTESIAN_POINT('',(5.986221927933,-16.68260592625,19.85));
#8083 = LINE('',#8084,#8085);
#8084 = CARTESIAN_POINT('',(5.986221927933,-15.06660592625,19.85));
#8085 = VECTOR('',#8086,1.);
#8086 = DIRECTION('',(1.110223024625E-16,-1.,0.));
#8087 = ORIENTED_EDGE('',*,*,#8088,.T.);
#8088 = EDGE_CURVE('',#8079,#4338,#8089,.T.);
#8089 = LINE('',#8090,#8091);
#8090 = CARTESIAN_POINT('',(5.986221927933,-15.06660592625,19.85));
#8091 = VECTOR('',#8092,1.);
#8092 = DIRECTION('',(0.,0.,1.));
#8093 = ORIENTED_EDGE('',*,*,#4337,.T.);
#8094 = ORIENTED_EDGE('',*,*,#8095,.F.);
#8095 = EDGE_CURVE('',#8081,#4340,#8096,.T.);
#8096 = LINE('',#8097,#8098);
#8097 = CARTESIAN_POINT('',(5.986221927933,-16.68260592625,19.85));
#8098 = VECTOR('',#8099,1.);
#8099 = DIRECTION('',(0.,0.,1.));
#8100 = PLANE('',#8101);
#8101 = AXIS2_PLACEMENT_3D('',#8102,#8103,#8104);
#8102 = CARTESIAN_POINT('',(5.986221927933,-15.06660592625,19.85));
#8103 = DIRECTION('',(1.,1.110223024625E-16,0.));
#8104 = DIRECTION('',(0.,0.,1.));
#8105 = ADVANCED_FACE('',(#8106),#8124,.T.);
#8106 = FACE_BOUND('',#8107,.T.);
#8107 = EDGE_LOOP('',(#8108,#8109,#8117,#8123));
#8108 = ORIENTED_EDGE('',*,*,#8095,.F.);
#8109 = ORIENTED_EDGE('',*,*,#8110,.T.);
#8110 = EDGE_CURVE('',#8081,#8111,#8113,.T.);
#8111 = VERTEX_POINT('',#8112);
#8112 = CARTESIAN_POINT('',(6.586221927933,-16.68260592625,19.85));
#8113 = LINE('',#8114,#8115);
#8114 = CARTESIAN_POINT('',(5.986221927933,-16.68260592625,19.85));
#8115 = VECTOR('',#8116,1.);
#8116 = DIRECTION('',(1.,1.110223024625E-16,0.));
#8117 = ORIENTED_EDGE('',*,*,#8118,.T.);
#8118 = EDGE_CURVE('',#8111,#4356,#8119,.T.);
#8119 = LINE('',#8120,#8121);
#8120 = CARTESIAN_POINT('',(6.586221927933,-16.68260592625,19.85));
#8121 = VECTOR('',#8122,1.);
#8122 = DIRECTION('',(0.,0.,1.));
#8123 = ORIENTED_EDGE('',*,*,#4363,.F.);
#8124 = PLANE('',#8125);
#8125 = AXIS2_PLACEMENT_3D('',#8126,#8127,#8128);
#8126 = CARTESIAN_POINT('',(5.986221927933,-16.68260592625,19.85));
#8127 = DIRECTION('',(1.110223024625E-16,-1.,0.));
#8128 = DIRECTION('',(0.,0.,1.));
#8129 = ADVANCED_FACE('',(#8130),#8148,.T.);
#8130 = FACE_BOUND('',#8131,.T.);
#8131 = EDGE_LOOP('',(#8132,#8140,#8146,#8147));
#8132 = ORIENTED_EDGE('',*,*,#8133,.F.);
#8133 = EDGE_CURVE('',#8134,#8111,#8136,.T.);
#8134 = VERTEX_POINT('',#8135);
#8135 = CARTESIAN_POINT('',(6.586221927933,-15.06660592625,19.85));
#8136 = LINE('',#8137,#8138);
#8137 = CARTESIAN_POINT('',(6.586221927933,-15.06660592625,19.85));
#8138 = VECTOR('',#8139,1.);
#8139 = DIRECTION('',(1.110223024625E-16,-1.,0.));
#8140 = ORIENTED_EDGE('',*,*,#8141,.T.);
#8141 = EDGE_CURVE('',#8134,#4348,#8142,.T.);
#8142 = LINE('',#8143,#8144);
#8143 = CARTESIAN_POINT('',(6.586221927933,-15.06660592625,19.85));
#8144 = VECTOR('',#8145,1.);
#8145 = DIRECTION('',(0.,0.,1.));
#8146 = ORIENTED_EDGE('',*,*,#4355,.T.);
#8147 = ORIENTED_EDGE('',*,*,#8118,.F.);
#8148 = PLANE('',#8149);
#8149 = AXIS2_PLACEMENT_3D('',#8150,#8151,#8152);
#8150 = CARTESIAN_POINT('',(6.586221927933,-15.06660592625,19.85));
#8151 = DIRECTION('',(1.,1.110223024625E-16,0.));
#8152 = DIRECTION('',(0.,0.,1.));
#8153 = ADVANCED_FACE('',(#8154),#8165,.F.);
#8154 = FACE_BOUND('',#8155,.F.);
#8155 = EDGE_LOOP('',(#8156,#8157,#8163,#8164));
#8156 = ORIENTED_EDGE('',*,*,#8088,.F.);
#8157 = ORIENTED_EDGE('',*,*,#8158,.T.);
#8158 = EDGE_CURVE('',#8079,#8134,#8159,.T.);
#8159 = LINE('',#8160,#8161);
#8160 = CARTESIAN_POINT('',(5.986221927933,-15.06660592625,19.85));
#8161 = VECTOR('',#8162,1.);
#8162 = DIRECTION('',(1.,1.110223024625E-16,0.));
#8163 = ORIENTED_EDGE('',*,*,#8141,.T.);
#8164 = ORIENTED_EDGE('',*,*,#4347,.F.);
#8165 = PLANE('',#8166);
#8166 = AXIS2_PLACEMENT_3D('',#8167,#8168,#8169);
#8167 = CARTESIAN_POINT('',(5.986221927933,-15.06660592625,19.85));
#8168 = DIRECTION('',(1.110223024625E-16,-1.,0.));
#8169 = DIRECTION('',(0.,0.,1.));
#8170 = ADVANCED_FACE('',(#8171),#8196,.F.);
#8171 = FACE_BOUND('',#8172,.F.);
#8172 = EDGE_LOOP('',(#8173,#8183,#8189,#8190));
#8173 = ORIENTED_EDGE('',*,*,#8174,.F.);
#8174 = EDGE_CURVE('',#8175,#8177,#8179,.T.);
#8175 = VERTEX_POINT('',#8176);
#8176 = CARTESIAN_POINT('',(7.57007064913,-16.03734537199,19.85));
#8177 = VERTEX_POINT('',#8178);
#8178 = CARTESIAN_POINT('',(9.18607064913,-16.03734537199,19.85));
#8179 = LINE('',#8180,#8181);
#8180 = CARTESIAN_POINT('',(7.57007064913,-16.03734537199,19.85));
#8181 = VECTOR('',#8182,1.);
#8182 = DIRECTION('',(1.,0.,0.));
#8183 = ORIENTED_EDGE('',*,*,#8184,.T.);
#8184 = EDGE_CURVE('',#8175,#4372,#8185,.T.);
#8185 = LINE('',#8186,#8187);
#8186 = CARTESIAN_POINT('',(7.57007064913,-16.03734537199,19.85));
#8187 = VECTOR('',#8188,1.);
#8188 = DIRECTION('',(0.,0.,1.));
#8189 = ORIENTED_EDGE('',*,*,#4371,.T.);
#8190 = ORIENTED_EDGE('',*,*,#8191,.F.);
#8191 = EDGE_CURVE('',#8177,#4374,#8192,.T.);
#8192 = LINE('',#8193,#8194);
#8193 = CARTESIAN_POINT('',(9.18607064913,-16.03734537199,19.85));
#8194 = VECTOR('',#8195,1.);
#8195 = DIRECTION('',(0.,0.,1.));
#8196 = PLANE('',#8197);
#8197 = AXIS2_PLACEMENT_3D('',#8198,#8199,#8200);
#8198 = CARTESIAN_POINT('',(7.57007064913,-16.03734537199,19.85));
#8199 = DIRECTION('',(0.,1.,0.));
#8200 = DIRECTION('',(0.,0.,1.));
#8201 = ADVANCED_FACE('',(#8202),#8220,.T.);
#8202 = FACE_BOUND('',#8203,.T.);
#8203 = EDGE_LOOP('',(#8204,#8205,#8213,#8219));
#8204 = ORIENTED_EDGE('',*,*,#8191,.F.);
#8205 = ORIENTED_EDGE('',*,*,#8206,.T.);
#8206 = EDGE_CURVE('',#8177,#8207,#8209,.T.);
#8207 = VERTEX_POINT('',#8208);
#8208 = CARTESIAN_POINT('',(9.18607064913,-15.43734537199,19.85));
#8209 = LINE('',#8210,#8211);
#8210 = CARTESIAN_POINT('',(9.18607064913,-16.03734537199,19.85));
#8211 = VECTOR('',#8212,1.);
#8212 = DIRECTION('',(0.,1.,0.));
#8213 = ORIENTED_EDGE('',*,*,#8214,.T.);
#8214 = EDGE_CURVE('',#8207,#4390,#8215,.T.);
#8215 = LINE('',#8216,#8217);
#8216 = CARTESIAN_POINT('',(9.18607064913,-15.43734537199,19.85));
#8217 = VECTOR('',#8218,1.);
#8218 = DIRECTION('',(0.,0.,1.));
#8219 = ORIENTED_EDGE('',*,*,#4397,.F.);
#8220 = PLANE('',#8221);
#8221 = AXIS2_PLACEMENT_3D('',#8222,#8223,#8224);
#8222 = CARTESIAN_POINT('',(9.18607064913,-16.03734537199,19.85));
#8223 = DIRECTION('',(1.,0.,0.));
#8224 = DIRECTION('',(0.,0.,1.));
#8225 = ADVANCED_FACE('',(#8226),#8244,.T.);
#8226 = FACE_BOUND('',#8227,.T.);
#8227 = EDGE_LOOP('',(#8228,#8236,#8242,#8243));
#8228 = ORIENTED_EDGE('',*,*,#8229,.F.);
#8229 = EDGE_CURVE('',#8230,#8207,#8232,.T.);
#8230 = VERTEX_POINT('',#8231);
#8231 = CARTESIAN_POINT('',(7.57007064913,-15.43734537199,19.85));
#8232 = LINE('',#8233,#8234);
#8233 = CARTESIAN_POINT('',(7.57007064913,-15.43734537199,19.85));
#8234 = VECTOR('',#8235,1.);
#8235 = DIRECTION('',(1.,0.,0.));
#8236 = ORIENTED_EDGE('',*,*,#8237,.T.);
#8237 = EDGE_CURVE('',#8230,#4382,#8238,.T.);
#8238 = LINE('',#8239,#8240);
#8239 = CARTESIAN_POINT('',(7.57007064913,-15.43734537199,19.85));
#8240 = VECTOR('',#8241,1.);
#8241 = DIRECTION('',(0.,0.,1.));
#8242 = ORIENTED_EDGE('',*,*,#4389,.T.);
#8243 = ORIENTED_EDGE('',*,*,#8214,.F.);
#8244 = PLANE('',#8245);
#8245 = AXIS2_PLACEMENT_3D('',#8246,#8247,#8248);
#8246 = CARTESIAN_POINT('',(7.57007064913,-15.43734537199,19.85));
#8247 = DIRECTION('',(0.,1.,0.));
#8248 = DIRECTION('',(0.,0.,1.));
#8249 = ADVANCED_FACE('',(#8250),#8261,.F.);
#8250 = FACE_BOUND('',#8251,.F.);
#8251 = EDGE_LOOP('',(#8252,#8253,#8259,#8260));
#8252 = ORIENTED_EDGE('',*,*,#8184,.F.);
#8253 = ORIENTED_EDGE('',*,*,#8254,.T.);
#8254 = EDGE_CURVE('',#8175,#8230,#8255,.T.);
#8255 = LINE('',#8256,#8257);
#8256 = CARTESIAN_POINT('',(7.57007064913,-16.03734537199,19.85));
#8257 = VECTOR('',#8258,1.);
#8258 = DIRECTION('',(0.,1.,0.));
#8259 = ORIENTED_EDGE('',*,*,#8237,.T.);
#8260 = ORIENTED_EDGE('',*,*,#4381,.F.);
#8261 = PLANE('',#8262);
#8262 = AXIS2_PLACEMENT_3D('',#8263,#8264,#8265);
#8263 = CARTESIAN_POINT('',(7.57007064913,-16.03734537199,19.85));
#8264 = DIRECTION('',(1.,0.,0.));
#8265 = DIRECTION('',(0.,0.,1.));
#8266 = ADVANCED_FACE('',(#8267),#8292,.F.);
#8267 = FACE_BOUND('',#8268,.F.);
#8268 = EDGE_LOOP('',(#8269,#8279,#8285,#8286));
#8269 = ORIENTED_EDGE('',*,*,#8270,.F.);
#8270 = EDGE_CURVE('',#8271,#8273,#8275,.T.);
#8271 = VERTEX_POINT('',#8272);
#8272 = CARTESIAN_POINT('',(7.60048692397,-14.8147608881,19.85));
#8273 = VERTEX_POINT('',#8274);
#8274 = CARTESIAN_POINT('',(9.21648692397,-14.8147608881,19.85));
#8275 = LINE('',#8276,#8277);
#8276 = CARTESIAN_POINT('',(7.60048692397,-14.8147608881,19.85));
#8277 = VECTOR('',#8278,1.);
#8278 = DIRECTION('',(1.,0.,0.));
#8279 = ORIENTED_EDGE('',*,*,#8280,.T.);
#8280 = EDGE_CURVE('',#8271,#4406,#8281,.T.);
#8281 = LINE('',#8282,#8283);
#8282 = CARTESIAN_POINT('',(7.60048692397,-14.8147608881,19.85));
#8283 = VECTOR('',#8284,1.);
#8284 = DIRECTION('',(0.,0.,1.));
#8285 = ORIENTED_EDGE('',*,*,#4405,.T.);
#8286 = ORIENTED_EDGE('',*,*,#8287,.F.);
#8287 = EDGE_CURVE('',#8273,#4408,#8288,.T.);
#8288 = LINE('',#8289,#8290);
#8289 = CARTESIAN_POINT('',(9.21648692397,-14.8147608881,19.85));
#8290 = VECTOR('',#8291,1.);
#8291 = DIRECTION('',(0.,0.,1.));
#8292 = PLANE('',#8293);
#8293 = AXIS2_PLACEMENT_3D('',#8294,#8295,#8296);
#8294 = CARTESIAN_POINT('',(7.60048692397,-14.8147608881,19.85));
#8295 = DIRECTION('',(0.,1.,0.));
#8296 = DIRECTION('',(0.,0.,1.));
#8297 = ADVANCED_FACE('',(#8298),#8316,.T.);
#8298 = FACE_BOUND('',#8299,.T.);
#8299 = EDGE_LOOP('',(#8300,#8301,#8309,#8315));
#8300 = ORIENTED_EDGE('',*,*,#8287,.F.);
#8301 = ORIENTED_EDGE('',*,*,#8302,.T.);
#8302 = EDGE_CURVE('',#8273,#8303,#8305,.T.);
#8303 = VERTEX_POINT('',#8304);
#8304 = CARTESIAN_POINT('',(9.21648692397,-14.2147608881,19.85));
#8305 = LINE('',#8306,#8307);
#8306 = CARTESIAN_POINT('',(9.21648692397,-14.8147608881,19.85));
#8307 = VECTOR('',#8308,1.);
#8308 = DIRECTION('',(0.,1.,0.));
#8309 = ORIENTED_EDGE('',*,*,#8310,.T.);
#8310 = EDGE_CURVE('',#8303,#4424,#8311,.T.);
#8311 = LINE('',#8312,#8313);
#8312 = CARTESIAN_POINT('',(9.21648692397,-14.2147608881,19.85));
#8313 = VECTOR('',#8314,1.);
#8314 = DIRECTION('',(0.,0.,1.));
#8315 = ORIENTED_EDGE('',*,*,#4431,.F.);
#8316 = PLANE('',#8317);
#8317 = AXIS2_PLACEMENT_3D('',#8318,#8319,#8320);
#8318 = CARTESIAN_POINT('',(9.21648692397,-14.8147608881,19.85));
#8319 = DIRECTION('',(1.,0.,0.));
#8320 = DIRECTION('',(0.,0.,1.));
#8321 = ADVANCED_FACE('',(#8322),#8340,.T.);
#8322 = FACE_BOUND('',#8323,.T.);
#8323 = EDGE_LOOP('',(#8324,#8332,#8338,#8339));
#8324 = ORIENTED_EDGE('',*,*,#8325,.F.);
#8325 = EDGE_CURVE('',#8326,#8303,#8328,.T.);
#8326 = VERTEX_POINT('',#8327);
#8327 = CARTESIAN_POINT('',(7.60048692397,-14.2147608881,19.85));
#8328 = LINE('',#8329,#8330);
#8329 = CARTESIAN_POINT('',(7.60048692397,-14.2147608881,19.85));
#8330 = VECTOR('',#8331,1.);
#8331 = DIRECTION('',(1.,0.,0.));
#8332 = ORIENTED_EDGE('',*,*,#8333,.T.);
#8333 = EDGE_CURVE('',#8326,#4416,#8334,.T.);
#8334 = LINE('',#8335,#8336);
#8335 = CARTESIAN_POINT('',(7.60048692397,-14.2147608881,19.85));
#8336 = VECTOR('',#8337,1.);
#8337 = DIRECTION('',(0.,0.,1.));
#8338 = ORIENTED_EDGE('',*,*,#4423,.T.);
#8339 = ORIENTED_EDGE('',*,*,#8310,.F.);
#8340 = PLANE('',#8341);
#8341 = AXIS2_PLACEMENT_3D('',#8342,#8343,#8344);
#8342 = CARTESIAN_POINT('',(7.60048692397,-14.2147608881,19.85));
#8343 = DIRECTION('',(0.,1.,0.));
#8344 = DIRECTION('',(0.,0.,1.));
#8345 = ADVANCED_FACE('',(#8346),#8357,.F.);
#8346 = FACE_BOUND('',#8347,.F.);
#8347 = EDGE_LOOP('',(#8348,#8349,#8355,#8356));
#8348 = ORIENTED_EDGE('',*,*,#8280,.F.);
#8349 = ORIENTED_EDGE('',*,*,#8350,.T.);
#8350 = EDGE_CURVE('',#8271,#8326,#8351,.T.);
#8351 = LINE('',#8352,#8353);
#8352 = CARTESIAN_POINT('',(7.60048692397,-14.8147608881,19.85));
#8353 = VECTOR('',#8354,1.);
#8354 = DIRECTION('',(0.,1.,0.));
#8355 = ORIENTED_EDGE('',*,*,#8333,.T.);
#8356 = ORIENTED_EDGE('',*,*,#4415,.F.);
#8357 = PLANE('',#8358);
#8358 = AXIS2_PLACEMENT_3D('',#8359,#8360,#8361);
#8359 = CARTESIAN_POINT('',(7.60048692397,-14.8147608881,19.85));
#8360 = DIRECTION('',(1.,0.,0.));
#8361 = DIRECTION('',(0.,0.,1.));
#8362 = ADVANCED_FACE('',(#8363),#8388,.F.);
#8363 = FACE_BOUND('',#8364,.F.);
#8364 = EDGE_LOOP('',(#8365,#8375,#8381,#8382));
#8365 = ORIENTED_EDGE('',*,*,#8366,.F.);
#8366 = EDGE_CURVE('',#8367,#8369,#8371,.T.);
#8367 = VERTEX_POINT('',#8368);
#8368 = CARTESIAN_POINT('',(15.60518567348,-9.409486853725,19.85));
#8369 = VERTEX_POINT('',#8370);
#8370 = CARTESIAN_POINT('',(13.98918567348,-9.409486853725,19.85));
#8371 = LINE('',#8372,#8373);
#8372 = CARTESIAN_POINT('',(15.60518567348,-9.409486853725,19.85));
#8373 = VECTOR('',#8374,1.);
#8374 = DIRECTION('',(-1.,-1.224646799147E-16,0.));
#8375 = ORIENTED_EDGE('',*,*,#8376,.T.);
#8376 = EDGE_CURVE('',#8367,#4440,#8377,.T.);
#8377 = LINE('',#8378,#8379);
#8378 = CARTESIAN_POINT('',(15.60518567348,-9.409486853725,19.85));
#8379 = VECTOR('',#8380,1.);
#8380 = DIRECTION('',(0.,0.,1.));
#8381 = ORIENTED_EDGE('',*,*,#4439,.T.);
#8382 = ORIENTED_EDGE('',*,*,#8383,.F.);
#8383 = EDGE_CURVE('',#8369,#4442,#8384,.T.);
#8384 = LINE('',#8385,#8386);
#8385 = CARTESIAN_POINT('',(13.98918567348,-9.409486853725,19.85));
#8386 = VECTOR('',#8387,1.);
#8387 = DIRECTION('',(0.,0.,1.));
#8388 = PLANE('',#8389);
#8389 = AXIS2_PLACEMENT_3D('',#8390,#8391,#8392);
#8390 = CARTESIAN_POINT('',(15.60518567348,-9.409486853725,19.85));
#8391 = DIRECTION('',(1.224646799147E-16,-1.,0.));
#8392 = DIRECTION('',(0.,0.,1.));
#8393 = ADVANCED_FACE('',(#8394),#8412,.T.);
#8394 = FACE_BOUND('',#8395,.T.);
#8395 = EDGE_LOOP('',(#8396,#8397,#8405,#8411));
#8396 = ORIENTED_EDGE('',*,*,#8383,.F.);
#8397 = ORIENTED_EDGE('',*,*,#8398,.T.);
#8398 = EDGE_CURVE('',#8369,#8399,#8401,.T.);
#8399 = VERTEX_POINT('',#8400);
#8400 = CARTESIAN_POINT('',(13.98918567348,-10.00948685372,19.85));
#8401 = LINE('',#8402,#8403);
#8402 = CARTESIAN_POINT('',(13.98918567348,-9.409486853725,19.85));
#8403 = VECTOR('',#8404,1.);
#8404 = DIRECTION('',(1.224646799147E-16,-1.,0.));
#8405 = ORIENTED_EDGE('',*,*,#8406,.T.);
#8406 = EDGE_CURVE('',#8399,#4458,#8407,.T.);
#8407 = LINE('',#8408,#8409);
#8408 = CARTESIAN_POINT('',(13.98918567348,-10.00948685372,19.85));
#8409 = VECTOR('',#8410,1.);
#8410 = DIRECTION('',(0.,0.,1.));
#8411 = ORIENTED_EDGE('',*,*,#4465,.F.);
#8412 = PLANE('',#8413);
#8413 = AXIS2_PLACEMENT_3D('',#8414,#8415,#8416);
#8414 = CARTESIAN_POINT('',(13.98918567348,-9.409486853725,19.85));
#8415 = DIRECTION('',(-1.,-1.224646799147E-16,0.));
#8416 = DIRECTION('',(0.,0.,1.));
#8417 = ADVANCED_FACE('',(#8418),#8436,.T.);
#8418 = FACE_BOUND('',#8419,.T.);
#8419 = EDGE_LOOP('',(#8420,#8428,#8434,#8435));
#8420 = ORIENTED_EDGE('',*,*,#8421,.F.);
#8421 = EDGE_CURVE('',#8422,#8399,#8424,.T.);
#8422 = VERTEX_POINT('',#8423);
#8423 = CARTESIAN_POINT('',(15.60518567348,-10.00948685372,19.85));
#8424 = LINE('',#8425,#8426);
#8425 = CARTESIAN_POINT('',(15.60518567348,-10.00948685372,19.85));
#8426 = VECTOR('',#8427,1.);
#8427 = DIRECTION('',(-1.,-1.224646799147E-16,0.));
#8428 = ORIENTED_EDGE('',*,*,#8429,.T.);
#8429 = EDGE_CURVE('',#8422,#4450,#8430,.T.);
#8430 = LINE('',#8431,#8432);
#8431 = CARTESIAN_POINT('',(15.60518567348,-10.00948685372,19.85));
#8432 = VECTOR('',#8433,1.);
#8433 = DIRECTION('',(0.,0.,1.));
#8434 = ORIENTED_EDGE('',*,*,#4457,.T.);
#8435 = ORIENTED_EDGE('',*,*,#8406,.F.);
#8436 = PLANE('',#8437);
#8437 = AXIS2_PLACEMENT_3D('',#8438,#8439,#8440);
#8438 = CARTESIAN_POINT('',(15.60518567348,-10.00948685372,19.85));
#8439 = DIRECTION('',(1.224646799147E-16,-1.,0.));
#8440 = DIRECTION('',(0.,0.,1.));
#8441 = ADVANCED_FACE('',(#8442),#8453,.F.);
#8442 = FACE_BOUND('',#8443,.F.);
#8443 = EDGE_LOOP('',(#8444,#8445,#8451,#8452));
#8444 = ORIENTED_EDGE('',*,*,#8376,.F.);
#8445 = ORIENTED_EDGE('',*,*,#8446,.T.);
#8446 = EDGE_CURVE('',#8367,#8422,#8447,.T.);
#8447 = LINE('',#8448,#8449);
#8448 = CARTESIAN_POINT('',(15.60518567348,-9.409486853725,19.85));
#8449 = VECTOR('',#8450,1.);
#8450 = DIRECTION('',(1.224646799147E-16,-1.,0.));
#8451 = ORIENTED_EDGE('',*,*,#8429,.T.);
#8452 = ORIENTED_EDGE('',*,*,#4449,.F.);
#8453 = PLANE('',#8454);
#8454 = AXIS2_PLACEMENT_3D('',#8455,#8456,#8457);
#8455 = CARTESIAN_POINT('',(15.60518567348,-9.409486853725,19.85));
#8456 = DIRECTION('',(-1.,-1.224646799147E-16,0.));
#8457 = DIRECTION('',(0.,0.,1.));
#8458 = ADVANCED_FACE('',(#8459),#8484,.F.);
#8459 = FACE_BOUND('',#8460,.F.);
#8460 = EDGE_LOOP('',(#8461,#8471,#8477,#8478));
#8461 = ORIENTED_EDGE('',*,*,#8462,.F.);
#8462 = EDGE_CURVE('',#8463,#8465,#8467,.T.);
#8463 = VERTEX_POINT('',#8464);
#8464 = CARTESIAN_POINT('',(3.867734393755,-7.263573629224,19.85));
#8465 = VERTEX_POINT('',#8466);
#8466 = CARTESIAN_POINT('',(2.251734393755,-7.263573629224,19.85));
#8467 = LINE('',#8468,#8469);
#8468 = CARTESIAN_POINT('',(3.867734393755,-7.263573629224,19.85));
#8469 = VECTOR('',#8470,1.);
#8470 = DIRECTION('',(-1.,-1.224646799147E-16,0.));
#8471 = ORIENTED_EDGE('',*,*,#8472,.T.);
#8472 = EDGE_CURVE('',#8463,#4474,#8473,.T.);
#8473 = LINE('',#8474,#8475);
#8474 = CARTESIAN_POINT('',(3.867734393755,-7.263573629224,19.85));
#8475 = VECTOR('',#8476,1.);
#8476 = DIRECTION('',(0.,0.,1.));
#8477 = ORIENTED_EDGE('',*,*,#4473,.T.);
#8478 = ORIENTED_EDGE('',*,*,#8479,.F.);
#8479 = EDGE_CURVE('',#8465,#4476,#8480,.T.);
#8480 = LINE('',#8481,#8482);
#8481 = CARTESIAN_POINT('',(2.251734393755,-7.263573629224,19.85));
#8482 = VECTOR('',#8483,1.);
#8483 = DIRECTION('',(0.,0.,1.));
#8484 = PLANE('',#8485);
#8485 = AXIS2_PLACEMENT_3D('',#8486,#8487,#8488);
#8486 = CARTESIAN_POINT('',(3.867734393755,-7.263573629224,19.85));
#8487 = DIRECTION('',(1.224646799147E-16,-1.,0.));
#8488 = DIRECTION('',(0.,0.,1.));
#8489 = ADVANCED_FACE('',(#8490),#8508,.T.);
#8490 = FACE_BOUND('',#8491,.T.);
#8491 = EDGE_LOOP('',(#8492,#8493,#8501,#8507));
#8492 = ORIENTED_EDGE('',*,*,#8479,.F.);
#8493 = ORIENTED_EDGE('',*,*,#8494,.T.);
#8494 = EDGE_CURVE('',#8465,#8495,#8497,.T.);
#8495 = VERTEX_POINT('',#8496);
#8496 = CARTESIAN_POINT('',(2.251734393755,-7.863573629224,19.85));
#8497 = LINE('',#8498,#8499);
#8498 = CARTESIAN_POINT('',(2.251734393755,-7.263573629224,19.85));
#8499 = VECTOR('',#8500,1.);
#8500 = DIRECTION('',(1.224646799147E-16,-1.,0.));
#8501 = ORIENTED_EDGE('',*,*,#8502,.T.);
#8502 = EDGE_CURVE('',#8495,#4492,#8503,.T.);
#8503 = LINE('',#8504,#8505);
#8504 = CARTESIAN_POINT('',(2.251734393755,-7.863573629224,19.85));
#8505 = VECTOR('',#8506,1.);
#8506 = DIRECTION('',(0.,0.,1.));
#8507 = ORIENTED_EDGE('',*,*,#4499,.F.);
#8508 = PLANE('',#8509);
#8509 = AXIS2_PLACEMENT_3D('',#8510,#8511,#8512);
#8510 = CARTESIAN_POINT('',(2.251734393755,-7.263573629224,19.85));
#8511 = DIRECTION('',(-1.,-1.224646799147E-16,0.));
#8512 = DIRECTION('',(0.,0.,1.));
#8513 = ADVANCED_FACE('',(#8514),#8532,.T.);
#8514 = FACE_BOUND('',#8515,.T.);
#8515 = EDGE_LOOP('',(#8516,#8524,#8530,#8531));
#8516 = ORIENTED_EDGE('',*,*,#8517,.F.);
#8517 = EDGE_CURVE('',#8518,#8495,#8520,.T.);
#8518 = VERTEX_POINT('',#8519);
#8519 = CARTESIAN_POINT('',(3.867734393755,-7.863573629224,19.85));
#8520 = LINE('',#8521,#8522);
#8521 = CARTESIAN_POINT('',(3.867734393755,-7.863573629224,19.85));
#8522 = VECTOR('',#8523,1.);
#8523 = DIRECTION('',(-1.,-1.224646799147E-16,0.));
#8524 = ORIENTED_EDGE('',*,*,#8525,.T.);
#8525 = EDGE_CURVE('',#8518,#4484,#8526,.T.);
#8526 = LINE('',#8527,#8528);
#8527 = CARTESIAN_POINT('',(3.867734393755,-7.863573629224,19.85));
#8528 = VECTOR('',#8529,1.);
#8529 = DIRECTION('',(0.,0.,1.));
#8530 = ORIENTED_EDGE('',*,*,#4491,.T.);
#8531 = ORIENTED_EDGE('',*,*,#8502,.F.);
#8532 = PLANE('',#8533);
#8533 = AXIS2_PLACEMENT_3D('',#8534,#8535,#8536);
#8534 = CARTESIAN_POINT('',(3.867734393755,-7.863573629224,19.85));
#8535 = DIRECTION('',(1.224646799147E-16,-1.,0.));
#8536 = DIRECTION('',(0.,0.,1.));
#8537 = ADVANCED_FACE('',(#8538),#8549,.F.);
#8538 = FACE_BOUND('',#8539,.F.);
#8539 = EDGE_LOOP('',(#8540,#8541,#8547,#8548));
#8540 = ORIENTED_EDGE('',*,*,#8472,.F.);
#8541 = ORIENTED_EDGE('',*,*,#8542,.T.);
#8542 = EDGE_CURVE('',#8463,#8518,#8543,.T.);
#8543 = LINE('',#8544,#8545);
#8544 = CARTESIAN_POINT('',(3.867734393755,-7.263573629224,19.85));
#8545 = VECTOR('',#8546,1.);
#8546 = DIRECTION('',(1.224646799147E-16,-1.,0.));
#8547 = ORIENTED_EDGE('',*,*,#8525,.T.);
#8548 = ORIENTED_EDGE('',*,*,#4483,.F.);
#8549 = PLANE('',#8550);
#8550 = AXIS2_PLACEMENT_3D('',#8551,#8552,#8553);
#8551 = CARTESIAN_POINT('',(3.867734393755,-7.263573629224,19.85));
#8552 = DIRECTION('',(-1.,-1.224646799147E-16,0.));
#8553 = DIRECTION('',(0.,0.,1.));
#8554 = ADVANCED_FACE('',(#8555),#8580,.F.);
#8555 = FACE_BOUND('',#8556,.F.);
#8556 = EDGE_LOOP('',(#8557,#8567,#8573,#8574));
#8557 = ORIENTED_EDGE('',*,*,#8558,.F.);
#8558 = EDGE_CURVE('',#8559,#8561,#8563,.T.);
#8559 = VERTEX_POINT('',#8560);
#8560 = CARTESIAN_POINT('',(4.417902375496,-6.456269936188,19.85));
#8561 = VERTEX_POINT('',#8562);
#8562 = CARTESIAN_POINT('',(4.417902375496,-8.072269936188,19.85));
#8563 = LINE('',#8564,#8565);
#8564 = CARTESIAN_POINT('',(4.417902375496,-6.456269936188,19.85));
#8565 = VECTOR('',#8566,1.);
#8566 = DIRECTION('',(1.110223024625E-16,-1.,0.));
#8567 = ORIENTED_EDGE('',*,*,#8568,.T.);
#8568 = EDGE_CURVE('',#8559,#4508,#8569,.T.);
#8569 = LINE('',#8570,#8571);
#8570 = CARTESIAN_POINT('',(4.417902375496,-6.456269936188,19.85));
#8571 = VECTOR('',#8572,1.);
#8572 = DIRECTION('',(0.,0.,1.));
#8573 = ORIENTED_EDGE('',*,*,#4507,.T.);
#8574 = ORIENTED_EDGE('',*,*,#8575,.F.);
#8575 = EDGE_CURVE('',#8561,#4510,#8576,.T.);
#8576 = LINE('',#8577,#8578);
#8577 = CARTESIAN_POINT('',(4.417902375496,-8.072269936188,19.85));
#8578 = VECTOR('',#8579,1.);
#8579 = DIRECTION('',(0.,0.,1.));
#8580 = PLANE('',#8581);
#8581 = AXIS2_PLACEMENT_3D('',#8582,#8583,#8584);
#8582 = CARTESIAN_POINT('',(4.417902375496,-6.456269936188,19.85));
#8583 = DIRECTION('',(1.,1.110223024625E-16,0.));
#8584 = DIRECTION('',(0.,0.,1.));
#8585 = ADVANCED_FACE('',(#8586),#8604,.T.);
#8586 = FACE_BOUND('',#8587,.T.);
#8587 = EDGE_LOOP('',(#8588,#8589,#8597,#8603));
#8588 = ORIENTED_EDGE('',*,*,#8575,.F.);
#8589 = ORIENTED_EDGE('',*,*,#8590,.T.);
#8590 = EDGE_CURVE('',#8561,#8591,#8593,.T.);
#8591 = VERTEX_POINT('',#8592);
#8592 = CARTESIAN_POINT('',(5.017902375496,-8.072269936188,19.85));
#8593 = LINE('',#8594,#8595);
#8594 = CARTESIAN_POINT('',(4.417902375496,-8.072269936188,19.85));
#8595 = VECTOR('',#8596,1.);
#8596 = DIRECTION('',(1.,1.110223024625E-16,0.));
#8597 = ORIENTED_EDGE('',*,*,#8598,.T.);
#8598 = EDGE_CURVE('',#8591,#4526,#8599,.T.);
#8599 = LINE('',#8600,#8601);
#8600 = CARTESIAN_POINT('',(5.017902375496,-8.072269936188,19.85));
#8601 = VECTOR('',#8602,1.);
#8602 = DIRECTION('',(0.,0.,1.));
#8603 = ORIENTED_EDGE('',*,*,#4533,.F.);
#8604 = PLANE('',#8605);
#8605 = AXIS2_PLACEMENT_3D('',#8606,#8607,#8608);
#8606 = CARTESIAN_POINT('',(4.417902375496,-8.072269936188,19.85));
#8607 = DIRECTION('',(1.110223024625E-16,-1.,0.));
#8608 = DIRECTION('',(0.,0.,1.));
#8609 = ADVANCED_FACE('',(#8610),#8628,.T.);
#8610 = FACE_BOUND('',#8611,.T.);
#8611 = EDGE_LOOP('',(#8612,#8620,#8626,#8627));
#8612 = ORIENTED_EDGE('',*,*,#8613,.F.);
#8613 = EDGE_CURVE('',#8614,#8591,#8616,.T.);
#8614 = VERTEX_POINT('',#8615);
#8615 = CARTESIAN_POINT('',(5.017902375496,-6.456269936188,19.85));
#8616 = LINE('',#8617,#8618);
#8617 = CARTESIAN_POINT('',(5.017902375496,-6.456269936188,19.85));
#8618 = VECTOR('',#8619,1.);
#8619 = DIRECTION('',(1.110223024625E-16,-1.,0.));
#8620 = ORIENTED_EDGE('',*,*,#8621,.T.);
#8621 = EDGE_CURVE('',#8614,#4518,#8622,.T.);
#8622 = LINE('',#8623,#8624);
#8623 = CARTESIAN_POINT('',(5.017902375496,-6.456269936188,19.85));
#8624 = VECTOR('',#8625,1.);
#8625 = DIRECTION('',(0.,0.,1.));
#8626 = ORIENTED_EDGE('',*,*,#4525,.T.);
#8627 = ORIENTED_EDGE('',*,*,#8598,.F.);
#8628 = PLANE('',#8629);
#8629 = AXIS2_PLACEMENT_3D('',#8630,#8631,#8632);
#8630 = CARTESIAN_POINT('',(5.017902375496,-6.456269936188,19.85));
#8631 = DIRECTION('',(1.,1.110223024625E-16,0.));
#8632 = DIRECTION('',(0.,0.,1.));
#8633 = ADVANCED_FACE('',(#8634),#8645,.F.);
#8634 = FACE_BOUND('',#8635,.F.);
#8635 = EDGE_LOOP('',(#8636,#8637,#8643,#8644));
#8636 = ORIENTED_EDGE('',*,*,#8568,.F.);
#8637 = ORIENTED_EDGE('',*,*,#8638,.T.);
#8638 = EDGE_CURVE('',#8559,#8614,#8639,.T.);
#8639 = LINE('',#8640,#8641);
#8640 = CARTESIAN_POINT('',(4.417902375496,-6.456269936188,19.85));
#8641 = VECTOR('',#8642,1.);
#8642 = DIRECTION('',(1.,1.110223024625E-16,0.));
#8643 = ORIENTED_EDGE('',*,*,#8621,.T.);
#8644 = ORIENTED_EDGE('',*,*,#4517,.F.);
#8645 = PLANE('',#8646);
#8646 = AXIS2_PLACEMENT_3D('',#8647,#8648,#8649);
#8647 = CARTESIAN_POINT('',(4.417902375496,-6.456269936188,19.85));
#8648 = DIRECTION('',(1.110223024625E-16,-1.,0.));
#8649 = DIRECTION('',(0.,0.,1.));
#8650 = ADVANCED_FACE('',(#8651),#8676,.F.);
#8651 = FACE_BOUND('',#8652,.F.);
#8652 = EDGE_LOOP('',(#8653,#8663,#8669,#8670));
#8653 = ORIENTED_EDGE('',*,*,#8654,.F.);
#8654 = EDGE_CURVE('',#8655,#8657,#8659,.T.);
#8655 = VERTEX_POINT('',#8656);
#8656 = CARTESIAN_POINT('',(3.867361371674,-5.928689148711,19.85));
#8657 = VERTEX_POINT('',#8658);
#8658 = CARTESIAN_POINT('',(2.251361371674,-5.928689148711,19.85));
#8659 = LINE('',#8660,#8661);
#8660 = CARTESIAN_POINT('',(3.867361371674,-5.928689148711,19.85));
#8661 = VECTOR('',#8662,1.);
#8662 = DIRECTION('',(-1.,-1.224646799147E-16,0.));
#8663 = ORIENTED_EDGE('',*,*,#8664,.T.);
#8664 = EDGE_CURVE('',#8655,#4542,#8665,.T.);
#8665 = LINE('',#8666,#8667);
#8666 = CARTESIAN_POINT('',(3.867361371674,-5.928689148711,19.85));
#8667 = VECTOR('',#8668,1.);
#8668 = DIRECTION('',(0.,0.,1.));
#8669 = ORIENTED_EDGE('',*,*,#4541,.T.);
#8670 = ORIENTED_EDGE('',*,*,#8671,.F.);
#8671 = EDGE_CURVE('',#8657,#4544,#8672,.T.);
#8672 = LINE('',#8673,#8674);
#8673 = CARTESIAN_POINT('',(2.251361371674,-5.928689148711,19.85));
#8674 = VECTOR('',#8675,1.);
#8675 = DIRECTION('',(0.,0.,1.));
#8676 = PLANE('',#8677);
#8677 = AXIS2_PLACEMENT_3D('',#8678,#8679,#8680);
#8678 = CARTESIAN_POINT('',(3.867361371674,-5.928689148711,19.85));
#8679 = DIRECTION('',(1.224646799147E-16,-1.,0.));
#8680 = DIRECTION('',(0.,0.,1.));
#8681 = ADVANCED_FACE('',(#8682),#8700,.T.);
#8682 = FACE_BOUND('',#8683,.T.);
#8683 = EDGE_LOOP('',(#8684,#8685,#8693,#8699));
#8684 = ORIENTED_EDGE('',*,*,#8671,.F.);
#8685 = ORIENTED_EDGE('',*,*,#8686,.T.);
#8686 = EDGE_CURVE('',#8657,#8687,#8689,.T.);
#8687 = VERTEX_POINT('',#8688);
#8688 = CARTESIAN_POINT('',(2.251361371674,-6.528689148711,19.85));
#8689 = LINE('',#8690,#8691);
#8690 = CARTESIAN_POINT('',(2.251361371674,-5.928689148711,19.85));
#8691 = VECTOR('',#8692,1.);
#8692 = DIRECTION('',(1.224646799147E-16,-1.,0.));
#8693 = ORIENTED_EDGE('',*,*,#8694,.T.);
#8694 = EDGE_CURVE('',#8687,#4560,#8695,.T.);
#8695 = LINE('',#8696,#8697);
#8696 = CARTESIAN_POINT('',(2.251361371674,-6.528689148711,19.85));
#8697 = VECTOR('',#8698,1.);
#8698 = DIRECTION('',(0.,0.,1.));
#8699 = ORIENTED_EDGE('',*,*,#4567,.F.);
#8700 = PLANE('',#8701);
#8701 = AXIS2_PLACEMENT_3D('',#8702,#8703,#8704);
#8702 = CARTESIAN_POINT('',(2.251361371674,-5.928689148711,19.85));
#8703 = DIRECTION('',(-1.,-1.224646799147E-16,0.));
#8704 = DIRECTION('',(0.,0.,1.));
#8705 = ADVANCED_FACE('',(#8706),#8724,.T.);
#8706 = FACE_BOUND('',#8707,.T.);
#8707 = EDGE_LOOP('',(#8708,#8716,#8722,#8723));
#8708 = ORIENTED_EDGE('',*,*,#8709,.F.);
#8709 = EDGE_CURVE('',#8710,#8687,#8712,.T.);
#8710 = VERTEX_POINT('',#8711);
#8711 = CARTESIAN_POINT('',(3.867361371674,-6.528689148711,19.85));
#8712 = LINE('',#8713,#8714);
#8713 = CARTESIAN_POINT('',(3.867361371674,-6.528689148711,19.85));
#8714 = VECTOR('',#8715,1.);
#8715 = DIRECTION('',(-1.,-1.224646799147E-16,0.));
#8716 = ORIENTED_EDGE('',*,*,#8717,.T.);
#8717 = EDGE_CURVE('',#8710,#4552,#8718,.T.);
#8718 = LINE('',#8719,#8720);
#8719 = CARTESIAN_POINT('',(3.867361371674,-6.528689148711,19.85));
#8720 = VECTOR('',#8721,1.);
#8721 = DIRECTION('',(0.,0.,1.));
#8722 = ORIENTED_EDGE('',*,*,#4559,.T.);
#8723 = ORIENTED_EDGE('',*,*,#8694,.F.);
#8724 = PLANE('',#8725);
#8725 = AXIS2_PLACEMENT_3D('',#8726,#8727,#8728);
#8726 = CARTESIAN_POINT('',(3.867361371674,-6.528689148711,19.85));
#8727 = DIRECTION('',(1.224646799147E-16,-1.,0.));
#8728 = DIRECTION('',(0.,0.,1.));
#8729 = ADVANCED_FACE('',(#8730),#8741,.F.);
#8730 = FACE_BOUND('',#8731,.F.);
#8731 = EDGE_LOOP('',(#8732,#8733,#8739,#8740));
#8732 = ORIENTED_EDGE('',*,*,#8664,.F.);
#8733 = ORIENTED_EDGE('',*,*,#8734,.T.);
#8734 = EDGE_CURVE('',#8655,#8710,#8735,.T.);
#8735 = LINE('',#8736,#8737);
#8736 = CARTESIAN_POINT('',(3.867361371674,-5.928689148711,19.85));
#8737 = VECTOR('',#8738,1.);
#8738 = DIRECTION('',(1.224646799147E-16,-1.,0.));
#8739 = ORIENTED_EDGE('',*,*,#8717,.T.);
#8740 = ORIENTED_EDGE('',*,*,#4551,.F.);
#8741 = PLANE('',#8742);
#8742 = AXIS2_PLACEMENT_3D('',#8743,#8744,#8745);
#8743 = CARTESIAN_POINT('',(3.867361371674,-5.928689148711,19.85));
#8744 = DIRECTION('',(-1.,-1.224646799147E-16,0.));
#8745 = DIRECTION('',(0.,0.,1.));
#8746 = ADVANCED_FACE('',(#8747),#8772,.F.);
#8747 = FACE_BOUND('',#8748,.F.);
#8748 = EDGE_LOOP('',(#8749,#8759,#8765,#8766));
#8749 = ORIENTED_EDGE('',*,*,#8750,.F.);
#8750 = EDGE_CURVE('',#8751,#8753,#8755,.T.);
#8751 = VERTEX_POINT('',#8752);
#8752 = CARTESIAN_POINT('',(5.553202375496,-8.689569936188,19.5));
#8753 = VERTEX_POINT('',#8754);
#8754 = CARTESIAN_POINT('',(9.903202375496,-8.689569936188,19.5));
#8755 = LINE('',#8756,#8757);
#8756 = CARTESIAN_POINT('',(5.553202375496,-8.689569936188,19.5));
#8757 = VECTOR('',#8758,1.);
#8758 = DIRECTION('',(1.,0.,0.));
#8759 = ORIENTED_EDGE('',*,*,#8760,.T.);
#8760 = EDGE_CURVE('',#8751,#4576,#8761,.T.);
#8761 = LINE('',#8762,#8763);
#8762 = CARTESIAN_POINT('',(5.553202375496,-8.689569936188,19.5));
#8763 = VECTOR('',#8764,1.);
#8764 = DIRECTION('',(0.,0.,1.));
#8765 = ORIENTED_EDGE('',*,*,#4575,.T.);
#8766 = ORIENTED_EDGE('',*,*,#8767,.F.);
#8767 = EDGE_CURVE('',#8753,#4578,#8768,.T.);
#8768 = LINE('',#8769,#8770);
#8769 = CARTESIAN_POINT('',(9.903202375496,-8.689569936188,19.5));
#8770 = VECTOR('',#8771,1.);
#8771 = DIRECTION('',(0.,0.,1.));
#8772 = PLANE('',#8773);
#8773 = AXIS2_PLACEMENT_3D('',#8774,#8775,#8776);
#8774 = CARTESIAN_POINT('',(5.553202375496,-8.689569936188,19.5));
#8775 = DIRECTION('',(0.,1.,0.));
#8776 = DIRECTION('',(0.,0.,1.));
#8777 = ADVANCED_FACE('',(#8778),#8796,.T.);
#8778 = FACE_BOUND('',#8779,.T.);
#8779 = EDGE_LOOP('',(#8780,#8781,#8789,#8795));
#8780 = ORIENTED_EDGE('',*,*,#8767,.F.);
#8781 = ORIENTED_EDGE('',*,*,#8782,.T.);
#8782 = EDGE_CURVE('',#8753,#8783,#8785,.T.);
#8783 = VERTEX_POINT('',#8784);
#8784 = CARTESIAN_POINT('',(9.903202375496,-4.489569936188,19.5));
#8785 = LINE('',#8786,#8787);
#8786 = CARTESIAN_POINT('',(9.903202375496,-8.689569936188,19.5));
#8787 = VECTOR('',#8788,1.);
#8788 = DIRECTION('',(0.,1.,0.));
#8789 = ORIENTED_EDGE('',*,*,#8790,.T.);
#8790 = EDGE_CURVE('',#8783,#4594,#8791,.T.);
#8791 = LINE('',#8792,#8793);
#8792 = CARTESIAN_POINT('',(9.903202375496,-4.489569936188,19.5));
#8793 = VECTOR('',#8794,1.);
#8794 = DIRECTION('',(0.,0.,1.));
#8795 = ORIENTED_EDGE('',*,*,#4601,.F.);
#8796 = PLANE('',#8797);
#8797 = AXIS2_PLACEMENT_3D('',#8798,#8799,#8800);
#8798 = CARTESIAN_POINT('',(9.903202375496,-8.689569936188,19.5));
#8799 = DIRECTION('',(1.,0.,0.));
#8800 = DIRECTION('',(0.,0.,1.));
#8801 = ADVANCED_FACE('',(#8802),#8820,.T.);
#8802 = FACE_BOUND('',#8803,.T.);
#8803 = EDGE_LOOP('',(#8804,#8812,#8818,#8819));
#8804 = ORIENTED_EDGE('',*,*,#8805,.F.);
#8805 = EDGE_CURVE('',#8806,#8783,#8808,.T.);
#8806 = VERTEX_POINT('',#8807);
#8807 = CARTESIAN_POINT('',(5.553202375496,-4.489569936188,19.5));
#8808 = LINE('',#8809,#8810);
#8809 = CARTESIAN_POINT('',(5.553202375496,-4.489569936188,19.5));
#8810 = VECTOR('',#8811,1.);
#8811 = DIRECTION('',(1.,0.,0.));
#8812 = ORIENTED_EDGE('',*,*,#8813,.T.);
#8813 = EDGE_CURVE('',#8806,#4586,#8814,.T.);
#8814 = LINE('',#8815,#8816);
#8815 = CARTESIAN_POINT('',(5.553202375496,-4.489569936188,19.5));
#8816 = VECTOR('',#8817,1.);
#8817 = DIRECTION('',(0.,0.,1.));
#8818 = ORIENTED_EDGE('',*,*,#4593,.T.);
#8819 = ORIENTED_EDGE('',*,*,#8790,.F.);
#8820 = PLANE('',#8821);
#8821 = AXIS2_PLACEMENT_3D('',#8822,#8823,#8824);
#8822 = CARTESIAN_POINT('',(5.553202375496,-4.489569936188,19.5));
#8823 = DIRECTION('',(0.,1.,0.));
#8824 = DIRECTION('',(0.,0.,1.));
#8825 = ADVANCED_FACE('',(#8826),#8837,.F.);
#8826 = FACE_BOUND('',#8827,.F.);
#8827 = EDGE_LOOP('',(#8828,#8829,#8835,#8836));
#8828 = ORIENTED_EDGE('',*,*,#8760,.F.);
#8829 = ORIENTED_EDGE('',*,*,#8830,.T.);
#8830 = EDGE_CURVE('',#8751,#8806,#8831,.T.);
#8831 = LINE('',#8832,#8833);
#8832 = CARTESIAN_POINT('',(5.553202375496,-8.689569936188,19.5));
#8833 = VECTOR('',#8834,1.);
#8834 = DIRECTION('',(0.,1.,0.));
#8835 = ORIENTED_EDGE('',*,*,#8813,.T.);
#8836 = ORIENTED_EDGE('',*,*,#4585,.F.);
#8837 = PLANE('',#8838);
#8838 = AXIS2_PLACEMENT_3D('',#8839,#8840,#8841);
#8839 = CARTESIAN_POINT('',(5.553202375496,-8.689569936188,19.5));
#8840 = DIRECTION('',(1.,0.,0.));
#8841 = DIRECTION('',(0.,0.,1.));
#8842 = ADVANCED_FACE('',(#8843),#8868,.F.);
#8843 = FACE_BOUND('',#8844,.F.);
#8844 = EDGE_LOOP('',(#8845,#8855,#8861,#8862));
#8845 = ORIENTED_EDGE('',*,*,#8846,.F.);
#8846 = EDGE_CURVE('',#8847,#8849,#8851,.T.);
#8847 = VERTEX_POINT('',#8848);
#8848 = CARTESIAN_POINT('',(9.497622354699,0.117548807341,19.85));
#8849 = VERTEX_POINT('',#8850);
#8850 = CARTESIAN_POINT('',(7.881622354699,0.117548807341,19.85));
#8851 = LINE('',#8852,#8853);
#8852 = CARTESIAN_POINT('',(9.497622354699,0.117548807341,19.85));
#8853 = VECTOR('',#8854,1.);
#8854 = DIRECTION('',(-1.,-1.224646799147E-16,0.));
#8855 = ORIENTED_EDGE('',*,*,#8856,.T.);
#8856 = EDGE_CURVE('',#8847,#4610,#8857,.T.);
#8857 = LINE('',#8858,#8859);
#8858 = CARTESIAN_POINT('',(9.497622354699,0.117548807341,19.85));
#8859 = VECTOR('',#8860,1.);
#8860 = DIRECTION('',(0.,0.,1.));
#8861 = ORIENTED_EDGE('',*,*,#4609,.T.);
#8862 = ORIENTED_EDGE('',*,*,#8863,.F.);
#8863 = EDGE_CURVE('',#8849,#4612,#8864,.T.);
#8864 = LINE('',#8865,#8866);
#8865 = CARTESIAN_POINT('',(7.881622354699,0.117548807341,19.85));
#8866 = VECTOR('',#8867,1.);
#8867 = DIRECTION('',(0.,0.,1.));
#8868 = PLANE('',#8869);
#8869 = AXIS2_PLACEMENT_3D('',#8870,#8871,#8872);
#8870 = CARTESIAN_POINT('',(9.497622354699,0.117548807341,19.85));
#8871 = DIRECTION('',(1.224646799147E-16,-1.,0.));
#8872 = DIRECTION('',(0.,0.,1.));
#8873 = ADVANCED_FACE('',(#8874),#8892,.T.);
#8874 = FACE_BOUND('',#8875,.T.);
#8875 = EDGE_LOOP('',(#8876,#8877,#8885,#8891));
#8876 = ORIENTED_EDGE('',*,*,#8863,.F.);
#8877 = ORIENTED_EDGE('',*,*,#8878,.T.);
#8878 = EDGE_CURVE('',#8849,#8879,#8881,.T.);
#8879 = VERTEX_POINT('',#8880);
#8880 = CARTESIAN_POINT('',(7.881622354699,-0.482451192659,19.85));
#8881 = LINE('',#8882,#8883);
#8882 = CARTESIAN_POINT('',(7.881622354699,0.117548807341,19.85));
#8883 = VECTOR('',#8884,1.);
#8884 = DIRECTION('',(1.224646799147E-16,-1.,0.));
#8885 = ORIENTED_EDGE('',*,*,#8886,.T.);
#8886 = EDGE_CURVE('',#8879,#4628,#8887,.T.);
#8887 = LINE('',#8888,#8889);
#8888 = CARTESIAN_POINT('',(7.881622354699,-0.482451192659,19.85));
#8889 = VECTOR('',#8890,1.);
#8890 = DIRECTION('',(0.,0.,1.));
#8891 = ORIENTED_EDGE('',*,*,#4635,.F.);
#8892 = PLANE('',#8893);
#8893 = AXIS2_PLACEMENT_3D('',#8894,#8895,#8896);
#8894 = CARTESIAN_POINT('',(7.881622354699,0.117548807341,19.85));
#8895 = DIRECTION('',(-1.,-1.224646799147E-16,0.));
#8896 = DIRECTION('',(0.,0.,1.));
#8897 = ADVANCED_FACE('',(#8898),#8916,.T.);
#8898 = FACE_BOUND('',#8899,.T.);
#8899 = EDGE_LOOP('',(#8900,#8908,#8914,#8915));
#8900 = ORIENTED_EDGE('',*,*,#8901,.F.);
#8901 = EDGE_CURVE('',#8902,#8879,#8904,.T.);
#8902 = VERTEX_POINT('',#8903);
#8903 = CARTESIAN_POINT('',(9.497622354699,-0.482451192659,19.85));
#8904 = LINE('',#8905,#8906);
#8905 = CARTESIAN_POINT('',(9.497622354699,-0.482451192659,19.85));
#8906 = VECTOR('',#8907,1.);
#8907 = DIRECTION('',(-1.,-1.224646799147E-16,0.));
#8908 = ORIENTED_EDGE('',*,*,#8909,.T.);
#8909 = EDGE_CURVE('',#8902,#4620,#8910,.T.);
#8910 = LINE('',#8911,#8912);
#8911 = CARTESIAN_POINT('',(9.497622354699,-0.482451192659,19.85));
#8912 = VECTOR('',#8913,1.);
#8913 = DIRECTION('',(0.,0.,1.));
#8914 = ORIENTED_EDGE('',*,*,#4627,.T.);
#8915 = ORIENTED_EDGE('',*,*,#8886,.F.);
#8916 = PLANE('',#8917);
#8917 = AXIS2_PLACEMENT_3D('',#8918,#8919,#8920);
#8918 = CARTESIAN_POINT('',(9.497622354699,-0.482451192659,19.85));
#8919 = DIRECTION('',(1.224646799147E-16,-1.,0.));
#8920 = DIRECTION('',(0.,0.,1.));
#8921 = ADVANCED_FACE('',(#8922),#8933,.F.);
#8922 = FACE_BOUND('',#8923,.F.);
#8923 = EDGE_LOOP('',(#8924,#8925,#8931,#8932));
#8924 = ORIENTED_EDGE('',*,*,#8856,.F.);
#8925 = ORIENTED_EDGE('',*,*,#8926,.T.);
#8926 = EDGE_CURVE('',#8847,#8902,#8927,.T.);
#8927 = LINE('',#8928,#8929);
#8928 = CARTESIAN_POINT('',(9.497622354699,0.117548807341,19.85));
#8929 = VECTOR('',#8930,1.);
#8930 = DIRECTION('',(1.224646799147E-16,-1.,0.));
#8931 = ORIENTED_EDGE('',*,*,#8909,.T.);
#8932 = ORIENTED_EDGE('',*,*,#4619,.F.);
#8933 = PLANE('',#8934);
#8934 = AXIS2_PLACEMENT_3D('',#8935,#8936,#8937);
#8935 = CARTESIAN_POINT('',(9.497622354699,0.117548807341,19.85));
#8936 = DIRECTION('',(-1.,-1.224646799147E-16,0.));
#8937 = DIRECTION('',(0.,0.,1.));
#8938 = ADVANCED_FACE('',(#8939),#8964,.F.);
#8939 = FACE_BOUND('',#8940,.F.);
#8940 = EDGE_LOOP('',(#8941,#8951,#8957,#8958));
#8941 = ORIENTED_EDGE('',*,*,#8942,.F.);
#8942 = EDGE_CURVE('',#8943,#8945,#8947,.T.);
#8943 = VERTEX_POINT('',#8944);
#8944 = CARTESIAN_POINT('',(11.321300237581,-5.229750771369,19.5));
#8945 = VERTEX_POINT('',#8946);
#8946 = CARTESIAN_POINT('',(11.321300237581,-8.004750771369,19.5));
#8947 = LINE('',#8948,#8949);
#8948 = CARTESIAN_POINT('',(11.321300237581,-5.229750771369,19.5));
#8949 = VECTOR('',#8950,1.);
#8950 = DIRECTION('',(1.110223024625E-16,-1.,0.));
#8951 = ORIENTED_EDGE('',*,*,#8952,.T.);
#8952 = EDGE_CURVE('',#8943,#4644,#8953,.T.);
#8953 = LINE('',#8954,#8955);
#8954 = CARTESIAN_POINT('',(11.321300237581,-5.229750771369,19.5));
#8955 = VECTOR('',#8956,1.);
#8956 = DIRECTION('',(0.,0.,1.));
#8957 = ORIENTED_EDGE('',*,*,#4643,.T.);
#8958 = ORIENTED_EDGE('',*,*,#8959,.F.);
#8959 = EDGE_CURVE('',#8945,#4646,#8960,.T.);
#8960 = LINE('',#8961,#8962);
#8961 = CARTESIAN_POINT('',(11.321300237581,-8.004750771369,19.5));
#8962 = VECTOR('',#8963,1.);
#8963 = DIRECTION('',(0.,0.,1.));
#8964 = PLANE('',#8965);
#8965 = AXIS2_PLACEMENT_3D('',#8966,#8967,#8968);
#8966 = CARTESIAN_POINT('',(11.321300237581,-5.229750771369,19.5));
#8967 = DIRECTION('',(1.,1.110223024625E-16,0.));
#8968 = DIRECTION('',(0.,0.,1.));
#8969 = ADVANCED_FACE('',(#8970),#8988,.T.);
#8970 = FACE_BOUND('',#8971,.T.);
#8971 = EDGE_LOOP('',(#8972,#8973,#8981,#8987));
#8972 = ORIENTED_EDGE('',*,*,#8959,.F.);
#8973 = ORIENTED_EDGE('',*,*,#8974,.T.);
#8974 = EDGE_CURVE('',#8945,#8975,#8977,.T.);
#8975 = VERTEX_POINT('',#8976);
#8976 = CARTESIAN_POINT('',(12.321300237581,-8.004750771369,19.5));
#8977 = LINE('',#8978,#8979);
#8978 = CARTESIAN_POINT('',(11.321300237581,-8.004750771369,19.5));
#8979 = VECTOR('',#8980,1.);
#8980 = DIRECTION('',(1.,1.110223024625E-16,0.));
#8981 = ORIENTED_EDGE('',*,*,#8982,.T.);
#8982 = EDGE_CURVE('',#8975,#4662,#8983,.T.);
#8983 = LINE('',#8984,#8985);
#8984 = CARTESIAN_POINT('',(12.321300237581,-8.004750771369,19.5));
#8985 = VECTOR('',#8986,1.);
#8986 = DIRECTION('',(0.,0.,1.));
#8987 = ORIENTED_EDGE('',*,*,#4669,.F.);
#8988 = PLANE('',#8989);
#8989 = AXIS2_PLACEMENT_3D('',#8990,#8991,#8992);
#8990 = CARTESIAN_POINT('',(11.321300237581,-8.004750771369,19.5));
#8991 = DIRECTION('',(1.110223024625E-16,-1.,0.));
#8992 = DIRECTION('',(0.,0.,1.));
#8993 = ADVANCED_FACE('',(#8994),#9012,.T.);
#8994 = FACE_BOUND('',#8995,.T.);
#8995 = EDGE_LOOP('',(#8996,#9004,#9010,#9011));
#8996 = ORIENTED_EDGE('',*,*,#8997,.F.);
#8997 = EDGE_CURVE('',#8998,#8975,#9000,.T.);
#8998 = VERTEX_POINT('',#8999);
#8999 = CARTESIAN_POINT('',(12.321300237581,-5.229750771369,19.5));
#9000 = LINE('',#9001,#9002);
#9001 = CARTESIAN_POINT('',(12.321300237581,-5.229750771369,19.5));
#9002 = VECTOR('',#9003,1.);
#9003 = DIRECTION('',(1.110223024625E-16,-1.,0.));
#9004 = ORIENTED_EDGE('',*,*,#9005,.T.);
#9005 = EDGE_CURVE('',#8998,#4654,#9006,.T.);
#9006 = LINE('',#9007,#9008);
#9007 = CARTESIAN_POINT('',(12.321300237581,-5.229750771369,19.5));
#9008 = VECTOR('',#9009,1.);
#9009 = DIRECTION('',(0.,0.,1.));
#9010 = ORIENTED_EDGE('',*,*,#4661,.T.);
#9011 = ORIENTED_EDGE('',*,*,#8982,.F.);
#9012 = PLANE('',#9013);
#9013 = AXIS2_PLACEMENT_3D('',#9014,#9015,#9016);
#9014 = CARTESIAN_POINT('',(12.321300237581,-5.229750771369,19.5));
#9015 = DIRECTION('',(1.,1.110223024625E-16,0.));
#9016 = DIRECTION('',(0.,0.,1.));
#9017 = ADVANCED_FACE('',(#9018),#9029,.F.);
#9018 = FACE_BOUND('',#9019,.F.);
#9019 = EDGE_LOOP('',(#9020,#9021,#9027,#9028));
#9020 = ORIENTED_EDGE('',*,*,#8952,.F.);
#9021 = ORIENTED_EDGE('',*,*,#9022,.T.);
#9022 = EDGE_CURVE('',#8943,#8998,#9023,.T.);
#9023 = LINE('',#9024,#9025);
#9024 = CARTESIAN_POINT('',(11.321300237581,-5.229750771369,19.5));
#9025 = VECTOR('',#9026,1.);
#9026 = DIRECTION('',(1.,1.110223024625E-16,0.));
#9027 = ORIENTED_EDGE('',*,*,#9005,.T.);
#9028 = ORIENTED_EDGE('',*,*,#4653,.F.);
#9029 = PLANE('',#9030);
#9030 = AXIS2_PLACEMENT_3D('',#9031,#9032,#9033);
#9031 = CARTESIAN_POINT('',(11.321300237581,-5.229750771369,19.5));
#9032 = DIRECTION('',(1.110223024625E-16,-1.,0.));
#9033 = DIRECTION('',(0.,0.,1.));
#9034 = ADVANCED_FACE('',(#9035),#9060,.F.);
#9035 = FACE_BOUND('',#9036,.F.);
#9036 = EDGE_LOOP('',(#9037,#9047,#9053,#9054));
#9037 = ORIENTED_EDGE('',*,*,#9038,.F.);
#9038 = EDGE_CURVE('',#9039,#9041,#9043,.T.);
#9039 = VERTEX_POINT('',#9040);
#9040 = CARTESIAN_POINT('',(13.632891285691,-7.892748799903,19.85));
#9041 = VERTEX_POINT('',#9042);
#9042 = CARTESIAN_POINT('',(13.632891285691,-6.276748799903,19.85));
#9043 = LINE('',#9044,#9045);
#9044 = CARTESIAN_POINT('',(13.632891285691,-7.892748799903,19.85));
#9045 = VECTOR('',#9046,1.);
#9046 = DIRECTION('',(-2.22044604925E-16,1.,0.));
#9047 = ORIENTED_EDGE('',*,*,#9048,.T.);
#9048 = EDGE_CURVE('',#9039,#4678,#9049,.T.);
#9049 = LINE('',#9050,#9051);
#9050 = CARTESIAN_POINT('',(13.632891285691,-7.892748799903,19.85));
#9051 = VECTOR('',#9052,1.);
#9052 = DIRECTION('',(0.,0.,1.));
#9053 = ORIENTED_EDGE('',*,*,#4677,.T.);
#9054 = ORIENTED_EDGE('',*,*,#9055,.F.);
#9055 = EDGE_CURVE('',#9041,#4680,#9056,.T.);
#9056 = LINE('',#9057,#9058);
#9057 = CARTESIAN_POINT('',(13.632891285691,-6.276748799903,19.85));
#9058 = VECTOR('',#9059,1.);
#9059 = DIRECTION('',(0.,0.,1.));
#9060 = PLANE('',#9061);
#9061 = AXIS2_PLACEMENT_3D('',#9062,#9063,#9064);
#9062 = CARTESIAN_POINT('',(13.632891285691,-7.892748799903,19.85));
#9063 = DIRECTION('',(-1.,-2.22044604925E-16,0.));
#9064 = DIRECTION('',(0.,0.,1.));
#9065 = ADVANCED_FACE('',(#9066),#9084,.T.);
#9066 = FACE_BOUND('',#9067,.T.);
#9067 = EDGE_LOOP('',(#9068,#9069,#9077,#9083));
#9068 = ORIENTED_EDGE('',*,*,#9055,.F.);
#9069 = ORIENTED_EDGE('',*,*,#9070,.T.);
#9070 = EDGE_CURVE('',#9041,#9071,#9073,.T.);
#9071 = VERTEX_POINT('',#9072);
#9072 = CARTESIAN_POINT('',(13.032891285691,-6.276748799903,19.85));
#9073 = LINE('',#9074,#9075);
#9074 = CARTESIAN_POINT('',(13.632891285691,-6.276748799903,19.85));
#9075 = VECTOR('',#9076,1.);
#9076 = DIRECTION('',(-1.,-2.22044604925E-16,0.));
#9077 = ORIENTED_EDGE('',*,*,#9078,.T.);
#9078 = EDGE_CURVE('',#9071,#4696,#9079,.T.);
#9079 = LINE('',#9080,#9081);
#9080 = CARTESIAN_POINT('',(13.032891285691,-6.276748799903,19.85));
#9081 = VECTOR('',#9082,1.);
#9082 = DIRECTION('',(0.,0.,1.));
#9083 = ORIENTED_EDGE('',*,*,#4703,.F.);
#9084 = PLANE('',#9085);
#9085 = AXIS2_PLACEMENT_3D('',#9086,#9087,#9088);
#9086 = CARTESIAN_POINT('',(13.632891285691,-6.276748799903,19.85));
#9087 = DIRECTION('',(-2.22044604925E-16,1.,0.));
#9088 = DIRECTION('',(0.,0.,1.));
#9089 = ADVANCED_FACE('',(#9090),#9108,.T.);
#9090 = FACE_BOUND('',#9091,.T.);
#9091 = EDGE_LOOP('',(#9092,#9100,#9106,#9107));
#9092 = ORIENTED_EDGE('',*,*,#9093,.F.);
#9093 = EDGE_CURVE('',#9094,#9071,#9096,.T.);
#9094 = VERTEX_POINT('',#9095);
#9095 = CARTESIAN_POINT('',(13.032891285691,-7.892748799903,19.85));
#9096 = LINE('',#9097,#9098);
#9097 = CARTESIAN_POINT('',(13.032891285691,-7.892748799903,19.85));
#9098 = VECTOR('',#9099,1.);
#9099 = DIRECTION('',(-2.22044604925E-16,1.,0.));
#9100 = ORIENTED_EDGE('',*,*,#9101,.T.);
#9101 = EDGE_CURVE('',#9094,#4688,#9102,.T.);
#9102 = LINE('',#9103,#9104);
#9103 = CARTESIAN_POINT('',(13.032891285691,-7.892748799903,19.85));
#9104 = VECTOR('',#9105,1.);
#9105 = DIRECTION('',(0.,0.,1.));
#9106 = ORIENTED_EDGE('',*,*,#4695,.T.);
#9107 = ORIENTED_EDGE('',*,*,#9078,.F.);
#9108 = PLANE('',#9109);
#9109 = AXIS2_PLACEMENT_3D('',#9110,#9111,#9112);
#9110 = CARTESIAN_POINT('',(13.032891285691,-7.892748799903,19.85));
#9111 = DIRECTION('',(-1.,-2.22044604925E-16,0.));
#9112 = DIRECTION('',(0.,0.,1.));
#9113 = ADVANCED_FACE('',(#9114),#9125,.F.);
#9114 = FACE_BOUND('',#9115,.F.);
#9115 = EDGE_LOOP('',(#9116,#9117,#9123,#9124));
#9116 = ORIENTED_EDGE('',*,*,#9048,.F.);
#9117 = ORIENTED_EDGE('',*,*,#9118,.T.);
#9118 = EDGE_CURVE('',#9039,#9094,#9119,.T.);
#9119 = LINE('',#9120,#9121);
#9120 = CARTESIAN_POINT('',(13.632891285691,-7.892748799903,19.85));
#9121 = VECTOR('',#9122,1.);
#9122 = DIRECTION('',(-1.,-2.22044604925E-16,0.));
#9123 = ORIENTED_EDGE('',*,*,#9101,.T.);
#9124 = ORIENTED_EDGE('',*,*,#4687,.F.);
#9125 = PLANE('',#9126);
#9126 = AXIS2_PLACEMENT_3D('',#9127,#9128,#9129);
#9127 = CARTESIAN_POINT('',(13.632891285691,-7.892748799903,19.85));
#9128 = DIRECTION('',(-2.22044604925E-16,1.,0.));
#9129 = DIRECTION('',(0.,0.,1.));
#9130 = ADVANCED_FACE('',(#9131),#9156,.F.);
#9131 = FACE_BOUND('',#9132,.F.);
#9132 = EDGE_LOOP('',(#9133,#9143,#9149,#9150));
#9133 = ORIENTED_EDGE('',*,*,#9134,.F.);
#9134 = EDGE_CURVE('',#9135,#9137,#9139,.T.);
#9135 = VERTEX_POINT('',#9136);
#9136 = CARTESIAN_POINT('',(17.304807756616,-8.853620625866,19.));
#9137 = VERTEX_POINT('',#9138);
#9138 = CARTESIAN_POINT('',(17.304807756616,-5.503620625866,19.));
#9139 = LINE('',#9140,#9141);
#9140 = CARTESIAN_POINT('',(17.304807756616,-8.853620625866,19.));
#9141 = VECTOR('',#9142,1.);
#9142 = DIRECTION('',(-2.22044604925E-16,1.,0.));
#9143 = ORIENTED_EDGE('',*,*,#9144,.T.);
#9144 = EDGE_CURVE('',#9135,#4712,#9145,.T.);
#9145 = LINE('',#9146,#9147);
#9146 = CARTESIAN_POINT('',(17.304807756616,-8.853620625866,19.));
#9147 = VECTOR('',#9148,1.);
#9148 = DIRECTION('',(0.,0.,1.));
#9149 = ORIENTED_EDGE('',*,*,#4711,.T.);
#9150 = ORIENTED_EDGE('',*,*,#9151,.F.);
#9151 = EDGE_CURVE('',#9137,#4714,#9152,.T.);
#9152 = LINE('',#9153,#9154);
#9153 = CARTESIAN_POINT('',(17.304807756616,-5.503620625866,19.));
#9154 = VECTOR('',#9155,1.);
#9155 = DIRECTION('',(0.,0.,1.));
#9156 = PLANE('',#9157);
#9157 = AXIS2_PLACEMENT_3D('',#9158,#9159,#9160);
#9158 = CARTESIAN_POINT('',(17.304807756616,-8.853620625866,19.));
#9159 = DIRECTION('',(-1.,-2.22044604925E-16,0.));
#9160 = DIRECTION('',(0.,0.,1.));
#9161 = ADVANCED_FACE('',(#9162),#9180,.T.);
#9162 = FACE_BOUND('',#9163,.T.);
#9163 = EDGE_LOOP('',(#9164,#9165,#9173,#9179));
#9164 = ORIENTED_EDGE('',*,*,#9151,.F.);
#9165 = ORIENTED_EDGE('',*,*,#9166,.T.);
#9166 = EDGE_CURVE('',#9137,#9167,#9169,.T.);
#9167 = VERTEX_POINT('',#9168);
#9168 = CARTESIAN_POINT('',(14.184807756616,-5.503620625866,19.));
#9169 = LINE('',#9170,#9171);
#9170 = CARTESIAN_POINT('',(17.304807756616,-5.503620625866,19.));
#9171 = VECTOR('',#9172,1.);
#9172 = DIRECTION('',(-1.,-2.22044604925E-16,0.));
#9173 = ORIENTED_EDGE('',*,*,#9174,.T.);
#9174 = EDGE_CURVE('',#9167,#4730,#9175,.T.);
#9175 = LINE('',#9176,#9177);
#9176 = CARTESIAN_POINT('',(14.184807756616,-5.503620625866,19.));
#9177 = VECTOR('',#9178,1.);
#9178 = DIRECTION('',(0.,0.,1.));
#9179 = ORIENTED_EDGE('',*,*,#4737,.F.);
#9180 = PLANE('',#9181);
#9181 = AXIS2_PLACEMENT_3D('',#9182,#9183,#9184);
#9182 = CARTESIAN_POINT('',(17.304807756616,-5.503620625866,19.));
#9183 = DIRECTION('',(-2.22044604925E-16,1.,0.));
#9184 = DIRECTION('',(0.,0.,1.));
#9185 = ADVANCED_FACE('',(#9186),#9204,.T.);
#9186 = FACE_BOUND('',#9187,.T.);
#9187 = EDGE_LOOP('',(#9188,#9196,#9202,#9203));
#9188 = ORIENTED_EDGE('',*,*,#9189,.F.);
#9189 = EDGE_CURVE('',#9190,#9167,#9192,.T.);
#9190 = VERTEX_POINT('',#9191);
#9191 = CARTESIAN_POINT('',(14.184807756616,-8.853620625866,19.));
#9192 = LINE('',#9193,#9194);
#9193 = CARTESIAN_POINT('',(14.184807756616,-8.853620625866,19.));
#9194 = VECTOR('',#9195,1.);
#9195 = DIRECTION('',(-2.22044604925E-16,1.,0.));
#9196 = ORIENTED_EDGE('',*,*,#9197,.T.);
#9197 = EDGE_CURVE('',#9190,#4722,#9198,.T.);
#9198 = LINE('',#9199,#9200);
#9199 = CARTESIAN_POINT('',(14.184807756616,-8.853620625866,19.));
#9200 = VECTOR('',#9201,1.);
#9201 = DIRECTION('',(0.,0.,1.));
#9202 = ORIENTED_EDGE('',*,*,#4729,.T.);
#9203 = ORIENTED_EDGE('',*,*,#9174,.F.);
#9204 = PLANE('',#9205);
#9205 = AXIS2_PLACEMENT_3D('',#9206,#9207,#9208);
#9206 = CARTESIAN_POINT('',(14.184807756616,-8.853620625866,19.));
#9207 = DIRECTION('',(-1.,-2.22044604925E-16,0.));
#9208 = DIRECTION('',(0.,0.,1.));
#9209 = ADVANCED_FACE('',(#9210),#9221,.F.);
#9210 = FACE_BOUND('',#9211,.F.);
#9211 = EDGE_LOOP('',(#9212,#9213,#9219,#9220));
#9212 = ORIENTED_EDGE('',*,*,#9144,.F.);
#9213 = ORIENTED_EDGE('',*,*,#9214,.T.);
#9214 = EDGE_CURVE('',#9135,#9190,#9215,.T.);
#9215 = LINE('',#9216,#9217);
#9216 = CARTESIAN_POINT('',(17.304807756616,-8.853620625866,19.));
#9217 = VECTOR('',#9218,1.);
#9218 = DIRECTION('',(-1.,-2.22044604925E-16,0.));
#9219 = ORIENTED_EDGE('',*,*,#9197,.T.);
#9220 = ORIENTED_EDGE('',*,*,#4721,.F.);
#9221 = PLANE('',#9222);
#9222 = AXIS2_PLACEMENT_3D('',#9223,#9224,#9225);
#9223 = CARTESIAN_POINT('',(17.304807756616,-8.853620625866,19.));
#9224 = DIRECTION('',(-2.22044604925E-16,1.,0.));
#9225 = DIRECTION('',(0.,0.,1.));
#9226 = ADVANCED_FACE('',(#9227),#9252,.F.);
#9227 = FACE_BOUND('',#9228,.F.);
#9228 = EDGE_LOOP('',(#9229,#9239,#9245,#9246));
#9229 = ORIENTED_EDGE('',*,*,#9230,.F.);
#9230 = EDGE_CURVE('',#9231,#9233,#9235,.T.);
#9231 = VERTEX_POINT('',#9232);
#9232 = CARTESIAN_POINT('',(11.317876909736,-1.954600395502,19.5));
#9233 = VERTEX_POINT('',#9234);
#9234 = CARTESIAN_POINT('',(11.317876909736,-4.729600395502,19.5));
#9235 = LINE('',#9236,#9237);
#9236 = CARTESIAN_POINT('',(11.317876909736,-1.954600395502,19.5));
#9237 = VECTOR('',#9238,1.);
#9238 = DIRECTION('',(1.110223024625E-16,-1.,0.));
#9239 = ORIENTED_EDGE('',*,*,#9240,.T.);
#9240 = EDGE_CURVE('',#9231,#4746,#9241,.T.);
#9241 = LINE('',#9242,#9243);
#9242 = CARTESIAN_POINT('',(11.317876909736,-1.954600395502,19.5));
#9243 = VECTOR('',#9244,1.);
#9244 = DIRECTION('',(0.,0.,1.));
#9245 = ORIENTED_EDGE('',*,*,#4745,.T.);
#9246 = ORIENTED_EDGE('',*,*,#9247,.F.);
#9247 = EDGE_CURVE('',#9233,#4748,#9248,.T.);
#9248 = LINE('',#9249,#9250);
#9249 = CARTESIAN_POINT('',(11.317876909736,-4.729600395502,19.5));
#9250 = VECTOR('',#9251,1.);
#9251 = DIRECTION('',(0.,0.,1.));
#9252 = PLANE('',#9253);
#9253 = AXIS2_PLACEMENT_3D('',#9254,#9255,#9256);
#9254 = CARTESIAN_POINT('',(11.317876909736,-1.954600395502,19.5));
#9255 = DIRECTION('',(1.,1.110223024625E-16,0.));
#9256 = DIRECTION('',(0.,0.,1.));
#9257 = ADVANCED_FACE('',(#9258),#9276,.T.);
#9258 = FACE_BOUND('',#9259,.T.);
#9259 = EDGE_LOOP('',(#9260,#9261,#9269,#9275));
#9260 = ORIENTED_EDGE('',*,*,#9247,.F.);
#9261 = ORIENTED_EDGE('',*,*,#9262,.T.);
#9262 = EDGE_CURVE('',#9233,#9263,#9265,.T.);
#9263 = VERTEX_POINT('',#9264);
#9264 = CARTESIAN_POINT('',(12.317876909736,-4.729600395502,19.5));
#9265 = LINE('',#9266,#9267);
#9266 = CARTESIAN_POINT('',(11.317876909736,-4.729600395502,19.5));
#9267 = VECTOR('',#9268,1.);
#9268 = DIRECTION('',(1.,1.110223024625E-16,0.));
#9269 = ORIENTED_EDGE('',*,*,#9270,.T.);
#9270 = EDGE_CURVE('',#9263,#4764,#9271,.T.);
#9271 = LINE('',#9272,#9273);
#9272 = CARTESIAN_POINT('',(12.317876909736,-4.729600395502,19.5));
#9273 = VECTOR('',#9274,1.);
#9274 = DIRECTION('',(0.,0.,1.));
#9275 = ORIENTED_EDGE('',*,*,#4771,.F.);
#9276 = PLANE('',#9277);
#9277 = AXIS2_PLACEMENT_3D('',#9278,#9279,#9280);
#9278 = CARTESIAN_POINT('',(11.317876909736,-4.729600395502,19.5));
#9279 = DIRECTION('',(1.110223024625E-16,-1.,0.));
#9280 = DIRECTION('',(0.,0.,1.));
#9281 = ADVANCED_FACE('',(#9282),#9300,.T.);
#9282 = FACE_BOUND('',#9283,.T.);
#9283 = EDGE_LOOP('',(#9284,#9292,#9298,#9299));
#9284 = ORIENTED_EDGE('',*,*,#9285,.F.);
#9285 = EDGE_CURVE('',#9286,#9263,#9288,.T.);
#9286 = VERTEX_POINT('',#9287);
#9287 = CARTESIAN_POINT('',(12.317876909736,-1.954600395502,19.5));
#9288 = LINE('',#9289,#9290);
#9289 = CARTESIAN_POINT('',(12.317876909736,-1.954600395502,19.5));
#9290 = VECTOR('',#9291,1.);
#9291 = DIRECTION('',(1.110223024625E-16,-1.,0.));
#9292 = ORIENTED_EDGE('',*,*,#9293,.T.);
#9293 = EDGE_CURVE('',#9286,#4756,#9294,.T.);
#9294 = LINE('',#9295,#9296);
#9295 = CARTESIAN_POINT('',(12.317876909736,-1.954600395502,19.5));
#9296 = VECTOR('',#9297,1.);
#9297 = DIRECTION('',(0.,0.,1.));
#9298 = ORIENTED_EDGE('',*,*,#4763,.T.);
#9299 = ORIENTED_EDGE('',*,*,#9270,.F.);
#9300 = PLANE('',#9301);
#9301 = AXIS2_PLACEMENT_3D('',#9302,#9303,#9304);
#9302 = CARTESIAN_POINT('',(12.317876909736,-1.954600395502,19.5));
#9303 = DIRECTION('',(1.,1.110223024625E-16,0.));
#9304 = DIRECTION('',(0.,0.,1.));
#9305 = ADVANCED_FACE('',(#9306),#9317,.F.);
#9306 = FACE_BOUND('',#9307,.F.);
#9307 = EDGE_LOOP('',(#9308,#9309,#9315,#9316));
#9308 = ORIENTED_EDGE('',*,*,#9240,.F.);
#9309 = ORIENTED_EDGE('',*,*,#9310,.T.);
#9310 = EDGE_CURVE('',#9231,#9286,#9311,.T.);
#9311 = LINE('',#9312,#9313);
#9312 = CARTESIAN_POINT('',(11.317876909736,-1.954600395502,19.5));
#9313 = VECTOR('',#9314,1.);
#9314 = DIRECTION('',(1.,1.110223024625E-16,0.));
#9315 = ORIENTED_EDGE('',*,*,#9293,.T.);
#9316 = ORIENTED_EDGE('',*,*,#4755,.F.);
#9317 = PLANE('',#9318);
#9318 = AXIS2_PLACEMENT_3D('',#9319,#9320,#9321);
#9319 = CARTESIAN_POINT('',(11.317876909736,-1.954600395502,19.5));
#9320 = DIRECTION('',(1.110223024625E-16,-1.,0.));
#9321 = DIRECTION('',(0.,0.,1.));
#9322 = ADVANCED_FACE('',(#9323),#9348,.F.);
#9323 = FACE_BOUND('',#9324,.F.);
#9324 = EDGE_LOOP('',(#9325,#9335,#9341,#9342));
#9325 = ORIENTED_EDGE('',*,*,#9326,.F.);
#9326 = EDGE_CURVE('',#9327,#9329,#9331,.T.);
#9327 = VERTEX_POINT('',#9328);
#9328 = CARTESIAN_POINT('',(10.048575249816,-0.23876189901,19.85));
#9329 = VERTEX_POINT('',#9330);
#9330 = CARTESIAN_POINT('',(10.048575249816,-1.85476189901,19.85));
#9331 = LINE('',#9332,#9333);
#9332 = CARTESIAN_POINT('',(10.048575249816,-0.23876189901,19.85));
#9333 = VECTOR('',#9334,1.);
#9334 = DIRECTION('',(1.110223024625E-16,-1.,0.));
#9335 = ORIENTED_EDGE('',*,*,#9336,.T.);
#9336 = EDGE_CURVE('',#9327,#4780,#9337,.T.);
#9337 = LINE('',#9338,#9339);
#9338 = CARTESIAN_POINT('',(10.048575249816,-0.23876189901,19.85));
#9339 = VECTOR('',#9340,1.);
#9340 = DIRECTION('',(0.,0.,1.));
#9341 = ORIENTED_EDGE('',*,*,#4779,.T.);
#9342 = ORIENTED_EDGE('',*,*,#9343,.F.);
#9343 = EDGE_CURVE('',#9329,#4782,#9344,.T.);
#9344 = LINE('',#9345,#9346);
#9345 = CARTESIAN_POINT('',(10.048575249816,-1.85476189901,19.85));
#9346 = VECTOR('',#9347,1.);
#9347 = DIRECTION('',(0.,0.,1.));
#9348 = PLANE('',#9349);
#9349 = AXIS2_PLACEMENT_3D('',#9350,#9351,#9352);
#9350 = CARTESIAN_POINT('',(10.048575249816,-0.23876189901,19.85));
#9351 = DIRECTION('',(1.,1.110223024625E-16,0.));
#9352 = DIRECTION('',(0.,0.,1.));
#9353 = ADVANCED_FACE('',(#9354),#9372,.T.);
#9354 = FACE_BOUND('',#9355,.T.);
#9355 = EDGE_LOOP('',(#9356,#9357,#9365,#9371));
#9356 = ORIENTED_EDGE('',*,*,#9343,.F.);
#9357 = ORIENTED_EDGE('',*,*,#9358,.T.);
#9358 = EDGE_CURVE('',#9329,#9359,#9361,.T.);
#9359 = VERTEX_POINT('',#9360);
#9360 = CARTESIAN_POINT('',(10.648575249816,-1.85476189901,19.85));
#9361 = LINE('',#9362,#9363);
#9362 = CARTESIAN_POINT('',(10.048575249816,-1.85476189901,19.85));
#9363 = VECTOR('',#9364,1.);
#9364 = DIRECTION('',(1.,1.110223024625E-16,0.));
#9365 = ORIENTED_EDGE('',*,*,#9366,.T.);
#9366 = EDGE_CURVE('',#9359,#4798,#9367,.T.);
#9367 = LINE('',#9368,#9369);
#9368 = CARTESIAN_POINT('',(10.648575249816,-1.85476189901,19.85));
#9369 = VECTOR('',#9370,1.);
#9370 = DIRECTION('',(0.,0.,1.));
#9371 = ORIENTED_EDGE('',*,*,#4805,.F.);
#9372 = PLANE('',#9373);
#9373 = AXIS2_PLACEMENT_3D('',#9374,#9375,#9376);
#9374 = CARTESIAN_POINT('',(10.048575249816,-1.85476189901,19.85));
#9375 = DIRECTION('',(1.110223024625E-16,-1.,0.));
#9376 = DIRECTION('',(0.,0.,1.));
#9377 = ADVANCED_FACE('',(#9378),#9396,.T.);
#9378 = FACE_BOUND('',#9379,.T.);
#9379 = EDGE_LOOP('',(#9380,#9388,#9394,#9395));
#9380 = ORIENTED_EDGE('',*,*,#9381,.F.);
#9381 = EDGE_CURVE('',#9382,#9359,#9384,.T.);
#9382 = VERTEX_POINT('',#9383);
#9383 = CARTESIAN_POINT('',(10.648575249816,-0.23876189901,19.85));
#9384 = LINE('',#9385,#9386);
#9385 = CARTESIAN_POINT('',(10.648575249816,-0.23876189901,19.85));
#9386 = VECTOR('',#9387,1.);
#9387 = DIRECTION('',(1.110223024625E-16,-1.,0.));
#9388 = ORIENTED_EDGE('',*,*,#9389,.T.);
#9389 = EDGE_CURVE('',#9382,#4790,#9390,.T.);
#9390 = LINE('',#9391,#9392);
#9391 = CARTESIAN_POINT('',(10.648575249816,-0.23876189901,19.85));
#9392 = VECTOR('',#9393,1.);
#9393 = DIRECTION('',(0.,0.,1.));
#9394 = ORIENTED_EDGE('',*,*,#4797,.T.);
#9395 = ORIENTED_EDGE('',*,*,#9366,.F.);
#9396 = PLANE('',#9397);
#9397 = AXIS2_PLACEMENT_3D('',#9398,#9399,#9400);
#9398 = CARTESIAN_POINT('',(10.648575249816,-0.23876189901,19.85));
#9399 = DIRECTION('',(1.,1.110223024625E-16,0.));
#9400 = DIRECTION('',(0.,0.,1.));
#9401 = ADVANCED_FACE('',(#9402),#9413,.F.);
#9402 = FACE_BOUND('',#9403,.F.);
#9403 = EDGE_LOOP('',(#9404,#9405,#9411,#9412));
#9404 = ORIENTED_EDGE('',*,*,#9336,.F.);
#9405 = ORIENTED_EDGE('',*,*,#9406,.T.);
#9406 = EDGE_CURVE('',#9327,#9382,#9407,.T.);
#9407 = LINE('',#9408,#9409);
#9408 = CARTESIAN_POINT('',(10.048575249816,-0.23876189901,19.85));
#9409 = VECTOR('',#9410,1.);
#9410 = DIRECTION('',(1.,1.110223024625E-16,0.));
#9411 = ORIENTED_EDGE('',*,*,#9389,.T.);
#9412 = ORIENTED_EDGE('',*,*,#4789,.F.);
#9413 = PLANE('',#9414);
#9414 = AXIS2_PLACEMENT_3D('',#9415,#9416,#9417);
#9415 = CARTESIAN_POINT('',(10.048575249816,-0.23876189901,19.85));
#9416 = DIRECTION('',(1.110223024625E-16,-1.,0.));
#9417 = DIRECTION('',(0.,0.,1.));
#9418 = ADVANCED_FACE('',(#9419),#9444,.F.);
#9419 = FACE_BOUND('',#9420,.F.);
#9420 = EDGE_LOOP('',(#9421,#9431,#9437,#9438));
#9421 = ORIENTED_EDGE('',*,*,#9422,.F.);
#9422 = EDGE_CURVE('',#9423,#9425,#9427,.T.);
#9423 = VERTEX_POINT('',#9424);
#9424 = CARTESIAN_POINT('',(13.07885166531,3.222679028851,17.4));
#9425 = VERTEX_POINT('',#9426);
#9426 = CARTESIAN_POINT('',(13.07885166531,-4.737320971149,17.4));
#9427 = LINE('',#9428,#9429);
#9428 = CARTESIAN_POINT('',(13.07885166531,3.222679028851,17.4));
#9429 = VECTOR('',#9430,1.);
#9430 = DIRECTION('',(1.110223024625E-16,-1.,0.));
#9431 = ORIENTED_EDGE('',*,*,#9432,.T.);
#9432 = EDGE_CURVE('',#9423,#4814,#9433,.T.);
#9433 = LINE('',#9434,#9435);
#9434 = CARTESIAN_POINT('',(13.07885166531,3.222679028851,17.4));
#9435 = VECTOR('',#9436,1.);
#9436 = DIRECTION('',(0.,0.,1.));
#9437 = ORIENTED_EDGE('',*,*,#4813,.T.);
#9438 = ORIENTED_EDGE('',*,*,#9439,.F.);
#9439 = EDGE_CURVE('',#9425,#4816,#9440,.T.);
#9440 = LINE('',#9441,#9442);
#9441 = CARTESIAN_POINT('',(13.07885166531,-4.737320971149,17.4));
#9442 = VECTOR('',#9443,1.);
#9443 = DIRECTION('',(0.,0.,1.));
#9444 = PLANE('',#9445);
#9445 = AXIS2_PLACEMENT_3D('',#9446,#9447,#9448);
#9446 = CARTESIAN_POINT('',(13.07885166531,3.222679028851,17.4));
#9447 = DIRECTION('',(1.,1.110223024625E-16,0.));
#9448 = DIRECTION('',(0.,0.,1.));
#9449 = ADVANCED_FACE('',(#9450),#9468,.T.);
#9450 = FACE_BOUND('',#9451,.T.);
#9451 = EDGE_LOOP('',(#9452,#9453,#9461,#9467));
#9452 = ORIENTED_EDGE('',*,*,#9439,.F.);
#9453 = ORIENTED_EDGE('',*,*,#9454,.T.);
#9454 = EDGE_CURVE('',#9425,#9455,#9457,.T.);
#9455 = VERTEX_POINT('',#9456);
#9456 = CARTESIAN_POINT('',(19.79885166531,-4.737320971149,17.4));
#9457 = LINE('',#9458,#9459);
#9458 = CARTESIAN_POINT('',(13.07885166531,-4.737320971149,17.4));
#9459 = VECTOR('',#9460,1.);
#9460 = DIRECTION('',(1.,1.110223024625E-16,0.));
#9461 = ORIENTED_EDGE('',*,*,#9462,.T.);
#9462 = EDGE_CURVE('',#9455,#4832,#9463,.T.);
#9463 = LINE('',#9464,#9465);
#9464 = CARTESIAN_POINT('',(19.79885166531,-4.737320971149,17.4));
#9465 = VECTOR('',#9466,1.);
#9466 = DIRECTION('',(0.,0.,1.));
#9467 = ORIENTED_EDGE('',*,*,#4839,.F.);
#9468 = PLANE('',#9469);
#9469 = AXIS2_PLACEMENT_3D('',#9470,#9471,#9472);
#9470 = CARTESIAN_POINT('',(13.07885166531,-4.737320971149,17.4));
#9471 = DIRECTION('',(1.110223024625E-16,-1.,0.));
#9472 = DIRECTION('',(0.,0.,1.));
#9473 = ADVANCED_FACE('',(#9474),#9492,.T.);
#9474 = FACE_BOUND('',#9475,.T.);
#9475 = EDGE_LOOP('',(#9476,#9484,#9490,#9491));
#9476 = ORIENTED_EDGE('',*,*,#9477,.F.);
#9477 = EDGE_CURVE('',#9478,#9455,#9480,.T.);
#9478 = VERTEX_POINT('',#9479);
#9479 = CARTESIAN_POINT('',(19.79885166531,3.222679028851,17.4));
#9480 = LINE('',#9481,#9482);
#9481 = CARTESIAN_POINT('',(19.79885166531,3.222679028851,17.4));
#9482 = VECTOR('',#9483,1.);
#9483 = DIRECTION('',(1.110223024625E-16,-1.,0.));
#9484 = ORIENTED_EDGE('',*,*,#9485,.T.);
#9485 = EDGE_CURVE('',#9478,#4824,#9486,.T.);
#9486 = LINE('',#9487,#9488);
#9487 = CARTESIAN_POINT('',(19.79885166531,3.222679028851,17.4));
#9488 = VECTOR('',#9489,1.);
#9489 = DIRECTION('',(0.,0.,1.));
#9490 = ORIENTED_EDGE('',*,*,#4831,.T.);
#9491 = ORIENTED_EDGE('',*,*,#9462,.F.);
#9492 = PLANE('',#9493);
#9493 = AXIS2_PLACEMENT_3D('',#9494,#9495,#9496);
#9494 = CARTESIAN_POINT('',(19.79885166531,3.222679028851,17.4));
#9495 = DIRECTION('',(1.,1.110223024625E-16,0.));
#9496 = DIRECTION('',(0.,0.,1.));
#9497 = ADVANCED_FACE('',(#9498),#9509,.F.);
#9498 = FACE_BOUND('',#9499,.F.);
#9499 = EDGE_LOOP('',(#9500,#9501,#9507,#9508));
#9500 = ORIENTED_EDGE('',*,*,#9432,.F.);
#9501 = ORIENTED_EDGE('',*,*,#9502,.T.);
#9502 = EDGE_CURVE('',#9423,#9478,#9503,.T.);
#9503 = LINE('',#9504,#9505);
#9504 = CARTESIAN_POINT('',(13.07885166531,3.222679028851,17.4));
#9505 = VECTOR('',#9506,1.);
#9506 = DIRECTION('',(1.,1.110223024625E-16,0.));
#9507 = ORIENTED_EDGE('',*,*,#9485,.T.);
#9508 = ORIENTED_EDGE('',*,*,#4823,.F.);
#9509 = PLANE('',#9510);
#9510 = AXIS2_PLACEMENT_3D('',#9511,#9512,#9513);
#9511 = CARTESIAN_POINT('',(13.07885166531,3.222679028851,17.4));
#9512 = DIRECTION('',(1.110223024625E-16,-1.,0.));
#9513 = DIRECTION('',(0.,0.,1.));
#9514 = ADVANCED_FACE('',(#9515),#9540,.F.);
#9515 = FACE_BOUND('',#9516,.F.);
#9516 = EDGE_LOOP('',(#9517,#9527,#9533,#9534));
#9517 = ORIENTED_EDGE('',*,*,#9518,.F.);
#9518 = EDGE_CURVE('',#9519,#9521,#9523,.T.);
#9519 = VERTEX_POINT('',#9520);
#9520 = CARTESIAN_POINT('',(-16.93943433463,3.735463978032,19.));
#9521 = VERTEX_POINT('',#9522);
#9522 = CARTESIAN_POINT('',(-20.28423433463,3.735463978032,19.));
#9523 = LINE('',#9524,#9525);
#9524 = CARTESIAN_POINT('',(-16.93943433463,3.735463978032,19.));
#9525 = VECTOR('',#9526,1.);
#9526 = DIRECTION('',(-1.,-1.224646799147E-16,0.));
#9527 = ORIENTED_EDGE('',*,*,#9528,.T.);
#9528 = EDGE_CURVE('',#9519,#4848,#9529,.T.);
#9529 = LINE('',#9530,#9531);
#9530 = CARTESIAN_POINT('',(-16.93943433463,3.735463978032,19.));
#9531 = VECTOR('',#9532,1.);
#9532 = DIRECTION('',(0.,0.,1.));
#9533 = ORIENTED_EDGE('',*,*,#4847,.T.);
#9534 = ORIENTED_EDGE('',*,*,#9535,.F.);
#9535 = EDGE_CURVE('',#9521,#4850,#9536,.T.);
#9536 = LINE('',#9537,#9538);
#9537 = CARTESIAN_POINT('',(-20.28423433463,3.735463978032,19.));
#9538 = VECTOR('',#9539,1.);
#9539 = DIRECTION('',(0.,0.,1.));
#9540 = PLANE('',#9541);
#9541 = AXIS2_PLACEMENT_3D('',#9542,#9543,#9544);
#9542 = CARTESIAN_POINT('',(-16.93943433463,3.735463978032,19.));
#9543 = DIRECTION('',(1.224646799147E-16,-1.,0.));
#9544 = DIRECTION('',(0.,0.,1.));
#9545 = ADVANCED_FACE('',(#9546),#9564,.T.);
#9546 = FACE_BOUND('',#9547,.T.);
#9547 = EDGE_LOOP('',(#9548,#9549,#9557,#9563));
#9548 = ORIENTED_EDGE('',*,*,#9535,.F.);
#9549 = ORIENTED_EDGE('',*,*,#9550,.T.);
#9550 = EDGE_CURVE('',#9521,#9551,#9553,.T.);
#9551 = VERTEX_POINT('',#9552);
#9552 = CARTESIAN_POINT('',(-20.28423433463,0.535463978032,19.));
#9553 = LINE('',#9554,#9555);
#9554 = CARTESIAN_POINT('',(-20.28423433463,3.735463978032,19.));
#9555 = VECTOR('',#9556,1.);
#9556 = DIRECTION('',(1.224646799147E-16,-1.,0.));
#9557 = ORIENTED_EDGE('',*,*,#9558,.T.);
#9558 = EDGE_CURVE('',#9551,#4866,#9559,.T.);
#9559 = LINE('',#9560,#9561);
#9560 = CARTESIAN_POINT('',(-20.28423433463,0.535463978032,19.));
#9561 = VECTOR('',#9562,1.);
#9562 = DIRECTION('',(0.,0.,1.));
#9563 = ORIENTED_EDGE('',*,*,#4873,.F.);
#9564 = PLANE('',#9565);
#9565 = AXIS2_PLACEMENT_3D('',#9566,#9567,#9568);
#9566 = CARTESIAN_POINT('',(-20.28423433463,3.735463978032,19.));
#9567 = DIRECTION('',(-1.,-1.224646799147E-16,0.));
#9568 = DIRECTION('',(0.,0.,1.));
#9569 = ADVANCED_FACE('',(#9570),#9588,.T.);
#9570 = FACE_BOUND('',#9571,.T.);
#9571 = EDGE_LOOP('',(#9572,#9580,#9586,#9587));
#9572 = ORIENTED_EDGE('',*,*,#9573,.F.);
#9573 = EDGE_CURVE('',#9574,#9551,#9576,.T.);
#9574 = VERTEX_POINT('',#9575);
#9575 = CARTESIAN_POINT('',(-16.93943433463,0.535463978032,19.));
#9576 = LINE('',#9577,#9578);
#9577 = CARTESIAN_POINT('',(-16.93943433463,0.535463978032,19.));
#9578 = VECTOR('',#9579,1.);
#9579 = DIRECTION('',(-1.,-1.224646799147E-16,0.));
#9580 = ORIENTED_EDGE('',*,*,#9581,.T.);
#9581 = EDGE_CURVE('',#9574,#4858,#9582,.T.);
#9582 = LINE('',#9583,#9584);
#9583 = CARTESIAN_POINT('',(-16.93943433463,0.535463978032,19.));
#9584 = VECTOR('',#9585,1.);
#9585 = DIRECTION('',(0.,0.,1.));
#9586 = ORIENTED_EDGE('',*,*,#4865,.T.);
#9587 = ORIENTED_EDGE('',*,*,#9558,.F.);
#9588 = PLANE('',#9589);
#9589 = AXIS2_PLACEMENT_3D('',#9590,#9591,#9592);
#9590 = CARTESIAN_POINT('',(-16.93943433463,0.535463978032,19.));
#9591 = DIRECTION('',(1.224646799147E-16,-1.,0.));
#9592 = DIRECTION('',(0.,0.,1.));
#9593 = ADVANCED_FACE('',(#9594),#9605,.F.);
#9594 = FACE_BOUND('',#9595,.F.);
#9595 = EDGE_LOOP('',(#9596,#9597,#9603,#9604));
#9596 = ORIENTED_EDGE('',*,*,#9528,.F.);
#9597 = ORIENTED_EDGE('',*,*,#9598,.T.);
#9598 = EDGE_CURVE('',#9519,#9574,#9599,.T.);
#9599 = LINE('',#9600,#9601);
#9600 = CARTESIAN_POINT('',(-16.93943433463,3.735463978032,19.));
#9601 = VECTOR('',#9602,1.);
#9602 = DIRECTION('',(1.224646799147E-16,-1.,0.));
#9603 = ORIENTED_EDGE('',*,*,#9581,.T.);
#9604 = ORIENTED_EDGE('',*,*,#4857,.F.);
#9605 = PLANE('',#9606);
#9606 = AXIS2_PLACEMENT_3D('',#9607,#9608,#9609);
#9607 = CARTESIAN_POINT('',(-16.93943433463,3.735463978032,19.));
#9608 = DIRECTION('',(-1.,-1.224646799147E-16,0.));
#9609 = DIRECTION('',(0.,0.,1.));
#9610 = ADVANCED_FACE('',(#9611),#9636,.F.);
#9611 = FACE_BOUND('',#9612,.F.);
#9612 = EDGE_LOOP('',(#9613,#9623,#9629,#9630));
#9613 = ORIENTED_EDGE('',*,*,#9614,.F.);
#9614 = EDGE_CURVE('',#9615,#9617,#9619,.T.);
#9615 = VERTEX_POINT('',#9616);
#9616 = CARTESIAN_POINT('',(-11.75963186362,2.715653353816,19.));
#9617 = VERTEX_POINT('',#9618);
#9618 = CARTESIAN_POINT('',(-15.10443186362,2.715653353816,19.));
#9619 = LINE('',#9620,#9621);
#9620 = CARTESIAN_POINT('',(-11.75963186362,2.715653353816,19.));
#9621 = VECTOR('',#9622,1.);
#9622 = DIRECTION('',(-1.,-1.224646799147E-16,0.));
#9623 = ORIENTED_EDGE('',*,*,#9624,.T.);
#9624 = EDGE_CURVE('',#9615,#4882,#9625,.T.);
#9625 = LINE('',#9626,#9627);
#9626 = CARTESIAN_POINT('',(-11.75963186362,2.715653353816,19.));
#9627 = VECTOR('',#9628,1.);
#9628 = DIRECTION('',(0.,0.,1.));
#9629 = ORIENTED_EDGE('',*,*,#4881,.T.);
#9630 = ORIENTED_EDGE('',*,*,#9631,.F.);
#9631 = EDGE_CURVE('',#9617,#4884,#9632,.T.);
#9632 = LINE('',#9633,#9634);
#9633 = CARTESIAN_POINT('',(-15.10443186362,2.715653353816,19.));
#9634 = VECTOR('',#9635,1.);
#9635 = DIRECTION('',(0.,0.,1.));
#9636 = PLANE('',#9637);
#9637 = AXIS2_PLACEMENT_3D('',#9638,#9639,#9640);
#9638 = CARTESIAN_POINT('',(-11.75963186362,2.715653353816,19.));
#9639 = DIRECTION('',(1.224646799147E-16,-1.,0.));
#9640 = DIRECTION('',(0.,0.,1.));
#9641 = ADVANCED_FACE('',(#9642),#9660,.T.);
#9642 = FACE_BOUND('',#9643,.T.);
#9643 = EDGE_LOOP('',(#9644,#9645,#9653,#9659));
#9644 = ORIENTED_EDGE('',*,*,#9631,.F.);
#9645 = ORIENTED_EDGE('',*,*,#9646,.T.);
#9646 = EDGE_CURVE('',#9617,#9647,#9649,.T.);
#9647 = VERTEX_POINT('',#9648);
#9648 = CARTESIAN_POINT('',(-15.10443186362,-0.484346646184,19.));
#9649 = LINE('',#9650,#9651);
#9650 = CARTESIAN_POINT('',(-15.10443186362,2.715653353816,19.));
#9651 = VECTOR('',#9652,1.);
#9652 = DIRECTION('',(1.224646799147E-16,-1.,0.));
#9653 = ORIENTED_EDGE('',*,*,#9654,.T.);
#9654 = EDGE_CURVE('',#9647,#4900,#9655,.T.);
#9655 = LINE('',#9656,#9657);
#9656 = CARTESIAN_POINT('',(-15.10443186362,-0.484346646184,19.));
#9657 = VECTOR('',#9658,1.);
#9658 = DIRECTION('',(0.,0.,1.));
#9659 = ORIENTED_EDGE('',*,*,#4907,.F.);
#9660 = PLANE('',#9661);
#9661 = AXIS2_PLACEMENT_3D('',#9662,#9663,#9664);
#9662 = CARTESIAN_POINT('',(-15.10443186362,2.715653353816,19.));
#9663 = DIRECTION('',(-1.,-1.224646799147E-16,0.));
#9664 = DIRECTION('',(0.,0.,1.));
#9665 = ADVANCED_FACE('',(#9666),#9684,.T.);
#9666 = FACE_BOUND('',#9667,.T.);
#9667 = EDGE_LOOP('',(#9668,#9676,#9682,#9683));
#9668 = ORIENTED_EDGE('',*,*,#9669,.F.);
#9669 = EDGE_CURVE('',#9670,#9647,#9672,.T.);
#9670 = VERTEX_POINT('',#9671);
#9671 = CARTESIAN_POINT('',(-11.75963186362,-0.484346646184,19.));
#9672 = LINE('',#9673,#9674);
#9673 = CARTESIAN_POINT('',(-11.75963186362,-0.484346646184,19.));
#9674 = VECTOR('',#9675,1.);
#9675 = DIRECTION('',(-1.,-1.224646799147E-16,0.));
#9676 = ORIENTED_EDGE('',*,*,#9677,.T.);
#9677 = EDGE_CURVE('',#9670,#4892,#9678,.T.);
#9678 = LINE('',#9679,#9680);
#9679 = CARTESIAN_POINT('',(-11.75963186362,-0.484346646184,19.));
#9680 = VECTOR('',#9681,1.);
#9681 = DIRECTION('',(0.,0.,1.));
#9682 = ORIENTED_EDGE('',*,*,#4899,.T.);
#9683 = ORIENTED_EDGE('',*,*,#9654,.F.);
#9684 = PLANE('',#9685);
#9685 = AXIS2_PLACEMENT_3D('',#9686,#9687,#9688);
#9686 = CARTESIAN_POINT('',(-11.75963186362,-0.484346646184,19.));
#9687 = DIRECTION('',(1.224646799147E-16,-1.,0.));
#9688 = DIRECTION('',(0.,0.,1.));
#9689 = ADVANCED_FACE('',(#9690),#9701,.F.);
#9690 = FACE_BOUND('',#9691,.F.);
#9691 = EDGE_LOOP('',(#9692,#9693,#9699,#9700));
#9692 = ORIENTED_EDGE('',*,*,#9624,.F.);
#9693 = ORIENTED_EDGE('',*,*,#9694,.T.);
#9694 = EDGE_CURVE('',#9615,#9670,#9695,.T.);
#9695 = LINE('',#9696,#9697);
#9696 = CARTESIAN_POINT('',(-11.75963186362,2.715653353816,19.));
#9697 = VECTOR('',#9698,1.);
#9698 = DIRECTION('',(1.224646799147E-16,-1.,0.));
#9699 = ORIENTED_EDGE('',*,*,#9677,.T.);
#9700 = ORIENTED_EDGE('',*,*,#4891,.F.);
#9701 = PLANE('',#9702);
#9702 = AXIS2_PLACEMENT_3D('',#9703,#9704,#9705);
#9703 = CARTESIAN_POINT('',(-11.75963186362,2.715653353816,19.));
#9704 = DIRECTION('',(-1.,-1.224646799147E-16,0.));
#9705 = DIRECTION('',(0.,0.,1.));
#9706 = ADVANCED_FACE('',(#9707),#9732,.F.);
#9707 = FACE_BOUND('',#9708,.F.);
#9708 = EDGE_LOOP('',(#9709,#9719,#9725,#9726));
#9709 = ORIENTED_EDGE('',*,*,#9710,.F.);
#9710 = EDGE_CURVE('',#9711,#9713,#9715,.T.);
#9711 = VERTEX_POINT('',#9712);
#9712 = CARTESIAN_POINT('',(-10.96549286294,1.491530471783,19.85));
#9713 = VERTEX_POINT('',#9714);
#9714 = CARTESIAN_POINT('',(-10.96549286294,-0.124469528217,19.85));
#9715 = LINE('',#9716,#9717);
#9716 = CARTESIAN_POINT('',(-10.96549286294,1.491530471783,19.85));
#9717 = VECTOR('',#9718,1.);
#9718 = DIRECTION('',(1.110223024625E-16,-1.,0.));
#9719 = ORIENTED_EDGE('',*,*,#9720,.T.);
#9720 = EDGE_CURVE('',#9711,#4916,#9721,.T.);
#9721 = LINE('',#9722,#9723);
#9722 = CARTESIAN_POINT('',(-10.96549286294,1.491530471783,19.85));
#9723 = VECTOR('',#9724,1.);
#9724 = DIRECTION('',(0.,0.,1.));
#9725 = ORIENTED_EDGE('',*,*,#4915,.T.);
#9726 = ORIENTED_EDGE('',*,*,#9727,.F.);
#9727 = EDGE_CURVE('',#9713,#4918,#9728,.T.);
#9728 = LINE('',#9729,#9730);
#9729 = CARTESIAN_POINT('',(-10.96549286294,-0.124469528217,19.85));
#9730 = VECTOR('',#9731,1.);
#9731 = DIRECTION('',(0.,0.,1.));
#9732 = PLANE('',#9733);
#9733 = AXIS2_PLACEMENT_3D('',#9734,#9735,#9736);
#9734 = CARTESIAN_POINT('',(-10.96549286294,1.491530471783,19.85));
#9735 = DIRECTION('',(1.,1.110223024625E-16,0.));
#9736 = DIRECTION('',(0.,0.,1.));
#9737 = ADVANCED_FACE('',(#9738),#9756,.T.);
#9738 = FACE_BOUND('',#9739,.T.);
#9739 = EDGE_LOOP('',(#9740,#9741,#9749,#9755));
#9740 = ORIENTED_EDGE('',*,*,#9727,.F.);
#9741 = ORIENTED_EDGE('',*,*,#9742,.T.);
#9742 = EDGE_CURVE('',#9713,#9743,#9745,.T.);
#9743 = VERTEX_POINT('',#9744);
#9744 = CARTESIAN_POINT('',(-10.36549286294,-0.124469528217,19.85));
#9745 = LINE('',#9746,#9747);
#9746 = CARTESIAN_POINT('',(-10.96549286294,-0.124469528217,19.85));
#9747 = VECTOR('',#9748,1.);
#9748 = DIRECTION('',(1.,1.110223024625E-16,0.));
#9749 = ORIENTED_EDGE('',*,*,#9750,.T.);
#9750 = EDGE_CURVE('',#9743,#4934,#9751,.T.);
#9751 = LINE('',#9752,#9753);
#9752 = CARTESIAN_POINT('',(-10.36549286294,-0.124469528217,19.85));
#9753 = VECTOR('',#9754,1.);
#9754 = DIRECTION('',(0.,0.,1.));
#9755 = ORIENTED_EDGE('',*,*,#4941,.F.);
#9756 = PLANE('',#9757);
#9757 = AXIS2_PLACEMENT_3D('',#9758,#9759,#9760);
#9758 = CARTESIAN_POINT('',(-10.96549286294,-0.124469528217,19.85));
#9759 = DIRECTION('',(1.110223024625E-16,-1.,0.));
#9760 = DIRECTION('',(0.,0.,1.));
#9761 = ADVANCED_FACE('',(#9762),#9780,.T.);
#9762 = FACE_BOUND('',#9763,.T.);
#9763 = EDGE_LOOP('',(#9764,#9772,#9778,#9779));
#9764 = ORIENTED_EDGE('',*,*,#9765,.F.);
#9765 = EDGE_CURVE('',#9766,#9743,#9768,.T.);
#9766 = VERTEX_POINT('',#9767);
#9767 = CARTESIAN_POINT('',(-10.36549286294,1.491530471783,19.85));
#9768 = LINE('',#9769,#9770);
#9769 = CARTESIAN_POINT('',(-10.36549286294,1.491530471783,19.85));
#9770 = VECTOR('',#9771,1.);
#9771 = DIRECTION('',(1.110223024625E-16,-1.,0.));
#9772 = ORIENTED_EDGE('',*,*,#9773,.T.);
#9773 = EDGE_CURVE('',#9766,#4926,#9774,.T.);
#9774 = LINE('',#9775,#9776);
#9775 = CARTESIAN_POINT('',(-10.36549286294,1.491530471783,19.85));
#9776 = VECTOR('',#9777,1.);
#9777 = DIRECTION('',(0.,0.,1.));
#9778 = ORIENTED_EDGE('',*,*,#4933,.T.);
#9779 = ORIENTED_EDGE('',*,*,#9750,.F.);
#9780 = PLANE('',#9781);
#9781 = AXIS2_PLACEMENT_3D('',#9782,#9783,#9784);
#9782 = CARTESIAN_POINT('',(-10.36549286294,1.491530471783,19.85));
#9783 = DIRECTION('',(1.,1.110223024625E-16,0.));
#9784 = DIRECTION('',(0.,0.,1.));
#9785 = ADVANCED_FACE('',(#9786),#9797,.F.);
#9786 = FACE_BOUND('',#9787,.F.);
#9787 = EDGE_LOOP('',(#9788,#9789,#9795,#9796));
#9788 = ORIENTED_EDGE('',*,*,#9720,.F.);
#9789 = ORIENTED_EDGE('',*,*,#9790,.T.);
#9790 = EDGE_CURVE('',#9711,#9766,#9791,.T.);
#9791 = LINE('',#9792,#9793);
#9792 = CARTESIAN_POINT('',(-10.96549286294,1.491530471783,19.85));
#9793 = VECTOR('',#9794,1.);
#9794 = DIRECTION('',(1.,1.110223024625E-16,0.));
#9795 = ORIENTED_EDGE('',*,*,#9773,.T.);
#9796 = ORIENTED_EDGE('',*,*,#4925,.F.);
#9797 = PLANE('',#9798);
#9798 = AXIS2_PLACEMENT_3D('',#9799,#9800,#9801);
#9799 = CARTESIAN_POINT('',(-10.96549286294,1.491530471783,19.85));
#9800 = DIRECTION('',(1.110223024625E-16,-1.,0.));
#9801 = DIRECTION('',(0.,0.,1.));
#9802 = ADVANCED_FACE('',(#9803),#9828,.F.);
#9803 = FACE_BOUND('',#9804,.F.);
#9804 = EDGE_LOOP('',(#9805,#9815,#9821,#9822));
#9805 = ORIENTED_EDGE('',*,*,#9806,.F.);
#9806 = EDGE_CURVE('',#9807,#9809,#9811,.T.);
#9807 = VERTEX_POINT('',#9808);
#9808 = CARTESIAN_POINT('',(-16.97188183746,5.006574769993,19.85));
#9809 = VERTEX_POINT('',#9810);
#9810 = CARTESIAN_POINT('',(-16.97188183746,6.622574769993,19.85));
#9811 = LINE('',#9812,#9813);
#9812 = CARTESIAN_POINT('',(-16.97188183746,5.006574769993,19.85));
#9813 = VECTOR('',#9814,1.);
#9814 = DIRECTION('',(-2.22044604925E-16,1.,0.));
#9815 = ORIENTED_EDGE('',*,*,#9816,.T.);
#9816 = EDGE_CURVE('',#9807,#4950,#9817,.T.);
#9817 = LINE('',#9818,#9819);
#9818 = CARTESIAN_POINT('',(-16.97188183746,5.006574769993,19.85));
#9819 = VECTOR('',#9820,1.);
#9820 = DIRECTION('',(0.,0.,1.));
#9821 = ORIENTED_EDGE('',*,*,#4949,.T.);
#9822 = ORIENTED_EDGE('',*,*,#9823,.F.);
#9823 = EDGE_CURVE('',#9809,#4952,#9824,.T.);
#9824 = LINE('',#9825,#9826);
#9825 = CARTESIAN_POINT('',(-16.97188183746,6.622574769993,19.85));
#9826 = VECTOR('',#9827,1.);
#9827 = DIRECTION('',(0.,0.,1.));
#9828 = PLANE('',#9829);
#9829 = AXIS2_PLACEMENT_3D('',#9830,#9831,#9832);
#9830 = CARTESIAN_POINT('',(-16.97188183746,5.006574769993,19.85));
#9831 = DIRECTION('',(-1.,-2.22044604925E-16,0.));
#9832 = DIRECTION('',(0.,0.,1.));
#9833 = ADVANCED_FACE('',(#9834),#9852,.T.);
#9834 = FACE_BOUND('',#9835,.T.);
#9835 = EDGE_LOOP('',(#9836,#9837,#9845,#9851));
#9836 = ORIENTED_EDGE('',*,*,#9823,.F.);
#9837 = ORIENTED_EDGE('',*,*,#9838,.T.);
#9838 = EDGE_CURVE('',#9809,#9839,#9841,.T.);
#9839 = VERTEX_POINT('',#9840);
#9840 = CARTESIAN_POINT('',(-17.57188183746,6.622574769993,19.85));
#9841 = LINE('',#9842,#9843);
#9842 = CARTESIAN_POINT('',(-16.97188183746,6.622574769993,19.85));
#9843 = VECTOR('',#9844,1.);
#9844 = DIRECTION('',(-1.,-2.22044604925E-16,0.));
#9845 = ORIENTED_EDGE('',*,*,#9846,.T.);
#9846 = EDGE_CURVE('',#9839,#4968,#9847,.T.);
#9847 = LINE('',#9848,#9849);
#9848 = CARTESIAN_POINT('',(-17.57188183746,6.622574769993,19.85));
#9849 = VECTOR('',#9850,1.);
#9850 = DIRECTION('',(0.,0.,1.));
#9851 = ORIENTED_EDGE('',*,*,#4975,.F.);
#9852 = PLANE('',#9853);
#9853 = AXIS2_PLACEMENT_3D('',#9854,#9855,#9856);
#9854 = CARTESIAN_POINT('',(-16.97188183746,6.622574769993,19.85));
#9855 = DIRECTION('',(-2.22044604925E-16,1.,0.));
#9856 = DIRECTION('',(0.,0.,1.));
#9857 = ADVANCED_FACE('',(#9858),#9876,.T.);
#9858 = FACE_BOUND('',#9859,.T.);
#9859 = EDGE_LOOP('',(#9860,#9868,#9874,#9875));
#9860 = ORIENTED_EDGE('',*,*,#9861,.F.);
#9861 = EDGE_CURVE('',#9862,#9839,#9864,.T.);
#9862 = VERTEX_POINT('',#9863);
#9863 = CARTESIAN_POINT('',(-17.57188183746,5.006574769993,19.85));
#9864 = LINE('',#9865,#9866);
#9865 = CARTESIAN_POINT('',(-17.57188183746,5.006574769993,19.85));
#9866 = VECTOR('',#9867,1.);
#9867 = DIRECTION('',(-2.22044604925E-16,1.,0.));
#9868 = ORIENTED_EDGE('',*,*,#9869,.T.);
#9869 = EDGE_CURVE('',#9862,#4960,#9870,.T.);
#9870 = LINE('',#9871,#9872);
#9871 = CARTESIAN_POINT('',(-17.57188183746,5.006574769993,19.85));
#9872 = VECTOR('',#9873,1.);
#9873 = DIRECTION('',(0.,0.,1.));
#9874 = ORIENTED_EDGE('',*,*,#4967,.T.);
#9875 = ORIENTED_EDGE('',*,*,#9846,.F.);
#9876 = PLANE('',#9877);
#9877 = AXIS2_PLACEMENT_3D('',#9878,#9879,#9880);
#9878 = CARTESIAN_POINT('',(-17.57188183746,5.006574769993,19.85));
#9879 = DIRECTION('',(-1.,-2.22044604925E-16,0.));
#9880 = DIRECTION('',(0.,0.,1.));
#9881 = ADVANCED_FACE('',(#9882),#9893,.F.);
#9882 = FACE_BOUND('',#9883,.F.);
#9883 = EDGE_LOOP('',(#9884,#9885,#9891,#9892));
#9884 = ORIENTED_EDGE('',*,*,#9816,.F.);
#9885 = ORIENTED_EDGE('',*,*,#9886,.T.);
#9886 = EDGE_CURVE('',#9807,#9862,#9887,.T.);
#9887 = LINE('',#9888,#9889);
#9888 = CARTESIAN_POINT('',(-16.97188183746,5.006574769993,19.85));
#9889 = VECTOR('',#9890,1.);
#9890 = DIRECTION('',(-1.,-2.22044604925E-16,0.));
#9891 = ORIENTED_EDGE('',*,*,#9869,.T.);
#9892 = ORIENTED_EDGE('',*,*,#4959,.F.);
#9893 = PLANE('',#9894);
#9894 = AXIS2_PLACEMENT_3D('',#9895,#9896,#9897);
#9895 = CARTESIAN_POINT('',(-16.97188183746,5.006574769993,19.85));
#9896 = DIRECTION('',(-2.22044604925E-16,1.,0.));
#9897 = DIRECTION('',(0.,0.,1.));
#9898 = ADVANCED_FACE('',(#9899),#9924,.F.);
#9899 = FACE_BOUND('',#9900,.F.);
#9900 = EDGE_LOOP('',(#9901,#9911,#9917,#9918));
#9901 = ORIENTED_EDGE('',*,*,#9902,.F.);
#9902 = EDGE_CURVE('',#9903,#9905,#9907,.T.);
#9903 = VERTEX_POINT('',#9904);
#9904 = CARTESIAN_POINT('',(-6.641297624504,2.185930063812,19.5));
#9905 = VERTEX_POINT('',#9906);
#9906 = CARTESIAN_POINT('',(-6.641297624504,-0.814069936188,19.5));
#9907 = LINE('',#9908,#9909);
#9908 = CARTESIAN_POINT('',(-6.641297624504,2.185930063812,19.5));
#9909 = VECTOR('',#9910,1.);
#9910 = DIRECTION('',(1.110223024625E-16,-1.,0.));
#9911 = ORIENTED_EDGE('',*,*,#9912,.T.);
#9912 = EDGE_CURVE('',#9903,#4984,#9913,.T.);
#9913 = LINE('',#9914,#9915);
#9914 = CARTESIAN_POINT('',(-6.641297624504,2.185930063812,19.5));
#9915 = VECTOR('',#9916,1.);
#9916 = DIRECTION('',(0.,0.,1.));
#9917 = ORIENTED_EDGE('',*,*,#4983,.T.);
#9918 = ORIENTED_EDGE('',*,*,#9919,.F.);
#9919 = EDGE_CURVE('',#9905,#4986,#9920,.T.);
#9920 = LINE('',#9921,#9922);
#9921 = CARTESIAN_POINT('',(-6.641297624504,-0.814069936188,19.5));
#9922 = VECTOR('',#9923,1.);
#9923 = DIRECTION('',(0.,0.,1.));
#9924 = PLANE('',#9925);
#9925 = AXIS2_PLACEMENT_3D('',#9926,#9927,#9928);
#9926 = CARTESIAN_POINT('',(-6.641297624504,2.185930063812,19.5));
#9927 = DIRECTION('',(1.,1.110223024625E-16,0.));
#9928 = DIRECTION('',(0.,0.,1.));
#9929 = ADVANCED_FACE('',(#9930),#9948,.T.);
#9930 = FACE_BOUND('',#9931,.T.);
#9931 = EDGE_LOOP('',(#9932,#9933,#9941,#9947));
#9932 = ORIENTED_EDGE('',*,*,#9919,.F.);
#9933 = ORIENTED_EDGE('',*,*,#9934,.T.);
#9934 = EDGE_CURVE('',#9905,#9935,#9937,.T.);
#9935 = VERTEX_POINT('',#9936);
#9936 = CARTESIAN_POINT('',(-4.141297624504,-0.814069936188,19.5));
#9937 = LINE('',#9938,#9939);
#9938 = CARTESIAN_POINT('',(-6.641297624504,-0.814069936188,19.5));
#9939 = VECTOR('',#9940,1.);
#9940 = DIRECTION('',(1.,1.110223024625E-16,0.));
#9941 = ORIENTED_EDGE('',*,*,#9942,.T.);
#9942 = EDGE_CURVE('',#9935,#5002,#9943,.T.);
#9943 = LINE('',#9944,#9945);
#9944 = CARTESIAN_POINT('',(-4.141297624504,-0.814069936188,19.5));
#9945 = VECTOR('',#9946,1.);
#9946 = DIRECTION('',(0.,0.,1.));
#9947 = ORIENTED_EDGE('',*,*,#5009,.F.);
#9948 = PLANE('',#9949);
#9949 = AXIS2_PLACEMENT_3D('',#9950,#9951,#9952);
#9950 = CARTESIAN_POINT('',(-6.641297624504,-0.814069936188,19.5));
#9951 = DIRECTION('',(1.110223024625E-16,-1.,0.));
#9952 = DIRECTION('',(0.,0.,1.));
#9953 = ADVANCED_FACE('',(#9954),#9972,.T.);
#9954 = FACE_BOUND('',#9955,.T.);
#9955 = EDGE_LOOP('',(#9956,#9964,#9970,#9971));
#9956 = ORIENTED_EDGE('',*,*,#9957,.F.);
#9957 = EDGE_CURVE('',#9958,#9935,#9960,.T.);
#9958 = VERTEX_POINT('',#9959);
#9959 = CARTESIAN_POINT('',(-4.141297624504,2.185930063812,19.5));
#9960 = LINE('',#9961,#9962);
#9961 = CARTESIAN_POINT('',(-4.141297624504,2.185930063812,19.5));
#9962 = VECTOR('',#9963,1.);
#9963 = DIRECTION('',(1.110223024625E-16,-1.,0.));
#9964 = ORIENTED_EDGE('',*,*,#9965,.T.);
#9965 = EDGE_CURVE('',#9958,#4994,#9966,.T.);
#9966 = LINE('',#9967,#9968);
#9967 = CARTESIAN_POINT('',(-4.141297624504,2.185930063812,19.5));
#9968 = VECTOR('',#9969,1.);
#9969 = DIRECTION('',(0.,0.,1.));
#9970 = ORIENTED_EDGE('',*,*,#5001,.T.);
#9971 = ORIENTED_EDGE('',*,*,#9942,.F.);
#9972 = PLANE('',#9973);
#9973 = AXIS2_PLACEMENT_3D('',#9974,#9975,#9976);
#9974 = CARTESIAN_POINT('',(-4.141297624504,2.185930063812,19.5));
#9975 = DIRECTION('',(1.,1.110223024625E-16,0.));
#9976 = DIRECTION('',(0.,0.,1.));
#9977 = ADVANCED_FACE('',(#9978),#9989,.F.);
#9978 = FACE_BOUND('',#9979,.F.);
#9979 = EDGE_LOOP('',(#9980,#9981,#9987,#9988));
#9980 = ORIENTED_EDGE('',*,*,#9912,.F.);
#9981 = ORIENTED_EDGE('',*,*,#9982,.T.);
#9982 = EDGE_CURVE('',#9903,#9958,#9983,.T.);
#9983 = LINE('',#9984,#9985);
#9984 = CARTESIAN_POINT('',(-6.641297624504,2.185930063812,19.5));
#9985 = VECTOR('',#9986,1.);
#9986 = DIRECTION('',(1.,1.110223024625E-16,0.));
#9987 = ORIENTED_EDGE('',*,*,#9965,.T.);
#9988 = ORIENTED_EDGE('',*,*,#4993,.F.);
#9989 = PLANE('',#9990);
#9990 = AXIS2_PLACEMENT_3D('',#9991,#9992,#9993);
#9991 = CARTESIAN_POINT('',(-6.641297624504,2.185930063812,19.5));
#9992 = DIRECTION('',(1.110223024625E-16,-1.,0.));
#9993 = DIRECTION('',(0.,0.,1.));
#9994 = ADVANCED_FACE('',(#9995),#10020,.F.);
#9995 = FACE_BOUND('',#9996,.F.);
#9996 = EDGE_LOOP('',(#9997,#10007,#10013,#10014));
#9997 = ORIENTED_EDGE('',*,*,#9998,.F.);
#9998 = EDGE_CURVE('',#9999,#10001,#10003,.T.);
#9999 = VERTEX_POINT('',#10000);
#10000 = CARTESIAN_POINT('',(-7.191345760015,1.106026898728,19.85));
#10001 = VERTEX_POINT('',#10002);
#10002 = CARTESIAN_POINT('',(-7.191345760015,2.722026898728,19.85));
#10003 = LINE('',#10004,#10005);
#10004 = CARTESIAN_POINT('',(-7.191345760015,1.106026898728,19.85));
#10005 = VECTOR('',#10006,1.);
#10006 = DIRECTION('',(-2.22044604925E-16,1.,0.));
#10007 = ORIENTED_EDGE('',*,*,#10008,.T.);
#10008 = EDGE_CURVE('',#9999,#5018,#10009,.T.);
#10009 = LINE('',#10010,#10011);
#10010 = CARTESIAN_POINT('',(-7.191345760015,1.106026898728,19.85));
#10011 = VECTOR('',#10012,1.);
#10012 = DIRECTION('',(0.,0.,1.));
#10013 = ORIENTED_EDGE('',*,*,#5017,.T.);
#10014 = ORIENTED_EDGE('',*,*,#10015,.F.);
#10015 = EDGE_CURVE('',#10001,#5020,#10016,.T.);
#10016 = LINE('',#10017,#10018);
#10017 = CARTESIAN_POINT('',(-7.191345760015,2.722026898728,19.85));
#10018 = VECTOR('',#10019,1.);
#10019 = DIRECTION('',(0.,0.,1.));
#10020 = PLANE('',#10021);
#10021 = AXIS2_PLACEMENT_3D('',#10022,#10023,#10024);
#10022 = CARTESIAN_POINT('',(-7.191345760015,1.106026898728,19.85));
#10023 = DIRECTION('',(-1.,-2.22044604925E-16,0.));
#10024 = DIRECTION('',(0.,0.,1.));
#10025 = ADVANCED_FACE('',(#10026),#10044,.T.);
#10026 = FACE_BOUND('',#10027,.T.);
#10027 = EDGE_LOOP('',(#10028,#10029,#10037,#10043));
#10028 = ORIENTED_EDGE('',*,*,#10015,.F.);
#10029 = ORIENTED_EDGE('',*,*,#10030,.T.);
#10030 = EDGE_CURVE('',#10001,#10031,#10033,.T.);
#10031 = VERTEX_POINT('',#10032);
#10032 = CARTESIAN_POINT('',(-7.791345760015,2.722026898728,19.85));
#10033 = LINE('',#10034,#10035);
#10034 = CARTESIAN_POINT('',(-7.191345760015,2.722026898728,19.85));
#10035 = VECTOR('',#10036,1.);
#10036 = DIRECTION('',(-1.,-2.22044604925E-16,0.));
#10037 = ORIENTED_EDGE('',*,*,#10038,.T.);
#10038 = EDGE_CURVE('',#10031,#5036,#10039,.T.);
#10039 = LINE('',#10040,#10041);
#10040 = CARTESIAN_POINT('',(-7.791345760015,2.722026898728,19.85));
#10041 = VECTOR('',#10042,1.);
#10042 = DIRECTION('',(0.,0.,1.));
#10043 = ORIENTED_EDGE('',*,*,#5043,.F.);
#10044 = PLANE('',#10045);
#10045 = AXIS2_PLACEMENT_3D('',#10046,#10047,#10048);
#10046 = CARTESIAN_POINT('',(-7.191345760015,2.722026898728,19.85));
#10047 = DIRECTION('',(-2.22044604925E-16,1.,0.));
#10048 = DIRECTION('',(0.,0.,1.));
#10049 = ADVANCED_FACE('',(#10050),#10068,.T.);
#10050 = FACE_BOUND('',#10051,.T.);
#10051 = EDGE_LOOP('',(#10052,#10060,#10066,#10067));
#10052 = ORIENTED_EDGE('',*,*,#10053,.F.);
#10053 = EDGE_CURVE('',#10054,#10031,#10056,.T.);
#10054 = VERTEX_POINT('',#10055);
#10055 = CARTESIAN_POINT('',(-7.791345760015,1.106026898728,19.85));
#10056 = LINE('',#10057,#10058);
#10057 = CARTESIAN_POINT('',(-7.791345760015,1.106026898728,19.85));
#10058 = VECTOR('',#10059,1.);
#10059 = DIRECTION('',(-2.22044604925E-16,1.,0.));
#10060 = ORIENTED_EDGE('',*,*,#10061,.T.);
#10061 = EDGE_CURVE('',#10054,#5028,#10062,.T.);
#10062 = LINE('',#10063,#10064);
#10063 = CARTESIAN_POINT('',(-7.791345760015,1.106026898728,19.85));
#10064 = VECTOR('',#10065,1.);
#10065 = DIRECTION('',(0.,0.,1.));
#10066 = ORIENTED_EDGE('',*,*,#5035,.T.);
#10067 = ORIENTED_EDGE('',*,*,#10038,.F.);
#10068 = PLANE('',#10069);
#10069 = AXIS2_PLACEMENT_3D('',#10070,#10071,#10072);
#10070 = CARTESIAN_POINT('',(-7.791345760015,1.106026898728,19.85));
#10071 = DIRECTION('',(-1.,-2.22044604925E-16,0.));
#10072 = DIRECTION('',(0.,0.,1.));
#10073 = ADVANCED_FACE('',(#10074),#10085,.F.);
#10074 = FACE_BOUND('',#10075,.F.);
#10075 = EDGE_LOOP('',(#10076,#10077,#10083,#10084));
#10076 = ORIENTED_EDGE('',*,*,#10008,.F.);
#10077 = ORIENTED_EDGE('',*,*,#10078,.T.);
#10078 = EDGE_CURVE('',#9999,#10054,#10079,.T.);
#10079 = LINE('',#10080,#10081);
#10080 = CARTESIAN_POINT('',(-7.191345760015,1.106026898728,19.85));
#10081 = VECTOR('',#10082,1.);
#10082 = DIRECTION('',(-1.,-2.22044604925E-16,0.));
#10083 = ORIENTED_EDGE('',*,*,#10061,.T.);
#10084 = ORIENTED_EDGE('',*,*,#5027,.F.);
#10085 = PLANE('',#10086);
#10086 = AXIS2_PLACEMENT_3D('',#10087,#10088,#10089);
#10087 = CARTESIAN_POINT('',(-7.191345760015,1.106026898728,19.85));
#10088 = DIRECTION('',(-2.22044604925E-16,1.,0.));
#10089 = DIRECTION('',(0.,0.,1.));
#10090 = ADVANCED_FACE('',(#10091),#10116,.F.);
#10091 = FACE_BOUND('',#10092,.F.);
#10092 = EDGE_LOOP('',(#10093,#10103,#10109,#10110));
#10093 = ORIENTED_EDGE('',*,*,#10094,.F.);
#10094 = EDGE_CURVE('',#10095,#10097,#10099,.T.);
#10095 = VERTEX_POINT('',#10096);
#10096 = CARTESIAN_POINT('',(-4.957769016699,3.336206288068,19.85));
#10097 = VERTEX_POINT('',#10098);
#10098 = CARTESIAN_POINT('',(-6.573769016699,3.336206288068,19.85));
#10099 = LINE('',#10100,#10101);
#10100 = CARTESIAN_POINT('',(-4.957769016699,3.336206288068,19.85));
#10101 = VECTOR('',#10102,1.);
#10102 = DIRECTION('',(-1.,-1.224646799147E-16,0.));
#10103 = ORIENTED_EDGE('',*,*,#10104,.T.);
#10104 = EDGE_CURVE('',#10095,#5052,#10105,.T.);
#10105 = LINE('',#10106,#10107);
#10106 = CARTESIAN_POINT('',(-4.957769016699,3.336206288068,19.85));
#10107 = VECTOR('',#10108,1.);
#10108 = DIRECTION('',(0.,0.,1.));
#10109 = ORIENTED_EDGE('',*,*,#5051,.T.);
#10110 = ORIENTED_EDGE('',*,*,#10111,.F.);
#10111 = EDGE_CURVE('',#10097,#5054,#10112,.T.);
#10112 = LINE('',#10113,#10114);
#10113 = CARTESIAN_POINT('',(-6.573769016699,3.336206288068,19.85));
#10114 = VECTOR('',#10115,1.);
#10115 = DIRECTION('',(0.,0.,1.));
#10116 = PLANE('',#10117);
#10117 = AXIS2_PLACEMENT_3D('',#10118,#10119,#10120);
#10118 = CARTESIAN_POINT('',(-4.957769016699,3.336206288068,19.85));
#10119 = DIRECTION('',(1.224646799147E-16,-1.,0.));
#10120 = DIRECTION('',(0.,0.,1.));
#10121 = ADVANCED_FACE('',(#10122),#10140,.T.);
#10122 = FACE_BOUND('',#10123,.T.);
#10123 = EDGE_LOOP('',(#10124,#10125,#10133,#10139));
#10124 = ORIENTED_EDGE('',*,*,#10111,.F.);
#10125 = ORIENTED_EDGE('',*,*,#10126,.T.);
#10126 = EDGE_CURVE('',#10097,#10127,#10129,.T.);
#10127 = VERTEX_POINT('',#10128);
#10128 = CARTESIAN_POINT('',(-6.573769016699,2.736206288068,19.85));
#10129 = LINE('',#10130,#10131);
#10130 = CARTESIAN_POINT('',(-6.573769016699,3.336206288068,19.85));
#10131 = VECTOR('',#10132,1.);
#10132 = DIRECTION('',(1.224646799147E-16,-1.,0.));
#10133 = ORIENTED_EDGE('',*,*,#10134,.T.);
#10134 = EDGE_CURVE('',#10127,#5070,#10135,.T.);
#10135 = LINE('',#10136,#10137);
#10136 = CARTESIAN_POINT('',(-6.573769016699,2.736206288068,19.85));
#10137 = VECTOR('',#10138,1.);
#10138 = DIRECTION('',(0.,0.,1.));
#10139 = ORIENTED_EDGE('',*,*,#5077,.F.);
#10140 = PLANE('',#10141);
#10141 = AXIS2_PLACEMENT_3D('',#10142,#10143,#10144);
#10142 = CARTESIAN_POINT('',(-6.573769016699,3.336206288068,19.85));
#10143 = DIRECTION('',(-1.,-1.224646799147E-16,0.));
#10144 = DIRECTION('',(0.,0.,1.));
#10145 = ADVANCED_FACE('',(#10146),#10164,.T.);
#10146 = FACE_BOUND('',#10147,.T.);
#10147 = EDGE_LOOP('',(#10148,#10156,#10162,#10163));
#10148 = ORIENTED_EDGE('',*,*,#10149,.F.);
#10149 = EDGE_CURVE('',#10150,#10127,#10152,.T.);
#10150 = VERTEX_POINT('',#10151);
#10151 = CARTESIAN_POINT('',(-4.957769016699,2.736206288068,19.85));
#10152 = LINE('',#10153,#10154);
#10153 = CARTESIAN_POINT('',(-4.957769016699,2.736206288068,19.85));
#10154 = VECTOR('',#10155,1.);
#10155 = DIRECTION('',(-1.,-1.224646799147E-16,0.));
#10156 = ORIENTED_EDGE('',*,*,#10157,.T.);
#10157 = EDGE_CURVE('',#10150,#5062,#10158,.T.);
#10158 = LINE('',#10159,#10160);
#10159 = CARTESIAN_POINT('',(-4.957769016699,2.736206288068,19.85));
#10160 = VECTOR('',#10161,1.);
#10161 = DIRECTION('',(0.,0.,1.));
#10162 = ORIENTED_EDGE('',*,*,#5069,.T.);
#10163 = ORIENTED_EDGE('',*,*,#10134,.F.);
#10164 = PLANE('',#10165);
#10165 = AXIS2_PLACEMENT_3D('',#10166,#10167,#10168);
#10166 = CARTESIAN_POINT('',(-4.957769016699,2.736206288068,19.85));
#10167 = DIRECTION('',(1.224646799147E-16,-1.,0.));
#10168 = DIRECTION('',(0.,0.,1.));
#10169 = ADVANCED_FACE('',(#10170),#10181,.F.);
#10170 = FACE_BOUND('',#10171,.F.);
#10171 = EDGE_LOOP('',(#10172,#10173,#10179,#10180));
#10172 = ORIENTED_EDGE('',*,*,#10104,.F.);
#10173 = ORIENTED_EDGE('',*,*,#10174,.T.);
#10174 = EDGE_CURVE('',#10095,#10150,#10175,.T.);
#10175 = LINE('',#10176,#10177);
#10176 = CARTESIAN_POINT('',(-4.957769016699,3.336206288068,19.85));
#10177 = VECTOR('',#10178,1.);
#10178 = DIRECTION('',(1.224646799147E-16,-1.,0.));
#10179 = ORIENTED_EDGE('',*,*,#10157,.T.);
#10180 = ORIENTED_EDGE('',*,*,#5061,.F.);
#10181 = PLANE('',#10182);
#10182 = AXIS2_PLACEMENT_3D('',#10183,#10184,#10185);
#10183 = CARTESIAN_POINT('',(-4.957769016699,3.336206288068,19.85));
#10184 = DIRECTION('',(-1.,-1.224646799147E-16,0.));
#10185 = DIRECTION('',(0.,0.,1.));
#10186 = ADVANCED_FACE('',(#10187),#10212,.F.);
#10187 = FACE_BOUND('',#10188,.F.);
#10188 = EDGE_LOOP('',(#10189,#10199,#10205,#10206));
#10189 = ORIENTED_EDGE('',*,*,#10190,.F.);
#10190 = EDGE_CURVE('',#10191,#10193,#10195,.T.);
#10191 = VERTEX_POINT('',#10192);
#10192 = CARTESIAN_POINT('',(-3.913297624504,-5.856993618807E-02,19.85)
  );
#10193 = VERTEX_POINT('',#10194);
#10194 = CARTESIAN_POINT('',(-2.297297624504,-5.856993618807E-02,19.85)
  );
#10195 = LINE('',#10196,#10197);
#10196 = CARTESIAN_POINT('',(-3.913297624504,-5.856993618807E-02,19.85)
  );
#10197 = VECTOR('',#10198,1.);
#10198 = DIRECTION('',(1.,0.,0.));
#10199 = ORIENTED_EDGE('',*,*,#10200,.T.);
#10200 = EDGE_CURVE('',#10191,#5086,#10201,.T.);
#10201 = LINE('',#10202,#10203);
#10202 = CARTESIAN_POINT('',(-3.913297624504,-5.856993618807E-02,19.85)
  );
#10203 = VECTOR('',#10204,1.);
#10204 = DIRECTION('',(0.,0.,1.));
#10205 = ORIENTED_EDGE('',*,*,#5085,.T.);
#10206 = ORIENTED_EDGE('',*,*,#10207,.F.);
#10207 = EDGE_CURVE('',#10193,#5088,#10208,.T.);
#10208 = LINE('',#10209,#10210);
#10209 = CARTESIAN_POINT('',(-2.297297624504,-5.856993618807E-02,19.85)
  );
#10210 = VECTOR('',#10211,1.);
#10211 = DIRECTION('',(0.,0.,1.));
#10212 = PLANE('',#10213);
#10213 = AXIS2_PLACEMENT_3D('',#10214,#10215,#10216);
#10214 = CARTESIAN_POINT('',(-3.913297624504,-5.856993618807E-02,19.85)
  );
#10215 = DIRECTION('',(0.,1.,0.));
#10216 = DIRECTION('',(0.,0.,1.));
#10217 = ADVANCED_FACE('',(#10218),#10236,.T.);
#10218 = FACE_BOUND('',#10219,.T.);
#10219 = EDGE_LOOP('',(#10220,#10221,#10229,#10235));
#10220 = ORIENTED_EDGE('',*,*,#10207,.F.);
#10221 = ORIENTED_EDGE('',*,*,#10222,.T.);
#10222 = EDGE_CURVE('',#10193,#10223,#10225,.T.);
#10223 = VERTEX_POINT('',#10224);
#10224 = CARTESIAN_POINT('',(-2.297297624504,0.541430063812,19.85));
#10225 = LINE('',#10226,#10227);
#10226 = CARTESIAN_POINT('',(-2.297297624504,-5.856993618807E-02,19.85)
  );
#10227 = VECTOR('',#10228,1.);
#10228 = DIRECTION('',(0.,1.,0.));
#10229 = ORIENTED_EDGE('',*,*,#10230,.T.);
#10230 = EDGE_CURVE('',#10223,#5104,#10231,.T.);
#10231 = LINE('',#10232,#10233);
#10232 = CARTESIAN_POINT('',(-2.297297624504,0.541430063812,19.85));
#10233 = VECTOR('',#10234,1.);
#10234 = DIRECTION('',(0.,0.,1.));
#10235 = ORIENTED_EDGE('',*,*,#5111,.F.);
#10236 = PLANE('',#10237);
#10237 = AXIS2_PLACEMENT_3D('',#10238,#10239,#10240);
#10238 = CARTESIAN_POINT('',(-2.297297624504,-5.856993618807E-02,19.85)
  );
#10239 = DIRECTION('',(1.,0.,0.));
#10240 = DIRECTION('',(0.,0.,1.));
#10241 = ADVANCED_FACE('',(#10242),#10260,.T.);
#10242 = FACE_BOUND('',#10243,.T.);
#10243 = EDGE_LOOP('',(#10244,#10252,#10258,#10259));
#10244 = ORIENTED_EDGE('',*,*,#10245,.F.);
#10245 = EDGE_CURVE('',#10246,#10223,#10248,.T.);
#10246 = VERTEX_POINT('',#10247);
#10247 = CARTESIAN_POINT('',(-3.913297624504,0.541430063812,19.85));
#10248 = LINE('',#10249,#10250);
#10249 = CARTESIAN_POINT('',(-3.913297624504,0.541430063812,19.85));
#10250 = VECTOR('',#10251,1.);
#10251 = DIRECTION('',(1.,0.,0.));
#10252 = ORIENTED_EDGE('',*,*,#10253,.T.);
#10253 = EDGE_CURVE('',#10246,#5096,#10254,.T.);
#10254 = LINE('',#10255,#10256);
#10255 = CARTESIAN_POINT('',(-3.913297624504,0.541430063812,19.85));
#10256 = VECTOR('',#10257,1.);
#10257 = DIRECTION('',(0.,0.,1.));
#10258 = ORIENTED_EDGE('',*,*,#5103,.T.);
#10259 = ORIENTED_EDGE('',*,*,#10230,.F.);
#10260 = PLANE('',#10261);
#10261 = AXIS2_PLACEMENT_3D('',#10262,#10263,#10264);
#10262 = CARTESIAN_POINT('',(-3.913297624504,0.541430063812,19.85));
#10263 = DIRECTION('',(0.,1.,0.));
#10264 = DIRECTION('',(0.,0.,1.));
#10265 = ADVANCED_FACE('',(#10266),#10277,.F.);
#10266 = FACE_BOUND('',#10267,.F.);
#10267 = EDGE_LOOP('',(#10268,#10269,#10275,#10276));
#10268 = ORIENTED_EDGE('',*,*,#10200,.F.);
#10269 = ORIENTED_EDGE('',*,*,#10270,.T.);
#10270 = EDGE_CURVE('',#10191,#10246,#10271,.T.);
#10271 = LINE('',#10272,#10273);
#10272 = CARTESIAN_POINT('',(-3.913297624504,-5.856993618807E-02,19.85)
  );
#10273 = VECTOR('',#10274,1.);
#10274 = DIRECTION('',(0.,1.,0.));
#10275 = ORIENTED_EDGE('',*,*,#10253,.T.);
#10276 = ORIENTED_EDGE('',*,*,#5095,.F.);
#10277 = PLANE('',#10278);
#10278 = AXIS2_PLACEMENT_3D('',#10279,#10280,#10281);
#10279 = CARTESIAN_POINT('',(-3.913297624504,-5.856993618807E-02,19.85)
  );
#10280 = DIRECTION('',(1.,0.,0.));
#10281 = DIRECTION('',(0.,0.,1.));
#10282 = ADVANCED_FACE('',(#10283),#10308,.F.);
#10283 = FACE_BOUND('',#10284,.F.);
#10284 = EDGE_LOOP('',(#10285,#10295,#10301,#10302));
#10285 = ORIENTED_EDGE('',*,*,#10286,.F.);
#10286 = EDGE_CURVE('',#10287,#10289,#10291,.T.);
#10287 = VERTEX_POINT('',#10288);
#10288 = CARTESIAN_POINT('',(-2.024031902044,1.742343654191,19.85));
#10289 = VERTEX_POINT('',#10290);
#10290 = CARTESIAN_POINT('',(-3.640031902044,1.742343654191,19.85));
#10291 = LINE('',#10292,#10293);
#10292 = CARTESIAN_POINT('',(-2.024031902044,1.742343654191,19.85));
#10293 = VECTOR('',#10294,1.);
#10294 = DIRECTION('',(-1.,-1.224646799147E-16,0.));
#10295 = ORIENTED_EDGE('',*,*,#10296,.T.);
#10296 = EDGE_CURVE('',#10287,#5120,#10297,.T.);
#10297 = LINE('',#10298,#10299);
#10298 = CARTESIAN_POINT('',(-2.024031902044,1.742343654191,19.85));
#10299 = VECTOR('',#10300,1.);
#10300 = DIRECTION('',(0.,0.,1.));
#10301 = ORIENTED_EDGE('',*,*,#5119,.T.);
#10302 = ORIENTED_EDGE('',*,*,#10303,.F.);
#10303 = EDGE_CURVE('',#10289,#5122,#10304,.T.);
#10304 = LINE('',#10305,#10306);
#10305 = CARTESIAN_POINT('',(-3.640031902044,1.742343654191,19.85));
#10306 = VECTOR('',#10307,1.);
#10307 = DIRECTION('',(0.,0.,1.));
#10308 = PLANE('',#10309);
#10309 = AXIS2_PLACEMENT_3D('',#10310,#10311,#10312);
#10310 = CARTESIAN_POINT('',(-2.024031902044,1.742343654191,19.85));
#10311 = DIRECTION('',(1.224646799147E-16,-1.,0.));
#10312 = DIRECTION('',(0.,0.,1.));
#10313 = ADVANCED_FACE('',(#10314),#10332,.T.);
#10314 = FACE_BOUND('',#10315,.T.);
#10315 = EDGE_LOOP('',(#10316,#10317,#10325,#10331));
#10316 = ORIENTED_EDGE('',*,*,#10303,.F.);
#10317 = ORIENTED_EDGE('',*,*,#10318,.T.);
#10318 = EDGE_CURVE('',#10289,#10319,#10321,.T.);
#10319 = VERTEX_POINT('',#10320);
#10320 = CARTESIAN_POINT('',(-3.640031902044,1.142343654191,19.85));
#10321 = LINE('',#10322,#10323);
#10322 = CARTESIAN_POINT('',(-3.640031902044,1.742343654191,19.85));
#10323 = VECTOR('',#10324,1.);
#10324 = DIRECTION('',(1.224646799147E-16,-1.,0.));
#10325 = ORIENTED_EDGE('',*,*,#10326,.T.);
#10326 = EDGE_CURVE('',#10319,#5138,#10327,.T.);
#10327 = LINE('',#10328,#10329);
#10328 = CARTESIAN_POINT('',(-3.640031902044,1.142343654191,19.85));
#10329 = VECTOR('',#10330,1.);
#10330 = DIRECTION('',(0.,0.,1.));
#10331 = ORIENTED_EDGE('',*,*,#5145,.F.);
#10332 = PLANE('',#10333);
#10333 = AXIS2_PLACEMENT_3D('',#10334,#10335,#10336);
#10334 = CARTESIAN_POINT('',(-3.640031902044,1.742343654191,19.85));
#10335 = DIRECTION('',(-1.,-1.224646799147E-16,0.));
#10336 = DIRECTION('',(0.,0.,1.));
#10337 = ADVANCED_FACE('',(#10338),#10356,.T.);
#10338 = FACE_BOUND('',#10339,.T.);
#10339 = EDGE_LOOP('',(#10340,#10348,#10354,#10355));
#10340 = ORIENTED_EDGE('',*,*,#10341,.F.);
#10341 = EDGE_CURVE('',#10342,#10319,#10344,.T.);
#10342 = VERTEX_POINT('',#10343);
#10343 = CARTESIAN_POINT('',(-2.024031902044,1.142343654191,19.85));
#10344 = LINE('',#10345,#10346);
#10345 = CARTESIAN_POINT('',(-2.024031902044,1.142343654191,19.85));
#10346 = VECTOR('',#10347,1.);
#10347 = DIRECTION('',(-1.,-1.224646799147E-16,0.));
#10348 = ORIENTED_EDGE('',*,*,#10349,.T.);
#10349 = EDGE_CURVE('',#10342,#5130,#10350,.T.);
#10350 = LINE('',#10351,#10352);
#10351 = CARTESIAN_POINT('',(-2.024031902044,1.142343654191,19.85));
#10352 = VECTOR('',#10353,1.);
#10353 = DIRECTION('',(0.,0.,1.));
#10354 = ORIENTED_EDGE('',*,*,#5137,.T.);
#10355 = ORIENTED_EDGE('',*,*,#10326,.F.);
#10356 = PLANE('',#10357);
#10357 = AXIS2_PLACEMENT_3D('',#10358,#10359,#10360);
#10358 = CARTESIAN_POINT('',(-2.024031902044,1.142343654191,19.85));
#10359 = DIRECTION('',(1.224646799147E-16,-1.,0.));
#10360 = DIRECTION('',(0.,0.,1.));
#10361 = ADVANCED_FACE('',(#10362),#10373,.F.);
#10362 = FACE_BOUND('',#10363,.F.);
#10363 = EDGE_LOOP('',(#10364,#10365,#10371,#10372));
#10364 = ORIENTED_EDGE('',*,*,#10296,.F.);
#10365 = ORIENTED_EDGE('',*,*,#10366,.T.);
#10366 = EDGE_CURVE('',#10287,#10342,#10367,.T.);
#10367 = LINE('',#10368,#10369);
#10368 = CARTESIAN_POINT('',(-2.024031902044,1.742343654191,19.85));
#10369 = VECTOR('',#10370,1.);
#10370 = DIRECTION('',(1.224646799147E-16,-1.,0.));
#10371 = ORIENTED_EDGE('',*,*,#10349,.T.);
#10372 = ORIENTED_EDGE('',*,*,#5129,.F.);
#10373 = PLANE('',#10374);
#10374 = AXIS2_PLACEMENT_3D('',#10375,#10376,#10377);
#10375 = CARTESIAN_POINT('',(-2.024031902044,1.742343654191,19.85));
#10376 = DIRECTION('',(-1.,-1.224646799147E-16,0.));
#10377 = DIRECTION('',(0.,0.,1.));
#10378 = ADVANCED_FACE('',(#10379),#10404,.F.);
#10379 = FACE_BOUND('',#10380,.F.);
#10380 = EDGE_LOOP('',(#10381,#10391,#10397,#10398));
#10381 = ORIENTED_EDGE('',*,*,#10382,.F.);
#10382 = EDGE_CURVE('',#10383,#10385,#10387,.T.);
#10383 = VERTEX_POINT('',#10384);
#10384 = CARTESIAN_POINT('',(-3.641131007849,2.344313044683,19.85));
#10385 = VERTEX_POINT('',#10386);
#10386 = CARTESIAN_POINT('',(-2.025131007849,2.344313044683,19.85));
#10387 = LINE('',#10388,#10389);
#10388 = CARTESIAN_POINT('',(-3.641131007849,2.344313044683,19.85));
#10389 = VECTOR('',#10390,1.);
#10390 = DIRECTION('',(1.,0.,0.));
#10391 = ORIENTED_EDGE('',*,*,#10392,.T.);
#10392 = EDGE_CURVE('',#10383,#5154,#10393,.T.);
#10393 = LINE('',#10394,#10395);
#10394 = CARTESIAN_POINT('',(-3.641131007849,2.344313044683,19.85));
#10395 = VECTOR('',#10396,1.);
#10396 = DIRECTION('',(0.,0.,1.));
#10397 = ORIENTED_EDGE('',*,*,#5153,.T.);
#10398 = ORIENTED_EDGE('',*,*,#10399,.F.);
#10399 = EDGE_CURVE('',#10385,#5156,#10400,.T.);
#10400 = LINE('',#10401,#10402);
#10401 = CARTESIAN_POINT('',(-2.025131007849,2.344313044683,19.85));
#10402 = VECTOR('',#10403,1.);
#10403 = DIRECTION('',(0.,0.,1.));
#10404 = PLANE('',#10405);
#10405 = AXIS2_PLACEMENT_3D('',#10406,#10407,#10408);
#10406 = CARTESIAN_POINT('',(-3.641131007849,2.344313044683,19.85));
#10407 = DIRECTION('',(0.,1.,0.));
#10408 = DIRECTION('',(0.,0.,1.));
#10409 = ADVANCED_FACE('',(#10410),#10428,.T.);
#10410 = FACE_BOUND('',#10411,.T.);
#10411 = EDGE_LOOP('',(#10412,#10413,#10421,#10427));
#10412 = ORIENTED_EDGE('',*,*,#10399,.F.);
#10413 = ORIENTED_EDGE('',*,*,#10414,.T.);
#10414 = EDGE_CURVE('',#10385,#10415,#10417,.T.);
#10415 = VERTEX_POINT('',#10416);
#10416 = CARTESIAN_POINT('',(-2.025131007849,2.944313044683,19.85));
#10417 = LINE('',#10418,#10419);
#10418 = CARTESIAN_POINT('',(-2.025131007849,2.344313044683,19.85));
#10419 = VECTOR('',#10420,1.);
#10420 = DIRECTION('',(0.,1.,0.));
#10421 = ORIENTED_EDGE('',*,*,#10422,.T.);
#10422 = EDGE_CURVE('',#10415,#5172,#10423,.T.);
#10423 = LINE('',#10424,#10425);
#10424 = CARTESIAN_POINT('',(-2.025131007849,2.944313044683,19.85));
#10425 = VECTOR('',#10426,1.);
#10426 = DIRECTION('',(0.,0.,1.));
#10427 = ORIENTED_EDGE('',*,*,#5179,.F.);
#10428 = PLANE('',#10429);
#10429 = AXIS2_PLACEMENT_3D('',#10430,#10431,#10432);
#10430 = CARTESIAN_POINT('',(-2.025131007849,2.344313044683,19.85));
#10431 = DIRECTION('',(1.,0.,0.));
#10432 = DIRECTION('',(0.,0.,1.));
#10433 = ADVANCED_FACE('',(#10434),#10452,.T.);
#10434 = FACE_BOUND('',#10435,.T.);
#10435 = EDGE_LOOP('',(#10436,#10444,#10450,#10451));
#10436 = ORIENTED_EDGE('',*,*,#10437,.F.);
#10437 = EDGE_CURVE('',#10438,#10415,#10440,.T.);
#10438 = VERTEX_POINT('',#10439);
#10439 = CARTESIAN_POINT('',(-3.641131007849,2.944313044683,19.85));
#10440 = LINE('',#10441,#10442);
#10441 = CARTESIAN_POINT('',(-3.641131007849,2.944313044683,19.85));
#10442 = VECTOR('',#10443,1.);
#10443 = DIRECTION('',(1.,0.,0.));
#10444 = ORIENTED_EDGE('',*,*,#10445,.T.);
#10445 = EDGE_CURVE('',#10438,#5164,#10446,.T.);
#10446 = LINE('',#10447,#10448);
#10447 = CARTESIAN_POINT('',(-3.641131007849,2.944313044683,19.85));
#10448 = VECTOR('',#10449,1.);
#10449 = DIRECTION('',(0.,0.,1.));
#10450 = ORIENTED_EDGE('',*,*,#5171,.T.);
#10451 = ORIENTED_EDGE('',*,*,#10422,.F.);
#10452 = PLANE('',#10453);
#10453 = AXIS2_PLACEMENT_3D('',#10454,#10455,#10456);
#10454 = CARTESIAN_POINT('',(-3.641131007849,2.944313044683,19.85));
#10455 = DIRECTION('',(0.,1.,0.));
#10456 = DIRECTION('',(0.,0.,1.));
#10457 = ADVANCED_FACE('',(#10458),#10469,.F.);
#10458 = FACE_BOUND('',#10459,.F.);
#10459 = EDGE_LOOP('',(#10460,#10461,#10467,#10468));
#10460 = ORIENTED_EDGE('',*,*,#10392,.F.);
#10461 = ORIENTED_EDGE('',*,*,#10462,.T.);
#10462 = EDGE_CURVE('',#10383,#10438,#10463,.T.);
#10463 = LINE('',#10464,#10465);
#10464 = CARTESIAN_POINT('',(-3.641131007849,2.344313044683,19.85));
#10465 = VECTOR('',#10466,1.);
#10466 = DIRECTION('',(0.,1.,0.));
#10467 = ORIENTED_EDGE('',*,*,#10445,.T.);
#10468 = ORIENTED_EDGE('',*,*,#5163,.F.);
#10469 = PLANE('',#10470);
#10470 = AXIS2_PLACEMENT_3D('',#10471,#10472,#10473);
#10471 = CARTESIAN_POINT('',(-3.641131007849,2.344313044683,19.85));
#10472 = DIRECTION('',(1.,0.,0.));
#10473 = DIRECTION('',(0.,0.,1.));
#10474 = ADVANCED_FACE('',(#10475),#10500,.F.);
#10475 = FACE_BOUND('',#10476,.F.);
#10476 = EDGE_LOOP('',(#10477,#10487,#10493,#10494));
#10477 = ORIENTED_EDGE('',*,*,#10478,.F.);
#10478 = EDGE_CURVE('',#10479,#10481,#10483,.T.);
#10479 = VERTEX_POINT('',#10480);
#10480 = CARTESIAN_POINT('',(-7.469297624504,7.780430063812,19.85));
#10481 = VERTEX_POINT('',#10482);
#10482 = CARTESIAN_POINT('',(-7.469297624504,6.164430063812,19.85));
#10483 = LINE('',#10484,#10485);
#10484 = CARTESIAN_POINT('',(-7.469297624504,7.780430063812,19.85));
#10485 = VECTOR('',#10486,1.);
#10486 = DIRECTION('',(1.110223024625E-16,-1.,0.));
#10487 = ORIENTED_EDGE('',*,*,#10488,.T.);
#10488 = EDGE_CURVE('',#10479,#5188,#10489,.T.);
#10489 = LINE('',#10490,#10491);
#10490 = CARTESIAN_POINT('',(-7.469297624504,7.780430063812,19.85));
#10491 = VECTOR('',#10492,1.);
#10492 = DIRECTION('',(0.,0.,1.));
#10493 = ORIENTED_EDGE('',*,*,#5187,.T.);
#10494 = ORIENTED_EDGE('',*,*,#10495,.F.);
#10495 = EDGE_CURVE('',#10481,#5190,#10496,.T.);
#10496 = LINE('',#10497,#10498);
#10497 = CARTESIAN_POINT('',(-7.469297624504,6.164430063812,19.85));
#10498 = VECTOR('',#10499,1.);
#10499 = DIRECTION('',(0.,0.,1.));
#10500 = PLANE('',#10501);
#10501 = AXIS2_PLACEMENT_3D('',#10502,#10503,#10504);
#10502 = CARTESIAN_POINT('',(-7.469297624504,7.780430063812,19.85));
#10503 = DIRECTION('',(1.,1.110223024625E-16,0.));
#10504 = DIRECTION('',(0.,0.,1.));
#10505 = ADVANCED_FACE('',(#10506),#10524,.T.);
#10506 = FACE_BOUND('',#10507,.T.);
#10507 = EDGE_LOOP('',(#10508,#10509,#10517,#10523));
#10508 = ORIENTED_EDGE('',*,*,#10495,.F.);
#10509 = ORIENTED_EDGE('',*,*,#10510,.T.);
#10510 = EDGE_CURVE('',#10481,#10511,#10513,.T.);
#10511 = VERTEX_POINT('',#10512);
#10512 = CARTESIAN_POINT('',(-6.869297624504,6.164430063812,19.85));
#10513 = LINE('',#10514,#10515);
#10514 = CARTESIAN_POINT('',(-7.469297624504,6.164430063812,19.85));
#10515 = VECTOR('',#10516,1.);
#10516 = DIRECTION('',(1.,1.110223024625E-16,0.));
#10517 = ORIENTED_EDGE('',*,*,#10518,.T.);
#10518 = EDGE_CURVE('',#10511,#5206,#10519,.T.);
#10519 = LINE('',#10520,#10521);
#10520 = CARTESIAN_POINT('',(-6.869297624504,6.164430063812,19.85));
#10521 = VECTOR('',#10522,1.);
#10522 = DIRECTION('',(0.,0.,1.));
#10523 = ORIENTED_EDGE('',*,*,#5213,.F.);
#10524 = PLANE('',#10525);
#10525 = AXIS2_PLACEMENT_3D('',#10526,#10527,#10528);
#10526 = CARTESIAN_POINT('',(-7.469297624504,6.164430063812,19.85));
#10527 = DIRECTION('',(1.110223024625E-16,-1.,0.));
#10528 = DIRECTION('',(0.,0.,1.));
#10529 = ADVANCED_FACE('',(#10530),#10548,.T.);
#10530 = FACE_BOUND('',#10531,.T.);
#10531 = EDGE_LOOP('',(#10532,#10540,#10546,#10547));
#10532 = ORIENTED_EDGE('',*,*,#10533,.F.);
#10533 = EDGE_CURVE('',#10534,#10511,#10536,.T.);
#10534 = VERTEX_POINT('',#10535);
#10535 = CARTESIAN_POINT('',(-6.869297624504,7.780430063812,19.85));
#10536 = LINE('',#10537,#10538);
#10537 = CARTESIAN_POINT('',(-6.869297624504,7.780430063812,19.85));
#10538 = VECTOR('',#10539,1.);
#10539 = DIRECTION('',(1.110223024625E-16,-1.,0.));
#10540 = ORIENTED_EDGE('',*,*,#10541,.T.);
#10541 = EDGE_CURVE('',#10534,#5198,#10542,.T.);
#10542 = LINE('',#10543,#10544);
#10543 = CARTESIAN_POINT('',(-6.869297624504,7.780430063812,19.85));
#10544 = VECTOR('',#10545,1.);
#10545 = DIRECTION('',(0.,0.,1.));
#10546 = ORIENTED_EDGE('',*,*,#5205,.T.);
#10547 = ORIENTED_EDGE('',*,*,#10518,.F.);
#10548 = PLANE('',#10549);
#10549 = AXIS2_PLACEMENT_3D('',#10550,#10551,#10552);
#10550 = CARTESIAN_POINT('',(-6.869297624504,7.780430063812,19.85));
#10551 = DIRECTION('',(1.,1.110223024625E-16,0.));
#10552 = DIRECTION('',(0.,0.,1.));
#10553 = ADVANCED_FACE('',(#10554),#10565,.F.);
#10554 = FACE_BOUND('',#10555,.F.);
#10555 = EDGE_LOOP('',(#10556,#10557,#10563,#10564));
#10556 = ORIENTED_EDGE('',*,*,#10488,.F.);
#10557 = ORIENTED_EDGE('',*,*,#10558,.T.);
#10558 = EDGE_CURVE('',#10479,#10534,#10559,.T.);
#10559 = LINE('',#10560,#10561);
#10560 = CARTESIAN_POINT('',(-7.469297624504,7.780430063812,19.85));
#10561 = VECTOR('',#10562,1.);
#10562 = DIRECTION('',(1.,1.110223024625E-16,0.));
#10563 = ORIENTED_EDGE('',*,*,#10541,.T.);
#10564 = ORIENTED_EDGE('',*,*,#5197,.F.);
#10565 = PLANE('',#10566);
#10566 = AXIS2_PLACEMENT_3D('',#10567,#10568,#10569);
#10567 = CARTESIAN_POINT('',(-7.469297624504,7.780430063812,19.85));
#10568 = DIRECTION('',(1.110223024625E-16,-1.,0.));
#10569 = DIRECTION('',(0.,0.,1.));
#10570 = ADVANCED_FACE('',(#10571),#10596,.F.);
#10571 = FACE_BOUND('',#10572,.F.);
#10572 = EDGE_LOOP('',(#10573,#10583,#10589,#10590));
#10573 = ORIENTED_EDGE('',*,*,#10574,.F.);
#10574 = EDGE_CURVE('',#10575,#10577,#10579,.T.);
#10575 = VERTEX_POINT('',#10576);
#10576 = CARTESIAN_POINT('',(-3.888848287243,4.382182920677,19.85));
#10577 = VERTEX_POINT('',#10578);
#10578 = CARTESIAN_POINT('',(-2.272848287243,4.382182920677,19.85));
#10579 = LINE('',#10580,#10581);
#10580 = CARTESIAN_POINT('',(-3.888848287243,4.382182920677,19.85));
#10581 = VECTOR('',#10582,1.);
#10582 = DIRECTION('',(1.,0.,0.));
#10583 = ORIENTED_EDGE('',*,*,#10584,.T.);
#10584 = EDGE_CURVE('',#10575,#5222,#10585,.T.);
#10585 = LINE('',#10586,#10587);
#10586 = CARTESIAN_POINT('',(-3.888848287243,4.382182920677,19.85));
#10587 = VECTOR('',#10588,1.);
#10588 = DIRECTION('',(0.,0.,1.));
#10589 = ORIENTED_EDGE('',*,*,#5221,.T.);
#10590 = ORIENTED_EDGE('',*,*,#10591,.F.);
#10591 = EDGE_CURVE('',#10577,#5224,#10592,.T.);
#10592 = LINE('',#10593,#10594);
#10593 = CARTESIAN_POINT('',(-2.272848287243,4.382182920677,19.85));
#10594 = VECTOR('',#10595,1.);
#10595 = DIRECTION('',(0.,0.,1.));
#10596 = PLANE('',#10597);
#10597 = AXIS2_PLACEMENT_3D('',#10598,#10599,#10600);
#10598 = CARTESIAN_POINT('',(-3.888848287243,4.382182920677,19.85));
#10599 = DIRECTION('',(0.,1.,0.));
#10600 = DIRECTION('',(0.,0.,1.));
#10601 = ADVANCED_FACE('',(#10602),#10620,.T.);
#10602 = FACE_BOUND('',#10603,.T.);
#10603 = EDGE_LOOP('',(#10604,#10605,#10613,#10619));
#10604 = ORIENTED_EDGE('',*,*,#10591,.F.);
#10605 = ORIENTED_EDGE('',*,*,#10606,.T.);
#10606 = EDGE_CURVE('',#10577,#10607,#10609,.T.);
#10607 = VERTEX_POINT('',#10608);
#10608 = CARTESIAN_POINT('',(-2.272848287243,4.982182920677,19.85));
#10609 = LINE('',#10610,#10611);
#10610 = CARTESIAN_POINT('',(-2.272848287243,4.382182920677,19.85));
#10611 = VECTOR('',#10612,1.);
#10612 = DIRECTION('',(0.,1.,0.));
#10613 = ORIENTED_EDGE('',*,*,#10614,.T.);
#10614 = EDGE_CURVE('',#10607,#5240,#10615,.T.);
#10615 = LINE('',#10616,#10617);
#10616 = CARTESIAN_POINT('',(-2.272848287243,4.982182920677,19.85));
#10617 = VECTOR('',#10618,1.);
#10618 = DIRECTION('',(0.,0.,1.));
#10619 = ORIENTED_EDGE('',*,*,#5247,.F.);
#10620 = PLANE('',#10621);
#10621 = AXIS2_PLACEMENT_3D('',#10622,#10623,#10624);
#10622 = CARTESIAN_POINT('',(-2.272848287243,4.382182920677,19.85));
#10623 = DIRECTION('',(1.,0.,0.));
#10624 = DIRECTION('',(0.,0.,1.));
#10625 = ADVANCED_FACE('',(#10626),#10644,.T.);
#10626 = FACE_BOUND('',#10627,.T.);
#10627 = EDGE_LOOP('',(#10628,#10636,#10642,#10643));
#10628 = ORIENTED_EDGE('',*,*,#10629,.F.);
#10629 = EDGE_CURVE('',#10630,#10607,#10632,.T.);
#10630 = VERTEX_POINT('',#10631);
#10631 = CARTESIAN_POINT('',(-3.888848287243,4.982182920677,19.85));
#10632 = LINE('',#10633,#10634);
#10633 = CARTESIAN_POINT('',(-3.888848287243,4.982182920677,19.85));
#10634 = VECTOR('',#10635,1.);
#10635 = DIRECTION('',(1.,0.,0.));
#10636 = ORIENTED_EDGE('',*,*,#10637,.T.);
#10637 = EDGE_CURVE('',#10630,#5232,#10638,.T.);
#10638 = LINE('',#10639,#10640);
#10639 = CARTESIAN_POINT('',(-3.888848287243,4.982182920677,19.85));
#10640 = VECTOR('',#10641,1.);
#10641 = DIRECTION('',(0.,0.,1.));
#10642 = ORIENTED_EDGE('',*,*,#5239,.T.);
#10643 = ORIENTED_EDGE('',*,*,#10614,.F.);
#10644 = PLANE('',#10645);
#10645 = AXIS2_PLACEMENT_3D('',#10646,#10647,#10648);
#10646 = CARTESIAN_POINT('',(-3.888848287243,4.982182920677,19.85));
#10647 = DIRECTION('',(0.,1.,0.));
#10648 = DIRECTION('',(0.,0.,1.));
#10649 = ADVANCED_FACE('',(#10650),#10661,.F.);
#10650 = FACE_BOUND('',#10651,.F.);
#10651 = EDGE_LOOP('',(#10652,#10653,#10659,#10660));
#10652 = ORIENTED_EDGE('',*,*,#10584,.F.);
#10653 = ORIENTED_EDGE('',*,*,#10654,.T.);
#10654 = EDGE_CURVE('',#10575,#10630,#10655,.T.);
#10655 = LINE('',#10656,#10657);
#10656 = CARTESIAN_POINT('',(-3.888848287243,4.382182920677,19.85));
#10657 = VECTOR('',#10658,1.);
#10658 = DIRECTION('',(0.,1.,0.));
#10659 = ORIENTED_EDGE('',*,*,#10637,.T.);
#10660 = ORIENTED_EDGE('',*,*,#5231,.F.);
#10661 = PLANE('',#10662);
#10662 = AXIS2_PLACEMENT_3D('',#10663,#10664,#10665);
#10663 = CARTESIAN_POINT('',(-3.888848287243,4.382182920677,19.85));
#10664 = DIRECTION('',(1.,0.,0.));
#10665 = DIRECTION('',(0.,0.,1.));
#10666 = ADVANCED_FACE('',(#10667),#10692,.F.);
#10667 = FACE_BOUND('',#10668,.F.);
#10668 = EDGE_LOOP('',(#10669,#10679,#10685,#10686));
#10669 = ORIENTED_EDGE('',*,*,#10670,.F.);
#10670 = EDGE_CURVE('',#10671,#10673,#10675,.T.);
#10671 = VERTEX_POINT('',#10672);
#10672 = CARTESIAN_POINT('',(-3.893657265528,7.018762377457,19.85));
#10673 = VERTEX_POINT('',#10674);
#10674 = CARTESIAN_POINT('',(-2.277657265528,7.018762377457,19.85));
#10675 = LINE('',#10676,#10677);
#10676 = CARTESIAN_POINT('',(-3.893657265528,7.018762377457,19.85));
#10677 = VECTOR('',#10678,1.);
#10678 = DIRECTION('',(1.,0.,0.));
#10679 = ORIENTED_EDGE('',*,*,#10680,.T.);
#10680 = EDGE_CURVE('',#10671,#5256,#10681,.T.);
#10681 = LINE('',#10682,#10683);
#10682 = CARTESIAN_POINT('',(-3.893657265528,7.018762377457,19.85));
#10683 = VECTOR('',#10684,1.);
#10684 = DIRECTION('',(0.,0.,1.));
#10685 = ORIENTED_EDGE('',*,*,#5255,.T.);
#10686 = ORIENTED_EDGE('',*,*,#10687,.F.);
#10687 = EDGE_CURVE('',#10673,#5258,#10688,.T.);
#10688 = LINE('',#10689,#10690);
#10689 = CARTESIAN_POINT('',(-2.277657265528,7.018762377457,19.85));
#10690 = VECTOR('',#10691,1.);
#10691 = DIRECTION('',(0.,0.,1.));
#10692 = PLANE('',#10693);
#10693 = AXIS2_PLACEMENT_3D('',#10694,#10695,#10696);
#10694 = CARTESIAN_POINT('',(-3.893657265528,7.018762377457,19.85));
#10695 = DIRECTION('',(0.,1.,0.));
#10696 = DIRECTION('',(0.,0.,1.));
#10697 = ADVANCED_FACE('',(#10698),#10716,.T.);
#10698 = FACE_BOUND('',#10699,.T.);
#10699 = EDGE_LOOP('',(#10700,#10701,#10709,#10715));
#10700 = ORIENTED_EDGE('',*,*,#10687,.F.);
#10701 = ORIENTED_EDGE('',*,*,#10702,.T.);
#10702 = EDGE_CURVE('',#10673,#10703,#10705,.T.);
#10703 = VERTEX_POINT('',#10704);
#10704 = CARTESIAN_POINT('',(-2.277657265528,7.618762377457,19.85));
#10705 = LINE('',#10706,#10707);
#10706 = CARTESIAN_POINT('',(-2.277657265528,7.018762377457,19.85));
#10707 = VECTOR('',#10708,1.);
#10708 = DIRECTION('',(0.,1.,0.));
#10709 = ORIENTED_EDGE('',*,*,#10710,.T.);
#10710 = EDGE_CURVE('',#10703,#5274,#10711,.T.);
#10711 = LINE('',#10712,#10713);
#10712 = CARTESIAN_POINT('',(-2.277657265528,7.618762377457,19.85));
#10713 = VECTOR('',#10714,1.);
#10714 = DIRECTION('',(0.,0.,1.));
#10715 = ORIENTED_EDGE('',*,*,#5281,.F.);
#10716 = PLANE('',#10717);
#10717 = AXIS2_PLACEMENT_3D('',#10718,#10719,#10720);
#10718 = CARTESIAN_POINT('',(-2.277657265528,7.018762377457,19.85));
#10719 = DIRECTION('',(1.,0.,0.));
#10720 = DIRECTION('',(0.,0.,1.));
#10721 = ADVANCED_FACE('',(#10722),#10740,.T.);
#10722 = FACE_BOUND('',#10723,.T.);
#10723 = EDGE_LOOP('',(#10724,#10732,#10738,#10739));
#10724 = ORIENTED_EDGE('',*,*,#10725,.F.);
#10725 = EDGE_CURVE('',#10726,#10703,#10728,.T.);
#10726 = VERTEX_POINT('',#10727);
#10727 = CARTESIAN_POINT('',(-3.893657265528,7.618762377457,19.85));
#10728 = LINE('',#10729,#10730);
#10729 = CARTESIAN_POINT('',(-3.893657265528,7.618762377457,19.85));
#10730 = VECTOR('',#10731,1.);
#10731 = DIRECTION('',(1.,0.,0.));
#10732 = ORIENTED_EDGE('',*,*,#10733,.T.);
#10733 = EDGE_CURVE('',#10726,#5266,#10734,.T.);
#10734 = LINE('',#10735,#10736);
#10735 = CARTESIAN_POINT('',(-3.893657265528,7.618762377457,19.85));
#10736 = VECTOR('',#10737,1.);
#10737 = DIRECTION('',(0.,0.,1.));
#10738 = ORIENTED_EDGE('',*,*,#5273,.T.);
#10739 = ORIENTED_EDGE('',*,*,#10710,.F.);
#10740 = PLANE('',#10741);
#10741 = AXIS2_PLACEMENT_3D('',#10742,#10743,#10744);
#10742 = CARTESIAN_POINT('',(-3.893657265528,7.618762377457,19.85));
#10743 = DIRECTION('',(0.,1.,0.));
#10744 = DIRECTION('',(0.,0.,1.));
#10745 = ADVANCED_FACE('',(#10746),#10757,.F.);
#10746 = FACE_BOUND('',#10747,.F.);
#10747 = EDGE_LOOP('',(#10748,#10749,#10755,#10756));
#10748 = ORIENTED_EDGE('',*,*,#10680,.F.);
#10749 = ORIENTED_EDGE('',*,*,#10750,.T.);
#10750 = EDGE_CURVE('',#10671,#10726,#10751,.T.);
#10751 = LINE('',#10752,#10753);
#10752 = CARTESIAN_POINT('',(-3.893657265528,7.018762377457,19.85));
#10753 = VECTOR('',#10754,1.);
#10754 = DIRECTION('',(0.,1.,0.));
#10755 = ORIENTED_EDGE('',*,*,#10733,.T.);
#10756 = ORIENTED_EDGE('',*,*,#5265,.F.);
#10757 = PLANE('',#10758);
#10758 = AXIS2_PLACEMENT_3D('',#10759,#10760,#10761);
#10759 = CARTESIAN_POINT('',(-3.893657265528,7.018762377457,19.85));
#10760 = DIRECTION('',(1.,0.,0.));
#10761 = DIRECTION('',(0.,0.,1.));
#10762 = ADVANCED_FACE('',(#10763),#10788,.F.);
#10763 = FACE_BOUND('',#10764,.F.);
#10764 = EDGE_LOOP('',(#10765,#10775,#10781,#10782));
#10765 = ORIENTED_EDGE('',*,*,#10766,.F.);
#10766 = EDGE_CURVE('',#10767,#10769,#10771,.T.);
#10767 = VERTEX_POINT('',#10768);
#10768 = CARTESIAN_POINT('',(-11.78841937245,14.333276953511,19.4));
#10769 = VERTEX_POINT('',#10770);
#10770 = CARTESIAN_POINT('',(-14.82841937245,14.333276953511,19.4));
#10771 = LINE('',#10772,#10773);
#10772 = CARTESIAN_POINT('',(-11.78841937245,14.333276953511,19.4));
#10773 = VECTOR('',#10774,1.);
#10774 = DIRECTION('',(-1.,-1.224646799147E-16,0.));
#10775 = ORIENTED_EDGE('',*,*,#10776,.T.);
#10776 = EDGE_CURVE('',#10767,#5290,#10777,.T.);
#10777 = LINE('',#10778,#10779);
#10778 = CARTESIAN_POINT('',(-11.78841937245,14.333276953511,19.4));
#10779 = VECTOR('',#10780,1.);
#10780 = DIRECTION('',(0.,0.,1.));
#10781 = ORIENTED_EDGE('',*,*,#5289,.T.);
#10782 = ORIENTED_EDGE('',*,*,#10783,.F.);
#10783 = EDGE_CURVE('',#10769,#5292,#10784,.T.);
#10784 = LINE('',#10785,#10786);
#10785 = CARTESIAN_POINT('',(-14.82841937245,14.333276953511,19.4));
#10786 = VECTOR('',#10787,1.);
#10787 = DIRECTION('',(0.,0.,1.));
#10788 = PLANE('',#10789);
#10789 = AXIS2_PLACEMENT_3D('',#10790,#10791,#10792);
#10790 = CARTESIAN_POINT('',(-11.78841937245,14.333276953511,19.4));
#10791 = DIRECTION('',(1.224646799147E-16,-1.,0.));
#10792 = DIRECTION('',(0.,0.,1.));
#10793 = ADVANCED_FACE('',(#10794),#10812,.T.);
#10794 = FACE_BOUND('',#10795,.T.);
#10795 = EDGE_LOOP('',(#10796,#10797,#10805,#10811));
#10796 = ORIENTED_EDGE('',*,*,#10783,.F.);
#10797 = ORIENTED_EDGE('',*,*,#10798,.T.);
#10798 = EDGE_CURVE('',#10769,#10799,#10801,.T.);
#10799 = VERTEX_POINT('',#10800);
#10800 = CARTESIAN_POINT('',(-14.82841937245,12.933276953511,19.4));
#10801 = LINE('',#10802,#10803);
#10802 = CARTESIAN_POINT('',(-14.82841937245,14.333276953511,19.4));
#10803 = VECTOR('',#10804,1.);
#10804 = DIRECTION('',(1.224646799147E-16,-1.,0.));
#10805 = ORIENTED_EDGE('',*,*,#10806,.T.);
#10806 = EDGE_CURVE('',#10799,#5308,#10807,.T.);
#10807 = LINE('',#10808,#10809);
#10808 = CARTESIAN_POINT('',(-14.82841937245,12.933276953511,19.4));
#10809 = VECTOR('',#10810,1.);
#10810 = DIRECTION('',(0.,0.,1.));
#10811 = ORIENTED_EDGE('',*,*,#5315,.F.);
#10812 = PLANE('',#10813);
#10813 = AXIS2_PLACEMENT_3D('',#10814,#10815,#10816);
#10814 = CARTESIAN_POINT('',(-14.82841937245,14.333276953511,19.4));
#10815 = DIRECTION('',(-1.,-1.224646799147E-16,0.));
#10816 = DIRECTION('',(0.,0.,1.));
#10817 = ADVANCED_FACE('',(#10818),#10836,.T.);
#10818 = FACE_BOUND('',#10819,.T.);
#10819 = EDGE_LOOP('',(#10820,#10828,#10834,#10835));
#10820 = ORIENTED_EDGE('',*,*,#10821,.F.);
#10821 = EDGE_CURVE('',#10822,#10799,#10824,.T.);
#10822 = VERTEX_POINT('',#10823);
#10823 = CARTESIAN_POINT('',(-11.78841937245,12.933276953511,19.4));
#10824 = LINE('',#10825,#10826);
#10825 = CARTESIAN_POINT('',(-11.78841937245,12.933276953511,19.4));
#10826 = VECTOR('',#10827,1.);
#10827 = DIRECTION('',(-1.,-1.224646799147E-16,0.));
#10828 = ORIENTED_EDGE('',*,*,#10829,.T.);
#10829 = EDGE_CURVE('',#10822,#5300,#10830,.T.);
#10830 = LINE('',#10831,#10832);
#10831 = CARTESIAN_POINT('',(-11.78841937245,12.933276953511,19.4));
#10832 = VECTOR('',#10833,1.);
#10833 = DIRECTION('',(0.,0.,1.));
#10834 = ORIENTED_EDGE('',*,*,#5307,.T.);
#10835 = ORIENTED_EDGE('',*,*,#10806,.F.);
#10836 = PLANE('',#10837);
#10837 = AXIS2_PLACEMENT_3D('',#10838,#10839,#10840);
#10838 = CARTESIAN_POINT('',(-11.78841937245,12.933276953511,19.4));
#10839 = DIRECTION('',(1.224646799147E-16,-1.,0.));
#10840 = DIRECTION('',(0.,0.,1.));
#10841 = ADVANCED_FACE('',(#10842),#10853,.F.);
#10842 = FACE_BOUND('',#10843,.F.);
#10843 = EDGE_LOOP('',(#10844,#10845,#10851,#10852));
#10844 = ORIENTED_EDGE('',*,*,#10776,.F.);
#10845 = ORIENTED_EDGE('',*,*,#10846,.T.);
#10846 = EDGE_CURVE('',#10767,#10822,#10847,.T.);
#10847 = LINE('',#10848,#10849);
#10848 = CARTESIAN_POINT('',(-11.78841937245,14.333276953511,19.4));
#10849 = VECTOR('',#10850,1.);
#10850 = DIRECTION('',(1.224646799147E-16,-1.,0.));
#10851 = ORIENTED_EDGE('',*,*,#10829,.T.);
#10852 = ORIENTED_EDGE('',*,*,#5299,.F.);
#10853 = PLANE('',#10854);
#10854 = AXIS2_PLACEMENT_3D('',#10855,#10856,#10857);
#10855 = CARTESIAN_POINT('',(-11.78841937245,14.333276953511,19.4));
#10856 = DIRECTION('',(-1.,-1.224646799147E-16,0.));
#10857 = DIRECTION('',(0.,0.,1.));
#10858 = ADVANCED_FACE('',(#10859),#10884,.F.);
#10859 = FACE_BOUND('',#10860,.F.);
#10860 = EDGE_LOOP('',(#10861,#10871,#10877,#10878));
#10861 = ORIENTED_EDGE('',*,*,#10862,.F.);
#10862 = EDGE_CURVE('',#10863,#10865,#10867,.T.);
#10863 = VERTEX_POINT('',#10864);
#10864 = CARTESIAN_POINT('',(-5.296514389518,8.397837891382,19.85));
#10865 = VERTEX_POINT('',#10866);
#10866 = CARTESIAN_POINT('',(-3.680514389518,8.397837891382,19.85));
#10867 = LINE('',#10868,#10869);
#10868 = CARTESIAN_POINT('',(-5.296514389518,8.397837891382,19.85));
#10869 = VECTOR('',#10870,1.);
#10870 = DIRECTION('',(1.,0.,0.));
#10871 = ORIENTED_EDGE('',*,*,#10872,.T.);
#10872 = EDGE_CURVE('',#10863,#5324,#10873,.T.);
#10873 = LINE('',#10874,#10875);
#10874 = CARTESIAN_POINT('',(-5.296514389518,8.397837891382,19.85));
#10875 = VECTOR('',#10876,1.);
#10876 = DIRECTION('',(0.,0.,1.));
#10877 = ORIENTED_EDGE('',*,*,#5323,.T.);
#10878 = ORIENTED_EDGE('',*,*,#10879,.F.);
#10879 = EDGE_CURVE('',#10865,#5326,#10880,.T.);
#10880 = LINE('',#10881,#10882);
#10881 = CARTESIAN_POINT('',(-3.680514389518,8.397837891382,19.85));
#10882 = VECTOR('',#10883,1.);
#10883 = DIRECTION('',(0.,0.,1.));
#10884 = PLANE('',#10885);
#10885 = AXIS2_PLACEMENT_3D('',#10886,#10887,#10888);
#10886 = CARTESIAN_POINT('',(-5.296514389518,8.397837891382,19.85));
#10887 = DIRECTION('',(0.,1.,0.));
#10888 = DIRECTION('',(0.,0.,1.));
#10889 = ADVANCED_FACE('',(#10890),#10908,.T.);
#10890 = FACE_BOUND('',#10891,.T.);
#10891 = EDGE_LOOP('',(#10892,#10893,#10901,#10907));
#10892 = ORIENTED_EDGE('',*,*,#10879,.F.);
#10893 = ORIENTED_EDGE('',*,*,#10894,.T.);
#10894 = EDGE_CURVE('',#10865,#10895,#10897,.T.);
#10895 = VERTEX_POINT('',#10896);
#10896 = CARTESIAN_POINT('',(-3.680514389518,8.997837891382,19.85));
#10897 = LINE('',#10898,#10899);
#10898 = CARTESIAN_POINT('',(-3.680514389518,8.397837891382,19.85));
#10899 = VECTOR('',#10900,1.);
#10900 = DIRECTION('',(0.,1.,0.));
#10901 = ORIENTED_EDGE('',*,*,#10902,.T.);
#10902 = EDGE_CURVE('',#10895,#5342,#10903,.T.);
#10903 = LINE('',#10904,#10905);
#10904 = CARTESIAN_POINT('',(-3.680514389518,8.997837891382,19.85));
#10905 = VECTOR('',#10906,1.);
#10906 = DIRECTION('',(0.,0.,1.));
#10907 = ORIENTED_EDGE('',*,*,#5349,.F.);
#10908 = PLANE('',#10909);
#10909 = AXIS2_PLACEMENT_3D('',#10910,#10911,#10912);
#10910 = CARTESIAN_POINT('',(-3.680514389518,8.397837891382,19.85));
#10911 = DIRECTION('',(1.,0.,0.));
#10912 = DIRECTION('',(0.,0.,1.));
#10913 = ADVANCED_FACE('',(#10914),#10932,.T.);
#10914 = FACE_BOUND('',#10915,.T.);
#10915 = EDGE_LOOP('',(#10916,#10924,#10930,#10931));
#10916 = ORIENTED_EDGE('',*,*,#10917,.F.);
#10917 = EDGE_CURVE('',#10918,#10895,#10920,.T.);
#10918 = VERTEX_POINT('',#10919);
#10919 = CARTESIAN_POINT('',(-5.296514389518,8.997837891382,19.85));
#10920 = LINE('',#10921,#10922);
#10921 = CARTESIAN_POINT('',(-5.296514389518,8.997837891382,19.85));
#10922 = VECTOR('',#10923,1.);
#10923 = DIRECTION('',(1.,0.,0.));
#10924 = ORIENTED_EDGE('',*,*,#10925,.T.);
#10925 = EDGE_CURVE('',#10918,#5334,#10926,.T.);
#10926 = LINE('',#10927,#10928);
#10927 = CARTESIAN_POINT('',(-5.296514389518,8.997837891382,19.85));
#10928 = VECTOR('',#10929,1.);
#10929 = DIRECTION('',(0.,0.,1.));
#10930 = ORIENTED_EDGE('',*,*,#5341,.T.);
#10931 = ORIENTED_EDGE('',*,*,#10902,.F.);
#10932 = PLANE('',#10933);
#10933 = AXIS2_PLACEMENT_3D('',#10934,#10935,#10936);
#10934 = CARTESIAN_POINT('',(-5.296514389518,8.997837891382,19.85));
#10935 = DIRECTION('',(0.,1.,0.));
#10936 = DIRECTION('',(0.,0.,1.));
#10937 = ADVANCED_FACE('',(#10938),#10949,.F.);
#10938 = FACE_BOUND('',#10939,.F.);
#10939 = EDGE_LOOP('',(#10940,#10941,#10947,#10948));
#10940 = ORIENTED_EDGE('',*,*,#10872,.F.);
#10941 = ORIENTED_EDGE('',*,*,#10942,.T.);
#10942 = EDGE_CURVE('',#10863,#10918,#10943,.T.);
#10943 = LINE('',#10944,#10945);
#10944 = CARTESIAN_POINT('',(-5.296514389518,8.397837891382,19.85));
#10945 = VECTOR('',#10946,1.);
#10946 = DIRECTION('',(0.,1.,0.));
#10947 = ORIENTED_EDGE('',*,*,#10925,.T.);
#10948 = ORIENTED_EDGE('',*,*,#5333,.F.);
#10949 = PLANE('',#10950);
#10950 = AXIS2_PLACEMENT_3D('',#10951,#10952,#10953);
#10951 = CARTESIAN_POINT('',(-5.296514389518,8.397837891382,19.85));
#10952 = DIRECTION('',(1.,0.,0.));
#10953 = DIRECTION('',(0.,0.,1.));
#10954 = ADVANCED_FACE('',(#10955),#10980,.F.);
#10955 = FACE_BOUND('',#10956,.F.);
#10956 = EDGE_LOOP('',(#10957,#10967,#10973,#10974));
#10957 = ORIENTED_EDGE('',*,*,#10958,.F.);
#10958 = EDGE_CURVE('',#10959,#10961,#10963,.T.);
#10959 = VERTEX_POINT('',#10960);
#10960 = CARTESIAN_POINT('',(-0.262282310051,17.141171201807,18.5));
#10961 = VERTEX_POINT('',#10962);
#10962 = CARTESIAN_POINT('',(-3.402282310051,17.141171201807,18.5));
#10963 = LINE('',#10964,#10965);
#10964 = CARTESIAN_POINT('',(-0.262282310051,17.141171201807,18.5));
#10965 = VECTOR('',#10966,1.);
#10966 = DIRECTION('',(-1.,-1.224646799147E-16,0.));
#10967 = ORIENTED_EDGE('',*,*,#10968,.T.);
#10968 = EDGE_CURVE('',#10959,#5358,#10969,.T.);
#10969 = LINE('',#10970,#10971);
#10970 = CARTESIAN_POINT('',(-0.262282310051,17.141171201807,18.5));
#10971 = VECTOR('',#10972,1.);
#10972 = DIRECTION('',(0.,0.,1.));
#10973 = ORIENTED_EDGE('',*,*,#5357,.T.);
#10974 = ORIENTED_EDGE('',*,*,#10975,.F.);
#10975 = EDGE_CURVE('',#10961,#5360,#10976,.T.);
#10976 = LINE('',#10977,#10978);
#10977 = CARTESIAN_POINT('',(-3.402282310051,17.141171201807,18.5));
#10978 = VECTOR('',#10979,1.);
#10979 = DIRECTION('',(0.,0.,1.));
#10980 = PLANE('',#10981);
#10981 = AXIS2_PLACEMENT_3D('',#10982,#10983,#10984);
#10982 = CARTESIAN_POINT('',(-0.262282310051,17.141171201807,18.5));
#10983 = DIRECTION('',(1.224646799147E-16,-1.,0.));
#10984 = DIRECTION('',(0.,0.,1.));
#10985 = ADVANCED_FACE('',(#10986),#11004,.T.);
#10986 = FACE_BOUND('',#10987,.T.);
#10987 = EDGE_LOOP('',(#10988,#10989,#10997,#11003));
#10988 = ORIENTED_EDGE('',*,*,#10975,.F.);
#10989 = ORIENTED_EDGE('',*,*,#10990,.T.);
#10990 = EDGE_CURVE('',#10961,#10991,#10993,.T.);
#10991 = VERTEX_POINT('',#10992);
#10992 = CARTESIAN_POINT('',(-3.402282310051,15.641171201807,18.5));
#10993 = LINE('',#10994,#10995);
#10994 = CARTESIAN_POINT('',(-3.402282310051,17.141171201807,18.5));
#10995 = VECTOR('',#10996,1.);
#10996 = DIRECTION('',(1.224646799147E-16,-1.,0.));
#10997 = ORIENTED_EDGE('',*,*,#10998,.T.);
#10998 = EDGE_CURVE('',#10991,#5376,#10999,.T.);
#10999 = LINE('',#11000,#11001);
#11000 = CARTESIAN_POINT('',(-3.402282310051,15.641171201807,18.5));
#11001 = VECTOR('',#11002,1.);
#11002 = DIRECTION('',(0.,0.,1.));
#11003 = ORIENTED_EDGE('',*,*,#5383,.F.);
#11004 = PLANE('',#11005);
#11005 = AXIS2_PLACEMENT_3D('',#11006,#11007,#11008);
#11006 = CARTESIAN_POINT('',(-3.402282310051,17.141171201807,18.5));
#11007 = DIRECTION('',(-1.,-1.224646799147E-16,0.));
#11008 = DIRECTION('',(0.,0.,1.));
#11009 = ADVANCED_FACE('',(#11010),#11028,.T.);
#11010 = FACE_BOUND('',#11011,.T.);
#11011 = EDGE_LOOP('',(#11012,#11020,#11026,#11027));
#11012 = ORIENTED_EDGE('',*,*,#11013,.F.);
#11013 = EDGE_CURVE('',#11014,#10991,#11016,.T.);
#11014 = VERTEX_POINT('',#11015);
#11015 = CARTESIAN_POINT('',(-0.262282310051,15.641171201807,18.5));
#11016 = LINE('',#11017,#11018);
#11017 = CARTESIAN_POINT('',(-0.262282310051,15.641171201807,18.5));
#11018 = VECTOR('',#11019,1.);
#11019 = DIRECTION('',(-1.,-1.224646799147E-16,0.));
#11020 = ORIENTED_EDGE('',*,*,#11021,.T.);
#11021 = EDGE_CURVE('',#11014,#5368,#11022,.T.);
#11022 = LINE('',#11023,#11024);
#11023 = CARTESIAN_POINT('',(-0.262282310051,15.641171201807,18.5));
#11024 = VECTOR('',#11025,1.);
#11025 = DIRECTION('',(0.,0.,1.));
#11026 = ORIENTED_EDGE('',*,*,#5375,.T.);
#11027 = ORIENTED_EDGE('',*,*,#10998,.F.);
#11028 = PLANE('',#11029);
#11029 = AXIS2_PLACEMENT_3D('',#11030,#11031,#11032);
#11030 = CARTESIAN_POINT('',(-0.262282310051,15.641171201807,18.5));
#11031 = DIRECTION('',(1.224646799147E-16,-1.,0.));
#11032 = DIRECTION('',(0.,0.,1.));
#11033 = ADVANCED_FACE('',(#11034),#11045,.F.);
#11034 = FACE_BOUND('',#11035,.F.);
#11035 = EDGE_LOOP('',(#11036,#11037,#11043,#11044));
#11036 = ORIENTED_EDGE('',*,*,#10968,.F.);
#11037 = ORIENTED_EDGE('',*,*,#11038,.T.);
#11038 = EDGE_CURVE('',#10959,#11014,#11039,.T.);
#11039 = LINE('',#11040,#11041);
#11040 = CARTESIAN_POINT('',(-0.262282310051,17.141171201807,18.5));
#11041 = VECTOR('',#11042,1.);
#11042 = DIRECTION('',(1.224646799147E-16,-1.,0.));
#11043 = ORIENTED_EDGE('',*,*,#11021,.T.);
#11044 = ORIENTED_EDGE('',*,*,#5367,.F.);
#11045 = PLANE('',#11046);
#11046 = AXIS2_PLACEMENT_3D('',#11047,#11048,#11049);
#11047 = CARTESIAN_POINT('',(-0.262282310051,17.141171201807,18.5));
#11048 = DIRECTION('',(-1.,-1.224646799147E-16,0.));
#11049 = DIRECTION('',(0.,0.,1.));
#11050 = ADVANCED_FACE('',(#11051),#11076,.F.);
#11051 = FACE_BOUND('',#11052,.F.);
#11052 = EDGE_LOOP('',(#11053,#11063,#11069,#11070));
#11053 = ORIENTED_EDGE('',*,*,#11054,.F.);
#11054 = EDGE_CURVE('',#11055,#11057,#11059,.T.);
#11055 = VERTEX_POINT('',#11056);
#11056 = CARTESIAN_POINT('',(6.380177375496,-2.703544936188,19.5));
#11057 = VERTEX_POINT('',#11058);
#11058 = CARTESIAN_POINT('',(6.380177375496,5.144930063812,19.5));
#11059 = LINE('',#11060,#11061);
#11060 = CARTESIAN_POINT('',(6.380177375496,-2.703544936188,19.5));
#11061 = VECTOR('',#11062,1.);
#11062 = DIRECTION('',(-2.22044604925E-16,1.,0.));
#11063 = ORIENTED_EDGE('',*,*,#11064,.T.);
#11064 = EDGE_CURVE('',#11055,#5392,#11065,.T.);
#11065 = LINE('',#11066,#11067);
#11066 = CARTESIAN_POINT('',(6.380177375496,-2.703544936188,19.5));
#11067 = VECTOR('',#11068,1.);
#11068 = DIRECTION('',(0.,0.,1.));
#11069 = ORIENTED_EDGE('',*,*,#5391,.T.);
#11070 = ORIENTED_EDGE('',*,*,#11071,.F.);
#11071 = EDGE_CURVE('',#11057,#5394,#11072,.T.);
#11072 = LINE('',#11073,#11074);
#11073 = CARTESIAN_POINT('',(6.380177375496,5.144930063812,19.5));
#11074 = VECTOR('',#11075,1.);
#11075 = DIRECTION('',(0.,0.,1.));
#11076 = PLANE('',#11077);
#11077 = AXIS2_PLACEMENT_3D('',#11078,#11079,#11080);
#11078 = CARTESIAN_POINT('',(6.380177375496,-2.703544936188,19.5));
#11079 = DIRECTION('',(-1.,-2.22044604925E-16,0.));
#11080 = DIRECTION('',(0.,0.,1.));
#11081 = ADVANCED_FACE('',(#11082),#11100,.T.);
#11082 = FACE_BOUND('',#11083,.T.);
#11083 = EDGE_LOOP('',(#11084,#11085,#11093,#11099));
#11084 = ORIENTED_EDGE('',*,*,#11071,.F.);
#11085 = ORIENTED_EDGE('',*,*,#11086,.T.);
#11086 = EDGE_CURVE('',#11057,#11087,#11089,.T.);
#11087 = VERTEX_POINT('',#11088);
#11088 = CARTESIAN_POINT('',(-1.468297624504,5.144930063812,19.5));
#11089 = LINE('',#11090,#11091);
#11090 = CARTESIAN_POINT('',(6.380177375496,5.144930063812,19.5));
#11091 = VECTOR('',#11092,1.);
#11092 = DIRECTION('',(-1.,-2.22044604925E-16,0.));
#11093 = ORIENTED_EDGE('',*,*,#11094,.T.);
#11094 = EDGE_CURVE('',#11087,#5410,#11095,.T.);
#11095 = LINE('',#11096,#11097);
#11096 = CARTESIAN_POINT('',(-1.468297624504,5.144930063812,19.5));
#11097 = VECTOR('',#11098,1.);
#11098 = DIRECTION('',(0.,0.,1.));
#11099 = ORIENTED_EDGE('',*,*,#5417,.F.);
#11100 = PLANE('',#11101);
#11101 = AXIS2_PLACEMENT_3D('',#11102,#11103,#11104);
#11102 = CARTESIAN_POINT('',(6.380177375496,5.144930063812,19.5));
#11103 = DIRECTION('',(-2.22044604925E-16,1.,0.));
#11104 = DIRECTION('',(0.,0.,1.));
#11105 = ADVANCED_FACE('',(#11106),#11124,.T.);
#11106 = FACE_BOUND('',#11107,.T.);
#11107 = EDGE_LOOP('',(#11108,#11116,#11122,#11123));
#11108 = ORIENTED_EDGE('',*,*,#11109,.F.);
#11109 = EDGE_CURVE('',#11110,#11087,#11112,.T.);
#11110 = VERTEX_POINT('',#11111);
#11111 = CARTESIAN_POINT('',(-1.468297624504,-2.703544936188,19.5));
#11112 = LINE('',#11113,#11114);
#11113 = CARTESIAN_POINT('',(-1.468297624504,-2.703544936188,19.5));
#11114 = VECTOR('',#11115,1.);
#11115 = DIRECTION('',(-2.22044604925E-16,1.,0.));
#11116 = ORIENTED_EDGE('',*,*,#11117,.T.);
#11117 = EDGE_CURVE('',#11110,#5402,#11118,.T.);
#11118 = LINE('',#11119,#11120);
#11119 = CARTESIAN_POINT('',(-1.468297624504,-2.703544936188,19.5));
#11120 = VECTOR('',#11121,1.);
#11121 = DIRECTION('',(0.,0.,1.));
#11122 = ORIENTED_EDGE('',*,*,#5409,.T.);
#11123 = ORIENTED_EDGE('',*,*,#11094,.F.);
#11124 = PLANE('',#11125);
#11125 = AXIS2_PLACEMENT_3D('',#11126,#11127,#11128);
#11126 = CARTESIAN_POINT('',(-1.468297624504,-2.703544936188,19.5));
#11127 = DIRECTION('',(-1.,-2.22044604925E-16,0.));
#11128 = DIRECTION('',(0.,0.,1.));
#11129 = ADVANCED_FACE('',(#11130),#11141,.F.);
#11130 = FACE_BOUND('',#11131,.F.);
#11131 = EDGE_LOOP('',(#11132,#11133,#11139,#11140));
#11132 = ORIENTED_EDGE('',*,*,#11064,.F.);
#11133 = ORIENTED_EDGE('',*,*,#11134,.T.);
#11134 = EDGE_CURVE('',#11055,#11110,#11135,.T.);
#11135 = LINE('',#11136,#11137);
#11136 = CARTESIAN_POINT('',(6.380177375496,-2.703544936188,19.5));
#11137 = VECTOR('',#11138,1.);
#11138 = DIRECTION('',(-1.,-2.22044604925E-16,0.));
#11139 = ORIENTED_EDGE('',*,*,#11117,.T.);
#11140 = ORIENTED_EDGE('',*,*,#5401,.F.);
#11141 = PLANE('',#11142);
#11142 = AXIS2_PLACEMENT_3D('',#11143,#11144,#11145);
#11143 = CARTESIAN_POINT('',(6.380177375496,-2.703544936188,19.5));
#11144 = DIRECTION('',(-2.22044604925E-16,1.,0.));
#11145 = DIRECTION('',(0.,0.,1.));
#11146 = ADVANCED_FACE('',(#11147),#11172,.F.);
#11147 = FACE_BOUND('',#11148,.F.);
#11148 = EDGE_LOOP('',(#11149,#11159,#11165,#11166));
#11149 = ORIENTED_EDGE('',*,*,#11150,.F.);
#11150 = EDGE_CURVE('',#11151,#11153,#11155,.T.);
#11151 = VERTEX_POINT('',#11152);
#11152 = CARTESIAN_POINT('',(7.582974331405,0.717593506745,19.85));
#11153 = VERTEX_POINT('',#11154);
#11154 = CARTESIAN_POINT('',(9.198974331405,0.717593506745,19.85));
#11155 = LINE('',#11156,#11157);
#11156 = CARTESIAN_POINT('',(7.582974331405,0.717593506745,19.85));
#11157 = VECTOR('',#11158,1.);
#11158 = DIRECTION('',(1.,0.,0.));
#11159 = ORIENTED_EDGE('',*,*,#11160,.T.);
#11160 = EDGE_CURVE('',#11151,#5426,#11161,.T.);
#11161 = LINE('',#11162,#11163);
#11162 = CARTESIAN_POINT('',(7.582974331405,0.717593506745,19.85));
#11163 = VECTOR('',#11164,1.);
#11164 = DIRECTION('',(0.,0.,1.));
#11165 = ORIENTED_EDGE('',*,*,#5425,.T.);
#11166 = ORIENTED_EDGE('',*,*,#11167,.F.);
#11167 = EDGE_CURVE('',#11153,#5428,#11168,.T.);
#11168 = LINE('',#11169,#11170);
#11169 = CARTESIAN_POINT('',(9.198974331405,0.717593506745,19.85));
#11170 = VECTOR('',#11171,1.);
#11171 = DIRECTION('',(0.,0.,1.));
#11172 = PLANE('',#11173);
#11173 = AXIS2_PLACEMENT_3D('',#11174,#11175,#11176);
#11174 = CARTESIAN_POINT('',(7.582974331405,0.717593506745,19.85));
#11175 = DIRECTION('',(0.,1.,0.));
#11176 = DIRECTION('',(0.,0.,1.));
#11177 = ADVANCED_FACE('',(#11178),#11196,.T.);
#11178 = FACE_BOUND('',#11179,.T.);
#11179 = EDGE_LOOP('',(#11180,#11181,#11189,#11195));
#11180 = ORIENTED_EDGE('',*,*,#11167,.F.);
#11181 = ORIENTED_EDGE('',*,*,#11182,.T.);
#11182 = EDGE_CURVE('',#11153,#11183,#11185,.T.);
#11183 = VERTEX_POINT('',#11184);
#11184 = CARTESIAN_POINT('',(9.198974331405,1.317593506745,19.85));
#11185 = LINE('',#11186,#11187);
#11186 = CARTESIAN_POINT('',(9.198974331405,0.717593506745,19.85));
#11187 = VECTOR('',#11188,1.);
#11188 = DIRECTION('',(0.,1.,0.));
#11189 = ORIENTED_EDGE('',*,*,#11190,.T.);
#11190 = EDGE_CURVE('',#11183,#5444,#11191,.T.);
#11191 = LINE('',#11192,#11193);
#11192 = CARTESIAN_POINT('',(9.198974331405,1.317593506745,19.85));
#11193 = VECTOR('',#11194,1.);
#11194 = DIRECTION('',(0.,0.,1.));
#11195 = ORIENTED_EDGE('',*,*,#5451,.F.);
#11196 = PLANE('',#11197);
#11197 = AXIS2_PLACEMENT_3D('',#11198,#11199,#11200);
#11198 = CARTESIAN_POINT('',(9.198974331405,0.717593506745,19.85));
#11199 = DIRECTION('',(1.,0.,0.));
#11200 = DIRECTION('',(0.,0.,1.));
#11201 = ADVANCED_FACE('',(#11202),#11220,.T.);
#11202 = FACE_BOUND('',#11203,.T.);
#11203 = EDGE_LOOP('',(#11204,#11212,#11218,#11219));
#11204 = ORIENTED_EDGE('',*,*,#11205,.F.);
#11205 = EDGE_CURVE('',#11206,#11183,#11208,.T.);
#11206 = VERTEX_POINT('',#11207);
#11207 = CARTESIAN_POINT('',(7.582974331405,1.317593506745,19.85));
#11208 = LINE('',#11209,#11210);
#11209 = CARTESIAN_POINT('',(7.582974331405,1.317593506745,19.85));
#11210 = VECTOR('',#11211,1.);
#11211 = DIRECTION('',(1.,0.,0.));
#11212 = ORIENTED_EDGE('',*,*,#11213,.T.);
#11213 = EDGE_CURVE('',#11206,#5436,#11214,.T.);
#11214 = LINE('',#11215,#11216);
#11215 = CARTESIAN_POINT('',(7.582974331405,1.317593506745,19.85));
#11216 = VECTOR('',#11217,1.);
#11217 = DIRECTION('',(0.,0.,1.));
#11218 = ORIENTED_EDGE('',*,*,#5443,.T.);
#11219 = ORIENTED_EDGE('',*,*,#11190,.F.);
#11220 = PLANE('',#11221);
#11221 = AXIS2_PLACEMENT_3D('',#11222,#11223,#11224);
#11222 = CARTESIAN_POINT('',(7.582974331405,1.317593506745,19.85));
#11223 = DIRECTION('',(0.,1.,0.));
#11224 = DIRECTION('',(0.,0.,1.));
#11225 = ADVANCED_FACE('',(#11226),#11237,.F.);
#11226 = FACE_BOUND('',#11227,.F.);
#11227 = EDGE_LOOP('',(#11228,#11229,#11235,#11236));
#11228 = ORIENTED_EDGE('',*,*,#11160,.F.);
#11229 = ORIENTED_EDGE('',*,*,#11230,.T.);
#11230 = EDGE_CURVE('',#11151,#11206,#11231,.T.);
#11231 = LINE('',#11232,#11233);
#11232 = CARTESIAN_POINT('',(7.582974331405,0.717593506745,19.85));
#11233 = VECTOR('',#11234,1.);
#11234 = DIRECTION('',(0.,1.,0.));
#11235 = ORIENTED_EDGE('',*,*,#11213,.T.);
#11236 = ORIENTED_EDGE('',*,*,#5435,.F.);
#11237 = PLANE('',#11238);
#11238 = AXIS2_PLACEMENT_3D('',#11239,#11240,#11241);
#11239 = CARTESIAN_POINT('',(7.582974331405,0.717593506745,19.85));
#11240 = DIRECTION('',(1.,0.,0.));
#11241 = DIRECTION('',(0.,0.,1.));
#11242 = ADVANCED_FACE('',(#11243),#11268,.F.);
#11243 = FACE_BOUND('',#11244,.F.);
#11244 = EDGE_LOOP('',(#11245,#11255,#11261,#11262));
#11245 = ORIENTED_EDGE('',*,*,#11246,.F.);
#11246 = EDGE_CURVE('',#11247,#11249,#11251,.T.);
#11247 = VERTEX_POINT('',#11248);
#11248 = CARTESIAN_POINT('',(9.268428674672,2.517699133763,19.85));
#11249 = VERTEX_POINT('',#11250);
#11250 = CARTESIAN_POINT('',(7.652428674672,2.517699133763,19.85));
#11251 = LINE('',#11252,#11253);
#11252 = CARTESIAN_POINT('',(9.268428674672,2.517699133763,19.85));
#11253 = VECTOR('',#11254,1.);
#11254 = DIRECTION('',(-1.,-1.224646799147E-16,0.));
#11255 = ORIENTED_EDGE('',*,*,#11256,.T.);
#11256 = EDGE_CURVE('',#11247,#5460,#11257,.T.);
#11257 = LINE('',#11258,#11259);
#11258 = CARTESIAN_POINT('',(9.268428674672,2.517699133763,19.85));
#11259 = VECTOR('',#11260,1.);
#11260 = DIRECTION('',(0.,0.,1.));
#11261 = ORIENTED_EDGE('',*,*,#5459,.T.);
#11262 = ORIENTED_EDGE('',*,*,#11263,.F.);
#11263 = EDGE_CURVE('',#11249,#5462,#11264,.T.);
#11264 = LINE('',#11265,#11266);
#11265 = CARTESIAN_POINT('',(7.652428674672,2.517699133763,19.85));
#11266 = VECTOR('',#11267,1.);
#11267 = DIRECTION('',(0.,0.,1.));
#11268 = PLANE('',#11269);
#11269 = AXIS2_PLACEMENT_3D('',#11270,#11271,#11272);
#11270 = CARTESIAN_POINT('',(9.268428674672,2.517699133763,19.85));
#11271 = DIRECTION('',(1.224646799147E-16,-1.,0.));
#11272 = DIRECTION('',(0.,0.,1.));
#11273 = ADVANCED_FACE('',(#11274),#11292,.T.);
#11274 = FACE_BOUND('',#11275,.T.);
#11275 = EDGE_LOOP('',(#11276,#11277,#11285,#11291));
#11276 = ORIENTED_EDGE('',*,*,#11263,.F.);
#11277 = ORIENTED_EDGE('',*,*,#11278,.T.);
#11278 = EDGE_CURVE('',#11249,#11279,#11281,.T.);
#11279 = VERTEX_POINT('',#11280);
#11280 = CARTESIAN_POINT('',(7.652428674672,1.917699133763,19.85));
#11281 = LINE('',#11282,#11283);
#11282 = CARTESIAN_POINT('',(7.652428674672,2.517699133763,19.85));
#11283 = VECTOR('',#11284,1.);
#11284 = DIRECTION('',(1.224646799147E-16,-1.,0.));
#11285 = ORIENTED_EDGE('',*,*,#11286,.T.);
#11286 = EDGE_CURVE('',#11279,#5478,#11287,.T.);
#11287 = LINE('',#11288,#11289);
#11288 = CARTESIAN_POINT('',(7.652428674672,1.917699133763,19.85));
#11289 = VECTOR('',#11290,1.);
#11290 = DIRECTION('',(0.,0.,1.));
#11291 = ORIENTED_EDGE('',*,*,#5485,.F.);
#11292 = PLANE('',#11293);
#11293 = AXIS2_PLACEMENT_3D('',#11294,#11295,#11296);
#11294 = CARTESIAN_POINT('',(7.652428674672,2.517699133763,19.85));
#11295 = DIRECTION('',(-1.,-1.224646799147E-16,0.));
#11296 = DIRECTION('',(0.,0.,1.));
#11297 = ADVANCED_FACE('',(#11298),#11316,.T.);
#11298 = FACE_BOUND('',#11299,.T.);
#11299 = EDGE_LOOP('',(#11300,#11308,#11314,#11315));
#11300 = ORIENTED_EDGE('',*,*,#11301,.F.);
#11301 = EDGE_CURVE('',#11302,#11279,#11304,.T.);
#11302 = VERTEX_POINT('',#11303);
#11303 = CARTESIAN_POINT('',(9.268428674672,1.917699133763,19.85));
#11304 = LINE('',#11305,#11306);
#11305 = CARTESIAN_POINT('',(9.268428674672,1.917699133763,19.85));
#11306 = VECTOR('',#11307,1.);
#11307 = DIRECTION('',(-1.,-1.224646799147E-16,0.));
#11308 = ORIENTED_EDGE('',*,*,#11309,.T.);
#11309 = EDGE_CURVE('',#11302,#5470,#11310,.T.);
#11310 = LINE('',#11311,#11312);
#11311 = CARTESIAN_POINT('',(9.268428674672,1.917699133763,19.85));
#11312 = VECTOR('',#11313,1.);
#11313 = DIRECTION('',(0.,0.,1.));
#11314 = ORIENTED_EDGE('',*,*,#5477,.T.);
#11315 = ORIENTED_EDGE('',*,*,#11286,.F.);
#11316 = PLANE('',#11317);
#11317 = AXIS2_PLACEMENT_3D('',#11318,#11319,#11320);
#11318 = CARTESIAN_POINT('',(9.268428674672,1.917699133763,19.85));
#11319 = DIRECTION('',(1.224646799147E-16,-1.,0.));
#11320 = DIRECTION('',(0.,0.,1.));
#11321 = ADVANCED_FACE('',(#11322),#11333,.F.);
#11322 = FACE_BOUND('',#11323,.F.);
#11323 = EDGE_LOOP('',(#11324,#11325,#11331,#11332));
#11324 = ORIENTED_EDGE('',*,*,#11256,.F.);
#11325 = ORIENTED_EDGE('',*,*,#11326,.T.);
#11326 = EDGE_CURVE('',#11247,#11302,#11327,.T.);
#11327 = LINE('',#11328,#11329);
#11328 = CARTESIAN_POINT('',(9.268428674672,2.517699133763,19.85));
#11329 = VECTOR('',#11330,1.);
#11330 = DIRECTION('',(1.224646799147E-16,-1.,0.));
#11331 = ORIENTED_EDGE('',*,*,#11309,.T.);
#11332 = ORIENTED_EDGE('',*,*,#5469,.F.);
#11333 = PLANE('',#11334);
#11334 = AXIS2_PLACEMENT_3D('',#11335,#11336,#11337);
#11335 = CARTESIAN_POINT('',(9.268428674672,2.517699133763,19.85));
#11336 = DIRECTION('',(-1.,-1.224646799147E-16,0.));
#11337 = DIRECTION('',(0.,0.,1.));
#11338 = ADVANCED_FACE('',(#11339),#11364,.F.);
#11339 = FACE_BOUND('',#11340,.F.);
#11340 = EDGE_LOOP('',(#11341,#11351,#11357,#11358));
#11341 = ORIENTED_EDGE('',*,*,#11342,.F.);
#11342 = EDGE_CURVE('',#11343,#11345,#11347,.T.);
#11343 = VERTEX_POINT('',#11344);
#11344 = CARTESIAN_POINT('',(7.655328867513,3.11800412493,19.85));
#11345 = VERTEX_POINT('',#11346);
#11346 = CARTESIAN_POINT('',(9.271328867513,3.11800412493,19.85));
#11347 = LINE('',#11348,#11349);
#11348 = CARTESIAN_POINT('',(7.655328867513,3.11800412493,19.85));
#11349 = VECTOR('',#11350,1.);
#11350 = DIRECTION('',(1.,0.,0.));
#11351 = ORIENTED_EDGE('',*,*,#11352,.T.);
#11352 = EDGE_CURVE('',#11343,#5494,#11353,.T.);
#11353 = LINE('',#11354,#11355);
#11354 = CARTESIAN_POINT('',(7.655328867513,3.11800412493,19.85));
#11355 = VECTOR('',#11356,1.);
#11356 = DIRECTION('',(0.,0.,1.));
#11357 = ORIENTED_EDGE('',*,*,#5493,.T.);
#11358 = ORIENTED_EDGE('',*,*,#11359,.F.);
#11359 = EDGE_CURVE('',#11345,#5496,#11360,.T.);
#11360 = LINE('',#11361,#11362);
#11361 = CARTESIAN_POINT('',(9.271328867513,3.11800412493,19.85));
#11362 = VECTOR('',#11363,1.);
#11363 = DIRECTION('',(0.,0.,1.));
#11364 = PLANE('',#11365);
#11365 = AXIS2_PLACEMENT_3D('',#11366,#11367,#11368);
#11366 = CARTESIAN_POINT('',(7.655328867513,3.11800412493,19.85));
#11367 = DIRECTION('',(0.,1.,0.));
#11368 = DIRECTION('',(0.,0.,1.));
#11369 = ADVANCED_FACE('',(#11370),#11388,.T.);
#11370 = FACE_BOUND('',#11371,.T.);
#11371 = EDGE_LOOP('',(#11372,#11373,#11381,#11387));
#11372 = ORIENTED_EDGE('',*,*,#11359,.F.);
#11373 = ORIENTED_EDGE('',*,*,#11374,.T.);
#11374 = EDGE_CURVE('',#11345,#11375,#11377,.T.);
#11375 = VERTEX_POINT('',#11376);
#11376 = CARTESIAN_POINT('',(9.271328867513,3.71800412493,19.85));
#11377 = LINE('',#11378,#11379);
#11378 = CARTESIAN_POINT('',(9.271328867513,3.11800412493,19.85));
#11379 = VECTOR('',#11380,1.);
#11380 = DIRECTION('',(0.,1.,0.));
#11381 = ORIENTED_EDGE('',*,*,#11382,.T.);
#11382 = EDGE_CURVE('',#11375,#5512,#11383,.T.);
#11383 = LINE('',#11384,#11385);
#11384 = CARTESIAN_POINT('',(9.271328867513,3.71800412493,19.85));
#11385 = VECTOR('',#11386,1.);
#11386 = DIRECTION('',(0.,0.,1.));
#11387 = ORIENTED_EDGE('',*,*,#5519,.F.);
#11388 = PLANE('',#11389);
#11389 = AXIS2_PLACEMENT_3D('',#11390,#11391,#11392);
#11390 = CARTESIAN_POINT('',(9.271328867513,3.11800412493,19.85));
#11391 = DIRECTION('',(1.,0.,0.));
#11392 = DIRECTION('',(0.,0.,1.));
#11393 = ADVANCED_FACE('',(#11394),#11412,.T.);
#11394 = FACE_BOUND('',#11395,.T.);
#11395 = EDGE_LOOP('',(#11396,#11404,#11410,#11411));
#11396 = ORIENTED_EDGE('',*,*,#11397,.F.);
#11397 = EDGE_CURVE('',#11398,#11375,#11400,.T.);
#11398 = VERTEX_POINT('',#11399);
#11399 = CARTESIAN_POINT('',(7.655328867513,3.71800412493,19.85));
#11400 = LINE('',#11401,#11402);
#11401 = CARTESIAN_POINT('',(7.655328867513,3.71800412493,19.85));
#11402 = VECTOR('',#11403,1.);
#11403 = DIRECTION('',(1.,0.,0.));
#11404 = ORIENTED_EDGE('',*,*,#11405,.T.);
#11405 = EDGE_CURVE('',#11398,#5504,#11406,.T.);
#11406 = LINE('',#11407,#11408);
#11407 = CARTESIAN_POINT('',(7.655328867513,3.71800412493,19.85));
#11408 = VECTOR('',#11409,1.);
#11409 = DIRECTION('',(0.,0.,1.));
#11410 = ORIENTED_EDGE('',*,*,#5511,.T.);
#11411 = ORIENTED_EDGE('',*,*,#11382,.F.);
#11412 = PLANE('',#11413);
#11413 = AXIS2_PLACEMENT_3D('',#11414,#11415,#11416);
#11414 = CARTESIAN_POINT('',(7.655328867513,3.71800412493,19.85));
#11415 = DIRECTION('',(0.,1.,0.));
#11416 = DIRECTION('',(0.,0.,1.));
#11417 = ADVANCED_FACE('',(#11418),#11429,.F.);
#11418 = FACE_BOUND('',#11419,.F.);
#11419 = EDGE_LOOP('',(#11420,#11421,#11427,#11428));
#11420 = ORIENTED_EDGE('',*,*,#11352,.F.);
#11421 = ORIENTED_EDGE('',*,*,#11422,.T.);
#11422 = EDGE_CURVE('',#11343,#11398,#11423,.T.);
#11423 = LINE('',#11424,#11425);
#11424 = CARTESIAN_POINT('',(7.655328867513,3.11800412493,19.85));
#11425 = VECTOR('',#11426,1.);
#11426 = DIRECTION('',(0.,1.,0.));
#11427 = ORIENTED_EDGE('',*,*,#11405,.T.);
#11428 = ORIENTED_EDGE('',*,*,#5503,.F.);
#11429 = PLANE('',#11430);
#11430 = AXIS2_PLACEMENT_3D('',#11431,#11432,#11433);
#11431 = CARTESIAN_POINT('',(7.655328867513,3.11800412493,19.85));
#11432 = DIRECTION('',(1.,0.,0.));
#11433 = DIRECTION('',(0.,0.,1.));
#11434 = ADVANCED_FACE('',(#11435),#11460,.F.);
#11435 = FACE_BOUND('',#11436,.F.);
#11436 = EDGE_LOOP('',(#11437,#11447,#11453,#11454));
#11437 = ORIENTED_EDGE('',*,*,#11438,.F.);
#11438 = EDGE_CURVE('',#11439,#11441,#11443,.T.);
#11439 = VERTEX_POINT('',#11440);
#11440 = CARTESIAN_POINT('',(3.80075866691,7.254437634348,19.85));
#11441 = VERTEX_POINT('',#11442);
#11442 = CARTESIAN_POINT('',(2.18475866691,7.254437634348,19.85));
#11443 = LINE('',#11444,#11445);
#11444 = CARTESIAN_POINT('',(3.80075866691,7.254437634348,19.85));
#11445 = VECTOR('',#11446,1.);
#11446 = DIRECTION('',(-1.,-1.224646799147E-16,0.));
#11447 = ORIENTED_EDGE('',*,*,#11448,.T.);
#11448 = EDGE_CURVE('',#11439,#5528,#11449,.T.);
#11449 = LINE('',#11450,#11451);
#11450 = CARTESIAN_POINT('',(3.80075866691,7.254437634348,19.85));
#11451 = VECTOR('',#11452,1.);
#11452 = DIRECTION('',(0.,0.,1.));
#11453 = ORIENTED_EDGE('',*,*,#5527,.T.);
#11454 = ORIENTED_EDGE('',*,*,#11455,.F.);
#11455 = EDGE_CURVE('',#11441,#5530,#11456,.T.);
#11456 = LINE('',#11457,#11458);
#11457 = CARTESIAN_POINT('',(2.18475866691,7.254437634348,19.85));
#11458 = VECTOR('',#11459,1.);
#11459 = DIRECTION('',(0.,0.,1.));
#11460 = PLANE('',#11461);
#11461 = AXIS2_PLACEMENT_3D('',#11462,#11463,#11464);
#11462 = CARTESIAN_POINT('',(3.80075866691,7.254437634348,19.85));
#11463 = DIRECTION('',(1.224646799147E-16,-1.,0.));
#11464 = DIRECTION('',(0.,0.,1.));
#11465 = ADVANCED_FACE('',(#11466),#11484,.T.);
#11466 = FACE_BOUND('',#11467,.T.);
#11467 = EDGE_LOOP('',(#11468,#11469,#11477,#11483));
#11468 = ORIENTED_EDGE('',*,*,#11455,.F.);
#11469 = ORIENTED_EDGE('',*,*,#11470,.T.);
#11470 = EDGE_CURVE('',#11441,#11471,#11473,.T.);
#11471 = VERTEX_POINT('',#11472);
#11472 = CARTESIAN_POINT('',(2.18475866691,6.654437634348,19.85));
#11473 = LINE('',#11474,#11475);
#11474 = CARTESIAN_POINT('',(2.18475866691,7.254437634348,19.85));
#11475 = VECTOR('',#11476,1.);
#11476 = DIRECTION('',(1.224646799147E-16,-1.,0.));
#11477 = ORIENTED_EDGE('',*,*,#11478,.T.);
#11478 = EDGE_CURVE('',#11471,#5546,#11479,.T.);
#11479 = LINE('',#11480,#11481);
#11480 = CARTESIAN_POINT('',(2.18475866691,6.654437634348,19.85));
#11481 = VECTOR('',#11482,1.);
#11482 = DIRECTION('',(0.,0.,1.));
#11483 = ORIENTED_EDGE('',*,*,#5553,.F.);
#11484 = PLANE('',#11485);
#11485 = AXIS2_PLACEMENT_3D('',#11486,#11487,#11488);
#11486 = CARTESIAN_POINT('',(2.18475866691,7.254437634348,19.85));
#11487 = DIRECTION('',(-1.,-1.224646799147E-16,0.));
#11488 = DIRECTION('',(0.,0.,1.));
#11489 = ADVANCED_FACE('',(#11490),#11508,.T.);
#11490 = FACE_BOUND('',#11491,.T.);
#11491 = EDGE_LOOP('',(#11492,#11500,#11506,#11507));
#11492 = ORIENTED_EDGE('',*,*,#11493,.F.);
#11493 = EDGE_CURVE('',#11494,#11471,#11496,.T.);
#11494 = VERTEX_POINT('',#11495);
#11495 = CARTESIAN_POINT('',(3.80075866691,6.654437634348,19.85));
#11496 = LINE('',#11497,#11498);
#11497 = CARTESIAN_POINT('',(3.80075866691,6.654437634348,19.85));
#11498 = VECTOR('',#11499,1.);
#11499 = DIRECTION('',(-1.,-1.224646799147E-16,0.));
#11500 = ORIENTED_EDGE('',*,*,#11501,.T.);
#11501 = EDGE_CURVE('',#11494,#5538,#11502,.T.);
#11502 = LINE('',#11503,#11504);
#11503 = CARTESIAN_POINT('',(3.80075866691,6.654437634348,19.85));
#11504 = VECTOR('',#11505,1.);
#11505 = DIRECTION('',(0.,0.,1.));
#11506 = ORIENTED_EDGE('',*,*,#5545,.T.);
#11507 = ORIENTED_EDGE('',*,*,#11478,.F.);
#11508 = PLANE('',#11509);
#11509 = AXIS2_PLACEMENT_3D('',#11510,#11511,#11512);
#11510 = CARTESIAN_POINT('',(3.80075866691,6.654437634348,19.85));
#11511 = DIRECTION('',(1.224646799147E-16,-1.,0.));
#11512 = DIRECTION('',(0.,0.,1.));
#11513 = ADVANCED_FACE('',(#11514),#11525,.F.);
#11514 = FACE_BOUND('',#11515,.F.);
#11515 = EDGE_LOOP('',(#11516,#11517,#11523,#11524));
#11516 = ORIENTED_EDGE('',*,*,#11448,.F.);
#11517 = ORIENTED_EDGE('',*,*,#11518,.T.);
#11518 = EDGE_CURVE('',#11439,#11494,#11519,.T.);
#11519 = LINE('',#11520,#11521);
#11520 = CARTESIAN_POINT('',(3.80075866691,7.254437634348,19.85));
#11521 = VECTOR('',#11522,1.);
#11522 = DIRECTION('',(1.224646799147E-16,-1.,0.));
#11523 = ORIENTED_EDGE('',*,*,#11501,.T.);
#11524 = ORIENTED_EDGE('',*,*,#5537,.F.);
#11525 = PLANE('',#11526);
#11526 = AXIS2_PLACEMENT_3D('',#11527,#11528,#11529);
#11527 = CARTESIAN_POINT('',(3.80075866691,7.254437634348,19.85));
#11528 = DIRECTION('',(-1.,-1.224646799147E-16,0.));
#11529 = DIRECTION('',(0.,0.,1.));
#11530 = ADVANCED_FACE('',(#11531),#11556,.F.);
#11531 = FACE_BOUND('',#11532,.F.);
#11532 = EDGE_LOOP('',(#11533,#11543,#11549,#11550));
#11533 = ORIENTED_EDGE('',*,*,#11534,.F.);
#11534 = EDGE_CURVE('',#11535,#11537,#11539,.T.);
#11535 = VERTEX_POINT('',#11536);
#11536 = CARTESIAN_POINT('',(6.886268108622,4.31809858999,19.85));
#11537 = VERTEX_POINT('',#11538);
#11538 = CARTESIAN_POINT('',(8.502268108622,4.31809858999,19.85));
#11539 = LINE('',#11540,#11541);
#11540 = CARTESIAN_POINT('',(6.886268108622,4.31809858999,19.85));
#11541 = VECTOR('',#11542,1.);
#11542 = DIRECTION('',(1.,0.,0.));
#11543 = ORIENTED_EDGE('',*,*,#11544,.T.);
#11544 = EDGE_CURVE('',#11535,#5562,#11545,.T.);
#11545 = LINE('',#11546,#11547);
#11546 = CARTESIAN_POINT('',(6.886268108622,4.31809858999,19.85));
#11547 = VECTOR('',#11548,1.);
#11548 = DIRECTION('',(0.,0.,1.));
#11549 = ORIENTED_EDGE('',*,*,#5561,.T.);
#11550 = ORIENTED_EDGE('',*,*,#11551,.F.);
#11551 = EDGE_CURVE('',#11537,#5564,#11552,.T.);
#11552 = LINE('',#11553,#11554);
#11553 = CARTESIAN_POINT('',(8.502268108622,4.31809858999,19.85));
#11554 = VECTOR('',#11555,1.);
#11555 = DIRECTION('',(0.,0.,1.));
#11556 = PLANE('',#11557);
#11557 = AXIS2_PLACEMENT_3D('',#11558,#11559,#11560);
#11558 = CARTESIAN_POINT('',(6.886268108622,4.31809858999,19.85));
#11559 = DIRECTION('',(0.,1.,0.));
#11560 = DIRECTION('',(0.,0.,1.));
#11561 = ADVANCED_FACE('',(#11562),#11580,.T.);
#11562 = FACE_BOUND('',#11563,.T.);
#11563 = EDGE_LOOP('',(#11564,#11565,#11573,#11579));
#11564 = ORIENTED_EDGE('',*,*,#11551,.F.);
#11565 = ORIENTED_EDGE('',*,*,#11566,.T.);
#11566 = EDGE_CURVE('',#11537,#11567,#11569,.T.);
#11567 = VERTEX_POINT('',#11568);
#11568 = CARTESIAN_POINT('',(8.502268108622,4.91809858999,19.85));
#11569 = LINE('',#11570,#11571);
#11570 = CARTESIAN_POINT('',(8.502268108622,4.31809858999,19.85));
#11571 = VECTOR('',#11572,1.);
#11572 = DIRECTION('',(0.,1.,0.));
#11573 = ORIENTED_EDGE('',*,*,#11574,.T.);
#11574 = EDGE_CURVE('',#11567,#5580,#11575,.T.);
#11575 = LINE('',#11576,#11577);
#11576 = CARTESIAN_POINT('',(8.502268108622,4.91809858999,19.85));
#11577 = VECTOR('',#11578,1.);
#11578 = DIRECTION('',(0.,0.,1.));
#11579 = ORIENTED_EDGE('',*,*,#5587,.F.);
#11580 = PLANE('',#11581);
#11581 = AXIS2_PLACEMENT_3D('',#11582,#11583,#11584);
#11582 = CARTESIAN_POINT('',(8.502268108622,4.31809858999,19.85));
#11583 = DIRECTION('',(1.,0.,0.));
#11584 = DIRECTION('',(0.,0.,1.));
#11585 = ADVANCED_FACE('',(#11586),#11604,.T.);
#11586 = FACE_BOUND('',#11587,.T.);
#11587 = EDGE_LOOP('',(#11588,#11596,#11602,#11603));
#11588 = ORIENTED_EDGE('',*,*,#11589,.F.);
#11589 = EDGE_CURVE('',#11590,#11567,#11592,.T.);
#11590 = VERTEX_POINT('',#11591);
#11591 = CARTESIAN_POINT('',(6.886268108622,4.91809858999,19.85));
#11592 = LINE('',#11593,#11594);
#11593 = CARTESIAN_POINT('',(6.886268108622,4.91809858999,19.85));
#11594 = VECTOR('',#11595,1.);
#11595 = DIRECTION('',(1.,0.,0.));
#11596 = ORIENTED_EDGE('',*,*,#11597,.T.);
#11597 = EDGE_CURVE('',#11590,#5572,#11598,.T.);
#11598 = LINE('',#11599,#11600);
#11599 = CARTESIAN_POINT('',(6.886268108622,4.91809858999,19.85));
#11600 = VECTOR('',#11601,1.);
#11601 = DIRECTION('',(0.,0.,1.));
#11602 = ORIENTED_EDGE('',*,*,#5579,.T.);
#11603 = ORIENTED_EDGE('',*,*,#11574,.F.);
#11604 = PLANE('',#11605);
#11605 = AXIS2_PLACEMENT_3D('',#11606,#11607,#11608);
#11606 = CARTESIAN_POINT('',(6.886268108622,4.91809858999,19.85));
#11607 = DIRECTION('',(0.,1.,0.));
#11608 = DIRECTION('',(0.,0.,1.));
#11609 = ADVANCED_FACE('',(#11610),#11621,.F.);
#11610 = FACE_BOUND('',#11611,.F.);
#11611 = EDGE_LOOP('',(#11612,#11613,#11619,#11620));
#11612 = ORIENTED_EDGE('',*,*,#11544,.F.);
#11613 = ORIENTED_EDGE('',*,*,#11614,.T.);
#11614 = EDGE_CURVE('',#11535,#11590,#11615,.T.);
#11615 = LINE('',#11616,#11617);
#11616 = CARTESIAN_POINT('',(6.886268108622,4.31809858999,19.85));
#11617 = VECTOR('',#11618,1.);
#11618 = DIRECTION('',(0.,1.,0.));
#11619 = ORIENTED_EDGE('',*,*,#11597,.T.);
#11620 = ORIENTED_EDGE('',*,*,#5571,.F.);
#11621 = PLANE('',#11622);
#11622 = AXIS2_PLACEMENT_3D('',#11623,#11624,#11625);
#11623 = CARTESIAN_POINT('',(6.886268108622,4.31809858999,19.85));
#11624 = DIRECTION('',(1.,0.,0.));
#11625 = DIRECTION('',(0.,0.,1.));
#11626 = ADVANCED_FACE('',(#11627),#11652,.F.);
#11627 = FACE_BOUND('',#11628,.F.);
#11628 = EDGE_LOOP('',(#11629,#11639,#11645,#11646));
#11629 = ORIENTED_EDGE('',*,*,#11630,.F.);
#11630 = EDGE_CURVE('',#11631,#11633,#11635,.T.);
#11631 = VERTEX_POINT('',#11632);
#11632 = CARTESIAN_POINT('',(11.222772780377,5.04178993596,17.4));
#11633 = VERTEX_POINT('',#11634);
#11634 = CARTESIAN_POINT('',(16.022772780377,5.04178993596,17.4));
#11635 = LINE('',#11636,#11637);
#11636 = CARTESIAN_POINT('',(11.222772780377,5.04178993596,17.4));
#11637 = VECTOR('',#11638,1.);
#11638 = DIRECTION('',(1.,0.,0.));
#11639 = ORIENTED_EDGE('',*,*,#11640,.T.);
#11640 = EDGE_CURVE('',#11631,#5596,#11641,.T.);
#11641 = LINE('',#11642,#11643);
#11642 = CARTESIAN_POINT('',(11.222772780377,5.04178993596,17.4));
#11643 = VECTOR('',#11644,1.);
#11644 = DIRECTION('',(0.,0.,1.));
#11645 = ORIENTED_EDGE('',*,*,#5595,.T.);
#11646 = ORIENTED_EDGE('',*,*,#11647,.F.);
#11647 = EDGE_CURVE('',#11633,#5598,#11648,.T.);
#11648 = LINE('',#11649,#11650);
#11649 = CARTESIAN_POINT('',(16.022772780377,5.04178993596,17.4));
#11650 = VECTOR('',#11651,1.);
#11651 = DIRECTION('',(0.,0.,1.));
#11652 = PLANE('',#11653);
#11653 = AXIS2_PLACEMENT_3D('',#11654,#11655,#11656);
#11654 = CARTESIAN_POINT('',(11.222772780377,5.04178993596,17.4));
#11655 = DIRECTION('',(0.,1.,0.));
#11656 = DIRECTION('',(0.,0.,1.));
#11657 = ADVANCED_FACE('',(#11658),#11676,.T.);
#11658 = FACE_BOUND('',#11659,.T.);
#11659 = EDGE_LOOP('',(#11660,#11661,#11669,#11675));
#11660 = ORIENTED_EDGE('',*,*,#11647,.F.);
#11661 = ORIENTED_EDGE('',*,*,#11662,.T.);
#11662 = EDGE_CURVE('',#11633,#11663,#11665,.T.);
#11663 = VERTEX_POINT('',#11664);
#11664 = CARTESIAN_POINT('',(16.022772780377,11.29178993596,17.4));
#11665 = LINE('',#11666,#11667);
#11666 = CARTESIAN_POINT('',(16.022772780377,5.04178993596,17.4));
#11667 = VECTOR('',#11668,1.);
#11668 = DIRECTION('',(0.,1.,0.));
#11669 = ORIENTED_EDGE('',*,*,#11670,.T.);
#11670 = EDGE_CURVE('',#11663,#5614,#11671,.T.);
#11671 = LINE('',#11672,#11673);
#11672 = CARTESIAN_POINT('',(16.022772780377,11.29178993596,17.4));
#11673 = VECTOR('',#11674,1.);
#11674 = DIRECTION('',(0.,0.,1.));
#11675 = ORIENTED_EDGE('',*,*,#5621,.F.);
#11676 = PLANE('',#11677);
#11677 = AXIS2_PLACEMENT_3D('',#11678,#11679,#11680);
#11678 = CARTESIAN_POINT('',(16.022772780377,5.04178993596,17.4));
#11679 = DIRECTION('',(1.,0.,0.));
#11680 = DIRECTION('',(0.,0.,1.));
#11681 = ADVANCED_FACE('',(#11682),#11700,.T.);
#11682 = FACE_BOUND('',#11683,.T.);
#11683 = EDGE_LOOP('',(#11684,#11692,#11698,#11699));
#11684 = ORIENTED_EDGE('',*,*,#11685,.F.);
#11685 = EDGE_CURVE('',#11686,#11663,#11688,.T.);
#11686 = VERTEX_POINT('',#11687);
#11687 = CARTESIAN_POINT('',(11.222772780377,11.29178993596,17.4));
#11688 = LINE('',#11689,#11690);
#11689 = CARTESIAN_POINT('',(11.222772780377,11.29178993596,17.4));
#11690 = VECTOR('',#11691,1.);
#11691 = DIRECTION('',(1.,0.,0.));
#11692 = ORIENTED_EDGE('',*,*,#11693,.T.);
#11693 = EDGE_CURVE('',#11686,#5606,#11694,.T.);
#11694 = LINE('',#11695,#11696);
#11695 = CARTESIAN_POINT('',(11.222772780377,11.29178993596,17.4));
#11696 = VECTOR('',#11697,1.);
#11697 = DIRECTION('',(0.,0.,1.));
#11698 = ORIENTED_EDGE('',*,*,#5613,.T.);
#11699 = ORIENTED_EDGE('',*,*,#11670,.F.);
#11700 = PLANE('',#11701);
#11701 = AXIS2_PLACEMENT_3D('',#11702,#11703,#11704);
#11702 = CARTESIAN_POINT('',(11.222772780377,11.29178993596,17.4));
#11703 = DIRECTION('',(0.,1.,0.));
#11704 = DIRECTION('',(0.,0.,1.));
#11705 = ADVANCED_FACE('',(#11706),#11717,.F.);
#11706 = FACE_BOUND('',#11707,.F.);
#11707 = EDGE_LOOP('',(#11708,#11709,#11715,#11716));
#11708 = ORIENTED_EDGE('',*,*,#11640,.F.);
#11709 = ORIENTED_EDGE('',*,*,#11710,.T.);
#11710 = EDGE_CURVE('',#11631,#11686,#11711,.T.);
#11711 = LINE('',#11712,#11713);
#11712 = CARTESIAN_POINT('',(11.222772780377,5.04178993596,17.4));
#11713 = VECTOR('',#11714,1.);
#11714 = DIRECTION('',(0.,1.,0.));
#11715 = ORIENTED_EDGE('',*,*,#11693,.T.);
#11716 = ORIENTED_EDGE('',*,*,#5605,.F.);
#11717 = PLANE('',#11718);
#11718 = AXIS2_PLACEMENT_3D('',#11719,#11720,#11721);
#11719 = CARTESIAN_POINT('',(11.222772780377,5.04178993596,17.4));
#11720 = DIRECTION('',(1.,0.,0.));
#11721 = DIRECTION('',(0.,0.,1.));
#11722 = ADVANCED_FACE('',(#11723),#11748,.F.);
#11723 = FACE_BOUND('',#11724,.F.);
#11724 = EDGE_LOOP('',(#11725,#11735,#11741,#11742));
#11725 = ORIENTED_EDGE('',*,*,#11726,.F.);
#11726 = EDGE_CURVE('',#11727,#11729,#11731,.T.);
#11727 = VERTEX_POINT('',#11728);
#11728 = CARTESIAN_POINT('',(5.94709245455,8.628504481227,19.85));
#11729 = VERTEX_POINT('',#11730);
#11730 = CARTESIAN_POINT('',(5.94709245455,10.244504481227,19.85));
#11731 = LINE('',#11732,#11733);
#11732 = CARTESIAN_POINT('',(5.94709245455,8.628504481227,19.85));
#11733 = VECTOR('',#11734,1.);
#11734 = DIRECTION('',(-2.22044604925E-16,1.,0.));
#11735 = ORIENTED_EDGE('',*,*,#11736,.T.);
#11736 = EDGE_CURVE('',#11727,#5630,#11737,.T.);
#11737 = LINE('',#11738,#11739);
#11738 = CARTESIAN_POINT('',(5.94709245455,8.628504481227,19.85));
#11739 = VECTOR('',#11740,1.);
#11740 = DIRECTION('',(0.,0.,1.));
#11741 = ORIENTED_EDGE('',*,*,#5629,.T.);
#11742 = ORIENTED_EDGE('',*,*,#11743,.F.);
#11743 = EDGE_CURVE('',#11729,#5632,#11744,.T.);
#11744 = LINE('',#11745,#11746);
#11745 = CARTESIAN_POINT('',(5.94709245455,10.244504481227,19.85));
#11746 = VECTOR('',#11747,1.);
#11747 = DIRECTION('',(0.,0.,1.));
#11748 = PLANE('',#11749);
#11749 = AXIS2_PLACEMENT_3D('',#11750,#11751,#11752);
#11750 = CARTESIAN_POINT('',(5.94709245455,8.628504481227,19.85));
#11751 = DIRECTION('',(-1.,-2.22044604925E-16,0.));
#11752 = DIRECTION('',(0.,0.,1.));
#11753 = ADVANCED_FACE('',(#11754),#11772,.T.);
#11754 = FACE_BOUND('',#11755,.T.);
#11755 = EDGE_LOOP('',(#11756,#11757,#11765,#11771));
#11756 = ORIENTED_EDGE('',*,*,#11743,.F.);
#11757 = ORIENTED_EDGE('',*,*,#11758,.T.);
#11758 = EDGE_CURVE('',#11729,#11759,#11761,.T.);
#11759 = VERTEX_POINT('',#11760);
#11760 = CARTESIAN_POINT('',(5.34709245455,10.244504481227,19.85));
#11761 = LINE('',#11762,#11763);
#11762 = CARTESIAN_POINT('',(5.94709245455,10.244504481227,19.85));
#11763 = VECTOR('',#11764,1.);
#11764 = DIRECTION('',(-1.,-2.22044604925E-16,0.));
#11765 = ORIENTED_EDGE('',*,*,#11766,.T.);
#11766 = EDGE_CURVE('',#11759,#5648,#11767,.T.);
#11767 = LINE('',#11768,#11769);
#11768 = CARTESIAN_POINT('',(5.34709245455,10.244504481227,19.85));
#11769 = VECTOR('',#11770,1.);
#11770 = DIRECTION('',(0.,0.,1.));
#11771 = ORIENTED_EDGE('',*,*,#5655,.F.);
#11772 = PLANE('',#11773);
#11773 = AXIS2_PLACEMENT_3D('',#11774,#11775,#11776);
#11774 = CARTESIAN_POINT('',(5.94709245455,10.244504481227,19.85));
#11775 = DIRECTION('',(-2.22044604925E-16,1.,0.));
#11776 = DIRECTION('',(0.,0.,1.));
#11777 = ADVANCED_FACE('',(#11778),#11796,.T.);
#11778 = FACE_BOUND('',#11779,.T.);
#11779 = EDGE_LOOP('',(#11780,#11788,#11794,#11795));
#11780 = ORIENTED_EDGE('',*,*,#11781,.F.);
#11781 = EDGE_CURVE('',#11782,#11759,#11784,.T.);
#11782 = VERTEX_POINT('',#11783);
#11783 = CARTESIAN_POINT('',(5.34709245455,8.628504481227,19.85));
#11784 = LINE('',#11785,#11786);
#11785 = CARTESIAN_POINT('',(5.34709245455,8.628504481227,19.85));
#11786 = VECTOR('',#11787,1.);
#11787 = DIRECTION('',(-2.22044604925E-16,1.,0.));
#11788 = ORIENTED_EDGE('',*,*,#11789,.T.);
#11789 = EDGE_CURVE('',#11782,#5640,#11790,.T.);
#11790 = LINE('',#11791,#11792);
#11791 = CARTESIAN_POINT('',(5.34709245455,8.628504481227,19.85));
#11792 = VECTOR('',#11793,1.);
#11793 = DIRECTION('',(0.,0.,1.));
#11794 = ORIENTED_EDGE('',*,*,#5647,.T.);
#11795 = ORIENTED_EDGE('',*,*,#11766,.F.);
#11796 = PLANE('',#11797);
#11797 = AXIS2_PLACEMENT_3D('',#11798,#11799,#11800);
#11798 = CARTESIAN_POINT('',(5.34709245455,8.628504481227,19.85));
#11799 = DIRECTION('',(-1.,-2.22044604925E-16,0.));
#11800 = DIRECTION('',(0.,0.,1.));
#11801 = ADVANCED_FACE('',(#11802),#11813,.F.);
#11802 = FACE_BOUND('',#11803,.F.);
#11803 = EDGE_LOOP('',(#11804,#11805,#11811,#11812));
#11804 = ORIENTED_EDGE('',*,*,#11736,.F.);
#11805 = ORIENTED_EDGE('',*,*,#11806,.T.);
#11806 = EDGE_CURVE('',#11727,#11782,#11807,.T.);
#11807 = LINE('',#11808,#11809);
#11808 = CARTESIAN_POINT('',(5.94709245455,8.628504481227,19.85));
#11809 = VECTOR('',#11810,1.);
#11810 = DIRECTION('',(-1.,-2.22044604925E-16,0.));
#11811 = ORIENTED_EDGE('',*,*,#11789,.T.);
#11812 = ORIENTED_EDGE('',*,*,#5639,.F.);
#11813 = PLANE('',#11814);
#11814 = AXIS2_PLACEMENT_3D('',#11815,#11816,#11817);
#11815 = CARTESIAN_POINT('',(5.94709245455,8.628504481227,19.85));
#11816 = DIRECTION('',(-2.22044604925E-16,1.,0.));
#11817 = DIRECTION('',(0.,0.,1.));
#11818 = ADVANCED_FACE('',(#11819),#11844,.F.);
#11819 = FACE_BOUND('',#11820,.F.);
#11820 = EDGE_LOOP('',(#11821,#11831,#11837,#11838));
#11821 = ORIENTED_EDGE('',*,*,#11822,.F.);
#11822 = EDGE_CURVE('',#11823,#11825,#11827,.T.);
#11823 = VERTEX_POINT('',#11824);
#11824 = CARTESIAN_POINT('',(8.425108123729,10.417864324752,19.85));
#11825 = VERTEX_POINT('',#11826);
#11826 = CARTESIAN_POINT('',(6.809108123729,10.417864324752,19.85));
#11827 = LINE('',#11828,#11829);
#11828 = CARTESIAN_POINT('',(8.425108123729,10.417864324752,19.85));
#11829 = VECTOR('',#11830,1.);
#11830 = DIRECTION('',(-1.,-1.224646799147E-16,0.));
#11831 = ORIENTED_EDGE('',*,*,#11832,.T.);
#11832 = EDGE_CURVE('',#11823,#5664,#11833,.T.);
#11833 = LINE('',#11834,#11835);
#11834 = CARTESIAN_POINT('',(8.425108123729,10.417864324752,19.85));
#11835 = VECTOR('',#11836,1.);
#11836 = DIRECTION('',(0.,0.,1.));
#11837 = ORIENTED_EDGE('',*,*,#5663,.T.);
#11838 = ORIENTED_EDGE('',*,*,#11839,.F.);
#11839 = EDGE_CURVE('',#11825,#5666,#11840,.T.);
#11840 = LINE('',#11841,#11842);
#11841 = CARTESIAN_POINT('',(6.809108123729,10.417864324752,19.85));
#11842 = VECTOR('',#11843,1.);
#11843 = DIRECTION('',(0.,0.,1.));
#11844 = PLANE('',#11845);
#11845 = AXIS2_PLACEMENT_3D('',#11846,#11847,#11848);
#11846 = CARTESIAN_POINT('',(8.425108123729,10.417864324752,19.85));
#11847 = DIRECTION('',(1.224646799147E-16,-1.,0.));
#11848 = DIRECTION('',(0.,0.,1.));
#11849 = ADVANCED_FACE('',(#11850),#11868,.T.);
#11850 = FACE_BOUND('',#11851,.T.);
#11851 = EDGE_LOOP('',(#11852,#11853,#11861,#11867));
#11852 = ORIENTED_EDGE('',*,*,#11839,.F.);
#11853 = ORIENTED_EDGE('',*,*,#11854,.T.);
#11854 = EDGE_CURVE('',#11825,#11855,#11857,.T.);
#11855 = VERTEX_POINT('',#11856);
#11856 = CARTESIAN_POINT('',(6.809108123729,9.817864324752,19.85));
#11857 = LINE('',#11858,#11859);
#11858 = CARTESIAN_POINT('',(6.809108123729,10.417864324752,19.85));
#11859 = VECTOR('',#11860,1.);
#11860 = DIRECTION('',(1.224646799147E-16,-1.,0.));
#11861 = ORIENTED_EDGE('',*,*,#11862,.T.);
#11862 = EDGE_CURVE('',#11855,#5682,#11863,.T.);
#11863 = LINE('',#11864,#11865);
#11864 = CARTESIAN_POINT('',(6.809108123729,9.817864324752,19.85));
#11865 = VECTOR('',#11866,1.);
#11866 = DIRECTION('',(0.,0.,1.));
#11867 = ORIENTED_EDGE('',*,*,#5689,.F.);
#11868 = PLANE('',#11869);
#11869 = AXIS2_PLACEMENT_3D('',#11870,#11871,#11872);
#11870 = CARTESIAN_POINT('',(6.809108123729,10.417864324752,19.85));
#11871 = DIRECTION('',(-1.,-1.224646799147E-16,0.));
#11872 = DIRECTION('',(0.,0.,1.));
#11873 = ADVANCED_FACE('',(#11874),#11892,.T.);
#11874 = FACE_BOUND('',#11875,.T.);
#11875 = EDGE_LOOP('',(#11876,#11884,#11890,#11891));
#11876 = ORIENTED_EDGE('',*,*,#11877,.F.);
#11877 = EDGE_CURVE('',#11878,#11855,#11880,.T.);
#11878 = VERTEX_POINT('',#11879);
#11879 = CARTESIAN_POINT('',(8.425108123729,9.817864324752,19.85));
#11880 = LINE('',#11881,#11882);
#11881 = CARTESIAN_POINT('',(8.425108123729,9.817864324752,19.85));
#11882 = VECTOR('',#11883,1.);
#11883 = DIRECTION('',(-1.,-1.224646799147E-16,0.));
#11884 = ORIENTED_EDGE('',*,*,#11885,.T.);
#11885 = EDGE_CURVE('',#11878,#5674,#11886,.T.);
#11886 = LINE('',#11887,#11888);
#11887 = CARTESIAN_POINT('',(8.425108123729,9.817864324752,19.85));
#11888 = VECTOR('',#11889,1.);
#11889 = DIRECTION('',(0.,0.,1.));
#11890 = ORIENTED_EDGE('',*,*,#5681,.T.);
#11891 = ORIENTED_EDGE('',*,*,#11862,.F.);
#11892 = PLANE('',#11893);
#11893 = AXIS2_PLACEMENT_3D('',#11894,#11895,#11896);
#11894 = CARTESIAN_POINT('',(8.425108123729,9.817864324752,19.85));
#11895 = DIRECTION('',(1.224646799147E-16,-1.,0.));
#11896 = DIRECTION('',(0.,0.,1.));
#11897 = ADVANCED_FACE('',(#11898),#11909,.F.);
#11898 = FACE_BOUND('',#11899,.F.);
#11899 = EDGE_LOOP('',(#11900,#11901,#11907,#11908));
#11900 = ORIENTED_EDGE('',*,*,#11832,.F.);
#11901 = ORIENTED_EDGE('',*,*,#11902,.T.);
#11902 = EDGE_CURVE('',#11823,#11878,#11903,.T.);
#11903 = LINE('',#11904,#11905);
#11904 = CARTESIAN_POINT('',(8.425108123729,10.417864324752,19.85));
#11905 = VECTOR('',#11906,1.);
#11906 = DIRECTION('',(1.224646799147E-16,-1.,0.));
#11907 = ORIENTED_EDGE('',*,*,#11885,.T.);
#11908 = ORIENTED_EDGE('',*,*,#5673,.F.);
#11909 = PLANE('',#11910);
#11910 = AXIS2_PLACEMENT_3D('',#11911,#11912,#11913);
#11911 = CARTESIAN_POINT('',(8.425108123729,10.417864324752,19.85));
#11912 = DIRECTION('',(-1.,-1.224646799147E-16,0.));
#11913 = DIRECTION('',(0.,0.,1.));
#11914 = ADVANCED_FACE('',(#11915),#11940,.F.);
#11915 = FACE_BOUND('',#11916,.F.);
#11916 = EDGE_LOOP('',(#11917,#11927,#11933,#11934));
#11917 = ORIENTED_EDGE('',*,*,#11918,.F.);
#11918 = EDGE_CURVE('',#11919,#11921,#11923,.T.);
#11919 = VERTEX_POINT('',#11920);
#11920 = CARTESIAN_POINT('',(8.352905594188,11.658564724285,19.5));
#11921 = VERTEX_POINT('',#11922);
#11922 = CARTESIAN_POINT('',(8.352905594188,12.558564724285,19.5));
#11923 = LINE('',#11924,#11925);
#11924 = CARTESIAN_POINT('',(8.352905594188,11.658564724285,19.5));
#11925 = VECTOR('',#11926,1.);
#11926 = DIRECTION('',(-2.22044604925E-16,1.,0.));
#11927 = ORIENTED_EDGE('',*,*,#11928,.T.);
#11928 = EDGE_CURVE('',#11919,#5698,#11929,.T.);
#11929 = LINE('',#11930,#11931);
#11930 = CARTESIAN_POINT('',(8.352905594188,11.658564724285,19.5));
#11931 = VECTOR('',#11932,1.);
#11932 = DIRECTION('',(0.,0.,1.));
#11933 = ORIENTED_EDGE('',*,*,#5697,.T.);
#11934 = ORIENTED_EDGE('',*,*,#11935,.F.);
#11935 = EDGE_CURVE('',#11921,#5700,#11936,.T.);
#11936 = LINE('',#11937,#11938);
#11937 = CARTESIAN_POINT('',(8.352905594188,12.558564724285,19.5));
#11938 = VECTOR('',#11939,1.);
#11939 = DIRECTION('',(0.,0.,1.));
#11940 = PLANE('',#11941);
#11941 = AXIS2_PLACEMENT_3D('',#11942,#11943,#11944);
#11942 = CARTESIAN_POINT('',(8.352905594188,11.658564724285,19.5));
#11943 = DIRECTION('',(-1.,-2.22044604925E-16,0.));
#11944 = DIRECTION('',(0.,0.,1.));
#11945 = ADVANCED_FACE('',(#11946),#11964,.T.);
#11946 = FACE_BOUND('',#11947,.T.);
#11947 = EDGE_LOOP('',(#11948,#11949,#11957,#11963));
#11948 = ORIENTED_EDGE('',*,*,#11935,.F.);
#11949 = ORIENTED_EDGE('',*,*,#11950,.T.);
#11950 = EDGE_CURVE('',#11921,#11951,#11953,.T.);
#11951 = VERTEX_POINT('',#11952);
#11952 = CARTESIAN_POINT('',(6.052905594188,12.558564724285,19.5));
#11953 = LINE('',#11954,#11955);
#11954 = CARTESIAN_POINT('',(8.352905594188,12.558564724285,19.5));
#11955 = VECTOR('',#11956,1.);
#11956 = DIRECTION('',(-1.,-2.22044604925E-16,0.));
#11957 = ORIENTED_EDGE('',*,*,#11958,.T.);
#11958 = EDGE_CURVE('',#11951,#5716,#11959,.T.);
#11959 = LINE('',#11960,#11961);
#11960 = CARTESIAN_POINT('',(6.052905594188,12.558564724285,19.5));
#11961 = VECTOR('',#11962,1.);
#11962 = DIRECTION('',(0.,0.,1.));
#11963 = ORIENTED_EDGE('',*,*,#5723,.F.);
#11964 = PLANE('',#11965);
#11965 = AXIS2_PLACEMENT_3D('',#11966,#11967,#11968);
#11966 = CARTESIAN_POINT('',(8.352905594188,12.558564724285,19.5));
#11967 = DIRECTION('',(-2.22044604925E-16,1.,0.));
#11968 = DIRECTION('',(0.,0.,1.));
#11969 = ADVANCED_FACE('',(#11970),#11988,.T.);
#11970 = FACE_BOUND('',#11971,.T.);
#11971 = EDGE_LOOP('',(#11972,#11980,#11986,#11987));
#11972 = ORIENTED_EDGE('',*,*,#11973,.F.);
#11973 = EDGE_CURVE('',#11974,#11951,#11976,.T.);
#11974 = VERTEX_POINT('',#11975);
#11975 = CARTESIAN_POINT('',(6.052905594188,11.658564724285,19.5));
#11976 = LINE('',#11977,#11978);
#11977 = CARTESIAN_POINT('',(6.052905594188,11.658564724285,19.5));
#11978 = VECTOR('',#11979,1.);
#11979 = DIRECTION('',(-2.22044604925E-16,1.,0.));
#11980 = ORIENTED_EDGE('',*,*,#11981,.T.);
#11981 = EDGE_CURVE('',#11974,#5708,#11982,.T.);
#11982 = LINE('',#11983,#11984);
#11983 = CARTESIAN_POINT('',(6.052905594188,11.658564724285,19.5));
#11984 = VECTOR('',#11985,1.);
#11985 = DIRECTION('',(0.,0.,1.));
#11986 = ORIENTED_EDGE('',*,*,#5715,.T.);
#11987 = ORIENTED_EDGE('',*,*,#11958,.F.);
#11988 = PLANE('',#11989);
#11989 = AXIS2_PLACEMENT_3D('',#11990,#11991,#11992);
#11990 = CARTESIAN_POINT('',(6.052905594188,11.658564724285,19.5));
#11991 = DIRECTION('',(-1.,-2.22044604925E-16,0.));
#11992 = DIRECTION('',(0.,0.,1.));
#11993 = ADVANCED_FACE('',(#11994),#12005,.F.);
#11994 = FACE_BOUND('',#11995,.F.);
#11995 = EDGE_LOOP('',(#11996,#11997,#12003,#12004));
#11996 = ORIENTED_EDGE('',*,*,#11928,.F.);
#11997 = ORIENTED_EDGE('',*,*,#11998,.T.);
#11998 = EDGE_CURVE('',#11919,#11974,#11999,.T.);
#11999 = LINE('',#12000,#12001);
#12000 = CARTESIAN_POINT('',(8.352905594188,11.658564724285,19.5));
#12001 = VECTOR('',#12002,1.);
#12002 = DIRECTION('',(-1.,-2.22044604925E-16,0.));
#12003 = ORIENTED_EDGE('',*,*,#11981,.T.);
#12004 = ORIENTED_EDGE('',*,*,#5707,.F.);
#12005 = PLANE('',#12006);
#12006 = AXIS2_PLACEMENT_3D('',#12007,#12008,#12009);
#12007 = CARTESIAN_POINT('',(8.352905594188,11.658564724285,19.5));
#12008 = DIRECTION('',(-2.22044604925E-16,1.,0.));
#12009 = DIRECTION('',(0.,0.,1.));
#12010 = ADVANCED_FACE('',(#12011),#12036,.F.);
#12011 = FACE_BOUND('',#12012,.F.);
#12012 = EDGE_LOOP('',(#12013,#12023,#12029,#12030));
#12013 = ORIENTED_EDGE('',*,*,#12014,.F.);
#12014 = EDGE_CURVE('',#12015,#12017,#12019,.T.);
#12015 = VERTEX_POINT('',#12016);
#12016 = CARTESIAN_POINT('',(8.855036986615,11.595130481892,19.85));
#12017 = VERTEX_POINT('',#12018);
#12018 = CARTESIAN_POINT('',(10.471036986615,11.595130481892,19.85));
#12019 = LINE('',#12020,#12021);
#12020 = CARTESIAN_POINT('',(8.855036986615,11.595130481892,19.85));
#12021 = VECTOR('',#12022,1.);
#12022 = DIRECTION('',(1.,0.,0.));
#12023 = ORIENTED_EDGE('',*,*,#12024,.T.);
#12024 = EDGE_CURVE('',#12015,#5732,#12025,.T.);
#12025 = LINE('',#12026,#12027);
#12026 = CARTESIAN_POINT('',(8.855036986615,11.595130481892,19.85));
#12027 = VECTOR('',#12028,1.);
#12028 = DIRECTION('',(0.,0.,1.));
#12029 = ORIENTED_EDGE('',*,*,#5731,.T.);
#12030 = ORIENTED_EDGE('',*,*,#12031,.F.);
#12031 = EDGE_CURVE('',#12017,#5734,#12032,.T.);
#12032 = LINE('',#12033,#12034);
#12033 = CARTESIAN_POINT('',(10.471036986615,11.595130481892,19.85));
#12034 = VECTOR('',#12035,1.);
#12035 = DIRECTION('',(0.,0.,1.));
#12036 = PLANE('',#12037);
#12037 = AXIS2_PLACEMENT_3D('',#12038,#12039,#12040);
#12038 = CARTESIAN_POINT('',(8.855036986615,11.595130481892,19.85));
#12039 = DIRECTION('',(0.,1.,0.));
#12040 = DIRECTION('',(0.,0.,1.));
#12041 = ADVANCED_FACE('',(#12042),#12060,.T.);
#12042 = FACE_BOUND('',#12043,.T.);
#12043 = EDGE_LOOP('',(#12044,#12045,#12053,#12059));
#12044 = ORIENTED_EDGE('',*,*,#12031,.F.);
#12045 = ORIENTED_EDGE('',*,*,#12046,.T.);
#12046 = EDGE_CURVE('',#12017,#12047,#12049,.T.);
#12047 = VERTEX_POINT('',#12048);
#12048 = CARTESIAN_POINT('',(10.471036986615,12.195130481892,19.85));
#12049 = LINE('',#12050,#12051);
#12050 = CARTESIAN_POINT('',(10.471036986615,11.595130481892,19.85));
#12051 = VECTOR('',#12052,1.);
#12052 = DIRECTION('',(0.,1.,0.));
#12053 = ORIENTED_EDGE('',*,*,#12054,.T.);
#12054 = EDGE_CURVE('',#12047,#5750,#12055,.T.);
#12055 = LINE('',#12056,#12057);
#12056 = CARTESIAN_POINT('',(10.471036986615,12.195130481892,19.85));
#12057 = VECTOR('',#12058,1.);
#12058 = DIRECTION('',(0.,0.,1.));
#12059 = ORIENTED_EDGE('',*,*,#5757,.F.);
#12060 = PLANE('',#12061);
#12061 = AXIS2_PLACEMENT_3D('',#12062,#12063,#12064);
#12062 = CARTESIAN_POINT('',(10.471036986615,11.595130481892,19.85));
#12063 = DIRECTION('',(1.,0.,0.));
#12064 = DIRECTION('',(0.,0.,1.));
#12065 = ADVANCED_FACE('',(#12066),#12084,.T.);
#12066 = FACE_BOUND('',#12067,.T.);
#12067 = EDGE_LOOP('',(#12068,#12076,#12082,#12083));
#12068 = ORIENTED_EDGE('',*,*,#12069,.F.);
#12069 = EDGE_CURVE('',#12070,#12047,#12072,.T.);
#12070 = VERTEX_POINT('',#12071);
#12071 = CARTESIAN_POINT('',(8.855036986615,12.195130481892,19.85));
#12072 = LINE('',#12073,#12074);
#12073 = CARTESIAN_POINT('',(8.855036986615,12.195130481892,19.85));
#12074 = VECTOR('',#12075,1.);
#12075 = DIRECTION('',(1.,0.,0.));
#12076 = ORIENTED_EDGE('',*,*,#12077,.T.);
#12077 = EDGE_CURVE('',#12070,#5742,#12078,.T.);
#12078 = LINE('',#12079,#12080);
#12079 = CARTESIAN_POINT('',(8.855036986615,12.195130481892,19.85));
#12080 = VECTOR('',#12081,1.);
#12081 = DIRECTION('',(0.,0.,1.));
#12082 = ORIENTED_EDGE('',*,*,#5749,.T.);
#12083 = ORIENTED_EDGE('',*,*,#12054,.F.);
#12084 = PLANE('',#12085);
#12085 = AXIS2_PLACEMENT_3D('',#12086,#12087,#12088);
#12086 = CARTESIAN_POINT('',(8.855036986615,12.195130481892,19.85));
#12087 = DIRECTION('',(0.,1.,0.));
#12088 = DIRECTION('',(0.,0.,1.));
#12089 = ADVANCED_FACE('',(#12090),#12101,.F.);
#12090 = FACE_BOUND('',#12091,.F.);
#12091 = EDGE_LOOP('',(#12092,#12093,#12099,#12100));
#12092 = ORIENTED_EDGE('',*,*,#12024,.F.);
#12093 = ORIENTED_EDGE('',*,*,#12094,.T.);
#12094 = EDGE_CURVE('',#12015,#12070,#12095,.T.);
#12095 = LINE('',#12096,#12097);
#12096 = CARTESIAN_POINT('',(8.855036986615,11.595130481892,19.85));
#12097 = VECTOR('',#12098,1.);
#12098 = DIRECTION('',(0.,1.,0.));
#12099 = ORIENTED_EDGE('',*,*,#12077,.T.);
#12100 = ORIENTED_EDGE('',*,*,#5741,.F.);
#12101 = PLANE('',#12102);
#12102 = AXIS2_PLACEMENT_3D('',#12103,#12104,#12105);
#12103 = CARTESIAN_POINT('',(8.855036986615,11.595130481892,19.85));
#12104 = DIRECTION('',(1.,0.,0.));
#12105 = DIRECTION('',(0.,0.,1.));
#12106 = ADVANCED_FACE('',(#12107),#12132,.F.);
#12107 = FACE_BOUND('',#12108,.F.);
#12108 = EDGE_LOOP('',(#12109,#12119,#12125,#12126));
#12109 = ORIENTED_EDGE('',*,*,#12110,.F.);
#12110 = EDGE_CURVE('',#12111,#12113,#12115,.T.);
#12111 = VERTEX_POINT('',#12112);
#12112 = CARTESIAN_POINT('',(6.545983263463,16.909429888608,19.));
#12113 = VERTEX_POINT('',#12114);
#12114 = CARTESIAN_POINT('',(3.245983263463,16.909429888608,19.));
#12115 = LINE('',#12116,#12117);
#12116 = CARTESIAN_POINT('',(6.545983263463,16.909429888608,19.));
#12117 = VECTOR('',#12118,1.);
#12118 = DIRECTION('',(-1.,-1.224646799147E-16,0.));
#12119 = ORIENTED_EDGE('',*,*,#12120,.T.);
#12120 = EDGE_CURVE('',#12111,#5766,#12121,.T.);
#12121 = LINE('',#12122,#12123);
#12122 = CARTESIAN_POINT('',(6.545983263463,16.909429888608,19.));
#12123 = VECTOR('',#12124,1.);
#12124 = DIRECTION('',(0.,0.,1.));
#12125 = ORIENTED_EDGE('',*,*,#5765,.T.);
#12126 = ORIENTED_EDGE('',*,*,#12127,.F.);
#12127 = EDGE_CURVE('',#12113,#5768,#12128,.T.);
#12128 = LINE('',#12129,#12130);
#12129 = CARTESIAN_POINT('',(3.245983263463,16.909429888608,19.));
#12130 = VECTOR('',#12131,1.);
#12131 = DIRECTION('',(0.,0.,1.));
#12132 = PLANE('',#12133);
#12133 = AXIS2_PLACEMENT_3D('',#12134,#12135,#12136);
#12134 = CARTESIAN_POINT('',(6.545983263463,16.909429888608,19.));
#12135 = DIRECTION('',(1.224646799147E-16,-1.,0.));
#12136 = DIRECTION('',(0.,0.,1.));
#12137 = ADVANCED_FACE('',(#12138),#12156,.T.);
#12138 = FACE_BOUND('',#12139,.T.);
#12139 = EDGE_LOOP('',(#12140,#12141,#12149,#12155));
#12140 = ORIENTED_EDGE('',*,*,#12127,.F.);
#12141 = ORIENTED_EDGE('',*,*,#12142,.T.);
#12142 = EDGE_CURVE('',#12113,#12143,#12145,.T.);
#12143 = VERTEX_POINT('',#12144);
#12144 = CARTESIAN_POINT('',(3.245983263463,13.109229888608,19.));
#12145 = LINE('',#12146,#12147);
#12146 = CARTESIAN_POINT('',(3.245983263463,16.909429888608,19.));
#12147 = VECTOR('',#12148,1.);
#12148 = DIRECTION('',(1.224646799147E-16,-1.,0.));
#12149 = ORIENTED_EDGE('',*,*,#12150,.T.);
#12150 = EDGE_CURVE('',#12143,#5784,#12151,.T.);
#12151 = LINE('',#12152,#12153);
#12152 = CARTESIAN_POINT('',(3.245983263463,13.109229888608,19.));
#12153 = VECTOR('',#12154,1.);
#12154 = DIRECTION('',(0.,0.,1.));
#12155 = ORIENTED_EDGE('',*,*,#5791,.F.);
#12156 = PLANE('',#12157);
#12157 = AXIS2_PLACEMENT_3D('',#12158,#12159,#12160);
#12158 = CARTESIAN_POINT('',(3.245983263463,16.909429888608,19.));
#12159 = DIRECTION('',(-1.,-1.224646799147E-16,0.));
#12160 = DIRECTION('',(0.,0.,1.));
#12161 = ADVANCED_FACE('',(#12162),#12180,.T.);
#12162 = FACE_BOUND('',#12163,.T.);
#12163 = EDGE_LOOP('',(#12164,#12172,#12178,#12179));
#12164 = ORIENTED_EDGE('',*,*,#12165,.F.);
#12165 = EDGE_CURVE('',#12166,#12143,#12168,.T.);
#12166 = VERTEX_POINT('',#12167);
#12167 = CARTESIAN_POINT('',(6.545983263463,13.109229888608,19.));
#12168 = LINE('',#12169,#12170);
#12169 = CARTESIAN_POINT('',(6.545983263463,13.109229888608,19.));
#12170 = VECTOR('',#12171,1.);
#12171 = DIRECTION('',(-1.,-1.224646799147E-16,0.));
#12172 = ORIENTED_EDGE('',*,*,#12173,.T.);
#12173 = EDGE_CURVE('',#12166,#5776,#12174,.T.);
#12174 = LINE('',#12175,#12176);
#12175 = CARTESIAN_POINT('',(6.545983263463,13.109229888608,19.));
#12176 = VECTOR('',#12177,1.);
#12177 = DIRECTION('',(0.,0.,1.));
#12178 = ORIENTED_EDGE('',*,*,#5783,.T.);
#12179 = ORIENTED_EDGE('',*,*,#12150,.F.);
#12180 = PLANE('',#12181);
#12181 = AXIS2_PLACEMENT_3D('',#12182,#12183,#12184);
#12182 = CARTESIAN_POINT('',(6.545983263463,13.109229888608,19.));
#12183 = DIRECTION('',(1.224646799147E-16,-1.,0.));
#12184 = DIRECTION('',(0.,0.,1.));
#12185 = ADVANCED_FACE('',(#12186),#12197,.F.);
#12186 = FACE_BOUND('',#12187,.F.);
#12187 = EDGE_LOOP('',(#12188,#12189,#12195,#12196));
#12188 = ORIENTED_EDGE('',*,*,#12120,.F.);
#12189 = ORIENTED_EDGE('',*,*,#12190,.T.);
#12190 = EDGE_CURVE('',#12111,#12166,#12191,.T.);
#12191 = LINE('',#12192,#12193);
#12192 = CARTESIAN_POINT('',(6.545983263463,16.909429888608,19.));
#12193 = VECTOR('',#12194,1.);
#12194 = DIRECTION('',(1.224646799147E-16,-1.,0.));
#12195 = ORIENTED_EDGE('',*,*,#12173,.T.);
#12196 = ORIENTED_EDGE('',*,*,#5775,.F.);
#12197 = PLANE('',#12198);
#12198 = AXIS2_PLACEMENT_3D('',#12199,#12200,#12201);
#12199 = CARTESIAN_POINT('',(6.545983263463,16.909429888608,19.));
#12200 = DIRECTION('',(-1.,-1.224646799147E-16,0.));
#12201 = DIRECTION('',(0.,0.,1.));
#12202 = ADVANCED_FACE('',(#12203),#12214,.F.);
#12203 = FACE_BOUND('',#12204,.F.);
#12204 = EDGE_LOOP('',(#12205,#12206,#12212,#12213));
#12205 = ORIENTED_EDGE('',*,*,#6235,.F.);
#12206 = ORIENTED_EDGE('',*,*,#12207,.F.);
#12207 = EDGE_CURVE('',#5800,#6236,#12208,.T.);
#12208 = LINE('',#12209,#12210);
#12209 = CARTESIAN_POINT('',(11.1,15.7,20.4));
#12210 = VECTOR('',#12211,1.);
#12211 = DIRECTION('',(0.,0.,1.));
#12212 = ORIENTED_EDGE('',*,*,#5799,.T.);
#12213 = ORIENTED_EDGE('',*,*,#12207,.T.);
#12214 = CYLINDRICAL_SURFACE('',#12215,1.1);
#12215 = AXIS2_PLACEMENT_3D('',#12216,#12217,#12218);
#12216 = CARTESIAN_POINT('',(10.,15.7,20.4));
#12217 = DIRECTION('',(0.,0.,1.));
#12218 = DIRECTION('',(1.,0.,-0.));
#12219 = ADVANCED_FACE('',(#12220),#12231,.T.);
#12220 = FACE_BOUND('',#12221,.T.);
#12221 = EDGE_LOOP('',(#12222,#12228,#12229,#12230));
#12222 = ORIENTED_EDGE('',*,*,#12223,.F.);
#12223 = EDGE_CURVE('',#6261,#6310,#12224,.T.);
#12224 = LINE('',#12225,#12226);
#12225 = CARTESIAN_POINT('',(4.82,-21.965,17.));
#12226 = VECTOR('',#12227,1.);
#12227 = DIRECTION('',(-1.,-1.224646799147E-16,0.));
#12228 = ORIENTED_EDGE('',*,*,#6268,.T.);
#12229 = ORIENTED_EDGE('',*,*,#5833,.T.);
#12230 = ORIENTED_EDGE('',*,*,#6317,.F.);
#12231 = PLANE('',#12232);
#12232 = AXIS2_PLACEMENT_3D('',#12233,#12234,#12235);
#12233 = CARTESIAN_POINT('',(4.82,-21.965,17.));
#12234 = DIRECTION('',(1.224646799147E-16,-1.,0.));
#12235 = DIRECTION('',(0.,0.,1.));
#12236 = ADVANCED_FACE('',(#12237),#12262,.F.);
#12237 = FACE_BOUND('',#12238,.F.);
#12238 = EDGE_LOOP('',(#12239,#12240,#12248,#12256));
#12239 = ORIENTED_EDGE('',*,*,#5861,.F.);
#12240 = ORIENTED_EDGE('',*,*,#12241,.T.);
#12241 = EDGE_CURVE('',#5862,#12242,#12244,.T.);
#12242 = VERTEX_POINT('',#12243);
#12243 = CARTESIAN_POINT('',(5.864753581438,-16.56132796974,24.1));
#12244 = LINE('',#12245,#12246);
#12245 = CARTESIAN_POINT('',(5.864753581438,-16.56132796974,22.1));
#12246 = VECTOR('',#12247,1.);
#12247 = DIRECTION('',(0.,0.,1.));
#12248 = ORIENTED_EDGE('',*,*,#12249,.T.);
#12249 = EDGE_CURVE('',#12242,#12250,#12252,.T.);
#12250 = VERTEX_POINT('',#12251);
#12251 = CARTESIAN_POINT('',(9.004753581438,-16.56132796974,24.1));
#12252 = LINE('',#12253,#12254);
#12253 = CARTESIAN_POINT('',(5.864753581438,-16.56132796974,24.1));
#12254 = VECTOR('',#12255,1.);
#12255 = DIRECTION('',(1.,0.,0.));
#12256 = ORIENTED_EDGE('',*,*,#12257,.F.);
#12257 = EDGE_CURVE('',#5864,#12250,#12258,.T.);
#12258 = LINE('',#12259,#12260);
#12259 = CARTESIAN_POINT('',(9.004753581438,-16.56132796974,22.1));
#12260 = VECTOR('',#12261,1.);
#12261 = DIRECTION('',(0.,0.,1.));
#12262 = PLANE('',#12263);
#12263 = AXIS2_PLACEMENT_3D('',#12264,#12265,#12266);
#12264 = CARTESIAN_POINT('',(5.864753581438,-16.56132796974,22.1));
#12265 = DIRECTION('',(0.,1.,0.));
#12266 = DIRECTION('',(0.,0.,1.));
#12267 = ADVANCED_FACE('',(#12268),#12286,.T.);
#12268 = FACE_BOUND('',#12269,.T.);
#12269 = EDGE_LOOP('',(#12270,#12271,#12272,#12280));
#12270 = ORIENTED_EDGE('',*,*,#12257,.F.);
#12271 = ORIENTED_EDGE('',*,*,#5887,.T.);
#12272 = ORIENTED_EDGE('',*,*,#12273,.T.);
#12273 = EDGE_CURVE('',#5880,#12274,#12276,.T.);
#12274 = VERTEX_POINT('',#12275);
#12275 = CARTESIAN_POINT('',(9.004753581438,-15.06132796974,24.1));
#12276 = LINE('',#12277,#12278);
#12277 = CARTESIAN_POINT('',(9.004753581438,-15.06132796974,22.1));
#12278 = VECTOR('',#12279,1.);
#12279 = DIRECTION('',(0.,0.,1.));
#12280 = ORIENTED_EDGE('',*,*,#12281,.F.);
#12281 = EDGE_CURVE('',#12250,#12274,#12282,.T.);
#12282 = LINE('',#12283,#12284);
#12283 = CARTESIAN_POINT('',(9.004753581438,-16.56132796974,24.1));
#12284 = VECTOR('',#12285,1.);
#12285 = DIRECTION('',(0.,1.,0.));
#12286 = PLANE('',#12287);
#12287 = AXIS2_PLACEMENT_3D('',#12288,#12289,#12290);
#12288 = CARTESIAN_POINT('',(9.004753581438,-16.56132796974,22.1));
#12289 = DIRECTION('',(1.,0.,0.));
#12290 = DIRECTION('',(0.,0.,1.));
#12291 = ADVANCED_FACE('',(#12292),#12310,.T.);
#12292 = FACE_BOUND('',#12293,.T.);
#12293 = EDGE_LOOP('',(#12294,#12295,#12303,#12309));
#12294 = ORIENTED_EDGE('',*,*,#5879,.F.);
#12295 = ORIENTED_EDGE('',*,*,#12296,.T.);
#12296 = EDGE_CURVE('',#5872,#12297,#12299,.T.);
#12297 = VERTEX_POINT('',#12298);
#12298 = CARTESIAN_POINT('',(5.864753581438,-15.06132796974,24.1));
#12299 = LINE('',#12300,#12301);
#12300 = CARTESIAN_POINT('',(5.864753581438,-15.06132796974,22.1));
#12301 = VECTOR('',#12302,1.);
#12302 = DIRECTION('',(0.,0.,1.));
#12303 = ORIENTED_EDGE('',*,*,#12304,.T.);
#12304 = EDGE_CURVE('',#12297,#12274,#12305,.T.);
#12305 = LINE('',#12306,#12307);
#12306 = CARTESIAN_POINT('',(5.864753581438,-15.06132796974,24.1));
#12307 = VECTOR('',#12308,1.);
#12308 = DIRECTION('',(1.,0.,0.));
#12309 = ORIENTED_EDGE('',*,*,#12273,.F.);
#12310 = PLANE('',#12311);
#12311 = AXIS2_PLACEMENT_3D('',#12312,#12313,#12314);
#12312 = CARTESIAN_POINT('',(5.864753581438,-15.06132796974,22.1));
#12313 = DIRECTION('',(0.,1.,0.));
#12314 = DIRECTION('',(0.,0.,1.));
#12315 = ADVANCED_FACE('',(#12316),#12327,.F.);
#12316 = FACE_BOUND('',#12317,.F.);
#12317 = EDGE_LOOP('',(#12318,#12319,#12320,#12321));
#12318 = ORIENTED_EDGE('',*,*,#12241,.F.);
#12319 = ORIENTED_EDGE('',*,*,#5871,.T.);
#12320 = ORIENTED_EDGE('',*,*,#12296,.T.);
#12321 = ORIENTED_EDGE('',*,*,#12322,.F.);
#12322 = EDGE_CURVE('',#12242,#12297,#12323,.T.);
#12323 = LINE('',#12324,#12325);
#12324 = CARTESIAN_POINT('',(5.864753581438,-16.56132796974,24.1));
#12325 = VECTOR('',#12326,1.);
#12326 = DIRECTION('',(0.,1.,0.));
#12327 = PLANE('',#12328);
#12328 = AXIS2_PLACEMENT_3D('',#12329,#12330,#12331);
#12329 = CARTESIAN_POINT('',(5.864753581438,-16.56132796974,22.1));
#12330 = DIRECTION('',(1.,0.,0.));
#12331 = DIRECTION('',(0.,0.,1.));
#12332 = ADVANCED_FACE('',(#12333),#12358,.F.);
#12333 = FACE_BOUND('',#12334,.F.);
#12334 = EDGE_LOOP('',(#12335,#12336,#12344,#12352));
#12335 = ORIENTED_EDGE('',*,*,#5895,.F.);
#12336 = ORIENTED_EDGE('',*,*,#12337,.T.);
#12337 = EDGE_CURVE('',#5896,#12338,#12340,.T.);
#12338 = VERTEX_POINT('',#12339);
#12339 = CARTESIAN_POINT('',(9.776753581438,-15.56132796974,22.75));
#12340 = LINE('',#12341,#12342);
#12341 = CARTESIAN_POINT('',(9.776753581438,-15.56132796974,22.1));
#12342 = VECTOR('',#12343,1.);
#12343 = DIRECTION('',(0.,0.,1.));
#12344 = ORIENTED_EDGE('',*,*,#12345,.T.);
#12345 = EDGE_CURVE('',#12338,#12346,#12348,.T.);
#12346 = VERTEX_POINT('',#12347);
#12347 = CARTESIAN_POINT('',(11.392753581438,-15.56132796974,22.75));
#12348 = LINE('',#12349,#12350);
#12349 = CARTESIAN_POINT('',(9.776753581438,-15.56132796974,22.75));
#12350 = VECTOR('',#12351,1.);
#12351 = DIRECTION('',(1.,0.,0.));
#12352 = ORIENTED_EDGE('',*,*,#12353,.F.);
#12353 = EDGE_CURVE('',#5898,#12346,#12354,.T.);
#12354 = LINE('',#12355,#12356);
#12355 = CARTESIAN_POINT('',(11.392753581438,-15.56132796974,22.1));
#12356 = VECTOR('',#12357,1.);
#12357 = DIRECTION('',(0.,0.,1.));
#12358 = PLANE('',#12359);
#12359 = AXIS2_PLACEMENT_3D('',#12360,#12361,#12362);
#12360 = CARTESIAN_POINT('',(9.776753581438,-15.56132796974,22.1));
#12361 = DIRECTION('',(0.,1.,0.));
#12362 = DIRECTION('',(0.,0.,1.));
#12363 = ADVANCED_FACE('',(#12364),#12382,.T.);
#12364 = FACE_BOUND('',#12365,.T.);
#12365 = EDGE_LOOP('',(#12366,#12367,#12368,#12376));
#12366 = ORIENTED_EDGE('',*,*,#12353,.F.);
#12367 = ORIENTED_EDGE('',*,*,#5921,.T.);
#12368 = ORIENTED_EDGE('',*,*,#12369,.T.);
#12369 = EDGE_CURVE('',#5914,#12370,#12372,.T.);
#12370 = VERTEX_POINT('',#12371);
#12371 = CARTESIAN_POINT('',(11.392753581438,-14.96132796974,22.75));
#12372 = LINE('',#12373,#12374);
#12373 = CARTESIAN_POINT('',(11.392753581438,-14.96132796974,22.1));
#12374 = VECTOR('',#12375,1.);
#12375 = DIRECTION('',(0.,0.,1.));
#12376 = ORIENTED_EDGE('',*,*,#12377,.F.);
#12377 = EDGE_CURVE('',#12346,#12370,#12378,.T.);
#12378 = LINE('',#12379,#12380);
#12379 = CARTESIAN_POINT('',(11.392753581438,-15.56132796974,22.75));
#12380 = VECTOR('',#12381,1.);
#12381 = DIRECTION('',(0.,1.,0.));
#12382 = PLANE('',#12383);
#12383 = AXIS2_PLACEMENT_3D('',#12384,#12385,#12386);
#12384 = CARTESIAN_POINT('',(11.392753581438,-15.56132796974,22.1));
#12385 = DIRECTION('',(1.,0.,0.));
#12386 = DIRECTION('',(0.,0.,1.));
#12387 = ADVANCED_FACE('',(#12388),#12406,.T.);
#12388 = FACE_BOUND('',#12389,.T.);
#12389 = EDGE_LOOP('',(#12390,#12391,#12399,#12405));
#12390 = ORIENTED_EDGE('',*,*,#5913,.F.);
#12391 = ORIENTED_EDGE('',*,*,#12392,.T.);
#12392 = EDGE_CURVE('',#5906,#12393,#12395,.T.);
#12393 = VERTEX_POINT('',#12394);
#12394 = CARTESIAN_POINT('',(9.776753581438,-14.96132796974,22.75));
#12395 = LINE('',#12396,#12397);
#12396 = CARTESIAN_POINT('',(9.776753581438,-14.96132796974,22.1));
#12397 = VECTOR('',#12398,1.);
#12398 = DIRECTION('',(0.,0.,1.));
#12399 = ORIENTED_EDGE('',*,*,#12400,.T.);
#12400 = EDGE_CURVE('',#12393,#12370,#12401,.T.);
#12401 = LINE('',#12402,#12403);
#12402 = CARTESIAN_POINT('',(9.776753581438,-14.96132796974,22.75));
#12403 = VECTOR('',#12404,1.);
#12404 = DIRECTION('',(1.,0.,0.));
#12405 = ORIENTED_EDGE('',*,*,#12369,.F.);
#12406 = PLANE('',#12407);
#12407 = AXIS2_PLACEMENT_3D('',#12408,#12409,#12410);
#12408 = CARTESIAN_POINT('',(9.776753581438,-14.96132796974,22.1));
#12409 = DIRECTION('',(0.,1.,0.));
#12410 = DIRECTION('',(0.,0.,1.));
#12411 = ADVANCED_FACE('',(#12412),#12423,.F.);
#12412 = FACE_BOUND('',#12413,.F.);
#12413 = EDGE_LOOP('',(#12414,#12415,#12416,#12417));
#12414 = ORIENTED_EDGE('',*,*,#12337,.F.);
#12415 = ORIENTED_EDGE('',*,*,#5905,.T.);
#12416 = ORIENTED_EDGE('',*,*,#12392,.T.);
#12417 = ORIENTED_EDGE('',*,*,#12418,.F.);
#12418 = EDGE_CURVE('',#12338,#12393,#12419,.T.);
#12419 = LINE('',#12420,#12421);
#12420 = CARTESIAN_POINT('',(9.776753581438,-15.56132796974,22.75));
#12421 = VECTOR('',#12422,1.);
#12422 = DIRECTION('',(0.,1.,0.));
#12423 = PLANE('',#12424);
#12424 = AXIS2_PLACEMENT_3D('',#12425,#12426,#12427);
#12425 = CARTESIAN_POINT('',(9.776753581438,-15.56132796974,22.1));
#12426 = DIRECTION('',(1.,0.,0.));
#12427 = DIRECTION('',(0.,0.,1.));
#12428 = ADVANCED_FACE('',(#12429),#12454,.F.);
#12429 = FACE_BOUND('',#12430,.F.);
#12430 = EDGE_LOOP('',(#12431,#12432,#12440,#12448));
#12431 = ORIENTED_EDGE('',*,*,#5929,.F.);
#12432 = ORIENTED_EDGE('',*,*,#12433,.T.);
#12433 = EDGE_CURVE('',#5930,#12434,#12436,.T.);
#12434 = VERTEX_POINT('',#12435);
#12435 = CARTESIAN_POINT('',(7.864044581438,-14.31132796974,23.1));
#12436 = LINE('',#12437,#12438);
#12437 = CARTESIAN_POINT('',(7.864044581438,-14.31132796974,22.1));
#12438 = VECTOR('',#12439,1.);
#12439 = DIRECTION('',(0.,0.,1.));
#12440 = ORIENTED_EDGE('',*,*,#12441,.T.);
#12441 = EDGE_CURVE('',#12434,#12442,#12444,.T.);
#12442 = VERTEX_POINT('',#12443);
#12443 = CARTESIAN_POINT('',(12.005462581438,-14.31132796974,23.1));
#12444 = LINE('',#12445,#12446);
#12445 = CARTESIAN_POINT('',(7.864044581438,-14.31132796974,23.1));
#12446 = VECTOR('',#12447,1.);
#12447 = DIRECTION('',(1.,0.,0.));
#12448 = ORIENTED_EDGE('',*,*,#12449,.F.);
#12449 = EDGE_CURVE('',#5932,#12442,#12450,.T.);
#12450 = LINE('',#12451,#12452);
#12451 = CARTESIAN_POINT('',(12.005462581438,-14.31132796974,22.1));
#12452 = VECTOR('',#12453,1.);
#12453 = DIRECTION('',(0.,0.,1.));
#12454 = PLANE('',#12455);
#12455 = AXIS2_PLACEMENT_3D('',#12456,#12457,#12458);
#12456 = CARTESIAN_POINT('',(7.864044581438,-14.31132796974,22.1));
#12457 = DIRECTION('',(0.,1.,0.));
#12458 = DIRECTION('',(0.,0.,1.));
#12459 = ADVANCED_FACE('',(#12460),#12478,.T.);
#12460 = FACE_BOUND('',#12461,.T.);
#12461 = EDGE_LOOP('',(#12462,#12463,#12464,#12472));
#12462 = ORIENTED_EDGE('',*,*,#12449,.F.);
#12463 = ORIENTED_EDGE('',*,*,#5955,.T.);
#12464 = ORIENTED_EDGE('',*,*,#12465,.T.);
#12465 = EDGE_CURVE('',#5948,#12466,#12468,.T.);
#12466 = VERTEX_POINT('',#12467);
#12467 = CARTESIAN_POINT('',(12.005462581438,-10.51132796974,23.1));
#12468 = LINE('',#12469,#12470);
#12469 = CARTESIAN_POINT('',(12.005462581438,-10.51132796974,22.1));
#12470 = VECTOR('',#12471,1.);
#12471 = DIRECTION('',(0.,0.,1.));
#12472 = ORIENTED_EDGE('',*,*,#12473,.F.);
#12473 = EDGE_CURVE('',#12442,#12466,#12474,.T.);
#12474 = LINE('',#12475,#12476);
#12475 = CARTESIAN_POINT('',(12.005462581438,-14.31132796974,23.1));
#12476 = VECTOR('',#12477,1.);
#12477 = DIRECTION('',(0.,1.,0.));
#12478 = PLANE('',#12479);
#12479 = AXIS2_PLACEMENT_3D('',#12480,#12481,#12482);
#12480 = CARTESIAN_POINT('',(12.005462581438,-14.31132796974,22.1));
#12481 = DIRECTION('',(1.,0.,0.));
#12482 = DIRECTION('',(0.,0.,1.));
#12483 = ADVANCED_FACE('',(#12484),#12502,.T.);
#12484 = FACE_BOUND('',#12485,.T.);
#12485 = EDGE_LOOP('',(#12486,#12487,#12495,#12501));
#12486 = ORIENTED_EDGE('',*,*,#5947,.F.);
#12487 = ORIENTED_EDGE('',*,*,#12488,.T.);
#12488 = EDGE_CURVE('',#5940,#12489,#12491,.T.);
#12489 = VERTEX_POINT('',#12490);
#12490 = CARTESIAN_POINT('',(7.864044581438,-10.51132796974,23.1));
#12491 = LINE('',#12492,#12493);
#12492 = CARTESIAN_POINT('',(7.864044581438,-10.51132796974,22.1));
#12493 = VECTOR('',#12494,1.);
#12494 = DIRECTION('',(0.,0.,1.));
#12495 = ORIENTED_EDGE('',*,*,#12496,.T.);
#12496 = EDGE_CURVE('',#12489,#12466,#12497,.T.);
#12497 = LINE('',#12498,#12499);
#12498 = CARTESIAN_POINT('',(7.864044581438,-10.51132796974,23.1));
#12499 = VECTOR('',#12500,1.);
#12500 = DIRECTION('',(1.,0.,0.));
#12501 = ORIENTED_EDGE('',*,*,#12465,.F.);
#12502 = PLANE('',#12503);
#12503 = AXIS2_PLACEMENT_3D('',#12504,#12505,#12506);
#12504 = CARTESIAN_POINT('',(7.864044581438,-10.51132796974,22.1));
#12505 = DIRECTION('',(0.,1.,0.));
#12506 = DIRECTION('',(0.,0.,1.));
#12507 = ADVANCED_FACE('',(#12508),#12519,.F.);
#12508 = FACE_BOUND('',#12509,.F.);
#12509 = EDGE_LOOP('',(#12510,#12511,#12512,#12513));
#12510 = ORIENTED_EDGE('',*,*,#12433,.F.);
#12511 = ORIENTED_EDGE('',*,*,#5939,.T.);
#12512 = ORIENTED_EDGE('',*,*,#12488,.T.);
#12513 = ORIENTED_EDGE('',*,*,#12514,.F.);
#12514 = EDGE_CURVE('',#12434,#12489,#12515,.T.);
#12515 = LINE('',#12516,#12517);
#12516 = CARTESIAN_POINT('',(7.864044581438,-14.31132796974,23.1));
#12517 = VECTOR('',#12518,1.);
#12518 = DIRECTION('',(0.,1.,0.));
#12519 = PLANE('',#12520);
#12520 = AXIS2_PLACEMENT_3D('',#12521,#12522,#12523);
#12521 = CARTESIAN_POINT('',(7.864044581438,-14.31132796974,22.1));
#12522 = DIRECTION('',(1.,0.,0.));
#12523 = DIRECTION('',(0.,0.,1.));
#12524 = ADVANCED_FACE('',(#12525),#12550,.F.);
#12525 = FACE_BOUND('',#12526,.F.);
#12526 = EDGE_LOOP('',(#12527,#12528,#12536,#12544));
#12527 = ORIENTED_EDGE('',*,*,#5963,.F.);
#12528 = ORIENTED_EDGE('',*,*,#12529,.T.);
#12529 = EDGE_CURVE('',#5964,#12530,#12532,.T.);
#12530 = VERTEX_POINT('',#12531);
#12531 = CARTESIAN_POINT('',(6.234753581438,-10.90332796974,22.75));
#12532 = LINE('',#12533,#12534);
#12533 = CARTESIAN_POINT('',(6.234753581438,-10.90332796974,22.1));
#12534 = VECTOR('',#12535,1.);
#12535 = DIRECTION('',(0.,0.,1.));
#12536 = ORIENTED_EDGE('',*,*,#12537,.T.);
#12537 = EDGE_CURVE('',#12530,#12538,#12540,.T.);
#12538 = VERTEX_POINT('',#12539);
#12539 = CARTESIAN_POINT('',(6.234753581438,-12.51932796974,22.75));
#12540 = LINE('',#12541,#12542);
#12541 = CARTESIAN_POINT('',(6.234753581438,-10.90332796974,22.75));
#12542 = VECTOR('',#12543,1.);
#12543 = DIRECTION('',(1.110223024625E-16,-1.,0.));
#12544 = ORIENTED_EDGE('',*,*,#12545,.F.);
#12545 = EDGE_CURVE('',#5966,#12538,#12546,.T.);
#12546 = LINE('',#12547,#12548);
#12547 = CARTESIAN_POINT('',(6.234753581438,-12.51932796974,22.1));
#12548 = VECTOR('',#12549,1.);
#12549 = DIRECTION('',(0.,0.,1.));
#12550 = PLANE('',#12551);
#12551 = AXIS2_PLACEMENT_3D('',#12552,#12553,#12554);
#12552 = CARTESIAN_POINT('',(6.234753581438,-10.90332796974,22.1));
#12553 = DIRECTION('',(1.,1.110223024625E-16,0.));
#12554 = DIRECTION('',(0.,0.,1.));
#12555 = ADVANCED_FACE('',(#12556),#12574,.T.);
#12556 = FACE_BOUND('',#12557,.T.);
#12557 = EDGE_LOOP('',(#12558,#12559,#12560,#12568));
#12558 = ORIENTED_EDGE('',*,*,#12545,.F.);
#12559 = ORIENTED_EDGE('',*,*,#5989,.T.);
#12560 = ORIENTED_EDGE('',*,*,#12561,.T.);
#12561 = EDGE_CURVE('',#5982,#12562,#12564,.T.);
#12562 = VERTEX_POINT('',#12563);
#12563 = CARTESIAN_POINT('',(6.834753581438,-12.51932796974,22.75));
#12564 = LINE('',#12565,#12566);
#12565 = CARTESIAN_POINT('',(6.834753581438,-12.51932796974,22.1));
#12566 = VECTOR('',#12567,1.);
#12567 = DIRECTION('',(0.,0.,1.));
#12568 = ORIENTED_EDGE('',*,*,#12569,.F.);
#12569 = EDGE_CURVE('',#12538,#12562,#12570,.T.);
#12570 = LINE('',#12571,#12572);
#12571 = CARTESIAN_POINT('',(6.234753581438,-12.51932796974,22.75));
#12572 = VECTOR('',#12573,1.);
#12573 = DIRECTION('',(1.,1.110223024625E-16,0.));
#12574 = PLANE('',#12575);
#12575 = AXIS2_PLACEMENT_3D('',#12576,#12577,#12578);
#12576 = CARTESIAN_POINT('',(6.234753581438,-12.51932796974,22.1));
#12577 = DIRECTION('',(1.110223024625E-16,-1.,0.));
#12578 = DIRECTION('',(0.,0.,1.));
#12579 = ADVANCED_FACE('',(#12580),#12598,.T.);
#12580 = FACE_BOUND('',#12581,.T.);
#12581 = EDGE_LOOP('',(#12582,#12583,#12591,#12597));
#12582 = ORIENTED_EDGE('',*,*,#5981,.F.);
#12583 = ORIENTED_EDGE('',*,*,#12584,.T.);
#12584 = EDGE_CURVE('',#5974,#12585,#12587,.T.);
#12585 = VERTEX_POINT('',#12586);
#12586 = CARTESIAN_POINT('',(6.834753581438,-10.90332796974,22.75));
#12587 = LINE('',#12588,#12589);
#12588 = CARTESIAN_POINT('',(6.834753581438,-10.90332796974,22.1));
#12589 = VECTOR('',#12590,1.);
#12590 = DIRECTION('',(0.,0.,1.));
#12591 = ORIENTED_EDGE('',*,*,#12592,.T.);
#12592 = EDGE_CURVE('',#12585,#12562,#12593,.T.);
#12593 = LINE('',#12594,#12595);
#12594 = CARTESIAN_POINT('',(6.834753581438,-10.90332796974,22.75));
#12595 = VECTOR('',#12596,1.);
#12596 = DIRECTION('',(1.110223024625E-16,-1.,0.));
#12597 = ORIENTED_EDGE('',*,*,#12561,.F.);
#12598 = PLANE('',#12599);
#12599 = AXIS2_PLACEMENT_3D('',#12600,#12601,#12602);
#12600 = CARTESIAN_POINT('',(6.834753581438,-10.90332796974,22.1));
#12601 = DIRECTION('',(1.,1.110223024625E-16,0.));
#12602 = DIRECTION('',(0.,0.,1.));
#12603 = ADVANCED_FACE('',(#12604),#12615,.F.);
#12604 = FACE_BOUND('',#12605,.F.);
#12605 = EDGE_LOOP('',(#12606,#12607,#12608,#12609));
#12606 = ORIENTED_EDGE('',*,*,#12529,.F.);
#12607 = ORIENTED_EDGE('',*,*,#5973,.T.);
#12608 = ORIENTED_EDGE('',*,*,#12584,.T.);
#12609 = ORIENTED_EDGE('',*,*,#12610,.F.);
#12610 = EDGE_CURVE('',#12530,#12585,#12611,.T.);
#12611 = LINE('',#12612,#12613);
#12612 = CARTESIAN_POINT('',(6.234753581438,-10.90332796974,22.75));
#12613 = VECTOR('',#12614,1.);
#12614 = DIRECTION('',(1.,1.110223024625E-16,0.));
#12615 = PLANE('',#12616);
#12616 = AXIS2_PLACEMENT_3D('',#12617,#12618,#12619);
#12617 = CARTESIAN_POINT('',(6.234753581438,-10.90332796974,22.1));
#12618 = DIRECTION('',(1.110223024625E-16,-1.,0.));
#12619 = DIRECTION('',(0.,0.,1.));
#12620 = ADVANCED_FACE('',(#12621),#12646,.F.);
#12621 = FACE_BOUND('',#12622,.F.);
#12622 = EDGE_LOOP('',(#12623,#12624,#12632,#12640));
#12623 = ORIENTED_EDGE('',*,*,#5997,.F.);
#12624 = ORIENTED_EDGE('',*,*,#12625,.T.);
#12625 = EDGE_CURVE('',#5998,#12626,#12628,.T.);
#12626 = VERTEX_POINT('',#12627);
#12627 = CARTESIAN_POINT('',(-7.437351136463,10.250738954606,24.1));
#12628 = LINE('',#12629,#12630);
#12629 = CARTESIAN_POINT('',(-7.437351136463,10.250738954606,22.1));
#12630 = VECTOR('',#12631,1.);
#12631 = DIRECTION('',(0.,0.,1.));
#12632 = ORIENTED_EDGE('',*,*,#12633,.T.);
#12633 = EDGE_CURVE('',#12626,#12634,#12636,.T.);
#12634 = VERTEX_POINT('',#12635);
#12635 = CARTESIAN_POINT('',(-4.297351136463,10.250738954606,24.1));
#12636 = LINE('',#12637,#12638);
#12637 = CARTESIAN_POINT('',(-7.437351136463,10.250738954606,24.1));
#12638 = VECTOR('',#12639,1.);
#12639 = DIRECTION('',(1.,0.,0.));
#12640 = ORIENTED_EDGE('',*,*,#12641,.F.);
#12641 = EDGE_CURVE('',#6000,#12634,#12642,.T.);
#12642 = LINE('',#12643,#12644);
#12643 = CARTESIAN_POINT('',(-4.297351136463,10.250738954606,22.1));
#12644 = VECTOR('',#12645,1.);
#12645 = DIRECTION('',(0.,0.,1.));
#12646 = PLANE('',#12647);
#12647 = AXIS2_PLACEMENT_3D('',#12648,#12649,#12650);
#12648 = CARTESIAN_POINT('',(-7.437351136463,10.250738954606,22.1));
#12649 = DIRECTION('',(0.,1.,0.));
#12650 = DIRECTION('',(0.,0.,1.));
#12651 = ADVANCED_FACE('',(#12652),#12670,.T.);
#12652 = FACE_BOUND('',#12653,.T.);
#12653 = EDGE_LOOP('',(#12654,#12655,#12656,#12664));
#12654 = ORIENTED_EDGE('',*,*,#12641,.F.);
#12655 = ORIENTED_EDGE('',*,*,#6023,.T.);
#12656 = ORIENTED_EDGE('',*,*,#12657,.T.);
#12657 = EDGE_CURVE('',#6016,#12658,#12660,.T.);
#12658 = VERTEX_POINT('',#12659);
#12659 = CARTESIAN_POINT('',(-4.297351136463,11.750738954606,24.1));
#12660 = LINE('',#12661,#12662);
#12661 = CARTESIAN_POINT('',(-4.297351136463,11.750738954606,22.1));
#12662 = VECTOR('',#12663,1.);
#12663 = DIRECTION('',(0.,0.,1.));
#12664 = ORIENTED_EDGE('',*,*,#12665,.F.);
#12665 = EDGE_CURVE('',#12634,#12658,#12666,.T.);
#12666 = LINE('',#12667,#12668);
#12667 = CARTESIAN_POINT('',(-4.297351136463,10.250738954606,24.1));
#12668 = VECTOR('',#12669,1.);
#12669 = DIRECTION('',(0.,1.,0.));
#12670 = PLANE('',#12671);
#12671 = AXIS2_PLACEMENT_3D('',#12672,#12673,#12674);
#12672 = CARTESIAN_POINT('',(-4.297351136463,10.250738954606,22.1));
#12673 = DIRECTION('',(1.,0.,0.));
#12674 = DIRECTION('',(0.,0.,1.));
#12675 = ADVANCED_FACE('',(#12676),#12694,.T.);
#12676 = FACE_BOUND('',#12677,.T.);
#12677 = EDGE_LOOP('',(#12678,#12679,#12687,#12693));
#12678 = ORIENTED_EDGE('',*,*,#6015,.F.);
#12679 = ORIENTED_EDGE('',*,*,#12680,.T.);
#12680 = EDGE_CURVE('',#6008,#12681,#12683,.T.);
#12681 = VERTEX_POINT('',#12682);
#12682 = CARTESIAN_POINT('',(-7.437351136463,11.750738954606,24.1));
#12683 = LINE('',#12684,#12685);
#12684 = CARTESIAN_POINT('',(-7.437351136463,11.750738954606,22.1));
#12685 = VECTOR('',#12686,1.);
#12686 = DIRECTION('',(0.,0.,1.));
#12687 = ORIENTED_EDGE('',*,*,#12688,.T.);
#12688 = EDGE_CURVE('',#12681,#12658,#12689,.T.);
#12689 = LINE('',#12690,#12691);
#12690 = CARTESIAN_POINT('',(-7.437351136463,11.750738954606,24.1));
#12691 = VECTOR('',#12692,1.);
#12692 = DIRECTION('',(1.,0.,0.));
#12693 = ORIENTED_EDGE('',*,*,#12657,.F.);
#12694 = PLANE('',#12695);
#12695 = AXIS2_PLACEMENT_3D('',#12696,#12697,#12698);
#12696 = CARTESIAN_POINT('',(-7.437351136463,11.750738954606,22.1));
#12697 = DIRECTION('',(0.,1.,0.));
#12698 = DIRECTION('',(0.,0.,1.));
#12699 = ADVANCED_FACE('',(#12700),#12711,.F.);
#12700 = FACE_BOUND('',#12701,.F.);
#12701 = EDGE_LOOP('',(#12702,#12703,#12704,#12705));
#12702 = ORIENTED_EDGE('',*,*,#12625,.F.);
#12703 = ORIENTED_EDGE('',*,*,#6007,.T.);
#12704 = ORIENTED_EDGE('',*,*,#12680,.T.);
#12705 = ORIENTED_EDGE('',*,*,#12706,.F.);
#12706 = EDGE_CURVE('',#12626,#12681,#12707,.T.);
#12707 = LINE('',#12708,#12709);
#12708 = CARTESIAN_POINT('',(-7.437351136463,10.250738954606,24.1));
#12709 = VECTOR('',#12710,1.);
#12710 = DIRECTION('',(0.,1.,0.));
#12711 = PLANE('',#12712);
#12712 = AXIS2_PLACEMENT_3D('',#12713,#12714,#12715);
#12713 = CARTESIAN_POINT('',(-7.437351136463,10.250738954606,22.1));
#12714 = DIRECTION('',(1.,0.,0.));
#12715 = DIRECTION('',(0.,0.,1.));
#12716 = ADVANCED_FACE('',(#12717),#12742,.F.);
#12717 = FACE_BOUND('',#12718,.F.);
#12718 = EDGE_LOOP('',(#12719,#12720,#12728,#12736));
#12719 = ORIENTED_EDGE('',*,*,#6031,.F.);
#12720 = ORIENTED_EDGE('',*,*,#12721,.T.);
#12721 = EDGE_CURVE('',#6032,#12722,#12724,.T.);
#12722 = VERTEX_POINT('',#12723);
#12723 = CARTESIAN_POINT('',(-8.109351136463,17.914738954606,27.1));
#12724 = LINE('',#12725,#12726);
#12725 = CARTESIAN_POINT('',(-8.109351136463,17.914738954606,22.1));
#12726 = VECTOR('',#12727,1.);
#12727 = DIRECTION('',(0.,0.,1.));
#12728 = ORIENTED_EDGE('',*,*,#12729,.T.);
#12729 = EDGE_CURVE('',#12722,#12730,#12732,.T.);
#12730 = VERTEX_POINT('',#12731);
#12731 = CARTESIAN_POINT('',(-8.109351136463,12.214738954606,27.1));
#12732 = LINE('',#12733,#12734);
#12733 = CARTESIAN_POINT('',(-8.109351136463,17.914738954606,27.1));
#12734 = VECTOR('',#12735,1.);
#12735 = DIRECTION('',(1.110223024625E-16,-1.,0.));
#12736 = ORIENTED_EDGE('',*,*,#12737,.F.);
#12737 = EDGE_CURVE('',#6034,#12730,#12738,.T.);
#12738 = LINE('',#12739,#12740);
#12739 = CARTESIAN_POINT('',(-8.109351136463,12.214738954606,22.1));
#12740 = VECTOR('',#12741,1.);
#12741 = DIRECTION('',(0.,0.,1.));
#12742 = PLANE('',#12743);
#12743 = AXIS2_PLACEMENT_3D('',#12744,#12745,#12746);
#12744 = CARTESIAN_POINT('',(-8.109351136463,17.914738954606,22.1));
#12745 = DIRECTION('',(1.,1.110223024625E-16,0.));
#12746 = DIRECTION('',(0.,0.,1.));
#12747 = ADVANCED_FACE('',(#12748),#12766,.T.);
#12748 = FACE_BOUND('',#12749,.T.);
#12749 = EDGE_LOOP('',(#12750,#12751,#12752,#12760));
#12750 = ORIENTED_EDGE('',*,*,#12737,.F.);
#12751 = ORIENTED_EDGE('',*,*,#6057,.T.);
#12752 = ORIENTED_EDGE('',*,*,#12753,.T.);
#12753 = EDGE_CURVE('',#6050,#12754,#12756,.T.);
#12754 = VERTEX_POINT('',#12755);
#12755 = CARTESIAN_POINT('',(-2.609351136463,12.214738954606,27.1));
#12756 = LINE('',#12757,#12758);
#12757 = CARTESIAN_POINT('',(-2.609351136463,12.214738954606,22.1));
#12758 = VECTOR('',#12759,1.);
#12759 = DIRECTION('',(0.,0.,1.));
#12760 = ORIENTED_EDGE('',*,*,#12761,.F.);
#12761 = EDGE_CURVE('',#12730,#12754,#12762,.T.);
#12762 = LINE('',#12763,#12764);
#12763 = CARTESIAN_POINT('',(-8.109351136463,12.214738954606,27.1));
#12764 = VECTOR('',#12765,1.);
#12765 = DIRECTION('',(1.,1.110223024625E-16,0.));
#12766 = PLANE('',#12767);
#12767 = AXIS2_PLACEMENT_3D('',#12768,#12769,#12770);
#12768 = CARTESIAN_POINT('',(-8.109351136463,12.214738954606,22.1));
#12769 = DIRECTION('',(1.110223024625E-16,-1.,0.));
#12770 = DIRECTION('',(0.,0.,1.));
#12771 = ADVANCED_FACE('',(#12772),#12790,.T.);
#12772 = FACE_BOUND('',#12773,.T.);
#12773 = EDGE_LOOP('',(#12774,#12775,#12783,#12789));
#12774 = ORIENTED_EDGE('',*,*,#6049,.F.);
#12775 = ORIENTED_EDGE('',*,*,#12776,.T.);
#12776 = EDGE_CURVE('',#6042,#12777,#12779,.T.);
#12777 = VERTEX_POINT('',#12778);
#12778 = CARTESIAN_POINT('',(-2.609351136463,17.914738954606,27.1));
#12779 = LINE('',#12780,#12781);
#12780 = CARTESIAN_POINT('',(-2.609351136463,17.914738954606,22.1));
#12781 = VECTOR('',#12782,1.);
#12782 = DIRECTION('',(0.,0.,1.));
#12783 = ORIENTED_EDGE('',*,*,#12784,.T.);
#12784 = EDGE_CURVE('',#12777,#12754,#12785,.T.);
#12785 = LINE('',#12786,#12787);
#12786 = CARTESIAN_POINT('',(-2.609351136463,17.914738954606,27.1));
#12787 = VECTOR('',#12788,1.);
#12788 = DIRECTION('',(1.110223024625E-16,-1.,0.));
#12789 = ORIENTED_EDGE('',*,*,#12753,.F.);
#12790 = PLANE('',#12791);
#12791 = AXIS2_PLACEMENT_3D('',#12792,#12793,#12794);
#12792 = CARTESIAN_POINT('',(-2.609351136463,17.914738954606,22.1));
#12793 = DIRECTION('',(1.,1.110223024625E-16,0.));
#12794 = DIRECTION('',(0.,0.,1.));
#12795 = ADVANCED_FACE('',(#12796),#12807,.F.);
#12796 = FACE_BOUND('',#12797,.F.);
#12797 = EDGE_LOOP('',(#12798,#12799,#12800,#12801));
#12798 = ORIENTED_EDGE('',*,*,#12721,.F.);
#12799 = ORIENTED_EDGE('',*,*,#6041,.T.);
#12800 = ORIENTED_EDGE('',*,*,#12776,.T.);
#12801 = ORIENTED_EDGE('',*,*,#12802,.F.);
#12802 = EDGE_CURVE('',#12722,#12777,#12803,.T.);
#12803 = LINE('',#12804,#12805);
#12804 = CARTESIAN_POINT('',(-8.109351136463,17.914738954606,27.1));
#12805 = VECTOR('',#12806,1.);
#12806 = DIRECTION('',(1.,1.110223024625E-16,0.));
#12807 = PLANE('',#12808);
#12808 = AXIS2_PLACEMENT_3D('',#12809,#12810,#12811);
#12809 = CARTESIAN_POINT('',(-8.109351136463,17.914738954606,22.1));
#12810 = DIRECTION('',(1.110223024625E-16,-1.,0.));
#12811 = DIRECTION('',(0.,0.,1.));
#12812 = ADVANCED_FACE('',(#12813),#12838,.F.);
#12813 = FACE_BOUND('',#12814,.F.);
#12814 = EDGE_LOOP('',(#12815,#12816,#12824,#12832));
#12815 = ORIENTED_EDGE('',*,*,#6065,.F.);
#12816 = ORIENTED_EDGE('',*,*,#12817,.T.);
#12817 = EDGE_CURVE('',#6066,#12818,#12820,.T.);
#12818 = VERTEX_POINT('',#12819);
#12819 = CARTESIAN_POINT('',(0.782648863537,11.776138954606,24.1));
#12820 = LINE('',#12821,#12822);
#12821 = CARTESIAN_POINT('',(0.782648863537,11.776138954606,22.1));
#12822 = VECTOR('',#12823,1.);
#12823 = DIRECTION('',(0.,0.,1.));
#12824 = ORIENTED_EDGE('',*,*,#12825,.T.);
#12825 = EDGE_CURVE('',#12818,#12826,#12828,.T.);
#12826 = VERTEX_POINT('',#12827);
#12827 = CARTESIAN_POINT('',(-2.357351136463,11.776138954606,24.1));
#12828 = LINE('',#12829,#12830);
#12829 = CARTESIAN_POINT('',(0.782648863537,11.776138954606,24.1));
#12830 = VECTOR('',#12831,1.);
#12831 = DIRECTION('',(-1.,-1.224646799147E-16,0.));
#12832 = ORIENTED_EDGE('',*,*,#12833,.F.);
#12833 = EDGE_CURVE('',#6068,#12826,#12834,.T.);
#12834 = LINE('',#12835,#12836);
#12835 = CARTESIAN_POINT('',(-2.357351136463,11.776138954606,22.1));
#12836 = VECTOR('',#12837,1.);
#12837 = DIRECTION('',(0.,0.,1.));
#12838 = PLANE('',#12839);
#12839 = AXIS2_PLACEMENT_3D('',#12840,#12841,#12842);
#12840 = CARTESIAN_POINT('',(0.782648863537,11.776138954606,22.1));
#12841 = DIRECTION('',(1.224646799147E-16,-1.,0.));
#12842 = DIRECTION('',(0.,0.,1.));
#12843 = ADVANCED_FACE('',(#12844),#12862,.T.);
#12844 = FACE_BOUND('',#12845,.T.);
#12845 = EDGE_LOOP('',(#12846,#12847,#12848,#12856));
#12846 = ORIENTED_EDGE('',*,*,#12833,.F.);
#12847 = ORIENTED_EDGE('',*,*,#6091,.T.);
#12848 = ORIENTED_EDGE('',*,*,#12849,.T.);
#12849 = EDGE_CURVE('',#6084,#12850,#12852,.T.);
#12850 = VERTEX_POINT('',#12851);
#12851 = CARTESIAN_POINT('',(-2.357351136463,10.276138954606,24.1));
#12852 = LINE('',#12853,#12854);
#12853 = CARTESIAN_POINT('',(-2.357351136463,10.276138954606,22.1));
#12854 = VECTOR('',#12855,1.);
#12855 = DIRECTION('',(0.,0.,1.));
#12856 = ORIENTED_EDGE('',*,*,#12857,.F.);
#12857 = EDGE_CURVE('',#12826,#12850,#12858,.T.);
#12858 = LINE('',#12859,#12860);
#12859 = CARTESIAN_POINT('',(-2.357351136463,11.776138954606,24.1));
#12860 = VECTOR('',#12861,1.);
#12861 = DIRECTION('',(1.224646799147E-16,-1.,0.));
#12862 = PLANE('',#12863);
#12863 = AXIS2_PLACEMENT_3D('',#12864,#12865,#12866);
#12864 = CARTESIAN_POINT('',(-2.357351136463,11.776138954606,22.1));
#12865 = DIRECTION('',(-1.,-1.224646799147E-16,0.));
#12866 = DIRECTION('',(0.,0.,1.));
#12867 = ADVANCED_FACE('',(#12868),#12886,.T.);
#12868 = FACE_BOUND('',#12869,.T.);
#12869 = EDGE_LOOP('',(#12870,#12871,#12879,#12885));
#12870 = ORIENTED_EDGE('',*,*,#6083,.F.);
#12871 = ORIENTED_EDGE('',*,*,#12872,.T.);
#12872 = EDGE_CURVE('',#6076,#12873,#12875,.T.);
#12873 = VERTEX_POINT('',#12874);
#12874 = CARTESIAN_POINT('',(0.782648863537,10.276138954606,24.1));
#12875 = LINE('',#12876,#12877);
#12876 = CARTESIAN_POINT('',(0.782648863537,10.276138954606,22.1));
#12877 = VECTOR('',#12878,1.);
#12878 = DIRECTION('',(0.,0.,1.));
#12879 = ORIENTED_EDGE('',*,*,#12880,.T.);
#12880 = EDGE_CURVE('',#12873,#12850,#12881,.T.);
#12881 = LINE('',#12882,#12883);
#12882 = CARTESIAN_POINT('',(0.782648863537,10.276138954606,24.1));
#12883 = VECTOR('',#12884,1.);
#12884 = DIRECTION('',(-1.,-1.224646799147E-16,0.));
#12885 = ORIENTED_EDGE('',*,*,#12849,.F.);
#12886 = PLANE('',#12887);
#12887 = AXIS2_PLACEMENT_3D('',#12888,#12889,#12890);
#12888 = CARTESIAN_POINT('',(0.782648863537,10.276138954606,22.1));
#12889 = DIRECTION('',(1.224646799147E-16,-1.,0.));
#12890 = DIRECTION('',(0.,0.,1.));
#12891 = ADVANCED_FACE('',(#12892),#12903,.F.);
#12892 = FACE_BOUND('',#12893,.F.);
#12893 = EDGE_LOOP('',(#12894,#12895,#12896,#12897));
#12894 = ORIENTED_EDGE('',*,*,#12817,.F.);
#12895 = ORIENTED_EDGE('',*,*,#6075,.T.);
#12896 = ORIENTED_EDGE('',*,*,#12872,.T.);
#12897 = ORIENTED_EDGE('',*,*,#12898,.F.);
#12898 = EDGE_CURVE('',#12818,#12873,#12899,.T.);
#12899 = LINE('',#12900,#12901);
#12900 = CARTESIAN_POINT('',(0.782648863537,11.776138954606,24.1));
#12901 = VECTOR('',#12902,1.);
#12902 = DIRECTION('',(1.224646799147E-16,-1.,0.));
#12903 = PLANE('',#12904);
#12904 = AXIS2_PLACEMENT_3D('',#12905,#12906,#12907);
#12905 = CARTESIAN_POINT('',(0.782648863537,11.776138954606,22.1));
#12906 = DIRECTION('',(-1.,-1.224646799147E-16,0.));
#12907 = DIRECTION('',(0.,0.,1.));
#12908 = ADVANCED_FACE('',(#12909),#12934,.F.);
#12909 = FACE_BOUND('',#12910,.F.);
#12910 = EDGE_LOOP('',(#12911,#12912,#12920,#12928));
#12911 = ORIENTED_EDGE('',*,*,#6099,.F.);
#12912 = ORIENTED_EDGE('',*,*,#12913,.T.);
#12913 = EDGE_CURVE('',#6100,#12914,#12916,.T.);
#12914 = VERTEX_POINT('',#12915);
#12915 = CARTESIAN_POINT('',(0.782648863537,13.655738954606,24.1));
#12916 = LINE('',#12917,#12918);
#12917 = CARTESIAN_POINT('',(0.782648863537,13.655738954606,22.1));
#12918 = VECTOR('',#12919,1.);
#12919 = DIRECTION('',(0.,0.,1.));
#12920 = ORIENTED_EDGE('',*,*,#12921,.T.);
#12921 = EDGE_CURVE('',#12914,#12922,#12924,.T.);
#12922 = VERTEX_POINT('',#12923);
#12923 = CARTESIAN_POINT('',(-2.357351136463,13.655738954606,24.1));
#12924 = LINE('',#12925,#12926);
#12925 = CARTESIAN_POINT('',(0.782648863537,13.655738954606,24.1));
#12926 = VECTOR('',#12927,1.);
#12927 = DIRECTION('',(-1.,-1.224646799147E-16,0.));
#12928 = ORIENTED_EDGE('',*,*,#12929,.F.);
#12929 = EDGE_CURVE('',#6102,#12922,#12930,.T.);
#12930 = LINE('',#12931,#12932);
#12931 = CARTESIAN_POINT('',(-2.357351136463,13.655738954606,22.1));
#12932 = VECTOR('',#12933,1.);
#12933 = DIRECTION('',(0.,0.,1.));
#12934 = PLANE('',#12935);
#12935 = AXIS2_PLACEMENT_3D('',#12936,#12937,#12938);
#12936 = CARTESIAN_POINT('',(0.782648863537,13.655738954606,22.1));
#12937 = DIRECTION('',(1.224646799147E-16,-1.,0.));
#12938 = DIRECTION('',(0.,0.,1.));
#12939 = ADVANCED_FACE('',(#12940),#12958,.T.);
#12940 = FACE_BOUND('',#12941,.T.);
#12941 = EDGE_LOOP('',(#12942,#12943,#12944,#12952));
#12942 = ORIENTED_EDGE('',*,*,#12929,.F.);
#12943 = ORIENTED_EDGE('',*,*,#6125,.T.);
#12944 = ORIENTED_EDGE('',*,*,#12945,.T.);
#12945 = EDGE_CURVE('',#6118,#12946,#12948,.T.);
#12946 = VERTEX_POINT('',#12947);
#12947 = CARTESIAN_POINT('',(-2.357351136463,12.155738954606,24.1));
#12948 = LINE('',#12949,#12950);
#12949 = CARTESIAN_POINT('',(-2.357351136463,12.155738954606,22.1));
#12950 = VECTOR('',#12951,1.);
#12951 = DIRECTION('',(0.,0.,1.));
#12952 = ORIENTED_EDGE('',*,*,#12953,.F.);
#12953 = EDGE_CURVE('',#12922,#12946,#12954,.T.);
#12954 = LINE('',#12955,#12956);
#12955 = CARTESIAN_POINT('',(-2.357351136463,13.655738954606,24.1));
#12956 = VECTOR('',#12957,1.);
#12957 = DIRECTION('',(1.224646799147E-16,-1.,0.));
#12958 = PLANE('',#12959);
#12959 = AXIS2_PLACEMENT_3D('',#12960,#12961,#12962);
#12960 = CARTESIAN_POINT('',(-2.357351136463,13.655738954606,22.1));
#12961 = DIRECTION('',(-1.,-1.224646799147E-16,0.));
#12962 = DIRECTION('',(0.,0.,1.));
#12963 = ADVANCED_FACE('',(#12964),#12982,.T.);
#12964 = FACE_BOUND('',#12965,.T.);
#12965 = EDGE_LOOP('',(#12966,#12967,#12975,#12981));
#12966 = ORIENTED_EDGE('',*,*,#6117,.F.);
#12967 = ORIENTED_EDGE('',*,*,#12968,.T.);
#12968 = EDGE_CURVE('',#6110,#12969,#12971,.T.);
#12969 = VERTEX_POINT('',#12970);
#12970 = CARTESIAN_POINT('',(0.782648863537,12.155738954606,24.1));
#12971 = LINE('',#12972,#12973);
#12972 = CARTESIAN_POINT('',(0.782648863537,12.155738954606,22.1));
#12973 = VECTOR('',#12974,1.);
#12974 = DIRECTION('',(0.,0.,1.));
#12975 = ORIENTED_EDGE('',*,*,#12976,.T.);
#12976 = EDGE_CURVE('',#12969,#12946,#12977,.T.);
#12977 = LINE('',#12978,#12979);
#12978 = CARTESIAN_POINT('',(0.782648863537,12.155738954606,24.1));
#12979 = VECTOR('',#12980,1.);
#12980 = DIRECTION('',(-1.,-1.224646799147E-16,0.));
#12981 = ORIENTED_EDGE('',*,*,#12945,.F.);
#12982 = PLANE('',#12983);
#12983 = AXIS2_PLACEMENT_3D('',#12984,#12985,#12986);
#12984 = CARTESIAN_POINT('',(0.782648863537,12.155738954606,22.1));
#12985 = DIRECTION('',(1.224646799147E-16,-1.,0.));
#12986 = DIRECTION('',(0.,0.,1.));
#12987 = ADVANCED_FACE('',(#12988),#12999,.F.);
#12988 = FACE_BOUND('',#12989,.F.);
#12989 = EDGE_LOOP('',(#12990,#12991,#12992,#12993));
#12990 = ORIENTED_EDGE('',*,*,#12913,.F.);
#12991 = ORIENTED_EDGE('',*,*,#6109,.T.);
#12992 = ORIENTED_EDGE('',*,*,#12968,.T.);
#12993 = ORIENTED_EDGE('',*,*,#12994,.F.);
#12994 = EDGE_CURVE('',#12914,#12969,#12995,.T.);
#12995 = LINE('',#12996,#12997);
#12996 = CARTESIAN_POINT('',(0.782648863537,13.655738954606,24.1));
#12997 = VECTOR('',#12998,1.);
#12998 = DIRECTION('',(1.224646799147E-16,-1.,0.));
#12999 = PLANE('',#13000);
#13000 = AXIS2_PLACEMENT_3D('',#13001,#13002,#13003);
#13001 = CARTESIAN_POINT('',(0.782648863537,13.655738954606,22.1));
#13002 = DIRECTION('',(-1.,-1.224646799147E-16,0.));
#13003 = DIRECTION('',(0.,0.,1.));
#13004 = ADVANCED_FACE('',(#13005),#13030,.F.);
#13005 = FACE_BOUND('',#13006,.F.);
#13006 = EDGE_LOOP('',(#13007,#13008,#13016,#13024));
#13007 = ORIENTED_EDGE('',*,*,#6133,.F.);
#13008 = ORIENTED_EDGE('',*,*,#13009,.T.);
#13009 = EDGE_CURVE('',#6134,#13010,#13012,.T.);
#13010 = VERTEX_POINT('',#13011);
#13011 = CARTESIAN_POINT('',(-1.968351136463,16.024738954606,22.75));
#13012 = LINE('',#13013,#13014);
#13013 = CARTESIAN_POINT('',(-1.968351136463,16.024738954606,22.1));
#13014 = VECTOR('',#13015,1.);
#13015 = DIRECTION('',(0.,0.,1.));
#13016 = ORIENTED_EDGE('',*,*,#13017,.T.);
#13017 = EDGE_CURVE('',#13010,#13018,#13020,.T.);
#13018 = VERTEX_POINT('',#13019);
#13019 = CARTESIAN_POINT('',(-1.968351136463,14.104738954606,22.75));
#13020 = LINE('',#13021,#13022);
#13021 = CARTESIAN_POINT('',(-1.968351136463,16.024738954606,22.75));
#13022 = VECTOR('',#13023,1.);
#13023 = DIRECTION('',(1.110223024625E-16,-1.,0.));
#13024 = ORIENTED_EDGE('',*,*,#13025,.F.);
#13025 = EDGE_CURVE('',#6136,#13018,#13026,.T.);
#13026 = LINE('',#13027,#13028);
#13027 = CARTESIAN_POINT('',(-1.968351136463,14.104738954606,22.1));
#13028 = VECTOR('',#13029,1.);
#13029 = DIRECTION('',(0.,0.,1.));
#13030 = PLANE('',#13031);
#13031 = AXIS2_PLACEMENT_3D('',#13032,#13033,#13034);
#13032 = CARTESIAN_POINT('',(-1.968351136463,16.024738954606,22.1));
#13033 = DIRECTION('',(1.,1.110223024625E-16,0.));
#13034 = DIRECTION('',(0.,0.,1.));
#13035 = ADVANCED_FACE('',(#13036),#13054,.T.);
#13036 = FACE_BOUND('',#13037,.T.);
#13037 = EDGE_LOOP('',(#13038,#13039,#13040,#13048));
#13038 = ORIENTED_EDGE('',*,*,#13025,.F.);
#13039 = ORIENTED_EDGE('',*,*,#6159,.T.);
#13040 = ORIENTED_EDGE('',*,*,#13041,.T.);
#13041 = EDGE_CURVE('',#6152,#13042,#13044,.T.);
#13042 = VERTEX_POINT('',#13043);
#13043 = CARTESIAN_POINT('',(-0.368351136463,14.104738954606,22.75));
#13044 = LINE('',#13045,#13046);
#13045 = CARTESIAN_POINT('',(-0.368351136463,14.104738954606,22.1));
#13046 = VECTOR('',#13047,1.);
#13047 = DIRECTION('',(0.,0.,1.));
#13048 = ORIENTED_EDGE('',*,*,#13049,.F.);
#13049 = EDGE_CURVE('',#13018,#13042,#13050,.T.);
#13050 = LINE('',#13051,#13052);
#13051 = CARTESIAN_POINT('',(-1.968351136463,14.104738954606,22.75));
#13052 = VECTOR('',#13053,1.);
#13053 = DIRECTION('',(1.,1.110223024625E-16,0.));
#13054 = PLANE('',#13055);
#13055 = AXIS2_PLACEMENT_3D('',#13056,#13057,#13058);
#13056 = CARTESIAN_POINT('',(-1.968351136463,14.104738954606,22.1));
#13057 = DIRECTION('',(1.110223024625E-16,-1.,0.));
#13058 = DIRECTION('',(0.,0.,1.));
#13059 = ADVANCED_FACE('',(#13060),#13078,.T.);
#13060 = FACE_BOUND('',#13061,.T.);
#13061 = EDGE_LOOP('',(#13062,#13063,#13071,#13077));
#13062 = ORIENTED_EDGE('',*,*,#6151,.F.);
#13063 = ORIENTED_EDGE('',*,*,#13064,.T.);
#13064 = EDGE_CURVE('',#6144,#13065,#13067,.T.);
#13065 = VERTEX_POINT('',#13066);
#13066 = CARTESIAN_POINT('',(-0.368351136463,16.024738954606,22.75));
#13067 = LINE('',#13068,#13069);
#13068 = CARTESIAN_POINT('',(-0.368351136463,16.024738954606,22.1));
#13069 = VECTOR('',#13070,1.);
#13070 = DIRECTION('',(0.,0.,1.));
#13071 = ORIENTED_EDGE('',*,*,#13072,.T.);
#13072 = EDGE_CURVE('',#13065,#13042,#13073,.T.);
#13073 = LINE('',#13074,#13075);
#13074 = CARTESIAN_POINT('',(-0.368351136463,16.024738954606,22.75));
#13075 = VECTOR('',#13076,1.);
#13076 = DIRECTION('',(1.110223024625E-16,-1.,0.));
#13077 = ORIENTED_EDGE('',*,*,#13041,.F.);
#13078 = PLANE('',#13079);
#13079 = AXIS2_PLACEMENT_3D('',#13080,#13081,#13082);
#13080 = CARTESIAN_POINT('',(-0.368351136463,16.024738954606,22.1));
#13081 = DIRECTION('',(1.,1.110223024625E-16,0.));
#13082 = DIRECTION('',(0.,0.,1.));
#13083 = ADVANCED_FACE('',(#13084),#13095,.F.);
#13084 = FACE_BOUND('',#13085,.F.);
#13085 = EDGE_LOOP('',(#13086,#13087,#13088,#13089));
#13086 = ORIENTED_EDGE('',*,*,#13009,.F.);
#13087 = ORIENTED_EDGE('',*,*,#6143,.T.);
#13088 = ORIENTED_EDGE('',*,*,#13064,.T.);
#13089 = ORIENTED_EDGE('',*,*,#13090,.F.);
#13090 = EDGE_CURVE('',#13010,#13065,#13091,.T.);
#13091 = LINE('',#13092,#13093);
#13092 = CARTESIAN_POINT('',(-1.968351136463,16.024738954606,22.75));
#13093 = VECTOR('',#13094,1.);
#13094 = DIRECTION('',(1.,1.110223024625E-16,0.));
#13095 = PLANE('',#13096);
#13096 = AXIS2_PLACEMENT_3D('',#13097,#13098,#13099);
#13097 = CARTESIAN_POINT('',(-1.968351136463,16.024738954606,22.1));
#13098 = DIRECTION('',(1.110223024625E-16,-1.,0.));
#13099 = DIRECTION('',(0.,0.,1.));
#13100 = ADVANCED_FACE('',(#13101),#13126,.F.);
#13101 = FACE_BOUND('',#13102,.F.);
#13102 = EDGE_LOOP('',(#13103,#13104,#13112,#13120));
#13103 = ORIENTED_EDGE('',*,*,#6167,.F.);
#13104 = ORIENTED_EDGE('',*,*,#13105,.T.);
#13105 = EDGE_CURVE('',#6168,#13106,#13108,.T.);
#13106 = VERTEX_POINT('',#13107);
#13107 = CARTESIAN_POINT('',(0.909648863537,14.485338954606,22.75));
#13108 = LINE('',#13109,#13110);
#13109 = CARTESIAN_POINT('',(0.909648863537,14.485338954606,22.1));
#13110 = VECTOR('',#13111,1.);
#13111 = DIRECTION('',(0.,0.,1.));
#13112 = ORIENTED_EDGE('',*,*,#13113,.T.);
#13113 = EDGE_CURVE('',#13106,#13114,#13116,.T.);
#13114 = VERTEX_POINT('',#13115);
#13115 = CARTESIAN_POINT('',(0.909648863537,16.101338954606,22.75));
#13116 = LINE('',#13117,#13118);
#13117 = CARTESIAN_POINT('',(0.909648863537,14.485338954606,22.75));
#13118 = VECTOR('',#13119,1.);
#13119 = DIRECTION('',(-2.22044604925E-16,1.,0.));
#13120 = ORIENTED_EDGE('',*,*,#13121,.F.);
#13121 = EDGE_CURVE('',#6170,#13114,#13122,.T.);
#13122 = LINE('',#13123,#13124);
#13123 = CARTESIAN_POINT('',(0.909648863537,16.101338954606,22.1));
#13124 = VECTOR('',#13125,1.);
#13125 = DIRECTION('',(0.,0.,1.));
#13126 = PLANE('',#13127);
#13127 = AXIS2_PLACEMENT_3D('',#13128,#13129,#13130);
#13128 = CARTESIAN_POINT('',(0.909648863537,14.485338954606,22.1));
#13129 = DIRECTION('',(-1.,-2.22044604925E-16,0.));
#13130 = DIRECTION('',(0.,0.,1.));
#13131 = ADVANCED_FACE('',(#13132),#13150,.T.);
#13132 = FACE_BOUND('',#13133,.T.);
#13133 = EDGE_LOOP('',(#13134,#13135,#13136,#13144));
#13134 = ORIENTED_EDGE('',*,*,#13121,.F.);
#13135 = ORIENTED_EDGE('',*,*,#6193,.T.);
#13136 = ORIENTED_EDGE('',*,*,#13137,.T.);
#13137 = EDGE_CURVE('',#6186,#13138,#13140,.T.);
#13138 = VERTEX_POINT('',#13139);
#13139 = CARTESIAN_POINT('',(0.309648863537,16.101338954606,22.75));
#13140 = LINE('',#13141,#13142);
#13141 = CARTESIAN_POINT('',(0.309648863537,16.101338954606,22.1));
#13142 = VECTOR('',#13143,1.);
#13143 = DIRECTION('',(0.,0.,1.));
#13144 = ORIENTED_EDGE('',*,*,#13145,.F.);
#13145 = EDGE_CURVE('',#13114,#13138,#13146,.T.);
#13146 = LINE('',#13147,#13148);
#13147 = CARTESIAN_POINT('',(0.909648863537,16.101338954606,22.75));
#13148 = VECTOR('',#13149,1.);
#13149 = DIRECTION('',(-1.,-2.22044604925E-16,0.));
#13150 = PLANE('',#13151);
#13151 = AXIS2_PLACEMENT_3D('',#13152,#13153,#13154);
#13152 = CARTESIAN_POINT('',(0.909648863537,16.101338954606,22.1));
#13153 = DIRECTION('',(-2.22044604925E-16,1.,0.));
#13154 = DIRECTION('',(0.,0.,1.));
#13155 = ADVANCED_FACE('',(#13156),#13174,.T.);
#13156 = FACE_BOUND('',#13157,.T.);
#13157 = EDGE_LOOP('',(#13158,#13159,#13167,#13173));
#13158 = ORIENTED_EDGE('',*,*,#6185,.F.);
#13159 = ORIENTED_EDGE('',*,*,#13160,.T.);
#13160 = EDGE_CURVE('',#6178,#13161,#13163,.T.);
#13161 = VERTEX_POINT('',#13162);
#13162 = CARTESIAN_POINT('',(0.309648863537,14.485338954606,22.75));
#13163 = LINE('',#13164,#13165);
#13164 = CARTESIAN_POINT('',(0.309648863537,14.485338954606,22.1));
#13165 = VECTOR('',#13166,1.);
#13166 = DIRECTION('',(0.,0.,1.));
#13167 = ORIENTED_EDGE('',*,*,#13168,.T.);
#13168 = EDGE_CURVE('',#13161,#13138,#13169,.T.);
#13169 = LINE('',#13170,#13171);
#13170 = CARTESIAN_POINT('',(0.309648863537,14.485338954606,22.75));
#13171 = VECTOR('',#13172,1.);
#13172 = DIRECTION('',(-2.22044604925E-16,1.,0.));
#13173 = ORIENTED_EDGE('',*,*,#13137,.F.);
#13174 = PLANE('',#13175);
#13175 = AXIS2_PLACEMENT_3D('',#13176,#13177,#13178);
#13176 = CARTESIAN_POINT('',(0.309648863537,14.485338954606,22.1));
#13177 = DIRECTION('',(-1.,-2.22044604925E-16,0.));
#13178 = DIRECTION('',(0.,0.,1.));
#13179 = ADVANCED_FACE('',(#13180),#13191,.F.);
#13180 = FACE_BOUND('',#13181,.F.);
#13181 = EDGE_LOOP('',(#13182,#13183,#13184,#13185));
#13182 = ORIENTED_EDGE('',*,*,#13105,.F.);
#13183 = ORIENTED_EDGE('',*,*,#6177,.T.);
#13184 = ORIENTED_EDGE('',*,*,#13160,.T.);
#13185 = ORIENTED_EDGE('',*,*,#13186,.F.);
#13186 = EDGE_CURVE('',#13106,#13161,#13187,.T.);
#13187 = LINE('',#13188,#13189);
#13188 = CARTESIAN_POINT('',(0.909648863537,14.485338954606,22.75));
#13189 = VECTOR('',#13190,1.);
#13190 = DIRECTION('',(-1.,-2.22044604925E-16,0.));
#13191 = PLANE('',#13192);
#13192 = AXIS2_PLACEMENT_3D('',#13193,#13194,#13195);
#13193 = CARTESIAN_POINT('',(0.909648863537,14.485338954606,22.1));
#13194 = DIRECTION('',(-2.22044604925E-16,1.,0.));
#13195 = DIRECTION('',(0.,0.,1.));
#13196 = ADVANCED_FACE('',(#13197),#13222,.F.);
#13197 = FACE_BOUND('',#13198,.F.);
#13198 = EDGE_LOOP('',(#13199,#13200,#13208,#13216));
#13199 = ORIENTED_EDGE('',*,*,#6201,.F.);
#13200 = ORIENTED_EDGE('',*,*,#13201,.T.);
#13201 = EDGE_CURVE('',#6202,#13202,#13204,.T.);
#13202 = VERTEX_POINT('',#13203);
#13203 = CARTESIAN_POINT('',(0.909648863537,17.558738954606,22.75));
#13204 = LINE('',#13205,#13206);
#13205 = CARTESIAN_POINT('',(0.909648863537,17.558738954606,22.1));
#13206 = VECTOR('',#13207,1.);
#13207 = DIRECTION('',(0.,0.,1.));
#13208 = ORIENTED_EDGE('',*,*,#13209,.T.);
#13209 = EDGE_CURVE('',#13202,#13210,#13212,.T.);
#13210 = VERTEX_POINT('',#13211);
#13211 = CARTESIAN_POINT('',(0.909648863537,19.174738954606,22.75));
#13212 = LINE('',#13213,#13214);
#13213 = CARTESIAN_POINT('',(0.909648863537,17.558738954606,22.75));
#13214 = VECTOR('',#13215,1.);
#13215 = DIRECTION('',(-2.22044604925E-16,1.,0.));
#13216 = ORIENTED_EDGE('',*,*,#13217,.F.);
#13217 = EDGE_CURVE('',#6204,#13210,#13218,.T.);
#13218 = LINE('',#13219,#13220);
#13219 = CARTESIAN_POINT('',(0.909648863537,19.174738954606,22.1));
#13220 = VECTOR('',#13221,1.);
#13221 = DIRECTION('',(0.,0.,1.));
#13222 = PLANE('',#13223);
#13223 = AXIS2_PLACEMENT_3D('',#13224,#13225,#13226);
#13224 = CARTESIAN_POINT('',(0.909648863537,17.558738954606,22.1));
#13225 = DIRECTION('',(-1.,-2.22044604925E-16,0.));
#13226 = DIRECTION('',(0.,0.,1.));
#13227 = ADVANCED_FACE('',(#13228),#13246,.T.);
#13228 = FACE_BOUND('',#13229,.T.);
#13229 = EDGE_LOOP('',(#13230,#13231,#13232,#13240));
#13230 = ORIENTED_EDGE('',*,*,#13217,.F.);
#13231 = ORIENTED_EDGE('',*,*,#6227,.T.);
#13232 = ORIENTED_EDGE('',*,*,#13233,.T.);
#13233 = EDGE_CURVE('',#6220,#13234,#13236,.T.);
#13234 = VERTEX_POINT('',#13235);
#13235 = CARTESIAN_POINT('',(0.309648863537,19.174738954606,22.75));
#13236 = LINE('',#13237,#13238);
#13237 = CARTESIAN_POINT('',(0.309648863537,19.174738954606,22.1));
#13238 = VECTOR('',#13239,1.);
#13239 = DIRECTION('',(0.,0.,1.));
#13240 = ORIENTED_EDGE('',*,*,#13241,.F.);
#13241 = EDGE_CURVE('',#13210,#13234,#13242,.T.);
#13242 = LINE('',#13243,#13244);
#13243 = CARTESIAN_POINT('',(0.909648863537,19.174738954606,22.75));
#13244 = VECTOR('',#13245,1.);
#13245 = DIRECTION('',(-1.,-2.22044604925E-16,0.));
#13246 = PLANE('',#13247);
#13247 = AXIS2_PLACEMENT_3D('',#13248,#13249,#13250);
#13248 = CARTESIAN_POINT('',(0.909648863537,19.174738954606,22.1));
#13249 = DIRECTION('',(-2.22044604925E-16,1.,0.));
#13250 = DIRECTION('',(0.,0.,1.));
#13251 = ADVANCED_FACE('',(#13252),#13270,.T.);
#13252 = FACE_BOUND('',#13253,.T.);
#13253 = EDGE_LOOP('',(#13254,#13255,#13263,#13269));
#13254 = ORIENTED_EDGE('',*,*,#6219,.F.);
#13255 = ORIENTED_EDGE('',*,*,#13256,.T.);
#13256 = EDGE_CURVE('',#6212,#13257,#13259,.T.);
#13257 = VERTEX_POINT('',#13258);
#13258 = CARTESIAN_POINT('',(0.309648863537,17.558738954606,22.75));
#13259 = LINE('',#13260,#13261);
#13260 = CARTESIAN_POINT('',(0.309648863537,17.558738954606,22.1));
#13261 = VECTOR('',#13262,1.);
#13262 = DIRECTION('',(0.,0.,1.));
#13263 = ORIENTED_EDGE('',*,*,#13264,.T.);
#13264 = EDGE_CURVE('',#13257,#13234,#13265,.T.);
#13265 = LINE('',#13266,#13267);
#13266 = CARTESIAN_POINT('',(0.309648863537,17.558738954606,22.75));
#13267 = VECTOR('',#13268,1.);
#13268 = DIRECTION('',(-2.22044604925E-16,1.,0.));
#13269 = ORIENTED_EDGE('',*,*,#13233,.F.);
#13270 = PLANE('',#13271);
#13271 = AXIS2_PLACEMENT_3D('',#13272,#13273,#13274);
#13272 = CARTESIAN_POINT('',(0.309648863537,17.558738954606,22.1));
#13273 = DIRECTION('',(-1.,-2.22044604925E-16,0.));
#13274 = DIRECTION('',(0.,0.,1.));
#13275 = ADVANCED_FACE('',(#13276),#13287,.F.);
#13276 = FACE_BOUND('',#13277,.F.);
#13277 = EDGE_LOOP('',(#13278,#13279,#13280,#13281));
#13278 = ORIENTED_EDGE('',*,*,#13201,.F.);
#13279 = ORIENTED_EDGE('',*,*,#6211,.T.);
#13280 = ORIENTED_EDGE('',*,*,#13256,.T.);
#13281 = ORIENTED_EDGE('',*,*,#13282,.F.);
#13282 = EDGE_CURVE('',#13202,#13257,#13283,.T.);
#13283 = LINE('',#13284,#13285);
#13284 = CARTESIAN_POINT('',(0.909648863537,17.558738954606,22.75));
#13285 = VECTOR('',#13286,1.);
#13286 = DIRECTION('',(-1.,-2.22044604925E-16,0.));
#13287 = PLANE('',#13288);
#13288 = AXIS2_PLACEMENT_3D('',#13289,#13290,#13291);
#13289 = CARTESIAN_POINT('',(0.909648863537,17.558738954606,22.1));
#13290 = DIRECTION('',(-2.22044604925E-16,1.,0.));
#13291 = DIRECTION('',(0.,0.,1.));
#13292 = ADVANCED_FACE('',(#13293),#13299,.F.);
#13293 = FACE_BOUND('',#13294,.F.);
#13294 = EDGE_LOOP('',(#13295,#13296,#13297,#13298));
#13295 = ORIENTED_EDGE('',*,*,#6260,.F.);
#13296 = ORIENTED_EDGE('',*,*,#6284,.T.);
#13297 = ORIENTED_EDGE('',*,*,#6309,.T.);
#13298 = ORIENTED_EDGE('',*,*,#12223,.F.);
#13299 = PLANE('',#13300);
#13300 = AXIS2_PLACEMENT_3D('',#13301,#13302,#13303);
#13301 = CARTESIAN_POINT('',(4.82,-14.035,17.));
#13302 = DIRECTION('',(0.,0.,1.));
#13303 = DIRECTION('',(-1.,-1.224646799147E-16,0.));
#13304 = ADVANCED_FACE('',(#13305),#13311,.F.);
#13305 = FACE_BOUND('',#13306,.F.);
#13306 = EDGE_LOOP('',(#13307,#13308,#13309,#13310));
#13307 = ORIENTED_EDGE('',*,*,#6413,.F.);
#13308 = ORIENTED_EDGE('',*,*,#6333,.T.);
#13309 = ORIENTED_EDGE('',*,*,#6365,.T.);
#13310 = ORIENTED_EDGE('',*,*,#6388,.F.);
#13311 = PLANE('',#13312);
#13312 = AXIS2_PLACEMENT_3D('',#13313,#13314,#13315);
#13313 = CARTESIAN_POINT('',(-15.67285402366,-10.54021693943,19.85));
#13314 = DIRECTION('',(0.,0.,1.));
#13315 = DIRECTION('',(-1.,-1.224646799147E-16,0.));
#13316 = ADVANCED_FACE('',(#13317),#13323,.F.);
#13317 = FACE_BOUND('',#13318,.F.);
#13318 = EDGE_LOOP('',(#13319,#13320,#13321,#13322));
#13319 = ORIENTED_EDGE('',*,*,#6509,.F.);
#13320 = ORIENTED_EDGE('',*,*,#6429,.T.);
#13321 = ORIENTED_EDGE('',*,*,#6461,.T.);
#13322 = ORIENTED_EDGE('',*,*,#6484,.F.);
#13323 = PLANE('',#13324);
#13324 = AXIS2_PLACEMENT_3D('',#13325,#13326,#13327);
#13325 = CARTESIAN_POINT('',(-17.83570135243,-6.688245517668,19.));
#13326 = DIRECTION('',(0.,0.,1.));
#13327 = DIRECTION('',(1.110223024625E-16,-1.,0.));
#13328 = ADVANCED_FACE('',(#13329),#13335,.F.);
#13329 = FACE_BOUND('',#13330,.F.);
#13330 = EDGE_LOOP('',(#13331,#13332,#13333,#13334));
#13331 = ORIENTED_EDGE('',*,*,#6605,.F.);
#13332 = ORIENTED_EDGE('',*,*,#6525,.T.);
#13333 = ORIENTED_EDGE('',*,*,#6557,.T.);
#13334 = ORIENTED_EDGE('',*,*,#6580,.F.);
#13335 = PLANE('',#13336);
#13336 = AXIS2_PLACEMENT_3D('',#13337,#13338,#13339);
#13337 = CARTESIAN_POINT('',(-9.886364666451,-10.04312841544,18.5));
#13338 = DIRECTION('',(0.,0.,1.));
#13339 = DIRECTION('',(-1.,-1.224646799147E-16,0.));
#13340 = ADVANCED_FACE('',(#13341),#13347,.F.);
#13341 = FACE_BOUND('',#13342,.F.);
#13342 = EDGE_LOOP('',(#13343,#13344,#13345,#13346));
#13343 = ORIENTED_EDGE('',*,*,#6701,.F.);
#13344 = ORIENTED_EDGE('',*,*,#6621,.T.);
#13345 = ORIENTED_EDGE('',*,*,#6653,.T.);
#13346 = ORIENTED_EDGE('',*,*,#6676,.F.);
#13347 = PLANE('',#13348);
#13348 = AXIS2_PLACEMENT_3D('',#13349,#13350,#13351);
#13349 = CARTESIAN_POINT('',(-12.27698744182,-7.923121557289,19.85));
#13350 = DIRECTION('',(0.,0.,1.));
#13351 = DIRECTION('',(1.110223024625E-16,-1.,0.));
#13352 = ADVANCED_FACE('',(#13353),#13359,.F.);
#13353 = FACE_BOUND('',#13354,.F.);
#13354 = EDGE_LOOP('',(#13355,#13356,#13357,#13358));
#13355 = ORIENTED_EDGE('',*,*,#6814,.F.);
#13356 = ORIENTED_EDGE('',*,*,#6734,.T.);
#13357 = ORIENTED_EDGE('',*,*,#6766,.T.);
#13358 = ORIENTED_EDGE('',*,*,#6789,.F.);
#13359 = PLANE('',#13360);
#13360 = AXIS2_PLACEMENT_3D('',#13361,#13362,#13363);
#13361 = CARTESIAN_POINT('',(-8.082814364349,-11.00297783353,19.85));
#13362 = DIRECTION('',(0.,0.,1.));
#13363 = DIRECTION('',(1.110223024625E-16,-1.,0.));
#13364 = ADVANCED_FACE('',(#13365),#13371,.F.);
#13365 = FACE_BOUND('',#13366,.F.);
#13366 = EDGE_LOOP('',(#13367,#13368,#13369,#13370));
#13367 = ORIENTED_EDGE('',*,*,#6910,.F.);
#13368 = ORIENTED_EDGE('',*,*,#6830,.T.);
#13369 = ORIENTED_EDGE('',*,*,#6862,.T.);
#13370 = ORIENTED_EDGE('',*,*,#6885,.F.);
#13371 = PLANE('',#13372);
#13372 = AXIS2_PLACEMENT_3D('',#13373,#13374,#13375);
#13373 = CARTESIAN_POINT('',(-6.931630650646,-10.79550697182,18.5));
#13374 = DIRECTION('',(0.,0.,1.));
#13375 = DIRECTION('',(1.110223024625E-16,-1.,0.));
#13376 = ADVANCED_FACE('',(#13377),#13383,.F.);
#13377 = FACE_BOUND('',#13378,.F.);
#13378 = EDGE_LOOP('',(#13379,#13380,#13381,#13382));
#13379 = ORIENTED_EDGE('',*,*,#7006,.F.);
#13380 = ORIENTED_EDGE('',*,*,#6926,.T.);
#13381 = ORIENTED_EDGE('',*,*,#6958,.T.);
#13382 = ORIENTED_EDGE('',*,*,#6981,.F.);
#13383 = PLANE('',#13384);
#13384 = AXIS2_PLACEMENT_3D('',#13385,#13386,#13387);
#13385 = CARTESIAN_POINT('',(-6.340705642359,-8.985967721348,19.5));
#13386 = DIRECTION('',(0.,0.,1.));
#13387 = DIRECTION('',(-1.,-1.224646799147E-16,0.));
#13388 = ADVANCED_FACE('',(#13389),#13395,.F.);
#13389 = FACE_BOUND('',#13390,.F.);
#13390 = EDGE_LOOP('',(#13391,#13392,#13393,#13394));
#13391 = ORIENTED_EDGE('',*,*,#7102,.F.);
#13392 = ORIENTED_EDGE('',*,*,#7022,.T.);
#13393 = ORIENTED_EDGE('',*,*,#7054,.T.);
#13394 = ORIENTED_EDGE('',*,*,#7077,.F.);
#13395 = PLANE('',#13396);
#13396 = AXIS2_PLACEMENT_3D('',#13397,#13398,#13399);
#13397 = CARTESIAN_POINT('',(-1.251398294591,-13.52521557104,19.5));
#13398 = DIRECTION('',(0.,0.,1.));
#13399 = DIRECTION('',(-2.22044604925E-16,1.,0.));
#13400 = ADVANCED_FACE('',(#13401),#13407,.F.);
#13401 = FACE_BOUND('',#13402,.F.);
#13402 = EDGE_LOOP('',(#13403,#13404,#13405,#13406));
#13403 = ORIENTED_EDGE('',*,*,#7198,.F.);
#13404 = ORIENTED_EDGE('',*,*,#7118,.T.);
#13405 = ORIENTED_EDGE('',*,*,#7150,.T.);
#13406 = ORIENTED_EDGE('',*,*,#7173,.F.);
#13407 = PLANE('',#13408);
#13408 = AXIS2_PLACEMENT_3D('',#13409,#13410,#13411);
#13409 = CARTESIAN_POINT('',(-0.698855949124,-9.910685576456,19.85));
#13410 = DIRECTION('',(0.,0.,1.));
#13411 = DIRECTION('',(1.110223024625E-16,-1.,0.));
#13412 = ADVANCED_FACE('',(#13413),#13419,.F.);
#13413 = FACE_BOUND('',#13414,.F.);
#13414 = EDGE_LOOP('',(#13415,#13416,#13417,#13418));
#13415 = ORIENTED_EDGE('',*,*,#7294,.F.);
#13416 = ORIENTED_EDGE('',*,*,#7214,.T.);
#13417 = ORIENTED_EDGE('',*,*,#7246,.T.);
#13418 = ORIENTED_EDGE('',*,*,#7269,.F.);
#13419 = PLANE('',#13420);
#13420 = AXIS2_PLACEMENT_3D('',#13421,#13422,#13423);
#13421 = CARTESIAN_POINT('',(-17.76824361167,-5.287763426427,19.5));
#13422 = DIRECTION('',(0.,0.,1.));
#13423 = DIRECTION('',(1.110223024625E-16,-1.,0.));
#13424 = ADVANCED_FACE('',(#13425),#13431,.F.);
#13425 = FACE_BOUND('',#13426,.F.);
#13426 = EDGE_LOOP('',(#13427,#13428,#13429,#13430));
#13427 = ORIENTED_EDGE('',*,*,#7390,.F.);
#13428 = ORIENTED_EDGE('',*,*,#7310,.T.);
#13429 = ORIENTED_EDGE('',*,*,#7342,.T.);
#13430 = ORIENTED_EDGE('',*,*,#7365,.F.);
#13431 = PLANE('',#13432);
#13432 = AXIS2_PLACEMENT_3D('',#13433,#13434,#13435);
#13433 = CARTESIAN_POINT('',(-12.88485781751,-8.336578426283,19.85));
#13434 = DIRECTION('',(0.,0.,1.));
#13435 = DIRECTION('',(-2.22044604925E-16,1.,0.));
#13436 = ADVANCED_FACE('',(#13437),#13443,.F.);
#13437 = FACE_BOUND('',#13438,.F.);
#13438 = EDGE_LOOP('',(#13439,#13440,#13441,#13442));
#13439 = ORIENTED_EDGE('',*,*,#7486,.F.);
#13440 = ORIENTED_EDGE('',*,*,#7406,.T.);
#13441 = ORIENTED_EDGE('',*,*,#7438,.T.);
#13442 = ORIENTED_EDGE('',*,*,#7461,.F.);
#13443 = PLANE('',#13444);
#13444 = AXIS2_PLACEMENT_3D('',#13445,#13446,#13447);
#13445 = CARTESIAN_POINT('',(-14.96680067991,-6.186318442398,18.5));
#13446 = DIRECTION('',(0.,0.,1.));
#13447 = DIRECTION('',(1.,0.,0.));
#13448 = ADVANCED_FACE('',(#13449),#13455,.F.);
#13449 = FACE_BOUND('',#13450,.F.);
#13450 = EDGE_LOOP('',(#13451,#13452,#13453,#13454));
#13451 = ORIENTED_EDGE('',*,*,#7582,.F.);
#13452 = ORIENTED_EDGE('',*,*,#7502,.T.);
#13453 = ORIENTED_EDGE('',*,*,#7534,.T.);
#13454 = ORIENTED_EDGE('',*,*,#7557,.F.);
#13455 = PLANE('',#13456);
#13456 = AXIS2_PLACEMENT_3D('',#13457,#13458,#13459);
#13457 = CARTESIAN_POINT('',(-19.29807401098,-0.938785775434,19.85));
#13458 = DIRECTION('',(0.,0.,1.));
#13459 = DIRECTION('',(1.110223024625E-16,-1.,0.));
#13460 = ADVANCED_FACE('',(#13461),#13467,.F.);
#13461 = FACE_BOUND('',#13462,.F.);
#13462 = EDGE_LOOP('',(#13463,#13464,#13465,#13466));
#13463 = ORIENTED_EDGE('',*,*,#7678,.F.);
#13464 = ORIENTED_EDGE('',*,*,#7598,.T.);
#13465 = ORIENTED_EDGE('',*,*,#7630,.T.);
#13466 = ORIENTED_EDGE('',*,*,#7653,.F.);
#13467 = PLANE('',#13468);
#13468 = AXIS2_PLACEMENT_3D('',#13469,#13470,#13471);
#13469 = CARTESIAN_POINT('',(-16.08600977554,-0.984907679187,19.85));
#13470 = DIRECTION('',(0.,0.,1.));
#13471 = DIRECTION('',(1.110223024625E-16,-1.,0.));
#13472 = ADVANCED_FACE('',(#13473),#13479,.F.);
#13473 = FACE_BOUND('',#13474,.F.);
#13474 = EDGE_LOOP('',(#13475,#13476,#13477,#13478));
#13475 = ORIENTED_EDGE('',*,*,#7774,.F.);
#13476 = ORIENTED_EDGE('',*,*,#7694,.T.);
#13477 = ORIENTED_EDGE('',*,*,#7726,.T.);
#13478 = ORIENTED_EDGE('',*,*,#7749,.F.);
#13479 = PLANE('',#13480);
#13480 = AXIS2_PLACEMENT_3D('',#13481,#13482,#13483);
#13481 = CARTESIAN_POINT('',(-14.87756018086,-2.557381148023,19.85));
#13482 = DIRECTION('',(0.,0.,1.));
#13483 = DIRECTION('',(1.110223024625E-16,-1.,0.));
#13484 = ADVANCED_FACE('',(#13485),#13491,.F.);
#13485 = FACE_BOUND('',#13486,.F.);
#13486 = EDGE_LOOP('',(#13487,#13488,#13489,#13490));
#13487 = ORIENTED_EDGE('',*,*,#7870,.F.);
#13488 = ORIENTED_EDGE('',*,*,#7790,.T.);
#13489 = ORIENTED_EDGE('',*,*,#7822,.T.);
#13490 = ORIENTED_EDGE('',*,*,#7845,.F.);
#13491 = PLANE('',#13492);
#13492 = AXIS2_PLACEMENT_3D('',#13493,#13494,#13495);
#13493 = CARTESIAN_POINT('',(-8.52737691726,-7.398075300785,19.5));
#13494 = DIRECTION('',(0.,0.,1.));
#13495 = DIRECTION('',(-2.22044604925E-16,1.,0.));
#13496 = ADVANCED_FACE('',(#13497),#13503,.F.);
#13497 = FACE_BOUND('',#13498,.F.);
#13498 = EDGE_LOOP('',(#13499,#13500,#13501,#13502));
#13499 = ORIENTED_EDGE('',*,*,#7966,.F.);
#13500 = ORIENTED_EDGE('',*,*,#7886,.T.);
#13501 = ORIENTED_EDGE('',*,*,#7918,.T.);
#13502 = ORIENTED_EDGE('',*,*,#7941,.F.);
#13503 = PLANE('',#13504);
#13504 = AXIS2_PLACEMENT_3D('',#13505,#13506,#13507);
#13505 = CARTESIAN_POINT('',(-7.791404359181,0.599785898614,19.85));
#13506 = DIRECTION('',(0.,0.,1.));
#13507 = DIRECTION('',(1.110223024625E-16,-1.,0.));
#13508 = ADVANCED_FACE('',(#13509),#13515,.F.);
#13509 = FACE_BOUND('',#13510,.F.);
#13510 = EDGE_LOOP('',(#13511,#13512,#13513,#13514));
#13511 = ORIENTED_EDGE('',*,*,#8062,.F.);
#13512 = ORIENTED_EDGE('',*,*,#7982,.T.);
#13513 = ORIENTED_EDGE('',*,*,#8014,.T.);
#13514 = ORIENTED_EDGE('',*,*,#8037,.F.);
#13515 = PLANE('',#13516);
#13516 = AXIS2_PLACEMENT_3D('',#13517,#13518,#13519);
#13517 = CARTESIAN_POINT('',(-2.708704039484,-0.608949233824,19.85));
#13518 = DIRECTION('',(0.,0.,1.));
#13519 = DIRECTION('',(1.110223024625E-16,-1.,0.));
#13520 = ADVANCED_FACE('',(#13521),#13527,.F.);
#13521 = FACE_BOUND('',#13522,.F.);
#13522 = EDGE_LOOP('',(#13523,#13524,#13525,#13526));
#13523 = ORIENTED_EDGE('',*,*,#8158,.F.);
#13524 = ORIENTED_EDGE('',*,*,#8078,.T.);
#13525 = ORIENTED_EDGE('',*,*,#8110,.T.);
#13526 = ORIENTED_EDGE('',*,*,#8133,.F.);
#13527 = PLANE('',#13528);
#13528 = AXIS2_PLACEMENT_3D('',#13529,#13530,#13531);
#13529 = CARTESIAN_POINT('',(5.986221927933,-15.06660592625,19.85));
#13530 = DIRECTION('',(0.,0.,1.));
#13531 = DIRECTION('',(1.110223024625E-16,-1.,0.));
#13532 = ADVANCED_FACE('',(#13533),#13539,.F.);
#13533 = FACE_BOUND('',#13534,.F.);
#13534 = EDGE_LOOP('',(#13535,#13536,#13537,#13538));
#13535 = ORIENTED_EDGE('',*,*,#8254,.F.);
#13536 = ORIENTED_EDGE('',*,*,#8174,.T.);
#13537 = ORIENTED_EDGE('',*,*,#8206,.T.);
#13538 = ORIENTED_EDGE('',*,*,#8229,.F.);
#13539 = PLANE('',#13540);
#13540 = AXIS2_PLACEMENT_3D('',#13541,#13542,#13543);
#13541 = CARTESIAN_POINT('',(7.57007064913,-16.03734537199,19.85));
#13542 = DIRECTION('',(0.,0.,1.));
#13543 = DIRECTION('',(1.,0.,0.));
#13544 = ADVANCED_FACE('',(#13545),#13551,.F.);
#13545 = FACE_BOUND('',#13546,.F.);
#13546 = EDGE_LOOP('',(#13547,#13548,#13549,#13550));
#13547 = ORIENTED_EDGE('',*,*,#8350,.F.);
#13548 = ORIENTED_EDGE('',*,*,#8270,.T.);
#13549 = ORIENTED_EDGE('',*,*,#8302,.T.);
#13550 = ORIENTED_EDGE('',*,*,#8325,.F.);
#13551 = PLANE('',#13552);
#13552 = AXIS2_PLACEMENT_3D('',#13553,#13554,#13555);
#13553 = CARTESIAN_POINT('',(7.60048692397,-14.8147608881,19.85));
#13554 = DIRECTION('',(0.,0.,1.));
#13555 = DIRECTION('',(1.,0.,0.));
#13556 = ADVANCED_FACE('',(#13557),#13563,.F.);
#13557 = FACE_BOUND('',#13558,.F.);
#13558 = EDGE_LOOP('',(#13559,#13560,#13561,#13562));
#13559 = ORIENTED_EDGE('',*,*,#8446,.F.);
#13560 = ORIENTED_EDGE('',*,*,#8366,.T.);
#13561 = ORIENTED_EDGE('',*,*,#8398,.T.);
#13562 = ORIENTED_EDGE('',*,*,#8421,.F.);
#13563 = PLANE('',#13564);
#13564 = AXIS2_PLACEMENT_3D('',#13565,#13566,#13567);
#13565 = CARTESIAN_POINT('',(15.60518567348,-9.409486853725,19.85));
#13566 = DIRECTION('',(0.,0.,1.));
#13567 = DIRECTION('',(-1.,-1.224646799147E-16,0.));
#13568 = ADVANCED_FACE('',(#13569),#13575,.F.);
#13569 = FACE_BOUND('',#13570,.F.);
#13570 = EDGE_LOOP('',(#13571,#13572,#13573,#13574));
#13571 = ORIENTED_EDGE('',*,*,#8542,.F.);
#13572 = ORIENTED_EDGE('',*,*,#8462,.T.);
#13573 = ORIENTED_EDGE('',*,*,#8494,.T.);
#13574 = ORIENTED_EDGE('',*,*,#8517,.F.);
#13575 = PLANE('',#13576);
#13576 = AXIS2_PLACEMENT_3D('',#13577,#13578,#13579);
#13577 = CARTESIAN_POINT('',(3.867734393755,-7.263573629224,19.85));
#13578 = DIRECTION('',(0.,0.,1.));
#13579 = DIRECTION('',(-1.,-1.224646799147E-16,0.));
#13580 = ADVANCED_FACE('',(#13581),#13587,.F.);
#13581 = FACE_BOUND('',#13582,.F.);
#13582 = EDGE_LOOP('',(#13583,#13584,#13585,#13586));
#13583 = ORIENTED_EDGE('',*,*,#8638,.F.);
#13584 = ORIENTED_EDGE('',*,*,#8558,.T.);
#13585 = ORIENTED_EDGE('',*,*,#8590,.T.);
#13586 = ORIENTED_EDGE('',*,*,#8613,.F.);
#13587 = PLANE('',#13588);
#13588 = AXIS2_PLACEMENT_3D('',#13589,#13590,#13591);
#13589 = CARTESIAN_POINT('',(4.417902375496,-6.456269936188,19.85));
#13590 = DIRECTION('',(0.,0.,1.));
#13591 = DIRECTION('',(1.110223024625E-16,-1.,0.));
#13592 = ADVANCED_FACE('',(#13593),#13599,.F.);
#13593 = FACE_BOUND('',#13594,.F.);
#13594 = EDGE_LOOP('',(#13595,#13596,#13597,#13598));
#13595 = ORIENTED_EDGE('',*,*,#8734,.F.);
#13596 = ORIENTED_EDGE('',*,*,#8654,.T.);
#13597 = ORIENTED_EDGE('',*,*,#8686,.T.);
#13598 = ORIENTED_EDGE('',*,*,#8709,.F.);
#13599 = PLANE('',#13600);
#13600 = AXIS2_PLACEMENT_3D('',#13601,#13602,#13603);
#13601 = CARTESIAN_POINT('',(3.867361371674,-5.928689148711,19.85));
#13602 = DIRECTION('',(0.,0.,1.));
#13603 = DIRECTION('',(-1.,-1.224646799147E-16,0.));
#13604 = ADVANCED_FACE('',(#13605),#13611,.F.);
#13605 = FACE_BOUND('',#13606,.F.);
#13606 = EDGE_LOOP('',(#13607,#13608,#13609,#13610));
#13607 = ORIENTED_EDGE('',*,*,#8830,.F.);
#13608 = ORIENTED_EDGE('',*,*,#8750,.T.);
#13609 = ORIENTED_EDGE('',*,*,#8782,.T.);
#13610 = ORIENTED_EDGE('',*,*,#8805,.F.);
#13611 = PLANE('',#13612);
#13612 = AXIS2_PLACEMENT_3D('',#13613,#13614,#13615);
#13613 = CARTESIAN_POINT('',(5.553202375496,-8.689569936188,19.5));
#13614 = DIRECTION('',(0.,0.,1.));
#13615 = DIRECTION('',(1.,0.,0.));
#13616 = ADVANCED_FACE('',(#13617),#13623,.F.);
#13617 = FACE_BOUND('',#13618,.F.);
#13618 = EDGE_LOOP('',(#13619,#13620,#13621,#13622));
#13619 = ORIENTED_EDGE('',*,*,#8926,.F.);
#13620 = ORIENTED_EDGE('',*,*,#8846,.T.);
#13621 = ORIENTED_EDGE('',*,*,#8878,.T.);
#13622 = ORIENTED_EDGE('',*,*,#8901,.F.);
#13623 = PLANE('',#13624);
#13624 = AXIS2_PLACEMENT_3D('',#13625,#13626,#13627);
#13625 = CARTESIAN_POINT('',(9.497622354699,0.117548807341,19.85));
#13626 = DIRECTION('',(0.,0.,1.));
#13627 = DIRECTION('',(-1.,-1.224646799147E-16,0.));
#13628 = ADVANCED_FACE('',(#13629),#13635,.F.);
#13629 = FACE_BOUND('',#13630,.F.);
#13630 = EDGE_LOOP('',(#13631,#13632,#13633,#13634));
#13631 = ORIENTED_EDGE('',*,*,#9022,.F.);
#13632 = ORIENTED_EDGE('',*,*,#8942,.T.);
#13633 = ORIENTED_EDGE('',*,*,#8974,.T.);
#13634 = ORIENTED_EDGE('',*,*,#8997,.F.);
#13635 = PLANE('',#13636);
#13636 = AXIS2_PLACEMENT_3D('',#13637,#13638,#13639);
#13637 = CARTESIAN_POINT('',(11.321300237581,-5.229750771369,19.5));
#13638 = DIRECTION('',(0.,0.,1.));
#13639 = DIRECTION('',(1.110223024625E-16,-1.,0.));
#13640 = ADVANCED_FACE('',(#13641),#13647,.F.);
#13641 = FACE_BOUND('',#13642,.F.);
#13642 = EDGE_LOOP('',(#13643,#13644,#13645,#13646));
#13643 = ORIENTED_EDGE('',*,*,#9118,.F.);
#13644 = ORIENTED_EDGE('',*,*,#9038,.T.);
#13645 = ORIENTED_EDGE('',*,*,#9070,.T.);
#13646 = ORIENTED_EDGE('',*,*,#9093,.F.);
#13647 = PLANE('',#13648);
#13648 = AXIS2_PLACEMENT_3D('',#13649,#13650,#13651);
#13649 = CARTESIAN_POINT('',(13.632891285691,-7.892748799903,19.85));
#13650 = DIRECTION('',(0.,0.,1.));
#13651 = DIRECTION('',(-2.22044604925E-16,1.,0.));
#13652 = ADVANCED_FACE('',(#13653),#13659,.F.);
#13653 = FACE_BOUND('',#13654,.F.);
#13654 = EDGE_LOOP('',(#13655,#13656,#13657,#13658));
#13655 = ORIENTED_EDGE('',*,*,#9214,.F.);
#13656 = ORIENTED_EDGE('',*,*,#9134,.T.);
#13657 = ORIENTED_EDGE('',*,*,#9166,.T.);
#13658 = ORIENTED_EDGE('',*,*,#9189,.F.);
#13659 = PLANE('',#13660);
#13660 = AXIS2_PLACEMENT_3D('',#13661,#13662,#13663);
#13661 = CARTESIAN_POINT('',(17.304807756616,-8.853620625866,19.));
#13662 = DIRECTION('',(0.,0.,1.));
#13663 = DIRECTION('',(-2.22044604925E-16,1.,0.));
#13664 = ADVANCED_FACE('',(#13665),#13671,.F.);
#13665 = FACE_BOUND('',#13666,.F.);
#13666 = EDGE_LOOP('',(#13667,#13668,#13669,#13670));
#13667 = ORIENTED_EDGE('',*,*,#9310,.F.);
#13668 = ORIENTED_EDGE('',*,*,#9230,.T.);
#13669 = ORIENTED_EDGE('',*,*,#9262,.T.);
#13670 = ORIENTED_EDGE('',*,*,#9285,.F.);
#13671 = PLANE('',#13672);
#13672 = AXIS2_PLACEMENT_3D('',#13673,#13674,#13675);
#13673 = CARTESIAN_POINT('',(11.317876909736,-1.954600395502,19.5));
#13674 = DIRECTION('',(0.,0.,1.));
#13675 = DIRECTION('',(1.110223024625E-16,-1.,0.));
#13676 = ADVANCED_FACE('',(#13677),#13683,.F.);
#13677 = FACE_BOUND('',#13678,.F.);
#13678 = EDGE_LOOP('',(#13679,#13680,#13681,#13682));
#13679 = ORIENTED_EDGE('',*,*,#9406,.F.);
#13680 = ORIENTED_EDGE('',*,*,#9326,.T.);
#13681 = ORIENTED_EDGE('',*,*,#9358,.T.);
#13682 = ORIENTED_EDGE('',*,*,#9381,.F.);
#13683 = PLANE('',#13684);
#13684 = AXIS2_PLACEMENT_3D('',#13685,#13686,#13687);
#13685 = CARTESIAN_POINT('',(10.048575249816,-0.23876189901,19.85));
#13686 = DIRECTION('',(0.,0.,1.));
#13687 = DIRECTION('',(1.110223024625E-16,-1.,0.));
#13688 = ADVANCED_FACE('',(#13689),#13695,.F.);
#13689 = FACE_BOUND('',#13690,.F.);
#13690 = EDGE_LOOP('',(#13691,#13692,#13693,#13694));
#13691 = ORIENTED_EDGE('',*,*,#9502,.F.);
#13692 = ORIENTED_EDGE('',*,*,#9422,.T.);
#13693 = ORIENTED_EDGE('',*,*,#9454,.T.);
#13694 = ORIENTED_EDGE('',*,*,#9477,.F.);
#13695 = PLANE('',#13696);
#13696 = AXIS2_PLACEMENT_3D('',#13697,#13698,#13699);
#13697 = CARTESIAN_POINT('',(13.07885166531,3.222679028851,17.4));
#13698 = DIRECTION('',(0.,0.,1.));
#13699 = DIRECTION('',(1.110223024625E-16,-1.,0.));
#13700 = ADVANCED_FACE('',(#13701),#13707,.F.);
#13701 = FACE_BOUND('',#13702,.F.);
#13702 = EDGE_LOOP('',(#13703,#13704,#13705,#13706));
#13703 = ORIENTED_EDGE('',*,*,#9598,.F.);
#13704 = ORIENTED_EDGE('',*,*,#9518,.T.);
#13705 = ORIENTED_EDGE('',*,*,#9550,.T.);
#13706 = ORIENTED_EDGE('',*,*,#9573,.F.);
#13707 = PLANE('',#13708);
#13708 = AXIS2_PLACEMENT_3D('',#13709,#13710,#13711);
#13709 = CARTESIAN_POINT('',(-16.93943433463,3.735463978032,19.));
#13710 = DIRECTION('',(0.,0.,1.));
#13711 = DIRECTION('',(-1.,-1.224646799147E-16,0.));
#13712 = ADVANCED_FACE('',(#13713),#13719,.F.);
#13713 = FACE_BOUND('',#13714,.F.);
#13714 = EDGE_LOOP('',(#13715,#13716,#13717,#13718));
#13715 = ORIENTED_EDGE('',*,*,#9694,.F.);
#13716 = ORIENTED_EDGE('',*,*,#9614,.T.);
#13717 = ORIENTED_EDGE('',*,*,#9646,.T.);
#13718 = ORIENTED_EDGE('',*,*,#9669,.F.);
#13719 = PLANE('',#13720);
#13720 = AXIS2_PLACEMENT_3D('',#13721,#13722,#13723);
#13721 = CARTESIAN_POINT('',(-11.75963186362,2.715653353816,19.));
#13722 = DIRECTION('',(0.,0.,1.));
#13723 = DIRECTION('',(-1.,-1.224646799147E-16,0.));
#13724 = ADVANCED_FACE('',(#13725),#13731,.F.);
#13725 = FACE_BOUND('',#13726,.F.);
#13726 = EDGE_LOOP('',(#13727,#13728,#13729,#13730));
#13727 = ORIENTED_EDGE('',*,*,#9790,.F.);
#13728 = ORIENTED_EDGE('',*,*,#9710,.T.);
#13729 = ORIENTED_EDGE('',*,*,#9742,.T.);
#13730 = ORIENTED_EDGE('',*,*,#9765,.F.);
#13731 = PLANE('',#13732);
#13732 = AXIS2_PLACEMENT_3D('',#13733,#13734,#13735);
#13733 = CARTESIAN_POINT('',(-10.96549286294,1.491530471783,19.85));
#13734 = DIRECTION('',(0.,0.,1.));
#13735 = DIRECTION('',(1.110223024625E-16,-1.,0.));
#13736 = ADVANCED_FACE('',(#13737),#13743,.F.);
#13737 = FACE_BOUND('',#13738,.F.);
#13738 = EDGE_LOOP('',(#13739,#13740,#13741,#13742));
#13739 = ORIENTED_EDGE('',*,*,#9886,.F.);
#13740 = ORIENTED_EDGE('',*,*,#9806,.T.);
#13741 = ORIENTED_EDGE('',*,*,#9838,.T.);
#13742 = ORIENTED_EDGE('',*,*,#9861,.F.);
#13743 = PLANE('',#13744);
#13744 = AXIS2_PLACEMENT_3D('',#13745,#13746,#13747);
#13745 = CARTESIAN_POINT('',(-16.97188183746,5.006574769993,19.85));
#13746 = DIRECTION('',(0.,0.,1.));
#13747 = DIRECTION('',(-2.22044604925E-16,1.,0.));
#13748 = ADVANCED_FACE('',(#13749),#13755,.F.);
#13749 = FACE_BOUND('',#13750,.F.);
#13750 = EDGE_LOOP('',(#13751,#13752,#13753,#13754));
#13751 = ORIENTED_EDGE('',*,*,#9982,.F.);
#13752 = ORIENTED_EDGE('',*,*,#9902,.T.);
#13753 = ORIENTED_EDGE('',*,*,#9934,.T.);
#13754 = ORIENTED_EDGE('',*,*,#9957,.F.);
#13755 = PLANE('',#13756);
#13756 = AXIS2_PLACEMENT_3D('',#13757,#13758,#13759);
#13757 = CARTESIAN_POINT('',(-6.641297624504,2.185930063812,19.5));
#13758 = DIRECTION('',(0.,0.,1.));
#13759 = DIRECTION('',(1.110223024625E-16,-1.,0.));
#13760 = ADVANCED_FACE('',(#13761),#13767,.F.);
#13761 = FACE_BOUND('',#13762,.F.);
#13762 = EDGE_LOOP('',(#13763,#13764,#13765,#13766));
#13763 = ORIENTED_EDGE('',*,*,#10078,.F.);
#13764 = ORIENTED_EDGE('',*,*,#9998,.T.);
#13765 = ORIENTED_EDGE('',*,*,#10030,.T.);
#13766 = ORIENTED_EDGE('',*,*,#10053,.F.);
#13767 = PLANE('',#13768);
#13768 = AXIS2_PLACEMENT_3D('',#13769,#13770,#13771);
#13769 = CARTESIAN_POINT('',(-7.191345760015,1.106026898728,19.85));
#13770 = DIRECTION('',(0.,0.,1.));
#13771 = DIRECTION('',(-2.22044604925E-16,1.,0.));
#13772 = ADVANCED_FACE('',(#13773),#13779,.F.);
#13773 = FACE_BOUND('',#13774,.F.);
#13774 = EDGE_LOOP('',(#13775,#13776,#13777,#13778));
#13775 = ORIENTED_EDGE('',*,*,#10174,.F.);
#13776 = ORIENTED_EDGE('',*,*,#10094,.T.);
#13777 = ORIENTED_EDGE('',*,*,#10126,.T.);
#13778 = ORIENTED_EDGE('',*,*,#10149,.F.);
#13779 = PLANE('',#13780);
#13780 = AXIS2_PLACEMENT_3D('',#13781,#13782,#13783);
#13781 = CARTESIAN_POINT('',(-4.957769016699,3.336206288068,19.85));
#13782 = DIRECTION('',(0.,0.,1.));
#13783 = DIRECTION('',(-1.,-1.224646799147E-16,0.));
#13784 = ADVANCED_FACE('',(#13785),#13791,.F.);
#13785 = FACE_BOUND('',#13786,.F.);
#13786 = EDGE_LOOP('',(#13787,#13788,#13789,#13790));
#13787 = ORIENTED_EDGE('',*,*,#10270,.F.);
#13788 = ORIENTED_EDGE('',*,*,#10190,.T.);
#13789 = ORIENTED_EDGE('',*,*,#10222,.T.);
#13790 = ORIENTED_EDGE('',*,*,#10245,.F.);
#13791 = PLANE('',#13792);
#13792 = AXIS2_PLACEMENT_3D('',#13793,#13794,#13795);
#13793 = CARTESIAN_POINT('',(-3.913297624504,-5.856993618807E-02,19.85)
  );
#13794 = DIRECTION('',(0.,0.,1.));
#13795 = DIRECTION('',(1.,0.,0.));
#13796 = ADVANCED_FACE('',(#13797),#13803,.F.);
#13797 = FACE_BOUND('',#13798,.F.);
#13798 = EDGE_LOOP('',(#13799,#13800,#13801,#13802));
#13799 = ORIENTED_EDGE('',*,*,#10366,.F.);
#13800 = ORIENTED_EDGE('',*,*,#10286,.T.);
#13801 = ORIENTED_EDGE('',*,*,#10318,.T.);
#13802 = ORIENTED_EDGE('',*,*,#10341,.F.);
#13803 = PLANE('',#13804);
#13804 = AXIS2_PLACEMENT_3D('',#13805,#13806,#13807);
#13805 = CARTESIAN_POINT('',(-2.024031902044,1.742343654191,19.85));
#13806 = DIRECTION('',(0.,0.,1.));
#13807 = DIRECTION('',(-1.,-1.224646799147E-16,0.));
#13808 = ADVANCED_FACE('',(#13809),#13815,.F.);
#13809 = FACE_BOUND('',#13810,.F.);
#13810 = EDGE_LOOP('',(#13811,#13812,#13813,#13814));
#13811 = ORIENTED_EDGE('',*,*,#10462,.F.);
#13812 = ORIENTED_EDGE('',*,*,#10382,.T.);
#13813 = ORIENTED_EDGE('',*,*,#10414,.T.);
#13814 = ORIENTED_EDGE('',*,*,#10437,.F.);
#13815 = PLANE('',#13816);
#13816 = AXIS2_PLACEMENT_3D('',#13817,#13818,#13819);
#13817 = CARTESIAN_POINT('',(-3.641131007849,2.344313044683,19.85));
#13818 = DIRECTION('',(0.,0.,1.));
#13819 = DIRECTION('',(1.,0.,0.));
#13820 = ADVANCED_FACE('',(#13821),#13827,.F.);
#13821 = FACE_BOUND('',#13822,.F.);
#13822 = EDGE_LOOP('',(#13823,#13824,#13825,#13826));
#13823 = ORIENTED_EDGE('',*,*,#10558,.F.);
#13824 = ORIENTED_EDGE('',*,*,#10478,.T.);
#13825 = ORIENTED_EDGE('',*,*,#10510,.T.);
#13826 = ORIENTED_EDGE('',*,*,#10533,.F.);
#13827 = PLANE('',#13828);
#13828 = AXIS2_PLACEMENT_3D('',#13829,#13830,#13831);
#13829 = CARTESIAN_POINT('',(-7.469297624504,7.780430063812,19.85));
#13830 = DIRECTION('',(0.,0.,1.));
#13831 = DIRECTION('',(1.110223024625E-16,-1.,0.));
#13832 = ADVANCED_FACE('',(#13833),#13839,.F.);
#13833 = FACE_BOUND('',#13834,.F.);
#13834 = EDGE_LOOP('',(#13835,#13836,#13837,#13838));
#13835 = ORIENTED_EDGE('',*,*,#10654,.F.);
#13836 = ORIENTED_EDGE('',*,*,#10574,.T.);
#13837 = ORIENTED_EDGE('',*,*,#10606,.T.);
#13838 = ORIENTED_EDGE('',*,*,#10629,.F.);
#13839 = PLANE('',#13840);
#13840 = AXIS2_PLACEMENT_3D('',#13841,#13842,#13843);
#13841 = CARTESIAN_POINT('',(-3.888848287243,4.382182920677,19.85));
#13842 = DIRECTION('',(0.,0.,1.));
#13843 = DIRECTION('',(1.,0.,0.));
#13844 = ADVANCED_FACE('',(#13845),#13851,.F.);
#13845 = FACE_BOUND('',#13846,.F.);
#13846 = EDGE_LOOP('',(#13847,#13848,#13849,#13850));
#13847 = ORIENTED_EDGE('',*,*,#10750,.F.);
#13848 = ORIENTED_EDGE('',*,*,#10670,.T.);
#13849 = ORIENTED_EDGE('',*,*,#10702,.T.);
#13850 = ORIENTED_EDGE('',*,*,#10725,.F.);
#13851 = PLANE('',#13852);
#13852 = AXIS2_PLACEMENT_3D('',#13853,#13854,#13855);
#13853 = CARTESIAN_POINT('',(-3.893657265528,7.018762377457,19.85));
#13854 = DIRECTION('',(0.,0.,1.));
#13855 = DIRECTION('',(1.,0.,0.));
#13856 = ADVANCED_FACE('',(#13857),#13863,.F.);
#13857 = FACE_BOUND('',#13858,.F.);
#13858 = EDGE_LOOP('',(#13859,#13860,#13861,#13862));
#13859 = ORIENTED_EDGE('',*,*,#10846,.F.);
#13860 = ORIENTED_EDGE('',*,*,#10766,.T.);
#13861 = ORIENTED_EDGE('',*,*,#10798,.T.);
#13862 = ORIENTED_EDGE('',*,*,#10821,.F.);
#13863 = PLANE('',#13864);
#13864 = AXIS2_PLACEMENT_3D('',#13865,#13866,#13867);
#13865 = CARTESIAN_POINT('',(-11.78841937245,14.333276953511,19.4));
#13866 = DIRECTION('',(0.,0.,1.));
#13867 = DIRECTION('',(-1.,-1.224646799147E-16,0.));
#13868 = ADVANCED_FACE('',(#13869),#13875,.F.);
#13869 = FACE_BOUND('',#13870,.F.);
#13870 = EDGE_LOOP('',(#13871,#13872,#13873,#13874));
#13871 = ORIENTED_EDGE('',*,*,#10942,.F.);
#13872 = ORIENTED_EDGE('',*,*,#10862,.T.);
#13873 = ORIENTED_EDGE('',*,*,#10894,.T.);
#13874 = ORIENTED_EDGE('',*,*,#10917,.F.);
#13875 = PLANE('',#13876);
#13876 = AXIS2_PLACEMENT_3D('',#13877,#13878,#13879);
#13877 = CARTESIAN_POINT('',(-5.296514389518,8.397837891382,19.85));
#13878 = DIRECTION('',(0.,0.,1.));
#13879 = DIRECTION('',(1.,0.,0.));
#13880 = ADVANCED_FACE('',(#13881),#13887,.F.);
#13881 = FACE_BOUND('',#13882,.F.);
#13882 = EDGE_LOOP('',(#13883,#13884,#13885,#13886));
#13883 = ORIENTED_EDGE('',*,*,#11038,.F.);
#13884 = ORIENTED_EDGE('',*,*,#10958,.T.);
#13885 = ORIENTED_EDGE('',*,*,#10990,.T.);
#13886 = ORIENTED_EDGE('',*,*,#11013,.F.);
#13887 = PLANE('',#13888);
#13888 = AXIS2_PLACEMENT_3D('',#13889,#13890,#13891);
#13889 = CARTESIAN_POINT('',(-0.262282310051,17.141171201807,18.5));
#13890 = DIRECTION('',(0.,0.,1.));
#13891 = DIRECTION('',(-1.,-1.224646799147E-16,0.));
#13892 = ADVANCED_FACE('',(#13893),#13899,.F.);
#13893 = FACE_BOUND('',#13894,.F.);
#13894 = EDGE_LOOP('',(#13895,#13896,#13897,#13898));
#13895 = ORIENTED_EDGE('',*,*,#11134,.F.);
#13896 = ORIENTED_EDGE('',*,*,#11054,.T.);
#13897 = ORIENTED_EDGE('',*,*,#11086,.T.);
#13898 = ORIENTED_EDGE('',*,*,#11109,.F.);
#13899 = PLANE('',#13900);
#13900 = AXIS2_PLACEMENT_3D('',#13901,#13902,#13903);
#13901 = CARTESIAN_POINT('',(6.380177375496,-2.703544936188,19.5));
#13902 = DIRECTION('',(0.,0.,1.));
#13903 = DIRECTION('',(-2.22044604925E-16,1.,0.));
#13904 = ADVANCED_FACE('',(#13905),#13911,.F.);
#13905 = FACE_BOUND('',#13906,.F.);
#13906 = EDGE_LOOP('',(#13907,#13908,#13909,#13910));
#13907 = ORIENTED_EDGE('',*,*,#11230,.F.);
#13908 = ORIENTED_EDGE('',*,*,#11150,.T.);
#13909 = ORIENTED_EDGE('',*,*,#11182,.T.);
#13910 = ORIENTED_EDGE('',*,*,#11205,.F.);
#13911 = PLANE('',#13912);
#13912 = AXIS2_PLACEMENT_3D('',#13913,#13914,#13915);
#13913 = CARTESIAN_POINT('',(7.582974331405,0.717593506745,19.85));
#13914 = DIRECTION('',(0.,0.,1.));
#13915 = DIRECTION('',(1.,0.,0.));
#13916 = ADVANCED_FACE('',(#13917),#13923,.F.);
#13917 = FACE_BOUND('',#13918,.F.);
#13918 = EDGE_LOOP('',(#13919,#13920,#13921,#13922));
#13919 = ORIENTED_EDGE('',*,*,#11326,.F.);
#13920 = ORIENTED_EDGE('',*,*,#11246,.T.);
#13921 = ORIENTED_EDGE('',*,*,#11278,.T.);
#13922 = ORIENTED_EDGE('',*,*,#11301,.F.);
#13923 = PLANE('',#13924);
#13924 = AXIS2_PLACEMENT_3D('',#13925,#13926,#13927);
#13925 = CARTESIAN_POINT('',(9.268428674672,2.517699133763,19.85));
#13926 = DIRECTION('',(0.,0.,1.));
#13927 = DIRECTION('',(-1.,-1.224646799147E-16,0.));
#13928 = ADVANCED_FACE('',(#13929),#13935,.F.);
#13929 = FACE_BOUND('',#13930,.F.);
#13930 = EDGE_LOOP('',(#13931,#13932,#13933,#13934));
#13931 = ORIENTED_EDGE('',*,*,#11422,.F.);
#13932 = ORIENTED_EDGE('',*,*,#11342,.T.);
#13933 = ORIENTED_EDGE('',*,*,#11374,.T.);
#13934 = ORIENTED_EDGE('',*,*,#11397,.F.);
#13935 = PLANE('',#13936);
#13936 = AXIS2_PLACEMENT_3D('',#13937,#13938,#13939);
#13937 = CARTESIAN_POINT('',(7.655328867513,3.11800412493,19.85));
#13938 = DIRECTION('',(0.,0.,1.));
#13939 = DIRECTION('',(1.,0.,0.));
#13940 = ADVANCED_FACE('',(#13941),#13947,.F.);
#13941 = FACE_BOUND('',#13942,.F.);
#13942 = EDGE_LOOP('',(#13943,#13944,#13945,#13946));
#13943 = ORIENTED_EDGE('',*,*,#11518,.F.);
#13944 = ORIENTED_EDGE('',*,*,#11438,.T.);
#13945 = ORIENTED_EDGE('',*,*,#11470,.T.);
#13946 = ORIENTED_EDGE('',*,*,#11493,.F.);
#13947 = PLANE('',#13948);
#13948 = AXIS2_PLACEMENT_3D('',#13949,#13950,#13951);
#13949 = CARTESIAN_POINT('',(3.80075866691,7.254437634348,19.85));
#13950 = DIRECTION('',(0.,0.,1.));
#13951 = DIRECTION('',(-1.,-1.224646799147E-16,0.));
#13952 = ADVANCED_FACE('',(#13953),#13959,.F.);
#13953 = FACE_BOUND('',#13954,.F.);
#13954 = EDGE_LOOP('',(#13955,#13956,#13957,#13958));
#13955 = ORIENTED_EDGE('',*,*,#11614,.F.);
#13956 = ORIENTED_EDGE('',*,*,#11534,.T.);
#13957 = ORIENTED_EDGE('',*,*,#11566,.T.);
#13958 = ORIENTED_EDGE('',*,*,#11589,.F.);
#13959 = PLANE('',#13960);
#13960 = AXIS2_PLACEMENT_3D('',#13961,#13962,#13963);
#13961 = CARTESIAN_POINT('',(6.886268108622,4.31809858999,19.85));
#13962 = DIRECTION('',(0.,0.,1.));
#13963 = DIRECTION('',(1.,0.,0.));
#13964 = ADVANCED_FACE('',(#13965),#13971,.F.);
#13965 = FACE_BOUND('',#13966,.F.);
#13966 = EDGE_LOOP('',(#13967,#13968,#13969,#13970));
#13967 = ORIENTED_EDGE('',*,*,#11710,.F.);
#13968 = ORIENTED_EDGE('',*,*,#11630,.T.);
#13969 = ORIENTED_EDGE('',*,*,#11662,.T.);
#13970 = ORIENTED_EDGE('',*,*,#11685,.F.);
#13971 = PLANE('',#13972);
#13972 = AXIS2_PLACEMENT_3D('',#13973,#13974,#13975);
#13973 = CARTESIAN_POINT('',(11.222772780377,5.04178993596,17.4));
#13974 = DIRECTION('',(0.,0.,1.));
#13975 = DIRECTION('',(1.,0.,0.));
#13976 = ADVANCED_FACE('',(#13977),#13983,.F.);
#13977 = FACE_BOUND('',#13978,.F.);
#13978 = EDGE_LOOP('',(#13979,#13980,#13981,#13982));
#13979 = ORIENTED_EDGE('',*,*,#11806,.F.);
#13980 = ORIENTED_EDGE('',*,*,#11726,.T.);
#13981 = ORIENTED_EDGE('',*,*,#11758,.T.);
#13982 = ORIENTED_EDGE('',*,*,#11781,.F.);
#13983 = PLANE('',#13984);
#13984 = AXIS2_PLACEMENT_3D('',#13985,#13986,#13987);
#13985 = CARTESIAN_POINT('',(5.94709245455,8.628504481227,19.85));
#13986 = DIRECTION('',(0.,0.,1.));
#13987 = DIRECTION('',(-2.22044604925E-16,1.,0.));
#13988 = ADVANCED_FACE('',(#13989),#13995,.F.);
#13989 = FACE_BOUND('',#13990,.F.);
#13990 = EDGE_LOOP('',(#13991,#13992,#13993,#13994));
#13991 = ORIENTED_EDGE('',*,*,#11902,.F.);
#13992 = ORIENTED_EDGE('',*,*,#11822,.T.);
#13993 = ORIENTED_EDGE('',*,*,#11854,.T.);
#13994 = ORIENTED_EDGE('',*,*,#11877,.F.);
#13995 = PLANE('',#13996);
#13996 = AXIS2_PLACEMENT_3D('',#13997,#13998,#13999);
#13997 = CARTESIAN_POINT('',(8.425108123729,10.417864324752,19.85));
#13998 = DIRECTION('',(0.,0.,1.));
#13999 = DIRECTION('',(-1.,-1.224646799147E-16,0.));
#14000 = ADVANCED_FACE('',(#14001),#14007,.F.);
#14001 = FACE_BOUND('',#14002,.F.);
#14002 = EDGE_LOOP('',(#14003,#14004,#14005,#14006));
#14003 = ORIENTED_EDGE('',*,*,#11998,.F.);
#14004 = ORIENTED_EDGE('',*,*,#11918,.T.);
#14005 = ORIENTED_EDGE('',*,*,#11950,.T.);
#14006 = ORIENTED_EDGE('',*,*,#11973,.F.);
#14007 = PLANE('',#14008);
#14008 = AXIS2_PLACEMENT_3D('',#14009,#14010,#14011);
#14009 = CARTESIAN_POINT('',(8.352905594188,11.658564724285,19.5));
#14010 = DIRECTION('',(0.,0.,1.));
#14011 = DIRECTION('',(-2.22044604925E-16,1.,0.));
#14012 = ADVANCED_FACE('',(#14013),#14019,.F.);
#14013 = FACE_BOUND('',#14014,.F.);
#14014 = EDGE_LOOP('',(#14015,#14016,#14017,#14018));
#14015 = ORIENTED_EDGE('',*,*,#12094,.F.);
#14016 = ORIENTED_EDGE('',*,*,#12014,.T.);
#14017 = ORIENTED_EDGE('',*,*,#12046,.T.);
#14018 = ORIENTED_EDGE('',*,*,#12069,.F.);
#14019 = PLANE('',#14020);
#14020 = AXIS2_PLACEMENT_3D('',#14021,#14022,#14023);
#14021 = CARTESIAN_POINT('',(8.855036986615,11.595130481892,19.85));
#14022 = DIRECTION('',(0.,0.,1.));
#14023 = DIRECTION('',(1.,0.,0.));
#14024 = ADVANCED_FACE('',(#14025),#14031,.F.);
#14025 = FACE_BOUND('',#14026,.F.);
#14026 = EDGE_LOOP('',(#14027,#14028,#14029,#14030));
#14027 = ORIENTED_EDGE('',*,*,#12190,.F.);
#14028 = ORIENTED_EDGE('',*,*,#12110,.T.);
#14029 = ORIENTED_EDGE('',*,*,#12142,.T.);
#14030 = ORIENTED_EDGE('',*,*,#12165,.F.);
#14031 = PLANE('',#14032);
#14032 = AXIS2_PLACEMENT_3D('',#14033,#14034,#14035);
#14033 = CARTESIAN_POINT('',(6.545983263463,16.909429888608,19.));
#14034 = DIRECTION('',(0.,0.,1.));
#14035 = DIRECTION('',(-1.,-1.224646799147E-16,0.));
#14036 = ADVANCED_FACE('',(#14037),#14043,.T.);
#14037 = FACE_BOUND('',#14038,.T.);
#14038 = EDGE_LOOP('',(#14039,#14040,#14041,#14042));
#14039 = ORIENTED_EDGE('',*,*,#12322,.F.);
#14040 = ORIENTED_EDGE('',*,*,#12249,.T.);
#14041 = ORIENTED_EDGE('',*,*,#12281,.T.);
#14042 = ORIENTED_EDGE('',*,*,#12304,.F.);
#14043 = PLANE('',#14044);
#14044 = AXIS2_PLACEMENT_3D('',#14045,#14046,#14047);
#14045 = CARTESIAN_POINT('',(5.864753581438,-16.56132796974,24.1));
#14046 = DIRECTION('',(0.,0.,1.));
#14047 = DIRECTION('',(1.,0.,0.));
#14048 = ADVANCED_FACE('',(#14049),#14055,.T.);
#14049 = FACE_BOUND('',#14050,.T.);
#14050 = EDGE_LOOP('',(#14051,#14052,#14053,#14054));
#14051 = ORIENTED_EDGE('',*,*,#12418,.F.);
#14052 = ORIENTED_EDGE('',*,*,#12345,.T.);
#14053 = ORIENTED_EDGE('',*,*,#12377,.T.);
#14054 = ORIENTED_EDGE('',*,*,#12400,.F.);
#14055 = PLANE('',#14056);
#14056 = AXIS2_PLACEMENT_3D('',#14057,#14058,#14059);
#14057 = CARTESIAN_POINT('',(9.776753581438,-15.56132796974,22.75));
#14058 = DIRECTION('',(0.,0.,1.));
#14059 = DIRECTION('',(1.,0.,0.));
#14060 = ADVANCED_FACE('',(#14061),#14067,.T.);
#14061 = FACE_BOUND('',#14062,.T.);
#14062 = EDGE_LOOP('',(#14063,#14064,#14065,#14066));
#14063 = ORIENTED_EDGE('',*,*,#12514,.F.);
#14064 = ORIENTED_EDGE('',*,*,#12441,.T.);
#14065 = ORIENTED_EDGE('',*,*,#12473,.T.);
#14066 = ORIENTED_EDGE('',*,*,#12496,.F.);
#14067 = PLANE('',#14068);
#14068 = AXIS2_PLACEMENT_3D('',#14069,#14070,#14071);
#14069 = CARTESIAN_POINT('',(7.864044581438,-14.31132796974,23.1));
#14070 = DIRECTION('',(0.,0.,1.));
#14071 = DIRECTION('',(1.,0.,0.));
#14072 = ADVANCED_FACE('',(#14073),#14079,.T.);
#14073 = FACE_BOUND('',#14074,.T.);
#14074 = EDGE_LOOP('',(#14075,#14076,#14077,#14078));
#14075 = ORIENTED_EDGE('',*,*,#12610,.F.);
#14076 = ORIENTED_EDGE('',*,*,#12537,.T.);
#14077 = ORIENTED_EDGE('',*,*,#12569,.T.);
#14078 = ORIENTED_EDGE('',*,*,#12592,.F.);
#14079 = PLANE('',#14080);
#14080 = AXIS2_PLACEMENT_3D('',#14081,#14082,#14083);
#14081 = CARTESIAN_POINT('',(6.234753581438,-10.90332796974,22.75));
#14082 = DIRECTION('',(0.,0.,1.));
#14083 = DIRECTION('',(1.110223024625E-16,-1.,0.));
#14084 = ADVANCED_FACE('',(#14085),#14091,.T.);
#14085 = FACE_BOUND('',#14086,.T.);
#14086 = EDGE_LOOP('',(#14087,#14088,#14089,#14090));
#14087 = ORIENTED_EDGE('',*,*,#12706,.F.);
#14088 = ORIENTED_EDGE('',*,*,#12633,.T.);
#14089 = ORIENTED_EDGE('',*,*,#12665,.T.);
#14090 = ORIENTED_EDGE('',*,*,#12688,.F.);
#14091 = PLANE('',#14092);
#14092 = AXIS2_PLACEMENT_3D('',#14093,#14094,#14095);
#14093 = CARTESIAN_POINT('',(-7.437351136463,10.250738954606,24.1));
#14094 = DIRECTION('',(0.,0.,1.));
#14095 = DIRECTION('',(1.,0.,0.));
#14096 = ADVANCED_FACE('',(#14097),#14103,.T.);
#14097 = FACE_BOUND('',#14098,.T.);
#14098 = EDGE_LOOP('',(#14099,#14100,#14101,#14102));
#14099 = ORIENTED_EDGE('',*,*,#12802,.F.);
#14100 = ORIENTED_EDGE('',*,*,#12729,.T.);
#14101 = ORIENTED_EDGE('',*,*,#12761,.T.);
#14102 = ORIENTED_EDGE('',*,*,#12784,.F.);
#14103 = PLANE('',#14104);
#14104 = AXIS2_PLACEMENT_3D('',#14105,#14106,#14107);
#14105 = CARTESIAN_POINT('',(-8.109351136463,17.914738954606,27.1));
#14106 = DIRECTION('',(0.,0.,1.));
#14107 = DIRECTION('',(1.110223024625E-16,-1.,0.));
#14108 = ADVANCED_FACE('',(#14109),#14115,.T.);
#14109 = FACE_BOUND('',#14110,.T.);
#14110 = EDGE_LOOP('',(#14111,#14112,#14113,#14114));
#14111 = ORIENTED_EDGE('',*,*,#12898,.F.);
#14112 = ORIENTED_EDGE('',*,*,#12825,.T.);
#14113 = ORIENTED_EDGE('',*,*,#12857,.T.);
#14114 = ORIENTED_EDGE('',*,*,#12880,.F.);
#14115 = PLANE('',#14116);
#14116 = AXIS2_PLACEMENT_3D('',#14117,#14118,#14119);
#14117 = CARTESIAN_POINT('',(0.782648863537,11.776138954606,24.1));
#14118 = DIRECTION('',(0.,0.,1.));
#14119 = DIRECTION('',(-1.,-1.224646799147E-16,0.));
#14120 = ADVANCED_FACE('',(#14121),#14127,.T.);
#14121 = FACE_BOUND('',#14122,.T.);
#14122 = EDGE_LOOP('',(#14123,#14124,#14125,#14126));
#14123 = ORIENTED_EDGE('',*,*,#12994,.F.);
#14124 = ORIENTED_EDGE('',*,*,#12921,.T.);
#14125 = ORIENTED_EDGE('',*,*,#12953,.T.);
#14126 = ORIENTED_EDGE('',*,*,#12976,.F.);
#14127 = PLANE('',#14128);
#14128 = AXIS2_PLACEMENT_3D('',#14129,#14130,#14131);
#14129 = CARTESIAN_POINT('',(0.782648863537,13.655738954606,24.1));
#14130 = DIRECTION('',(0.,0.,1.));
#14131 = DIRECTION('',(-1.,-1.224646799147E-16,0.));
#14132 = ADVANCED_FACE('',(#14133),#14139,.T.);
#14133 = FACE_BOUND('',#14134,.T.);
#14134 = EDGE_LOOP('',(#14135,#14136,#14137,#14138));
#14135 = ORIENTED_EDGE('',*,*,#13090,.F.);
#14136 = ORIENTED_EDGE('',*,*,#13017,.T.);
#14137 = ORIENTED_EDGE('',*,*,#13049,.T.);
#14138 = ORIENTED_EDGE('',*,*,#13072,.F.);
#14139 = PLANE('',#14140);
#14140 = AXIS2_PLACEMENT_3D('',#14141,#14142,#14143);
#14141 = CARTESIAN_POINT('',(-1.968351136463,16.024738954606,22.75));
#14142 = DIRECTION('',(0.,0.,1.));
#14143 = DIRECTION('',(1.110223024625E-16,-1.,0.));
#14144 = ADVANCED_FACE('',(#14145),#14151,.T.);
#14145 = FACE_BOUND('',#14146,.T.);
#14146 = EDGE_LOOP('',(#14147,#14148,#14149,#14150));
#14147 = ORIENTED_EDGE('',*,*,#13186,.F.);
#14148 = ORIENTED_EDGE('',*,*,#13113,.T.);
#14149 = ORIENTED_EDGE('',*,*,#13145,.T.);
#14150 = ORIENTED_EDGE('',*,*,#13168,.F.);
#14151 = PLANE('',#14152);
#14152 = AXIS2_PLACEMENT_3D('',#14153,#14154,#14155);
#14153 = CARTESIAN_POINT('',(0.909648863537,14.485338954606,22.75));
#14154 = DIRECTION('',(0.,0.,1.));
#14155 = DIRECTION('',(-2.22044604925E-16,1.,0.));
#14156 = ADVANCED_FACE('',(#14157),#14163,.T.);
#14157 = FACE_BOUND('',#14158,.T.);
#14158 = EDGE_LOOP('',(#14159,#14160,#14161,#14162));
#14159 = ORIENTED_EDGE('',*,*,#13282,.F.);
#14160 = ORIENTED_EDGE('',*,*,#13209,.T.);
#14161 = ORIENTED_EDGE('',*,*,#13241,.T.);
#14162 = ORIENTED_EDGE('',*,*,#13264,.F.);
#14163 = PLANE('',#14164);
#14164 = AXIS2_PLACEMENT_3D('',#14165,#14166,#14167);
#14165 = CARTESIAN_POINT('',(0.909648863537,17.558738954606,22.75));
#14166 = DIRECTION('',(0.,0.,1.));
#14167 = DIRECTION('',(-2.22044604925E-16,1.,0.));
#14168 = MANIFOLD_SOLID_BREP('',#14169);
#14169 = CLOSED_SHELL('',(#14170,#14203,#14223,#14232,#14257));
#14170 = ADVANCED_FACE('',(#14171),#14198,.T.);
#14171 = FACE_BOUND('',#14172,.T.);
#14172 = EDGE_LOOP('',(#14173,#14182,#14190,#14197));
#14173 = ORIENTED_EDGE('',*,*,#14174,.F.);
#14174 = EDGE_CURVE('',#14175,#14175,#14177,.T.);
#14175 = VERTEX_POINT('',#14176);
#14176 = CARTESIAN_POINT('',(13.141241190865,19.061748669659,11.5));
#14177 = CIRCLE('',#14178,1.);
#14178 = AXIS2_PLACEMENT_3D('',#14179,#14180,#14181);
#14179 = CARTESIAN_POINT('',(12.141241190865,19.061748669659,11.5));
#14180 = DIRECTION('',(0.,0.,1.));
#14181 = DIRECTION('',(1.,0.,-0.));
#14182 = ORIENTED_EDGE('',*,*,#14183,.F.);
#14183 = EDGE_CURVE('',#14184,#14175,#14186,.T.);
#14184 = VERTEX_POINT('',#14185);
#14185 = CARTESIAN_POINT('',(13.141241190865,19.061748669659,3.5));
#14186 = LINE('',#14187,#14188);
#14187 = CARTESIAN_POINT('',(13.141241190865,19.061748669659,3.5));
#14188 = VECTOR('',#14189,1.);
#14189 = DIRECTION('',(0.,0.,1.));
#14190 = ORIENTED_EDGE('',*,*,#14191,.T.);
#14191 = EDGE_CURVE('',#14184,#14184,#14192,.T.);
#14192 = CIRCLE('',#14193,1.);
#14193 = AXIS2_PLACEMENT_3D('',#14194,#14195,#14196);
#14194 = CARTESIAN_POINT('',(12.141241190865,19.061748669659,3.5));
#14195 = DIRECTION('',(0.,0.,1.));
#14196 = DIRECTION('',(1.,0.,-0.));
#14197 = ORIENTED_EDGE('',*,*,#14183,.T.);
#14198 = CYLINDRICAL_SURFACE('',#14199,1.);
#14199 = AXIS2_PLACEMENT_3D('',#14200,#14201,#14202);
#14200 = CARTESIAN_POINT('',(12.141241190865,19.061748669659,3.5));
#14201 = DIRECTION('',(0.,0.,1.));
#14202 = DIRECTION('',(1.,0.,-0.));
#14203 = ADVANCED_FACE('',(#14204,#14215),#14218,.F.);
#14204 = FACE_BOUND('',#14205,.F.);
#14205 = EDGE_LOOP('',(#14206));
#14206 = ORIENTED_EDGE('',*,*,#14207,.T.);
#14207 = EDGE_CURVE('',#14208,#14208,#14210,.T.);
#14208 = VERTEX_POINT('',#14209);
#14209 = CARTESIAN_POINT('',(14.041241190865,19.061748669659,11.5));
#14210 = CIRCLE('',#14211,1.9);
#14211 = AXIS2_PLACEMENT_3D('',#14212,#14213,#14214);
#14212 = CARTESIAN_POINT('',(12.141241190865,19.061748669659,11.5));
#14213 = DIRECTION('',(0.,0.,1.));
#14214 = DIRECTION('',(1.,0.,-0.));
#14215 = FACE_BOUND('',#14216,.F.);
#14216 = EDGE_LOOP('',(#14217));
#14217 = ORIENTED_EDGE('',*,*,#14174,.F.);
#14218 = PLANE('',#14219);
#14219 = AXIS2_PLACEMENT_3D('',#14220,#14221,#14222);
#14220 = CARTESIAN_POINT('',(12.141241190865,19.061748669659,11.5));
#14221 = DIRECTION('',(0.,0.,1.));
#14222 = DIRECTION('',(1.,0.,-0.));
#14223 = ADVANCED_FACE('',(#14224),#14227,.F.);
#14224 = FACE_BOUND('',#14225,.T.);
#14225 = EDGE_LOOP('',(#14226));
#14226 = ORIENTED_EDGE('',*,*,#14191,.F.);
#14227 = PLANE('',#14228);
#14228 = AXIS2_PLACEMENT_3D('',#14229,#14230,#14231);
#14229 = CARTESIAN_POINT('',(12.141241190865,19.061748669659,3.5));
#14230 = DIRECTION('',(0.,0.,1.));
#14231 = DIRECTION('',(1.,0.,-0.));
#14232 = ADVANCED_FACE('',(#14233),#14252,.T.);
#14233 = FACE_BOUND('',#14234,.T.);
#14234 = EDGE_LOOP('',(#14235,#14244,#14250,#14251));
#14235 = ORIENTED_EDGE('',*,*,#14236,.F.);
#14236 = EDGE_CURVE('',#14237,#14237,#14239,.T.);
#14237 = VERTEX_POINT('',#14238);
#14238 = CARTESIAN_POINT('',(14.041241190865,19.061748669659,13.5));
#14239 = CIRCLE('',#14240,1.9);
#14240 = AXIS2_PLACEMENT_3D('',#14241,#14242,#14243);
#14241 = CARTESIAN_POINT('',(12.141241190865,19.061748669659,13.5));
#14242 = DIRECTION('',(0.,0.,1.));
#14243 = DIRECTION('',(1.,0.,-0.));
#14244 = ORIENTED_EDGE('',*,*,#14245,.F.);
#14245 = EDGE_CURVE('',#14208,#14237,#14246,.T.);
#14246 = LINE('',#14247,#14248);
#14247 = CARTESIAN_POINT('',(14.041241190865,19.061748669659,11.5));
#14248 = VECTOR('',#14249,1.);
#14249 = DIRECTION('',(0.,0.,1.));
#14250 = ORIENTED_EDGE('',*,*,#14207,.T.);
#14251 = ORIENTED_EDGE('',*,*,#14245,.T.);
#14252 = CYLINDRICAL_SURFACE('',#14253,1.9);
#14253 = AXIS2_PLACEMENT_3D('',#14254,#14255,#14256);
#14254 = CARTESIAN_POINT('',(12.141241190865,19.061748669659,11.5));
#14255 = DIRECTION('',(0.,0.,1.));
#14256 = DIRECTION('',(1.,0.,-0.));
#14257 = ADVANCED_FACE('',(#14258),#14261,.T.);
#14258 = FACE_BOUND('',#14259,.T.);
#14259 = EDGE_LOOP('',(#14260));
#14260 = ORIENTED_EDGE('',*,*,#14236,.T.);
#14261 = PLANE('',#14262);
#14262 = AXIS2_PLACEMENT_3D('',#14263,#14264,#14265);
#14263 = CARTESIAN_POINT('',(12.141241190865,19.061748669659,13.5));
#14264 = DIRECTION('',(0.,0.,1.));
#14265 = DIRECTION('',(1.,0.,-0.));
#14266 = MANIFOLD_SOLID_BREP('',#14267);
#14267 = CLOSED_SHELL('',(#14268,#14301,#14321,#14341));
#14268 = ADVANCED_FACE('',(#14269),#14296,.T.);
#14269 = FACE_BOUND('',#14270,.T.);
#14270 = EDGE_LOOP('',(#14271,#14280,#14288,#14295));
#14271 = ORIENTED_EDGE('',*,*,#14272,.F.);
#14272 = EDGE_CURVE('',#14273,#14273,#14275,.T.);
#14273 = VERTEX_POINT('',#14274);
#14274 = CARTESIAN_POINT('',(13.641241190865,19.061748669659,9.));
#14275 = CIRCLE('',#14276,1.5);
#14276 = AXIS2_PLACEMENT_3D('',#14277,#14278,#14279);
#14277 = CARTESIAN_POINT('',(12.141241190865,19.061748669659,9.));
#14278 = DIRECTION('',(0.,0.,1.));
#14279 = DIRECTION('',(1.,0.,-0.));
#14280 = ORIENTED_EDGE('',*,*,#14281,.F.);
#14281 = EDGE_CURVE('',#14282,#14273,#14284,.T.);
#14282 = VERTEX_POINT('',#14283);
#14283 = CARTESIAN_POINT('',(13.641241190865,19.061748669659,5.));
#14284 = LINE('',#14285,#14286);
#14285 = CARTESIAN_POINT('',(13.641241190865,19.061748669659,5.));
#14286 = VECTOR('',#14287,1.);
#14287 = DIRECTION('',(0.,0.,1.));
#14288 = ORIENTED_EDGE('',*,*,#14289,.T.);
#14289 = EDGE_CURVE('',#14282,#14282,#14290,.T.);
#14290 = CIRCLE('',#14291,1.5);
#14291 = AXIS2_PLACEMENT_3D('',#14292,#14293,#14294);
#14292 = CARTESIAN_POINT('',(12.141241190865,19.061748669659,5.));
#14293 = DIRECTION('',(0.,0.,1.));
#14294 = DIRECTION('',(1.,0.,-0.));
#14295 = ORIENTED_EDGE('',*,*,#14281,.T.);
#14296 = CYLINDRICAL_SURFACE('',#14297,1.5);
#14297 = AXIS2_PLACEMENT_3D('',#14298,#14299,#14300);
#14298 = CARTESIAN_POINT('',(12.141241190865,19.061748669659,5.));
#14299 = DIRECTION('',(0.,0.,1.));
#14300 = DIRECTION('',(1.,0.,-0.));
#14301 = ADVANCED_FACE('',(#14302,#14305),#14316,.T.);
#14302 = FACE_BOUND('',#14303,.T.);
#14303 = EDGE_LOOP('',(#14304));
#14304 = ORIENTED_EDGE('',*,*,#14272,.T.);
#14305 = FACE_BOUND('',#14306,.T.);
#14306 = EDGE_LOOP('',(#14307));
#14307 = ORIENTED_EDGE('',*,*,#14308,.F.);
#14308 = EDGE_CURVE('',#14309,#14309,#14311,.T.);
#14309 = VERTEX_POINT('',#14310);
#14310 = CARTESIAN_POINT('',(13.141241190865,19.061748669659,9.));
#14311 = CIRCLE('',#14312,1.);
#14312 = AXIS2_PLACEMENT_3D('',#14313,#14314,#14315);
#14313 = CARTESIAN_POINT('',(12.141241190865,19.061748669659,9.));
#14314 = DIRECTION('',(0.,0.,1.));
#14315 = DIRECTION('',(1.,0.,-0.));
#14316 = PLANE('',#14317);
#14317 = AXIS2_PLACEMENT_3D('',#14318,#14319,#14320);
#14318 = CARTESIAN_POINT('',(12.141241190865,19.061748669659,9.));
#14319 = DIRECTION('',(0.,0.,1.));
#14320 = DIRECTION('',(1.,0.,-0.));
#14321 = ADVANCED_FACE('',(#14322,#14325),#14336,.F.);
#14322 = FACE_BOUND('',#14323,.F.);
#14323 = EDGE_LOOP('',(#14324));
#14324 = ORIENTED_EDGE('',*,*,#14289,.T.);
#14325 = FACE_BOUND('',#14326,.F.);
#14326 = EDGE_LOOP('',(#14327));
#14327 = ORIENTED_EDGE('',*,*,#14328,.F.);
#14328 = EDGE_CURVE('',#14329,#14329,#14331,.T.);
#14329 = VERTEX_POINT('',#14330);
#14330 = CARTESIAN_POINT('',(13.141241190865,19.061748669659,5.));
#14331 = CIRCLE('',#14332,1.);
#14332 = AXIS2_PLACEMENT_3D('',#14333,#14334,#14335);
#14333 = CARTESIAN_POINT('',(12.141241190865,19.061748669659,5.));
#14334 = DIRECTION('',(0.,0.,1.));
#14335 = DIRECTION('',(1.,0.,-0.));
#14336 = PLANE('',#14337);
#14337 = AXIS2_PLACEMENT_3D('',#14338,#14339,#14340);
#14338 = CARTESIAN_POINT('',(12.141241190865,19.061748669659,5.));
#14339 = DIRECTION('',(0.,0.,1.));
#14340 = DIRECTION('',(1.,0.,-0.));
#14341 = ADVANCED_FACE('',(#14342),#14353,.F.);
#14342 = FACE_BOUND('',#14343,.F.);
#14343 = EDGE_LOOP('',(#14344,#14345,#14351,#14352));
#14344 = ORIENTED_EDGE('',*,*,#14308,.F.);
#14345 = ORIENTED_EDGE('',*,*,#14346,.F.);
#14346 = EDGE_CURVE('',#14329,#14309,#14347,.T.);
#14347 = LINE('',#14348,#14349);
#14348 = CARTESIAN_POINT('',(13.141241190865,19.061748669659,5.));
#14349 = VECTOR('',#14350,1.);
#14350 = DIRECTION('',(0.,0.,1.));
#14351 = ORIENTED_EDGE('',*,*,#14328,.T.);
#14352 = ORIENTED_EDGE('',*,*,#14346,.T.);
#14353 = CYLINDRICAL_SURFACE('',#14354,1.);
#14354 = AXIS2_PLACEMENT_3D('',#14355,#14356,#14357);
#14355 = CARTESIAN_POINT('',(12.141241190865,19.061748669659,5.));
#14356 = DIRECTION('',(0.,0.,1.));
#14357 = DIRECTION('',(1.,0.,-0.));
#14358 = MANIFOLD_SOLID_BREP('',#14359);
#14359 = CLOSED_SHELL('',(#14360,#14393,#14413,#14422,#14447));
#14360 = ADVANCED_FACE('',(#14361),#14388,.T.);
#14361 = FACE_BOUND('',#14362,.T.);
#14362 = EDGE_LOOP('',(#14363,#14372,#14380,#14387));
#14363 = ORIENTED_EDGE('',*,*,#14364,.F.);
#14364 = EDGE_CURVE('',#14365,#14365,#14367,.T.);
#14365 = VERTEX_POINT('',#14366);
#14366 = CARTESIAN_POINT('',(-11.14124119086,-19.06174866965,11.5));
#14367 = CIRCLE('',#14368,1.);
#14368 = AXIS2_PLACEMENT_3D('',#14369,#14370,#14371);
#14369 = CARTESIAN_POINT('',(-12.14124119086,-19.06174866965,11.5));
#14370 = DIRECTION('',(0.,0.,1.));
#14371 = DIRECTION('',(1.,0.,-0.));
#14372 = ORIENTED_EDGE('',*,*,#14373,.F.);
#14373 = EDGE_CURVE('',#14374,#14365,#14376,.T.);
#14374 = VERTEX_POINT('',#14375);
#14375 = CARTESIAN_POINT('',(-11.14124119086,-19.06174866965,3.5));
#14376 = LINE('',#14377,#14378);
#14377 = CARTESIAN_POINT('',(-11.14124119086,-19.06174866965,3.5));
#14378 = VECTOR('',#14379,1.);
#14379 = DIRECTION('',(0.,0.,1.));
#14380 = ORIENTED_EDGE('',*,*,#14381,.T.);
#14381 = EDGE_CURVE('',#14374,#14374,#14382,.T.);
#14382 = CIRCLE('',#14383,1.);
#14383 = AXIS2_PLACEMENT_3D('',#14384,#14385,#14386);
#14384 = CARTESIAN_POINT('',(-12.14124119086,-19.06174866965,3.5));
#14385 = DIRECTION('',(0.,0.,1.));
#14386 = DIRECTION('',(1.,0.,-0.));
#14387 = ORIENTED_EDGE('',*,*,#14373,.T.);
#14388 = CYLINDRICAL_SURFACE('',#14389,1.);
#14389 = AXIS2_PLACEMENT_3D('',#14390,#14391,#14392);
#14390 = CARTESIAN_POINT('',(-12.14124119086,-19.06174866965,3.5));
#14391 = DIRECTION('',(0.,0.,1.));
#14392 = DIRECTION('',(1.,0.,-0.));
#14393 = ADVANCED_FACE('',(#14394,#14405),#14408,.F.);
#14394 = FACE_BOUND('',#14395,.F.);
#14395 = EDGE_LOOP('',(#14396));
#14396 = ORIENTED_EDGE('',*,*,#14397,.T.);
#14397 = EDGE_CURVE('',#14398,#14398,#14400,.T.);
#14398 = VERTEX_POINT('',#14399);
#14399 = CARTESIAN_POINT('',(-10.24124119086,-19.06174866965,11.5));
#14400 = CIRCLE('',#14401,1.9);
#14401 = AXIS2_PLACEMENT_3D('',#14402,#14403,#14404);
#14402 = CARTESIAN_POINT('',(-12.14124119086,-19.06174866965,11.5));
#14403 = DIRECTION('',(0.,0.,1.));
#14404 = DIRECTION('',(1.,0.,-0.));
#14405 = FACE_BOUND('',#14406,.F.);
#14406 = EDGE_LOOP('',(#14407));
#14407 = ORIENTED_EDGE('',*,*,#14364,.F.);
#14408 = PLANE('',#14409);
#14409 = AXIS2_PLACEMENT_3D('',#14410,#14411,#14412);
#14410 = CARTESIAN_POINT('',(-12.14124119086,-19.06174866965,11.5));
#14411 = DIRECTION('',(0.,0.,1.));
#14412 = DIRECTION('',(1.,0.,-0.));
#14413 = ADVANCED_FACE('',(#14414),#14417,.F.);
#14414 = FACE_BOUND('',#14415,.T.);
#14415 = EDGE_LOOP('',(#14416));
#14416 = ORIENTED_EDGE('',*,*,#14381,.F.);
#14417 = PLANE('',#14418);
#14418 = AXIS2_PLACEMENT_3D('',#14419,#14420,#14421);
#14419 = CARTESIAN_POINT('',(-12.14124119086,-19.06174866965,3.5));
#14420 = DIRECTION('',(0.,0.,1.));
#14421 = DIRECTION('',(1.,0.,-0.));
#14422 = ADVANCED_FACE('',(#14423),#14442,.T.);
#14423 = FACE_BOUND('',#14424,.T.);
#14424 = EDGE_LOOP('',(#14425,#14434,#14440,#14441));
#14425 = ORIENTED_EDGE('',*,*,#14426,.F.);
#14426 = EDGE_CURVE('',#14427,#14427,#14429,.T.);
#14427 = VERTEX_POINT('',#14428);
#14428 = CARTESIAN_POINT('',(-10.24124119086,-19.06174866965,13.5));
#14429 = CIRCLE('',#14430,1.9);
#14430 = AXIS2_PLACEMENT_3D('',#14431,#14432,#14433);
#14431 = CARTESIAN_POINT('',(-12.14124119086,-19.06174866965,13.5));
#14432 = DIRECTION('',(0.,0.,1.));
#14433 = DIRECTION('',(1.,0.,-0.));
#14434 = ORIENTED_EDGE('',*,*,#14435,.F.);
#14435 = EDGE_CURVE('',#14398,#14427,#14436,.T.);
#14436 = LINE('',#14437,#14438);
#14437 = CARTESIAN_POINT('',(-10.24124119086,-19.06174866965,11.5));
#14438 = VECTOR('',#14439,1.);
#14439 = DIRECTION('',(0.,0.,1.));
#14440 = ORIENTED_EDGE('',*,*,#14397,.T.);
#14441 = ORIENTED_EDGE('',*,*,#14435,.T.);
#14442 = CYLINDRICAL_SURFACE('',#14443,1.9);
#14443 = AXIS2_PLACEMENT_3D('',#14444,#14445,#14446);
#14444 = CARTESIAN_POINT('',(-12.14124119086,-19.06174866965,11.5));
#14445 = DIRECTION('',(0.,0.,1.));
#14446 = DIRECTION('',(1.,0.,-0.));
#14447 = ADVANCED_FACE('',(#14448),#14451,.T.);
#14448 = FACE_BOUND('',#14449,.T.);
#14449 = EDGE_LOOP('',(#14450));
#14450 = ORIENTED_EDGE('',*,*,#14426,.T.);
#14451 = PLANE('',#14452);
#14452 = AXIS2_PLACEMENT_3D('',#14453,#14454,#14455);
#14453 = CARTESIAN_POINT('',(-12.14124119086,-19.06174866965,13.5));
#14454 = DIRECTION('',(0.,0.,1.));
#14455 = DIRECTION('',(1.,0.,-0.));
#14456 = MANIFOLD_SOLID_BREP('',#14457);
#14457 = CLOSED_SHELL('',(#14458,#14491,#14511,#14531));
#14458 = ADVANCED_FACE('',(#14459),#14486,.T.);
#14459 = FACE_BOUND('',#14460,.T.);
#14460 = EDGE_LOOP('',(#14461,#14470,#14478,#14485));
#14461 = ORIENTED_EDGE('',*,*,#14462,.F.);
#14462 = EDGE_CURVE('',#14463,#14463,#14465,.T.);
#14463 = VERTEX_POINT('',#14464);
#14464 = CARTESIAN_POINT('',(-10.64124119086,-19.06174866965,9.));
#14465 = CIRCLE('',#14466,1.5);
#14466 = AXIS2_PLACEMENT_3D('',#14467,#14468,#14469);
#14467 = CARTESIAN_POINT('',(-12.14124119086,-19.06174866965,9.));
#14468 = DIRECTION('',(0.,0.,1.));
#14469 = DIRECTION('',(1.,0.,-0.));
#14470 = ORIENTED_EDGE('',*,*,#14471,.F.);
#14471 = EDGE_CURVE('',#14472,#14463,#14474,.T.);
#14472 = VERTEX_POINT('',#14473);
#14473 = CARTESIAN_POINT('',(-10.64124119086,-19.06174866965,5.));
#14474 = LINE('',#14475,#14476);
#14475 = CARTESIAN_POINT('',(-10.64124119086,-19.06174866965,5.));
#14476 = VECTOR('',#14477,1.);
#14477 = DIRECTION('',(0.,0.,1.));
#14478 = ORIENTED_EDGE('',*,*,#14479,.T.);
#14479 = EDGE_CURVE('',#14472,#14472,#14480,.T.);
#14480 = CIRCLE('',#14481,1.5);
#14481 = AXIS2_PLACEMENT_3D('',#14482,#14483,#14484);
#14482 = CARTESIAN_POINT('',(-12.14124119086,-19.06174866965,5.));
#14483 = DIRECTION('',(0.,0.,1.));
#14484 = DIRECTION('',(1.,0.,-0.));
#14485 = ORIENTED_EDGE('',*,*,#14471,.T.);
#14486 = CYLINDRICAL_SURFACE('',#14487,1.5);
#14487 = AXIS2_PLACEMENT_3D('',#14488,#14489,#14490);
#14488 = CARTESIAN_POINT('',(-12.14124119086,-19.06174866965,5.));
#14489 = DIRECTION('',(0.,0.,1.));
#14490 = DIRECTION('',(1.,0.,-0.));
#14491 = ADVANCED_FACE('',(#14492,#14495),#14506,.T.);
#14492 = FACE_BOUND('',#14493,.T.);
#14493 = EDGE_LOOP('',(#14494));
#14494 = ORIENTED_EDGE('',*,*,#14462,.T.);
#14495 = FACE_BOUND('',#14496,.T.);
#14496 = EDGE_LOOP('',(#14497));
#14497 = ORIENTED_EDGE('',*,*,#14498,.F.);
#14498 = EDGE_CURVE('',#14499,#14499,#14501,.T.);
#14499 = VERTEX_POINT('',#14500);
#14500 = CARTESIAN_POINT('',(-11.14124119086,-19.06174866965,9.));
#14501 = CIRCLE('',#14502,1.);
#14502 = AXIS2_PLACEMENT_3D('',#14503,#14504,#14505);
#14503 = CARTESIAN_POINT('',(-12.14124119086,-19.06174866965,9.));
#14504 = DIRECTION('',(0.,0.,1.));
#14505 = DIRECTION('',(1.,0.,-0.));
#14506 = PLANE('',#14507);
#14507 = AXIS2_PLACEMENT_3D('',#14508,#14509,#14510);
#14508 = CARTESIAN_POINT('',(-12.14124119086,-19.06174866965,9.));
#14509 = DIRECTION('',(0.,0.,1.));
#14510 = DIRECTION('',(1.,0.,-0.));
#14511 = ADVANCED_FACE('',(#14512,#14515),#14526,.F.);
#14512 = FACE_BOUND('',#14513,.F.);
#14513 = EDGE_LOOP('',(#14514));
#14514 = ORIENTED_EDGE('',*,*,#14479,.T.);
#14515 = FACE_BOUND('',#14516,.F.);
#14516 = EDGE_LOOP('',(#14517));
#14517 = ORIENTED_EDGE('',*,*,#14518,.F.);
#14518 = EDGE_CURVE('',#14519,#14519,#14521,.T.);
#14519 = VERTEX_POINT('',#14520);
#14520 = CARTESIAN_POINT('',(-11.14124119086,-19.06174866965,5.));
#14521 = CIRCLE('',#14522,1.);
#14522 = AXIS2_PLACEMENT_3D('',#14523,#14524,#14525);
#14523 = CARTESIAN_POINT('',(-12.14124119086,-19.06174866965,5.));
#14524 = DIRECTION('',(0.,0.,1.));
#14525 = DIRECTION('',(1.,0.,-0.));
#14526 = PLANE('',#14527);
#14527 = AXIS2_PLACEMENT_3D('',#14528,#14529,#14530);
#14528 = CARTESIAN_POINT('',(-12.14124119086,-19.06174866965,5.));
#14529 = DIRECTION('',(0.,0.,1.));
#14530 = DIRECTION('',(1.,0.,-0.));
#14531 = ADVANCED_FACE('',(#14532),#14543,.F.);
#14532 = FACE_BOUND('',#14533,.F.);
#14533 = EDGE_LOOP('',(#14534,#14535,#14541,#14542));
#14534 = ORIENTED_EDGE('',*,*,#14498,.F.);
#14535 = ORIENTED_EDGE('',*,*,#14536,.F.);
#14536 = EDGE_CURVE('',#14519,#14499,#14537,.T.);
#14537 = LINE('',#14538,#14539);
#14538 = CARTESIAN_POINT('',(-11.14124119086,-19.06174866965,5.));
#14539 = VECTOR('',#14540,1.);
#14540 = DIRECTION('',(0.,0.,1.));
#14541 = ORIENTED_EDGE('',*,*,#14518,.T.);
#14542 = ORIENTED_EDGE('',*,*,#14536,.T.);
#14543 = CYLINDRICAL_SURFACE('',#14544,1.);
#14544 = AXIS2_PLACEMENT_3D('',#14545,#14546,#14547);
#14545 = CARTESIAN_POINT('',(-12.14124119086,-19.06174866965,5.));
#14546 = DIRECTION('',(0.,0.,1.));
#14547 = DIRECTION('',(1.,0.,-0.));
#14548 = MANIFOLD_SOLID_BREP('',#14549);
#14549 = CLOSED_SHELL('',(#14550,#14583,#14603,#14612,#14637));
#14550 = ADVANCED_FACE('',(#14551),#14578,.T.);
#14551 = FACE_BOUND('',#14552,.T.);
#14552 = EDGE_LOOP('',(#14553,#14562,#14570,#14577));
#14553 = ORIENTED_EDGE('',*,*,#14554,.F.);
#14554 = EDGE_CURVE('',#14555,#14555,#14557,.T.);
#14555 = VERTEX_POINT('',#14556);
#14556 = CARTESIAN_POINT('',(11.,15.7,22.4));
#14557 = CIRCLE('',#14558,1.);
#14558 = AXIS2_PLACEMENT_3D('',#14559,#14560,#14561);
#14559 = CARTESIAN_POINT('',(10.,15.7,22.4));
#14560 = DIRECTION('',(0.,0.,1.));
#14561 = DIRECTION('',(1.,0.,-0.));
#14562 = ORIENTED_EDGE('',*,*,#14563,.F.);
#14563 = EDGE_CURVE('',#14564,#14555,#14566,.T.);
#14564 = VERTEX_POINT('',#14565);
#14565 = CARTESIAN_POINT('',(11.,15.7,16.4));
#14566 = LINE('',#14567,#14568);
#14567 = CARTESIAN_POINT('',(11.,15.7,16.4));
#14568 = VECTOR('',#14569,1.);
#14569 = DIRECTION('',(0.,0.,1.));
#14570 = ORIENTED_EDGE('',*,*,#14571,.T.);
#14571 = EDGE_CURVE('',#14564,#14564,#14572,.T.);
#14572 = CIRCLE('',#14573,1.);
#14573 = AXIS2_PLACEMENT_3D('',#14574,#14575,#14576);
#14574 = CARTESIAN_POINT('',(10.,15.7,16.4));
#14575 = DIRECTION('',(0.,0.,1.));
#14576 = DIRECTION('',(1.,0.,-0.));
#14577 = ORIENTED_EDGE('',*,*,#14563,.T.);
#14578 = CYLINDRICAL_SURFACE('',#14579,1.);
#14579 = AXIS2_PLACEMENT_3D('',#14580,#14581,#14582);
#14580 = CARTESIAN_POINT('',(10.,15.7,16.4));
#14581 = DIRECTION('',(0.,0.,1.));
#14582 = DIRECTION('',(1.,0.,-0.));
#14583 = ADVANCED_FACE('',(#14584,#14595),#14598,.F.);
#14584 = FACE_BOUND('',#14585,.F.);
#14585 = EDGE_LOOP('',(#14586));
#14586 = ORIENTED_EDGE('',*,*,#14587,.T.);
#14587 = EDGE_CURVE('',#14588,#14588,#14590,.T.);
#14588 = VERTEX_POINT('',#14589);
#14589 = CARTESIAN_POINT('',(11.9,15.7,22.4));
#14590 = CIRCLE('',#14591,1.9);
#14591 = AXIS2_PLACEMENT_3D('',#14592,#14593,#14594);
#14592 = CARTESIAN_POINT('',(10.,15.7,22.4));
#14593 = DIRECTION('',(0.,0.,1.));
#14594 = DIRECTION('',(1.,0.,-0.));
#14595 = FACE_BOUND('',#14596,.F.);
#14596 = EDGE_LOOP('',(#14597));
#14597 = ORIENTED_EDGE('',*,*,#14554,.F.);
#14598 = PLANE('',#14599);
#14599 = AXIS2_PLACEMENT_3D('',#14600,#14601,#14602);
#14600 = CARTESIAN_POINT('',(10.,15.7,22.4));
#14601 = DIRECTION('',(0.,0.,1.));
#14602 = DIRECTION('',(1.,0.,-0.));
#14603 = ADVANCED_FACE('',(#14604),#14607,.F.);
#14604 = FACE_BOUND('',#14605,.T.);
#14605 = EDGE_LOOP('',(#14606));
#14606 = ORIENTED_EDGE('',*,*,#14571,.F.);
#14607 = PLANE('',#14608);
#14608 = AXIS2_PLACEMENT_3D('',#14609,#14610,#14611);
#14609 = CARTESIAN_POINT('',(10.,15.7,16.4));
#14610 = DIRECTION('',(0.,0.,1.));
#14611 = DIRECTION('',(1.,0.,-0.));
#14612 = ADVANCED_FACE('',(#14613),#14632,.T.);
#14613 = FACE_BOUND('',#14614,.T.);
#14614 = EDGE_LOOP('',(#14615,#14624,#14630,#14631));
#14615 = ORIENTED_EDGE('',*,*,#14616,.F.);
#14616 = EDGE_CURVE('',#14617,#14617,#14619,.T.);
#14617 = VERTEX_POINT('',#14618);
#14618 = CARTESIAN_POINT('',(11.9,15.7,24.4));
#14619 = CIRCLE('',#14620,1.9);
#14620 = AXIS2_PLACEMENT_3D('',#14621,#14622,#14623);
#14621 = CARTESIAN_POINT('',(10.,15.7,24.4));
#14622 = DIRECTION('',(0.,0.,1.));
#14623 = DIRECTION('',(1.,0.,-0.));
#14624 = ORIENTED_EDGE('',*,*,#14625,.F.);
#14625 = EDGE_CURVE('',#14588,#14617,#14626,.T.);
#14626 = LINE('',#14627,#14628);
#14627 = CARTESIAN_POINT('',(11.9,15.7,22.4));
#14628 = VECTOR('',#14629,1.);
#14629 = DIRECTION('',(0.,0.,1.));
#14630 = ORIENTED_EDGE('',*,*,#14587,.T.);
#14631 = ORIENTED_EDGE('',*,*,#14625,.T.);
#14632 = CYLINDRICAL_SURFACE('',#14633,1.9);
#14633 = AXIS2_PLACEMENT_3D('',#14634,#14635,#14636);
#14634 = CARTESIAN_POINT('',(10.,15.7,22.4));
#14635 = DIRECTION('',(0.,0.,1.));
#14636 = DIRECTION('',(1.,0.,-0.));
#14637 = ADVANCED_FACE('',(#14638),#14641,.T.);
#14638 = FACE_BOUND('',#14639,.T.);
#14639 = EDGE_LOOP('',(#14640));
#14640 = ORIENTED_EDGE('',*,*,#14616,.T.);
#14641 = PLANE('',#14642);
#14642 = AXIS2_PLACEMENT_3D('',#14643,#14644,#14645);
#14643 = CARTESIAN_POINT('',(10.,15.7,24.4));
#14644 = DIRECTION('',(0.,0.,1.));
#14645 = DIRECTION('',(1.,0.,-0.));
#14646 = MANIFOLD_SOLID_BREP('',#14647);
#14647 = CLOSED_SHELL('',(#14648,#14681,#14701,#14721));
#14648 = ADVANCED_FACE('',(#14649),#14676,.T.);
#14649 = FACE_BOUND('',#14650,.T.);
#14650 = EDGE_LOOP('',(#14651,#14660,#14668,#14675));
#14651 = ORIENTED_EDGE('',*,*,#14652,.F.);
#14652 = EDGE_CURVE('',#14653,#14653,#14655,.T.);
#14653 = VERTEX_POINT('',#14654);
#14654 = CARTESIAN_POINT('',(12.,15.7,22.4));
#14655 = CIRCLE('',#14656,2.);
#14656 = AXIS2_PLACEMENT_3D('',#14657,#14658,#14659);
#14657 = CARTESIAN_POINT('',(10.,15.7,22.4));
#14658 = DIRECTION('',(0.,0.,1.));
#14659 = DIRECTION('',(1.,0.,-0.));
#14660 = ORIENTED_EDGE('',*,*,#14661,.F.);
#14661 = EDGE_CURVE('',#14662,#14653,#14664,.T.);
#14662 = VERTEX_POINT('',#14663);
#14663 = CARTESIAN_POINT('',(12.,15.7,22.1));
#14664 = LINE('',#14665,#14666);
#14665 = CARTESIAN_POINT('',(12.,15.7,22.1));
#14666 = VECTOR('',#14667,1.);
#14667 = DIRECTION('',(0.,0.,1.));
#14668 = ORIENTED_EDGE('',*,*,#14669,.T.);
#14669 = EDGE_CURVE('',#14662,#14662,#14670,.T.);
#14670 = CIRCLE('',#14671,2.);
#14671 = AXIS2_PLACEMENT_3D('',#14672,#14673,#14674);
#14672 = CARTESIAN_POINT('',(10.,15.7,22.1));
#14673 = DIRECTION('',(0.,0.,1.));
#14674 = DIRECTION('',(1.,0.,-0.));
#14675 = ORIENTED_EDGE('',*,*,#14661,.T.);
#14676 = CYLINDRICAL_SURFACE('',#14677,2.);
#14677 = AXIS2_PLACEMENT_3D('',#14678,#14679,#14680);
#14678 = CARTESIAN_POINT('',(10.,15.7,22.1));
#14679 = DIRECTION('',(0.,0.,1.));
#14680 = DIRECTION('',(1.,0.,-0.));
#14681 = ADVANCED_FACE('',(#14682,#14685),#14696,.T.);
#14682 = FACE_BOUND('',#14683,.T.);
#14683 = EDGE_LOOP('',(#14684));
#14684 = ORIENTED_EDGE('',*,*,#14652,.T.);
#14685 = FACE_BOUND('',#14686,.T.);
#14686 = EDGE_LOOP('',(#14687));
#14687 = ORIENTED_EDGE('',*,*,#14688,.F.);
#14688 = EDGE_CURVE('',#14689,#14689,#14691,.T.);
#14689 = VERTEX_POINT('',#14690);
#14690 = CARTESIAN_POINT('',(11.1,15.7,22.4));
#14691 = CIRCLE('',#14692,1.1);
#14692 = AXIS2_PLACEMENT_3D('',#14693,#14694,#14695);
#14693 = CARTESIAN_POINT('',(10.,15.7,22.4));
#14694 = DIRECTION('',(0.,0.,1.));
#14695 = DIRECTION('',(1.,0.,-0.));
#14696 = PLANE('',#14697);
#14697 = AXIS2_PLACEMENT_3D('',#14698,#14699,#14700);
#14698 = CARTESIAN_POINT('',(10.,15.7,22.4));
#14699 = DIRECTION('',(0.,0.,1.));
#14700 = DIRECTION('',(1.,0.,-0.));
#14701 = ADVANCED_FACE('',(#14702,#14705),#14716,.F.);
#14702 = FACE_BOUND('',#14703,.F.);
#14703 = EDGE_LOOP('',(#14704));
#14704 = ORIENTED_EDGE('',*,*,#14669,.T.);
#14705 = FACE_BOUND('',#14706,.F.);
#14706 = EDGE_LOOP('',(#14707));
#14707 = ORIENTED_EDGE('',*,*,#14708,.F.);
#14708 = EDGE_CURVE('',#14709,#14709,#14711,.T.);
#14709 = VERTEX_POINT('',#14710);
#14710 = CARTESIAN_POINT('',(11.1,15.7,22.1));
#14711 = CIRCLE('',#14712,1.1);
#14712 = AXIS2_PLACEMENT_3D('',#14713,#14714,#14715);
#14713 = CARTESIAN_POINT('',(10.,15.7,22.1));
#14714 = DIRECTION('',(0.,0.,1.));
#14715 = DIRECTION('',(1.,0.,-0.));
#14716 = PLANE('',#14717);
#14717 = AXIS2_PLACEMENT_3D('',#14718,#14719,#14720);
#14718 = CARTESIAN_POINT('',(10.,15.7,22.1));
#14719 = DIRECTION('',(0.,0.,1.));
#14720 = DIRECTION('',(1.,0.,-0.));
#14721 = ADVANCED_FACE('',(#14722),#14733,.F.);
#14722 = FACE_BOUND('',#14723,.F.);
#14723 = EDGE_LOOP('',(#14724,#14725,#14731,#14732));
#14724 = ORIENTED_EDGE('',*,*,#14688,.F.);
#14725 = ORIENTED_EDGE('',*,*,#14726,.F.);
#14726 = EDGE_CURVE('',#14709,#14689,#14727,.T.);
#14727 = LINE('',#14728,#14729);
#14728 = CARTESIAN_POINT('',(11.1,15.7,22.1));
#14729 = VECTOR('',#14730,1.);
#14730 = DIRECTION('',(0.,0.,1.));
#14731 = ORIENTED_EDGE('',*,*,#14708,.T.);
#14732 = ORIENTED_EDGE('',*,*,#14726,.T.);
#14733 = CYLINDRICAL_SURFACE('',#14734,1.1);
#14734 = AXIS2_PLACEMENT_3D('',#14735,#14736,#14737);
#14735 = CARTESIAN_POINT('',(10.,15.7,22.1));
#14736 = DIRECTION('',(0.,0.,1.));
#14737 = DIRECTION('',(1.,0.,-0.));
#14738 = MANIFOLD_SOLID_BREP('',#14739);
#14739 = CLOSED_SHELL('',(#14740,#14773,#14793,#14813));
#14740 = ADVANCED_FACE('',(#14741),#14768,.T.);
#14741 = FACE_BOUND('',#14742,.T.);
#14742 = EDGE_LOOP('',(#14743,#14752,#14760,#14767));
#14743 = ORIENTED_EDGE('',*,*,#14744,.F.);
#14744 = EDGE_CURVE('',#14745,#14745,#14747,.T.);
#14745 = VERTEX_POINT('',#14746);
#14746 = CARTESIAN_POINT('',(11.5,15.7,20.5));
#14747 = CIRCLE('',#14748,1.5);
#14748 = AXIS2_PLACEMENT_3D('',#14749,#14750,#14751);
#14749 = CARTESIAN_POINT('',(10.,15.7,20.5));
#14750 = DIRECTION('',(0.,0.,1.));
#14751 = DIRECTION('',(1.,0.,-0.));
#14752 = ORIENTED_EDGE('',*,*,#14753,.F.);
#14753 = EDGE_CURVE('',#14754,#14745,#14756,.T.);
#14754 = VERTEX_POINT('',#14755);
#14755 = CARTESIAN_POINT('',(11.5,15.7,16.5));
#14756 = LINE('',#14757,#14758);
#14757 = CARTESIAN_POINT('',(11.5,15.7,16.5));
#14758 = VECTOR('',#14759,1.);
#14759 = DIRECTION('',(0.,0.,1.));
#14760 = ORIENTED_EDGE('',*,*,#14761,.T.);
#14761 = EDGE_CURVE('',#14754,#14754,#14762,.T.);
#14762 = CIRCLE('',#14763,1.5);
#14763 = AXIS2_PLACEMENT_3D('',#14764,#14765,#14766);
#14764 = CARTESIAN_POINT('',(10.,15.7,16.5));
#14765 = DIRECTION('',(0.,0.,1.));
#14766 = DIRECTION('',(1.,0.,-0.));
#14767 = ORIENTED_EDGE('',*,*,#14753,.T.);
#14768 = CYLINDRICAL_SURFACE('',#14769,1.5);
#14769 = AXIS2_PLACEMENT_3D('',#14770,#14771,#14772);
#14770 = CARTESIAN_POINT('',(10.,15.7,16.5));
#14771 = DIRECTION('',(0.,0.,1.));
#14772 = DIRECTION('',(1.,0.,-0.));
#14773 = ADVANCED_FACE('',(#14774,#14777),#14788,.T.);
#14774 = FACE_BOUND('',#14775,.T.);
#14775 = EDGE_LOOP('',(#14776));
#14776 = ORIENTED_EDGE('',*,*,#14744,.T.);
#14777 = FACE_BOUND('',#14778,.T.);
#14778 = EDGE_LOOP('',(#14779));
#14779 = ORIENTED_EDGE('',*,*,#14780,.F.);
#14780 = EDGE_CURVE('',#14781,#14781,#14783,.T.);
#14781 = VERTEX_POINT('',#14782);
#14782 = CARTESIAN_POINT('',(11.,15.7,20.5));
#14783 = CIRCLE('',#14784,1.);
#14784 = AXIS2_PLACEMENT_3D('',#14785,#14786,#14787);
#14785 = CARTESIAN_POINT('',(10.,15.7,20.5));
#14786 = DIRECTION('',(0.,0.,1.));
#14787 = DIRECTION('',(1.,0.,-0.));
#14788 = PLANE('',#14789);
#14789 = AXIS2_PLACEMENT_3D('',#14790,#14791,#14792);
#14790 = CARTESIAN_POINT('',(10.,15.7,20.5));
#14791 = DIRECTION('',(0.,0.,1.));
#14792 = DIRECTION('',(1.,0.,-0.));
#14793 = ADVANCED_FACE('',(#14794,#14797),#14808,.F.);
#14794 = FACE_BOUND('',#14795,.F.);
#14795 = EDGE_LOOP('',(#14796));
#14796 = ORIENTED_EDGE('',*,*,#14761,.T.);
#14797 = FACE_BOUND('',#14798,.F.);
#14798 = EDGE_LOOP('',(#14799));
#14799 = ORIENTED_EDGE('',*,*,#14800,.F.);
#14800 = EDGE_CURVE('',#14801,#14801,#14803,.T.);
#14801 = VERTEX_POINT('',#14802);
#14802 = CARTESIAN_POINT('',(11.,15.7,16.5));
#14803 = CIRCLE('',#14804,1.);
#14804 = AXIS2_PLACEMENT_3D('',#14805,#14806,#14807);
#14805 = CARTESIAN_POINT('',(10.,15.7,16.5));
#14806 = DIRECTION('',(0.,0.,1.));
#14807 = DIRECTION('',(1.,0.,-0.));
#14808 = PLANE('',#14809);
#14809 = AXIS2_PLACEMENT_3D('',#14810,#14811,#14812);
#14810 = CARTESIAN_POINT('',(10.,15.7,16.5));
#14811 = DIRECTION('',(0.,0.,1.));
#14812 = DIRECTION('',(1.,0.,-0.));
#14813 = ADVANCED_FACE('',(#14814),#14825,.F.);
#14814 = FACE_BOUND('',#14815,.F.);
#14815 = EDGE_LOOP('',(#14816,#14817,#14823,#14824));
#14816 = ORIENTED_EDGE('',*,*,#14780,.F.);
#14817 = ORIENTED_EDGE('',*,*,#14818,.F.);
#14818 = EDGE_CURVE('',#14801,#14781,#14819,.T.);
#14819 = LINE('',#14820,#14821);
#14820 = CARTESIAN_POINT('',(11.,15.7,16.5));
#14821 = VECTOR('',#14822,1.);
#14822 = DIRECTION('',(0.,0.,1.));
#14823 = ORIENTED_EDGE('',*,*,#14800,.T.);
#14824 = ORIENTED_EDGE('',*,*,#14818,.T.);
#14825 = CYLINDRICAL_SURFACE('',#14826,1.);
#14826 = AXIS2_PLACEMENT_3D('',#14827,#14828,#14829);
#14827 = CARTESIAN_POINT('',(10.,15.7,16.5));
#14828 = DIRECTION('',(0.,0.,1.));
#14829 = DIRECTION('',(1.,0.,-0.));
#14830 = MANIFOLD_SOLID_BREP('',#14831);
#14831 = CLOSED_SHELL('',(#14832,#14865,#14885,#14894,#14919));
#14832 = ADVANCED_FACE('',(#14833),#14860,.T.);
#14833 = FACE_BOUND('',#14834,.T.);
#14834 = EDGE_LOOP('',(#14835,#14844,#14852,#14859));
#14835 = ORIENTED_EDGE('',*,*,#14836,.F.);
#14836 = EDGE_CURVE('',#14837,#14837,#14839,.T.);
#14837 = VERTEX_POINT('',#14838);
#14838 = CARTESIAN_POINT('',(-9.,-15.7,22.4));
#14839 = CIRCLE('',#14840,1.);
#14840 = AXIS2_PLACEMENT_3D('',#14841,#14842,#14843);
#14841 = CARTESIAN_POINT('',(-10.,-15.7,22.4));
#14842 = DIRECTION('',(0.,0.,1.));
#14843 = DIRECTION('',(1.,0.,-0.));
#14844 = ORIENTED_EDGE('',*,*,#14845,.F.);
#14845 = EDGE_CURVE('',#14846,#14837,#14848,.T.);
#14846 = VERTEX_POINT('',#14847);
#14847 = CARTESIAN_POINT('',(-9.,-15.7,16.4));
#14848 = LINE('',#14849,#14850);
#14849 = CARTESIAN_POINT('',(-9.,-15.7,16.4));
#14850 = VECTOR('',#14851,1.);
#14851 = DIRECTION('',(0.,0.,1.));
#14852 = ORIENTED_EDGE('',*,*,#14853,.T.);
#14853 = EDGE_CURVE('',#14846,#14846,#14854,.T.);
#14854 = CIRCLE('',#14855,1.);
#14855 = AXIS2_PLACEMENT_3D('',#14856,#14857,#14858);
#14856 = CARTESIAN_POINT('',(-10.,-15.7,16.4));
#14857 = DIRECTION('',(0.,0.,1.));
#14858 = DIRECTION('',(1.,0.,-0.));
#14859 = ORIENTED_EDGE('',*,*,#14845,.T.);
#14860 = CYLINDRICAL_SURFACE('',#14861,1.);
#14861 = AXIS2_PLACEMENT_3D('',#14862,#14863,#14864);
#14862 = CARTESIAN_POINT('',(-10.,-15.7,16.4));
#14863 = DIRECTION('',(0.,0.,1.));
#14864 = DIRECTION('',(1.,0.,-0.));
#14865 = ADVANCED_FACE('',(#14866,#14877),#14880,.F.);
#14866 = FACE_BOUND('',#14867,.F.);
#14867 = EDGE_LOOP('',(#14868));
#14868 = ORIENTED_EDGE('',*,*,#14869,.T.);
#14869 = EDGE_CURVE('',#14870,#14870,#14872,.T.);
#14870 = VERTEX_POINT('',#14871);
#14871 = CARTESIAN_POINT('',(-8.1,-15.7,22.4));
#14872 = CIRCLE('',#14873,1.9);
#14873 = AXIS2_PLACEMENT_3D('',#14874,#14875,#14876);
#14874 = CARTESIAN_POINT('',(-10.,-15.7,22.4));
#14875 = DIRECTION('',(0.,0.,1.));
#14876 = DIRECTION('',(1.,0.,-0.));
#14877 = FACE_BOUND('',#14878,.F.);
#14878 = EDGE_LOOP('',(#14879));
#14879 = ORIENTED_EDGE('',*,*,#14836,.F.);
#14880 = PLANE('',#14881);
#14881 = AXIS2_PLACEMENT_3D('',#14882,#14883,#14884);
#14882 = CARTESIAN_POINT('',(-10.,-15.7,22.4));
#14883 = DIRECTION('',(0.,0.,1.));
#14884 = DIRECTION('',(1.,0.,-0.));
#14885 = ADVANCED_FACE('',(#14886),#14889,.F.);
#14886 = FACE_BOUND('',#14887,.T.);
#14887 = EDGE_LOOP('',(#14888));
#14888 = ORIENTED_EDGE('',*,*,#14853,.F.);
#14889 = PLANE('',#14890);
#14890 = AXIS2_PLACEMENT_3D('',#14891,#14892,#14893);
#14891 = CARTESIAN_POINT('',(-10.,-15.7,16.4));
#14892 = DIRECTION('',(0.,0.,1.));
#14893 = DIRECTION('',(1.,0.,-0.));
#14894 = ADVANCED_FACE('',(#14895),#14914,.T.);
#14895 = FACE_BOUND('',#14896,.T.);
#14896 = EDGE_LOOP('',(#14897,#14906,#14912,#14913));
#14897 = ORIENTED_EDGE('',*,*,#14898,.F.);
#14898 = EDGE_CURVE('',#14899,#14899,#14901,.T.);
#14899 = VERTEX_POINT('',#14900);
#14900 = CARTESIAN_POINT('',(-8.1,-15.7,24.4));
#14901 = CIRCLE('',#14902,1.9);
#14902 = AXIS2_PLACEMENT_3D('',#14903,#14904,#14905);
#14903 = CARTESIAN_POINT('',(-10.,-15.7,24.4));
#14904 = DIRECTION('',(0.,0.,1.));
#14905 = DIRECTION('',(1.,0.,-0.));
#14906 = ORIENTED_EDGE('',*,*,#14907,.F.);
#14907 = EDGE_CURVE('',#14870,#14899,#14908,.T.);
#14908 = LINE('',#14909,#14910);
#14909 = CARTESIAN_POINT('',(-8.1,-15.7,22.4));
#14910 = VECTOR('',#14911,1.);
#14911 = DIRECTION('',(0.,0.,1.));
#14912 = ORIENTED_EDGE('',*,*,#14869,.T.);
#14913 = ORIENTED_EDGE('',*,*,#14907,.T.);
#14914 = CYLINDRICAL_SURFACE('',#14915,1.9);
#14915 = AXIS2_PLACEMENT_3D('',#14916,#14917,#14918);
#14916 = CARTESIAN_POINT('',(-10.,-15.7,22.4));
#14917 = DIRECTION('',(0.,0.,1.));
#14918 = DIRECTION('',(1.,0.,-0.));
#14919 = ADVANCED_FACE('',(#14920),#14923,.T.);
#14920 = FACE_BOUND('',#14921,.T.);
#14921 = EDGE_LOOP('',(#14922));
#14922 = ORIENTED_EDGE('',*,*,#14898,.T.);
#14923 = PLANE('',#14924);
#14924 = AXIS2_PLACEMENT_3D('',#14925,#14926,#14927);
#14925 = CARTESIAN_POINT('',(-10.,-15.7,24.4));
#14926 = DIRECTION('',(0.,0.,1.));
#14927 = DIRECTION('',(1.,0.,-0.));
#14928 = MANIFOLD_SOLID_BREP('',#14929);
#14929 = CLOSED_SHELL('',(#14930,#14963,#14983,#15003));
#14930 = ADVANCED_FACE('',(#14931),#14958,.T.);
#14931 = FACE_BOUND('',#14932,.T.);
#14932 = EDGE_LOOP('',(#14933,#14942,#14950,#14957));
#14933 = ORIENTED_EDGE('',*,*,#14934,.F.);
#14934 = EDGE_CURVE('',#14935,#14935,#14937,.T.);
#14935 = VERTEX_POINT('',#14936);
#14936 = CARTESIAN_POINT('',(-8.,-15.7,22.4));
#14937 = CIRCLE('',#14938,2.);
#14938 = AXIS2_PLACEMENT_3D('',#14939,#14940,#14941);
#14939 = CARTESIAN_POINT('',(-10.,-15.7,22.4));
#14940 = DIRECTION('',(0.,0.,1.));
#14941 = DIRECTION('',(1.,0.,-0.));
#14942 = ORIENTED_EDGE('',*,*,#14943,.F.);
#14943 = EDGE_CURVE('',#14944,#14935,#14946,.T.);
#14944 = VERTEX_POINT('',#14945);
#14945 = CARTESIAN_POINT('',(-8.,-15.7,22.1));
#14946 = LINE('',#14947,#14948);
#14947 = CARTESIAN_POINT('',(-8.,-15.7,22.1));
#14948 = VECTOR('',#14949,1.);
#14949 = DIRECTION('',(0.,0.,1.));
#14950 = ORIENTED_EDGE('',*,*,#14951,.T.);
#14951 = EDGE_CURVE('',#14944,#14944,#14952,.T.);
#14952 = CIRCLE('',#14953,2.);
#14953 = AXIS2_PLACEMENT_3D('',#14954,#14955,#14956);
#14954 = CARTESIAN_POINT('',(-10.,-15.7,22.1));
#14955 = DIRECTION('',(0.,0.,1.));
#14956 = DIRECTION('',(1.,0.,-0.));
#14957 = ORIENTED_EDGE('',*,*,#14943,.T.);
#14958 = CYLINDRICAL_SURFACE('',#14959,2.);
#14959 = AXIS2_PLACEMENT_3D('',#14960,#14961,#14962);
#14960 = CARTESIAN_POINT('',(-10.,-15.7,22.1));
#14961 = DIRECTION('',(0.,0.,1.));
#14962 = DIRECTION('',(1.,0.,-0.));
#14963 = ADVANCED_FACE('',(#14964,#14967),#14978,.T.);
#14964 = FACE_BOUND('',#14965,.T.);
#14965 = EDGE_LOOP('',(#14966));
#14966 = ORIENTED_EDGE('',*,*,#14934,.T.);
#14967 = FACE_BOUND('',#14968,.T.);
#14968 = EDGE_LOOP('',(#14969));
#14969 = ORIENTED_EDGE('',*,*,#14970,.F.);
#14970 = EDGE_CURVE('',#14971,#14971,#14973,.T.);
#14971 = VERTEX_POINT('',#14972);
#14972 = CARTESIAN_POINT('',(-8.9,-15.7,22.4));
#14973 = CIRCLE('',#14974,1.1);
#14974 = AXIS2_PLACEMENT_3D('',#14975,#14976,#14977);
#14975 = CARTESIAN_POINT('',(-10.,-15.7,22.4));
#14976 = DIRECTION('',(0.,0.,1.));
#14977 = DIRECTION('',(1.,0.,-0.));
#14978 = PLANE('',#14979);
#14979 = AXIS2_PLACEMENT_3D('',#14980,#14981,#14982);
#14980 = CARTESIAN_POINT('',(-10.,-15.7,22.4));
#14981 = DIRECTION('',(0.,0.,1.));
#14982 = DIRECTION('',(1.,0.,-0.));
#14983 = ADVANCED_FACE('',(#14984,#14987),#14998,.F.);
#14984 = FACE_BOUND('',#14985,.F.);
#14985 = EDGE_LOOP('',(#14986));
#14986 = ORIENTED_EDGE('',*,*,#14951,.T.);
#14987 = FACE_BOUND('',#14988,.F.);
#14988 = EDGE_LOOP('',(#14989));
#14989 = ORIENTED_EDGE('',*,*,#14990,.F.);
#14990 = EDGE_CURVE('',#14991,#14991,#14993,.T.);
#14991 = VERTEX_POINT('',#14992);
#14992 = CARTESIAN_POINT('',(-8.9,-15.7,22.1));
#14993 = CIRCLE('',#14994,1.1);
#14994 = AXIS2_PLACEMENT_3D('',#14995,#14996,#14997);
#14995 = CARTESIAN_POINT('',(-10.,-15.7,22.1));
#14996 = DIRECTION('',(0.,0.,1.));
#14997 = DIRECTION('',(1.,0.,-0.));
#14998 = PLANE('',#14999);
#14999 = AXIS2_PLACEMENT_3D('',#15000,#15001,#15002);
#15000 = CARTESIAN_POINT('',(-10.,-15.7,22.1));
#15001 = DIRECTION('',(0.,0.,1.));
#15002 = DIRECTION('',(1.,0.,-0.));
#15003 = ADVANCED_FACE('',(#15004),#15015,.F.);
#15004 = FACE_BOUND('',#15005,.F.);
#15005 = EDGE_LOOP('',(#15006,#15007,#15013,#15014));
#15006 = ORIENTED_EDGE('',*,*,#14970,.F.);
#15007 = ORIENTED_EDGE('',*,*,#15008,.F.);
#15008 = EDGE_CURVE('',#14991,#14971,#15009,.T.);
#15009 = LINE('',#15010,#15011);
#15010 = CARTESIAN_POINT('',(-8.9,-15.7,22.1));
#15011 = VECTOR('',#15012,1.);
#15012 = DIRECTION('',(0.,0.,1.));
#15013 = ORIENTED_EDGE('',*,*,#14990,.T.);
#15014 = ORIENTED_EDGE('',*,*,#15008,.T.);
#15015 = CYLINDRICAL_SURFACE('',#15016,1.1);
#15016 = AXIS2_PLACEMENT_3D('',#15017,#15018,#15019);
#15017 = CARTESIAN_POINT('',(-10.,-15.7,22.1));
#15018 = DIRECTION('',(0.,0.,1.));
#15019 = DIRECTION('',(1.,0.,-0.));
#15020 = MANIFOLD_SOLID_BREP('',#15021);
#15021 = CLOSED_SHELL('',(#15022,#15055,#15075,#15095));
#15022 = ADVANCED_FACE('',(#15023),#15050,.T.);
#15023 = FACE_BOUND('',#15024,.T.);
#15024 = EDGE_LOOP('',(#15025,#15034,#15042,#15049));
#15025 = ORIENTED_EDGE('',*,*,#15026,.F.);
#15026 = EDGE_CURVE('',#15027,#15027,#15029,.T.);
#15027 = VERTEX_POINT('',#15028);
#15028 = CARTESIAN_POINT('',(-8.5,-15.7,20.5));
#15029 = CIRCLE('',#15030,1.5);
#15030 = AXIS2_PLACEMENT_3D('',#15031,#15032,#15033);
#15031 = CARTESIAN_POINT('',(-10.,-15.7,20.5));
#15032 = DIRECTION('',(0.,0.,1.));
#15033 = DIRECTION('',(1.,0.,-0.));
#15034 = ORIENTED_EDGE('',*,*,#15035,.F.);
#15035 = EDGE_CURVE('',#15036,#15027,#15038,.T.);
#15036 = VERTEX_POINT('',#15037);
#15037 = CARTESIAN_POINT('',(-8.5,-15.7,16.5));
#15038 = LINE('',#15039,#15040);
#15039 = CARTESIAN_POINT('',(-8.5,-15.7,16.5));
#15040 = VECTOR('',#15041,1.);
#15041 = DIRECTION('',(0.,0.,1.));
#15042 = ORIENTED_EDGE('',*,*,#15043,.T.);
#15043 = EDGE_CURVE('',#15036,#15036,#15044,.T.);
#15044 = CIRCLE('',#15045,1.5);
#15045 = AXIS2_PLACEMENT_3D('',#15046,#15047,#15048);
#15046 = CARTESIAN_POINT('',(-10.,-15.7,16.5));
#15047 = DIRECTION('',(0.,0.,1.));
#15048 = DIRECTION('',(1.,0.,-0.));
#15049 = ORIENTED_EDGE('',*,*,#15035,.T.);
#15050 = CYLINDRICAL_SURFACE('',#15051,1.5);
#15051 = AXIS2_PLACEMENT_3D('',#15052,#15053,#15054);
#15052 = CARTESIAN_POINT('',(-10.,-15.7,16.5));
#15053 = DIRECTION('',(0.,0.,1.));
#15054 = DIRECTION('',(1.,0.,-0.));
#15055 = ADVANCED_FACE('',(#15056,#15059),#15070,.T.);
#15056 = FACE_BOUND('',#15057,.T.);
#15057 = EDGE_LOOP('',(#15058));
#15058 = ORIENTED_EDGE('',*,*,#15026,.T.);
#15059 = FACE_BOUND('',#15060,.T.);
#15060 = EDGE_LOOP('',(#15061));
#15061 = ORIENTED_EDGE('',*,*,#15062,.F.);
#15062 = EDGE_CURVE('',#15063,#15063,#15065,.T.);
#15063 = VERTEX_POINT('',#15064);
#15064 = CARTESIAN_POINT('',(-9.,-15.7,20.5));
#15065 = CIRCLE('',#15066,1.);
#15066 = AXIS2_PLACEMENT_3D('',#15067,#15068,#15069);
#15067 = CARTESIAN_POINT('',(-10.,-15.7,20.5));
#15068 = DIRECTION('',(0.,0.,1.));
#15069 = DIRECTION('',(1.,0.,-0.));
#15070 = PLANE('',#15071);
#15071 = AXIS2_PLACEMENT_3D('',#15072,#15073,#15074);
#15072 = CARTESIAN_POINT('',(-10.,-15.7,20.5));
#15073 = DIRECTION('',(0.,0.,1.));
#15074 = DIRECTION('',(1.,0.,-0.));
#15075 = ADVANCED_FACE('',(#15076,#15079),#15090,.F.);
#15076 = FACE_BOUND('',#15077,.F.);
#15077 = EDGE_LOOP('',(#15078));
#15078 = ORIENTED_EDGE('',*,*,#15043,.T.);
#15079 = FACE_BOUND('',#15080,.F.);
#15080 = EDGE_LOOP('',(#15081));
#15081 = ORIENTED_EDGE('',*,*,#15082,.F.);
#15082 = EDGE_CURVE('',#15083,#15083,#15085,.T.);
#15083 = VERTEX_POINT('',#15084);
#15084 = CARTESIAN_POINT('',(-9.,-15.7,16.5));
#15085 = CIRCLE('',#15086,1.);
#15086 = AXIS2_PLACEMENT_3D('',#15087,#15088,#15089);
#15087 = CARTESIAN_POINT('',(-10.,-15.7,16.5));
#15088 = DIRECTION('',(0.,0.,1.));
#15089 = DIRECTION('',(1.,0.,-0.));
#15090 = PLANE('',#15091);
#15091 = AXIS2_PLACEMENT_3D('',#15092,#15093,#15094);
#15092 = CARTESIAN_POINT('',(-10.,-15.7,16.5));
#15093 = DIRECTION('',(0.,0.,1.));
#15094 = DIRECTION('',(1.,0.,-0.));
#15095 = ADVANCED_FACE('',(#15096),#15107,.F.);
#15096 = FACE_BOUND('',#15097,.F.);
#15097 = EDGE_LOOP('',(#15098,#15099,#15105,#15106));
#15098 = ORIENTED_EDGE('',*,*,#15062,.F.);
#15099 = ORIENTED_EDGE('',*,*,#15100,.F.);
#15100 = EDGE_CURVE('',#15083,#15063,#15101,.T.);
#15101 = LINE('',#15102,#15103);
#15102 = CARTESIAN_POINT('',(-9.,-15.7,16.5));
#15103 = VECTOR('',#15104,1.);
#15104 = DIRECTION('',(0.,0.,1.));
#15105 = ORIENTED_EDGE('',*,*,#15082,.T.);
#15106 = ORIENTED_EDGE('',*,*,#15100,.T.);
#15107 = CYLINDRICAL_SURFACE('',#15108,1.);
#15108 = AXIS2_PLACEMENT_3D('',#15109,#15110,#15111);
#15109 = CARTESIAN_POINT('',(-10.,-15.7,16.5));
#15110 = DIRECTION('',(0.,0.,1.));
#15111 = DIRECTION('',(1.,0.,-0.));
#15112 = ( GEOMETRIC_REPRESENTATION_CONTEXT(3) 
GLOBAL_UNCERTAINTY_ASSIGNED_CONTEXT((#15116)) 
GLOBAL_UNIT_ASSIGNED_CONTEXT((#15113,#15114,#15115)) 
REPRESENTATION_CONTEXT('Context #1',
  '3D Context with UNIT and UNCERTAINTY') );
#15113 = ( LENGTH_UNIT() NAMED_UNIT(*) SI_UNIT(.MILLI.,.METRE.) );
#15114 = ( NAMED_UNIT(*) PLANE_ANGLE_UNIT() SI_UNIT($,.RADIAN.) );
#15115 = ( NAMED_UNIT(*) SI_UNIT($,.STERADIAN.) SOLID_ANGLE_UNIT() );
#15116 = UNCERTAINTY_MEASURE_WITH_UNIT(LENGTH_MEASURE(1.E-07),#15113,
  'distance_accuracy_value','confusion accuracy');
#15117 = PRODUCT_RELATED_PRODUCT_CATEGORY('part',$,(#7));
ENDSEC;
END-ISO-10303-21;
