ISO-10303-21;
HEADER;
FILE_DESCRIPTION(('FreeCAD Model'),'2;1');
FILE_NAME('Open CASCADE Shape Model','2026-09-13T20:28:59',('FreeCAD'),(
    'FreeCAD'),'Open CASCADE STEP processor 7.8','FreeCAD','Unknown');
FILE_SCHEMA(('AUTOMOTIVE_DESIGN { 1 0 10303 214 1 1 1 1 }'));
ENDSEC;
DATA;
#1 = APPLICATION_PROTOCOL_DEFINITION('international standard',
  'automotive_design',2000,#2);
#2 = APPLICATION_CONTEXT(
  'core data for automotive mechanical design processes');
#3 = SHAPE_DEFINITION_REPRESENTATION(#4,#10);
#4 = PRODUCT_DEFINITION_SHAPE('','',#5);
#5 = PRODUCT_DEFINITION('design','',#6,#9);
#6 = PRODUCT_DEFINITION_FORMATION('','',#7);
#7 = PRODUCT('Open CASCADE STEP translator 7.8 7',
  'Open CASCADE STEP translator 7.8 7','',(#8));
#8 = PRODUCT_CONTEXT('',#2,'mechanical');
#9 = PRODUCT_DEFINITION_CONTEXT('part definition',#2,'design');
#10 = ADVANCED_BREP_SHAPE_REPRESENTATION('',(#11,#15),#4502);
#11 = AXIS2_PLACEMENT_3D('',#12,#13,#14);
#12 = CARTESIAN_POINT('',(0.,0.,0.));
#13 = DIRECTION('',(0.,0.,1.));
#14 = DIRECTION('',(1.,0.,-0.));
#15 = MANIFOLD_SOLID_BREP('',#16);
#16 = CLOSED_SHELL('',(#17,#380,#410,#441,#465,#523,#540,#574,#724,#767,
    #784,#809,#843,#886,#1036,#1053,#1078,#1103,#1128,#1159,#1183,#1241,
    #1258,#1599,#1622,#1722,#1746,#1839,#1856,#1898,#1916,#2052,#2076,
    #2123,#2174,#2255,#2295,#2317,#2333,#2353,#2393,#2410,#2430,#2450,
    #2470,#2493,#2593,#2617,#2710,#2727,#2744,#2786,#2803,#2835,#2859,
    #2883,#2901,#2933,#2957,#2981,#2999,#3031,#3055,#3079,#3097,#3114,
    #3146,#3170,#3194,#3212,#3244,#3268,#3292,#3310,#3342,#3366,#3390,
    #3408,#3440,#3464,#3488,#3506,#3537,#3555,#3572,#3591,#3608,#3625,
    #3642,#3659,#3676,#3688,#3715,#3747,#3796,#3823,#3857,#3906,#3931,
    #3977,#3999,#4016,#4033,#4045,#4062,#4074,#4091,#4103,#4138,#4170,
    #4205,#4237,#4261,#4280,#4297,#4314,#4331,#4348,#4365,#4377,#4404,
    #4464,#4473,#4482));
#17 = ADVANCED_FACE('',(#18,#195,#229,#263,#274,#308,#319,#330,#341),
  #375,.T.);
#18 = FACE_BOUND('',#19,.T.);
#19 = EDGE_LOOP('',(#20));
#20 = ORIENTED_EDGE('',*,*,#21,.F.);
#21 = EDGE_CURVE('',#22,#22,#24,.T.);
#22 = VERTEX_POINT('',#23);
#23 = CARTESIAN_POINT('',(30.775263883746,0.,3.3));
#24 = B_SPLINE_CURVE_WITH_KNOTS('',8,(#25,#26,#27,#28,#29,#30,#31,#32,
    #33,#34,#35,#36,#37,#38,#39,#40,#41,#42,#43,#44,#45,#46,#47,#48,#49,
    #50,#51,#52,#53,#54,#55,#56,#57,#58,#59,#60,#61,#62,#63,#64,#65,#66,
    #67,#68,#69,#70,#71,#72,#73,#74,#75,#76,#77,#78,#79,#80,#81,#82,#83,
    #84,#85,#86,#87,#88,#89,#90,#91,#92,#93,#94,#95,#96,#97,#98,#99,#100
    ,#101,#102,#103,#104,#105,#106,#107,#108,#109,#110,#111,#112,#113,
    #114,#115,#116,#117,#118,#119,#120,#121,#122,#123,#124,#125,#126,
    #127,#128,#129,#130,#131,#132,#133,#134,#135,#136,#137,#138,#139,
    #140,#141,#142,#143,#144,#145,#146,#147,#148,#149,#150,#151,#152,
    #153,#154,#155,#156,#157,#158,#159,#160,#161,#162,#163,#164,#165,
    #166,#167,#168,#169,#170,#171,#172,#173,#174,#175,#176,#177,#178,
    #179,#180,#181,#182,#183,#184,#185,#186,#187,#188,#189,#190,#191,
    #192,#193,#194),.UNSPECIFIED.,.T.,.F.,(9,7,7,7,7,7,7,7,7,7,7,7,7,7,7
    ,7,7,7,7,7,7,7,7,7,9),(0.,2.700481927271E-02,5.20092815611E-02,
    7.701374384949E-02,0.106018920107,0.135024096365,0.286968029141,
    0.438911961914,0.453914639285,0.515924731449,0.544929907705,
    0.565933656026,0.603940438737,0.623944008565,0.649948649345,
    0.676953468617,0.70795900186,0.736964178116,0.765969354373,
    0.788973459677,0.817978635933,0.842983098221,0.869987917492,
    0.898993093749,1.),.UNSPECIFIED.);
#25 = CARTESIAN_POINT('',(30.775263883746,-7.105427357601E-15,3.3));
#26 = CARTESIAN_POINT('',(30.775263903071,-0.652612189966,3.3));
#27 = CARTESIAN_POINT('',(30.759447709841,-1.305225343548,3.3));
#28 = CARTESIAN_POINT('',(30.727815379317,-1.95739087746,3.3));
#29 = CARTESIAN_POINT('',(30.680382104044,-2.608661493795,3.3));
#30 = CARTESIAN_POINT('',(30.617178193851,-3.258591180024,3.3));
#31 = CARTESIAN_POINT('',(30.538249075851,-3.906735208994,3.3));
#32 = CARTESIAN_POINT('',(30.44365529444,-4.55265013893,3.3));
#33 = CARTESIAN_POINT('',(30.231451429924,-5.791489903998,3.3));
#34 = CARTESIAN_POINT('',(30.116065053942,-6.384797286489,3.3));
#35 = CARTESIAN_POINT('',(29.987373525095,-6.975465136146,3.3));
#36 = CARTESIAN_POINT('',(29.845447795287,-7.56314536761,3.3));
#37 = CARTESIAN_POINT('',(29.690369626579,-8.147492634932,3.3));
#38 = CARTESIAN_POINT('',(29.522231591193,-8.728164331565,3.3));
#39 = CARTESIAN_POINT('',(29.341137071507,-9.304820590371,3.3));
#40 = CARTESIAN_POINT('',(28.953263471687,-10.44942798468,3.3));
#41 = CARTESIAN_POINT('',(28.746483970481,-11.01738036275,3.3));
#42 = CARTESIAN_POINT('',(28.526976038828,-11.58064432055,3.3));
#43 = CARTESIAN_POINT('',(28.294864207643,-12.13888715755,3.3));
#44 = CARTESIAN_POINT('',(28.050283256368,-12.69178056998,3.3));
#45 = CARTESIAN_POINT('',(27.793378212979,-13.23900065084,3.3));
#46 = CARTESIAN_POINT('',(27.524304353982,-13.78022788989,3.3));
#47 = CARTESIAN_POINT('',(26.917177861155,-14.93565335101,3.3));
#48 = CARTESIAN_POINT('',(26.574975806415,-15.54767352705,3.3));
#49 = CARTESIAN_POINT('',(26.216879812678,-16.15071547897,3.3));
#50 = CARTESIAN_POINT('',(25.843165598025,-16.74429796335,3.3));
#51 = CARTESIAN_POINT('',(25.454125826133,-17.32795071618,3.3));
#52 = CARTESIAN_POINT('',(25.050070106276,-17.90121445283,3.3));
#53 = CARTESIAN_POINT('',(24.631324993324,-18.46364086804,3.3));
#54 = CARTESIAN_POINT('',(23.765143028818,-19.56594444054,3.3));
#55 = CARTESIAN_POINT('',(23.31770447559,-20.10582376339,3.3));
#56 = CARTESIAN_POINT('',(22.856262010226,-20.63399342141,3.3));
#57 = CARTESIAN_POINT('',(22.381173990428,-21.1500300998,3.3));
#58 = CARTESIAN_POINT('',(21.892813449439,-21.65352435201,3.3));
#59 = CARTESIAN_POINT('',(21.391568096036,-22.14408059975,3.3));
#60 = CARTESIAN_POINT('',(20.877840314535,-22.62131713299,3.3));
#61 = CARTESIAN_POINT('',(17.597675158147,-25.51317264842,3.3));
#62 = CARTESIAN_POINT('',(14.508083594766,-27.56949390915,3.3));
#63 = CARTESIAN_POINT('',(11.147903320722,-29.19344001293,3.3));
#64 = CARTESIAN_POINT('',(7.588913925239,-30.34719942706,3.3));
#65 = CARTESIAN_POINT('',(3.905769715206,-31.00447792118,3.3));
#66 = CARTESIAN_POINT('',(0.176714322486,-31.15333458959,3.3));
#67 = CARTESIAN_POINT('',(-3.517123709985,-30.79334328012,3.3));
#68 = CARTESIAN_POINT('',(-10.66346742821,-29.10138505237,3.3));
#69 = CARTESIAN_POINT('',(-14.12658693703,-27.7669052203,3.3));
#70 = CARTESIAN_POINT('',(-17.39302628781,-25.9618051141,3.3));
#71 = CARTESIAN_POINT('',(-20.3904605095,-23.72284232223,3.3));
#72 = CARTESIAN_POINT('',(-23.05430630194,-21.09577325362,3.3));
#73 = CARTESIAN_POINT('',(-25.32962444712,-18.13757451728,3.3));
#74 = CARTESIAN_POINT('',(-27.16920942984,-14.91422839158,3.3));
#75 = CARTESIAN_POINT('',(-28.67795292265,-11.1724363902,3.3));
#76 = CARTESIAN_POINT('',(-28.80900917951,-10.83435400081,3.3));
#77 = CARTESIAN_POINT('',(-28.93550940182,-10.49451725489,3.3));
#78 = CARTESIAN_POINT('',(-29.05742625373,-10.15299781388,3.3));
#79 = CARTESIAN_POINT('',(-29.1747337638,-9.809867816,3.3));
#80 = CARTESIAN_POINT('',(-29.28740732505,-9.465199876204,3.3));
#81 = CARTESIAN_POINT('',(-29.39542369493,-9.119067086207,3.3));
#82 = CARTESIAN_POINT('',(-29.92588177527,-7.335132885271,3.3));
#83 = CARTESIAN_POINT('',(-30.27308352299,-5.874894260274,3.3));
#84 = CARTESIAN_POINT('',(-30.53878606833,-4.396100831737,3.3));
#85 = CARTESIAN_POINT('',(-30.72186393223,-2.904071167305,3.3));
#86 = CARTESIAN_POINT('',(-30.82160736055,-1.404164079412,3.3));
#87 = CARTESIAN_POINT('',(-30.83770939442,9.822354413853E-02,3.3));
#88 = CARTESIAN_POINT('',(-30.77027897736,1.597656448405,3.3));
#89 = CARTESIAN_POINT('',(-30.54953121309,3.786072858623,3.3));
#90 = CARTESIAN_POINT('',(-30.46102815489,4.481657613228,3.3));
#91 = CARTESIAN_POINT('',(-30.35442685044,5.174859242186,3.3));
#92 = CARTESIAN_POINT('',(-30.22980304772,5.865128311315,3.3));
#93 = CARTESIAN_POINT('',(-30.0872523167,6.551919232255,3.3));
#94 = CARTESIAN_POINT('',(-29.92689004928,7.23469026246,3.3));
#95 = CARTESIAN_POINT('',(-29.74885145931,7.912903505202,3.3));
#96 = CARTESIAN_POINT('',(-29.4116792044,9.0734579278,3.3));
#97 = CARTESIAN_POINT('',(-29.26087884041,9.558221875215,3.3));
#98 = CARTESIAN_POINT('',(-29.10094931888,10.040114323333,3.3));
#99 = CARTESIAN_POINT('',(-28.93195468618,10.518934740842,3.3));
#100 = CARTESIAN_POINT('',(-28.75396420679,10.994484493601,3.3));
#101 = CARTESIAN_POINT('',(-28.56705236328,11.466566844641,3.3));
#102 = CARTESIAN_POINT('',(-28.37129885631,11.934986954165,3.3));
#103 = CARTESIAN_POINT('',(-27.79672333431,13.240191522358,3.3));
#104 = CARTESIAN_POINT('',(-27.39798233831,14.068213373522,3.3));
#105 = CARTESIAN_POINT('',(-26.97107153651,14.882469638118,3.3));
#106 = CARTESIAN_POINT('',(-26.51654808309,15.681842821143,3.3));
#107 = CARTESIAN_POINT('',(-26.03502036661,16.465245727508,3.3));
#108 = CARTESIAN_POINT('',(-25.52714800995,17.231621462039,3.3));
#109 = CARTESIAN_POINT('',(-24.9936418704,17.979943429476,3.3));
#110 = CARTESIAN_POINT('',(-24.1413804257,19.093043499964,3.3));
#111 = CARTESIAN_POINT('',(-23.8406062058,19.471596043592,3.3));
#112 = CARTESIAN_POINT('',(-23.53305207442,19.844728412629,3.3));
#113 = CARTESIAN_POINT('',(-23.21883217146,20.212299053562,3.3));
#114 = CARTESIAN_POINT('',(-22.89806408217,20.574169412091,3.3));
#115 = CARTESIAN_POINT('',(-22.57086883712,20.930203933129,3.3));
#116 = CARTESIAN_POINT('',(-22.23737091225,21.280270060806,3.3));
#117 = CARTESIAN_POINT('',(-21.45612389595,22.071396739695,3.3));
#118 = CARTESIAN_POINT('',(-21.00411338526,22.508250512359,3.3));
#119 = CARTESIAN_POINT('',(-20.54194813229,22.934514647294,3.3));
#120 = CARTESIAN_POINT('',(-20.06991807643,23.34991412895,3.3));
#121 = CARTESIAN_POINT('',(-19.5883216609,23.754183835393,3.3));
#122 = CARTESIAN_POINT('',(-19.09746583278,24.147068538304,3.3));
#123 = CARTESIAN_POINT('',(-18.59766604299,24.528322902977,3.3));
#124 = CARTESIAN_POINT('',(-17.56127190521,25.281307324685,3.3));
#125 = CARTESIAN_POINT('',(-17.02400024809,25.652108142703,3.3));
#126 = CARTESIAN_POINT('',(-16.47779423063,26.009850332624,3.3));
#127 = CARTESIAN_POINT('',(-15.9230246544,26.354283270363,3.3));
#128 = CARTESIAN_POINT('',(-15.3600701668,26.685169317498,3.3));
#129 = CARTESIAN_POINT('',(-14.78931726102,27.002283821275,3.3));
#130 = CARTESIAN_POINT('',(-14.21116027611,27.305415114603,3.3));
#131 = CARTESIAN_POINT('',(-12.95415262714,27.926121155447,3.3));
#132 = CARTESIAN_POINT('',(-12.2730707661,28.239183965106,3.3));
#133 = CARTESIAN_POINT('',(-11.58336526309,28.533252193348,3.3));
#134 = CARTESIAN_POINT('',(-10.88565488659,28.808049751049,3.3));
#135 = CARTESIAN_POINT('',(-10.18056772432,29.063325211645,3.3));
#136 = CARTESIAN_POINT('',(-9.468741183175,29.298851811137,3.3));
#137 = CARTESIAN_POINT('',(-8.750821989264,29.514427448086,3.3));
#138 = CARTESIAN_POINT('',(-7.350778363407,29.892712531365,3.3));
#139 = CARTESIAN_POINT('',(-6.669329854003,30.057936231785,3.3));
#140 = CARTESIAN_POINT('',(-5.983657537916,30.205400842633,3.3));
#141 = CARTESIAN_POINT('',(-5.294301764888,30.334981312585,3.3));
#142 = CARTESIAN_POINT('',(-4.601806356183,30.44657248124,3.3));
#143 = CARTESIAN_POINT('',(-3.906718604584,30.540089079113,3.3));
#144 = CARTESIAN_POINT('',(-3.209589274398,30.615465727642,3.3));
#145 = CARTESIAN_POINT('',(-1.812355933344,30.72984820987,3.3));
#146 = CARTESIAN_POINT('',(-1.112249177515,30.76885426828,3.3));
#147 = CARTESIAN_POINT('',(-0.411206588645,30.789629857091,3.3));
#148 = CARTESIAN_POINT('',(0.290217768884,30.792149909664,3.3));
#149 = CARTESIAN_POINT('',(0.991470020987,30.776409550054,3.3));
#150 = CARTESIAN_POINT('',(1.691996483877,30.742424093004,3.3));
#151 = CARTESIAN_POINT('',(2.391243664067,30.690229043945,3.3));
#152 = CARTESIAN_POINT('',(3.641780436393,30.564086113192,3.3));
#153 = CARTESIAN_POINT('',(4.193751189151,30.496872990155,3.3));
#154 = CARTESIAN_POINT('',(4.744294863438,30.418268564217,3.3));
#155 = CARTESIAN_POINT('',(5.293137179621,30.328308539922,3.3));
#156 = CARTESIAN_POINT('',(5.840005231641,30.22703649203,3.3));
#157 = CARTESIAN_POINT('',(6.384627487011,30.114503865517,3.3));
#158 = CARTESIAN_POINT('',(6.926733786818,29.990769975579,3.3));
#159 = CARTESIAN_POINT('',(8.146069180786,29.685851207816,3.3));
#160 = CARTESIAN_POINT('',(8.821657847738,29.498098990155,3.3));
#161 = CARTESIAN_POINT('',(9.492281887855,29.292780376002,3.3));
#162 = CARTESIAN_POINT('',(10.157408502722,29.070049448211,3.3));
#163 = CARTESIAN_POINT('',(10.816511554229,28.830079351129,3.3));
#164 = CARTESIAN_POINT('',(11.46907156457,28.573062290597,3.3));
#165 = CARTESIAN_POINT('',(12.114575716241,28.299209533947,3.3));
#166 = CARTESIAN_POINT('',(13.302468172788,27.758356424326,3.3));
#167 = CARTESIAN_POINT('',(13.846800223614,27.495620274694,3.3));
#168 = CARTESIAN_POINT('',(14.385190078812,27.220690498142,3.3));
#169 = CARTESIAN_POINT('',(14.917319215791,26.933724387225,3.3));
#170 = CARTESIAN_POINT('',(15.442874515081,26.634888990019,3.3));
#171 = CARTESIAN_POINT('',(15.961548260337,26.324361110116,3.3));
#172 = CARTESIAN_POINT('',(16.473038138333,26.002327306628,3.3));
#173 = CARTESIAN_POINT('',(17.52137700279,25.308973090591,3.3));
#174 = CARTESIAN_POINT('',(18.056982622001,24.935769793625,3.3));
#175 = CARTESIAN_POINT('',(18.583489984471,24.549621525181,3.3));
#176 = CARTESIAN_POINT('',(19.100534389567,24.150787707077,3.3));
#177 = CARTESIAN_POINT('',(19.60776054815,23.739539661058,3.3));
#178 = CARTESIAN_POINT('',(20.104822582572,23.316160608796,3.3));
#179 = CARTESIAN_POINT('',(20.591384026678,22.880945671891,3.3));
#180 = CARTESIAN_POINT('',(21.578091103137,21.954366066354,3.3));
#181 = CARTESIAN_POINT('',(22.07657502922,21.461228440953,3.3));
#182 = CARTESIAN_POINT('',(22.562164304187,20.955169756078,3.3));
#183 = CARTESIAN_POINT('',(23.034468732077,20.436584172596,3.3));
#184 = CARTESIAN_POINT('',(23.493113220835,19.905879251824,3.3));
#185 = CARTESIAN_POINT('',(23.937737782318,19.363475955534,3.3));
#186 = CARTESIAN_POINT('',(24.367997532289,18.809808645947,3.3));
#187 = CARTESIAN_POINT('',(26.230717625818,16.279580190684,3.3));
#188 = CARTESIAN_POINT('',(27.500102673542,14.182084016301,3.3));
#189 = CARTESIAN_POINT('',(28.577026475418,11.972415030066,3.3));
#190 = CARTESIAN_POINT('',(29.450265189476,9.671364486663,3.3));
#191 = CARTESIAN_POINT('',(30.111232675249,7.30060481098,3.3));
#192 = CARTESIAN_POINT('',(30.553994774013,4.882679331083,3.3));
#193 = CARTESIAN_POINT('',(30.775263897341,2.440985538544,3.3));
#194 = CARTESIAN_POINT('',(30.775263883746,0.,3.3));
#195 = FACE_BOUND('',#196,.T.);
#196 = EDGE_LOOP('',(#197,#207,#215,#223));
#197 = ORIENTED_EDGE('',*,*,#198,.F.);
#198 = EDGE_CURVE('',#199,#201,#203,.T.);
#199 = VERTEX_POINT('',#200);
#200 = CARTESIAN_POINT('',(-14.29496844459,-15.55583097003,3.3));
#201 = VERTEX_POINT('',#202);
#202 = CARTESIAN_POINT('',(-17.19597297692,-20.11040808579,3.3));
#203 = LINE('',#204,#205);
#204 = CARTESIAN_POINT('',(-14.29496844459,-15.55583097003,3.3));
#205 = VECTOR('',#206,1.);
#206 = DIRECTION('',(-0.537223061543,-0.843440206622,0.));
#207 = ORIENTED_EDGE('',*,*,#208,.T.);
#208 = EDGE_CURVE('',#199,#209,#211,.T.);
#209 = VERTEX_POINT('',#210);
#210 = CARTESIAN_POINT('',(-8.053510915587,-19.53128162544,3.3));
#211 = LINE('',#212,#213);
#212 = CARTESIAN_POINT('',(-14.29496844459,-15.55583097003,3.3));
#213 = VECTOR('',#214,1.);
#214 = DIRECTION('',(0.843440206622,-0.537223061543,0.));
#215 = ORIENTED_EDGE('',*,*,#216,.T.);
#216 = EDGE_CURVE('',#209,#217,#219,.T.);
#217 = VERTEX_POINT('',#218);
#218 = CARTESIAN_POINT('',(-10.95451544791,-24.0858587412,3.3));
#219 = LINE('',#220,#221);
#220 = CARTESIAN_POINT('',(-8.053510915587,-19.53128162544,3.3));
#221 = VECTOR('',#222,1.);
#222 = DIRECTION('',(-0.537223061543,-0.843440206622,0.));
#223 = ORIENTED_EDGE('',*,*,#224,.F.);
#224 = EDGE_CURVE('',#201,#217,#225,.T.);
#225 = LINE('',#226,#227);
#226 = CARTESIAN_POINT('',(-17.19597297692,-20.11040808579,3.3));
#227 = VECTOR('',#228,1.);
#228 = DIRECTION('',(0.843440206622,-0.537223061543,0.));
#229 = FACE_BOUND('',#230,.T.);
#230 = EDGE_LOOP('',(#231,#241,#249,#257));
#231 = ORIENTED_EDGE('',*,*,#232,.F.);
#232 = EDGE_CURVE('',#233,#235,#237,.T.);
#233 = VERTEX_POINT('',#234);
#234 = CARTESIAN_POINT('',(-7.2,-28.5,3.3));
#235 = VERTEX_POINT('',#236);
#236 = CARTESIAN_POINT('',(-5.4,-28.5,3.3));
#237 = LINE('',#238,#239);
#238 = CARTESIAN_POINT('',(-7.2,-28.5,3.3));
#239 = VECTOR('',#240,1.);
#240 = DIRECTION('',(1.,0.,0.));
#241 = ORIENTED_EDGE('',*,*,#242,.T.);
#242 = EDGE_CURVE('',#233,#243,#245,.T.);
#243 = VERTEX_POINT('',#244);
#244 = CARTESIAN_POINT('',(-7.2,-23.5,3.3));
#245 = LINE('',#246,#247);
#246 = CARTESIAN_POINT('',(-7.2,-28.5,3.3));
#247 = VECTOR('',#248,1.);
#248 = DIRECTION('',(0.,1.,0.));
#249 = ORIENTED_EDGE('',*,*,#250,.T.);
#250 = EDGE_CURVE('',#243,#251,#253,.T.);
#251 = VERTEX_POINT('',#252);
#252 = CARTESIAN_POINT('',(-5.4,-23.5,3.3));
#253 = LINE('',#254,#255);
#254 = CARTESIAN_POINT('',(-7.2,-23.5,3.3));
#255 = VECTOR('',#256,1.);
#256 = DIRECTION('',(1.,0.,0.));
#257 = ORIENTED_EDGE('',*,*,#258,.F.);
#258 = EDGE_CURVE('',#235,#251,#259,.T.);
#259 = LINE('',#260,#261);
#260 = CARTESIAN_POINT('',(-5.4,-28.5,3.3));
#261 = VECTOR('',#262,1.);
#262 = DIRECTION('',(0.,1.,0.));
#263 = FACE_BOUND('',#264,.T.);
#264 = EDGE_LOOP('',(#265));
#265 = ORIENTED_EDGE('',*,*,#266,.F.);
#266 = EDGE_CURVE('',#267,#267,#269,.T.);
#267 = VERTEX_POINT('',#268);
#268 = CARTESIAN_POINT('',(-21.84967320028,-13.25,3.3));
#269 = CIRCLE('',#270,1.1);
#270 = AXIS2_PLACEMENT_3D('',#271,#272,#273);
#271 = CARTESIAN_POINT('',(-22.94967320028,-13.25,3.3));
#272 = DIRECTION('',(0.,0.,1.));
#273 = DIRECTION('',(1.,0.,0.));
#274 = FACE_BOUND('',#275,.T.);
#275 = EDGE_LOOP('',(#276,#286,#294,#302));
#276 = ORIENTED_EDGE('',*,*,#277,.F.);
#277 = EDGE_CURVE('',#278,#280,#282,.T.);
#278 = VERTEX_POINT('',#279);
#279 = CARTESIAN_POINT('',(5.4,-28.5,3.3));
#280 = VERTEX_POINT('',#281);
#281 = CARTESIAN_POINT('',(7.2,-28.5,3.3));
#282 = LINE('',#283,#284);
#283 = CARTESIAN_POINT('',(5.4,-28.5,3.3));
#284 = VECTOR('',#285,1.);
#285 = DIRECTION('',(1.,0.,0.));
#286 = ORIENTED_EDGE('',*,*,#287,.T.);
#287 = EDGE_CURVE('',#278,#288,#290,.T.);
#288 = VERTEX_POINT('',#289);
#289 = CARTESIAN_POINT('',(5.4,-23.5,3.3));
#290 = LINE('',#291,#292);
#291 = CARTESIAN_POINT('',(5.4,-28.5,3.3));
#292 = VECTOR('',#293,1.);
#293 = DIRECTION('',(0.,1.,0.));
#294 = ORIENTED_EDGE('',*,*,#295,.T.);
#295 = EDGE_CURVE('',#288,#296,#298,.T.);
#296 = VERTEX_POINT('',#297);
#297 = CARTESIAN_POINT('',(7.2,-23.5,3.3));
#298 = LINE('',#299,#300);
#299 = CARTESIAN_POINT('',(5.4,-23.5,3.3));
#300 = VECTOR('',#301,1.);
#301 = DIRECTION('',(1.,0.,0.));
#302 = ORIENTED_EDGE('',*,*,#303,.F.);
#303 = EDGE_CURVE('',#280,#296,#304,.T.);
#304 = LINE('',#305,#306);
#305 = CARTESIAN_POINT('',(7.2,-28.5,3.3));
#306 = VECTOR('',#307,1.);
#307 = DIRECTION('',(0.,1.,0.));
#308 = FACE_BOUND('',#309,.T.);
#309 = EDGE_LOOP('',(#310));
#310 = ORIENTED_EDGE('',*,*,#311,.F.);
#311 = EDGE_CURVE('',#312,#312,#314,.T.);
#312 = VERTEX_POINT('',#313);
#313 = CARTESIAN_POINT('',(24.049673200288,-13.25,3.3));
#314 = CIRCLE('',#315,1.1);
#315 = AXIS2_PLACEMENT_3D('',#316,#317,#318);
#316 = CARTESIAN_POINT('',(22.949673200288,-13.25,3.3));
#317 = DIRECTION('',(0.,0.,1.));
#318 = DIRECTION('',(1.,0.,0.));
#319 = FACE_BOUND('',#320,.T.);
#320 = EDGE_LOOP('',(#321));
#321 = ORIENTED_EDGE('',*,*,#322,.F.);
#322 = EDGE_CURVE('',#323,#323,#325,.T.);
#323 = VERTEX_POINT('',#324);
#324 = CARTESIAN_POINT('',(20.2,-4.947573068555E-15,3.3));
#325 = CIRCLE('',#326,20.2);
#326 = AXIS2_PLACEMENT_3D('',#327,#328,#329);
#327 = CARTESIAN_POINT('',(0.,0.,3.3));
#328 = DIRECTION('',(0.,0.,1.));
#329 = DIRECTION('',(1.,0.,0.));
#330 = FACE_BOUND('',#331,.T.);
#331 = EDGE_LOOP('',(#332));
#332 = ORIENTED_EDGE('',*,*,#333,.F.);
#333 = EDGE_CURVE('',#334,#334,#336,.T.);
#334 = VERTEX_POINT('',#335);
#335 = CARTESIAN_POINT('',(1.1,26.5,3.3));
#336 = CIRCLE('',#337,1.1);
#337 = AXIS2_PLACEMENT_3D('',#338,#339,#340);
#338 = CARTESIAN_POINT('',(1.62265700887E-15,26.5,3.3));
#339 = DIRECTION('',(0.,0.,1.));
#340 = DIRECTION('',(1.,0.,0.));
#341 = FACE_BOUND('',#342,.T.);
#342 = EDGE_LOOP('',(#343,#353,#361,#369));
#343 = ORIENTED_EDGE('',*,*,#344,.F.);
#344 = EDGE_CURVE('',#345,#347,#349,.T.);
#345 = VERTEX_POINT('',#346);
#346 = CARTESIAN_POINT('',(14.29496844459,15.555830970031,3.3));
#347 = VERTEX_POINT('',#348);
#348 = CARTESIAN_POINT('',(17.195972976921,20.11040808579,3.3));
#349 = LINE('',#350,#351);
#350 = CARTESIAN_POINT('',(14.29496844459,15.555830970031,3.3));
#351 = VECTOR('',#352,1.);
#352 = DIRECTION('',(0.537223061543,0.843440206622,0.));
#353 = ORIENTED_EDGE('',*,*,#354,.T.);
#354 = EDGE_CURVE('',#345,#355,#357,.T.);
#355 = VERTEX_POINT('',#356);
#356 = CARTESIAN_POINT('',(8.053510915587,19.531281625447,3.3));
#357 = LINE('',#358,#359);
#358 = CARTESIAN_POINT('',(14.29496844459,15.555830970031,3.3));
#359 = VECTOR('',#360,1.);
#360 = DIRECTION('',(-0.843440206622,0.537223061543,0.));
#361 = ORIENTED_EDGE('',*,*,#362,.T.);
#362 = EDGE_CURVE('',#355,#363,#365,.T.);
#363 = VERTEX_POINT('',#364);
#364 = CARTESIAN_POINT('',(10.954515447918,24.085858741206,3.3));
#365 = LINE('',#366,#367);
#366 = CARTESIAN_POINT('',(8.053510915587,19.531281625447,3.3));
#367 = VECTOR('',#368,1.);
#368 = DIRECTION('',(0.537223061543,0.843440206622,0.));
#369 = ORIENTED_EDGE('',*,*,#370,.F.);
#370 = EDGE_CURVE('',#347,#363,#371,.T.);
#371 = LINE('',#372,#373);
#372 = CARTESIAN_POINT('',(17.195972976921,20.11040808579,3.3));
#373 = VECTOR('',#374,1.);
#374 = DIRECTION('',(-0.843440206622,0.537223061543,0.));
#375 = PLANE('',#376);
#376 = AXIS2_PLACEMENT_3D('',#377,#378,#379);
#377 = CARTESIAN_POINT('',(0.,0.,3.3));
#378 = DIRECTION('',(0.,0.,1.));
#379 = DIRECTION('',(1.,0.,0.));
#380 = ADVANCED_FACE('',(#381),#401,.T.);
#381 = FACE_BOUND('',#382,.T.);
#382 = EDGE_LOOP('',(#383,#392,#399,#400));
#383 = ORIENTED_EDGE('',*,*,#384,.F.);
#384 = EDGE_CURVE('',#385,#22,#387,.T.);
#385 = VERTEX_POINT('',#386);
#386 = CARTESIAN_POINT('',(32.7,0.,0.));
#387 = B_SPLINE_CURVE_WITH_KNOTS('',3,(#388,#389,#390,#391),
  .UNSPECIFIED.,.F.,.F.,(4,4),(0.,1.),.PIECEWISE_BEZIER_KNOTS.);
#388 = CARTESIAN_POINT('',(32.7,0.,0.));
#389 = CARTESIAN_POINT('',(29.2,0.,5.));
#390 = CARTESIAN_POINT('',(26.4,0.,14.));
#391 = CARTESIAN_POINT('',(24.7,0.,27.));
#392 = ORIENTED_EDGE('',*,*,#393,.T.);
#393 = EDGE_CURVE('',#385,#385,#394,.T.);
#394 = CIRCLE('',#395,32.7);
#395 = AXIS2_PLACEMENT_3D('',#396,#397,#398);
#396 = CARTESIAN_POINT('',(0.,0.,0.));
#397 = DIRECTION('',(0.,0.,1.));
#398 = DIRECTION('',(1.,0.,0.));
#399 = ORIENTED_EDGE('',*,*,#384,.T.);
#400 = ORIENTED_EDGE('',*,*,#21,.T.);
#401 = SURFACE_OF_REVOLUTION('',#402,#407);
#402 = B_SPLINE_CURVE_WITH_KNOTS('',3,(#403,#404,#405,#406),
  .UNSPECIFIED.,.F.,.F.,(4,4),(0.,1.),.PIECEWISE_BEZIER_KNOTS.);
#403 = CARTESIAN_POINT('',(32.7,0.,0.));
#404 = CARTESIAN_POINT('',(29.2,0.,5.));
#405 = CARTESIAN_POINT('',(26.4,0.,14.));
#406 = CARTESIAN_POINT('',(24.7,0.,27.));
#407 = AXIS1_PLACEMENT('',#408,#409);
#408 = CARTESIAN_POINT('',(0.,0.,0.));
#409 = DIRECTION('',(0.,0.,1.));
#410 = ADVANCED_FACE('',(#411),#436,.F.);
#411 = FACE_BOUND('',#412,.F.);
#412 = EDGE_LOOP('',(#413,#414,#422,#430));
#413 = ORIENTED_EDGE('',*,*,#198,.F.);
#414 = ORIENTED_EDGE('',*,*,#415,.T.);
#415 = EDGE_CURVE('',#199,#416,#418,.T.);
#416 = VERTEX_POINT('',#417);
#417 = CARTESIAN_POINT('',(-14.29496844459,-15.55583097003,12.5));
#418 = LINE('',#419,#420);
#419 = CARTESIAN_POINT('',(-14.29496844459,-15.55583097003,3.3));
#420 = VECTOR('',#421,1.);
#421 = DIRECTION('',(0.,0.,1.));
#422 = ORIENTED_EDGE('',*,*,#423,.T.);
#423 = EDGE_CURVE('',#416,#424,#426,.T.);
#424 = VERTEX_POINT('',#425);
#425 = CARTESIAN_POINT('',(-17.19597297692,-20.11040808579,12.5));
#426 = LINE('',#427,#428);
#427 = CARTESIAN_POINT('',(-14.29496844459,-15.55583097003,12.5));
#428 = VECTOR('',#429,1.);
#429 = DIRECTION('',(-0.537223061543,-0.843440206622,0.));
#430 = ORIENTED_EDGE('',*,*,#431,.F.);
#431 = EDGE_CURVE('',#201,#424,#432,.T.);
#432 = LINE('',#433,#434);
#433 = CARTESIAN_POINT('',(-17.19597297692,-20.11040808579,3.3));
#434 = VECTOR('',#435,1.);
#435 = DIRECTION('',(0.,0.,1.));
#436 = PLANE('',#437);
#437 = AXIS2_PLACEMENT_3D('',#438,#439,#440);
#438 = CARTESIAN_POINT('',(-14.29496844459,-15.55583097003,3.3));
#439 = DIRECTION('',(0.843440206622,-0.537223061543,0.));
#440 = DIRECTION('',(0.,0.,1.));
#441 = ADVANCED_FACE('',(#442),#460,.F.);
#442 = FACE_BOUND('',#443,.F.);
#443 = EDGE_LOOP('',(#444,#445,#446,#454));
#444 = ORIENTED_EDGE('',*,*,#415,.F.);
#445 = ORIENTED_EDGE('',*,*,#208,.T.);
#446 = ORIENTED_EDGE('',*,*,#447,.T.);
#447 = EDGE_CURVE('',#209,#448,#450,.T.);
#448 = VERTEX_POINT('',#449);
#449 = CARTESIAN_POINT('',(-8.053510915587,-19.53128162544,12.5));
#450 = LINE('',#451,#452);
#451 = CARTESIAN_POINT('',(-8.053510915587,-19.53128162544,3.3));
#452 = VECTOR('',#453,1.);
#453 = DIRECTION('',(0.,0.,1.));
#454 = ORIENTED_EDGE('',*,*,#455,.F.);
#455 = EDGE_CURVE('',#416,#448,#456,.T.);
#456 = LINE('',#457,#458);
#457 = CARTESIAN_POINT('',(-14.29496844459,-15.55583097003,12.5));
#458 = VECTOR('',#459,1.);
#459 = DIRECTION('',(0.843440206622,-0.537223061543,0.));
#460 = PLANE('',#461);
#461 = AXIS2_PLACEMENT_3D('',#462,#463,#464);
#462 = CARTESIAN_POINT('',(-14.29496844459,-15.55583097003,3.3));
#463 = DIRECTION('',(-0.537223061543,-0.843440206622,0.));
#464 = DIRECTION('',(0.,0.,1.));
#465 = ADVANCED_FACE('',(#466,#484),#518,.T.);
#466 = FACE_BOUND('',#467,.T.);
#467 = EDGE_LOOP('',(#468,#469,#470,#478));
#468 = ORIENTED_EDGE('',*,*,#431,.F.);
#469 = ORIENTED_EDGE('',*,*,#224,.T.);
#470 = ORIENTED_EDGE('',*,*,#471,.T.);
#471 = EDGE_CURVE('',#217,#472,#474,.T.);
#472 = VERTEX_POINT('',#473);
#473 = CARTESIAN_POINT('',(-10.95451544791,-24.0858587412,12.5));
#474 = LINE('',#475,#476);
#475 = CARTESIAN_POINT('',(-10.95451544791,-24.0858587412,3.3));
#476 = VECTOR('',#477,1.);
#477 = DIRECTION('',(0.,0.,1.));
#478 = ORIENTED_EDGE('',*,*,#479,.F.);
#479 = EDGE_CURVE('',#424,#472,#480,.T.);
#480 = LINE('',#481,#482);
#481 = CARTESIAN_POINT('',(-17.19597297692,-20.11040808579,12.5));
#482 = VECTOR('',#483,1.);
#483 = DIRECTION('',(0.843440206622,-0.537223061543,0.));
#484 = FACE_BOUND('',#485,.T.);
#485 = EDGE_LOOP('',(#486,#496,#504,#512));
#486 = ORIENTED_EDGE('',*,*,#487,.T.);
#487 = EDGE_CURVE('',#488,#490,#492,.T.);
#488 = VERTEX_POINT('',#489);
#489 = CARTESIAN_POINT('',(-12.09315972685,-23.36060760812,9.15));
#490 = VERTEX_POINT('',#491);
#491 = CARTESIAN_POINT('',(-16.05732869798,-20.83565921887,9.15));
#492 = LINE('',#493,#494);
#493 = CARTESIAN_POINT('',(-16.62665083745,-20.47303365233,9.15));
#494 = VECTOR('',#495,1.);
#495 = DIRECTION('',(-0.843440206622,0.537223061543,0.));
#496 = ORIENTED_EDGE('',*,*,#497,.T.);
#497 = EDGE_CURVE('',#490,#498,#500,.T.);
#498 = VERTEX_POINT('',#499);
#499 = CARTESIAN_POINT('',(-16.05732869798,-20.83565921887,11.05));
#500 = LINE('',#501,#502);
#501 = CARTESIAN_POINT('',(-16.05732869798,-20.83565921887,6.225));
#502 = VECTOR('',#503,1.);
#503 = DIRECTION('',(0.,0.,1.));
#504 = ORIENTED_EDGE('',*,*,#505,.F.);
#505 = EDGE_CURVE('',#506,#498,#508,.T.);
#506 = VERTEX_POINT('',#507);
#507 = CARTESIAN_POINT('',(-12.09315972685,-23.36060760812,11.05));
#508 = LINE('',#509,#510);
#509 = CARTESIAN_POINT('',(-16.62665083745,-20.47303365233,11.05));
#510 = VECTOR('',#511,1.);
#511 = DIRECTION('',(-0.843440206622,0.537223061543,0.));
#512 = ORIENTED_EDGE('',*,*,#513,.F.);
#513 = EDGE_CURVE('',#488,#506,#514,.T.);
#514 = LINE('',#515,#516);
#515 = CARTESIAN_POINT('',(-12.09315972685,-23.36060760812,6.225));
#516 = VECTOR('',#517,1.);
#517 = DIRECTION('',(0.,0.,1.));
#518 = PLANE('',#519);
#519 = AXIS2_PLACEMENT_3D('',#520,#521,#522);
#520 = CARTESIAN_POINT('',(-17.19597297692,-20.11040808579,3.3));
#521 = DIRECTION('',(-0.537223061543,-0.843440206622,0.));
#522 = DIRECTION('',(0.,0.,1.));
#523 = ADVANCED_FACE('',(#524),#535,.T.);
#524 = FACE_BOUND('',#525,.T.);
#525 = EDGE_LOOP('',(#526,#527,#528,#534));
#526 = ORIENTED_EDGE('',*,*,#216,.F.);
#527 = ORIENTED_EDGE('',*,*,#447,.T.);
#528 = ORIENTED_EDGE('',*,*,#529,.T.);
#529 = EDGE_CURVE('',#448,#472,#530,.T.);
#530 = LINE('',#531,#532);
#531 = CARTESIAN_POINT('',(-8.053510915587,-19.53128162544,12.5));
#532 = VECTOR('',#533,1.);
#533 = DIRECTION('',(-0.537223061543,-0.843440206622,0.));
#534 = ORIENTED_EDGE('',*,*,#471,.F.);
#535 = PLANE('',#536);
#536 = AXIS2_PLACEMENT_3D('',#537,#538,#539);
#537 = CARTESIAN_POINT('',(-8.053510915587,-19.53128162544,3.3));
#538 = DIRECTION('',(0.843440206622,-0.537223061543,0.));
#539 = DIRECTION('',(0.,0.,1.));
#540 = ADVANCED_FACE('',(#541),#569,.F.);
#541 = FACE_BOUND('',#542,.F.);
#542 = EDGE_LOOP('',(#543,#544,#552,#563));
#543 = ORIENTED_EDGE('',*,*,#232,.F.);
#544 = ORIENTED_EDGE('',*,*,#545,.T.);
#545 = EDGE_CURVE('',#233,#546,#548,.T.);
#546 = VERTEX_POINT('',#547);
#547 = CARTESIAN_POINT('',(-7.2,-28.5,7.267338262316));
#548 = LINE('',#549,#550);
#549 = CARTESIAN_POINT('',(-7.2,-28.5,3.3));
#550 = VECTOR('',#551,1.);
#551 = DIRECTION('',(0.,0.,1.));
#552 = ORIENTED_EDGE('',*,*,#553,.F.);
#553 = EDGE_CURVE('',#554,#546,#556,.T.);
#554 = VERTEX_POINT('',#555);
#555 = CARTESIAN_POINT('',(-5.4,-28.5,8.366882012267));
#556 = B_SPLINE_CURVE_WITH_KNOTS('',5,(#557,#558,#559,#560,#561,#562),
  .UNSPECIFIED.,.F.,.F.,(6,6),(0.,1.),.PIECEWISE_BEZIER_KNOTS.);
#557 = CARTESIAN_POINT('',(-5.4,-28.5,8.366882012267));
#558 = CARTESIAN_POINT('',(-5.770387391129,-28.5,8.164646648336));
#559 = CARTESIAN_POINT('',(-6.135067423158,-28.5,7.951992183969));
#560 = CARTESIAN_POINT('',(-6.494531960861,-28.5,7.730659064709));
#561 = CARTESIAN_POINT('',(-6.849314409293,-28.5,7.502068628581));
#562 = CARTESIAN_POINT('',(-7.2,-28.5,7.267338259034));
#563 = ORIENTED_EDGE('',*,*,#564,.F.);
#564 = EDGE_CURVE('',#235,#554,#565,.T.);
#565 = LINE('',#566,#567);
#566 = CARTESIAN_POINT('',(-5.4,-28.5,3.3));
#567 = VECTOR('',#568,1.);
#568 = DIRECTION('',(0.,0.,1.));
#569 = PLANE('',#570);
#570 = AXIS2_PLACEMENT_3D('',#571,#572,#573);
#571 = CARTESIAN_POINT('',(-7.2,-28.5,3.3));
#572 = DIRECTION('',(0.,1.,0.));
#573 = DIRECTION('',(0.,0.,1.));
#574 = ADVANCED_FACE('',(#575),#719,.T.);
#575 = FACE_BOUND('',#576,.T.);
#576 = EDGE_LOOP('',(#577,#578,#609,#617,#648,#656,#664,#672,#680,#688,
    #696,#704,#712,#718));
#577 = ORIENTED_EDGE('',*,*,#545,.T.);
#578 = ORIENTED_EDGE('',*,*,#579,.F.);
#579 = EDGE_CURVE('',#580,#546,#582,.T.);
#580 = VERTEX_POINT('',#581);
#581 = CARTESIAN_POINT('',(-7.200000000001,-32.20496856076,0.));
#582 = B_SPLINE_CURVE_WITH_KNOTS('',7,(#583,#584,#585,#586,#587,#588,
    #589,#590,#591,#592,#593,#594,#595,#596,#597,#598,#599,#600,#601,
    #602,#603,#604,#605,#606,#607,#608),.UNSPECIFIED.,.F.,.F.,(8,6,6,6,8
    ),(0.,0.164413671943,0.363501898568,0.652339242853,1.),
  .UNSPECIFIED.);
#583 = CARTESIAN_POINT('',(-7.2,-32.20496856076,0.));
#584 = CARTESIAN_POINT('',(-7.2,-31.81550426233,0.542973397693));
#585 = CARTESIAN_POINT('',(-7.2,-31.44762037568,1.101356267287));
#586 = CARTESIAN_POINT('',(-7.2,-31.09898874813,1.672247459656));
#587 = CARTESIAN_POINT('',(-7.2,-30.76780932497,2.253424153057));
#588 = CARTESIAN_POINT('',(-7.2,-30.45252004807,2.843166948192));
#589 = CARTESIAN_POINT('',(-7.2,-30.15174626479,3.440230629572));
#590 = CARTESIAN_POINT('',(-7.2,-29.51609713654,4.774673427931));
#591 = CARTESIAN_POINT('',(-7.2,-29.18751958678,5.51485387817));
#592 = CARTESIAN_POINT('',(-7.2,-28.87636757072,6.262693125864));
#593 = CARTESIAN_POINT('',(-7.2,-28.58101057763,7.016920351464));
#594 = CARTESIAN_POINT('',(-7.2,-28.30007803787,7.776545791041));
#595 = CARTESIAN_POINT('',(-7.2,-28.03240107711,8.5408374009));
#596 = CARTESIAN_POINT('',(-7.2,-27.40634977649,10.424176355838));
#597 = CARTESIAN_POINT('',(-7.2,-27.06155389488,11.547625181354));
#598 = CARTESIAN_POINT('',(-7.2,-26.73946788649,12.677966334855));
#599 = CARTESIAN_POINT('',(-7.2,-26.43781964262,13.813939147852));
#600 = CARTESIAN_POINT('',(-7.2,-26.15474065693,14.954579758319));
#601 = CARTESIAN_POINT('',(-7.2,-25.88867933057,16.099197598001));
#602 = CARTESIAN_POINT('',(-7.2,-25.33693754542,18.629324126668));
#603 = CARTESIAN_POINT('',(-7.2,-25.0583277055,20.016272702166));
#604 = CARTESIAN_POINT('',(-7.2,-24.80017777782,21.407286733817));
#605 = CARTESIAN_POINT('',(-7.2,-24.56070680039,22.801653602623));
#606 = CARTESIAN_POINT('',(-7.2,-24.33845261274,24.198817987521));
#607 = CARTESIAN_POINT('',(-7.2,-24.13216094727,25.598361756267));
#608 = CARTESIAN_POINT('',(-7.2,-23.94076022184,27.));
#609 = ORIENTED_EDGE('',*,*,#610,.F.);
#610 = EDGE_CURVE('',#611,#580,#613,.T.);
#611 = VERTEX_POINT('',#612);
#612 = CARTESIAN_POINT('',(-7.2,-34.25142332809,0.));
#613 = LINE('',#614,#615);
#614 = CARTESIAN_POINT('',(-7.2,-55.,0.));
#615 = VECTOR('',#616,1.);
#616 = DIRECTION('',(0.,1.,0.));
#617 = ORIENTED_EDGE('',*,*,#618,.T.);
#618 = EDGE_CURVE('',#611,#619,#621,.T.);
#619 = VERTEX_POINT('',#620);
#620 = CARTESIAN_POINT('',(-7.2,-28.5,13.901403142824));
#621 = B_SPLINE_CURVE_WITH_KNOTS('',7,(#622,#623,#624,#625,#626,#627,
    #628,#629,#630,#631,#632,#633,#634,#635,#636,#637,#638,#639,#640,
    #641,#642,#643,#644,#645,#646,#647),.UNSPECIFIED.,.F.,.F.,(8,6,6,6,8
    ),(0.,0.164349734154,0.363411262472,0.652266420827,1.),
  .UNSPECIFIED.);
#622 = CARTESIAN_POINT('',(-7.2,-34.25142332809,0.));
#623 = CARTESIAN_POINT('',(-7.2,-33.86297066311,0.543063537589));
#624 = CARTESIAN_POINT('',(-7.2,-33.49611514753,1.101505608471));
#625 = CARTESIAN_POINT('',(-7.2,-33.14851955257,1.672424608373));
#626 = CARTESIAN_POINT('',(-7.2,-32.81837835149,2.253598633002));
#627 = CARTESIAN_POINT('',(-7.2,-32.50412538612,2.843309746508));
#628 = CARTESIAN_POINT('',(-7.2,-32.20438313833,3.440314762562));
#629 = CARTESIAN_POINT('',(-7.2,-31.57091109074,4.774759836801));
#630 = CARTESIAN_POINT('',(-7.2,-31.24348582524,5.514993793091));
#631 = CARTESIAN_POINT('',(-7.2,-30.9334807411,6.262856742525));
#632 = CARTESIAN_POINT('',(-7.2,-30.63926202688,7.017080019809));
#633 = CARTESIAN_POINT('',(-7.2,-30.35945662159,7.776675896726));
#634 = CARTESIAN_POINT('',(-7.2,-30.09289385171,8.540914290182));
#635 = CARTESIAN_POINT('',(-7.2,-29.4694659395,10.424287724568));
#636 = CARTESIAN_POINT('',(-7.2,-29.12617337526,11.547803241616));
#637 = CARTESIAN_POINT('',(-7.2,-28.80556453605,12.678172651479));
#638 = CARTESIAN_POINT('',(-7.2,-28.50536338298,13.814138965591));
#639 = CARTESIAN_POINT('',(-7.2,-28.22369829204,14.954741531728));
#640 = CARTESIAN_POINT('',(-7.2,-27.9590152927,16.099292616505));
#641 = CARTESIAN_POINT('',(-7.2,-27.41018402864,18.629418516057));
#642 = CARTESIAN_POINT('',(-7.2,-27.1330961277,20.016422862732));
#643 = CARTESIAN_POINT('',(-7.2,-26.87641602706,21.407459996554));
#644 = CARTESIAN_POINT('',(-7.2,-26.6383593632,22.801820630794));
#645 = CARTESIAN_POINT('',(-7.2,-26.41746126249,24.198952371415));
#646 = CARTESIAN_POINT('',(-7.2,-26.21246527038,25.598439693577));
#647 = CARTESIAN_POINT('',(-7.2,-26.02229813064,27.));
#648 = ORIENTED_EDGE('',*,*,#649,.T.);
#649 = EDGE_CURVE('',#619,#650,#652,.T.);
#650 = VERTEX_POINT('',#651);
#651 = CARTESIAN_POINT('',(-7.2,-28.5,20.));
#652 = LINE('',#653,#654);
#653 = CARTESIAN_POINT('',(-7.2,-28.5,3.3));
#654 = VECTOR('',#655,1.);
#655 = DIRECTION('',(0.,0.,1.));
#656 = ORIENTED_EDGE('',*,*,#657,.F.);
#657 = EDGE_CURVE('',#658,#650,#660,.T.);
#658 = VERTEX_POINT('',#659);
#659 = CARTESIAN_POINT('',(-7.2,-29.1,20.));
#660 = LINE('',#661,#662);
#661 = CARTESIAN_POINT('',(-7.2,-29.1,20.));
#662 = VECTOR('',#663,1.);
#663 = DIRECTION('',(0.,1.,0.));
#664 = ORIENTED_EDGE('',*,*,#665,.T.);
#665 = EDGE_CURVE('',#658,#666,#668,.T.);
#666 = VERTEX_POINT('',#667);
#667 = CARTESIAN_POINT('',(-7.2,-29.1,27.));
#668 = LINE('',#669,#670);
#669 = CARTESIAN_POINT('',(-7.2,-29.1,20.));
#670 = VECTOR('',#671,1.);
#671 = DIRECTION('',(0.,0.,1.));
#672 = ORIENTED_EDGE('',*,*,#673,.T.);
#673 = EDGE_CURVE('',#666,#674,#676,.T.);
#674 = VERTEX_POINT('',#675);
#675 = CARTESIAN_POINT('',(-7.2,-23.5,27.));
#676 = LINE('',#677,#678);
#677 = CARTESIAN_POINT('',(-7.2,-29.1,27.));
#678 = VECTOR('',#679,1.);
#679 = DIRECTION('',(0.,1.,0.));
#680 = ORIENTED_EDGE('',*,*,#681,.F.);
#681 = EDGE_CURVE('',#682,#674,#684,.T.);
#682 = VERTEX_POINT('',#683);
#683 = CARTESIAN_POINT('',(-7.2,-23.5,21.3));
#684 = LINE('',#685,#686);
#685 = CARTESIAN_POINT('',(-7.2,-23.5,3.3));
#686 = VECTOR('',#687,1.);
#687 = DIRECTION('',(0.,0.,1.));
#688 = ORIENTED_EDGE('',*,*,#689,.T.);
#689 = EDGE_CURVE('',#682,#690,#692,.T.);
#690 = VERTEX_POINT('',#691);
#691 = CARTESIAN_POINT('',(-7.2,-21.8,21.3));
#692 = LINE('',#693,#694);
#693 = CARTESIAN_POINT('',(-7.2,-26.8,21.3));
#694 = VECTOR('',#695,1.);
#695 = DIRECTION('',(0.,1.,0.));
#696 = ORIENTED_EDGE('',*,*,#697,.F.);
#697 = EDGE_CURVE('',#698,#690,#700,.T.);
#698 = VERTEX_POINT('',#699);
#699 = CARTESIAN_POINT('',(-7.2,-21.8,20.1));
#700 = LINE('',#701,#702);
#701 = CARTESIAN_POINT('',(-7.2,-21.8,20.1));
#702 = VECTOR('',#703,1.);
#703 = DIRECTION('',(0.,0.,1.));
#704 = ORIENTED_EDGE('',*,*,#705,.F.);
#705 = EDGE_CURVE('',#706,#698,#708,.T.);
#706 = VERTEX_POINT('',#707);
#707 = CARTESIAN_POINT('',(-7.2,-23.5,20.1));
#708 = LINE('',#709,#710);
#709 = CARTESIAN_POINT('',(-7.2,-26.8,20.1));
#710 = VECTOR('',#711,1.);
#711 = DIRECTION('',(0.,1.,0.));
#712 = ORIENTED_EDGE('',*,*,#713,.F.);
#713 = EDGE_CURVE('',#243,#706,#714,.T.);
#714 = LINE('',#715,#716);
#715 = CARTESIAN_POINT('',(-7.2,-23.5,3.3));
#716 = VECTOR('',#717,1.);
#717 = DIRECTION('',(0.,0.,1.));
#718 = ORIENTED_EDGE('',*,*,#242,.F.);
#719 = PLANE('',#720);
#720 = AXIS2_PLACEMENT_3D('',#721,#722,#723);
#721 = CARTESIAN_POINT('',(-7.2,-27.26262752522,12.754994030206));
#722 = DIRECTION('',(-1.,-0.,-0.));
#723 = DIRECTION('',(0.,0.,-1.));
#724 = ADVANCED_FACE('',(#725),#762,.T.);
#725 = FACE_BOUND('',#726,.T.);
#726 = EDGE_LOOP('',(#727,#728,#729,#737,#745));
#727 = ORIENTED_EDGE('',*,*,#564,.F.);
#728 = ORIENTED_EDGE('',*,*,#258,.T.);
#729 = ORIENTED_EDGE('',*,*,#730,.T.);
#730 = EDGE_CURVE('',#251,#731,#733,.T.);
#731 = VERTEX_POINT('',#732);
#732 = CARTESIAN_POINT('',(-5.4,-23.5,20.1));
#733 = LINE('',#734,#735);
#734 = CARTESIAN_POINT('',(-5.4,-23.5,3.3));
#735 = VECTOR('',#736,1.);
#736 = DIRECTION('',(0.,0.,1.));
#737 = ORIENTED_EDGE('',*,*,#738,.F.);
#738 = EDGE_CURVE('',#739,#731,#741,.T.);
#739 = VERTEX_POINT('',#740);
#740 = CARTESIAN_POINT('',(-5.399999999931,-25.50597515047,20.1));
#741 = LINE('',#742,#743);
#742 = CARTESIAN_POINT('',(-5.4,-27.65,20.1));
#743 = VECTOR('',#744,1.);
#744 = DIRECTION('',(0.,1.,0.));
#745 = ORIENTED_EDGE('',*,*,#746,.F.);
#746 = EDGE_CURVE('',#554,#739,#747,.T.);
#747 = B_SPLINE_CURVE_WITH_KNOTS('',7,(#748,#749,#750,#751,#752,#753,
    #754,#755,#756,#757,#758,#759,#760,#761),.UNSPECIFIED.,.F.,.F.,(8,6,
    8),(0.,0.451034752012,1.),.UNSPECIFIED.);
#748 = CARTESIAN_POINT('',(-5.4,-28.5,8.366882012267));
#749 = CARTESIAN_POINT('',(-5.4,-28.09647662468,9.529724004291));
#750 = CARTESIAN_POINT('',(-5.4,-27.72337127176,10.703087053071));
#751 = CARTESIAN_POINT('',(-5.4,-27.37661737346,11.88472517074));
#752 = CARTESIAN_POINT('',(-5.4,-27.05334762473,13.07299713241));
#753 = CARTESIAN_POINT('',(-5.4,-26.75122410627,14.266671838247));
#754 = CARTESIAN_POINT('',(-5.4,-26.46833547619,15.464900236006));
#755 = CARTESIAN_POINT('',(-5.4,-25.88017006055,18.130484903725));
#756 = CARTESIAN_POINT('',(-5.4,-25.58341748051,19.599566903351));
#757 = CARTESIAN_POINT('',(-5.4,-25.30989473019,21.073285108653));
#758 = CARTESIAN_POINT('',(-5.4,-25.05742690143,22.55076865321));
#759 = CARTESIAN_POINT('',(-5.4,-24.82422168444,24.031345880429));
#760 = CARTESIAN_POINT('',(-5.4,-24.60878448835,25.514529347071));
#761 = CARTESIAN_POINT('',(-5.4,-24.40983408382,27.));
#762 = PLANE('',#763);
#763 = AXIS2_PLACEMENT_3D('',#764,#765,#766);
#764 = CARTESIAN_POINT('',(-5.4,-28.5,3.3));
#765 = DIRECTION('',(1.,0.,0.));
#766 = DIRECTION('',(0.,0.,1.));
#767 = ADVANCED_FACE('',(#768),#779,.T.);
#768 = FACE_BOUND('',#769,.T.);
#769 = EDGE_LOOP('',(#770,#771,#772,#778));
#770 = ORIENTED_EDGE('',*,*,#250,.F.);
#771 = ORIENTED_EDGE('',*,*,#713,.T.);
#772 = ORIENTED_EDGE('',*,*,#773,.F.);
#773 = EDGE_CURVE('',#731,#706,#774,.T.);
#774 = LINE('',#775,#776);
#775 = CARTESIAN_POINT('',(-7.2,-23.5,20.1));
#776 = VECTOR('',#777,1.);
#777 = DIRECTION('',(-1.,0.,0.));
#778 = ORIENTED_EDGE('',*,*,#730,.F.);
#779 = PLANE('',#780);
#780 = AXIS2_PLACEMENT_3D('',#781,#782,#783);
#781 = CARTESIAN_POINT('',(-7.2,-23.5,3.3));
#782 = DIRECTION('',(0.,1.,0.));
#783 = DIRECTION('',(0.,0.,1.));
#784 = ADVANCED_FACE('',(#785),#804,.F.);
#785 = FACE_BOUND('',#786,.F.);
#786 = EDGE_LOOP('',(#787,#795,#796,#797));
#787 = ORIENTED_EDGE('',*,*,#788,.T.);
#788 = EDGE_CURVE('',#789,#267,#791,.T.);
#789 = VERTEX_POINT('',#790);
#790 = CARTESIAN_POINT('',(-21.84967320028,-13.25,2.3));
#791 = LINE('',#792,#793);
#792 = CARTESIAN_POINT('',(-21.84967320028,-13.25,-0.1));
#793 = VECTOR('',#794,1.);
#794 = DIRECTION('',(0.,0.,1.));
#795 = ORIENTED_EDGE('',*,*,#266,.F.);
#796 = ORIENTED_EDGE('',*,*,#788,.F.);
#797 = ORIENTED_EDGE('',*,*,#798,.T.);
#798 = EDGE_CURVE('',#789,#789,#799,.T.);
#799 = CIRCLE('',#800,1.1);
#800 = AXIS2_PLACEMENT_3D('',#801,#802,#803);
#801 = CARTESIAN_POINT('',(-22.94967320028,-13.25,2.3));
#802 = DIRECTION('',(0.,0.,1.));
#803 = DIRECTION('',(1.,0.,0.));
#804 = CYLINDRICAL_SURFACE('',#805,1.1);
#805 = AXIS2_PLACEMENT_3D('',#806,#807,#808);
#806 = CARTESIAN_POINT('',(-22.94967320028,-13.25,-0.1));
#807 = DIRECTION('',(0.,0.,1.));
#808 = DIRECTION('',(1.,0.,0.));
#809 = ADVANCED_FACE('',(#810),#838,.F.);
#810 = FACE_BOUND('',#811,.F.);
#811 = EDGE_LOOP('',(#812,#813,#821,#832));
#812 = ORIENTED_EDGE('',*,*,#277,.F.);
#813 = ORIENTED_EDGE('',*,*,#814,.T.);
#814 = EDGE_CURVE('',#278,#815,#817,.T.);
#815 = VERTEX_POINT('',#816);
#816 = CARTESIAN_POINT('',(5.4,-28.5,8.366882012267));
#817 = LINE('',#818,#819);
#818 = CARTESIAN_POINT('',(5.4,-28.5,3.3));
#819 = VECTOR('',#820,1.);
#820 = DIRECTION('',(0.,0.,1.));
#821 = ORIENTED_EDGE('',*,*,#822,.F.);
#822 = EDGE_CURVE('',#823,#815,#825,.T.);
#823 = VERTEX_POINT('',#824);
#824 = CARTESIAN_POINT('',(7.2,-28.5,7.267338262316));
#825 = B_SPLINE_CURVE_WITH_KNOTS('',5,(#826,#827,#828,#829,#830,#831),
  .UNSPECIFIED.,.F.,.F.,(6,6),(0.,1.),.PIECEWISE_BEZIER_KNOTS.);
#826 = CARTESIAN_POINT('',(7.2,-28.5,7.267338259034));
#827 = CARTESIAN_POINT('',(6.849314409278,-28.5,7.502068628591));
#828 = CARTESIAN_POINT('',(6.494531960891,-28.5,7.730659064687));
#829 = CARTESIAN_POINT('',(6.135067423199,-28.5,7.951992183948));
#830 = CARTESIAN_POINT('',(5.770387391131,-28.5,8.164646648334));
#831 = CARTESIAN_POINT('',(5.4,-28.5,8.366882012267));
#832 = ORIENTED_EDGE('',*,*,#833,.F.);
#833 = EDGE_CURVE('',#280,#823,#834,.T.);
#834 = LINE('',#835,#836);
#835 = CARTESIAN_POINT('',(7.2,-28.5,3.3));
#836 = VECTOR('',#837,1.);
#837 = DIRECTION('',(0.,0.,1.));
#838 = PLANE('',#839);
#839 = AXIS2_PLACEMENT_3D('',#840,#841,#842);
#840 = CARTESIAN_POINT('',(5.4,-28.5,3.3));
#841 = DIRECTION('',(0.,1.,0.));
#842 = DIRECTION('',(0.,0.,1.));
#843 = ADVANCED_FACE('',(#844),#881,.F.);
#844 = FACE_BOUND('',#845,.F.);
#845 = EDGE_LOOP('',(#846,#847,#848,#856,#864));
#846 = ORIENTED_EDGE('',*,*,#814,.F.);
#847 = ORIENTED_EDGE('',*,*,#287,.T.);
#848 = ORIENTED_EDGE('',*,*,#849,.T.);
#849 = EDGE_CURVE('',#288,#850,#852,.T.);
#850 = VERTEX_POINT('',#851);
#851 = CARTESIAN_POINT('',(5.4,-23.5,20.1));
#852 = LINE('',#853,#854);
#853 = CARTESIAN_POINT('',(5.4,-23.5,3.3));
#854 = VECTOR('',#855,1.);
#855 = DIRECTION('',(0.,0.,1.));
#856 = ORIENTED_EDGE('',*,*,#857,.F.);
#857 = EDGE_CURVE('',#858,#850,#860,.T.);
#858 = VERTEX_POINT('',#859);
#859 = CARTESIAN_POINT('',(5.399999999931,-25.50597515047,20.1));
#860 = LINE('',#861,#862);
#861 = CARTESIAN_POINT('',(5.4,-27.65,20.1));
#862 = VECTOR('',#863,1.);
#863 = DIRECTION('',(0.,1.,0.));
#864 = ORIENTED_EDGE('',*,*,#865,.F.);
#865 = EDGE_CURVE('',#815,#858,#866,.T.);
#866 = B_SPLINE_CURVE_WITH_KNOTS('',7,(#867,#868,#869,#870,#871,#872,
    #873,#874,#875,#876,#877,#878,#879,#880),.UNSPECIFIED.,.F.,.F.,(8,6,
    8),(0.,0.451034752013,1.),.UNSPECIFIED.);
#867 = CARTESIAN_POINT('',(5.4,-28.5,8.366882012267));
#868 = CARTESIAN_POINT('',(5.4,-28.09647662468,9.529724004294));
#869 = CARTESIAN_POINT('',(5.4,-27.72337127176,10.703087053061));
#870 = CARTESIAN_POINT('',(5.4,-27.37661737345,11.884725170758));
#871 = CARTESIAN_POINT('',(5.4,-27.05334762474,13.072997132393));
#872 = CARTESIAN_POINT('',(5.4,-26.75122410626,14.266671838256));
#873 = CARTESIAN_POINT('',(5.4,-26.46833547619,15.464900236004));
#874 = CARTESIAN_POINT('',(5.4,-25.88017006055,18.130484903722));
#875 = CARTESIAN_POINT('',(5.4,-25.58341748051,19.599566903357));
#876 = CARTESIAN_POINT('',(5.4,-25.30989473019,21.073285108651));
#877 = CARTESIAN_POINT('',(5.4,-25.05742690143,22.550768653203));
#878 = CARTESIAN_POINT('',(5.4,-24.82422168444,24.031345880436));
#879 = CARTESIAN_POINT('',(5.4,-24.60878448835,25.514529347068));
#880 = CARTESIAN_POINT('',(5.4,-24.40983408382,27.));
#881 = PLANE('',#882);
#882 = AXIS2_PLACEMENT_3D('',#883,#884,#885);
#883 = CARTESIAN_POINT('',(5.4,-28.5,3.3));
#884 = DIRECTION('',(1.,0.,0.));
#885 = DIRECTION('',(0.,0.,1.));
#886 = ADVANCED_FACE('',(#887),#1031,.T.);
#887 = FACE_BOUND('',#888,.T.);
#888 = EDGE_LOOP('',(#889,#890,#891,#899,#907,#915,#923,#931,#939,#947,
    #955,#963,#994,#1002));
#889 = ORIENTED_EDGE('',*,*,#833,.F.);
#890 = ORIENTED_EDGE('',*,*,#303,.T.);
#891 = ORIENTED_EDGE('',*,*,#892,.T.);
#892 = EDGE_CURVE('',#296,#893,#895,.T.);
#893 = VERTEX_POINT('',#894);
#894 = CARTESIAN_POINT('',(7.2,-23.5,20.1));
#895 = LINE('',#896,#897);
#896 = CARTESIAN_POINT('',(7.2,-23.5,3.3));
#897 = VECTOR('',#898,1.);
#898 = DIRECTION('',(0.,0.,1.));
#899 = ORIENTED_EDGE('',*,*,#900,.T.);
#900 = EDGE_CURVE('',#893,#901,#903,.T.);
#901 = VERTEX_POINT('',#902);
#902 = CARTESIAN_POINT('',(7.2,-21.8,20.1));
#903 = LINE('',#904,#905);
#904 = CARTESIAN_POINT('',(7.2,-26.8,20.1));
#905 = VECTOR('',#906,1.);
#906 = DIRECTION('',(0.,1.,0.));
#907 = ORIENTED_EDGE('',*,*,#908,.T.);
#908 = EDGE_CURVE('',#901,#909,#911,.T.);
#909 = VERTEX_POINT('',#910);
#910 = CARTESIAN_POINT('',(7.2,-21.8,21.3));
#911 = LINE('',#912,#913);
#912 = CARTESIAN_POINT('',(7.2,-21.8,20.1));
#913 = VECTOR('',#914,1.);
#914 = DIRECTION('',(0.,0.,1.));
#915 = ORIENTED_EDGE('',*,*,#916,.F.);
#916 = EDGE_CURVE('',#917,#909,#919,.T.);
#917 = VERTEX_POINT('',#918);
#918 = CARTESIAN_POINT('',(7.2,-23.5,21.3));
#919 = LINE('',#920,#921);
#920 = CARTESIAN_POINT('',(7.2,-26.8,21.3));
#921 = VECTOR('',#922,1.);
#922 = DIRECTION('',(0.,1.,0.));
#923 = ORIENTED_EDGE('',*,*,#924,.T.);
#924 = EDGE_CURVE('',#917,#925,#927,.T.);
#925 = VERTEX_POINT('',#926);
#926 = CARTESIAN_POINT('',(7.2,-23.5,27.));
#927 = LINE('',#928,#929);
#928 = CARTESIAN_POINT('',(7.2,-23.5,3.3));
#929 = VECTOR('',#930,1.);
#930 = DIRECTION('',(0.,0.,1.));
#931 = ORIENTED_EDGE('',*,*,#932,.F.);
#932 = EDGE_CURVE('',#933,#925,#935,.T.);
#933 = VERTEX_POINT('',#934);
#934 = CARTESIAN_POINT('',(7.2,-29.1,27.));
#935 = LINE('',#936,#937);
#936 = CARTESIAN_POINT('',(7.2,-28.5,27.));
#937 = VECTOR('',#938,1.);
#938 = DIRECTION('',(0.,1.,0.));
#939 = ORIENTED_EDGE('',*,*,#940,.F.);
#940 = EDGE_CURVE('',#941,#933,#943,.T.);
#941 = VERTEX_POINT('',#942);
#942 = CARTESIAN_POINT('',(7.2,-29.1,20.));
#943 = LINE('',#944,#945);
#944 = CARTESIAN_POINT('',(7.2,-29.1,20.));
#945 = VECTOR('',#946,1.);
#946 = DIRECTION('',(0.,0.,1.));
#947 = ORIENTED_EDGE('',*,*,#948,.T.);
#948 = EDGE_CURVE('',#941,#949,#951,.T.);
#949 = VERTEX_POINT('',#950);
#950 = CARTESIAN_POINT('',(7.2,-28.5,20.));
#951 = LINE('',#952,#953);
#952 = CARTESIAN_POINT('',(7.2,-29.1,20.));
#953 = VECTOR('',#954,1.);
#954 = DIRECTION('',(0.,1.,0.));
#955 = ORIENTED_EDGE('',*,*,#956,.F.);
#956 = EDGE_CURVE('',#957,#949,#959,.T.);
#957 = VERTEX_POINT('',#958);
#958 = CARTESIAN_POINT('',(7.2,-28.5,13.901403142824));
#959 = LINE('',#960,#961);
#960 = CARTESIAN_POINT('',(7.2,-28.5,3.3));
#961 = VECTOR('',#962,1.);
#962 = DIRECTION('',(0.,0.,1.));
#963 = ORIENTED_EDGE('',*,*,#964,.F.);
#964 = EDGE_CURVE('',#965,#957,#967,.T.);
#965 = VERTEX_POINT('',#966);
#966 = CARTESIAN_POINT('',(7.2,-34.25142332809,0.));
#967 = B_SPLINE_CURVE_WITH_KNOTS('',7,(#968,#969,#970,#971,#972,#973,
    #974,#975,#976,#977,#978,#979,#980,#981,#982,#983,#984,#985,#986,
    #987,#988,#989,#990,#991,#992,#993),.UNSPECIFIED.,.F.,.F.,(8,6,6,6,8
    ),(0.,0.164349734154,0.363411262472,0.652266420827,1.),
  .UNSPECIFIED.);
#968 = CARTESIAN_POINT('',(7.2,-34.25142332809,0.));
#969 = CARTESIAN_POINT('',(7.2,-33.86297066311,0.543063537589));
#970 = CARTESIAN_POINT('',(7.2,-33.49611514753,1.101505608472));
#971 = CARTESIAN_POINT('',(7.2,-33.14851955257,1.672424608369));
#972 = CARTESIAN_POINT('',(7.2,-32.81837835148,2.253598633007));
#973 = CARTESIAN_POINT('',(7.2,-32.50412538612,2.843309746504));
#974 = CARTESIAN_POINT('',(7.2,-32.20438313833,3.440314762563));
#975 = CARTESIAN_POINT('',(7.2,-31.57091109074,4.774759836801));
#976 = CARTESIAN_POINT('',(7.2,-31.24348582524,5.51499379309));
#977 = CARTESIAN_POINT('',(7.2,-30.9334807411,6.262856742526));
#978 = CARTESIAN_POINT('',(7.2,-30.63926202688,7.017080019808));
#979 = CARTESIAN_POINT('',(7.2,-30.35945662159,7.776675896727));
#980 = CARTESIAN_POINT('',(7.2,-30.09289385171,8.540914290182));
#981 = CARTESIAN_POINT('',(7.2,-29.4694659395,10.424287724565));
#982 = CARTESIAN_POINT('',(7.2,-29.12617337525,11.547803241623));
#983 = CARTESIAN_POINT('',(7.2,-28.80556453606,12.67817265147));
#984 = CARTESIAN_POINT('',(7.2,-28.50536338298,13.814138965598));
#985 = CARTESIAN_POINT('',(7.2,-28.22369829204,14.954741531724));
#986 = CARTESIAN_POINT('',(7.2,-27.9590152927,16.099292616506));
#987 = CARTESIAN_POINT('',(7.2,-27.41018402864,18.62941851606));
#988 = CARTESIAN_POINT('',(7.2,-27.1330961277,20.016422862725));
#989 = CARTESIAN_POINT('',(7.2,-26.87641602706,21.407459996558));
#990 = CARTESIAN_POINT('',(7.2,-26.6383593632,22.801820630799));
#991 = CARTESIAN_POINT('',(7.2,-26.41746126249,24.198952371408));
#992 = CARTESIAN_POINT('',(7.2,-26.21246527038,25.59843969358));
#993 = CARTESIAN_POINT('',(7.2,-26.02229813064,27.));
#994 = ORIENTED_EDGE('',*,*,#995,.T.);
#995 = EDGE_CURVE('',#965,#996,#998,.T.);
#996 = VERTEX_POINT('',#997);
#997 = CARTESIAN_POINT('',(7.2,-32.20496856076,0.));
#998 = LINE('',#999,#1000);
#999 = CARTESIAN_POINT('',(7.2,-55.,0.));
#1000 = VECTOR('',#1001,1.);
#1001 = DIRECTION('',(0.,1.,0.));
#1002 = ORIENTED_EDGE('',*,*,#1003,.T.);
#1003 = EDGE_CURVE('',#996,#823,#1004,.T.);
#1004 = B_SPLINE_CURVE_WITH_KNOTS('',7,(#1005,#1006,#1007,#1008,#1009,
    #1010,#1011,#1012,#1013,#1014,#1015,#1016,#1017,#1018,#1019,#1020,
    #1021,#1022,#1023,#1024,#1025,#1026,#1027,#1028,#1029,#1030),
  .UNSPECIFIED.,.F.,.F.,(8,6,6,6,8),(0.,0.164413671943,0.363501898568,
    0.652339242853,1.),.UNSPECIFIED.);
#1005 = CARTESIAN_POINT('',(7.2,-32.20496856076,0.));
#1006 = CARTESIAN_POINT('',(7.2,-31.81550426233,0.542973397692));
#1007 = CARTESIAN_POINT('',(7.2,-31.44762037567,1.101356267289));
#1008 = CARTESIAN_POINT('',(7.2,-31.09898874814,1.672247459651));
#1009 = CARTESIAN_POINT('',(7.2,-30.76780932497,2.25342415306));
#1010 = CARTESIAN_POINT('',(7.2,-30.45252004807,2.84316694819));
#1011 = CARTESIAN_POINT('',(7.2,-30.15174626479,3.440230629573));
#1012 = CARTESIAN_POINT('',(7.2,-29.51609713654,4.77467342793));
#1013 = CARTESIAN_POINT('',(7.2,-29.18751958678,5.514853878175));
#1014 = CARTESIAN_POINT('',(7.2,-28.87636757073,6.262693125855));
#1015 = CARTESIAN_POINT('',(7.2,-28.58101057763,7.016920351472));
#1016 = CARTESIAN_POINT('',(7.2,-28.30007803787,7.776545791037));
#1017 = CARTESIAN_POINT('',(7.2,-28.03240107711,8.540837400901));
#1018 = CARTESIAN_POINT('',(7.2,-27.40634977649,10.424176355836));
#1019 = CARTESIAN_POINT('',(7.2,-27.06155389488,11.547625181357));
#1020 = CARTESIAN_POINT('',(7.2,-26.7394678865,12.677966334852));
#1021 = CARTESIAN_POINT('',(7.2,-26.43781964262,13.813939147852));
#1022 = CARTESIAN_POINT('',(7.2,-26.15474065693,14.954579758321));
#1023 = CARTESIAN_POINT('',(7.2,-25.88867933057,16.099197598));
#1024 = CARTESIAN_POINT('',(7.2,-25.33693754542,18.629324126669));
#1025 = CARTESIAN_POINT('',(7.2,-25.0583277055,20.016272702165));
#1026 = CARTESIAN_POINT('',(7.2,-24.80017777782,21.407286733818));
#1027 = CARTESIAN_POINT('',(7.2,-24.56070680039,22.801653602623));
#1028 = CARTESIAN_POINT('',(7.2,-24.33845261274,24.19881798752));
#1029 = CARTESIAN_POINT('',(7.2,-24.13216094727,25.598361756267));
#1030 = CARTESIAN_POINT('',(7.2,-23.94076022184,27.));
#1031 = PLANE('',#1032);
#1032 = AXIS2_PLACEMENT_3D('',#1033,#1034,#1035);
#1033 = CARTESIAN_POINT('',(7.2,-27.26262752522,12.754994030206));
#1034 = DIRECTION('',(1.,0.,0.));
#1035 = DIRECTION('',(0.,0.,1.));
#1036 = ADVANCED_FACE('',(#1037),#1048,.T.);
#1037 = FACE_BOUND('',#1038,.T.);
#1038 = EDGE_LOOP('',(#1039,#1040,#1041,#1047));
#1039 = ORIENTED_EDGE('',*,*,#295,.F.);
#1040 = ORIENTED_EDGE('',*,*,#849,.T.);
#1041 = ORIENTED_EDGE('',*,*,#1042,.F.);
#1042 = EDGE_CURVE('',#893,#850,#1043,.T.);
#1043 = LINE('',#1044,#1045);
#1044 = CARTESIAN_POINT('',(-0.9,-23.5,20.1));
#1045 = VECTOR('',#1046,1.);
#1046 = DIRECTION('',(-1.,0.,0.));
#1047 = ORIENTED_EDGE('',*,*,#892,.F.);
#1048 = PLANE('',#1049);
#1049 = AXIS2_PLACEMENT_3D('',#1050,#1051,#1052);
#1050 = CARTESIAN_POINT('',(5.4,-23.5,3.3));
#1051 = DIRECTION('',(0.,1.,0.));
#1052 = DIRECTION('',(0.,0.,1.));
#1053 = ADVANCED_FACE('',(#1054),#1073,.F.);
#1054 = FACE_BOUND('',#1055,.F.);
#1055 = EDGE_LOOP('',(#1056,#1064,#1065,#1066));
#1056 = ORIENTED_EDGE('',*,*,#1057,.T.);
#1057 = EDGE_CURVE('',#1058,#312,#1060,.T.);
#1058 = VERTEX_POINT('',#1059);
#1059 = CARTESIAN_POINT('',(24.049673200288,-13.25,2.3));
#1060 = LINE('',#1061,#1062);
#1061 = CARTESIAN_POINT('',(24.049673200288,-13.25,-0.1));
#1062 = VECTOR('',#1063,1.);
#1063 = DIRECTION('',(0.,0.,1.));
#1064 = ORIENTED_EDGE('',*,*,#311,.F.);
#1065 = ORIENTED_EDGE('',*,*,#1057,.F.);
#1066 = ORIENTED_EDGE('',*,*,#1067,.T.);
#1067 = EDGE_CURVE('',#1058,#1058,#1068,.T.);
#1068 = CIRCLE('',#1069,1.1);
#1069 = AXIS2_PLACEMENT_3D('',#1070,#1071,#1072);
#1070 = CARTESIAN_POINT('',(22.949673200288,-13.25,2.3));
#1071 = DIRECTION('',(0.,0.,1.));
#1072 = DIRECTION('',(1.,0.,0.));
#1073 = CYLINDRICAL_SURFACE('',#1074,1.1);
#1074 = AXIS2_PLACEMENT_3D('',#1075,#1076,#1077);
#1075 = CARTESIAN_POINT('',(22.949673200288,-13.25,-0.1));
#1076 = DIRECTION('',(0.,0.,1.));
#1077 = DIRECTION('',(1.,0.,0.));
#1078 = ADVANCED_FACE('',(#1079),#1098,.T.);
#1079 = FACE_BOUND('',#1080,.T.);
#1080 = EDGE_LOOP('',(#1081,#1090,#1096,#1097));
#1081 = ORIENTED_EDGE('',*,*,#1082,.F.);
#1082 = EDGE_CURVE('',#1083,#1083,#1085,.T.);
#1083 = VERTEX_POINT('',#1084);
#1084 = CARTESIAN_POINT('',(20.2,-4.947573068555E-15,4.5));
#1085 = CIRCLE('',#1086,20.2);
#1086 = AXIS2_PLACEMENT_3D('',#1087,#1088,#1089);
#1087 = CARTESIAN_POINT('',(0.,0.,4.5));
#1088 = DIRECTION('',(0.,0.,1.));
#1089 = DIRECTION('',(1.,0.,0.));
#1090 = ORIENTED_EDGE('',*,*,#1091,.F.);
#1091 = EDGE_CURVE('',#323,#1083,#1092,.T.);
#1092 = LINE('',#1093,#1094);
#1093 = CARTESIAN_POINT('',(20.2,-4.947573068555E-15,3.3));
#1094 = VECTOR('',#1095,1.);
#1095 = DIRECTION('',(0.,0.,1.));
#1096 = ORIENTED_EDGE('',*,*,#322,.T.);
#1097 = ORIENTED_EDGE('',*,*,#1091,.T.);
#1098 = CYLINDRICAL_SURFACE('',#1099,20.2);
#1099 = AXIS2_PLACEMENT_3D('',#1100,#1101,#1102);
#1100 = CARTESIAN_POINT('',(0.,0.,3.3));
#1101 = DIRECTION('',(0.,0.,1.));
#1102 = DIRECTION('',(1.,0.,0.));
#1103 = ADVANCED_FACE('',(#1104),#1123,.F.);
#1104 = FACE_BOUND('',#1105,.F.);
#1105 = EDGE_LOOP('',(#1106,#1114,#1115,#1116));
#1106 = ORIENTED_EDGE('',*,*,#1107,.T.);
#1107 = EDGE_CURVE('',#1108,#334,#1110,.T.);
#1108 = VERTEX_POINT('',#1109);
#1109 = CARTESIAN_POINT('',(1.1,26.5,2.3));
#1110 = LINE('',#1111,#1112);
#1111 = CARTESIAN_POINT('',(1.1,26.5,-0.1));
#1112 = VECTOR('',#1113,1.);
#1113 = DIRECTION('',(0.,0.,1.));
#1114 = ORIENTED_EDGE('',*,*,#333,.F.);
#1115 = ORIENTED_EDGE('',*,*,#1107,.F.);
#1116 = ORIENTED_EDGE('',*,*,#1117,.T.);
#1117 = EDGE_CURVE('',#1108,#1108,#1118,.T.);
#1118 = CIRCLE('',#1119,1.1);
#1119 = AXIS2_PLACEMENT_3D('',#1120,#1121,#1122);
#1120 = CARTESIAN_POINT('',(1.62265700887E-15,26.5,2.3));
#1121 = DIRECTION('',(0.,0.,1.));
#1122 = DIRECTION('',(1.,0.,0.));
#1123 = CYLINDRICAL_SURFACE('',#1124,1.1);
#1124 = AXIS2_PLACEMENT_3D('',#1125,#1126,#1127);
#1125 = CARTESIAN_POINT('',(1.62265700887E-15,26.5,-0.1));
#1126 = DIRECTION('',(0.,0.,1.));
#1127 = DIRECTION('',(1.,0.,0.));
#1128 = ADVANCED_FACE('',(#1129),#1154,.F.);
#1129 = FACE_BOUND('',#1130,.F.);
#1130 = EDGE_LOOP('',(#1131,#1132,#1140,#1148));
#1131 = ORIENTED_EDGE('',*,*,#344,.F.);
#1132 = ORIENTED_EDGE('',*,*,#1133,.T.);
#1133 = EDGE_CURVE('',#345,#1134,#1136,.T.);
#1134 = VERTEX_POINT('',#1135);
#1135 = CARTESIAN_POINT('',(14.29496844459,15.555830970031,12.5));
#1136 = LINE('',#1137,#1138);
#1137 = CARTESIAN_POINT('',(14.29496844459,15.555830970031,3.3));
#1138 = VECTOR('',#1139,1.);
#1139 = DIRECTION('',(0.,0.,1.));
#1140 = ORIENTED_EDGE('',*,*,#1141,.T.);
#1141 = EDGE_CURVE('',#1134,#1142,#1144,.T.);
#1142 = VERTEX_POINT('',#1143);
#1143 = CARTESIAN_POINT('',(17.195972976921,20.11040808579,12.5));
#1144 = LINE('',#1145,#1146);
#1145 = CARTESIAN_POINT('',(14.29496844459,15.555830970031,12.5));
#1146 = VECTOR('',#1147,1.);
#1147 = DIRECTION('',(0.537223061543,0.843440206622,0.));
#1148 = ORIENTED_EDGE('',*,*,#1149,.F.);
#1149 = EDGE_CURVE('',#347,#1142,#1150,.T.);
#1150 = LINE('',#1151,#1152);
#1151 = CARTESIAN_POINT('',(17.195972976921,20.11040808579,3.3));
#1152 = VECTOR('',#1153,1.);
#1153 = DIRECTION('',(0.,0.,1.));
#1154 = PLANE('',#1155);
#1155 = AXIS2_PLACEMENT_3D('',#1156,#1157,#1158);
#1156 = CARTESIAN_POINT('',(14.29496844459,15.555830970031,3.3));
#1157 = DIRECTION('',(-0.843440206622,0.537223061543,0.));
#1158 = DIRECTION('',(0.,0.,1.));
#1159 = ADVANCED_FACE('',(#1160),#1178,.F.);
#1160 = FACE_BOUND('',#1161,.F.);
#1161 = EDGE_LOOP('',(#1162,#1163,#1164,#1172));
#1162 = ORIENTED_EDGE('',*,*,#1133,.F.);
#1163 = ORIENTED_EDGE('',*,*,#354,.T.);
#1164 = ORIENTED_EDGE('',*,*,#1165,.T.);
#1165 = EDGE_CURVE('',#355,#1166,#1168,.T.);
#1166 = VERTEX_POINT('',#1167);
#1167 = CARTESIAN_POINT('',(8.053510915587,19.531281625447,12.5));
#1168 = LINE('',#1169,#1170);
#1169 = CARTESIAN_POINT('',(8.053510915587,19.531281625447,3.3));
#1170 = VECTOR('',#1171,1.);
#1171 = DIRECTION('',(0.,0.,1.));
#1172 = ORIENTED_EDGE('',*,*,#1173,.F.);
#1173 = EDGE_CURVE('',#1134,#1166,#1174,.T.);
#1174 = LINE('',#1175,#1176);
#1175 = CARTESIAN_POINT('',(14.29496844459,15.555830970031,12.5));
#1176 = VECTOR('',#1177,1.);
#1177 = DIRECTION('',(-0.843440206622,0.537223061543,0.));
#1178 = PLANE('',#1179);
#1179 = AXIS2_PLACEMENT_3D('',#1180,#1181,#1182);
#1180 = CARTESIAN_POINT('',(14.29496844459,15.555830970031,3.3));
#1181 = DIRECTION('',(0.537223061543,0.843440206622,0.));
#1182 = DIRECTION('',(0.,0.,1.));
#1183 = ADVANCED_FACE('',(#1184,#1202),#1236,.T.);
#1184 = FACE_BOUND('',#1185,.T.);
#1185 = EDGE_LOOP('',(#1186,#1187,#1188,#1196));
#1186 = ORIENTED_EDGE('',*,*,#1149,.F.);
#1187 = ORIENTED_EDGE('',*,*,#370,.T.);
#1188 = ORIENTED_EDGE('',*,*,#1189,.T.);
#1189 = EDGE_CURVE('',#363,#1190,#1192,.T.);
#1190 = VERTEX_POINT('',#1191);
#1191 = CARTESIAN_POINT('',(10.954515447918,24.085858741206,12.5));
#1192 = LINE('',#1193,#1194);
#1193 = CARTESIAN_POINT('',(10.954515447918,24.085858741206,3.3));
#1194 = VECTOR('',#1195,1.);
#1195 = DIRECTION('',(0.,0.,1.));
#1196 = ORIENTED_EDGE('',*,*,#1197,.F.);
#1197 = EDGE_CURVE('',#1142,#1190,#1198,.T.);
#1198 = LINE('',#1199,#1200);
#1199 = CARTESIAN_POINT('',(17.195972976921,20.11040808579,12.5));
#1200 = VECTOR('',#1201,1.);
#1201 = DIRECTION('',(-0.843440206622,0.537223061543,0.));
#1202 = FACE_BOUND('',#1203,.T.);
#1203 = EDGE_LOOP('',(#1204,#1214,#1222,#1230));
#1204 = ORIENTED_EDGE('',*,*,#1205,.T.);
#1205 = EDGE_CURVE('',#1206,#1208,#1210,.T.);
#1206 = VERTEX_POINT('',#1207);
#1207 = CARTESIAN_POINT('',(12.093159726857,23.360607608123,9.15));
#1208 = VERTEX_POINT('',#1209);
#1209 = CARTESIAN_POINT('',(16.057328697981,20.835659218873,9.15));
#1210 = LINE('',#1211,#1212);
#1211 = CARTESIAN_POINT('',(16.626650837451,20.473033652331,9.15));
#1212 = VECTOR('',#1213,1.);
#1213 = DIRECTION('',(0.843440206622,-0.537223061543,0.));
#1214 = ORIENTED_EDGE('',*,*,#1215,.T.);
#1215 = EDGE_CURVE('',#1208,#1216,#1218,.T.);
#1216 = VERTEX_POINT('',#1217);
#1217 = CARTESIAN_POINT('',(16.057328697981,20.835659218873,11.05));
#1218 = LINE('',#1219,#1220);
#1219 = CARTESIAN_POINT('',(16.057328697981,20.835659218873,6.225));
#1220 = VECTOR('',#1221,1.);
#1221 = DIRECTION('',(0.,0.,1.));
#1222 = ORIENTED_EDGE('',*,*,#1223,.F.);
#1223 = EDGE_CURVE('',#1224,#1216,#1226,.T.);
#1224 = VERTEX_POINT('',#1225);
#1225 = CARTESIAN_POINT('',(12.093159726857,23.360607608123,11.05));
#1226 = LINE('',#1227,#1228);
#1227 = CARTESIAN_POINT('',(16.626650837451,20.473033652331,11.05));
#1228 = VECTOR('',#1229,1.);
#1229 = DIRECTION('',(0.843440206622,-0.537223061543,0.));
#1230 = ORIENTED_EDGE('',*,*,#1231,.F.);
#1231 = EDGE_CURVE('',#1206,#1224,#1232,.T.);
#1232 = LINE('',#1233,#1234);
#1233 = CARTESIAN_POINT('',(12.093159726857,23.360607608123,6.225));
#1234 = VECTOR('',#1235,1.);
#1235 = DIRECTION('',(0.,0.,1.));
#1236 = PLANE('',#1237);
#1237 = AXIS2_PLACEMENT_3D('',#1238,#1239,#1240);
#1238 = CARTESIAN_POINT('',(17.195972976921,20.11040808579,3.3));
#1239 = DIRECTION('',(0.537223061543,0.843440206622,0.));
#1240 = DIRECTION('',(0.,0.,1.));
#1241 = ADVANCED_FACE('',(#1242),#1253,.T.);
#1242 = FACE_BOUND('',#1243,.T.);
#1243 = EDGE_LOOP('',(#1244,#1245,#1246,#1252));
#1244 = ORIENTED_EDGE('',*,*,#362,.F.);
#1245 = ORIENTED_EDGE('',*,*,#1165,.T.);
#1246 = ORIENTED_EDGE('',*,*,#1247,.T.);
#1247 = EDGE_CURVE('',#1166,#1190,#1248,.T.);
#1248 = LINE('',#1249,#1250);
#1249 = CARTESIAN_POINT('',(8.053510915587,19.531281625447,12.5));
#1250 = VECTOR('',#1251,1.);
#1251 = DIRECTION('',(0.537223061543,0.843440206622,0.));
#1252 = ORIENTED_EDGE('',*,*,#1189,.F.);
#1253 = PLANE('',#1254);
#1254 = AXIS2_PLACEMENT_3D('',#1255,#1256,#1257);
#1255 = CARTESIAN_POINT('',(8.053510915587,19.531281625447,3.3));
#1256 = DIRECTION('',(-0.843440206622,0.537223061543,0.));
#1257 = DIRECTION('',(0.,0.,1.));
#1258 = ADVANCED_FACE('',(#1259,#1262,#1273,#1301,#1337,#1373,#1409,
    #1420,#1456,#1492,#1528,#1564,#1583),#1594,.F.);
#1259 = FACE_BOUND('',#1260,.T.);
#1260 = EDGE_LOOP('',(#1261));
#1261 = ORIENTED_EDGE('',*,*,#393,.F.);
#1262 = FACE_BOUND('',#1263,.T.);
#1263 = EDGE_LOOP('',(#1264));
#1264 = ORIENTED_EDGE('',*,*,#1265,.T.);
#1265 = EDGE_CURVE('',#1266,#1266,#1268,.T.);
#1266 = VERTEX_POINT('',#1267);
#1267 = CARTESIAN_POINT('',(25.099673200288,-13.25,0.));
#1268 = CIRCLE('',#1269,2.15);
#1269 = AXIS2_PLACEMENT_3D('',#1270,#1271,#1272);
#1270 = CARTESIAN_POINT('',(22.949673200288,-13.25,0.));
#1271 = DIRECTION('',(0.,0.,1.));
#1272 = DIRECTION('',(1.,0.,0.));
#1273 = FACE_BOUND('',#1274,.T.);
#1274 = EDGE_LOOP('',(#1275,#1286,#1295));
#1275 = ORIENTED_EDGE('',*,*,#1276,.T.);
#1276 = EDGE_CURVE('',#1277,#1279,#1281,.T.);
#1277 = VERTEX_POINT('',#1278);
#1278 = CARTESIAN_POINT('',(14.6,-8.708616422831,0.));
#1279 = VERTEX_POINT('',#1280);
#1280 = CARTESIAN_POINT('',(17.,-4.163799117101E-15,0.));
#1281 = CIRCLE('',#1282,17.);
#1282 = AXIS2_PLACEMENT_3D('',#1283,#1284,#1285);
#1283 = CARTESIAN_POINT('',(0.,0.,0.));
#1284 = DIRECTION('',(0.,0.,1.));
#1285 = DIRECTION('',(1.,0.,0.));
#1286 = ORIENTED_EDGE('',*,*,#1287,.T.);
#1287 = EDGE_CURVE('',#1279,#1288,#1290,.T.);
#1288 = VERTEX_POINT('',#1289);
#1289 = CARTESIAN_POINT('',(14.6,8.708616422831,0.));
#1290 = CIRCLE('',#1291,17.);
#1291 = AXIS2_PLACEMENT_3D('',#1292,#1293,#1294);
#1292 = CARTESIAN_POINT('',(0.,0.,0.));
#1293 = DIRECTION('',(0.,0.,1.));
#1294 = DIRECTION('',(1.,0.,0.));
#1295 = ORIENTED_EDGE('',*,*,#1296,.F.);
#1296 = EDGE_CURVE('',#1277,#1288,#1297,.T.);
#1297 = LINE('',#1298,#1299);
#1298 = CARTESIAN_POINT('',(14.6,-9.,0.));
#1299 = VECTOR('',#1300,1.);
#1300 = DIRECTION('',(0.,1.,0.));
#1301 = FACE_BOUND('',#1302,.T.);
#1302 = EDGE_LOOP('',(#1303,#1314,#1322,#1331));
#1303 = ORIENTED_EDGE('',*,*,#1304,.T.);
#1304 = EDGE_CURVE('',#1305,#1307,#1309,.T.);
#1305 = VERTEX_POINT('',#1306);
#1306 = CARTESIAN_POINT('',(10.6,-13.29059818066,0.));
#1307 = VERTEX_POINT('',#1308);
#1308 = CARTESIAN_POINT('',(13.4,-10.46135746449,0.));
#1309 = CIRCLE('',#1310,17.);
#1310 = AXIS2_PLACEMENT_3D('',#1311,#1312,#1313);
#1311 = CARTESIAN_POINT('',(0.,0.,0.));
#1312 = DIRECTION('',(0.,0.,1.));
#1313 = DIRECTION('',(1.,0.,0.));
#1314 = ORIENTED_EDGE('',*,*,#1315,.T.);
#1315 = EDGE_CURVE('',#1307,#1316,#1318,.T.);
#1316 = VERTEX_POINT('',#1317);
#1317 = CARTESIAN_POINT('',(13.4,10.461357464498,0.));
#1318 = LINE('',#1319,#1320);
#1319 = CARTESIAN_POINT('',(13.4,-9.,0.));
#1320 = VECTOR('',#1321,1.);
#1321 = DIRECTION('',(0.,1.,0.));
#1322 = ORIENTED_EDGE('',*,*,#1323,.T.);
#1323 = EDGE_CURVE('',#1316,#1324,#1326,.T.);
#1324 = VERTEX_POINT('',#1325);
#1325 = CARTESIAN_POINT('',(10.6,13.290598180669,0.));
#1326 = CIRCLE('',#1327,17.);
#1327 = AXIS2_PLACEMENT_3D('',#1328,#1329,#1330);
#1328 = CARTESIAN_POINT('',(0.,0.,0.));
#1329 = DIRECTION('',(0.,0.,1.));
#1330 = DIRECTION('',(1.,0.,0.));
#1331 = ORIENTED_EDGE('',*,*,#1332,.F.);
#1332 = EDGE_CURVE('',#1305,#1324,#1333,.T.);
#1333 = LINE('',#1334,#1335);
#1334 = CARTESIAN_POINT('',(10.6,-9.,0.));
#1335 = VECTOR('',#1336,1.);
#1336 = DIRECTION('',(0.,1.,0.));
#1337 = FACE_BOUND('',#1338,.T.);
#1338 = EDGE_LOOP('',(#1339,#1350,#1358,#1367));
#1339 = ORIENTED_EDGE('',*,*,#1340,.T.);
#1340 = EDGE_CURVE('',#1341,#1343,#1345,.T.);
#1341 = VERTEX_POINT('',#1342);
#1342 = CARTESIAN_POINT('',(6.6,-15.66652482205,0.));
#1343 = VERTEX_POINT('',#1344);
#1344 = CARTESIAN_POINT('',(9.4,-14.1647449677,0.));
#1345 = CIRCLE('',#1346,17.);
#1346 = AXIS2_PLACEMENT_3D('',#1347,#1348,#1349);
#1347 = CARTESIAN_POINT('',(0.,0.,0.));
#1348 = DIRECTION('',(0.,0.,1.));
#1349 = DIRECTION('',(1.,0.,0.));
#1350 = ORIENTED_EDGE('',*,*,#1351,.T.);
#1351 = EDGE_CURVE('',#1343,#1352,#1354,.T.);
#1352 = VERTEX_POINT('',#1353);
#1353 = CARTESIAN_POINT('',(9.4,14.164744967701,0.));
#1354 = LINE('',#1355,#1356);
#1355 = CARTESIAN_POINT('',(9.4,-9.,0.));
#1356 = VECTOR('',#1357,1.);
#1357 = DIRECTION('',(0.,1.,0.));
#1358 = ORIENTED_EDGE('',*,*,#1359,.T.);
#1359 = EDGE_CURVE('',#1352,#1360,#1362,.T.);
#1360 = VERTEX_POINT('',#1361);
#1361 = CARTESIAN_POINT('',(6.6,15.666524822053,0.));
#1362 = CIRCLE('',#1363,17.);
#1363 = AXIS2_PLACEMENT_3D('',#1364,#1365,#1366);
#1364 = CARTESIAN_POINT('',(0.,0.,0.));
#1365 = DIRECTION('',(0.,0.,1.));
#1366 = DIRECTION('',(1.,0.,0.));
#1367 = ORIENTED_EDGE('',*,*,#1368,.F.);
#1368 = EDGE_CURVE('',#1341,#1360,#1369,.T.);
#1369 = LINE('',#1370,#1371);
#1370 = CARTESIAN_POINT('',(6.6,-9.,0.));
#1371 = VECTOR('',#1372,1.);
#1372 = DIRECTION('',(0.,1.,0.));
#1373 = FACE_BOUND('',#1374,.T.);
#1374 = EDGE_LOOP('',(#1375,#1386,#1394,#1403));
#1375 = ORIENTED_EDGE('',*,*,#1376,.T.);
#1376 = EDGE_CURVE('',#1377,#1379,#1381,.T.);
#1377 = VERTEX_POINT('',#1378);
#1378 = CARTESIAN_POINT('',(2.6,-16.8,0.));
#1379 = VERTEX_POINT('',#1380);
#1380 = CARTESIAN_POINT('',(5.4,-16.11955334368,0.));
#1381 = CIRCLE('',#1382,17.);
#1382 = AXIS2_PLACEMENT_3D('',#1383,#1384,#1385);
#1383 = CARTESIAN_POINT('',(0.,0.,0.));
#1384 = DIRECTION('',(0.,0.,1.));
#1385 = DIRECTION('',(1.,0.,0.));
#1386 = ORIENTED_EDGE('',*,*,#1387,.T.);
#1387 = EDGE_CURVE('',#1379,#1388,#1390,.T.);
#1388 = VERTEX_POINT('',#1389);
#1389 = CARTESIAN_POINT('',(5.4,16.119553343688,0.));
#1390 = LINE('',#1391,#1392);
#1391 = CARTESIAN_POINT('',(5.4,-9.,0.));
#1392 = VECTOR('',#1393,1.);
#1393 = DIRECTION('',(0.,1.,0.));
#1394 = ORIENTED_EDGE('',*,*,#1395,.T.);
#1395 = EDGE_CURVE('',#1388,#1396,#1398,.T.);
#1396 = VERTEX_POINT('',#1397);
#1397 = CARTESIAN_POINT('',(2.6,16.8,0.));
#1398 = CIRCLE('',#1399,17.);
#1399 = AXIS2_PLACEMENT_3D('',#1400,#1401,#1402);
#1400 = CARTESIAN_POINT('',(0.,0.,0.));
#1401 = DIRECTION('',(0.,0.,1.));
#1402 = DIRECTION('',(1.,0.,0.));
#1403 = ORIENTED_EDGE('',*,*,#1404,.F.);
#1404 = EDGE_CURVE('',#1377,#1396,#1405,.T.);
#1405 = LINE('',#1406,#1407);
#1406 = CARTESIAN_POINT('',(2.6,-9.,0.));
#1407 = VECTOR('',#1408,1.);
#1408 = DIRECTION('',(0.,1.,0.));
#1409 = FACE_BOUND('',#1410,.T.);
#1410 = EDGE_LOOP('',(#1411));
#1411 = ORIENTED_EDGE('',*,*,#1412,.T.);
#1412 = EDGE_CURVE('',#1413,#1413,#1415,.T.);
#1413 = VERTEX_POINT('',#1414);
#1414 = CARTESIAN_POINT('',(-20.79967320028,-13.25,0.));
#1415 = CIRCLE('',#1416,2.15);
#1416 = AXIS2_PLACEMENT_3D('',#1417,#1418,#1419);
#1417 = CARTESIAN_POINT('',(-22.94967320028,-13.25,0.));
#1418 = DIRECTION('',(0.,0.,1.));
#1419 = DIRECTION('',(1.,0.,0.));
#1420 = FACE_BOUND('',#1421,.T.);
#1421 = EDGE_LOOP('',(#1422,#1433,#1441,#1450));
#1422 = ORIENTED_EDGE('',*,*,#1423,.T.);
#1423 = EDGE_CURVE('',#1424,#1426,#1428,.T.);
#1424 = VERTEX_POINT('',#1425);
#1425 = CARTESIAN_POINT('',(-1.4,-16.94225486763,0.));
#1426 = VERTEX_POINT('',#1427);
#1427 = CARTESIAN_POINT('',(1.4,-16.94225486763,0.));
#1428 = CIRCLE('',#1429,17.);
#1429 = AXIS2_PLACEMENT_3D('',#1430,#1431,#1432);
#1430 = CARTESIAN_POINT('',(0.,0.,0.));
#1431 = DIRECTION('',(0.,0.,1.));
#1432 = DIRECTION('',(1.,0.,0.));
#1433 = ORIENTED_EDGE('',*,*,#1434,.T.);
#1434 = EDGE_CURVE('',#1426,#1435,#1437,.T.);
#1435 = VERTEX_POINT('',#1436);
#1436 = CARTESIAN_POINT('',(1.4,16.942254867638,0.));
#1437 = LINE('',#1438,#1439);
#1438 = CARTESIAN_POINT('',(1.4,-9.,0.));
#1439 = VECTOR('',#1440,1.);
#1440 = DIRECTION('',(0.,1.,0.));
#1441 = ORIENTED_EDGE('',*,*,#1442,.T.);
#1442 = EDGE_CURVE('',#1435,#1443,#1445,.T.);
#1443 = VERTEX_POINT('',#1444);
#1444 = CARTESIAN_POINT('',(-1.4,16.942254867638,0.));
#1445 = CIRCLE('',#1446,17.);
#1446 = AXIS2_PLACEMENT_3D('',#1447,#1448,#1449);
#1447 = CARTESIAN_POINT('',(0.,0.,0.));
#1448 = DIRECTION('',(0.,0.,1.));
#1449 = DIRECTION('',(1.,0.,0.));
#1450 = ORIENTED_EDGE('',*,*,#1451,.F.);
#1451 = EDGE_CURVE('',#1424,#1443,#1452,.T.);
#1452 = LINE('',#1453,#1454);
#1453 = CARTESIAN_POINT('',(-1.4,-9.,0.));
#1454 = VECTOR('',#1455,1.);
#1455 = DIRECTION('',(0.,1.,0.));
#1456 = FACE_BOUND('',#1457,.T.);
#1457 = EDGE_LOOP('',(#1458,#1469,#1477,#1486));
#1458 = ORIENTED_EDGE('',*,*,#1459,.T.);
#1459 = EDGE_CURVE('',#1460,#1462,#1464,.T.);
#1460 = VERTEX_POINT('',#1461);
#1461 = CARTESIAN_POINT('',(-5.4,-16.11955334368,0.));
#1462 = VERTEX_POINT('',#1463);
#1463 = CARTESIAN_POINT('',(-2.6,-16.8,0.));
#1464 = CIRCLE('',#1465,17.);
#1465 = AXIS2_PLACEMENT_3D('',#1466,#1467,#1468);
#1466 = CARTESIAN_POINT('',(0.,0.,0.));
#1467 = DIRECTION('',(0.,0.,1.));
#1468 = DIRECTION('',(1.,0.,0.));
#1469 = ORIENTED_EDGE('',*,*,#1470,.T.);
#1470 = EDGE_CURVE('',#1462,#1471,#1473,.T.);
#1471 = VERTEX_POINT('',#1472);
#1472 = CARTESIAN_POINT('',(-2.6,16.8,0.));
#1473 = LINE('',#1474,#1475);
#1474 = CARTESIAN_POINT('',(-2.6,-9.,0.));
#1475 = VECTOR('',#1476,1.);
#1476 = DIRECTION('',(0.,1.,0.));
#1477 = ORIENTED_EDGE('',*,*,#1478,.T.);
#1478 = EDGE_CURVE('',#1471,#1479,#1481,.T.);
#1479 = VERTEX_POINT('',#1480);
#1480 = CARTESIAN_POINT('',(-5.4,16.119553343688,0.));
#1481 = CIRCLE('',#1482,17.);
#1482 = AXIS2_PLACEMENT_3D('',#1483,#1484,#1485);
#1483 = CARTESIAN_POINT('',(0.,0.,0.));
#1484 = DIRECTION('',(0.,0.,1.));
#1485 = DIRECTION('',(1.,0.,0.));
#1486 = ORIENTED_EDGE('',*,*,#1487,.F.);
#1487 = EDGE_CURVE('',#1460,#1479,#1488,.T.);
#1488 = LINE('',#1489,#1490);
#1489 = CARTESIAN_POINT('',(-5.4,-9.,0.));
#1490 = VECTOR('',#1491,1.);
#1491 = DIRECTION('',(0.,1.,0.));
#1492 = FACE_BOUND('',#1493,.T.);
#1493 = EDGE_LOOP('',(#1494,#1505,#1513,#1522));
#1494 = ORIENTED_EDGE('',*,*,#1495,.T.);
#1495 = EDGE_CURVE('',#1496,#1498,#1500,.T.);
#1496 = VERTEX_POINT('',#1497);
#1497 = CARTESIAN_POINT('',(-9.4,-14.1647449677,0.));
#1498 = VERTEX_POINT('',#1499);
#1499 = CARTESIAN_POINT('',(-6.6,-15.66652482205,0.));
#1500 = CIRCLE('',#1501,17.);
#1501 = AXIS2_PLACEMENT_3D('',#1502,#1503,#1504);
#1502 = CARTESIAN_POINT('',(0.,0.,0.));
#1503 = DIRECTION('',(0.,0.,1.));
#1504 = DIRECTION('',(1.,0.,0.));
#1505 = ORIENTED_EDGE('',*,*,#1506,.T.);
#1506 = EDGE_CURVE('',#1498,#1507,#1509,.T.);
#1507 = VERTEX_POINT('',#1508);
#1508 = CARTESIAN_POINT('',(-6.6,15.666524822053,0.));
#1509 = LINE('',#1510,#1511);
#1510 = CARTESIAN_POINT('',(-6.6,-9.,0.));
#1511 = VECTOR('',#1512,1.);
#1512 = DIRECTION('',(0.,1.,0.));
#1513 = ORIENTED_EDGE('',*,*,#1514,.T.);
#1514 = EDGE_CURVE('',#1507,#1515,#1517,.T.);
#1515 = VERTEX_POINT('',#1516);
#1516 = CARTESIAN_POINT('',(-9.4,14.164744967701,0.));
#1517 = CIRCLE('',#1518,17.);
#1518 = AXIS2_PLACEMENT_3D('',#1519,#1520,#1521);
#1519 = CARTESIAN_POINT('',(0.,0.,0.));
#1520 = DIRECTION('',(0.,0.,1.));
#1521 = DIRECTION('',(1.,0.,0.));
#1522 = ORIENTED_EDGE('',*,*,#1523,.F.);
#1523 = EDGE_CURVE('',#1496,#1515,#1524,.T.);
#1524 = LINE('',#1525,#1526);
#1525 = CARTESIAN_POINT('',(-9.4,-9.,0.));
#1526 = VECTOR('',#1527,1.);
#1527 = DIRECTION('',(0.,1.,0.));
#1528 = FACE_BOUND('',#1529,.T.);
#1529 = EDGE_LOOP('',(#1530,#1541,#1549,#1558));
#1530 = ORIENTED_EDGE('',*,*,#1531,.T.);
#1531 = EDGE_CURVE('',#1532,#1534,#1536,.T.);
#1532 = VERTEX_POINT('',#1533);
#1533 = CARTESIAN_POINT('',(-13.4,-10.46135746449,0.));
#1534 = VERTEX_POINT('',#1535);
#1535 = CARTESIAN_POINT('',(-10.6,-13.29059818066,0.));
#1536 = CIRCLE('',#1537,17.);
#1537 = AXIS2_PLACEMENT_3D('',#1538,#1539,#1540);
#1538 = CARTESIAN_POINT('',(0.,0.,0.));
#1539 = DIRECTION('',(0.,0.,1.));
#1540 = DIRECTION('',(1.,0.,0.));
#1541 = ORIENTED_EDGE('',*,*,#1542,.T.);
#1542 = EDGE_CURVE('',#1534,#1543,#1545,.T.);
#1543 = VERTEX_POINT('',#1544);
#1544 = CARTESIAN_POINT('',(-10.6,13.290598180669,0.));
#1545 = LINE('',#1546,#1547);
#1546 = CARTESIAN_POINT('',(-10.6,-9.,0.));
#1547 = VECTOR('',#1548,1.);
#1548 = DIRECTION('',(0.,1.,0.));
#1549 = ORIENTED_EDGE('',*,*,#1550,.T.);
#1550 = EDGE_CURVE('',#1543,#1551,#1553,.T.);
#1551 = VERTEX_POINT('',#1552);
#1552 = CARTESIAN_POINT('',(-13.4,10.461357464498,0.));
#1553 = CIRCLE('',#1554,17.);
#1554 = AXIS2_PLACEMENT_3D('',#1555,#1556,#1557);
#1555 = CARTESIAN_POINT('',(0.,0.,0.));
#1556 = DIRECTION('',(0.,0.,1.));
#1557 = DIRECTION('',(1.,0.,0.));
#1558 = ORIENTED_EDGE('',*,*,#1559,.F.);
#1559 = EDGE_CURVE('',#1532,#1551,#1560,.T.);
#1560 = LINE('',#1561,#1562);
#1561 = CARTESIAN_POINT('',(-13.4,-9.,0.));
#1562 = VECTOR('',#1563,1.);
#1563 = DIRECTION('',(0.,1.,0.));
#1564 = FACE_BOUND('',#1565,.T.);
#1565 = EDGE_LOOP('',(#1566,#1576));
#1566 = ORIENTED_EDGE('',*,*,#1567,.T.);
#1567 = EDGE_CURVE('',#1568,#1570,#1572,.T.);
#1568 = VERTEX_POINT('',#1569);
#1569 = CARTESIAN_POINT('',(-14.6,-8.708616422831,0.));
#1570 = VERTEX_POINT('',#1571);
#1571 = CARTESIAN_POINT('',(-14.6,8.708616422831,0.));
#1572 = LINE('',#1573,#1574);
#1573 = CARTESIAN_POINT('',(-14.6,-9.,0.));
#1574 = VECTOR('',#1575,1.);
#1575 = DIRECTION('',(0.,1.,0.));
#1576 = ORIENTED_EDGE('',*,*,#1577,.T.);
#1577 = EDGE_CURVE('',#1570,#1568,#1578,.T.);
#1578 = CIRCLE('',#1579,17.);
#1579 = AXIS2_PLACEMENT_3D('',#1580,#1581,#1582);
#1580 = CARTESIAN_POINT('',(0.,0.,0.));
#1581 = DIRECTION('',(0.,0.,1.));
#1582 = DIRECTION('',(1.,0.,0.));
#1583 = FACE_BOUND('',#1584,.T.);
#1584 = EDGE_LOOP('',(#1585));
#1585 = ORIENTED_EDGE('',*,*,#1586,.T.);
#1586 = EDGE_CURVE('',#1587,#1587,#1589,.T.);
#1587 = VERTEX_POINT('',#1588);
#1588 = CARTESIAN_POINT('',(2.15,26.5,0.));
#1589 = CIRCLE('',#1590,2.15);
#1590 = AXIS2_PLACEMENT_3D('',#1591,#1592,#1593);
#1591 = CARTESIAN_POINT('',(1.62265700887E-15,26.5,0.));
#1592 = DIRECTION('',(0.,0.,1.));
#1593 = DIRECTION('',(1.,0.,0.));
#1594 = PLANE('',#1595);
#1595 = AXIS2_PLACEMENT_3D('',#1596,#1597,#1598);
#1596 = CARTESIAN_POINT('',(0.,0.,0.));
#1597 = DIRECTION('',(0.,0.,1.));
#1598 = DIRECTION('',(1.,0.,0.));
#1599 = ADVANCED_FACE('',(#1600,#1606),#1617,.T.);
#1600 = FACE_BOUND('',#1601,.T.);
#1601 = EDGE_LOOP('',(#1602,#1603,#1604,#1605));
#1602 = ORIENTED_EDGE('',*,*,#455,.F.);
#1603 = ORIENTED_EDGE('',*,*,#423,.T.);
#1604 = ORIENTED_EDGE('',*,*,#479,.T.);
#1605 = ORIENTED_EDGE('',*,*,#529,.F.);
#1606 = FACE_BOUND('',#1607,.T.);
#1607 = EDGE_LOOP('',(#1608));
#1608 = ORIENTED_EDGE('',*,*,#1609,.F.);
#1609 = EDGE_CURVE('',#1610,#1610,#1612,.T.);
#1610 = VERTEX_POINT('',#1611);
#1611 = CARTESIAN_POINT('',(-11.52474194625,-19.82084485561,12.5));
#1612 = CIRCLE('',#1613,1.1);
#1613 = AXIS2_PLACEMENT_3D('',#1614,#1615,#1616);
#1614 = CARTESIAN_POINT('',(-12.62474194625,-19.82084485561,12.5));
#1615 = DIRECTION('',(0.,0.,1.));
#1616 = DIRECTION('',(1.,0.,0.));
#1617 = PLANE('',#1618);
#1618 = AXIS2_PLACEMENT_3D('',#1619,#1620,#1621);
#1619 = CARTESIAN_POINT('',(-14.29496844459,-15.55583097003,12.5));
#1620 = DIRECTION('',(0.,0.,1.));
#1621 = DIRECTION('',(-0.537223061543,-0.843440206622,0.));
#1622 = ADVANCED_FACE('',(#1623,#1688),#1717,.T.);
#1623 = FACE_BOUND('',#1624,.T.);
#1624 = EDGE_LOOP('',(#1625,#1635,#1641,#1642,#1650,#1658,#1666,#1674,
    #1682));
#1625 = ORIENTED_EDGE('',*,*,#1626,.F.);
#1626 = EDGE_CURVE('',#1627,#1629,#1631,.T.);
#1627 = VERTEX_POINT('',#1628);
#1628 = CARTESIAN_POINT('',(-14.33821490104,-18.13665055768,9.15));
#1629 = VERTEX_POINT('',#1630);
#1630 = CARTESIAN_POINT('',(-14.14740960068,-18.25818259613,9.15));
#1631 = LINE('',#1632,#1633);
#1632 = CARTESIAN_POINT('',(-14.33821490104,-18.13665055768,9.15));
#1633 = VECTOR('',#1634,1.);
#1634 = DIRECTION('',(0.843440206622,-0.537223061543,0.));
#1635 = ORIENTED_EDGE('',*,*,#1636,.T.);
#1636 = EDGE_CURVE('',#1627,#490,#1637,.T.);
#1637 = LINE('',#1638,#1639);
#1638 = CARTESIAN_POINT('',(-14.33821490104,-18.13665055768,9.15));
#1639 = VECTOR('',#1640,1.);
#1640 = DIRECTION('',(-0.537223061543,-0.843440206622,0.));
#1641 = ORIENTED_EDGE('',*,*,#487,.F.);
#1642 = ORIENTED_EDGE('',*,*,#1643,.F.);
#1643 = EDGE_CURVE('',#1644,#488,#1646,.T.);
#1644 = VERTEX_POINT('',#1645);
#1645 = CARTESIAN_POINT('',(-10.37404592992,-20.66159894693,9.15));
#1646 = LINE('',#1647,#1648);
#1647 = CARTESIAN_POINT('',(-10.37404592992,-20.66159894693,9.15));
#1648 = VECTOR('',#1649,1.);
#1649 = DIRECTION('',(-0.537223061543,-0.843440206622,0.));
#1650 = ORIENTED_EDGE('',*,*,#1651,.F.);
#1651 = EDGE_CURVE('',#1652,#1644,#1654,.T.);
#1652 = VERTEX_POINT('',#1653);
#1653 = CARTESIAN_POINT('',(-10.60159993035,-20.51666009315,9.15));
#1654 = LINE('',#1655,#1656);
#1655 = CARTESIAN_POINT('',(-14.33821490104,-18.13665055768,9.15));
#1656 = VECTOR('',#1657,1.);
#1657 = DIRECTION('',(0.843440206622,-0.537223061543,0.));
#1658 = ORIENTED_EDGE('',*,*,#1659,.T.);
#1659 = EDGE_CURVE('',#1652,#1660,#1662,.T.);
#1660 = VERTEX_POINT('',#1661);
#1661 = CARTESIAN_POINT('',(-10.19987081565,-19.82084485561,9.15));
#1662 = LINE('',#1663,#1664);
#1663 = CARTESIAN_POINT('',(-11.41230638095,-21.92084485561,9.15));
#1664 = VECTOR('',#1665,1.);
#1665 = DIRECTION('',(0.5,0.866025403784,0.));
#1666 = ORIENTED_EDGE('',*,*,#1667,.T.);
#1667 = EDGE_CURVE('',#1660,#1668,#1670,.T.);
#1668 = VERTEX_POINT('',#1669);
#1669 = CARTESIAN_POINT('',(-11.41230638095,-17.72084485561,9.15));
#1670 = LINE('',#1671,#1672);
#1671 = CARTESIAN_POINT('',(-10.19987081565,-19.82084485561,9.15));
#1672 = VECTOR('',#1673,1.);
#1673 = DIRECTION('',(-0.5,0.866025403784,0.));
#1674 = ORIENTED_EDGE('',*,*,#1675,.T.);
#1675 = EDGE_CURVE('',#1668,#1676,#1678,.T.);
#1676 = VERTEX_POINT('',#1677);
#1677 = CARTESIAN_POINT('',(-13.83717751155,-17.72084485561,9.15));
#1678 = LINE('',#1679,#1680);
#1679 = CARTESIAN_POINT('',(-11.41230638095,-17.72084485561,9.15));
#1680 = VECTOR('',#1681,1.);
#1681 = DIRECTION('',(-1.,0.,0.));
#1682 = ORIENTED_EDGE('',*,*,#1683,.T.);
#1683 = EDGE_CURVE('',#1676,#1629,#1684,.T.);
#1684 = LINE('',#1685,#1686);
#1685 = CARTESIAN_POINT('',(-13.83717751155,-17.72084485561,9.15));
#1686 = VECTOR('',#1687,1.);
#1687 = DIRECTION('',(-0.5,-0.866025403784,0.));
#1688 = FACE_BOUND('',#1689,.T.);
#1689 = EDGE_LOOP('',(#1690,#1701,#1710));
#1690 = ORIENTED_EDGE('',*,*,#1691,.F.);
#1691 = EDGE_CURVE('',#1692,#1694,#1696,.T.);
#1692 = VERTEX_POINT('',#1693);
#1693 = CARTESIAN_POINT('',(-13.18252966939,-18.87275580077,9.15));
#1694 = VERTEX_POINT('',#1695);
#1695 = CARTESIAN_POINT('',(-11.52973116157,-19.92549370384,9.15));
#1696 = CIRCLE('',#1697,1.1);
#1697 = AXIS2_PLACEMENT_3D('',#1698,#1699,#1700);
#1698 = CARTESIAN_POINT('',(-12.62474194625,-19.82084485561,9.15));
#1699 = DIRECTION('',(0.,0.,1.));
#1700 = DIRECTION('',(1.,0.,0.));
#1701 = ORIENTED_EDGE('',*,*,#1702,.F.);
#1702 = EDGE_CURVE('',#1703,#1692,#1705,.T.);
#1703 = VERTEX_POINT('',#1704);
#1704 = CARTESIAN_POINT('',(-11.52474194625,-19.82084485561,9.15));
#1705 = CIRCLE('',#1706,1.1);
#1706 = AXIS2_PLACEMENT_3D('',#1707,#1708,#1709);
#1707 = CARTESIAN_POINT('',(-12.62474194625,-19.82084485561,9.15));
#1708 = DIRECTION('',(0.,0.,1.));
#1709 = DIRECTION('',(1.,0.,0.));
#1710 = ORIENTED_EDGE('',*,*,#1711,.F.);
#1711 = EDGE_CURVE('',#1694,#1703,#1712,.T.);
#1712 = CIRCLE('',#1713,1.1);
#1713 = AXIS2_PLACEMENT_3D('',#1714,#1715,#1716);
#1714 = CARTESIAN_POINT('',(-12.62474194625,-19.82084485561,9.15));
#1715 = DIRECTION('',(0.,0.,1.));
#1716 = DIRECTION('',(1.,0.,0.));
#1717 = PLANE('',#1718);
#1718 = AXIS2_PLACEMENT_3D('',#1719,#1720,#1721);
#1719 = CARTESIAN_POINT('',(-12.90681473468,-20.26774745103,9.15));
#1720 = DIRECTION('',(0.,0.,1.));
#1721 = DIRECTION('',(1.,0.,0.));
#1722 = ADVANCED_FACE('',(#1723),#1741,.F.);
#1723 = FACE_BOUND('',#1724,.F.);
#1724 = EDGE_LOOP('',(#1725,#1726,#1734,#1740));
#1725 = ORIENTED_EDGE('',*,*,#1643,.F.);
#1726 = ORIENTED_EDGE('',*,*,#1727,.T.);
#1727 = EDGE_CURVE('',#1644,#1728,#1730,.T.);
#1728 = VERTEX_POINT('',#1729);
#1729 = CARTESIAN_POINT('',(-10.37404592992,-20.66159894693,11.05));
#1730 = LINE('',#1731,#1732);
#1731 = CARTESIAN_POINT('',(-10.37404592992,-20.66159894693,9.15));
#1732 = VECTOR('',#1733,1.);
#1733 = DIRECTION('',(0.,0.,1.));
#1734 = ORIENTED_EDGE('',*,*,#1735,.T.);
#1735 = EDGE_CURVE('',#1728,#506,#1736,.T.);
#1736 = LINE('',#1737,#1738);
#1737 = CARTESIAN_POINT('',(-10.37404592992,-20.66159894693,11.05));
#1738 = VECTOR('',#1739,1.);
#1739 = DIRECTION('',(-0.537223061543,-0.843440206622,0.));
#1740 = ORIENTED_EDGE('',*,*,#513,.F.);
#1741 = PLANE('',#1742);
#1742 = AXIS2_PLACEMENT_3D('',#1743,#1744,#1745);
#1743 = CARTESIAN_POINT('',(-10.37404592992,-20.66159894693,9.15));
#1744 = DIRECTION('',(0.843440206622,-0.537223061543,0.));
#1745 = DIRECTION('',(0.,0.,1.));
#1746 = ADVANCED_FACE('',(#1747,#1805),#1834,.T.);
#1747 = FACE_BOUND('',#1748,.T.);
#1748 = EDGE_LOOP('',(#1749,#1759,#1767,#1775,#1783,#1791,#1797,#1798,
    #1799));
#1749 = ORIENTED_EDGE('',*,*,#1750,.T.);
#1750 = EDGE_CURVE('',#1751,#1753,#1755,.T.);
#1751 = VERTEX_POINT('',#1752);
#1752 = CARTESIAN_POINT('',(-14.33821490104,-18.13665055768,11.05));
#1753 = VERTEX_POINT('',#1754);
#1754 = CARTESIAN_POINT('',(-14.14740960068,-18.25818259613,11.05));
#1755 = LINE('',#1756,#1757);
#1756 = CARTESIAN_POINT('',(-14.33821490104,-18.13665055768,11.05));
#1757 = VECTOR('',#1758,1.);
#1758 = DIRECTION('',(0.843440206622,-0.537223061543,0.));
#1759 = ORIENTED_EDGE('',*,*,#1760,.F.);
#1760 = EDGE_CURVE('',#1761,#1753,#1763,.T.);
#1761 = VERTEX_POINT('',#1762);
#1762 = CARTESIAN_POINT('',(-13.83717751155,-17.72084485561,11.05));
#1763 = LINE('',#1764,#1765);
#1764 = CARTESIAN_POINT('',(-13.83717751155,-17.72084485561,11.05));
#1765 = VECTOR('',#1766,1.);
#1766 = DIRECTION('',(-0.5,-0.866025403784,0.));
#1767 = ORIENTED_EDGE('',*,*,#1768,.F.);
#1768 = EDGE_CURVE('',#1769,#1761,#1771,.T.);
#1769 = VERTEX_POINT('',#1770);
#1770 = CARTESIAN_POINT('',(-11.41230638095,-17.72084485561,11.05));
#1771 = LINE('',#1772,#1773);
#1772 = CARTESIAN_POINT('',(-11.41230638095,-17.72084485561,11.05));
#1773 = VECTOR('',#1774,1.);
#1774 = DIRECTION('',(-1.,0.,0.));
#1775 = ORIENTED_EDGE('',*,*,#1776,.F.);
#1776 = EDGE_CURVE('',#1777,#1769,#1779,.T.);
#1777 = VERTEX_POINT('',#1778);
#1778 = CARTESIAN_POINT('',(-10.19987081565,-19.82084485561,11.05));
#1779 = LINE('',#1780,#1781);
#1780 = CARTESIAN_POINT('',(-10.19987081565,-19.82084485561,11.05));
#1781 = VECTOR('',#1782,1.);
#1782 = DIRECTION('',(-0.5,0.866025403784,0.));
#1783 = ORIENTED_EDGE('',*,*,#1784,.F.);
#1784 = EDGE_CURVE('',#1785,#1777,#1787,.T.);
#1785 = VERTEX_POINT('',#1786);
#1786 = CARTESIAN_POINT('',(-10.60159993035,-20.51666009315,11.05));
#1787 = LINE('',#1788,#1789);
#1788 = CARTESIAN_POINT('',(-11.41230638095,-21.92084485561,11.05));
#1789 = VECTOR('',#1790,1.);
#1790 = DIRECTION('',(0.5,0.866025403784,0.));
#1791 = ORIENTED_EDGE('',*,*,#1792,.T.);
#1792 = EDGE_CURVE('',#1785,#1728,#1793,.T.);
#1793 = LINE('',#1794,#1795);
#1794 = CARTESIAN_POINT('',(-14.33821490104,-18.13665055768,11.05));
#1795 = VECTOR('',#1796,1.);
#1796 = DIRECTION('',(0.843440206622,-0.537223061543,0.));
#1797 = ORIENTED_EDGE('',*,*,#1735,.T.);
#1798 = ORIENTED_EDGE('',*,*,#505,.T.);
#1799 = ORIENTED_EDGE('',*,*,#1800,.F.);
#1800 = EDGE_CURVE('',#1751,#498,#1801,.T.);
#1801 = LINE('',#1802,#1803);
#1802 = CARTESIAN_POINT('',(-14.33821490104,-18.13665055768,11.05));
#1803 = VECTOR('',#1804,1.);
#1804 = DIRECTION('',(-0.537223061543,-0.843440206622,0.));
#1805 = FACE_BOUND('',#1806,.T.);
#1806 = EDGE_LOOP('',(#1807,#1818,#1827));
#1807 = ORIENTED_EDGE('',*,*,#1808,.T.);
#1808 = EDGE_CURVE('',#1809,#1811,#1813,.T.);
#1809 = VERTEX_POINT('',#1810);
#1810 = CARTESIAN_POINT('',(-13.18252966939,-18.87275580077,11.05));
#1811 = VERTEX_POINT('',#1812);
#1812 = CARTESIAN_POINT('',(-11.52973116157,-19.92549370384,11.05));
#1813 = CIRCLE('',#1814,1.1);
#1814 = AXIS2_PLACEMENT_3D('',#1815,#1816,#1817);
#1815 = CARTESIAN_POINT('',(-12.62474194625,-19.82084485561,11.05));
#1816 = DIRECTION('',(0.,0.,1.));
#1817 = DIRECTION('',(1.,0.,0.));
#1818 = ORIENTED_EDGE('',*,*,#1819,.T.);
#1819 = EDGE_CURVE('',#1811,#1820,#1822,.T.);
#1820 = VERTEX_POINT('',#1821);
#1821 = CARTESIAN_POINT('',(-11.52474194625,-19.82084485561,11.05));
#1822 = CIRCLE('',#1823,1.1);
#1823 = AXIS2_PLACEMENT_3D('',#1824,#1825,#1826);
#1824 = CARTESIAN_POINT('',(-12.62474194625,-19.82084485561,11.05));
#1825 = DIRECTION('',(0.,0.,1.));
#1826 = DIRECTION('',(1.,0.,0.));
#1827 = ORIENTED_EDGE('',*,*,#1828,.T.);
#1828 = EDGE_CURVE('',#1820,#1809,#1829,.T.);
#1829 = CIRCLE('',#1830,1.1);
#1830 = AXIS2_PLACEMENT_3D('',#1831,#1832,#1833);
#1831 = CARTESIAN_POINT('',(-12.62474194625,-19.82084485561,11.05));
#1832 = DIRECTION('',(0.,0.,1.));
#1833 = DIRECTION('',(1.,0.,0.));
#1834 = PLANE('',#1835);
#1835 = AXIS2_PLACEMENT_3D('',#1836,#1837,#1838);
#1836 = CARTESIAN_POINT('',(-12.90681473468,-20.26774745103,11.05));
#1837 = DIRECTION('',(-0.,-0.,-1.));
#1838 = DIRECTION('',(-1.,0.,0.));
#1839 = ADVANCED_FACE('',(#1840),#1851,.T.);
#1840 = FACE_BOUND('',#1841,.T.);
#1841 = EDGE_LOOP('',(#1842,#1843,#1849,#1850));
#1842 = ORIENTED_EDGE('',*,*,#1636,.F.);
#1843 = ORIENTED_EDGE('',*,*,#1844,.T.);
#1844 = EDGE_CURVE('',#1627,#1751,#1845,.T.);
#1845 = LINE('',#1846,#1847);
#1846 = CARTESIAN_POINT('',(-14.33821490104,-18.13665055768,9.15));
#1847 = VECTOR('',#1848,1.);
#1848 = DIRECTION('',(0.,0.,1.));
#1849 = ORIENTED_EDGE('',*,*,#1800,.T.);
#1850 = ORIENTED_EDGE('',*,*,#497,.F.);
#1851 = PLANE('',#1852);
#1852 = AXIS2_PLACEMENT_3D('',#1853,#1854,#1855);
#1853 = CARTESIAN_POINT('',(-14.33821490104,-18.13665055768,9.15));
#1854 = DIRECTION('',(0.843440206622,-0.537223061543,0.));
#1855 = DIRECTION('',(0.,0.,1.));
#1856 = ADVANCED_FACE('',(#1857),#1889,.F.);
#1857 = FACE_BOUND('',#1858,.F.);
#1858 = EDGE_LOOP('',(#1859,#1860,#1867,#1868,#1869,#1870,#1887,#1888));
#1859 = ORIENTED_EDGE('',*,*,#579,.F.);
#1860 = ORIENTED_EDGE('',*,*,#1861,.T.);
#1861 = EDGE_CURVE('',#580,#996,#1862,.T.);
#1862 = CIRCLE('',#1863,33.);
#1863 = AXIS2_PLACEMENT_3D('',#1864,#1865,#1866);
#1864 = CARTESIAN_POINT('',(0.,0.,0.));
#1865 = DIRECTION('',(0.,0.,1.));
#1866 = DIRECTION('',(1.,0.,0.));
#1867 = ORIENTED_EDGE('',*,*,#1003,.T.);
#1868 = ORIENTED_EDGE('',*,*,#822,.T.);
#1869 = ORIENTED_EDGE('',*,*,#865,.T.);
#1870 = ORIENTED_EDGE('',*,*,#1871,.T.);
#1871 = EDGE_CURVE('',#858,#739,#1872,.T.);
#1872 = B_SPLINE_CURVE_WITH_KNOTS('',4,(#1873,#1874,#1875,#1876,#1877,
    #1878,#1879,#1880,#1881,#1882,#1883,#1884,#1885,#1886),
  .UNSPECIFIED.,.F.,.F.,(5,3,3,3,5),(0.,0.250463124914,0.5,
    0.749536875086,1.),.UNSPECIFIED.);
#1873 = CARTESIAN_POINT('',(7.2,-25.05742940205,20.1));
#1874 = CARTESIAN_POINT('',(6.321986971537,-25.30971760849,20.1));
#1875 = CARTESIAN_POINT('',(5.43218559628,-25.52098535738,20.1));
#1876 = CARTESIAN_POINT('',(4.533476799724,-25.69040506815,20.1));
#1877 = CARTESIAN_POINT('',(2.727526310929,-25.94424335899,20.1));
#1878 = CARTESIAN_POINT('',(1.820325598578,-26.02897437611,20.1));
#1879 = CARTESIAN_POINT('',(0.910162078356,-26.07133997781,20.1));
#1880 = CARTESIAN_POINT('',(-0.910162078352,-26.07133997781,20.1));
#1881 = CARTESIAN_POINT('',(-1.820325598574,-26.02897437611,20.1));
#1882 = CARTESIAN_POINT('',(-2.727526310924,-25.94424335899,20.1));
#1883 = CARTESIAN_POINT('',(-4.533476799721,-25.69040506815,20.1));
#1884 = CARTESIAN_POINT('',(-5.432185596278,-25.52098535738,20.1));
#1885 = CARTESIAN_POINT('',(-6.321986971536,-25.30971760849,20.1));
#1886 = CARTESIAN_POINT('',(-7.2,-25.05742940205,20.1));
#1887 = ORIENTED_EDGE('',*,*,#746,.F.);
#1888 = ORIENTED_EDGE('',*,*,#553,.T.);
#1889 = SURFACE_OF_REVOLUTION('',#1890,#1895);
#1890 = B_SPLINE_CURVE_WITH_KNOTS('',3,(#1891,#1892,#1893,#1894),
  .UNSPECIFIED.,.F.,.F.,(4,4),(0.,1.),.PIECEWISE_BEZIER_KNOTS.);
#1891 = CARTESIAN_POINT('',(33.,0.,0.));
#1892 = CARTESIAN_POINT('',(29.5,0.,5.));
#1893 = CARTESIAN_POINT('',(26.7,0.,14.));
#1894 = CARTESIAN_POINT('',(25.,0.,27.));
#1895 = AXIS1_PLACEMENT('',#1896,#1897);
#1896 = CARTESIAN_POINT('',(0.,0.,0.));
#1897 = DIRECTION('',(0.,0.,1.));
#1898 = ADVANCED_FACE('',(#1899),#1911,.F.);
#1899 = FACE_BOUND('',#1900,.T.);
#1900 = EDGE_LOOP('',(#1901,#1908,#1909,#1910));
#1901 = ORIENTED_EDGE('',*,*,#1902,.F.);
#1902 = EDGE_CURVE('',#611,#965,#1903,.T.);
#1903 = CIRCLE('',#1904,35.);
#1904 = AXIS2_PLACEMENT_3D('',#1905,#1906,#1907);
#1905 = CARTESIAN_POINT('',(0.,0.,0.));
#1906 = DIRECTION('',(0.,0.,1.));
#1907 = DIRECTION('',(1.,0.,0.));
#1908 = ORIENTED_EDGE('',*,*,#610,.T.);
#1909 = ORIENTED_EDGE('',*,*,#1861,.T.);
#1910 = ORIENTED_EDGE('',*,*,#995,.F.);
#1911 = PLANE('',#1912);
#1912 = AXIS2_PLACEMENT_3D('',#1913,#1914,#1915);
#1913 = CARTESIAN_POINT('',(0.,0.,0.));
#1914 = DIRECTION('',(0.,0.,1.));
#1915 = DIRECTION('',(1.,0.,0.));
#1916 = ADVANCED_FACE('',(#1917),#2043,.T.);
#1917 = FACE_BOUND('',#1918,.T.);
#1918 = EDGE_LOOP('',(#1919,#1920,#1921,#1922,#1934,#1947,#1966,#1977,
    #1990,#2001,#2020,#2033));
#1919 = ORIENTED_EDGE('',*,*,#618,.F.);
#1920 = ORIENTED_EDGE('',*,*,#1902,.T.);
#1921 = ORIENTED_EDGE('',*,*,#964,.T.);
#1922 = ORIENTED_EDGE('',*,*,#1923,.T.);
#1923 = EDGE_CURVE('',#957,#1924,#1926,.T.);
#1924 = VERTEX_POINT('',#1925);
#1925 = CARTESIAN_POINT('',(5.4,-28.5,15.528012804888));
#1926 = B_SPLINE_CURVE_WITH_KNOTS('',6,(#1927,#1928,#1929,#1930,#1931,
    #1932,#1933),.UNSPECIFIED.,.F.,.F.,(7,7),(0.,1.),
  .PIECEWISE_BEZIER_KNOTS.);
#1927 = CARTESIAN_POINT('',(7.2,-28.5,13.90140314891));
#1928 = CARTESIAN_POINT('',(6.911648529527,-28.5,14.185084860969));
#1929 = CARTESIAN_POINT('',(6.619440830231,-28.5,14.464814595038));
#1930 = CARTESIAN_POINT('',(6.322809383985,-28.5,14.739946190137));
#1931 = CARTESIAN_POINT('',(6.021154827351,-28.5,15.009631119235));
#1932 = CARTESIAN_POINT('',(5.713817736396,-28.5,15.272787579809));
#1933 = CARTESIAN_POINT('',(5.4,-28.5,15.528012804888));
#1934 = ORIENTED_EDGE('',*,*,#1935,.T.);
#1935 = EDGE_CURVE('',#1924,#1936,#1938,.T.);
#1936 = VERTEX_POINT('',#1937);
#1937 = CARTESIAN_POINT('',(5.4,-26.74954238945,24.9));
#1938 = B_SPLINE_CURVE_WITH_KNOTS('',7,(#1939,#1940,#1941,#1942,#1943,
    #1944,#1945,#1946),.UNSPECIFIED.,.F.,.F.,(8,8),(0.,1.),
  .PIECEWISE_BEZIER_KNOTS.);
#1939 = CARTESIAN_POINT('',(5.4,-28.5,15.528012804888));
#1940 = CARTESIAN_POINT('',(5.4,-28.12217301207,17.149786254657));
#1941 = CARTESIAN_POINT('',(5.4,-27.77868168056,18.779537951769));
#1942 = CARTESIAN_POINT('',(5.4,-27.46507306167,20.415497187632));
#1943 = CARTESIAN_POINT('',(5.4,-27.17818901179,22.056353921597));
#1944 = CARTESIAN_POINT('',(5.4,-26.91546741009,23.701126661658));
#1945 = CARTESIAN_POINT('',(5.4,-26.67482238914,25.349141217433));
#1946 = CARTESIAN_POINT('',(5.4,-26.45448922205,27.));
#1947 = ORIENTED_EDGE('',*,*,#1948,.T.);
#1948 = EDGE_CURVE('',#1936,#1949,#1951,.T.);
#1949 = VERTEX_POINT('',#1950);
#1950 = CARTESIAN_POINT('',(5.1,-26.80835725225,24.9));
#1951 = B_SPLINE_CURVE_WITH_KNOTS('',4,(#1952,#1953,#1954,#1955,#1956,
    #1957,#1958,#1959,#1960,#1961,#1962,#1963,#1964,#1965),
  .UNSPECIFIED.,.F.,.F.,(5,3,3,3,5),(0.,0.250949170993,0.499999999998,
    0.750157721098,1.),.UNSPECIFIED.);
#1952 = CARTESIAN_POINT('',(6.05,-26.6100642308,24.9));
#1953 = CARTESIAN_POINT('',(5.303567597407,-26.77977130535,24.9));
#1954 = CARTESIAN_POINT('',(4.550787478396,-26.92156114266,24.9));
#1955 = CARTESIAN_POINT('',(3.793228005802,-27.03507724215,24.9));
#1956 = CARTESIAN_POINT('',(2.277501861951,-27.20456090076,24.9));
#1957 = CARTESIAN_POINT('',(1.519382159641,-27.26095741136,24.9));
#1958 = CARTESIAN_POINT('',(0.759690836523,-27.28915569173,24.9));
#1959 = CARTESIAN_POINT('',(-0.763067238787,-27.28915569173,24.9));
#1960 = CARTESIAN_POINT('',(-1.526134975077,-27.26070620284,24.9));
#1961 = CARTESIAN_POINT('',(-2.287610027702,-27.20380727655,24.9));
#1962 = CARTESIAN_POINT('',(-3.803252107159,-27.03357349401,24.9));
#1963 = CARTESIAN_POINT('',(-4.557428119387,-26.92030977882,24.9));
#1964 = CARTESIAN_POINT('',(-5.306859977764,-26.77902275768,24.9));
#1965 = CARTESIAN_POINT('',(-6.05,-26.6100642308,24.9));
#1966 = ORIENTED_EDGE('',*,*,#1967,.F.);
#1967 = EDGE_CURVE('',#1968,#1949,#1970,.T.);
#1968 = VERTEX_POINT('',#1969);
#1969 = CARTESIAN_POINT('',(5.1,-27.3877107154,21.3));
#1970 = B_SPLINE_CURVE_WITH_KNOTS('',5,(#1971,#1972,#1973,#1974,#1975,
    #1976),.UNSPECIFIED.,.F.,.F.,(6,6),(0.,1.),
  .PIECEWISE_BEZIER_KNOTS.);
#1971 = CARTESIAN_POINT('',(5.1,-27.3877107154,21.3));
#1972 = CARTESIAN_POINT('',(5.1,-27.18864478902,22.436048222605));
#1973 = CARTESIAN_POINT('',(5.1,-27.00274713708,23.57442348709));
#1974 = CARTESIAN_POINT('',(5.1,-26.82889482085,24.71472724065));
#1975 = CARTESIAN_POINT('',(5.1,-26.66621316501,25.85665947304));
#1976 = CARTESIAN_POINT('',(5.1,-26.51395858788,27.));
#1977 = ORIENTED_EDGE('',*,*,#1978,.T.);
#1978 = EDGE_CURVE('',#1968,#1979,#1981,.T.);
#1979 = VERTEX_POINT('',#1980);
#1980 = CARTESIAN_POINT('',(-5.1,-27.3877107154,21.3));
#1981 = B_SPLINE_CURVE_WITH_KNOTS('',4,(#1982,#1983,#1984,#1985,#1986,
    #1987,#1988,#1989),.UNSPECIFIED.,.F.,.F.,(5,3,5),(0.,0.5,1.),
  .UNSPECIFIED.);
#1982 = CARTESIAN_POINT('',(5.1,-27.3877107154,21.3));
#1983 = CARTESIAN_POINT('',(3.839439079907,-27.62244594976,21.3));
#1984 = CARTESIAN_POINT('',(2.564466678147,-27.77982305637,21.3));
#1985 = CARTESIAN_POINT('',(1.282230269317,-27.85851213239,21.3));
#1986 = CARTESIAN_POINT('',(-1.28223026932,-27.85851213239,21.3));
#1987 = CARTESIAN_POINT('',(-2.564466678149,-27.77982305637,21.3));
#1988 = CARTESIAN_POINT('',(-3.839439079907,-27.62244594976,21.3));
#1989 = CARTESIAN_POINT('',(-5.1,-27.3877107154,21.3));
#1990 = ORIENTED_EDGE('',*,*,#1991,.T.);
#1991 = EDGE_CURVE('',#1979,#1992,#1994,.T.);
#1992 = VERTEX_POINT('',#1993);
#1993 = CARTESIAN_POINT('',(-5.1,-26.80835725225,24.9));
#1994 = B_SPLINE_CURVE_WITH_KNOTS('',5,(#1995,#1996,#1997,#1998,#1999,
    #2000),.UNSPECIFIED.,.F.,.F.,(6,6),(0.,1.),
  .PIECEWISE_BEZIER_KNOTS.);
#1995 = CARTESIAN_POINT('',(-5.1,-27.3877107154,21.3));
#1996 = CARTESIAN_POINT('',(-5.1,-27.18864478902,22.436048222606));
#1997 = CARTESIAN_POINT('',(-5.1,-27.00274713708,23.574423487087));
#1998 = CARTESIAN_POINT('',(-5.1,-26.82889482085,24.714727240653));
#1999 = CARTESIAN_POINT('',(-5.1,-26.66621316501,25.856659473039));
#2000 = CARTESIAN_POINT('',(-5.1,-26.51395858788,27.));
#2001 = ORIENTED_EDGE('',*,*,#2002,.T.);
#2002 = EDGE_CURVE('',#1992,#2003,#2005,.T.);
#2003 = VERTEX_POINT('',#2004);
#2004 = CARTESIAN_POINT('',(-5.4,-26.74954238945,24.9));
#2005 = B_SPLINE_CURVE_WITH_KNOTS('',4,(#2006,#2007,#2008,#2009,#2010,
    #2011,#2012,#2013,#2014,#2015,#2016,#2017,#2018,#2019),
  .UNSPECIFIED.,.F.,.F.,(5,3,3,3,5),(0.,0.250949170993,0.499999999998,
    0.750157721098,1.),.UNSPECIFIED.);
#2006 = CARTESIAN_POINT('',(6.05,-26.6100642308,24.9));
#2007 = CARTESIAN_POINT('',(5.303567597407,-26.77977130535,24.9));
#2008 = CARTESIAN_POINT('',(4.550787478396,-26.92156114266,24.9));
#2009 = CARTESIAN_POINT('',(3.793228005802,-27.03507724215,24.9));
#2010 = CARTESIAN_POINT('',(2.277501861951,-27.20456090076,24.9));
#2011 = CARTESIAN_POINT('',(1.519382159641,-27.26095741136,24.9));
#2012 = CARTESIAN_POINT('',(0.759690836523,-27.28915569173,24.9));
#2013 = CARTESIAN_POINT('',(-0.763067238787,-27.28915569173,24.9));
#2014 = CARTESIAN_POINT('',(-1.526134975077,-27.26070620284,24.9));
#2015 = CARTESIAN_POINT('',(-2.287610027702,-27.20380727655,24.9));
#2016 = CARTESIAN_POINT('',(-3.803252107159,-27.03357349401,24.9));
#2017 = CARTESIAN_POINT('',(-4.557428119387,-26.92030977882,24.9));
#2018 = CARTESIAN_POINT('',(-5.306859977764,-26.77902275768,24.9));
#2019 = CARTESIAN_POINT('',(-6.05,-26.6100642308,24.9));
#2020 = ORIENTED_EDGE('',*,*,#2021,.F.);
#2021 = EDGE_CURVE('',#2022,#2003,#2024,.T.);
#2022 = VERTEX_POINT('',#2023);
#2023 = CARTESIAN_POINT('',(-5.4,-28.5,15.528012804888));
#2024 = B_SPLINE_CURVE_WITH_KNOTS('',7,(#2025,#2026,#2027,#2028,#2029,
    #2030,#2031,#2032),.UNSPECIFIED.,.F.,.F.,(8,8),(0.,1.),
  .PIECEWISE_BEZIER_KNOTS.);
#2025 = CARTESIAN_POINT('',(-5.4,-28.5,15.528012804888));
#2026 = CARTESIAN_POINT('',(-5.4,-28.12217301207,17.149786254663));
#2027 = CARTESIAN_POINT('',(-5.4,-27.77868168056,18.779537951753));
#2028 = CARTESIAN_POINT('',(-5.4,-27.46507306167,20.415497187653));
#2029 = CARTESIAN_POINT('',(-5.4,-27.17818901179,22.056353921583));
#2030 = CARTESIAN_POINT('',(-5.4,-26.91546741009,23.701126661662));
#2031 = CARTESIAN_POINT('',(-5.4,-26.67482238914,25.349141217433));
#2032 = CARTESIAN_POINT('',(-5.4,-26.45448922205,27.));
#2033 = ORIENTED_EDGE('',*,*,#2034,.T.);
#2034 = EDGE_CURVE('',#2022,#619,#2035,.T.);
#2035 = B_SPLINE_CURVE_WITH_KNOTS('',6,(#2036,#2037,#2038,#2039,#2040,
    #2041,#2042),.UNSPECIFIED.,.F.,.F.,(7,7),(0.,1.),
  .PIECEWISE_BEZIER_KNOTS.);
#2036 = CARTESIAN_POINT('',(-5.4,-28.5,15.528012804888));
#2037 = CARTESIAN_POINT('',(-5.713817736381,-28.5,15.272787579822));
#2038 = CARTESIAN_POINT('',(-6.021154827309,-28.5,15.009631119271));
#2039 = CARTESIAN_POINT('',(-6.322809383956,-28.5,14.739946190166));
#2040 = CARTESIAN_POINT('',(-6.619440830229,-28.5,14.46481459504));
#2041 = CARTESIAN_POINT('',(-6.911648529546,-28.5,14.18508486095));
#2042 = CARTESIAN_POINT('',(-7.2,-28.5,13.90140314891));
#2043 = SURFACE_OF_REVOLUTION('',#2044,#2049);
#2044 = B_SPLINE_CURVE_WITH_KNOTS('',3,(#2045,#2046,#2047,#2048),
  .UNSPECIFIED.,.F.,.F.,(4,4),(0.,1.),.PIECEWISE_BEZIER_KNOTS.);
#2045 = CARTESIAN_POINT('',(35.,0.,0.));
#2046 = CARTESIAN_POINT('',(31.5,0.,5.));
#2047 = CARTESIAN_POINT('',(28.7,0.,14.));
#2048 = CARTESIAN_POINT('',(27.,0.,27.));
#2049 = AXIS1_PLACEMENT('',#2050,#2051);
#2050 = CARTESIAN_POINT('',(0.,0.,0.));
#2051 = DIRECTION('',(0.,0.,1.));
#2052 = ADVANCED_FACE('',(#2053),#2071,.F.);
#2053 = FACE_BOUND('',#2054,.F.);
#2054 = EDGE_LOOP('',(#2055,#2056,#2057,#2065));
#2055 = ORIENTED_EDGE('',*,*,#2034,.T.);
#2056 = ORIENTED_EDGE('',*,*,#649,.T.);
#2057 = ORIENTED_EDGE('',*,*,#2058,.F.);
#2058 = EDGE_CURVE('',#2059,#650,#2061,.T.);
#2059 = VERTEX_POINT('',#2060);
#2060 = CARTESIAN_POINT('',(-5.4,-28.5,20.));
#2061 = LINE('',#2062,#2063);
#2062 = CARTESIAN_POINT('',(-7.2,-28.5,20.));
#2063 = VECTOR('',#2064,1.);
#2064 = DIRECTION('',(-1.,0.,0.));
#2065 = ORIENTED_EDGE('',*,*,#2066,.F.);
#2066 = EDGE_CURVE('',#2022,#2059,#2067,.T.);
#2067 = LINE('',#2068,#2069);
#2068 = CARTESIAN_POINT('',(-5.4,-28.5,3.3));
#2069 = VECTOR('',#2070,1.);
#2070 = DIRECTION('',(0.,0.,1.));
#2071 = PLANE('',#2072);
#2072 = AXIS2_PLACEMENT_3D('',#2073,#2074,#2075);
#2073 = CARTESIAN_POINT('',(-7.2,-28.5,3.3));
#2074 = DIRECTION('',(0.,1.,0.));
#2075 = DIRECTION('',(0.,0.,1.));
#2076 = ADVANCED_FACE('',(#2077),#2118,.F.);
#2077 = FACE_BOUND('',#2078,.F.);
#2078 = EDGE_LOOP('',(#2079,#2080,#2086,#2087,#2095,#2103,#2111,#2117));
#2079 = ORIENTED_EDGE('',*,*,#657,.F.);
#2080 = ORIENTED_EDGE('',*,*,#2081,.T.);
#2081 = EDGE_CURVE('',#658,#941,#2082,.T.);
#2082 = LINE('',#2083,#2084);
#2083 = CARTESIAN_POINT('',(-7.2,-29.1,20.));
#2084 = VECTOR('',#2085,1.);
#2085 = DIRECTION('',(1.,0.,0.));
#2086 = ORIENTED_EDGE('',*,*,#948,.T.);
#2087 = ORIENTED_EDGE('',*,*,#2088,.T.);
#2088 = EDGE_CURVE('',#949,#2089,#2091,.T.);
#2089 = VERTEX_POINT('',#2090);
#2090 = CARTESIAN_POINT('',(5.4,-28.5,20.));
#2091 = LINE('',#2092,#2093);
#2092 = CARTESIAN_POINT('',(-0.9,-28.5,20.));
#2093 = VECTOR('',#2094,1.);
#2094 = DIRECTION('',(-1.,0.,0.));
#2095 = ORIENTED_EDGE('',*,*,#2096,.T.);
#2096 = EDGE_CURVE('',#2089,#2097,#2099,.T.);
#2097 = VERTEX_POINT('',#2098);
#2098 = CARTESIAN_POINT('',(5.4,-28.1,20.));
#2099 = LINE('',#2100,#2101);
#2100 = CARTESIAN_POINT('',(5.4,-28.8,20.));
#2101 = VECTOR('',#2102,1.);
#2102 = DIRECTION('',(0.,1.,0.));
#2103 = ORIENTED_EDGE('',*,*,#2104,.F.);
#2104 = EDGE_CURVE('',#2105,#2097,#2107,.T.);
#2105 = VERTEX_POINT('',#2106);
#2106 = CARTESIAN_POINT('',(-5.4,-28.1,20.));
#2107 = LINE('',#2108,#2109);
#2108 = CARTESIAN_POINT('',(-7.2,-28.1,20.));
#2109 = VECTOR('',#2110,1.);
#2110 = DIRECTION('',(1.,0.,0.));
#2111 = ORIENTED_EDGE('',*,*,#2112,.F.);
#2112 = EDGE_CURVE('',#2059,#2105,#2113,.T.);
#2113 = LINE('',#2114,#2115);
#2114 = CARTESIAN_POINT('',(-5.4,-28.8,20.));
#2115 = VECTOR('',#2116,1.);
#2116 = DIRECTION('',(0.,1.,0.));
#2117 = ORIENTED_EDGE('',*,*,#2058,.T.);
#2118 = PLANE('',#2119);
#2119 = AXIS2_PLACEMENT_3D('',#2120,#2121,#2122);
#2120 = CARTESIAN_POINT('',(-7.2,-29.1,20.));
#2121 = DIRECTION('',(0.,0.,1.));
#2122 = DIRECTION('',(1.,0.,0.));
#2123 = ADVANCED_FACE('',(#2124,#2135),#2169,.F.);
#2124 = FACE_BOUND('',#2125,.F.);
#2125 = EDGE_LOOP('',(#2126,#2127,#2128,#2134));
#2126 = ORIENTED_EDGE('',*,*,#2081,.F.);
#2127 = ORIENTED_EDGE('',*,*,#665,.T.);
#2128 = ORIENTED_EDGE('',*,*,#2129,.T.);
#2129 = EDGE_CURVE('',#666,#933,#2130,.T.);
#2130 = LINE('',#2131,#2132);
#2131 = CARTESIAN_POINT('',(-7.2,-29.1,27.));
#2132 = VECTOR('',#2133,1.);
#2133 = DIRECTION('',(1.,0.,0.));
#2134 = ORIENTED_EDGE('',*,*,#940,.F.);
#2135 = FACE_BOUND('',#2136,.F.);
#2136 = EDGE_LOOP('',(#2137,#2147,#2155,#2163));
#2137 = ORIENTED_EDGE('',*,*,#2138,.F.);
#2138 = EDGE_CURVE('',#2139,#2141,#2143,.T.);
#2139 = VERTEX_POINT('',#2140);
#2140 = CARTESIAN_POINT('',(-4.6,-29.1,24.8));
#2141 = VERTEX_POINT('',#2142);
#2142 = CARTESIAN_POINT('',(4.6,-29.1,24.8));
#2143 = LINE('',#2144,#2145);
#2144 = CARTESIAN_POINT('',(-5.9,-29.1,24.8));
#2145 = VECTOR('',#2146,1.);
#2146 = DIRECTION('',(1.,0.,0.));
#2147 = ORIENTED_EDGE('',*,*,#2148,.T.);
#2148 = EDGE_CURVE('',#2139,#2149,#2151,.T.);
#2149 = VERTEX_POINT('',#2150);
#2150 = CARTESIAN_POINT('',(-4.6,-29.1,21.7));
#2151 = LINE('',#2152,#2153);
#2152 = CARTESIAN_POINT('',(-4.6,-29.1,20.85));
#2153 = VECTOR('',#2154,1.);
#2154 = DIRECTION('',(0.,0.,-1.));
#2155 = ORIENTED_EDGE('',*,*,#2156,.T.);
#2156 = EDGE_CURVE('',#2149,#2157,#2159,.T.);
#2157 = VERTEX_POINT('',#2158);
#2158 = CARTESIAN_POINT('',(4.6,-29.1,21.7));
#2159 = LINE('',#2160,#2161);
#2160 = CARTESIAN_POINT('',(-5.9,-29.1,21.7));
#2161 = VECTOR('',#2162,1.);
#2162 = DIRECTION('',(1.,0.,0.));
#2163 = ORIENTED_EDGE('',*,*,#2164,.F.);
#2164 = EDGE_CURVE('',#2141,#2157,#2165,.T.);
#2165 = LINE('',#2166,#2167);
#2166 = CARTESIAN_POINT('',(4.6,-29.1,20.85));
#2167 = VECTOR('',#2168,1.);
#2168 = DIRECTION('',(0.,0.,-1.));
#2169 = PLANE('',#2170);
#2170 = AXIS2_PLACEMENT_3D('',#2171,#2172,#2173);
#2171 = CARTESIAN_POINT('',(-7.2,-29.1,20.));
#2172 = DIRECTION('',(0.,1.,0.));
#2173 = DIRECTION('',(0.,0.,1.));
#2174 = ADVANCED_FACE('',(#2175),#2250,.T.);
#2175 = FACE_BOUND('',#2176,.T.);
#2176 = EDGE_LOOP('',(#2177,#2178,#2179,#2180,#2188,#2196,#2204,#2212,
    #2220,#2228,#2236,#2244));
#2177 = ORIENTED_EDGE('',*,*,#673,.F.);
#2178 = ORIENTED_EDGE('',*,*,#2129,.T.);
#2179 = ORIENTED_EDGE('',*,*,#932,.T.);
#2180 = ORIENTED_EDGE('',*,*,#2181,.F.);
#2181 = EDGE_CURVE('',#2182,#925,#2184,.T.);
#2182 = VERTEX_POINT('',#2183);
#2183 = CARTESIAN_POINT('',(6.05,-23.5,27.));
#2184 = LINE('',#2185,#2186);
#2185 = CARTESIAN_POINT('',(5.4,-23.5,27.));
#2186 = VECTOR('',#2187,1.);
#2187 = DIRECTION('',(1.,0.,0.));
#2188 = ORIENTED_EDGE('',*,*,#2189,.F.);
#2189 = EDGE_CURVE('',#2190,#2182,#2192,.T.);
#2190 = VERTEX_POINT('',#2191);
#2191 = CARTESIAN_POINT('',(6.05,-28.,27.));
#2192 = LINE('',#2193,#2194);
#2193 = CARTESIAN_POINT('',(6.05,-27.25999735328,27.));
#2194 = VECTOR('',#2195,1.);
#2195 = DIRECTION('',(0.,1.,0.));
#2196 = ORIENTED_EDGE('',*,*,#2197,.T.);
#2197 = EDGE_CURVE('',#2190,#2198,#2200,.T.);
#2198 = VERTEX_POINT('',#2199);
#2199 = CARTESIAN_POINT('',(5.4,-28.,27.));
#2200 = LINE('',#2201,#2202);
#2201 = CARTESIAN_POINT('',(-3.025,-28.,27.));
#2202 = VECTOR('',#2203,1.);
#2203 = DIRECTION('',(-1.,0.,0.));
#2204 = ORIENTED_EDGE('',*,*,#2205,.F.);
#2205 = EDGE_CURVE('',#2206,#2198,#2208,.T.);
#2206 = VERTEX_POINT('',#2207);
#2207 = CARTESIAN_POINT('',(5.4,-28.1,27.));
#2208 = LINE('',#2209,#2210);
#2209 = CARTESIAN_POINT('',(5.4,-28.5,27.));
#2210 = VECTOR('',#2211,1.);
#2211 = DIRECTION('',(0.,1.,0.));
#2212 = ORIENTED_EDGE('',*,*,#2213,.F.);
#2213 = EDGE_CURVE('',#2214,#2206,#2216,.T.);
#2214 = VERTEX_POINT('',#2215);
#2215 = CARTESIAN_POINT('',(-5.4,-28.1,27.));
#2216 = LINE('',#2217,#2218);
#2217 = CARTESIAN_POINT('',(-7.2,-28.1,27.));
#2218 = VECTOR('',#2219,1.);
#2219 = DIRECTION('',(1.,0.,0.));
#2220 = ORIENTED_EDGE('',*,*,#2221,.T.);
#2221 = EDGE_CURVE('',#2214,#2222,#2224,.T.);
#2222 = VERTEX_POINT('',#2223);
#2223 = CARTESIAN_POINT('',(-5.4,-28.,27.));
#2224 = LINE('',#2225,#2226);
#2225 = CARTESIAN_POINT('',(-5.4,-28.5,27.));
#2226 = VECTOR('',#2227,1.);
#2227 = DIRECTION('',(0.,1.,0.));
#2228 = ORIENTED_EDGE('',*,*,#2229,.T.);
#2229 = EDGE_CURVE('',#2222,#2230,#2232,.T.);
#2230 = VERTEX_POINT('',#2231);
#2231 = CARTESIAN_POINT('',(-6.05,-28.,27.));
#2232 = LINE('',#2233,#2234);
#2233 = CARTESIAN_POINT('',(-3.025,-28.,27.));
#2234 = VECTOR('',#2235,1.);
#2235 = DIRECTION('',(-1.,0.,0.));
#2236 = ORIENTED_EDGE('',*,*,#2237,.T.);
#2237 = EDGE_CURVE('',#2230,#2238,#2240,.T.);
#2238 = VERTEX_POINT('',#2239);
#2239 = CARTESIAN_POINT('',(-6.05,-23.5,27.));
#2240 = LINE('',#2241,#2242);
#2241 = CARTESIAN_POINT('',(-6.05,-27.25999735328,27.));
#2242 = VECTOR('',#2243,1.);
#2243 = DIRECTION('',(0.,1.,0.));
#2244 = ORIENTED_EDGE('',*,*,#2245,.F.);
#2245 = EDGE_CURVE('',#674,#2238,#2246,.T.);
#2246 = LINE('',#2247,#2248);
#2247 = CARTESIAN_POINT('',(-7.2,-23.5,27.));
#2248 = VECTOR('',#2249,1.);
#2249 = DIRECTION('',(1.,0.,0.));
#2250 = PLANE('',#2251);
#2251 = AXIS2_PLACEMENT_3D('',#2252,#2253,#2254);
#2252 = CARTESIAN_POINT('',(-3.890134869772E-15,-26.51999470656,27.));
#2253 = DIRECTION('',(0.,0.,1.));
#2254 = DIRECTION('',(1.,0.,0.));
#2255 = ADVANCED_FACE('',(#2256),#2290,.T.);
#2256 = FACE_BOUND('',#2257,.T.);
#2257 = EDGE_LOOP('',(#2258,#2268,#2274,#2275,#2276,#2284));
#2258 = ORIENTED_EDGE('',*,*,#2259,.F.);
#2259 = EDGE_CURVE('',#2260,#2262,#2264,.T.);
#2260 = VERTEX_POINT('',#2261);
#2261 = CARTESIAN_POINT('',(-5.4,-23.5,21.3));
#2262 = VERTEX_POINT('',#2263);
#2263 = CARTESIAN_POINT('',(-5.4,-23.5,24.9));
#2264 = LINE('',#2265,#2266);
#2265 = CARTESIAN_POINT('',(-5.4,-23.5,3.3));
#2266 = VECTOR('',#2267,1.);
#2267 = DIRECTION('',(0.,0.,1.));
#2268 = ORIENTED_EDGE('',*,*,#2269,.T.);
#2269 = EDGE_CURVE('',#2260,#682,#2270,.T.);
#2270 = LINE('',#2271,#2272);
#2271 = CARTESIAN_POINT('',(-7.2,-23.5,21.3));
#2272 = VECTOR('',#2273,1.);
#2273 = DIRECTION('',(-1.,0.,0.));
#2274 = ORIENTED_EDGE('',*,*,#681,.T.);
#2275 = ORIENTED_EDGE('',*,*,#2245,.T.);
#2276 = ORIENTED_EDGE('',*,*,#2277,.T.);
#2277 = EDGE_CURVE('',#2238,#2278,#2280,.T.);
#2278 = VERTEX_POINT('',#2279);
#2279 = CARTESIAN_POINT('',(-6.05,-23.5,24.9));
#2280 = LINE('',#2281,#2282);
#2281 = CARTESIAN_POINT('',(-6.05,-23.5,14.1));
#2282 = VECTOR('',#2283,1.);
#2283 = DIRECTION('',(0.,0.,-1.));
#2284 = ORIENTED_EDGE('',*,*,#2285,.T.);
#2285 = EDGE_CURVE('',#2278,#2262,#2286,.T.);
#2286 = LINE('',#2287,#2288);
#2287 = CARTESIAN_POINT('',(-6.625,-23.5,24.9));
#2288 = VECTOR('',#2289,1.);
#2289 = DIRECTION('',(1.,0.,0.));
#2290 = PLANE('',#2291);
#2291 = AXIS2_PLACEMENT_3D('',#2292,#2293,#2294);
#2292 = CARTESIAN_POINT('',(-7.2,-23.5,3.3));
#2293 = DIRECTION('',(0.,1.,0.));
#2294 = DIRECTION('',(0.,0.,1.));
#2295 = ADVANCED_FACE('',(#2296),#2312,.T.);
#2296 = FACE_BOUND('',#2297,.T.);
#2297 = EDGE_LOOP('',(#2298,#2304,#2305,#2311));
#2298 = ORIENTED_EDGE('',*,*,#2299,.F.);
#2299 = EDGE_CURVE('',#698,#901,#2300,.T.);
#2300 = LINE('',#2301,#2302);
#2301 = CARTESIAN_POINT('',(-7.2,-21.8,20.1));
#2302 = VECTOR('',#2303,1.);
#2303 = DIRECTION('',(1.,0.,0.));
#2304 = ORIENTED_EDGE('',*,*,#697,.T.);
#2305 = ORIENTED_EDGE('',*,*,#2306,.T.);
#2306 = EDGE_CURVE('',#690,#909,#2307,.T.);
#2307 = LINE('',#2308,#2309);
#2308 = CARTESIAN_POINT('',(-7.2,-21.8,21.3));
#2309 = VECTOR('',#2310,1.);
#2310 = DIRECTION('',(1.,0.,0.));
#2311 = ORIENTED_EDGE('',*,*,#908,.F.);
#2312 = PLANE('',#2313);
#2313 = AXIS2_PLACEMENT_3D('',#2314,#2315,#2316);
#2314 = CARTESIAN_POINT('',(-7.2,-21.8,20.1));
#2315 = DIRECTION('',(0.,1.,0.));
#2316 = DIRECTION('',(0.,0.,1.));
#2317 = ADVANCED_FACE('',(#2318),#2328,.F.);
#2318 = FACE_BOUND('',#2319,.F.);
#2319 = EDGE_LOOP('',(#2320,#2321,#2322,#2323,#2324,#2325,#2326,#2327));
#2320 = ORIENTED_EDGE('',*,*,#705,.F.);
#2321 = ORIENTED_EDGE('',*,*,#773,.F.);
#2322 = ORIENTED_EDGE('',*,*,#738,.F.);
#2323 = ORIENTED_EDGE('',*,*,#1871,.F.);
#2324 = ORIENTED_EDGE('',*,*,#857,.T.);
#2325 = ORIENTED_EDGE('',*,*,#1042,.F.);
#2326 = ORIENTED_EDGE('',*,*,#900,.T.);
#2327 = ORIENTED_EDGE('',*,*,#2299,.F.);
#2328 = PLANE('',#2329);
#2329 = AXIS2_PLACEMENT_3D('',#2330,#2331,#2332);
#2330 = CARTESIAN_POINT('',(-7.2,-26.8,20.1));
#2331 = DIRECTION('',(0.,0.,1.));
#2332 = DIRECTION('',(1.,0.,0.));
#2333 = ADVANCED_FACE('',(#2334,#2345),#2348,.F.);
#2334 = FACE_BOUND('',#2335,.F.);
#2335 = EDGE_LOOP('',(#2336));
#2336 = ORIENTED_EDGE('',*,*,#2337,.T.);
#2337 = EDGE_CURVE('',#2338,#2338,#2340,.T.);
#2338 = VERTEX_POINT('',#2339);
#2339 = CARTESIAN_POINT('',(-20.79967320028,-13.25,2.3));
#2340 = CIRCLE('',#2341,2.15);
#2341 = AXIS2_PLACEMENT_3D('',#2342,#2343,#2344);
#2342 = CARTESIAN_POINT('',(-22.94967320028,-13.25,2.3));
#2343 = DIRECTION('',(0.,0.,1.));
#2344 = DIRECTION('',(1.,0.,0.));
#2345 = FACE_BOUND('',#2346,.F.);
#2346 = EDGE_LOOP('',(#2347));
#2347 = ORIENTED_EDGE('',*,*,#798,.F.);
#2348 = PLANE('',#2349);
#2349 = AXIS2_PLACEMENT_3D('',#2350,#2351,#2352);
#2350 = CARTESIAN_POINT('',(-22.94967320028,-13.25,2.3));
#2351 = DIRECTION('',(0.,0.,1.));
#2352 = DIRECTION('',(1.,0.,0.));
#2353 = ADVANCED_FACE('',(#2354),#2388,.T.);
#2354 = FACE_BOUND('',#2355,.T.);
#2355 = EDGE_LOOP('',(#2356,#2357,#2365,#2373,#2381,#2387));
#2356 = ORIENTED_EDGE('',*,*,#924,.F.);
#2357 = ORIENTED_EDGE('',*,*,#2358,.T.);
#2358 = EDGE_CURVE('',#917,#2359,#2361,.T.);
#2359 = VERTEX_POINT('',#2360);
#2360 = CARTESIAN_POINT('',(5.4,-23.5,21.3));
#2361 = LINE('',#2362,#2363);
#2362 = CARTESIAN_POINT('',(-0.9,-23.5,21.3));
#2363 = VECTOR('',#2364,1.);
#2364 = DIRECTION('',(-1.,0.,0.));
#2365 = ORIENTED_EDGE('',*,*,#2366,.T.);
#2366 = EDGE_CURVE('',#2359,#2367,#2369,.T.);
#2367 = VERTEX_POINT('',#2368);
#2368 = CARTESIAN_POINT('',(5.4,-23.5,24.9));
#2369 = LINE('',#2370,#2371);
#2370 = CARTESIAN_POINT('',(5.4,-23.5,3.3));
#2371 = VECTOR('',#2372,1.);
#2372 = DIRECTION('',(0.,0.,1.));
#2373 = ORIENTED_EDGE('',*,*,#2374,.T.);
#2374 = EDGE_CURVE('',#2367,#2375,#2377,.T.);
#2375 = VERTEX_POINT('',#2376);
#2376 = CARTESIAN_POINT('',(6.05,-23.5,24.9));
#2377 = LINE('',#2378,#2379);
#2378 = CARTESIAN_POINT('',(-0.325,-23.5,24.9));
#2379 = VECTOR('',#2380,1.);
#2380 = DIRECTION('',(1.,0.,0.));
#2381 = ORIENTED_EDGE('',*,*,#2382,.F.);
#2382 = EDGE_CURVE('',#2182,#2375,#2383,.T.);
#2383 = LINE('',#2384,#2385);
#2384 = CARTESIAN_POINT('',(6.05,-23.5,14.1));
#2385 = VECTOR('',#2386,1.);
#2386 = DIRECTION('',(0.,0.,-1.));
#2387 = ORIENTED_EDGE('',*,*,#2181,.T.);
#2388 = PLANE('',#2389);
#2389 = AXIS2_PLACEMENT_3D('',#2390,#2391,#2392);
#2390 = CARTESIAN_POINT('',(5.4,-23.5,3.3));
#2391 = DIRECTION('',(0.,1.,0.));
#2392 = DIRECTION('',(0.,0.,1.));
#2393 = ADVANCED_FACE('',(#2394),#2405,.F.);
#2394 = FACE_BOUND('',#2395,.F.);
#2395 = EDGE_LOOP('',(#2396,#2397,#2403,#2404));
#2396 = ORIENTED_EDGE('',*,*,#1923,.T.);
#2397 = ORIENTED_EDGE('',*,*,#2398,.T.);
#2398 = EDGE_CURVE('',#1924,#2089,#2399,.T.);
#2399 = LINE('',#2400,#2401);
#2400 = CARTESIAN_POINT('',(5.4,-28.5,3.3));
#2401 = VECTOR('',#2402,1.);
#2402 = DIRECTION('',(0.,0.,1.));
#2403 = ORIENTED_EDGE('',*,*,#2088,.F.);
#2404 = ORIENTED_EDGE('',*,*,#956,.F.);
#2405 = PLANE('',#2406);
#2406 = AXIS2_PLACEMENT_3D('',#2407,#2408,#2409);
#2407 = CARTESIAN_POINT('',(5.4,-28.5,3.3));
#2408 = DIRECTION('',(0.,1.,0.));
#2409 = DIRECTION('',(0.,0.,1.));
#2410 = ADVANCED_FACE('',(#2411,#2422),#2425,.F.);
#2411 = FACE_BOUND('',#2412,.F.);
#2412 = EDGE_LOOP('',(#2413));
#2413 = ORIENTED_EDGE('',*,*,#2414,.T.);
#2414 = EDGE_CURVE('',#2415,#2415,#2417,.T.);
#2415 = VERTEX_POINT('',#2416);
#2416 = CARTESIAN_POINT('',(25.099673200288,-13.25,2.3));
#2417 = CIRCLE('',#2418,2.15);
#2418 = AXIS2_PLACEMENT_3D('',#2419,#2420,#2421);
#2419 = CARTESIAN_POINT('',(22.949673200288,-13.25,2.3));
#2420 = DIRECTION('',(0.,0.,1.));
#2421 = DIRECTION('',(1.,0.,0.));
#2422 = FACE_BOUND('',#2423,.F.);
#2423 = EDGE_LOOP('',(#2424));
#2424 = ORIENTED_EDGE('',*,*,#1067,.F.);
#2425 = PLANE('',#2426);
#2426 = AXIS2_PLACEMENT_3D('',#2427,#2428,#2429);
#2427 = CARTESIAN_POINT('',(22.949673200288,-13.25,2.3));
#2428 = DIRECTION('',(0.,0.,1.));
#2429 = DIRECTION('',(1.,0.,0.));
#2430 = ADVANCED_FACE('',(#2431,#2434),#2445,.T.);
#2431 = FACE_BOUND('',#2432,.T.);
#2432 = EDGE_LOOP('',(#2433));
#2433 = ORIENTED_EDGE('',*,*,#1082,.T.);
#2434 = FACE_BOUND('',#2435,.T.);
#2435 = EDGE_LOOP('',(#2436));
#2436 = ORIENTED_EDGE('',*,*,#2437,.F.);
#2437 = EDGE_CURVE('',#2438,#2438,#2440,.T.);
#2438 = VERTEX_POINT('',#2439);
#2439 = CARTESIAN_POINT('',(18.,-4.40872847693E-15,4.5));
#2440 = CIRCLE('',#2441,18.);
#2441 = AXIS2_PLACEMENT_3D('',#2442,#2443,#2444);
#2442 = CARTESIAN_POINT('',(0.,0.,4.5));
#2443 = DIRECTION('',(0.,0.,1.));
#2444 = DIRECTION('',(1.,0.,0.));
#2445 = PLANE('',#2446);
#2446 = AXIS2_PLACEMENT_3D('',#2447,#2448,#2449);
#2447 = CARTESIAN_POINT('',(0.,0.,4.5));
#2448 = DIRECTION('',(0.,0.,1.));
#2449 = DIRECTION('',(1.,0.,0.));
#2450 = ADVANCED_FACE('',(#2451,#2462),#2465,.F.);
#2451 = FACE_BOUND('',#2452,.F.);
#2452 = EDGE_LOOP('',(#2453));
#2453 = ORIENTED_EDGE('',*,*,#2454,.T.);
#2454 = EDGE_CURVE('',#2455,#2455,#2457,.T.);
#2455 = VERTEX_POINT('',#2456);
#2456 = CARTESIAN_POINT('',(2.15,26.5,2.3));
#2457 = CIRCLE('',#2458,2.15);
#2458 = AXIS2_PLACEMENT_3D('',#2459,#2460,#2461);
#2459 = CARTESIAN_POINT('',(1.62265700887E-15,26.5,2.3));
#2460 = DIRECTION('',(0.,0.,1.));
#2461 = DIRECTION('',(1.,0.,0.));
#2462 = FACE_BOUND('',#2463,.F.);
#2463 = EDGE_LOOP('',(#2464));
#2464 = ORIENTED_EDGE('',*,*,#1117,.F.);
#2465 = PLANE('',#2466);
#2466 = AXIS2_PLACEMENT_3D('',#2467,#2468,#2469);
#2467 = CARTESIAN_POINT('',(1.62265700887E-15,26.5,2.3));
#2468 = DIRECTION('',(0.,0.,1.));
#2469 = DIRECTION('',(1.,0.,0.));
#2470 = ADVANCED_FACE('',(#2471,#2477),#2488,.T.);
#2471 = FACE_BOUND('',#2472,.T.);
#2472 = EDGE_LOOP('',(#2473,#2474,#2475,#2476));
#2473 = ORIENTED_EDGE('',*,*,#1173,.F.);
#2474 = ORIENTED_EDGE('',*,*,#1141,.T.);
#2475 = ORIENTED_EDGE('',*,*,#1197,.T.);
#2476 = ORIENTED_EDGE('',*,*,#1247,.F.);
#2477 = FACE_BOUND('',#2478,.T.);
#2478 = EDGE_LOOP('',(#2479));
#2479 = ORIENTED_EDGE('',*,*,#2480,.F.);
#2480 = EDGE_CURVE('',#2481,#2481,#2483,.T.);
#2481 = VERTEX_POINT('',#2482);
#2482 = CARTESIAN_POINT('',(13.724741946254,19.820844855619,12.5));
#2483 = CIRCLE('',#2484,1.1);
#2484 = AXIS2_PLACEMENT_3D('',#2485,#2486,#2487);
#2485 = CARTESIAN_POINT('',(12.624741946254,19.820844855619,12.5));
#2486 = DIRECTION('',(0.,0.,1.));
#2487 = DIRECTION('',(1.,0.,0.));
#2488 = PLANE('',#2489);
#2489 = AXIS2_PLACEMENT_3D('',#2490,#2491,#2492);
#2490 = CARTESIAN_POINT('',(14.29496844459,15.555830970031,12.5));
#2491 = DIRECTION('',(0.,0.,1.));
#2492 = DIRECTION('',(0.537223061543,0.843440206622,0.));
#2493 = ADVANCED_FACE('',(#2494,#2559),#2588,.T.);
#2494 = FACE_BOUND('',#2495,.T.);
#2495 = EDGE_LOOP('',(#2496,#2506,#2512,#2513,#2521,#2529,#2537,#2545,
    #2553));
#2496 = ORIENTED_EDGE('',*,*,#2497,.F.);
#2497 = EDGE_CURVE('',#2498,#2500,#2502,.T.);
#2498 = VERTEX_POINT('',#2499);
#2499 = CARTESIAN_POINT('',(14.338214901044,18.136650557682,9.15));
#2500 = VERTEX_POINT('',#2501);
#2501 = CARTESIAN_POINT('',(14.147409600682,18.25818259613,9.15));
#2502 = LINE('',#2503,#2504);
#2503 = CARTESIAN_POINT('',(14.338214901044,18.136650557682,9.15));
#2504 = VECTOR('',#2505,1.);
#2505 = DIRECTION('',(-0.843440206622,0.537223061543,0.));
#2506 = ORIENTED_EDGE('',*,*,#2507,.T.);
#2507 = EDGE_CURVE('',#2498,#1208,#2508,.T.);
#2508 = LINE('',#2509,#2510);
#2509 = CARTESIAN_POINT('',(14.338214901044,18.136650557682,9.15));
#2510 = VECTOR('',#2511,1.);
#2511 = DIRECTION('',(0.537223061543,0.843440206622,0.));
#2512 = ORIENTED_EDGE('',*,*,#1205,.F.);
#2513 = ORIENTED_EDGE('',*,*,#2514,.F.);
#2514 = EDGE_CURVE('',#2515,#1206,#2517,.T.);
#2515 = VERTEX_POINT('',#2516);
#2516 = CARTESIAN_POINT('',(10.374045929921,20.661598946933,9.15));
#2517 = LINE('',#2518,#2519);
#2518 = CARTESIAN_POINT('',(10.374045929921,20.661598946933,9.15));
#2519 = VECTOR('',#2520,1.);
#2520 = DIRECTION('',(0.537223061543,0.843440206622,0.));
#2521 = ORIENTED_EDGE('',*,*,#2522,.F.);
#2522 = EDGE_CURVE('',#2523,#2515,#2525,.T.);
#2523 = VERTEX_POINT('',#2524);
#2524 = CARTESIAN_POINT('',(10.601599930354,20.516660093153,9.15));
#2525 = LINE('',#2526,#2527);
#2526 = CARTESIAN_POINT('',(14.338214901044,18.136650557682,9.15));
#2527 = VECTOR('',#2528,1.);
#2528 = DIRECTION('',(-0.843440206622,0.537223061543,0.));
#2529 = ORIENTED_EDGE('',*,*,#2530,.T.);
#2530 = EDGE_CURVE('',#2523,#2531,#2533,.T.);
#2531 = VERTEX_POINT('',#2532);
#2532 = CARTESIAN_POINT('',(10.199870815657,19.820844855619,9.15));
#2533 = LINE('',#2534,#2535);
#2534 = CARTESIAN_POINT('',(11.412306380956,21.920844855619,9.15));
#2535 = VECTOR('',#2536,1.);
#2536 = DIRECTION('',(-0.5,-0.866025403784,0.));
#2537 = ORIENTED_EDGE('',*,*,#2538,.T.);
#2538 = EDGE_CURVE('',#2531,#2539,#2541,.T.);
#2539 = VERTEX_POINT('',#2540);
#2540 = CARTESIAN_POINT('',(11.412306380956,17.720844855619,9.15));
#2541 = LINE('',#2542,#2543);
#2542 = CARTESIAN_POINT('',(10.199870815657,19.820844855619,9.15));
#2543 = VECTOR('',#2544,1.);
#2544 = DIRECTION('',(0.5,-0.866025403784,0.));
#2545 = ORIENTED_EDGE('',*,*,#2546,.T.);
#2546 = EDGE_CURVE('',#2539,#2547,#2549,.T.);
#2547 = VERTEX_POINT('',#2548);
#2548 = CARTESIAN_POINT('',(13.837177511552,17.720844855619,9.15));
#2549 = LINE('',#2550,#2551);
#2550 = CARTESIAN_POINT('',(11.412306380956,17.720844855619,9.15));
#2551 = VECTOR('',#2552,1.);
#2552 = DIRECTION('',(1.,0.,0.));
#2553 = ORIENTED_EDGE('',*,*,#2554,.T.);
#2554 = EDGE_CURVE('',#2547,#2500,#2555,.T.);
#2555 = LINE('',#2556,#2557);
#2556 = CARTESIAN_POINT('',(13.837177511552,17.720844855619,9.15));
#2557 = VECTOR('',#2558,1.);
#2558 = DIRECTION('',(0.5,0.866025403784,0.));
#2559 = FACE_BOUND('',#2560,.T.);
#2560 = EDGE_LOOP('',(#2561,#2572,#2581));
#2561 = ORIENTED_EDGE('',*,*,#2562,.F.);
#2562 = EDGE_CURVE('',#2563,#2565,#2567,.T.);
#2563 = VERTEX_POINT('',#2564);
#2564 = CARTESIAN_POINT('',(13.182529669391,18.872755800773,9.15));
#2565 = VERTEX_POINT('',#2566);
#2566 = CARTESIAN_POINT('',(13.724741946254,19.820844855619,9.15));
#2567 = CIRCLE('',#2568,1.1);
#2568 = AXIS2_PLACEMENT_3D('',#2569,#2570,#2571);
#2569 = CARTESIAN_POINT('',(12.624741946254,19.820844855619,9.15));
#2570 = DIRECTION('',(0.,0.,1.));
#2571 = DIRECTION('',(1.,0.,0.));
#2572 = ORIENTED_EDGE('',*,*,#2573,.F.);
#2573 = EDGE_CURVE('',#2574,#2563,#2576,.T.);
#2574 = VERTEX_POINT('',#2575);
#2575 = CARTESIAN_POINT('',(11.529731161574,19.925493703842,9.15));
#2576 = CIRCLE('',#2577,1.1);
#2577 = AXIS2_PLACEMENT_3D('',#2578,#2579,#2580);
#2578 = CARTESIAN_POINT('',(12.624741946254,19.820844855619,9.15));
#2579 = DIRECTION('',(0.,0.,1.));
#2580 = DIRECTION('',(1.,0.,0.));
#2581 = ORIENTED_EDGE('',*,*,#2582,.F.);
#2582 = EDGE_CURVE('',#2565,#2574,#2583,.T.);
#2583 = CIRCLE('',#2584,1.1);
#2584 = AXIS2_PLACEMENT_3D('',#2585,#2586,#2587);
#2585 = CARTESIAN_POINT('',(12.624741946254,19.820844855619,9.15));
#2586 = DIRECTION('',(0.,0.,1.));
#2587 = DIRECTION('',(1.,0.,0.));
#2588 = PLANE('',#2589);
#2589 = AXIS2_PLACEMENT_3D('',#2590,#2591,#2592);
#2590 = CARTESIAN_POINT('',(12.906814734689,20.267747451032,9.15));
#2591 = DIRECTION('',(0.,0.,1.));
#2592 = DIRECTION('',(1.,0.,0.));
#2593 = ADVANCED_FACE('',(#2594),#2612,.F.);
#2594 = FACE_BOUND('',#2595,.F.);
#2595 = EDGE_LOOP('',(#2596,#2597,#2605,#2611));
#2596 = ORIENTED_EDGE('',*,*,#2514,.F.);
#2597 = ORIENTED_EDGE('',*,*,#2598,.T.);
#2598 = EDGE_CURVE('',#2515,#2599,#2601,.T.);
#2599 = VERTEX_POINT('',#2600);
#2600 = CARTESIAN_POINT('',(10.374045929921,20.661598946933,11.05));
#2601 = LINE('',#2602,#2603);
#2602 = CARTESIAN_POINT('',(10.374045929921,20.661598946933,9.15));
#2603 = VECTOR('',#2604,1.);
#2604 = DIRECTION('',(0.,0.,1.));
#2605 = ORIENTED_EDGE('',*,*,#2606,.T.);
#2606 = EDGE_CURVE('',#2599,#1224,#2607,.T.);
#2607 = LINE('',#2608,#2609);
#2608 = CARTESIAN_POINT('',(10.374045929921,20.661598946933,11.05));
#2609 = VECTOR('',#2610,1.);
#2610 = DIRECTION('',(0.537223061543,0.843440206622,0.));
#2611 = ORIENTED_EDGE('',*,*,#1231,.F.);
#2612 = PLANE('',#2613);
#2613 = AXIS2_PLACEMENT_3D('',#2614,#2615,#2616);
#2614 = CARTESIAN_POINT('',(10.374045929921,20.661598946933,9.15));
#2615 = DIRECTION('',(-0.843440206622,0.537223061543,0.));
#2616 = DIRECTION('',(0.,0.,1.));
#2617 = ADVANCED_FACE('',(#2618,#2676),#2705,.T.);
#2618 = FACE_BOUND('',#2619,.T.);
#2619 = EDGE_LOOP('',(#2620,#2630,#2638,#2646,#2654,#2662,#2668,#2669,
    #2670));
#2620 = ORIENTED_EDGE('',*,*,#2621,.T.);
#2621 = EDGE_CURVE('',#2622,#2624,#2626,.T.);
#2622 = VERTEX_POINT('',#2623);
#2623 = CARTESIAN_POINT('',(14.338214901044,18.136650557682,11.05));
#2624 = VERTEX_POINT('',#2625);
#2625 = CARTESIAN_POINT('',(14.147409600682,18.25818259613,11.05));
#2626 = LINE('',#2627,#2628);
#2627 = CARTESIAN_POINT('',(14.338214901044,18.136650557682,11.05));
#2628 = VECTOR('',#2629,1.);
#2629 = DIRECTION('',(-0.843440206622,0.537223061543,0.));
#2630 = ORIENTED_EDGE('',*,*,#2631,.F.);
#2631 = EDGE_CURVE('',#2632,#2624,#2634,.T.);
#2632 = VERTEX_POINT('',#2633);
#2633 = CARTESIAN_POINT('',(13.837177511552,17.720844855619,11.05));
#2634 = LINE('',#2635,#2636);
#2635 = CARTESIAN_POINT('',(13.837177511552,17.720844855619,11.05));
#2636 = VECTOR('',#2637,1.);
#2637 = DIRECTION('',(0.5,0.866025403784,0.));
#2638 = ORIENTED_EDGE('',*,*,#2639,.F.);
#2639 = EDGE_CURVE('',#2640,#2632,#2642,.T.);
#2640 = VERTEX_POINT('',#2641);
#2641 = CARTESIAN_POINT('',(11.412306380956,17.720844855619,11.05));
#2642 = LINE('',#2643,#2644);
#2643 = CARTESIAN_POINT('',(11.412306380956,17.720844855619,11.05));
#2644 = VECTOR('',#2645,1.);
#2645 = DIRECTION('',(1.,0.,0.));
#2646 = ORIENTED_EDGE('',*,*,#2647,.F.);
#2647 = EDGE_CURVE('',#2648,#2640,#2650,.T.);
#2648 = VERTEX_POINT('',#2649);
#2649 = CARTESIAN_POINT('',(10.199870815657,19.820844855619,11.05));
#2650 = LINE('',#2651,#2652);
#2651 = CARTESIAN_POINT('',(10.199870815657,19.820844855619,11.05));
#2652 = VECTOR('',#2653,1.);
#2653 = DIRECTION('',(0.5,-0.866025403784,0.));
#2654 = ORIENTED_EDGE('',*,*,#2655,.F.);
#2655 = EDGE_CURVE('',#2656,#2648,#2658,.T.);
#2656 = VERTEX_POINT('',#2657);
#2657 = CARTESIAN_POINT('',(10.601599930354,20.516660093153,11.05));
#2658 = LINE('',#2659,#2660);
#2659 = CARTESIAN_POINT('',(11.412306380956,21.920844855619,11.05));
#2660 = VECTOR('',#2661,1.);
#2661 = DIRECTION('',(-0.5,-0.866025403784,0.));
#2662 = ORIENTED_EDGE('',*,*,#2663,.T.);
#2663 = EDGE_CURVE('',#2656,#2599,#2664,.T.);
#2664 = LINE('',#2665,#2666);
#2665 = CARTESIAN_POINT('',(14.338214901044,18.136650557682,11.05));
#2666 = VECTOR('',#2667,1.);
#2667 = DIRECTION('',(-0.843440206622,0.537223061543,0.));
#2668 = ORIENTED_EDGE('',*,*,#2606,.T.);
#2669 = ORIENTED_EDGE('',*,*,#1223,.T.);
#2670 = ORIENTED_EDGE('',*,*,#2671,.F.);
#2671 = EDGE_CURVE('',#2622,#1216,#2672,.T.);
#2672 = LINE('',#2673,#2674);
#2673 = CARTESIAN_POINT('',(14.338214901044,18.136650557682,11.05));
#2674 = VECTOR('',#2675,1.);
#2675 = DIRECTION('',(0.537223061543,0.843440206622,0.));
#2676 = FACE_BOUND('',#2677,.T.);
#2677 = EDGE_LOOP('',(#2678,#2689,#2698));
#2678 = ORIENTED_EDGE('',*,*,#2679,.T.);
#2679 = EDGE_CURVE('',#2680,#2682,#2684,.T.);
#2680 = VERTEX_POINT('',#2681);
#2681 = CARTESIAN_POINT('',(13.182529669391,18.872755800773,11.05));
#2682 = VERTEX_POINT('',#2683);
#2683 = CARTESIAN_POINT('',(13.724741946254,19.820844855619,11.05));
#2684 = CIRCLE('',#2685,1.1);
#2685 = AXIS2_PLACEMENT_3D('',#2686,#2687,#2688);
#2686 = CARTESIAN_POINT('',(12.624741946254,19.820844855619,11.05));
#2687 = DIRECTION('',(0.,0.,1.));
#2688 = DIRECTION('',(1.,0.,0.));
#2689 = ORIENTED_EDGE('',*,*,#2690,.T.);
#2690 = EDGE_CURVE('',#2682,#2691,#2693,.T.);
#2691 = VERTEX_POINT('',#2692);
#2692 = CARTESIAN_POINT('',(11.529731161574,19.925493703842,11.05));
#2693 = CIRCLE('',#2694,1.1);
#2694 = AXIS2_PLACEMENT_3D('',#2695,#2696,#2697);
#2695 = CARTESIAN_POINT('',(12.624741946254,19.820844855619,11.05));
#2696 = DIRECTION('',(0.,0.,1.));
#2697 = DIRECTION('',(1.,0.,0.));
#2698 = ORIENTED_EDGE('',*,*,#2699,.T.);
#2699 = EDGE_CURVE('',#2691,#2680,#2700,.T.);
#2700 = CIRCLE('',#2701,1.1);
#2701 = AXIS2_PLACEMENT_3D('',#2702,#2703,#2704);
#2702 = CARTESIAN_POINT('',(12.624741946254,19.820844855619,11.05));
#2703 = DIRECTION('',(0.,0.,1.));
#2704 = DIRECTION('',(1.,0.,0.));
#2705 = PLANE('',#2706);
#2706 = AXIS2_PLACEMENT_3D('',#2707,#2708,#2709);
#2707 = CARTESIAN_POINT('',(12.906814734689,20.267747451032,11.05));
#2708 = DIRECTION('',(-0.,-0.,-1.));
#2709 = DIRECTION('',(-1.,0.,0.));
#2710 = ADVANCED_FACE('',(#2711),#2722,.T.);
#2711 = FACE_BOUND('',#2712,.T.);
#2712 = EDGE_LOOP('',(#2713,#2714,#2720,#2721));
#2713 = ORIENTED_EDGE('',*,*,#2507,.F.);
#2714 = ORIENTED_EDGE('',*,*,#2715,.T.);
#2715 = EDGE_CURVE('',#2498,#2622,#2716,.T.);
#2716 = LINE('',#2717,#2718);
#2717 = CARTESIAN_POINT('',(14.338214901044,18.136650557682,9.15));
#2718 = VECTOR('',#2719,1.);
#2719 = DIRECTION('',(0.,0.,1.));
#2720 = ORIENTED_EDGE('',*,*,#2671,.T.);
#2721 = ORIENTED_EDGE('',*,*,#1215,.F.);
#2722 = PLANE('',#2723);
#2723 = AXIS2_PLACEMENT_3D('',#2724,#2725,#2726);
#2724 = CARTESIAN_POINT('',(14.338214901044,18.136650557682,9.15));
#2725 = DIRECTION('',(-0.843440206622,0.537223061543,0.));
#2726 = DIRECTION('',(0.,0.,1.));
#2727 = ADVANCED_FACE('',(#2728),#2739,.F.);
#2728 = FACE_BOUND('',#2729,.F.);
#2729 = EDGE_LOOP('',(#2730,#2736,#2737,#2738));
#2730 = ORIENTED_EDGE('',*,*,#2731,.T.);
#2731 = EDGE_CURVE('',#1266,#2415,#2732,.T.);
#2732 = LINE('',#2733,#2734);
#2733 = CARTESIAN_POINT('',(25.099673200288,-13.25,-0.1));
#2734 = VECTOR('',#2735,1.);
#2735 = DIRECTION('',(0.,0.,1.));
#2736 = ORIENTED_EDGE('',*,*,#2414,.F.);
#2737 = ORIENTED_EDGE('',*,*,#2731,.F.);
#2738 = ORIENTED_EDGE('',*,*,#1265,.T.);
#2739 = CYLINDRICAL_SURFACE('',#2740,2.15);
#2740 = AXIS2_PLACEMENT_3D('',#2741,#2742,#2743);
#2741 = CARTESIAN_POINT('',(22.949673200288,-13.25,-0.1));
#2742 = DIRECTION('',(0.,0.,1.));
#2743 = DIRECTION('',(1.,0.,0.));
#2744 = ADVANCED_FACE('',(#2745),#2781,.F.);
#2745 = FACE_BOUND('',#2746,.F.);
#2746 = EDGE_LOOP('',(#2747,#2755,#2764,#2773,#2779,#2780));
#2747 = ORIENTED_EDGE('',*,*,#2748,.T.);
#2748 = EDGE_CURVE('',#1288,#2749,#2751,.T.);
#2749 = VERTEX_POINT('',#2750);
#2750 = CARTESIAN_POINT('',(14.6,8.708616422831,1.8));
#2751 = LINE('',#2752,#2753);
#2752 = CARTESIAN_POINT('',(14.6,8.708616422831,-0.2));
#2753 = VECTOR('',#2754,1.);
#2754 = DIRECTION('',(0.,0.,1.));
#2755 = ORIENTED_EDGE('',*,*,#2756,.F.);
#2756 = EDGE_CURVE('',#2757,#2749,#2759,.T.);
#2757 = VERTEX_POINT('',#2758);
#2758 = CARTESIAN_POINT('',(17.,-4.163799117101E-15,1.8));
#2759 = CIRCLE('',#2760,17.);
#2760 = AXIS2_PLACEMENT_3D('',#2761,#2762,#2763);
#2761 = CARTESIAN_POINT('',(0.,0.,1.8));
#2762 = DIRECTION('',(0.,0.,1.));
#2763 = DIRECTION('',(1.,0.,0.));
#2764 = ORIENTED_EDGE('',*,*,#2765,.F.);
#2765 = EDGE_CURVE('',#2766,#2757,#2768,.T.);
#2766 = VERTEX_POINT('',#2767);
#2767 = CARTESIAN_POINT('',(14.6,-8.708616422831,1.8));
#2768 = CIRCLE('',#2769,17.);
#2769 = AXIS2_PLACEMENT_3D('',#2770,#2771,#2772);
#2770 = CARTESIAN_POINT('',(0.,0.,1.8));
#2771 = DIRECTION('',(0.,0.,1.));
#2772 = DIRECTION('',(1.,0.,0.));
#2773 = ORIENTED_EDGE('',*,*,#2774,.F.);
#2774 = EDGE_CURVE('',#1277,#2766,#2775,.T.);
#2775 = LINE('',#2776,#2777);
#2776 = CARTESIAN_POINT('',(14.6,-8.708616422831,-0.2));
#2777 = VECTOR('',#2778,1.);
#2778 = DIRECTION('',(0.,0.,1.));
#2779 = ORIENTED_EDGE('',*,*,#1276,.T.);
#2780 = ORIENTED_EDGE('',*,*,#1287,.T.);
#2781 = CYLINDRICAL_SURFACE('',#2782,17.);
#2782 = AXIS2_PLACEMENT_3D('',#2783,#2784,#2785);
#2783 = CARTESIAN_POINT('',(0.,0.,-0.2));
#2784 = DIRECTION('',(0.,0.,1.));
#2785 = DIRECTION('',(1.,0.,0.));
#2786 = ADVANCED_FACE('',(#2787),#2798,.T.);
#2787 = FACE_BOUND('',#2788,.T.);
#2788 = EDGE_LOOP('',(#2789,#2795,#2796,#2797));
#2789 = ORIENTED_EDGE('',*,*,#2790,.F.);
#2790 = EDGE_CURVE('',#2766,#2749,#2791,.T.);
#2791 = LINE('',#2792,#2793);
#2792 = CARTESIAN_POINT('',(14.6,-9.,1.8));
#2793 = VECTOR('',#2794,1.);
#2794 = DIRECTION('',(0.,1.,0.));
#2795 = ORIENTED_EDGE('',*,*,#2774,.F.);
#2796 = ORIENTED_EDGE('',*,*,#1296,.T.);
#2797 = ORIENTED_EDGE('',*,*,#2748,.T.);
#2798 = PLANE('',#2799);
#2799 = AXIS2_PLACEMENT_3D('',#2800,#2801,#2802);
#2800 = CARTESIAN_POINT('',(14.6,-18.,-0.2));
#2801 = DIRECTION('',(1.,0.,0.));
#2802 = DIRECTION('',(0.,0.,1.));
#2803 = ADVANCED_FACE('',(#2804),#2830,.F.);
#2804 = FACE_BOUND('',#2805,.F.);
#2805 = EDGE_LOOP('',(#2806,#2807,#2815,#2824));
#2806 = ORIENTED_EDGE('',*,*,#1304,.T.);
#2807 = ORIENTED_EDGE('',*,*,#2808,.T.);
#2808 = EDGE_CURVE('',#1307,#2809,#2811,.T.);
#2809 = VERTEX_POINT('',#2810);
#2810 = CARTESIAN_POINT('',(13.4,-10.46135746449,1.8));
#2811 = LINE('',#2812,#2813);
#2812 = CARTESIAN_POINT('',(13.4,-10.46135746449,-0.2));
#2813 = VECTOR('',#2814,1.);
#2814 = DIRECTION('',(0.,0.,1.));
#2815 = ORIENTED_EDGE('',*,*,#2816,.F.);
#2816 = EDGE_CURVE('',#2817,#2809,#2819,.T.);
#2817 = VERTEX_POINT('',#2818);
#2818 = CARTESIAN_POINT('',(10.6,-13.29059818066,1.8));
#2819 = CIRCLE('',#2820,17.);
#2820 = AXIS2_PLACEMENT_3D('',#2821,#2822,#2823);
#2821 = CARTESIAN_POINT('',(0.,0.,1.8));
#2822 = DIRECTION('',(0.,0.,1.));
#2823 = DIRECTION('',(1.,0.,0.));
#2824 = ORIENTED_EDGE('',*,*,#2825,.F.);
#2825 = EDGE_CURVE('',#1305,#2817,#2826,.T.);
#2826 = LINE('',#2827,#2828);
#2827 = CARTESIAN_POINT('',(10.6,-13.29059818066,-0.2));
#2828 = VECTOR('',#2829,1.);
#2829 = DIRECTION('',(0.,0.,1.));
#2830 = CYLINDRICAL_SURFACE('',#2831,17.);
#2831 = AXIS2_PLACEMENT_3D('',#2832,#2833,#2834);
#2832 = CARTESIAN_POINT('',(0.,0.,-0.2));
#2833 = DIRECTION('',(0.,0.,1.));
#2834 = DIRECTION('',(1.,0.,0.));
#2835 = ADVANCED_FACE('',(#2836),#2854,.T.);
#2836 = FACE_BOUND('',#2837,.T.);
#2837 = EDGE_LOOP('',(#2838,#2846,#2847,#2848));
#2838 = ORIENTED_EDGE('',*,*,#2839,.F.);
#2839 = EDGE_CURVE('',#2817,#2840,#2842,.T.);
#2840 = VERTEX_POINT('',#2841);
#2841 = CARTESIAN_POINT('',(10.6,13.290598180669,1.8));
#2842 = LINE('',#2843,#2844);
#2843 = CARTESIAN_POINT('',(10.6,-9.,1.8));
#2844 = VECTOR('',#2845,1.);
#2845 = DIRECTION('',(0.,1.,0.));
#2846 = ORIENTED_EDGE('',*,*,#2825,.F.);
#2847 = ORIENTED_EDGE('',*,*,#1332,.T.);
#2848 = ORIENTED_EDGE('',*,*,#2849,.T.);
#2849 = EDGE_CURVE('',#1324,#2840,#2850,.T.);
#2850 = LINE('',#2851,#2852);
#2851 = CARTESIAN_POINT('',(10.6,13.290598180669,-0.2));
#2852 = VECTOR('',#2853,1.);
#2853 = DIRECTION('',(0.,0.,1.));
#2854 = PLANE('',#2855);
#2855 = AXIS2_PLACEMENT_3D('',#2856,#2857,#2858);
#2856 = CARTESIAN_POINT('',(10.6,-18.,-0.2));
#2857 = DIRECTION('',(1.,0.,0.));
#2858 = DIRECTION('',(0.,0.,1.));
#2859 = ADVANCED_FACE('',(#2860),#2878,.F.);
#2860 = FACE_BOUND('',#2861,.F.);
#2861 = EDGE_LOOP('',(#2862,#2870,#2871,#2872));
#2862 = ORIENTED_EDGE('',*,*,#2863,.F.);
#2863 = EDGE_CURVE('',#2809,#2864,#2866,.T.);
#2864 = VERTEX_POINT('',#2865);
#2865 = CARTESIAN_POINT('',(13.4,10.461357464498,1.8));
#2866 = LINE('',#2867,#2868);
#2867 = CARTESIAN_POINT('',(13.4,-9.,1.8));
#2868 = VECTOR('',#2869,1.);
#2869 = DIRECTION('',(0.,1.,0.));
#2870 = ORIENTED_EDGE('',*,*,#2808,.F.);
#2871 = ORIENTED_EDGE('',*,*,#1315,.T.);
#2872 = ORIENTED_EDGE('',*,*,#2873,.T.);
#2873 = EDGE_CURVE('',#1316,#2864,#2874,.T.);
#2874 = LINE('',#2875,#2876);
#2875 = CARTESIAN_POINT('',(13.4,10.461357464498,-0.2));
#2876 = VECTOR('',#2877,1.);
#2877 = DIRECTION('',(0.,0.,1.));
#2878 = PLANE('',#2879);
#2879 = AXIS2_PLACEMENT_3D('',#2880,#2881,#2882);
#2880 = CARTESIAN_POINT('',(13.4,-18.,-0.2));
#2881 = DIRECTION('',(1.,0.,0.));
#2882 = DIRECTION('',(0.,0.,1.));
#2883 = ADVANCED_FACE('',(#2884),#2896,.F.);
#2884 = FACE_BOUND('',#2885,.F.);
#2885 = EDGE_LOOP('',(#2886,#2893,#2894,#2895));
#2886 = ORIENTED_EDGE('',*,*,#2887,.F.);
#2887 = EDGE_CURVE('',#2864,#2840,#2888,.T.);
#2888 = CIRCLE('',#2889,17.);
#2889 = AXIS2_PLACEMENT_3D('',#2890,#2891,#2892);
#2890 = CARTESIAN_POINT('',(0.,0.,1.8));
#2891 = DIRECTION('',(0.,0.,1.));
#2892 = DIRECTION('',(1.,0.,0.));
#2893 = ORIENTED_EDGE('',*,*,#2873,.F.);
#2894 = ORIENTED_EDGE('',*,*,#1323,.T.);
#2895 = ORIENTED_EDGE('',*,*,#2849,.T.);
#2896 = CYLINDRICAL_SURFACE('',#2897,17.);
#2897 = AXIS2_PLACEMENT_3D('',#2898,#2899,#2900);
#2898 = CARTESIAN_POINT('',(0.,0.,-0.2));
#2899 = DIRECTION('',(0.,0.,1.));
#2900 = DIRECTION('',(1.,0.,0.));
#2901 = ADVANCED_FACE('',(#2902),#2928,.F.);
#2902 = FACE_BOUND('',#2903,.F.);
#2903 = EDGE_LOOP('',(#2904,#2905,#2913,#2922));
#2904 = ORIENTED_EDGE('',*,*,#1340,.T.);
#2905 = ORIENTED_EDGE('',*,*,#2906,.T.);
#2906 = EDGE_CURVE('',#1343,#2907,#2909,.T.);
#2907 = VERTEX_POINT('',#2908);
#2908 = CARTESIAN_POINT('',(9.4,-14.1647449677,1.8));
#2909 = LINE('',#2910,#2911);
#2910 = CARTESIAN_POINT('',(9.4,-14.1647449677,-0.2));
#2911 = VECTOR('',#2912,1.);
#2912 = DIRECTION('',(0.,0.,1.));
#2913 = ORIENTED_EDGE('',*,*,#2914,.F.);
#2914 = EDGE_CURVE('',#2915,#2907,#2917,.T.);
#2915 = VERTEX_POINT('',#2916);
#2916 = CARTESIAN_POINT('',(6.6,-15.66652482205,1.8));
#2917 = CIRCLE('',#2918,17.);
#2918 = AXIS2_PLACEMENT_3D('',#2919,#2920,#2921);
#2919 = CARTESIAN_POINT('',(0.,0.,1.8));
#2920 = DIRECTION('',(0.,0.,1.));
#2921 = DIRECTION('',(1.,0.,0.));
#2922 = ORIENTED_EDGE('',*,*,#2923,.F.);
#2923 = EDGE_CURVE('',#1341,#2915,#2924,.T.);
#2924 = LINE('',#2925,#2926);
#2925 = CARTESIAN_POINT('',(6.6,-15.66652482205,-0.2));
#2926 = VECTOR('',#2927,1.);
#2927 = DIRECTION('',(0.,0.,1.));
#2928 = CYLINDRICAL_SURFACE('',#2929,17.);
#2929 = AXIS2_PLACEMENT_3D('',#2930,#2931,#2932);
#2930 = CARTESIAN_POINT('',(0.,0.,-0.2));
#2931 = DIRECTION('',(0.,0.,1.));
#2932 = DIRECTION('',(1.,0.,0.));
#2933 = ADVANCED_FACE('',(#2934),#2952,.T.);
#2934 = FACE_BOUND('',#2935,.T.);
#2935 = EDGE_LOOP('',(#2936,#2944,#2945,#2946));
#2936 = ORIENTED_EDGE('',*,*,#2937,.F.);
#2937 = EDGE_CURVE('',#2915,#2938,#2940,.T.);
#2938 = VERTEX_POINT('',#2939);
#2939 = CARTESIAN_POINT('',(6.6,15.666524822053,1.8));
#2940 = LINE('',#2941,#2942);
#2941 = CARTESIAN_POINT('',(6.6,-9.,1.8));
#2942 = VECTOR('',#2943,1.);
#2943 = DIRECTION('',(0.,1.,0.));
#2944 = ORIENTED_EDGE('',*,*,#2923,.F.);
#2945 = ORIENTED_EDGE('',*,*,#1368,.T.);
#2946 = ORIENTED_EDGE('',*,*,#2947,.T.);
#2947 = EDGE_CURVE('',#1360,#2938,#2948,.T.);
#2948 = LINE('',#2949,#2950);
#2949 = CARTESIAN_POINT('',(6.6,15.666524822053,-0.2));
#2950 = VECTOR('',#2951,1.);
#2951 = DIRECTION('',(0.,0.,1.));
#2952 = PLANE('',#2953);
#2953 = AXIS2_PLACEMENT_3D('',#2954,#2955,#2956);
#2954 = CARTESIAN_POINT('',(6.6,-18.,-0.2));
#2955 = DIRECTION('',(1.,0.,0.));
#2956 = DIRECTION('',(0.,0.,1.));
#2957 = ADVANCED_FACE('',(#2958),#2976,.F.);
#2958 = FACE_BOUND('',#2959,.F.);
#2959 = EDGE_LOOP('',(#2960,#2968,#2969,#2970));
#2960 = ORIENTED_EDGE('',*,*,#2961,.F.);
#2961 = EDGE_CURVE('',#2907,#2962,#2964,.T.);
#2962 = VERTEX_POINT('',#2963);
#2963 = CARTESIAN_POINT('',(9.4,14.164744967701,1.8));
#2964 = LINE('',#2965,#2966);
#2965 = CARTESIAN_POINT('',(9.4,-9.,1.8));
#2966 = VECTOR('',#2967,1.);
#2967 = DIRECTION('',(0.,1.,0.));
#2968 = ORIENTED_EDGE('',*,*,#2906,.F.);
#2969 = ORIENTED_EDGE('',*,*,#1351,.T.);
#2970 = ORIENTED_EDGE('',*,*,#2971,.T.);
#2971 = EDGE_CURVE('',#1352,#2962,#2972,.T.);
#2972 = LINE('',#2973,#2974);
#2973 = CARTESIAN_POINT('',(9.4,14.164744967701,-0.2));
#2974 = VECTOR('',#2975,1.);
#2975 = DIRECTION('',(0.,0.,1.));
#2976 = PLANE('',#2977);
#2977 = AXIS2_PLACEMENT_3D('',#2978,#2979,#2980);
#2978 = CARTESIAN_POINT('',(9.4,-18.,-0.2));
#2979 = DIRECTION('',(1.,0.,0.));
#2980 = DIRECTION('',(0.,0.,1.));
#2981 = ADVANCED_FACE('',(#2982),#2994,.F.);
#2982 = FACE_BOUND('',#2983,.F.);
#2983 = EDGE_LOOP('',(#2984,#2991,#2992,#2993));
#2984 = ORIENTED_EDGE('',*,*,#2985,.F.);
#2985 = EDGE_CURVE('',#2962,#2938,#2986,.T.);
#2986 = CIRCLE('',#2987,17.);
#2987 = AXIS2_PLACEMENT_3D('',#2988,#2989,#2990);
#2988 = CARTESIAN_POINT('',(0.,0.,1.8));
#2989 = DIRECTION('',(0.,0.,1.));
#2990 = DIRECTION('',(1.,0.,0.));
#2991 = ORIENTED_EDGE('',*,*,#2971,.F.);
#2992 = ORIENTED_EDGE('',*,*,#1359,.T.);
#2993 = ORIENTED_EDGE('',*,*,#2947,.T.);
#2994 = CYLINDRICAL_SURFACE('',#2995,17.);
#2995 = AXIS2_PLACEMENT_3D('',#2996,#2997,#2998);
#2996 = CARTESIAN_POINT('',(0.,0.,-0.2));
#2997 = DIRECTION('',(0.,0.,1.));
#2998 = DIRECTION('',(1.,0.,0.));
#2999 = ADVANCED_FACE('',(#3000),#3026,.F.);
#3000 = FACE_BOUND('',#3001,.F.);
#3001 = EDGE_LOOP('',(#3002,#3003,#3011,#3020));
#3002 = ORIENTED_EDGE('',*,*,#1376,.T.);
#3003 = ORIENTED_EDGE('',*,*,#3004,.T.);
#3004 = EDGE_CURVE('',#1379,#3005,#3007,.T.);
#3005 = VERTEX_POINT('',#3006);
#3006 = CARTESIAN_POINT('',(5.4,-16.11955334368,1.8));
#3007 = LINE('',#3008,#3009);
#3008 = CARTESIAN_POINT('',(5.4,-16.11955334368,-0.2));
#3009 = VECTOR('',#3010,1.);
#3010 = DIRECTION('',(0.,0.,1.));
#3011 = ORIENTED_EDGE('',*,*,#3012,.F.);
#3012 = EDGE_CURVE('',#3013,#3005,#3015,.T.);
#3013 = VERTEX_POINT('',#3014);
#3014 = CARTESIAN_POINT('',(2.6,-16.8,1.8));
#3015 = CIRCLE('',#3016,17.);
#3016 = AXIS2_PLACEMENT_3D('',#3017,#3018,#3019);
#3017 = CARTESIAN_POINT('',(0.,0.,1.8));
#3018 = DIRECTION('',(0.,0.,1.));
#3019 = DIRECTION('',(1.,0.,0.));
#3020 = ORIENTED_EDGE('',*,*,#3021,.F.);
#3021 = EDGE_CURVE('',#1377,#3013,#3022,.T.);
#3022 = LINE('',#3023,#3024);
#3023 = CARTESIAN_POINT('',(2.6,-16.8,-0.2));
#3024 = VECTOR('',#3025,1.);
#3025 = DIRECTION('',(0.,0.,1.));
#3026 = CYLINDRICAL_SURFACE('',#3027,17.);
#3027 = AXIS2_PLACEMENT_3D('',#3028,#3029,#3030);
#3028 = CARTESIAN_POINT('',(0.,0.,-0.2));
#3029 = DIRECTION('',(0.,0.,1.));
#3030 = DIRECTION('',(1.,0.,0.));
#3031 = ADVANCED_FACE('',(#3032),#3050,.T.);
#3032 = FACE_BOUND('',#3033,.T.);
#3033 = EDGE_LOOP('',(#3034,#3042,#3043,#3044));
#3034 = ORIENTED_EDGE('',*,*,#3035,.F.);
#3035 = EDGE_CURVE('',#3013,#3036,#3038,.T.);
#3036 = VERTEX_POINT('',#3037);
#3037 = CARTESIAN_POINT('',(2.6,16.8,1.8));
#3038 = LINE('',#3039,#3040);
#3039 = CARTESIAN_POINT('',(2.6,-9.,1.8));
#3040 = VECTOR('',#3041,1.);
#3041 = DIRECTION('',(0.,1.,0.));
#3042 = ORIENTED_EDGE('',*,*,#3021,.F.);
#3043 = ORIENTED_EDGE('',*,*,#1404,.T.);
#3044 = ORIENTED_EDGE('',*,*,#3045,.T.);
#3045 = EDGE_CURVE('',#1396,#3036,#3046,.T.);
#3046 = LINE('',#3047,#3048);
#3047 = CARTESIAN_POINT('',(2.6,16.8,-0.2));
#3048 = VECTOR('',#3049,1.);
#3049 = DIRECTION('',(0.,0.,1.));
#3050 = PLANE('',#3051);
#3051 = AXIS2_PLACEMENT_3D('',#3052,#3053,#3054);
#3052 = CARTESIAN_POINT('',(2.6,-18.,-0.2));
#3053 = DIRECTION('',(1.,0.,0.));
#3054 = DIRECTION('',(0.,0.,1.));
#3055 = ADVANCED_FACE('',(#3056),#3074,.F.);
#3056 = FACE_BOUND('',#3057,.F.);
#3057 = EDGE_LOOP('',(#3058,#3066,#3067,#3068));
#3058 = ORIENTED_EDGE('',*,*,#3059,.F.);
#3059 = EDGE_CURVE('',#3005,#3060,#3062,.T.);
#3060 = VERTEX_POINT('',#3061);
#3061 = CARTESIAN_POINT('',(5.4,16.119553343688,1.8));
#3062 = LINE('',#3063,#3064);
#3063 = CARTESIAN_POINT('',(5.4,-9.,1.8));
#3064 = VECTOR('',#3065,1.);
#3065 = DIRECTION('',(0.,1.,0.));
#3066 = ORIENTED_EDGE('',*,*,#3004,.F.);
#3067 = ORIENTED_EDGE('',*,*,#1387,.T.);
#3068 = ORIENTED_EDGE('',*,*,#3069,.T.);
#3069 = EDGE_CURVE('',#1388,#3060,#3070,.T.);
#3070 = LINE('',#3071,#3072);
#3071 = CARTESIAN_POINT('',(5.4,16.119553343688,-0.2));
#3072 = VECTOR('',#3073,1.);
#3073 = DIRECTION('',(0.,0.,1.));
#3074 = PLANE('',#3075);
#3075 = AXIS2_PLACEMENT_3D('',#3076,#3077,#3078);
#3076 = CARTESIAN_POINT('',(5.4,-18.,-0.2));
#3077 = DIRECTION('',(1.,0.,0.));
#3078 = DIRECTION('',(0.,0.,1.));
#3079 = ADVANCED_FACE('',(#3080),#3092,.F.);
#3080 = FACE_BOUND('',#3081,.F.);
#3081 = EDGE_LOOP('',(#3082,#3089,#3090,#3091));
#3082 = ORIENTED_EDGE('',*,*,#3083,.F.);
#3083 = EDGE_CURVE('',#3060,#3036,#3084,.T.);
#3084 = CIRCLE('',#3085,17.);
#3085 = AXIS2_PLACEMENT_3D('',#3086,#3087,#3088);
#3086 = CARTESIAN_POINT('',(0.,0.,1.8));
#3087 = DIRECTION('',(0.,0.,1.));
#3088 = DIRECTION('',(1.,0.,0.));
#3089 = ORIENTED_EDGE('',*,*,#3069,.F.);
#3090 = ORIENTED_EDGE('',*,*,#1395,.T.);
#3091 = ORIENTED_EDGE('',*,*,#3045,.T.);
#3092 = CYLINDRICAL_SURFACE('',#3093,17.);
#3093 = AXIS2_PLACEMENT_3D('',#3094,#3095,#3096);
#3094 = CARTESIAN_POINT('',(0.,0.,-0.2));
#3095 = DIRECTION('',(0.,0.,1.));
#3096 = DIRECTION('',(1.,0.,0.));
#3097 = ADVANCED_FACE('',(#3098),#3109,.F.);
#3098 = FACE_BOUND('',#3099,.F.);
#3099 = EDGE_LOOP('',(#3100,#3106,#3107,#3108));
#3100 = ORIENTED_EDGE('',*,*,#3101,.T.);
#3101 = EDGE_CURVE('',#1413,#2338,#3102,.T.);
#3102 = LINE('',#3103,#3104);
#3103 = CARTESIAN_POINT('',(-20.79967320028,-13.25,-0.1));
#3104 = VECTOR('',#3105,1.);
#3105 = DIRECTION('',(0.,0.,1.));
#3106 = ORIENTED_EDGE('',*,*,#2337,.F.);
#3107 = ORIENTED_EDGE('',*,*,#3101,.F.);
#3108 = ORIENTED_EDGE('',*,*,#1412,.T.);
#3109 = CYLINDRICAL_SURFACE('',#3110,2.15);
#3110 = AXIS2_PLACEMENT_3D('',#3111,#3112,#3113);
#3111 = CARTESIAN_POINT('',(-22.94967320028,-13.25,-0.1));
#3112 = DIRECTION('',(0.,0.,1.));
#3113 = DIRECTION('',(1.,0.,0.));
#3114 = ADVANCED_FACE('',(#3115),#3141,.F.);
#3115 = FACE_BOUND('',#3116,.F.);
#3116 = EDGE_LOOP('',(#3117,#3118,#3126,#3135));
#3117 = ORIENTED_EDGE('',*,*,#1423,.T.);
#3118 = ORIENTED_EDGE('',*,*,#3119,.T.);
#3119 = EDGE_CURVE('',#1426,#3120,#3122,.T.);
#3120 = VERTEX_POINT('',#3121);
#3121 = CARTESIAN_POINT('',(1.4,-16.94225486763,1.8));
#3122 = LINE('',#3123,#3124);
#3123 = CARTESIAN_POINT('',(1.4,-16.94225486763,-0.2));
#3124 = VECTOR('',#3125,1.);
#3125 = DIRECTION('',(0.,0.,1.));
#3126 = ORIENTED_EDGE('',*,*,#3127,.F.);
#3127 = EDGE_CURVE('',#3128,#3120,#3130,.T.);
#3128 = VERTEX_POINT('',#3129);
#3129 = CARTESIAN_POINT('',(-1.4,-16.94225486763,1.8));
#3130 = CIRCLE('',#3131,17.);
#3131 = AXIS2_PLACEMENT_3D('',#3132,#3133,#3134);
#3132 = CARTESIAN_POINT('',(0.,0.,1.8));
#3133 = DIRECTION('',(0.,0.,1.));
#3134 = DIRECTION('',(1.,0.,0.));
#3135 = ORIENTED_EDGE('',*,*,#3136,.F.);
#3136 = EDGE_CURVE('',#1424,#3128,#3137,.T.);
#3137 = LINE('',#3138,#3139);
#3138 = CARTESIAN_POINT('',(-1.4,-16.94225486763,-0.2));
#3139 = VECTOR('',#3140,1.);
#3140 = DIRECTION('',(0.,0.,1.));
#3141 = CYLINDRICAL_SURFACE('',#3142,17.);
#3142 = AXIS2_PLACEMENT_3D('',#3143,#3144,#3145);
#3143 = CARTESIAN_POINT('',(0.,0.,-0.2));
#3144 = DIRECTION('',(0.,0.,1.));
#3145 = DIRECTION('',(1.,0.,0.));
#3146 = ADVANCED_FACE('',(#3147),#3165,.T.);
#3147 = FACE_BOUND('',#3148,.T.);
#3148 = EDGE_LOOP('',(#3149,#3157,#3158,#3159));
#3149 = ORIENTED_EDGE('',*,*,#3150,.F.);
#3150 = EDGE_CURVE('',#3128,#3151,#3153,.T.);
#3151 = VERTEX_POINT('',#3152);
#3152 = CARTESIAN_POINT('',(-1.4,16.942254867638,1.8));
#3153 = LINE('',#3154,#3155);
#3154 = CARTESIAN_POINT('',(-1.4,-9.,1.8));
#3155 = VECTOR('',#3156,1.);
#3156 = DIRECTION('',(0.,1.,0.));
#3157 = ORIENTED_EDGE('',*,*,#3136,.F.);
#3158 = ORIENTED_EDGE('',*,*,#1451,.T.);
#3159 = ORIENTED_EDGE('',*,*,#3160,.T.);
#3160 = EDGE_CURVE('',#1443,#3151,#3161,.T.);
#3161 = LINE('',#3162,#3163);
#3162 = CARTESIAN_POINT('',(-1.4,16.942254867638,-0.2));
#3163 = VECTOR('',#3164,1.);
#3164 = DIRECTION('',(0.,0.,1.));
#3165 = PLANE('',#3166);
#3166 = AXIS2_PLACEMENT_3D('',#3167,#3168,#3169);
#3167 = CARTESIAN_POINT('',(-1.4,-18.,-0.2));
#3168 = DIRECTION('',(1.,0.,0.));
#3169 = DIRECTION('',(0.,0.,1.));
#3170 = ADVANCED_FACE('',(#3171),#3189,.F.);
#3171 = FACE_BOUND('',#3172,.F.);
#3172 = EDGE_LOOP('',(#3173,#3181,#3182,#3183));
#3173 = ORIENTED_EDGE('',*,*,#3174,.F.);
#3174 = EDGE_CURVE('',#3120,#3175,#3177,.T.);
#3175 = VERTEX_POINT('',#3176);
#3176 = CARTESIAN_POINT('',(1.4,16.942254867638,1.8));
#3177 = LINE('',#3178,#3179);
#3178 = CARTESIAN_POINT('',(1.4,-9.,1.8));
#3179 = VECTOR('',#3180,1.);
#3180 = DIRECTION('',(0.,1.,0.));
#3181 = ORIENTED_EDGE('',*,*,#3119,.F.);
#3182 = ORIENTED_EDGE('',*,*,#1434,.T.);
#3183 = ORIENTED_EDGE('',*,*,#3184,.T.);
#3184 = EDGE_CURVE('',#1435,#3175,#3185,.T.);
#3185 = LINE('',#3186,#3187);
#3186 = CARTESIAN_POINT('',(1.4,16.942254867638,-0.2));
#3187 = VECTOR('',#3188,1.);
#3188 = DIRECTION('',(0.,0.,1.));
#3189 = PLANE('',#3190);
#3190 = AXIS2_PLACEMENT_3D('',#3191,#3192,#3193);
#3191 = CARTESIAN_POINT('',(1.4,-18.,-0.2));
#3192 = DIRECTION('',(1.,0.,0.));
#3193 = DIRECTION('',(0.,0.,1.));
#3194 = ADVANCED_FACE('',(#3195),#3207,.F.);
#3195 = FACE_BOUND('',#3196,.F.);
#3196 = EDGE_LOOP('',(#3197,#3204,#3205,#3206));
#3197 = ORIENTED_EDGE('',*,*,#3198,.F.);
#3198 = EDGE_CURVE('',#3175,#3151,#3199,.T.);
#3199 = CIRCLE('',#3200,17.);
#3200 = AXIS2_PLACEMENT_3D('',#3201,#3202,#3203);
#3201 = CARTESIAN_POINT('',(0.,0.,1.8));
#3202 = DIRECTION('',(0.,0.,1.));
#3203 = DIRECTION('',(1.,0.,0.));
#3204 = ORIENTED_EDGE('',*,*,#3184,.F.);
#3205 = ORIENTED_EDGE('',*,*,#1442,.T.);
#3206 = ORIENTED_EDGE('',*,*,#3160,.T.);
#3207 = CYLINDRICAL_SURFACE('',#3208,17.);
#3208 = AXIS2_PLACEMENT_3D('',#3209,#3210,#3211);
#3209 = CARTESIAN_POINT('',(0.,0.,-0.2));
#3210 = DIRECTION('',(0.,0.,1.));
#3211 = DIRECTION('',(1.,0.,0.));
#3212 = ADVANCED_FACE('',(#3213),#3239,.F.);
#3213 = FACE_BOUND('',#3214,.F.);
#3214 = EDGE_LOOP('',(#3215,#3216,#3224,#3233));
#3215 = ORIENTED_EDGE('',*,*,#1459,.T.);
#3216 = ORIENTED_EDGE('',*,*,#3217,.T.);
#3217 = EDGE_CURVE('',#1462,#3218,#3220,.T.);
#3218 = VERTEX_POINT('',#3219);
#3219 = CARTESIAN_POINT('',(-2.6,-16.8,1.8));
#3220 = LINE('',#3221,#3222);
#3221 = CARTESIAN_POINT('',(-2.6,-16.8,-0.2));
#3222 = VECTOR('',#3223,1.);
#3223 = DIRECTION('',(0.,0.,1.));
#3224 = ORIENTED_EDGE('',*,*,#3225,.F.);
#3225 = EDGE_CURVE('',#3226,#3218,#3228,.T.);
#3226 = VERTEX_POINT('',#3227);
#3227 = CARTESIAN_POINT('',(-5.4,-16.11955334368,1.8));
#3228 = CIRCLE('',#3229,17.);
#3229 = AXIS2_PLACEMENT_3D('',#3230,#3231,#3232);
#3230 = CARTESIAN_POINT('',(0.,0.,1.8));
#3231 = DIRECTION('',(0.,0.,1.));
#3232 = DIRECTION('',(1.,0.,0.));
#3233 = ORIENTED_EDGE('',*,*,#3234,.F.);
#3234 = EDGE_CURVE('',#1460,#3226,#3235,.T.);
#3235 = LINE('',#3236,#3237);
#3236 = CARTESIAN_POINT('',(-5.4,-16.11955334368,-0.2));
#3237 = VECTOR('',#3238,1.);
#3238 = DIRECTION('',(0.,0.,1.));
#3239 = CYLINDRICAL_SURFACE('',#3240,17.);
#3240 = AXIS2_PLACEMENT_3D('',#3241,#3242,#3243);
#3241 = CARTESIAN_POINT('',(0.,0.,-0.2));
#3242 = DIRECTION('',(0.,0.,1.));
#3243 = DIRECTION('',(1.,0.,0.));
#3244 = ADVANCED_FACE('',(#3245),#3263,.T.);
#3245 = FACE_BOUND('',#3246,.T.);
#3246 = EDGE_LOOP('',(#3247,#3255,#3256,#3257));
#3247 = ORIENTED_EDGE('',*,*,#3248,.F.);
#3248 = EDGE_CURVE('',#3226,#3249,#3251,.T.);
#3249 = VERTEX_POINT('',#3250);
#3250 = CARTESIAN_POINT('',(-5.4,16.119553343688,1.8));
#3251 = LINE('',#3252,#3253);
#3252 = CARTESIAN_POINT('',(-5.4,-9.,1.8));
#3253 = VECTOR('',#3254,1.);
#3254 = DIRECTION('',(0.,1.,0.));
#3255 = ORIENTED_EDGE('',*,*,#3234,.F.);
#3256 = ORIENTED_EDGE('',*,*,#1487,.T.);
#3257 = ORIENTED_EDGE('',*,*,#3258,.T.);
#3258 = EDGE_CURVE('',#1479,#3249,#3259,.T.);
#3259 = LINE('',#3260,#3261);
#3260 = CARTESIAN_POINT('',(-5.4,16.119553343688,-0.2));
#3261 = VECTOR('',#3262,1.);
#3262 = DIRECTION('',(0.,0.,1.));
#3263 = PLANE('',#3264);
#3264 = AXIS2_PLACEMENT_3D('',#3265,#3266,#3267);
#3265 = CARTESIAN_POINT('',(-5.4,-18.,-0.2));
#3266 = DIRECTION('',(1.,0.,0.));
#3267 = DIRECTION('',(0.,0.,1.));
#3268 = ADVANCED_FACE('',(#3269),#3287,.F.);
#3269 = FACE_BOUND('',#3270,.F.);
#3270 = EDGE_LOOP('',(#3271,#3279,#3280,#3281));
#3271 = ORIENTED_EDGE('',*,*,#3272,.F.);
#3272 = EDGE_CURVE('',#3218,#3273,#3275,.T.);
#3273 = VERTEX_POINT('',#3274);
#3274 = CARTESIAN_POINT('',(-2.6,16.8,1.8));
#3275 = LINE('',#3276,#3277);
#3276 = CARTESIAN_POINT('',(-2.6,-9.,1.8));
#3277 = VECTOR('',#3278,1.);
#3278 = DIRECTION('',(0.,1.,0.));
#3279 = ORIENTED_EDGE('',*,*,#3217,.F.);
#3280 = ORIENTED_EDGE('',*,*,#1470,.T.);
#3281 = ORIENTED_EDGE('',*,*,#3282,.T.);
#3282 = EDGE_CURVE('',#1471,#3273,#3283,.T.);
#3283 = LINE('',#3284,#3285);
#3284 = CARTESIAN_POINT('',(-2.6,16.8,-0.2));
#3285 = VECTOR('',#3286,1.);
#3286 = DIRECTION('',(0.,0.,1.));
#3287 = PLANE('',#3288);
#3288 = AXIS2_PLACEMENT_3D('',#3289,#3290,#3291);
#3289 = CARTESIAN_POINT('',(-2.6,-18.,-0.2));
#3290 = DIRECTION('',(1.,0.,0.));
#3291 = DIRECTION('',(0.,0.,1.));
#3292 = ADVANCED_FACE('',(#3293),#3305,.F.);
#3293 = FACE_BOUND('',#3294,.F.);
#3294 = EDGE_LOOP('',(#3295,#3302,#3303,#3304));
#3295 = ORIENTED_EDGE('',*,*,#3296,.F.);
#3296 = EDGE_CURVE('',#3273,#3249,#3297,.T.);
#3297 = CIRCLE('',#3298,17.);
#3298 = AXIS2_PLACEMENT_3D('',#3299,#3300,#3301);
#3299 = CARTESIAN_POINT('',(0.,0.,1.8));
#3300 = DIRECTION('',(0.,0.,1.));
#3301 = DIRECTION('',(1.,0.,0.));
#3302 = ORIENTED_EDGE('',*,*,#3282,.F.);
#3303 = ORIENTED_EDGE('',*,*,#1478,.T.);
#3304 = ORIENTED_EDGE('',*,*,#3258,.T.);
#3305 = CYLINDRICAL_SURFACE('',#3306,17.);
#3306 = AXIS2_PLACEMENT_3D('',#3307,#3308,#3309);
#3307 = CARTESIAN_POINT('',(0.,0.,-0.2));
#3308 = DIRECTION('',(0.,0.,1.));
#3309 = DIRECTION('',(1.,0.,0.));
#3310 = ADVANCED_FACE('',(#3311),#3337,.F.);
#3311 = FACE_BOUND('',#3312,.F.);
#3312 = EDGE_LOOP('',(#3313,#3314,#3322,#3331));
#3313 = ORIENTED_EDGE('',*,*,#1495,.T.);
#3314 = ORIENTED_EDGE('',*,*,#3315,.T.);
#3315 = EDGE_CURVE('',#1498,#3316,#3318,.T.);
#3316 = VERTEX_POINT('',#3317);
#3317 = CARTESIAN_POINT('',(-6.6,-15.66652482205,1.8));
#3318 = LINE('',#3319,#3320);
#3319 = CARTESIAN_POINT('',(-6.6,-15.66652482205,-0.2));
#3320 = VECTOR('',#3321,1.);
#3321 = DIRECTION('',(0.,0.,1.));
#3322 = ORIENTED_EDGE('',*,*,#3323,.F.);
#3323 = EDGE_CURVE('',#3324,#3316,#3326,.T.);
#3324 = VERTEX_POINT('',#3325);
#3325 = CARTESIAN_POINT('',(-9.4,-14.1647449677,1.8));
#3326 = CIRCLE('',#3327,17.);
#3327 = AXIS2_PLACEMENT_3D('',#3328,#3329,#3330);
#3328 = CARTESIAN_POINT('',(0.,0.,1.8));
#3329 = DIRECTION('',(0.,0.,1.));
#3330 = DIRECTION('',(1.,0.,0.));
#3331 = ORIENTED_EDGE('',*,*,#3332,.F.);
#3332 = EDGE_CURVE('',#1496,#3324,#3333,.T.);
#3333 = LINE('',#3334,#3335);
#3334 = CARTESIAN_POINT('',(-9.4,-14.1647449677,-0.2));
#3335 = VECTOR('',#3336,1.);
#3336 = DIRECTION('',(0.,0.,1.));
#3337 = CYLINDRICAL_SURFACE('',#3338,17.);
#3338 = AXIS2_PLACEMENT_3D('',#3339,#3340,#3341);
#3339 = CARTESIAN_POINT('',(0.,0.,-0.2));
#3340 = DIRECTION('',(0.,0.,1.));
#3341 = DIRECTION('',(1.,0.,0.));
#3342 = ADVANCED_FACE('',(#3343),#3361,.T.);
#3343 = FACE_BOUND('',#3344,.T.);
#3344 = EDGE_LOOP('',(#3345,#3353,#3354,#3355));
#3345 = ORIENTED_EDGE('',*,*,#3346,.F.);
#3346 = EDGE_CURVE('',#3324,#3347,#3349,.T.);
#3347 = VERTEX_POINT('',#3348);
#3348 = CARTESIAN_POINT('',(-9.4,14.164744967701,1.8));
#3349 = LINE('',#3350,#3351);
#3350 = CARTESIAN_POINT('',(-9.4,-9.,1.8));
#3351 = VECTOR('',#3352,1.);
#3352 = DIRECTION('',(0.,1.,0.));
#3353 = ORIENTED_EDGE('',*,*,#3332,.F.);
#3354 = ORIENTED_EDGE('',*,*,#1523,.T.);
#3355 = ORIENTED_EDGE('',*,*,#3356,.T.);
#3356 = EDGE_CURVE('',#1515,#3347,#3357,.T.);
#3357 = LINE('',#3358,#3359);
#3358 = CARTESIAN_POINT('',(-9.4,14.164744967701,-0.2));
#3359 = VECTOR('',#3360,1.);
#3360 = DIRECTION('',(0.,0.,1.));
#3361 = PLANE('',#3362);
#3362 = AXIS2_PLACEMENT_3D('',#3363,#3364,#3365);
#3363 = CARTESIAN_POINT('',(-9.4,-18.,-0.2));
#3364 = DIRECTION('',(1.,0.,0.));
#3365 = DIRECTION('',(0.,0.,1.));
#3366 = ADVANCED_FACE('',(#3367),#3385,.F.);
#3367 = FACE_BOUND('',#3368,.F.);
#3368 = EDGE_LOOP('',(#3369,#3377,#3378,#3379));
#3369 = ORIENTED_EDGE('',*,*,#3370,.F.);
#3370 = EDGE_CURVE('',#3316,#3371,#3373,.T.);
#3371 = VERTEX_POINT('',#3372);
#3372 = CARTESIAN_POINT('',(-6.6,15.666524822053,1.8));
#3373 = LINE('',#3374,#3375);
#3374 = CARTESIAN_POINT('',(-6.6,-9.,1.8));
#3375 = VECTOR('',#3376,1.);
#3376 = DIRECTION('',(0.,1.,0.));
#3377 = ORIENTED_EDGE('',*,*,#3315,.F.);
#3378 = ORIENTED_EDGE('',*,*,#1506,.T.);
#3379 = ORIENTED_EDGE('',*,*,#3380,.T.);
#3380 = EDGE_CURVE('',#1507,#3371,#3381,.T.);
#3381 = LINE('',#3382,#3383);
#3382 = CARTESIAN_POINT('',(-6.6,15.666524822053,-0.2));
#3383 = VECTOR('',#3384,1.);
#3384 = DIRECTION('',(0.,0.,1.));
#3385 = PLANE('',#3386);
#3386 = AXIS2_PLACEMENT_3D('',#3387,#3388,#3389);
#3387 = CARTESIAN_POINT('',(-6.6,-18.,-0.2));
#3388 = DIRECTION('',(1.,0.,0.));
#3389 = DIRECTION('',(0.,0.,1.));
#3390 = ADVANCED_FACE('',(#3391),#3403,.F.);
#3391 = FACE_BOUND('',#3392,.F.);
#3392 = EDGE_LOOP('',(#3393,#3400,#3401,#3402));
#3393 = ORIENTED_EDGE('',*,*,#3394,.F.);
#3394 = EDGE_CURVE('',#3371,#3347,#3395,.T.);
#3395 = CIRCLE('',#3396,17.);
#3396 = AXIS2_PLACEMENT_3D('',#3397,#3398,#3399);
#3397 = CARTESIAN_POINT('',(0.,0.,1.8));
#3398 = DIRECTION('',(0.,0.,1.));
#3399 = DIRECTION('',(1.,0.,0.));
#3400 = ORIENTED_EDGE('',*,*,#3380,.F.);
#3401 = ORIENTED_EDGE('',*,*,#1514,.T.);
#3402 = ORIENTED_EDGE('',*,*,#3356,.T.);
#3403 = CYLINDRICAL_SURFACE('',#3404,17.);
#3404 = AXIS2_PLACEMENT_3D('',#3405,#3406,#3407);
#3405 = CARTESIAN_POINT('',(0.,0.,-0.2));
#3406 = DIRECTION('',(0.,0.,1.));
#3407 = DIRECTION('',(1.,0.,0.));
#3408 = ADVANCED_FACE('',(#3409),#3435,.F.);
#3409 = FACE_BOUND('',#3410,.F.);
#3410 = EDGE_LOOP('',(#3411,#3412,#3420,#3429));
#3411 = ORIENTED_EDGE('',*,*,#1531,.T.);
#3412 = ORIENTED_EDGE('',*,*,#3413,.T.);
#3413 = EDGE_CURVE('',#1534,#3414,#3416,.T.);
#3414 = VERTEX_POINT('',#3415);
#3415 = CARTESIAN_POINT('',(-10.6,-13.29059818066,1.8));
#3416 = LINE('',#3417,#3418);
#3417 = CARTESIAN_POINT('',(-10.6,-13.29059818066,-0.2));
#3418 = VECTOR('',#3419,1.);
#3419 = DIRECTION('',(0.,0.,1.));
#3420 = ORIENTED_EDGE('',*,*,#3421,.F.);
#3421 = EDGE_CURVE('',#3422,#3414,#3424,.T.);
#3422 = VERTEX_POINT('',#3423);
#3423 = CARTESIAN_POINT('',(-13.4,-10.46135746449,1.8));
#3424 = CIRCLE('',#3425,17.);
#3425 = AXIS2_PLACEMENT_3D('',#3426,#3427,#3428);
#3426 = CARTESIAN_POINT('',(0.,0.,1.8));
#3427 = DIRECTION('',(0.,0.,1.));
#3428 = DIRECTION('',(1.,0.,0.));
#3429 = ORIENTED_EDGE('',*,*,#3430,.F.);
#3430 = EDGE_CURVE('',#1532,#3422,#3431,.T.);
#3431 = LINE('',#3432,#3433);
#3432 = CARTESIAN_POINT('',(-13.4,-10.46135746449,-0.2));
#3433 = VECTOR('',#3434,1.);
#3434 = DIRECTION('',(0.,0.,1.));
#3435 = CYLINDRICAL_SURFACE('',#3436,17.);
#3436 = AXIS2_PLACEMENT_3D('',#3437,#3438,#3439);
#3437 = CARTESIAN_POINT('',(0.,0.,-0.2));
#3438 = DIRECTION('',(0.,0.,1.));
#3439 = DIRECTION('',(1.,0.,0.));
#3440 = ADVANCED_FACE('',(#3441),#3459,.T.);
#3441 = FACE_BOUND('',#3442,.T.);
#3442 = EDGE_LOOP('',(#3443,#3451,#3452,#3453));
#3443 = ORIENTED_EDGE('',*,*,#3444,.F.);
#3444 = EDGE_CURVE('',#3422,#3445,#3447,.T.);
#3445 = VERTEX_POINT('',#3446);
#3446 = CARTESIAN_POINT('',(-13.4,10.461357464498,1.8));
#3447 = LINE('',#3448,#3449);
#3448 = CARTESIAN_POINT('',(-13.4,-9.,1.8));
#3449 = VECTOR('',#3450,1.);
#3450 = DIRECTION('',(0.,1.,0.));
#3451 = ORIENTED_EDGE('',*,*,#3430,.F.);
#3452 = ORIENTED_EDGE('',*,*,#1559,.T.);
#3453 = ORIENTED_EDGE('',*,*,#3454,.T.);
#3454 = EDGE_CURVE('',#1551,#3445,#3455,.T.);
#3455 = LINE('',#3456,#3457);
#3456 = CARTESIAN_POINT('',(-13.4,10.461357464498,-0.2));
#3457 = VECTOR('',#3458,1.);
#3458 = DIRECTION('',(0.,0.,1.));
#3459 = PLANE('',#3460);
#3460 = AXIS2_PLACEMENT_3D('',#3461,#3462,#3463);
#3461 = CARTESIAN_POINT('',(-13.4,-18.,-0.2));
#3462 = DIRECTION('',(1.,0.,0.));
#3463 = DIRECTION('',(0.,0.,1.));
#3464 = ADVANCED_FACE('',(#3465),#3483,.F.);
#3465 = FACE_BOUND('',#3466,.F.);
#3466 = EDGE_LOOP('',(#3467,#3475,#3476,#3477));
#3467 = ORIENTED_EDGE('',*,*,#3468,.F.);
#3468 = EDGE_CURVE('',#3414,#3469,#3471,.T.);
#3469 = VERTEX_POINT('',#3470);
#3470 = CARTESIAN_POINT('',(-10.6,13.290598180669,1.8));
#3471 = LINE('',#3472,#3473);
#3472 = CARTESIAN_POINT('',(-10.6,-9.,1.8));
#3473 = VECTOR('',#3474,1.);
#3474 = DIRECTION('',(0.,1.,0.));
#3475 = ORIENTED_EDGE('',*,*,#3413,.F.);
#3476 = ORIENTED_EDGE('',*,*,#1542,.T.);
#3477 = ORIENTED_EDGE('',*,*,#3478,.T.);
#3478 = EDGE_CURVE('',#1543,#3469,#3479,.T.);
#3479 = LINE('',#3480,#3481);
#3480 = CARTESIAN_POINT('',(-10.6,13.290598180669,-0.2));
#3481 = VECTOR('',#3482,1.);
#3482 = DIRECTION('',(0.,0.,1.));
#3483 = PLANE('',#3484);
#3484 = AXIS2_PLACEMENT_3D('',#3485,#3486,#3487);
#3485 = CARTESIAN_POINT('',(-10.6,-18.,-0.2));
#3486 = DIRECTION('',(1.,0.,0.));
#3487 = DIRECTION('',(0.,0.,1.));
#3488 = ADVANCED_FACE('',(#3489),#3501,.F.);
#3489 = FACE_BOUND('',#3490,.F.);
#3490 = EDGE_LOOP('',(#3491,#3498,#3499,#3500));
#3491 = ORIENTED_EDGE('',*,*,#3492,.F.);
#3492 = EDGE_CURVE('',#3469,#3445,#3493,.T.);
#3493 = CIRCLE('',#3494,17.);
#3494 = AXIS2_PLACEMENT_3D('',#3495,#3496,#3497);
#3495 = CARTESIAN_POINT('',(0.,0.,1.8));
#3496 = DIRECTION('',(0.,0.,1.));
#3497 = DIRECTION('',(1.,0.,0.));
#3498 = ORIENTED_EDGE('',*,*,#3478,.F.);
#3499 = ORIENTED_EDGE('',*,*,#1550,.T.);
#3500 = ORIENTED_EDGE('',*,*,#3454,.T.);
#3501 = CYLINDRICAL_SURFACE('',#3502,17.);
#3502 = AXIS2_PLACEMENT_3D('',#3503,#3504,#3505);
#3503 = CARTESIAN_POINT('',(0.,0.,-0.2));
#3504 = DIRECTION('',(0.,0.,1.));
#3505 = DIRECTION('',(1.,0.,0.));
#3506 = ADVANCED_FACE('',(#3507),#3532,.F.);
#3507 = FACE_BOUND('',#3508,.F.);
#3508 = EDGE_LOOP('',(#3509,#3519,#3525,#3526));
#3509 = ORIENTED_EDGE('',*,*,#3510,.F.);
#3510 = EDGE_CURVE('',#3511,#3513,#3515,.T.);
#3511 = VERTEX_POINT('',#3512);
#3512 = CARTESIAN_POINT('',(-14.6,-8.708616422831,1.8));
#3513 = VERTEX_POINT('',#3514);
#3514 = CARTESIAN_POINT('',(-14.6,8.708616422831,1.8));
#3515 = LINE('',#3516,#3517);
#3516 = CARTESIAN_POINT('',(-14.6,-9.,1.8));
#3517 = VECTOR('',#3518,1.);
#3518 = DIRECTION('',(0.,1.,0.));
#3519 = ORIENTED_EDGE('',*,*,#3520,.F.);
#3520 = EDGE_CURVE('',#1568,#3511,#3521,.T.);
#3521 = LINE('',#3522,#3523);
#3522 = CARTESIAN_POINT('',(-14.6,-8.708616422831,-0.2));
#3523 = VECTOR('',#3524,1.);
#3524 = DIRECTION('',(0.,0.,1.));
#3525 = ORIENTED_EDGE('',*,*,#1567,.T.);
#3526 = ORIENTED_EDGE('',*,*,#3527,.T.);
#3527 = EDGE_CURVE('',#1570,#3513,#3528,.T.);
#3528 = LINE('',#3529,#3530);
#3529 = CARTESIAN_POINT('',(-14.6,8.708616422831,-0.2));
#3530 = VECTOR('',#3531,1.);
#3531 = DIRECTION('',(0.,0.,1.));
#3532 = PLANE('',#3533);
#3533 = AXIS2_PLACEMENT_3D('',#3534,#3535,#3536);
#3534 = CARTESIAN_POINT('',(-14.6,-18.,-0.2));
#3535 = DIRECTION('',(1.,0.,0.));
#3536 = DIRECTION('',(0.,0.,1.));
#3537 = ADVANCED_FACE('',(#3538),#3550,.F.);
#3538 = FACE_BOUND('',#3539,.F.);
#3539 = EDGE_LOOP('',(#3540,#3547,#3548,#3549));
#3540 = ORIENTED_EDGE('',*,*,#3541,.F.);
#3541 = EDGE_CURVE('',#3513,#3511,#3542,.T.);
#3542 = CIRCLE('',#3543,17.);
#3543 = AXIS2_PLACEMENT_3D('',#3544,#3545,#3546);
#3544 = CARTESIAN_POINT('',(0.,0.,1.8));
#3545 = DIRECTION('',(0.,0.,1.));
#3546 = DIRECTION('',(1.,0.,0.));
#3547 = ORIENTED_EDGE('',*,*,#3527,.F.);
#3548 = ORIENTED_EDGE('',*,*,#1577,.T.);
#3549 = ORIENTED_EDGE('',*,*,#3520,.T.);
#3550 = CYLINDRICAL_SURFACE('',#3551,17.);
#3551 = AXIS2_PLACEMENT_3D('',#3552,#3553,#3554);
#3552 = CARTESIAN_POINT('',(0.,0.,-0.2));
#3553 = DIRECTION('',(0.,0.,1.));
#3554 = DIRECTION('',(1.,0.,0.));
#3555 = ADVANCED_FACE('',(#3556),#3567,.F.);
#3556 = FACE_BOUND('',#3557,.F.);
#3557 = EDGE_LOOP('',(#3558,#3564,#3565,#3566));
#3558 = ORIENTED_EDGE('',*,*,#3559,.T.);
#3559 = EDGE_CURVE('',#1587,#2455,#3560,.T.);
#3560 = LINE('',#3561,#3562);
#3561 = CARTESIAN_POINT('',(2.15,26.5,-0.1));
#3562 = VECTOR('',#3563,1.);
#3563 = DIRECTION('',(0.,0.,1.));
#3564 = ORIENTED_EDGE('',*,*,#2454,.F.);
#3565 = ORIENTED_EDGE('',*,*,#3559,.F.);
#3566 = ORIENTED_EDGE('',*,*,#1586,.T.);
#3567 = CYLINDRICAL_SURFACE('',#3568,2.15);
#3568 = AXIS2_PLACEMENT_3D('',#3569,#3570,#3571);
#3569 = CARTESIAN_POINT('',(1.62265700887E-15,26.5,-0.1));
#3570 = DIRECTION('',(0.,0.,1.));
#3571 = DIRECTION('',(1.,0.,0.));
#3572 = ADVANCED_FACE('',(#3573),#3586,.F.);
#3573 = FACE_BOUND('',#3574,.F.);
#3574 = EDGE_LOOP('',(#3575,#3581,#3582,#3583,#3584,#3585));
#3575 = ORIENTED_EDGE('',*,*,#3576,.T.);
#3576 = EDGE_CURVE('',#1820,#1610,#3577,.T.);
#3577 = LINE('',#3578,#3579);
#3578 = CARTESIAN_POINT('',(-11.52474194625,-19.82084485561,7.5));
#3579 = VECTOR('',#3580,1.);
#3580 = DIRECTION('',(0.,0.,1.));
#3581 = ORIENTED_EDGE('',*,*,#1609,.F.);
#3582 = ORIENTED_EDGE('',*,*,#3576,.F.);
#3583 = ORIENTED_EDGE('',*,*,#1828,.T.);
#3584 = ORIENTED_EDGE('',*,*,#1808,.T.);
#3585 = ORIENTED_EDGE('',*,*,#1819,.T.);
#3586 = CYLINDRICAL_SURFACE('',#3587,1.1);
#3587 = AXIS2_PLACEMENT_3D('',#3588,#3589,#3590);
#3588 = CARTESIAN_POINT('',(-12.62474194625,-19.82084485561,7.5));
#3589 = DIRECTION('',(0.,0.,1.));
#3590 = DIRECTION('',(1.,0.,0.));
#3591 = ADVANCED_FACE('',(#3592),#3603,.T.);
#3592 = FACE_BOUND('',#3593,.T.);
#3593 = EDGE_LOOP('',(#3594,#3595,#3596,#3597));
#3594 = ORIENTED_EDGE('',*,*,#1750,.F.);
#3595 = ORIENTED_EDGE('',*,*,#1844,.F.);
#3596 = ORIENTED_EDGE('',*,*,#1626,.T.);
#3597 = ORIENTED_EDGE('',*,*,#3598,.F.);
#3598 = EDGE_CURVE('',#1753,#1629,#3599,.T.);
#3599 = LINE('',#3600,#3601);
#3600 = CARTESIAN_POINT('',(-14.14740960068,-18.25818259613,9.15));
#3601 = VECTOR('',#3602,1.);
#3602 = DIRECTION('',(0.,0.,-1.));
#3603 = PLANE('',#3604);
#3604 = AXIS2_PLACEMENT_3D('',#3605,#3606,#3607);
#3605 = CARTESIAN_POINT('',(-14.33821490104,-18.13665055768,9.15));
#3606 = DIRECTION('',(-0.537223061543,-0.843440206622,0.));
#3607 = DIRECTION('',(0.,0.,1.));
#3608 = ADVANCED_FACE('',(#3609),#3620,.T.);
#3609 = FACE_BOUND('',#3610,.T.);
#3610 = EDGE_LOOP('',(#3611,#3612,#3618,#3619));
#3611 = ORIENTED_EDGE('',*,*,#1792,.F.);
#3612 = ORIENTED_EDGE('',*,*,#3613,.F.);
#3613 = EDGE_CURVE('',#1652,#1785,#3614,.T.);
#3614 = LINE('',#3615,#3616);
#3615 = CARTESIAN_POINT('',(-10.60159993035,-20.51666009315,9.15));
#3616 = VECTOR('',#3617,1.);
#3617 = DIRECTION('',(0.,0.,1.));
#3618 = ORIENTED_EDGE('',*,*,#1651,.T.);
#3619 = ORIENTED_EDGE('',*,*,#1727,.T.);
#3620 = PLANE('',#3621);
#3621 = AXIS2_PLACEMENT_3D('',#3622,#3623,#3624);
#3622 = CARTESIAN_POINT('',(-14.33821490104,-18.13665055768,9.15));
#3623 = DIRECTION('',(-0.537223061543,-0.843440206622,0.));
#3624 = DIRECTION('',(0.,0.,1.));
#3625 = ADVANCED_FACE('',(#3626),#3637,.T.);
#3626 = FACE_BOUND('',#3627,.T.);
#3627 = EDGE_LOOP('',(#3628,#3629,#3630,#3631));
#3628 = ORIENTED_EDGE('',*,*,#1659,.F.);
#3629 = ORIENTED_EDGE('',*,*,#3613,.T.);
#3630 = ORIENTED_EDGE('',*,*,#1784,.T.);
#3631 = ORIENTED_EDGE('',*,*,#3632,.F.);
#3632 = EDGE_CURVE('',#1660,#1777,#3633,.T.);
#3633 = LINE('',#3634,#3635);
#3634 = CARTESIAN_POINT('',(-10.19987081565,-19.82084485561,9.15));
#3635 = VECTOR('',#3636,1.);
#3636 = DIRECTION('',(0.,0.,1.));
#3637 = PLANE('',#3638);
#3638 = AXIS2_PLACEMENT_3D('',#3639,#3640,#3641);
#3639 = CARTESIAN_POINT('',(-11.41230638095,-21.92084485561,9.15));
#3640 = DIRECTION('',(-0.866025403784,0.5,0.));
#3641 = DIRECTION('',(0.5,0.866025403784,0.));
#3642 = ADVANCED_FACE('',(#3643),#3654,.T.);
#3643 = FACE_BOUND('',#3644,.T.);
#3644 = EDGE_LOOP('',(#3645,#3646,#3647,#3653));
#3645 = ORIENTED_EDGE('',*,*,#3632,.T.);
#3646 = ORIENTED_EDGE('',*,*,#1776,.T.);
#3647 = ORIENTED_EDGE('',*,*,#3648,.F.);
#3648 = EDGE_CURVE('',#1668,#1769,#3649,.T.);
#3649 = LINE('',#3650,#3651);
#3650 = CARTESIAN_POINT('',(-11.41230638095,-17.72084485561,9.15));
#3651 = VECTOR('',#3652,1.);
#3652 = DIRECTION('',(0.,0.,1.));
#3653 = ORIENTED_EDGE('',*,*,#1667,.F.);
#3654 = PLANE('',#3655);
#3655 = AXIS2_PLACEMENT_3D('',#3656,#3657,#3658);
#3656 = CARTESIAN_POINT('',(-10.19987081565,-19.82084485561,9.15));
#3657 = DIRECTION('',(-0.866025403784,-0.5,0.));
#3658 = DIRECTION('',(-0.5,0.866025403784,0.));
#3659 = ADVANCED_FACE('',(#3660),#3671,.T.);
#3660 = FACE_BOUND('',#3661,.T.);
#3661 = EDGE_LOOP('',(#3662,#3663,#3664,#3670));
#3662 = ORIENTED_EDGE('',*,*,#3648,.T.);
#3663 = ORIENTED_EDGE('',*,*,#1768,.T.);
#3664 = ORIENTED_EDGE('',*,*,#3665,.F.);
#3665 = EDGE_CURVE('',#1676,#1761,#3666,.T.);
#3666 = LINE('',#3667,#3668);
#3667 = CARTESIAN_POINT('',(-13.83717751155,-17.72084485561,9.15));
#3668 = VECTOR('',#3669,1.);
#3669 = DIRECTION('',(0.,0.,1.));
#3670 = ORIENTED_EDGE('',*,*,#1675,.F.);
#3671 = PLANE('',#3672);
#3672 = AXIS2_PLACEMENT_3D('',#3673,#3674,#3675);
#3673 = CARTESIAN_POINT('',(-11.41230638095,-17.72084485561,9.15));
#3674 = DIRECTION('',(0.,-1.,0.));
#3675 = DIRECTION('',(-1.,0.,0.));
#3676 = ADVANCED_FACE('',(#3677),#3683,.T.);
#3677 = FACE_BOUND('',#3678,.T.);
#3678 = EDGE_LOOP('',(#3679,#3680,#3681,#3682));
#3679 = ORIENTED_EDGE('',*,*,#1683,.F.);
#3680 = ORIENTED_EDGE('',*,*,#3665,.T.);
#3681 = ORIENTED_EDGE('',*,*,#1760,.T.);
#3682 = ORIENTED_EDGE('',*,*,#3598,.T.);
#3683 = PLANE('',#3684);
#3684 = AXIS2_PLACEMENT_3D('',#3685,#3686,#3687);
#3685 = CARTESIAN_POINT('',(-13.83717751155,-17.72084485561,9.15));
#3686 = DIRECTION('',(0.866025403784,-0.5,0.));
#3687 = DIRECTION('',(-0.5,-0.866025403784,0.));
#3688 = ADVANCED_FACE('',(#3689),#3710,.F.);
#3689 = FACE_BOUND('',#3690,.F.);
#3690 = EDGE_LOOP('',(#3691,#3699,#3700,#3701,#3702,#3703));
#3691 = ORIENTED_EDGE('',*,*,#3692,.T.);
#3692 = EDGE_CURVE('',#3693,#1703,#3695,.T.);
#3693 = VERTEX_POINT('',#3694);
#3694 = CARTESIAN_POINT('',(-11.52474194625,-19.82084485561,7.5));
#3695 = LINE('',#3696,#3697);
#3696 = CARTESIAN_POINT('',(-11.52474194625,-19.82084485561,7.5));
#3697 = VECTOR('',#3698,1.);
#3698 = DIRECTION('',(0.,0.,1.));
#3699 = ORIENTED_EDGE('',*,*,#1711,.F.);
#3700 = ORIENTED_EDGE('',*,*,#1691,.F.);
#3701 = ORIENTED_EDGE('',*,*,#1702,.F.);
#3702 = ORIENTED_EDGE('',*,*,#3692,.F.);
#3703 = ORIENTED_EDGE('',*,*,#3704,.T.);
#3704 = EDGE_CURVE('',#3693,#3693,#3705,.T.);
#3705 = CIRCLE('',#3706,1.1);
#3706 = AXIS2_PLACEMENT_3D('',#3707,#3708,#3709);
#3707 = CARTESIAN_POINT('',(-12.62474194625,-19.82084485561,7.5));
#3708 = DIRECTION('',(0.,0.,1.));
#3709 = DIRECTION('',(1.,0.,0.));
#3710 = CYLINDRICAL_SURFACE('',#3711,1.1);
#3711 = AXIS2_PLACEMENT_3D('',#3712,#3713,#3714);
#3712 = CARTESIAN_POINT('',(-12.62474194625,-19.82084485561,7.5));
#3713 = DIRECTION('',(0.,0.,1.));
#3714 = DIRECTION('',(1.,0.,0.));
#3715 = ADVANCED_FACE('',(#3716),#3742,.T.);
#3716 = FACE_BOUND('',#3717,.T.);
#3717 = EDGE_LOOP('',(#3718,#3719,#3720,#3728,#3734,#3735,#3741));
#3718 = ORIENTED_EDGE('',*,*,#2066,.F.);
#3719 = ORIENTED_EDGE('',*,*,#2021,.T.);
#3720 = ORIENTED_EDGE('',*,*,#3721,.T.);
#3721 = EDGE_CURVE('',#2003,#3722,#3724,.T.);
#3722 = VERTEX_POINT('',#3723);
#3723 = CARTESIAN_POINT('',(-5.4,-28.,24.9));
#3724 = LINE('',#3725,#3726);
#3725 = CARTESIAN_POINT('',(-5.4,-28.25,24.9));
#3726 = VECTOR('',#3727,1.);
#3727 = DIRECTION('',(0.,-1.,0.));
#3728 = ORIENTED_EDGE('',*,*,#3729,.T.);
#3729 = EDGE_CURVE('',#3722,#2222,#3730,.T.);
#3730 = LINE('',#3731,#3732);
#3731 = CARTESIAN_POINT('',(-5.4,-28.,14.1));
#3732 = VECTOR('',#3733,1.);
#3733 = DIRECTION('',(0.,0.,1.));
#3734 = ORIENTED_EDGE('',*,*,#2221,.F.);
#3735 = ORIENTED_EDGE('',*,*,#3736,.T.);
#3736 = EDGE_CURVE('',#2214,#2105,#3737,.T.);
#3737 = LINE('',#3738,#3739);
#3738 = CARTESIAN_POINT('',(-5.4,-28.1,11.65));
#3739 = VECTOR('',#3740,1.);
#3740 = DIRECTION('',(0.,0.,-1.));
#3741 = ORIENTED_EDGE('',*,*,#2112,.F.);
#3742 = PLANE('',#3743);
#3743 = AXIS2_PLACEMENT_3D('',#3744,#3745,#3746);
#3744 = CARTESIAN_POINT('',(-5.4,-28.5,3.3));
#3745 = DIRECTION('',(1.,0.,0.));
#3746 = DIRECTION('',(0.,0.,1.));
#3747 = ADVANCED_FACE('',(#3748),#3791,.T.);
#3748 = FACE_BOUND('',#3749,.T.);
#3749 = EDGE_LOOP('',(#3750,#3758,#3764,#3765,#3766,#3774,#3784,#3790));
#3750 = ORIENTED_EDGE('',*,*,#3751,.F.);
#3751 = EDGE_CURVE('',#3752,#2278,#3754,.T.);
#3752 = VERTEX_POINT('',#3753);
#3753 = CARTESIAN_POINT('',(-6.05,-28.,24.9));
#3754 = LINE('',#3755,#3756);
#3755 = CARTESIAN_POINT('',(-6.05,-28.,24.9));
#3756 = VECTOR('',#3757,1.);
#3757 = DIRECTION('',(0.,1.,0.));
#3758 = ORIENTED_EDGE('',*,*,#3759,.T.);
#3759 = EDGE_CURVE('',#3752,#3722,#3760,.T.);
#3760 = LINE('',#3761,#3762);
#3761 = CARTESIAN_POINT('',(-6.05,-28.,24.9));
#3762 = VECTOR('',#3763,1.);
#3763 = DIRECTION('',(1.,0.,0.));
#3764 = ORIENTED_EDGE('',*,*,#3721,.F.);
#3765 = ORIENTED_EDGE('',*,*,#2002,.F.);
#3766 = ORIENTED_EDGE('',*,*,#3767,.F.);
#3767 = EDGE_CURVE('',#3768,#1992,#3770,.T.);
#3768 = VERTEX_POINT('',#3769);
#3769 = CARTESIAN_POINT('',(-5.1,-24.76956591833,24.9));
#3770 = LINE('',#3771,#3772);
#3771 = CARTESIAN_POINT('',(-5.1,-28.,24.9));
#3772 = VECTOR('',#3773,1.);
#3773 = DIRECTION('',(0.,-1.,0.));
#3774 = ORIENTED_EDGE('',*,*,#3775,.T.);
#3775 = EDGE_CURVE('',#3768,#3776,#3778,.T.);
#3776 = VERTEX_POINT('',#3777);
#3777 = CARTESIAN_POINT('',(-5.4,-24.70589799187,24.9));
#3778 = B_SPLINE_CURVE_WITH_KNOTS('',4,(#3779,#3780,#3781,#3782,#3783),
  .UNSPECIFIED.,.F.,.F.,(5,5),(0.,1.),.PIECEWISE_BEZIER_KNOTS.);
#3779 = CARTESIAN_POINT('',(-4.987707385334,-24.79242163724,24.9));
#3780 = CARTESIAN_POINT('',(-5.106631763723,-24.7684965843,24.9));
#3781 = CARTESIAN_POINT('',(-5.225403123778,-24.74381092215,24.9));
#3782 = CARTESIAN_POINT('',(-5.344014168302,-24.71836611885,24.9));
#3783 = CARTESIAN_POINT('',(-5.462457629415,-24.69216378221,24.9));
#3784 = ORIENTED_EDGE('',*,*,#3785,.F.);
#3785 = EDGE_CURVE('',#2262,#3776,#3786,.T.);
#3786 = LINE('',#3787,#3788);
#3787 = CARTESIAN_POINT('',(-5.4,-28.25,24.9));
#3788 = VECTOR('',#3789,1.);
#3789 = DIRECTION('',(0.,-1.,0.));
#3790 = ORIENTED_EDGE('',*,*,#2285,.F.);
#3791 = PLANE('',#3792);
#3792 = AXIS2_PLACEMENT_3D('',#3793,#3794,#3795);
#3793 = CARTESIAN_POINT('',(-6.05,-28.,24.9));
#3794 = DIRECTION('',(0.,0.,1.));
#3795 = DIRECTION('',(1.,0.,0.));
#3796 = ADVANCED_FACE('',(#3797),#3818,.T.);
#3797 = FACE_BOUND('',#3798,.T.);
#3798 = EDGE_LOOP('',(#3799,#3800,#3808,#3817));
#3799 = ORIENTED_EDGE('',*,*,#1991,.F.);
#3800 = ORIENTED_EDGE('',*,*,#3801,.T.);
#3801 = EDGE_CURVE('',#1979,#3802,#3804,.T.);
#3802 = VERTEX_POINT('',#3803);
#3803 = CARTESIAN_POINT('',(-5.1,-25.35059466255,21.3));
#3804 = LINE('',#3805,#3806);
#3805 = CARTESIAN_POINT('',(-5.1,-28.,21.3));
#3806 = VECTOR('',#3807,1.);
#3807 = DIRECTION('',(0.,1.,0.));
#3808 = ORIENTED_EDGE('',*,*,#3809,.T.);
#3809 = EDGE_CURVE('',#3802,#3768,#3810,.T.);
#3810 = B_SPLINE_CURVE_WITH_KNOTS('',5,(#3811,#3812,#3813,#3814,#3815,
    #3816),.UNSPECIFIED.,.F.,.F.,(6,6),(0.,1.),
  .PIECEWISE_BEZIER_KNOTS.);
#3811 = CARTESIAN_POINT('',(-5.1,-25.35059466168,21.3));
#3812 = CARTESIAN_POINT('',(-5.1,-25.15097498202,22.436030512812));
#3813 = CARTESIAN_POINT('',(-5.1,-24.96454261802,23.574397881434));
#3814 = CARTESIAN_POINT('',(-5.1,-24.79017555035,24.714702523171));
#3815 = CARTESIAN_POINT('',(-5.1,-24.62699977456,25.856643547983));
#3816 = CARTESIAN_POINT('',(-5.1,-24.47427220572,27.));
#3817 = ORIENTED_EDGE('',*,*,#3767,.T.);
#3818 = PLANE('',#3819);
#3819 = AXIS2_PLACEMENT_3D('',#3820,#3821,#3822);
#3820 = CARTESIAN_POINT('',(-5.1,-28.,21.3));
#3821 = DIRECTION('',(1.,0.,0.));
#3822 = DIRECTION('',(0.,0.,1.));
#3823 = ADVANCED_FACE('',(#3824),#3852,.F.);
#3824 = FACE_BOUND('',#3825,.F.);
#3825 = EDGE_LOOP('',(#3826,#3827,#3835,#3846));
#3826 = ORIENTED_EDGE('',*,*,#1967,.F.);
#3827 = ORIENTED_EDGE('',*,*,#3828,.T.);
#3828 = EDGE_CURVE('',#1968,#3829,#3831,.T.);
#3829 = VERTEX_POINT('',#3830);
#3830 = CARTESIAN_POINT('',(5.1,-25.35059466255,21.3));
#3831 = LINE('',#3832,#3833);
#3832 = CARTESIAN_POINT('',(5.1,-28.,21.3));
#3833 = VECTOR('',#3834,1.);
#3834 = DIRECTION('',(0.,1.,0.));
#3835 = ORIENTED_EDGE('',*,*,#3836,.T.);
#3836 = EDGE_CURVE('',#3829,#3837,#3839,.T.);
#3837 = VERTEX_POINT('',#3838);
#3838 = CARTESIAN_POINT('',(5.1,-24.76956591833,24.9));
#3839 = B_SPLINE_CURVE_WITH_KNOTS('',5,(#3840,#3841,#3842,#3843,#3844,
    #3845),.UNSPECIFIED.,.F.,.F.,(6,6),(0.,1.),
  .PIECEWISE_BEZIER_KNOTS.);
#3840 = CARTESIAN_POINT('',(5.1,-25.35059466168,21.3));
#3841 = CARTESIAN_POINT('',(5.1,-25.15097498202,22.436030512812));
#3842 = CARTESIAN_POINT('',(5.1,-24.96454261802,23.574397881434));
#3843 = CARTESIAN_POINT('',(5.1,-24.79017555035,24.714702523171));
#3844 = CARTESIAN_POINT('',(5.1,-24.62699977456,25.856643547983));
#3845 = CARTESIAN_POINT('',(5.1,-24.47427220572,27.));
#3846 = ORIENTED_EDGE('',*,*,#3847,.T.);
#3847 = EDGE_CURVE('',#3837,#1949,#3848,.T.);
#3848 = LINE('',#3849,#3850);
#3849 = CARTESIAN_POINT('',(5.1,-28.,24.9));
#3850 = VECTOR('',#3851,1.);
#3851 = DIRECTION('',(0.,-1.,0.));
#3852 = PLANE('',#3853);
#3853 = AXIS2_PLACEMENT_3D('',#3854,#3855,#3856);
#3854 = CARTESIAN_POINT('',(5.1,-28.,21.3));
#3855 = DIRECTION('',(1.,0.,0.));
#3856 = DIRECTION('',(0.,0.,1.));
#3857 = ADVANCED_FACE('',(#3858),#3901,.T.);
#3858 = FACE_BOUND('',#3859,.T.);
#3859 = EDGE_LOOP('',(#3860,#3868,#3876,#3882,#3883,#3891,#3899,#3900));
#3860 = ORIENTED_EDGE('',*,*,#3861,.T.);
#3861 = EDGE_CURVE('',#1936,#3862,#3864,.T.);
#3862 = VERTEX_POINT('',#3863);
#3863 = CARTESIAN_POINT('',(5.4,-28.,24.9));
#3864 = LINE('',#3865,#3866);
#3865 = CARTESIAN_POINT('',(5.4,-28.25,24.9));
#3866 = VECTOR('',#3867,1.);
#3867 = DIRECTION('',(0.,-1.,0.));
#3868 = ORIENTED_EDGE('',*,*,#3869,.T.);
#3869 = EDGE_CURVE('',#3862,#3870,#3872,.T.);
#3870 = VERTEX_POINT('',#3871);
#3871 = CARTESIAN_POINT('',(6.05,-28.,24.9));
#3872 = LINE('',#3873,#3874);
#3873 = CARTESIAN_POINT('',(-6.05,-28.,24.9));
#3874 = VECTOR('',#3875,1.);
#3875 = DIRECTION('',(1.,0.,0.));
#3876 = ORIENTED_EDGE('',*,*,#3877,.T.);
#3877 = EDGE_CURVE('',#3870,#2375,#3878,.T.);
#3878 = LINE('',#3879,#3880);
#3879 = CARTESIAN_POINT('',(6.05,-28.,24.9));
#3880 = VECTOR('',#3881,1.);
#3881 = DIRECTION('',(0.,1.,0.));
#3882 = ORIENTED_EDGE('',*,*,#2374,.F.);
#3883 = ORIENTED_EDGE('',*,*,#3884,.T.);
#3884 = EDGE_CURVE('',#2367,#3885,#3887,.T.);
#3885 = VERTEX_POINT('',#3886);
#3886 = CARTESIAN_POINT('',(5.4,-24.70589799187,24.9));
#3887 = LINE('',#3888,#3889);
#3888 = CARTESIAN_POINT('',(5.4,-28.25,24.9));
#3889 = VECTOR('',#3890,1.);
#3890 = DIRECTION('',(0.,-1.,0.));
#3891 = ORIENTED_EDGE('',*,*,#3892,.T.);
#3892 = EDGE_CURVE('',#3885,#3837,#3893,.T.);
#3893 = B_SPLINE_CURVE_WITH_KNOTS('',4,(#3894,#3895,#3896,#3897,#3898),
  .UNSPECIFIED.,.F.,.F.,(5,5),(0.,1.),.PIECEWISE_BEZIER_KNOTS.);
#3894 = CARTESIAN_POINT('',(5.462457629415,-24.69216378221,24.9));
#3895 = CARTESIAN_POINT('',(5.34401416827,-24.71836611886,24.9));
#3896 = CARTESIAN_POINT('',(5.225403123799,-24.74381092215,24.9));
#3897 = CARTESIAN_POINT('',(5.106631763691,-24.7684965843,24.9));
#3898 = CARTESIAN_POINT('',(4.987707385334,-24.79242163724,24.9));
#3899 = ORIENTED_EDGE('',*,*,#3847,.T.);
#3900 = ORIENTED_EDGE('',*,*,#1948,.F.);
#3901 = PLANE('',#3902);
#3902 = AXIS2_PLACEMENT_3D('',#3903,#3904,#3905);
#3903 = CARTESIAN_POINT('',(-6.05,-28.,24.9));
#3904 = DIRECTION('',(0.,0.,1.));
#3905 = DIRECTION('',(1.,0.,0.));
#3906 = ADVANCED_FACE('',(#3907),#3926,.F.);
#3907 = FACE_BOUND('',#3908,.F.);
#3908 = EDGE_LOOP('',(#3909,#3910,#3911,#3912,#3918,#3919,#3925));
#3909 = ORIENTED_EDGE('',*,*,#2398,.F.);
#3910 = ORIENTED_EDGE('',*,*,#1935,.T.);
#3911 = ORIENTED_EDGE('',*,*,#3861,.T.);
#3912 = ORIENTED_EDGE('',*,*,#3913,.T.);
#3913 = EDGE_CURVE('',#3862,#2198,#3914,.T.);
#3914 = LINE('',#3915,#3916);
#3915 = CARTESIAN_POINT('',(5.4,-28.,14.1));
#3916 = VECTOR('',#3917,1.);
#3917 = DIRECTION('',(0.,0.,1.));
#3918 = ORIENTED_EDGE('',*,*,#2205,.F.);
#3919 = ORIENTED_EDGE('',*,*,#3920,.T.);
#3920 = EDGE_CURVE('',#2206,#2097,#3921,.T.);
#3921 = LINE('',#3922,#3923);
#3922 = CARTESIAN_POINT('',(5.4,-28.1,11.65));
#3923 = VECTOR('',#3924,1.);
#3924 = DIRECTION('',(0.,0.,-1.));
#3925 = ORIENTED_EDGE('',*,*,#2096,.F.);
#3926 = PLANE('',#3927);
#3927 = AXIS2_PLACEMENT_3D('',#3928,#3929,#3930);
#3928 = CARTESIAN_POINT('',(5.4,-28.5,3.3));
#3929 = DIRECTION('',(1.,0.,0.));
#3930 = DIRECTION('',(0.,0.,1.));
#3931 = ADVANCED_FACE('',(#3932,#3938),#3972,.T.);
#3932 = FACE_BOUND('',#3933,.T.);
#3933 = EDGE_LOOP('',(#3934,#3935,#3936,#3937));
#3934 = ORIENTED_EDGE('',*,*,#2104,.F.);
#3935 = ORIENTED_EDGE('',*,*,#3736,.F.);
#3936 = ORIENTED_EDGE('',*,*,#2213,.T.);
#3937 = ORIENTED_EDGE('',*,*,#3920,.T.);
#3938 = FACE_BOUND('',#3939,.T.);
#3939 = EDGE_LOOP('',(#3940,#3950,#3958,#3966));
#3940 = ORIENTED_EDGE('',*,*,#3941,.F.);
#3941 = EDGE_CURVE('',#3942,#3944,#3946,.T.);
#3942 = VERTEX_POINT('',#3943);
#3943 = CARTESIAN_POINT('',(-4.6,-28.1,24.8));
#3944 = VERTEX_POINT('',#3945);
#3945 = CARTESIAN_POINT('',(4.6,-28.1,24.8));
#3946 = LINE('',#3947,#3948);
#3947 = CARTESIAN_POINT('',(-5.9,-28.1,24.8));
#3948 = VECTOR('',#3949,1.);
#3949 = DIRECTION('',(1.,0.,0.));
#3950 = ORIENTED_EDGE('',*,*,#3951,.T.);
#3951 = EDGE_CURVE('',#3942,#3952,#3954,.T.);
#3952 = VERTEX_POINT('',#3953);
#3953 = CARTESIAN_POINT('',(-4.6,-28.1,21.7));
#3954 = LINE('',#3955,#3956);
#3955 = CARTESIAN_POINT('',(-4.6,-28.1,20.85));
#3956 = VECTOR('',#3957,1.);
#3957 = DIRECTION('',(0.,0.,-1.));
#3958 = ORIENTED_EDGE('',*,*,#3959,.T.);
#3959 = EDGE_CURVE('',#3952,#3960,#3962,.T.);
#3960 = VERTEX_POINT('',#3961);
#3961 = CARTESIAN_POINT('',(4.6,-28.1,21.7));
#3962 = LINE('',#3963,#3964);
#3963 = CARTESIAN_POINT('',(-5.9,-28.1,21.7));
#3964 = VECTOR('',#3965,1.);
#3965 = DIRECTION('',(1.,0.,0.));
#3966 = ORIENTED_EDGE('',*,*,#3967,.F.);
#3967 = EDGE_CURVE('',#3944,#3960,#3968,.T.);
#3968 = LINE('',#3969,#3970);
#3969 = CARTESIAN_POINT('',(4.6,-28.1,20.85));
#3970 = VECTOR('',#3971,1.);
#3971 = DIRECTION('',(0.,0.,-1.));
#3972 = PLANE('',#3973);
#3973 = AXIS2_PLACEMENT_3D('',#3974,#3975,#3976);
#3974 = CARTESIAN_POINT('',(-7.2,-28.1,20.));
#3975 = DIRECTION('',(0.,1.,0.));
#3976 = DIRECTION('',(0.,0.,1.));
#3977 = ADVANCED_FACE('',(#3978),#3994,.F.);
#3978 = FACE_BOUND('',#3979,.F.);
#3979 = EDGE_LOOP('',(#3980,#3986,#3987,#3993));
#3980 = ORIENTED_EDGE('',*,*,#3981,.F.);
#3981 = EDGE_CURVE('',#2139,#3942,#3982,.T.);
#3982 = LINE('',#3983,#3984);
#3983 = CARTESIAN_POINT('',(-4.6,-48.,24.8));
#3984 = VECTOR('',#3985,1.);
#3985 = DIRECTION('',(0.,1.,0.));
#3986 = ORIENTED_EDGE('',*,*,#2138,.T.);
#3987 = ORIENTED_EDGE('',*,*,#3988,.T.);
#3988 = EDGE_CURVE('',#2141,#3944,#3989,.T.);
#3989 = LINE('',#3990,#3991);
#3990 = CARTESIAN_POINT('',(4.6,-48.,24.8));
#3991 = VECTOR('',#3992,1.);
#3992 = DIRECTION('',(0.,1.,0.));
#3993 = ORIENTED_EDGE('',*,*,#3941,.F.);
#3994 = PLANE('',#3995);
#3995 = AXIS2_PLACEMENT_3D('',#3996,#3997,#3998);
#3996 = CARTESIAN_POINT('',(-4.6,-48.,24.8));
#3997 = DIRECTION('',(0.,0.,1.));
#3998 = DIRECTION('',(1.,0.,0.));
#3999 = ADVANCED_FACE('',(#4000),#4011,.F.);
#4000 = FACE_BOUND('',#4001,.F.);
#4001 = EDGE_LOOP('',(#4002,#4003,#4004,#4010));
#4002 = ORIENTED_EDGE('',*,*,#3988,.F.);
#4003 = ORIENTED_EDGE('',*,*,#2164,.T.);
#4004 = ORIENTED_EDGE('',*,*,#4005,.T.);
#4005 = EDGE_CURVE('',#2157,#3960,#4006,.T.);
#4006 = LINE('',#4007,#4008);
#4007 = CARTESIAN_POINT('',(4.6,-48.,21.7));
#4008 = VECTOR('',#4009,1.);
#4009 = DIRECTION('',(0.,1.,0.));
#4010 = ORIENTED_EDGE('',*,*,#3967,.F.);
#4011 = PLANE('',#4012);
#4012 = AXIS2_PLACEMENT_3D('',#4013,#4014,#4015);
#4013 = CARTESIAN_POINT('',(4.6,-48.,21.7));
#4014 = DIRECTION('',(1.,0.,0.));
#4015 = DIRECTION('',(0.,0.,1.));
#4016 = ADVANCED_FACE('',(#4017),#4028,.T.);
#4017 = FACE_BOUND('',#4018,.T.);
#4018 = EDGE_LOOP('',(#4019,#4025,#4026,#4027));
#4019 = ORIENTED_EDGE('',*,*,#4020,.F.);
#4020 = EDGE_CURVE('',#2149,#3952,#4021,.T.);
#4021 = LINE('',#4022,#4023);
#4022 = CARTESIAN_POINT('',(-4.6,-48.,21.7));
#4023 = VECTOR('',#4024,1.);
#4024 = DIRECTION('',(0.,1.,0.));
#4025 = ORIENTED_EDGE('',*,*,#2156,.T.);
#4026 = ORIENTED_EDGE('',*,*,#4005,.T.);
#4027 = ORIENTED_EDGE('',*,*,#3959,.F.);
#4028 = PLANE('',#4029);
#4029 = AXIS2_PLACEMENT_3D('',#4030,#4031,#4032);
#4030 = CARTESIAN_POINT('',(-4.6,-48.,21.7));
#4031 = DIRECTION('',(0.,0.,1.));
#4032 = DIRECTION('',(1.,0.,0.));
#4033 = ADVANCED_FACE('',(#4034),#4040,.T.);
#4034 = FACE_BOUND('',#4035,.T.);
#4035 = EDGE_LOOP('',(#4036,#4037,#4038,#4039));
#4036 = ORIENTED_EDGE('',*,*,#3981,.F.);
#4037 = ORIENTED_EDGE('',*,*,#2148,.T.);
#4038 = ORIENTED_EDGE('',*,*,#4020,.T.);
#4039 = ORIENTED_EDGE('',*,*,#3951,.F.);
#4040 = PLANE('',#4041);
#4041 = AXIS2_PLACEMENT_3D('',#4042,#4043,#4044);
#4042 = CARTESIAN_POINT('',(-4.6,-48.,21.7));
#4043 = DIRECTION('',(1.,0.,0.));
#4044 = DIRECTION('',(0.,0.,1.));
#4045 = ADVANCED_FACE('',(#4046),#4057,.T.);
#4046 = FACE_BOUND('',#4047,.T.);
#4047 = EDGE_LOOP('',(#4048,#4054,#4055,#4056));
#4048 = ORIENTED_EDGE('',*,*,#4049,.F.);
#4049 = EDGE_CURVE('',#3752,#2230,#4050,.T.);
#4050 = LINE('',#4051,#4052);
#4051 = CARTESIAN_POINT('',(-6.05,-28.,24.9));
#4052 = VECTOR('',#4053,1.);
#4053 = DIRECTION('',(0.,0.,1.));
#4054 = ORIENTED_EDGE('',*,*,#3751,.T.);
#4055 = ORIENTED_EDGE('',*,*,#2277,.F.);
#4056 = ORIENTED_EDGE('',*,*,#2237,.F.);
#4057 = PLANE('',#4058);
#4058 = AXIS2_PLACEMENT_3D('',#4059,#4060,#4061);
#4059 = CARTESIAN_POINT('',(-6.05,-28.,24.9));
#4060 = DIRECTION('',(1.,0.,0.));
#4061 = DIRECTION('',(0.,0.,1.));
#4062 = ADVANCED_FACE('',(#4063),#4069,.T.);
#4063 = FACE_BOUND('',#4064,.T.);
#4064 = EDGE_LOOP('',(#4065,#4066,#4067,#4068));
#4065 = ORIENTED_EDGE('',*,*,#3759,.F.);
#4066 = ORIENTED_EDGE('',*,*,#4049,.T.);
#4067 = ORIENTED_EDGE('',*,*,#2229,.F.);
#4068 = ORIENTED_EDGE('',*,*,#3729,.F.);
#4069 = PLANE('',#4070);
#4070 = AXIS2_PLACEMENT_3D('',#4071,#4072,#4073);
#4071 = CARTESIAN_POINT('',(-6.05,-28.,24.9));
#4072 = DIRECTION('',(0.,1.,0.));
#4073 = DIRECTION('',(0.,0.,1.));
#4074 = ADVANCED_FACE('',(#4075),#4086,.T.);
#4075 = FACE_BOUND('',#4076,.T.);
#4076 = EDGE_LOOP('',(#4077,#4078,#4079,#4080));
#4077 = ORIENTED_EDGE('',*,*,#3869,.F.);
#4078 = ORIENTED_EDGE('',*,*,#3913,.T.);
#4079 = ORIENTED_EDGE('',*,*,#2197,.F.);
#4080 = ORIENTED_EDGE('',*,*,#4081,.F.);
#4081 = EDGE_CURVE('',#3870,#2190,#4082,.T.);
#4082 = LINE('',#4083,#4084);
#4083 = CARTESIAN_POINT('',(6.05,-28.,24.9));
#4084 = VECTOR('',#4085,1.);
#4085 = DIRECTION('',(0.,0.,1.));
#4086 = PLANE('',#4087);
#4087 = AXIS2_PLACEMENT_3D('',#4088,#4089,#4090);
#4088 = CARTESIAN_POINT('',(-6.05,-28.,24.9));
#4089 = DIRECTION('',(0.,1.,0.));
#4090 = DIRECTION('',(0.,0.,1.));
#4091 = ADVANCED_FACE('',(#4092),#4098,.F.);
#4092 = FACE_BOUND('',#4093,.F.);
#4093 = EDGE_LOOP('',(#4094,#4095,#4096,#4097));
#4094 = ORIENTED_EDGE('',*,*,#4081,.F.);
#4095 = ORIENTED_EDGE('',*,*,#3877,.T.);
#4096 = ORIENTED_EDGE('',*,*,#2382,.F.);
#4097 = ORIENTED_EDGE('',*,*,#2189,.F.);
#4098 = PLANE('',#4099);
#4099 = AXIS2_PLACEMENT_3D('',#4100,#4101,#4102);
#4100 = CARTESIAN_POINT('',(6.05,-28.,24.9));
#4101 = DIRECTION('',(1.,0.,0.));
#4102 = DIRECTION('',(0.,0.,1.));
#4103 = ADVANCED_FACE('',(#4104),#4133,.T.);
#4104 = FACE_BOUND('',#4105,.T.);
#4105 = EDGE_LOOP('',(#4106,#4125,#4131,#4132));
#4106 = ORIENTED_EDGE('',*,*,#4107,.F.);
#4107 = EDGE_CURVE('',#4108,#3776,#4110,.T.);
#4108 = VERTEX_POINT('',#4109);
#4109 = CARTESIAN_POINT('',(-5.400000000191,-25.28838962155,21.3));
#4110 = B_SPLINE_CURVE_WITH_KNOTS('',7,(#4111,#4112,#4113,#4114,#4115,
    #4116,#4117,#4118,#4119,#4120,#4121,#4122,#4123,#4124),
  .UNSPECIFIED.,.F.,.F.,(8,6,8),(0.,0.451034752012,1.),.UNSPECIFIED.);
#4111 = CARTESIAN_POINT('',(-5.4,-28.5,8.366882012267));
#4112 = CARTESIAN_POINT('',(-5.4,-28.09647662468,9.529724004291));
#4113 = CARTESIAN_POINT('',(-5.4,-27.72337127176,10.703087053071));
#4114 = CARTESIAN_POINT('',(-5.4,-27.37661737346,11.88472517074));
#4115 = CARTESIAN_POINT('',(-5.4,-27.05334762473,13.07299713241));
#4116 = CARTESIAN_POINT('',(-5.4,-26.75122410627,14.266671838247));
#4117 = CARTESIAN_POINT('',(-5.4,-26.46833547619,15.464900236006));
#4118 = CARTESIAN_POINT('',(-5.4,-25.88017006055,18.130484903725));
#4119 = CARTESIAN_POINT('',(-5.4,-25.58341748051,19.599566903351));
#4120 = CARTESIAN_POINT('',(-5.4,-25.30989473019,21.073285108653));
#4121 = CARTESIAN_POINT('',(-5.4,-25.05742690143,22.55076865321));
#4122 = CARTESIAN_POINT('',(-5.4,-24.82422168444,24.031345880429));
#4123 = CARTESIAN_POINT('',(-5.4,-24.60878448835,25.514529347071));
#4124 = CARTESIAN_POINT('',(-5.4,-24.40983408382,27.));
#4125 = ORIENTED_EDGE('',*,*,#4126,.T.);
#4126 = EDGE_CURVE('',#4108,#2260,#4127,.T.);
#4127 = LINE('',#4128,#4129);
#4128 = CARTESIAN_POINT('',(-5.4,-27.65,21.3));
#4129 = VECTOR('',#4130,1.);
#4130 = DIRECTION('',(0.,1.,0.));
#4131 = ORIENTED_EDGE('',*,*,#2259,.T.);
#4132 = ORIENTED_EDGE('',*,*,#3785,.T.);
#4133 = PLANE('',#4134);
#4134 = AXIS2_PLACEMENT_3D('',#4135,#4136,#4137);
#4135 = CARTESIAN_POINT('',(-5.4,-28.5,3.3));
#4136 = DIRECTION('',(1.,0.,0.));
#4137 = DIRECTION('',(0.,0.,1.));
#4138 = ADVANCED_FACE('',(#4139),#4161,.F.);
#4139 = FACE_BOUND('',#4140,.F.);
#4140 = EDGE_LOOP('',(#4141,#4142,#4159,#4160));
#4141 = ORIENTED_EDGE('',*,*,#4107,.F.);
#4142 = ORIENTED_EDGE('',*,*,#4143,.F.);
#4143 = EDGE_CURVE('',#3802,#4108,#4144,.T.);
#4144 = B_SPLINE_CURVE_WITH_KNOTS('',4,(#4145,#4146,#4147,#4148,#4149,
    #4150,#4151,#4152,#4153,#4154,#4155,#4156,#4157,#4158),
  .UNSPECIFIED.,.F.,.F.,(5,3,3,3,5),(0.,0.250484624792,0.5,
    0.749515375207,1.),.UNSPECIFIED.);
#4145 = CARTESIAN_POINT('',(7.2,-24.83591451308,21.3));
#4146 = CARTESIAN_POINT('',(6.322315481299,-25.09035767446,21.3));
#4147 = CARTESIAN_POINT('',(5.432640350005,-25.30344549229,21.3));
#4148 = CARTESIAN_POINT('',(4.533903963879,-25.47432896047,21.3));
#4149 = CARTESIAN_POINT('',(2.72784908462,-25.73033444014,21.3));
#4150 = CARTESIAN_POINT('',(1.820574289908,-25.81578617023,21.3));
#4151 = CARTESIAN_POINT('',(0.910286399484,-25.85851213239,21.3));
#4152 = CARTESIAN_POINT('',(-0.91028639948,-25.85851213239,21.3));
#4153 = CARTESIAN_POINT('',(-1.820574289903,-25.81578617023,21.3));
#4154 = CARTESIAN_POINT('',(-2.727849084616,-25.73033444014,21.3));
#4155 = CARTESIAN_POINT('',(-4.533903963876,-25.47432896047,21.3));
#4156 = CARTESIAN_POINT('',(-5.432640350003,-25.30344549229,21.3));
#4157 = CARTESIAN_POINT('',(-6.322315481298,-25.09035767446,21.3));
#4158 = CARTESIAN_POINT('',(-7.2,-24.83591451308,21.3));
#4159 = ORIENTED_EDGE('',*,*,#3809,.T.);
#4160 = ORIENTED_EDGE('',*,*,#3775,.T.);
#4161 = SURFACE_OF_REVOLUTION('',#4162,#4167);
#4162 = B_SPLINE_CURVE_WITH_KNOTS('',3,(#4163,#4164,#4165,#4166),
  .UNSPECIFIED.,.F.,.F.,(4,4),(0.,1.),.PIECEWISE_BEZIER_KNOTS.);
#4163 = CARTESIAN_POINT('',(33.,0.,0.));
#4164 = CARTESIAN_POINT('',(29.5,0.,5.));
#4165 = CARTESIAN_POINT('',(26.7,0.,14.));
#4166 = CARTESIAN_POINT('',(25.,0.,27.));
#4167 = AXIS1_PLACEMENT('',#4168,#4169);
#4168 = CARTESIAN_POINT('',(0.,0.,0.));
#4169 = DIRECTION('',(0.,0.,1.));
#4170 = ADVANCED_FACE('',(#4171),#4200,.F.);
#4171 = FACE_BOUND('',#4172,.F.);
#4172 = EDGE_LOOP('',(#4173,#4192,#4198,#4199));
#4173 = ORIENTED_EDGE('',*,*,#4174,.F.);
#4174 = EDGE_CURVE('',#4175,#3885,#4177,.T.);
#4175 = VERTEX_POINT('',#4176);
#4176 = CARTESIAN_POINT('',(5.400000000192,-25.28838962155,21.3));
#4177 = B_SPLINE_CURVE_WITH_KNOTS('',7,(#4178,#4179,#4180,#4181,#4182,
    #4183,#4184,#4185,#4186,#4187,#4188,#4189,#4190,#4191),
  .UNSPECIFIED.,.F.,.F.,(8,6,8),(0.,0.451034752013,1.),.UNSPECIFIED.);
#4178 = CARTESIAN_POINT('',(5.4,-28.5,8.366882012267));
#4179 = CARTESIAN_POINT('',(5.4,-28.09647662468,9.529724004294));
#4180 = CARTESIAN_POINT('',(5.4,-27.72337127176,10.703087053061));
#4181 = CARTESIAN_POINT('',(5.4,-27.37661737345,11.884725170758));
#4182 = CARTESIAN_POINT('',(5.4,-27.05334762474,13.072997132393));
#4183 = CARTESIAN_POINT('',(5.4,-26.75122410626,14.266671838256));
#4184 = CARTESIAN_POINT('',(5.4,-26.46833547619,15.464900236004));
#4185 = CARTESIAN_POINT('',(5.4,-25.88017006055,18.130484903722));
#4186 = CARTESIAN_POINT('',(5.4,-25.58341748051,19.599566903357));
#4187 = CARTESIAN_POINT('',(5.4,-25.30989473019,21.073285108651));
#4188 = CARTESIAN_POINT('',(5.4,-25.05742690143,22.550768653203));
#4189 = CARTESIAN_POINT('',(5.4,-24.82422168444,24.031345880436));
#4190 = CARTESIAN_POINT('',(5.4,-24.60878448835,25.514529347068));
#4191 = CARTESIAN_POINT('',(5.4,-24.40983408382,27.));
#4192 = ORIENTED_EDGE('',*,*,#4193,.T.);
#4193 = EDGE_CURVE('',#4175,#2359,#4194,.T.);
#4194 = LINE('',#4195,#4196);
#4195 = CARTESIAN_POINT('',(5.4,-27.65,21.3));
#4196 = VECTOR('',#4197,1.);
#4197 = DIRECTION('',(0.,1.,0.));
#4198 = ORIENTED_EDGE('',*,*,#2366,.T.);
#4199 = ORIENTED_EDGE('',*,*,#3884,.T.);
#4200 = PLANE('',#4201);
#4201 = AXIS2_PLACEMENT_3D('',#4202,#4203,#4204);
#4202 = CARTESIAN_POINT('',(5.4,-28.5,3.3));
#4203 = DIRECTION('',(1.,0.,0.));
#4204 = DIRECTION('',(0.,0.,1.));
#4205 = ADVANCED_FACE('',(#4206),#4228,.F.);
#4206 = FACE_BOUND('',#4207,.F.);
#4207 = EDGE_LOOP('',(#4208,#4209,#4226,#4227));
#4208 = ORIENTED_EDGE('',*,*,#3836,.F.);
#4209 = ORIENTED_EDGE('',*,*,#4210,.F.);
#4210 = EDGE_CURVE('',#4175,#3829,#4211,.T.);
#4211 = B_SPLINE_CURVE_WITH_KNOTS('',4,(#4212,#4213,#4214,#4215,#4216,
    #4217,#4218,#4219,#4220,#4221,#4222,#4223,#4224,#4225),
  .UNSPECIFIED.,.F.,.F.,(5,3,3,3,5),(0.,0.250484624792,0.5,
    0.749515375207,1.),.UNSPECIFIED.);
#4212 = CARTESIAN_POINT('',(7.2,-24.83591451308,21.3));
#4213 = CARTESIAN_POINT('',(6.322315481299,-25.09035767446,21.3));
#4214 = CARTESIAN_POINT('',(5.432640350005,-25.30344549229,21.3));
#4215 = CARTESIAN_POINT('',(4.533903963879,-25.47432896047,21.3));
#4216 = CARTESIAN_POINT('',(2.72784908462,-25.73033444014,21.3));
#4217 = CARTESIAN_POINT('',(1.820574289908,-25.81578617023,21.3));
#4218 = CARTESIAN_POINT('',(0.910286399484,-25.85851213239,21.3));
#4219 = CARTESIAN_POINT('',(-0.91028639948,-25.85851213239,21.3));
#4220 = CARTESIAN_POINT('',(-1.820574289903,-25.81578617023,21.3));
#4221 = CARTESIAN_POINT('',(-2.727849084616,-25.73033444014,21.3));
#4222 = CARTESIAN_POINT('',(-4.533903963876,-25.47432896047,21.3));
#4223 = CARTESIAN_POINT('',(-5.432640350003,-25.30344549229,21.3));
#4224 = CARTESIAN_POINT('',(-6.322315481298,-25.09035767446,21.3));
#4225 = CARTESIAN_POINT('',(-7.2,-24.83591451308,21.3));
#4226 = ORIENTED_EDGE('',*,*,#4174,.T.);
#4227 = ORIENTED_EDGE('',*,*,#3892,.T.);
#4228 = SURFACE_OF_REVOLUTION('',#4229,#4234);
#4229 = B_SPLINE_CURVE_WITH_KNOTS('',3,(#4230,#4231,#4232,#4233),
  .UNSPECIFIED.,.F.,.F.,(4,4),(0.,1.),.PIECEWISE_BEZIER_KNOTS.);
#4230 = CARTESIAN_POINT('',(33.,0.,0.));
#4231 = CARTESIAN_POINT('',(29.5,0.,5.));
#4232 = CARTESIAN_POINT('',(26.7,0.,14.));
#4233 = CARTESIAN_POINT('',(25.,0.,27.));
#4234 = AXIS1_PLACEMENT('',#4235,#4236);
#4235 = CARTESIAN_POINT('',(0.,0.,0.));
#4236 = DIRECTION('',(0.,0.,1.));
#4237 = ADVANCED_FACE('',(#4238),#4256,.F.);
#4238 = FACE_BOUND('',#4239,.F.);
#4239 = EDGE_LOOP('',(#4240,#4249,#4254,#4255));
#4240 = ORIENTED_EDGE('',*,*,#4241,.T.);
#4241 = EDGE_CURVE('',#4242,#4242,#4244,.T.);
#4242 = VERTEX_POINT('',#4243);
#4243 = CARTESIAN_POINT('',(18.,-4.40872847693E-15,1.8));
#4244 = CIRCLE('',#4245,18.);
#4245 = AXIS2_PLACEMENT_3D('',#4246,#4247,#4248);
#4246 = CARTESIAN_POINT('',(0.,0.,1.8));
#4247 = DIRECTION('',(0.,0.,1.));
#4248 = DIRECTION('',(1.,0.,0.));
#4249 = ORIENTED_EDGE('',*,*,#4250,.T.);
#4250 = EDGE_CURVE('',#4242,#2438,#4251,.T.);
#4251 = B_SPLINE_CURVE_WITH_KNOTS('',1,(#4252,#4253),.UNSPECIFIED.,.F.,
  .F.,(2,2),(-1.5,1.2),.PIECEWISE_BEZIER_KNOTS.);
#4252 = CARTESIAN_POINT('',(18.,0.,1.8));
#4253 = CARTESIAN_POINT('',(18.,0.,4.5));
#4254 = ORIENTED_EDGE('',*,*,#2437,.F.);
#4255 = ORIENTED_EDGE('',*,*,#4250,.F.);
#4256 = CYLINDRICAL_SURFACE('',#4257,18.);
#4257 = AXIS2_PLACEMENT_3D('',#4258,#4259,#4260);
#4258 = CARTESIAN_POINT('',(0.,0.,3.3));
#4259 = DIRECTION('',(0.,0.,1.));
#4260 = DIRECTION('',(1.,0.,0.));
#4261 = ADVANCED_FACE('',(#4262),#4275,.F.);
#4262 = FACE_BOUND('',#4263,.F.);
#4263 = EDGE_LOOP('',(#4264,#4270,#4271,#4272,#4273,#4274));
#4264 = ORIENTED_EDGE('',*,*,#4265,.T.);
#4265 = EDGE_CURVE('',#2682,#2481,#4266,.T.);
#4266 = LINE('',#4267,#4268);
#4267 = CARTESIAN_POINT('',(13.724741946254,19.820844855619,7.5));
#4268 = VECTOR('',#4269,1.);
#4269 = DIRECTION('',(0.,0.,1.));
#4270 = ORIENTED_EDGE('',*,*,#2480,.F.);
#4271 = ORIENTED_EDGE('',*,*,#4265,.F.);
#4272 = ORIENTED_EDGE('',*,*,#2690,.T.);
#4273 = ORIENTED_EDGE('',*,*,#2699,.T.);
#4274 = ORIENTED_EDGE('',*,*,#2679,.T.);
#4275 = CYLINDRICAL_SURFACE('',#4276,1.1);
#4276 = AXIS2_PLACEMENT_3D('',#4277,#4278,#4279);
#4277 = CARTESIAN_POINT('',(12.624741946254,19.820844855619,7.5));
#4278 = DIRECTION('',(0.,0.,1.));
#4279 = DIRECTION('',(1.,0.,0.));
#4280 = ADVANCED_FACE('',(#4281),#4292,.T.);
#4281 = FACE_BOUND('',#4282,.T.);
#4282 = EDGE_LOOP('',(#4283,#4284,#4285,#4286));
#4283 = ORIENTED_EDGE('',*,*,#2621,.F.);
#4284 = ORIENTED_EDGE('',*,*,#2715,.F.);
#4285 = ORIENTED_EDGE('',*,*,#2497,.T.);
#4286 = ORIENTED_EDGE('',*,*,#4287,.F.);
#4287 = EDGE_CURVE('',#2624,#2500,#4288,.T.);
#4288 = LINE('',#4289,#4290);
#4289 = CARTESIAN_POINT('',(14.147409600682,18.25818259613,9.15));
#4290 = VECTOR('',#4291,1.);
#4291 = DIRECTION('',(0.,0.,-1.));
#4292 = PLANE('',#4293);
#4293 = AXIS2_PLACEMENT_3D('',#4294,#4295,#4296);
#4294 = CARTESIAN_POINT('',(14.338214901044,18.136650557682,9.15));
#4295 = DIRECTION('',(0.537223061543,0.843440206622,0.));
#4296 = DIRECTION('',(0.,0.,1.));
#4297 = ADVANCED_FACE('',(#4298),#4309,.T.);
#4298 = FACE_BOUND('',#4299,.T.);
#4299 = EDGE_LOOP('',(#4300,#4301,#4307,#4308));
#4300 = ORIENTED_EDGE('',*,*,#2663,.F.);
#4301 = ORIENTED_EDGE('',*,*,#4302,.F.);
#4302 = EDGE_CURVE('',#2523,#2656,#4303,.T.);
#4303 = LINE('',#4304,#4305);
#4304 = CARTESIAN_POINT('',(10.601599930354,20.516660093153,9.15));
#4305 = VECTOR('',#4306,1.);
#4306 = DIRECTION('',(0.,0.,1.));
#4307 = ORIENTED_EDGE('',*,*,#2522,.T.);
#4308 = ORIENTED_EDGE('',*,*,#2598,.T.);
#4309 = PLANE('',#4310);
#4310 = AXIS2_PLACEMENT_3D('',#4311,#4312,#4313);
#4311 = CARTESIAN_POINT('',(14.338214901044,18.136650557682,9.15));
#4312 = DIRECTION('',(0.537223061543,0.843440206622,0.));
#4313 = DIRECTION('',(0.,0.,1.));
#4314 = ADVANCED_FACE('',(#4315),#4326,.T.);
#4315 = FACE_BOUND('',#4316,.T.);
#4316 = EDGE_LOOP('',(#4317,#4318,#4319,#4320));
#4317 = ORIENTED_EDGE('',*,*,#2530,.F.);
#4318 = ORIENTED_EDGE('',*,*,#4302,.T.);
#4319 = ORIENTED_EDGE('',*,*,#2655,.T.);
#4320 = ORIENTED_EDGE('',*,*,#4321,.F.);
#4321 = EDGE_CURVE('',#2531,#2648,#4322,.T.);
#4322 = LINE('',#4323,#4324);
#4323 = CARTESIAN_POINT('',(10.199870815657,19.820844855619,9.15));
#4324 = VECTOR('',#4325,1.);
#4325 = DIRECTION('',(0.,0.,1.));
#4326 = PLANE('',#4327);
#4327 = AXIS2_PLACEMENT_3D('',#4328,#4329,#4330);
#4328 = CARTESIAN_POINT('',(11.412306380956,21.920844855619,9.15));
#4329 = DIRECTION('',(0.866025403784,-0.5,0.));
#4330 = DIRECTION('',(-0.5,-0.866025403784,0.));
#4331 = ADVANCED_FACE('',(#4332),#4343,.T.);
#4332 = FACE_BOUND('',#4333,.T.);
#4333 = EDGE_LOOP('',(#4334,#4335,#4336,#4342));
#4334 = ORIENTED_EDGE('',*,*,#4321,.T.);
#4335 = ORIENTED_EDGE('',*,*,#2647,.T.);
#4336 = ORIENTED_EDGE('',*,*,#4337,.F.);
#4337 = EDGE_CURVE('',#2539,#2640,#4338,.T.);
#4338 = LINE('',#4339,#4340);
#4339 = CARTESIAN_POINT('',(11.412306380956,17.720844855619,9.15));
#4340 = VECTOR('',#4341,1.);
#4341 = DIRECTION('',(0.,0.,1.));
#4342 = ORIENTED_EDGE('',*,*,#2538,.F.);
#4343 = PLANE('',#4344);
#4344 = AXIS2_PLACEMENT_3D('',#4345,#4346,#4347);
#4345 = CARTESIAN_POINT('',(10.199870815657,19.820844855619,9.15));
#4346 = DIRECTION('',(0.866025403784,0.5,0.));
#4347 = DIRECTION('',(0.5,-0.866025403784,0.));
#4348 = ADVANCED_FACE('',(#4349),#4360,.T.);
#4349 = FACE_BOUND('',#4350,.T.);
#4350 = EDGE_LOOP('',(#4351,#4352,#4353,#4359));
#4351 = ORIENTED_EDGE('',*,*,#4337,.T.);
#4352 = ORIENTED_EDGE('',*,*,#2639,.T.);
#4353 = ORIENTED_EDGE('',*,*,#4354,.F.);
#4354 = EDGE_CURVE('',#2547,#2632,#4355,.T.);
#4355 = LINE('',#4356,#4357);
#4356 = CARTESIAN_POINT('',(13.837177511552,17.720844855619,9.15));
#4357 = VECTOR('',#4358,1.);
#4358 = DIRECTION('',(0.,0.,1.));
#4359 = ORIENTED_EDGE('',*,*,#2546,.F.);
#4360 = PLANE('',#4361);
#4361 = AXIS2_PLACEMENT_3D('',#4362,#4363,#4364);
#4362 = CARTESIAN_POINT('',(11.412306380956,17.720844855619,9.15));
#4363 = DIRECTION('',(0.,1.,0.));
#4364 = DIRECTION('',(1.,0.,0.));
#4365 = ADVANCED_FACE('',(#4366),#4372,.T.);
#4366 = FACE_BOUND('',#4367,.T.);
#4367 = EDGE_LOOP('',(#4368,#4369,#4370,#4371));
#4368 = ORIENTED_EDGE('',*,*,#2554,.F.);
#4369 = ORIENTED_EDGE('',*,*,#4354,.T.);
#4370 = ORIENTED_EDGE('',*,*,#2631,.T.);
#4371 = ORIENTED_EDGE('',*,*,#4287,.T.);
#4372 = PLANE('',#4373);
#4373 = AXIS2_PLACEMENT_3D('',#4374,#4375,#4376);
#4374 = CARTESIAN_POINT('',(13.837177511552,17.720844855619,9.15));
#4375 = DIRECTION('',(-0.866025403784,0.5,0.));
#4376 = DIRECTION('',(0.5,0.866025403784,0.));
#4377 = ADVANCED_FACE('',(#4378),#4399,.F.);
#4378 = FACE_BOUND('',#4379,.F.);
#4379 = EDGE_LOOP('',(#4380,#4388,#4389,#4390,#4391,#4392));
#4380 = ORIENTED_EDGE('',*,*,#4381,.T.);
#4381 = EDGE_CURVE('',#4382,#2565,#4384,.T.);
#4382 = VERTEX_POINT('',#4383);
#4383 = CARTESIAN_POINT('',(13.724741946254,19.820844855619,7.5));
#4384 = LINE('',#4385,#4386);
#4385 = CARTESIAN_POINT('',(13.724741946254,19.820844855619,7.5));
#4386 = VECTOR('',#4387,1.);
#4387 = DIRECTION('',(0.,0.,1.));
#4388 = ORIENTED_EDGE('',*,*,#2562,.F.);
#4389 = ORIENTED_EDGE('',*,*,#2573,.F.);
#4390 = ORIENTED_EDGE('',*,*,#2582,.F.);
#4391 = ORIENTED_EDGE('',*,*,#4381,.F.);
#4392 = ORIENTED_EDGE('',*,*,#4393,.T.);
#4393 = EDGE_CURVE('',#4382,#4382,#4394,.T.);
#4394 = CIRCLE('',#4395,1.1);
#4395 = AXIS2_PLACEMENT_3D('',#4396,#4397,#4398);
#4396 = CARTESIAN_POINT('',(12.624741946254,19.820844855619,7.5));
#4397 = DIRECTION('',(0.,0.,1.));
#4398 = DIRECTION('',(1.,0.,0.));
#4399 = CYLINDRICAL_SURFACE('',#4400,1.1);
#4400 = AXIS2_PLACEMENT_3D('',#4401,#4402,#4403);
#4401 = CARTESIAN_POINT('',(12.624741946254,19.820844855619,7.5));
#4402 = DIRECTION('',(0.,0.,1.));
#4403 = DIRECTION('',(1.,0.,0.));
#4404 = ADVANCED_FACE('',(#4405,#4408,#4414,#4419,#4423,#4429,#4435,
    #4441,#4447,#4453),#4459,.T.);
#4405 = FACE_BOUND('',#4406,.T.);
#4406 = EDGE_LOOP('',(#4407));
#4407 = ORIENTED_EDGE('',*,*,#4241,.T.);
#4408 = FACE_BOUND('',#4409,.T.);
#4409 = EDGE_LOOP('',(#4410,#4411,#4412,#4413));
#4410 = ORIENTED_EDGE('',*,*,#3421,.F.);
#4411 = ORIENTED_EDGE('',*,*,#3444,.T.);
#4412 = ORIENTED_EDGE('',*,*,#3492,.F.);
#4413 = ORIENTED_EDGE('',*,*,#3468,.F.);
#4414 = FACE_BOUND('',#4415,.T.);
#4415 = EDGE_LOOP('',(#4416,#4417,#4418));
#4416 = ORIENTED_EDGE('',*,*,#2765,.F.);
#4417 = ORIENTED_EDGE('',*,*,#2790,.T.);
#4418 = ORIENTED_EDGE('',*,*,#2756,.F.);
#4419 = FACE_BOUND('',#4420,.T.);
#4420 = EDGE_LOOP('',(#4421,#4422));
#4421 = ORIENTED_EDGE('',*,*,#3510,.F.);
#4422 = ORIENTED_EDGE('',*,*,#3541,.F.);
#4423 = FACE_BOUND('',#4424,.T.);
#4424 = EDGE_LOOP('',(#4425,#4426,#4427,#4428));
#4425 = ORIENTED_EDGE('',*,*,#3323,.F.);
#4426 = ORIENTED_EDGE('',*,*,#3346,.T.);
#4427 = ORIENTED_EDGE('',*,*,#3394,.F.);
#4428 = ORIENTED_EDGE('',*,*,#3370,.F.);
#4429 = FACE_BOUND('',#4430,.T.);
#4430 = EDGE_LOOP('',(#4431,#4432,#4433,#4434));
#4431 = ORIENTED_EDGE('',*,*,#3225,.F.);
#4432 = ORIENTED_EDGE('',*,*,#3248,.T.);
#4433 = ORIENTED_EDGE('',*,*,#3296,.F.);
#4434 = ORIENTED_EDGE('',*,*,#3272,.F.);
#4435 = FACE_BOUND('',#4436,.T.);
#4436 = EDGE_LOOP('',(#4437,#4438,#4439,#4440));
#4437 = ORIENTED_EDGE('',*,*,#3127,.F.);
#4438 = ORIENTED_EDGE('',*,*,#3150,.T.);
#4439 = ORIENTED_EDGE('',*,*,#3198,.F.);
#4440 = ORIENTED_EDGE('',*,*,#3174,.F.);
#4441 = FACE_BOUND('',#4442,.T.);
#4442 = EDGE_LOOP('',(#4443,#4444,#4445,#4446));
#4443 = ORIENTED_EDGE('',*,*,#3012,.F.);
#4444 = ORIENTED_EDGE('',*,*,#3035,.T.);
#4445 = ORIENTED_EDGE('',*,*,#3083,.F.);
#4446 = ORIENTED_EDGE('',*,*,#3059,.F.);
#4447 = FACE_BOUND('',#4448,.T.);
#4448 = EDGE_LOOP('',(#4449,#4450,#4451,#4452));
#4449 = ORIENTED_EDGE('',*,*,#2914,.F.);
#4450 = ORIENTED_EDGE('',*,*,#2937,.T.);
#4451 = ORIENTED_EDGE('',*,*,#2985,.F.);
#4452 = ORIENTED_EDGE('',*,*,#2961,.F.);
#4453 = FACE_BOUND('',#4454,.T.);
#4454 = EDGE_LOOP('',(#4455,#4456,#4457,#4458));
#4455 = ORIENTED_EDGE('',*,*,#2816,.F.);
#4456 = ORIENTED_EDGE('',*,*,#2839,.T.);
#4457 = ORIENTED_EDGE('',*,*,#2887,.F.);
#4458 = ORIENTED_EDGE('',*,*,#2863,.F.);
#4459 = PLANE('',#4460);
#4460 = AXIS2_PLACEMENT_3D('',#4461,#4462,#4463);
#4461 = CARTESIAN_POINT('',(0.,0.,1.8));
#4462 = DIRECTION('',(0.,0.,1.));
#4463 = DIRECTION('',(1.,0.,0.));
#4464 = ADVANCED_FACE('',(#4465),#4468,.T.);
#4465 = FACE_BOUND('',#4466,.F.);
#4466 = EDGE_LOOP('',(#4467));
#4467 = ORIENTED_EDGE('',*,*,#3704,.F.);
#4468 = PLANE('',#4469);
#4469 = AXIS2_PLACEMENT_3D('',#4470,#4471,#4472);
#4470 = CARTESIAN_POINT('',(-12.62474194625,-19.82084485561,7.5));
#4471 = DIRECTION('',(0.,0.,1.));
#4472 = DIRECTION('',(1.,0.,0.));
#4473 = ADVANCED_FACE('',(#4474),#4477,.T.);
#4474 = FACE_BOUND('',#4475,.F.);
#4475 = EDGE_LOOP('',(#4476));
#4476 = ORIENTED_EDGE('',*,*,#4393,.F.);
#4477 = PLANE('',#4478);
#4478 = AXIS2_PLACEMENT_3D('',#4479,#4480,#4481);
#4479 = CARTESIAN_POINT('',(12.624741946254,19.820844855619,7.5));
#4480 = DIRECTION('',(0.,0.,1.));
#4481 = DIRECTION('',(1.,0.,0.));
#4482 = ADVANCED_FACE('',(#4483),#4497,.T.);
#4483 = FACE_BOUND('',#4484,.T.);
#4484 = EDGE_LOOP('',(#4485,#4486,#4487,#4488,#4489,#4490,#4491,#4492,
    #4493,#4494,#4495,#4496));
#4485 = ORIENTED_EDGE('',*,*,#689,.F.);
#4486 = ORIENTED_EDGE('',*,*,#2269,.F.);
#4487 = ORIENTED_EDGE('',*,*,#4126,.F.);
#4488 = ORIENTED_EDGE('',*,*,#4143,.F.);
#4489 = ORIENTED_EDGE('',*,*,#3801,.F.);
#4490 = ORIENTED_EDGE('',*,*,#1978,.F.);
#4491 = ORIENTED_EDGE('',*,*,#3828,.T.);
#4492 = ORIENTED_EDGE('',*,*,#4210,.F.);
#4493 = ORIENTED_EDGE('',*,*,#4193,.T.);
#4494 = ORIENTED_EDGE('',*,*,#2358,.F.);
#4495 = ORIENTED_EDGE('',*,*,#916,.T.);
#4496 = ORIENTED_EDGE('',*,*,#2306,.F.);
#4497 = PLANE('',#4498);
#4498 = AXIS2_PLACEMENT_3D('',#4499,#4500,#4501);
#4499 = CARTESIAN_POINT('',(1.224338137018E-13,-24.29347827471,21.3));
#4500 = DIRECTION('',(0.,0.,1.));
#4501 = DIRECTION('',(1.,0.,0.));
#4502 = ( GEOMETRIC_REPRESENTATION_CONTEXT(3) 
GLOBAL_UNCERTAINTY_ASSIGNED_CONTEXT((#4506)) 
GLOBAL_UNIT_ASSIGNED_CONTEXT((#4503,#4504,#4505)) REPRESENTATION_CONTEXT
('Context #1','3D Context with UNIT and UNCERTAINTY') );
#4503 = ( LENGTH_UNIT() NAMED_UNIT(*) SI_UNIT(.MILLI.,.METRE.) );
#4504 = ( NAMED_UNIT(*) PLANE_ANGLE_UNIT() SI_UNIT($,.RADIAN.) );
#4505 = ( NAMED_UNIT(*) SI_UNIT($,.STERADIAN.) SOLID_ANGLE_UNIT() );
#4506 = UNCERTAINTY_MEASURE_WITH_UNIT(LENGTH_MEASURE(1.E-06),#4503,
  'distance_accuracy_value','confusion accuracy');
#4507 = PRODUCT_RELATED_PRODUCT_CATEGORY('part',$,(#7));
ENDSEC;
END-ISO-10303-21;
